cell,ix,iy,xc,yc,isFluidCell,nFluid,mass,distanceToCylinder
1,1,1,0.0104166666666667,0.0104166666666667,1,24,24,0.685455573297221
2,2,1,0.03125,0.0104166666666667,1,23,23,0.669014196816368
3,3,1,0.0520833333333333,0.0104166666666667,1,18,18,0.652784692236819
4,4,1,0.0729166666666667,0.0104166666666667,1,21,21,0.636780690747913
5,5,1,0.09375,0.0104166666666667,1,24,24,0.621016803303257
6,6,1,0.114583333333333,0.0104166666666667,1,29,29,0.605508681700104
7,7,1,0.135416666666667,0.0104166666666667,1,14,14,0.590273079330916
8,8,1,0.15625,0.0104166666666667,1,14,14,0.5753279102537
9,9,1,0.177083333333333,0.0104166666666667,1,15,15,0.560692304855056
10,10,1,0.197916666666667,0.0104166666666667,1,23,23,0.546386659947178
11,11,1,0.21875,0.0104166666666667,1,17,17,0.532432680648186
12,12,1,0.239583333333333,0.0104166666666667,1,19,19,0.518853410850686
13,13,1,0.260416666666667,0.0104166666666667,1,20,20,0.505673248500277
14,14,1,0.28125,0.0104166666666667,1,22,22,0.492917941308441
15,15,1,0.302083333333333,0.0104166666666667,1,19,19,0.480614557950623
16,16,1,0.322916666666667,0.0104166666666667,1,22,22,0.468791429304318
17,17,1,0.34375,0.0104166666666667,1,13,13,0.457478053936059
18,18,1,0.364583333333333,0.0104166666666667,1,21,21,0.446704961941299
19,19,1,0.385416666666667,0.0104166666666667,1,12,12,0.436503531485251
20,20,1,0.40625,0.0104166666666667,1,9,9,0.426905753103565
21,21,1,0.427083333333333,0.0104166666666667,1,16,16,0.417943938115819
22,22,1,0.447916666666667,0.0104166666666667,1,20,20,0.409650369478667
23,23,1,0.46875,0.0104166666666667,1,20,20,0.402056896111696
24,24,1,0.489583333333333,0.0104166666666667,1,24,24,0.395194475147223
25,25,1,0.510416666666667,0.0104166666666667,1,13,13,0.389092670564233
26,26,1,0.53125,0.0104166666666667,1,20,20,0.383779121022078
27,27,1,0.552083333333333,0.0104166666666667,1,16,16,0.379278994039293
28,28,1,0.572916666666667,0.0104166666666667,1,24,24,0.375614447484691
29,29,1,0.59375,0.0104166666666667,1,27,27,0.372804122119304
30,30,1,0.614583333333333,0.0104166666666667,1,19,19,0.370862690123782
31,31,1,0.635416666666667,0.0104166666666667,1,14,14,0.369800483757304
32,32,1,0.65625,0.0104166666666667,1,17,17,0.369623225325125
33,33,1,0.677083333333333,0.0104166666666667,1,15,15,0.370331874572949
34,34,1,0.697916666666667,0.0104166666666667,1,23,23,0.371922602877955
35,35,1,0.71875,0.0104166666666667,1,12,12,0.374386895839461
36,36,1,0.739583333333333,0.0104166666666667,1,12,12,0.377711777928641
37,37,1,0.760416666666667,0.0104166666666667,1,23,23,0.381880145608048
38,38,1,0.78125,0.0104166666666667,1,36,36,0.38687118953219
39,39,1,0.802083333333333,0.0104166666666667,1,25,25,0.392660882607163
40,40,1,0.822916666666667,0.0104166666666667,1,25,25,0.399222509035278
41,41,1,0.84375,0.0104166666666667,1,27,27,0.406527209912059
42,42,1,0.864583333333333,0.0104166666666667,1,13,13,0.414544523143042
43,43,1,0.885416666666667,0.0104166666666667,1,19,19,0.423242898915598
44,44,1,0.90625,0.0104166666666667,1,23,23,0.432590176150262
45,45,1,0.927083333333333,0.0104166666666667,1,26,26,0.442554009752743
46,46,1,0.947916666666667,0.0104166666666667,1,18,18,0.453102242671895
47,47,1,0.96875,0.0104166666666667,1,8,8,0.464203220444545
48,48,1,0.989583333333333,0.0104166666666667,1,18,18,0.475826048906521
49,49,1,1.01041666666667,0.0104166666666667,1,19,19,0.487940798013169
50,50,1,1.03125,0.0104166666666667,1,24,24,0.500518656268913
51,51,1,1.05208333333333,0.0104166666666667,1,15,15,0.513532041196199
52,52,1,1.07291666666667,0.0104166666666667,1,18,18,0.526954671690546
53,53,1,1.09375,0.0104166666666667,1,17,17,0.54076160812942
54,54,1,1.11458333333333,0.0104166666666667,1,16,16,0.554929265841161
55,55,1,1.13541666666667,0.0104166666666667,1,22,22,0.569435407094497
56,56,1,1.15625,0.0104166666666667,1,22,22,0.58425911621915
57,57,1,1.17708333333333,0.0104166666666667,1,13,13,0.599380761874792
58,58,1,1.19791666666667,0.0104166666666667,1,14,14,0.614781949893224
59,59,1,1.21875,0.0104166666666667,1,34,34,0.630445469556435
60,60,1,1.23958333333333,0.0104166666666667,1,18,18,0.64635523565917
61,61,1,1.26041666666667,0.0104166666666667,1,5,5,0.662496228247921
62,62,1,1.28125,0.0104166666666667,1,27,27,0.678854431531664
63,63,1,1.30208333333333,0.0104166666666667,1,8,8,0.695416773122119
64,64,1,1.32291666666667,0.0104166666666667,1,11,11,0.712171064478666
65,65,1,1.34375,0.0104166666666667,1,23,23,0.729105943200127
66,66,1,1.36458333333333,0.0104166666666667,1,22,22,0.746210817616333
67,67,1,1.38541666666667,0.0104166666666667,1,17,17,0.763475813980716
68,68,1,1.40625,0.0104166666666667,1,27,27,0.780891726445402
69,69,1,1.42708333333333,0.0104166666666667,1,21,21,0.798449969907029
70,70,1,1.44791666666667,0.0104166666666667,1,27,27,0.81614253574027
71,71,1,1.46875,0.0104166666666667,1,21,21,0.833961950382602
72,72,1,1.48958333333333,0.0104166666666667,1,16,16,0.851901236694804
73,73,1,1.51041666666667,0.0104166666666667,1,21,21,0.869953877994099
74,74,1,1.53125,0.0104166666666667,1,19,19,0.88811378463831
75,75,1,1.55208333333333,0.0104166666666667,1,8,8,0.906375263027883
76,76,1,1.57291666666667,0.0104166666666667,1,18,18,0.924732986886548
77,77,1,1.59375,0.0104166666666667,1,19,19,0.943181970679421
78,78,1,1.61458333333333,0.0104166666666667,1,16,16,0.961717545028378
79,79,1,1.63541666666667,0.0104166666666667,1,7,7,0.980335333987881
80,80,1,1.65625,0.0104166666666667,1,20,20,0.999031234049246
81,81,1,1.67708333333333,0.0104166666666667,1,21,21,1.01780139474729
82,82,1,1.69791666666667,0.0104166666666667,1,21,21,1.03664220074989
83,83,1,1.71875,0.0104166666666667,1,5,5,1.05555025531781
84,84,1,1.73958333333333,0.0104166666666667,1,8,8,1.07452236502945
85,85,1,1.76041666666667,0.0104166666666667,1,19,19,1.09355552567194
86,86,1,1.78125,0.0104166666666667,1,27,27,1.11264690920708
87,87,1,1.80208333333333,0.0104166666666667,1,19,19,1.13179385172728
88,88,1,1.82291666666667,0.0104166666666667,1,18,18,1.1509938423227
89,89,1,1.84375,0.0104166666666667,1,24,24,1.17024451278732
90,90,1,1.86458333333333,0.0104166666666667,1,21,21,1.18954362809678
91,91,1,1.88541666666667,0.0104166666666667,1,16,16,1.2088890775966
92,92,1,1.90625,0.0104166666666667,1,22,22,1.22827886684387
93,93,1,1.92708333333333,0.0104166666666667,1,28,28,1.24771111005049
94,94,1,1.94791666666667,0.0104166666666667,1,8,8,1.26718402308017
95,95,1,1.96875,0.0104166666666667,1,18,18,1.28669591695497
96,96,1,1.98958333333333,0.0104166666666667,1,19,19,1.30624519183141
97,1,2,0.0104166666666667,0.03125,1,15,15,0.672964944230057
98,2,2,0.03125,0.03125,1,28,28,0.656259057918167
99,3,2,0.0520833333333333,0.03125,1,19,19,0.639757134074947
100,4,2,0.0729166666666667,0.03125,1,16,16,0.623472754114844
101,5,2,0.09375,0.03125,1,15,15,0.607420528305326
102,6,2,0.114583333333333,0.03125,1,23,23,0.591616167216881
103,7,2,0.135416666666667,0.03125,1,22,22,0.576076554298767
104,8,2,0.15625,0.03125,1,15,15,0.560819818307311
105,9,2,0.177083333333333,0.03125,1,19,19,0.545865403900151
106,10,2,0.197916666666667,0.03125,1,19,19,0.531234138215878
107,11,2,0.21875,0.03125,1,14,14,0.516948290679864
108,12,2,0.239583333333333,0.03125,1,20,20,0.503031622614597
109,13,2,0.260416666666667,0.03125,1,24,24,0.489509422495757
110,14,2,0.28125,0.03125,1,17,17,0.47640852190424
111,15,2,0.302083333333333,0.03125,1,20,20,0.463757286416576
112,16,2,0.322916666666667,0.03125,1,28,28,0.451585574909343
113,17,2,0.34375,0.03125,1,33,33,0.439924660110626
114,18,2,0.364583333333333,0.03125,1,22,22,0.428807102824946
115,19,2,0.385416666666667,0.03125,1,14,14,0.418266572227719
116,20,2,0.40625,0.03125,1,16,16,0.408337605135201
117,21,2,0.427083333333333,0.03125,1,15,15,0.399055298381375
118,22,2,0.447916666666667,0.03125,1,12,12,0.390454930538545
119,23,2,0.46875,0.03125,1,27,27,0.382571512324366
120,24,2,0.489583333333333,0.03125,1,21,21,0.375439269178821
121,25,2,0.510416666666667,0.03125,1,8,8,0.369091064572278
122,26,2,0.53125,0.03125,1,17,17,0.363557778347117
123,27,2,0.552083333333333,0.03125,1,16,16,0.358867660331235
124,28,2,0.572916666666667,0.03125,1,16,16,0.355045684937541
125,29,2,0.59375,0.03125,1,13,13,0.352112936700531
126,30,2,0.614583333333333,0.03125,1,14,14,0.350086058906003
127,31,2,0.635416666666667,0.03125,1,13,13,0.348976796985854
128,32,2,0.65625,0.03125,1,13,13,0.348791664814979
129,33,2,0.677083333333333,0.03125,1,24,24,0.34953175552293
130,34,2,0.697916666666667,0.03125,1,18,18,0.351192709455955
131,35,2,0.71875,0.03125,1,21,21,0.353764841456181
132,36,2,0.739583333333333,0.03125,1,17,17,0.357233418895944
133,37,2,0.760416666666667,0.03125,1,26,26,0.361579072196641
134,38,2,0.78125,0.03125,1,23,23,0.366778311965519
135,39,2,0.802083333333333,0.03125,1,20,20,0.372804122119304
136,40,2,0.822916666666667,0.03125,1,24,24,0.379626596681073
137,41,2,0.84375,0.03125,1,8,8,0.387213589131837
138,42,2,0.864583333333333,0.03125,1,18,18,0.395531346713703
139,43,2,0.885416666666667,0.03125,1,29,29,0.404545107158998
140,44,2,0.90625,0.03125,1,20,20,0.414219641158952
141,45,2,0.927083333333333,0.03125,1,14,14,0.424519729772128
142,46,2,0.947916666666667,0.03125,1,24,24,0.435410571359402
143,47,2,0.96875,0.03125,1,18,18,0.446858117168662
144,48,2,0.989583333333333,0.03125,1,27,27,0.45882933821445
145,49,2,1.01041666666667,0.03125,1,16,16,0.471292428592749
146,50,2,1.03125,0.03125,1,24,24,0.484216951930348
147,51,2,1.05208333333333,0.03125,1,29,29,0.497573938443361
148,52,2,1.07291666666667,0.03125,1,20,20,0.51133594024453
149,53,2,1.09375,0.03125,1,18,18,0.525477052264447
150,54,2,1.11458333333333,0.03125,1,23,23,0.539972905588639
151,55,2,1.13541666666667,0.03125,1,32,32,0.554800639283765
152,56,2,1.15625,0.03125,1,23,23,0.569938855986529
153,57,2,1.17708333333333,0.03125,1,16,16,0.585367565725684
154,58,2,1.19791666666667,0.03125,1,19,19,0.601068121685539
155,59,2,1.21875,0.03125,1,12,12,0.617023150925397
156,60,2,1.23958333333333,0.03125,1,15,15,0.6332164824567
157,61,2,1.26041666666667,0.03125,1,12,12,0.649633074552052
158,62,2,1.28125,0.03125,1,17,17,0.666258942715439
159,63,2,1.30208333333333,0.03125,1,10,10,0.68308108937461
160,64,2,1.32291666666667,0.03125,1,22,22,0.700087436056533
161,65,2,1.34375,0.03125,1,27,27,0.717266758566229
162,66,2,1.36458333333333,0.03125,1,19,19,0.734608625499285
163,67,2,1.38541666666667,0.03125,1,28,28,0.752103340270585
164,68,2,1.40625,0.03125,1,24,24,0.769741886728955
165,69,2,1.42708333333333,0.03125,1,23,23,0.787515878342877
166,70,2,1.44791666666667,0.03125,1,19,19,0.805417510880599
167,71,2,1.46875,0.03125,1,23,23,0.82343951846422
168,72,2,1.48958333333333,0.03125,1,17,17,0.84157513284772
169,73,2,1.51041666666667,0.03125,1,13,13,0.859818045750219
170,74,2,1.53125,0.03125,1,24,24,0.878162374065462
171,75,2,1.55208333333333,0.03125,1,35,35,0.896602627764545
172,76,2,1.57291666666667,0.03125,1,11,11,0.91513368030951
173,77,2,1.59375,0.03125,1,19,19,0.933750741399502
174,78,2,1.61458333333333,0.03125,1,19,19,0.952449331877476
175,79,2,1.63541666666667,0.03125,1,27,27,0.971225260633406
176,80,2,1.65625,0.03125,1,14,14,0.990074603348802
177,81,2,1.67708333333333,0.03125,1,15,15,1.00899368293676
178,82,2,1.69791666666667,0.03125,1,29,29,1.02797905154135
179,83,2,1.71875,0.03125,1,18,18,1.04702747396966
180,84,2,1.73958333333333,0.03125,1,15,15,1.06613591243912
181,85,2,1.76041666666667,0.03125,1,26,26,1.08530151253166
182,86,2,1.78125,0.03125,1,19,19,1.10452159025474
183,87,2,1.80208333333333,0.03125,1,23,23,1.12379362011728
184,88,2,1.82291666666667,0.03125,1,22,22,1.14311522413612
185,89,2,1.84375,0.03125,1,25,25,1.16248416169557
186,90,2,1.86458333333333,0.03125,1,25,25,1.18189832018907
187,91,2,1.88541666666667,0.03125,1,10,10,1.20135570637803
188,92,2,1.90625,0.03125,1,23,23,1.22085443840858
189,93,2,1.92708333333333,0.03125,1,19,19,1.24039273843173
190,94,2,1.94791666666667,0.03125,1,20,20,1.25996892577736
191,95,2,1.96875,0.03125,1,19,19,1.27958141063677
192,96,2,1.98958333333333,0.03125,1,24,24,1.29922868821217
193,1,3,0.0104166666666667,0.0520833333333333,1,24,24,0.660830442897532
194,2,3,0.03125,0.0520833333333333,1,15,15,0.643859216595426
195,3,3,0.0520833333333333,0.0520833333333333,1,12,12,0.627083449525925
196,4,3,0.0729166666666667,0.0520833333333333,1,17,17,0.610516607538041
197,5,3,0.09375,0.0520833333333333,1,10,10,0.594173230230438
198,6,3,0.114583333333333,0.0520833333333333,1,17,17,0.578069013223064
199,7,3,0.135416666666667,0.0520833333333333,1,18,18,0.562220893275941
200,8,3,0.15625,0.0520833333333333,1,31,31,0.546647135130556
201,9,3,0.177083333333333,0.0520833333333333,1,15,15,0.531367418504249
202,10,3,0.197916666666667,0.0520833333333333,1,14,14,0.516402923119902
203,11,3,0.21875,0.0520833333333333,1,30,30,0.501776408991028
204,12,3,0.239583333333333,0.0520833333333333,1,22,22,0.487512288398807
205,13,3,0.260416666666667,0.0520833333333333,1,16,16,0.473636685093575
206,14,3,0.28125,0.0520833333333333,1,9,9,0.460177475241652
207,15,3,0.302083333333333,0.0520833333333333,1,14,14,0.447164303550763
208,16,3,0.322916666666667,0.0520833333333333,1,24,24,0.434628566900608
209,17,3,0.34375,0.0520833333333333,1,20,20,0.422603356769729
210,18,3,0.364583333333333,0.0520833333333333,1,15,15,0.41112335091661
211,19,3,0.385416666666667,0.0520833333333333,1,22,22,0.400224644317775
212,20,3,0.40625,0.0520833333333333,1,4,4,0.389944509508415
213,21,3,0.427083333333333,0.0520833333333333,1,15,15,0.380321077464817
214,22,3,0.447916666666667,0.0520833333333333,1,16,16,0.37139293227405
215,23,3,0.46875,0.0520833333333333,1,18,18,0.363198616282971
216,24,3,0.489583333333333,0.0520833333333333,1,23,23,0.355776047339736
217,25,3,0.510416666666667,0.0520833333333333,1,24,24,0.349161856103224
218,26,3,0.53125,0.0520833333333333,1,28,28,0.34339065892374
219,27,3,0.552083333333333,0.0520833333333333,1,13,13,0.338494289919612
220,28,3,0.572916666666667,0.0520833333333333,1,32,32,0.33450102371233
221,29,3,0.59375,0.0520833333333333,1,28,28,0.331434826722283
222,30,3,0.614583333333333,0.0520833333333333,1,24,24,0.32931467876707
223,31,3,0.635416666666667,0.0520833333333333,1,14,14,0.328154006887017
224,32,3,0.65625,0.0520833333333333,1,19,19,0.327960269195581
225,33,3,0.677083333333333,0.0520833333333333,1,24,24,0.328734718093243
226,34,3,0.697916666666667,0.0520833333333333,1,15,15,0.330472360109055
227,35,3,0.71875,0.0520833333333333,1,19,19,0.333162115338184
228,36,3,0.739583333333333,0.0520833333333333,1,21,21,0.336787164759354
229,37,3,0.760416666666667,0.0520833333333333,1,25,25,0.341325460554212
230,38,3,0.78125,0.0520833333333333,1,19,19,0.346750364518098
231,39,3,0.802083333333333,0.0520833333333333,1,16,16,0.353031373753957
232,40,3,0.822916666666667,0.0520833333333333,1,15,15,0.360134891347097
233,41,3,0.84375,0.0520833333333333,1,23,23,0.368025002205602
234,42,3,0.864583333333333,0.0520833333333333,1,29,29,0.37666421979263
235,43,3,0.885416666666667,0.0520833333333333,1,18,18,0.386014176898456
236,44,3,0.90625,0.0520833333333333,1,28,28,0.396036241728987
237,45,3,0.927083333333333,0.0520833333333333,1,22,22,0.406692048439018
238,46,3,0.947916666666667,0.0520833333333333,1,22,22,0.417943938115818
239,47,3,0.96875,0.0520833333333333,1,29,29,0.429755311732208
240,48,3,0.989583333333333,0.0520833333333333,1,15,15,0.442090900616222
241,49,3,1.01041666666667,0.0520833333333333,1,7,7,0.4549169626032
242,50,3,1.03125,0.0520833333333333,1,21,21,0.46820141344422
243,51,3,1.05208333333333,0.0520833333333333,1,28,28,0.481913903496357
244,52,3,1.07291666666667,0.0520833333333333,1,8,8,0.496025849475671
245,53,3,1.09375,0.0520833333333333,1,26,26,0.510510430348125
246,54,3,1.11458333333333,0.0520833333333333,1,20,20,0.525342555460965
247,55,3,1.13541666666667,0.0520833333333333,1,30,30,0.540498811925923
248,56,3,1.15625,0.0520833333333333,1,22,22,0.555957397161817
249,57,3,1.17708333333333,0.0520833333333333,1,10,10,0.571698041457076
250,58,3,1.19791666666667,0.0520833333333333,1,16,16,0.58770192446318
251,59,3,1.21875,0.0520833333333333,1,18,18,0.603951588697599
252,60,3,1.23958333333333,0.0520833333333333,1,24,24,0.620430852424602
253,61,3,1.26041666666667,0.0520833333333333,1,22,22,0.637124723689712
254,62,3,1.28125,0.0520833333333333,1,18,18,0.654019316798862
255,63,3,1.30208333333333,0.0520833333333333,1,21,21,0.671101772143691
256,64,3,1.32291666666667,0.0520833333333333,1,24,24,0.688360179966551
257,65,3,1.34375,0.0520833333333333,1,31,31,0.705783508419596
258,66,3,1.36458333333333,0.0520833333333333,1,21,21,0.723361536089686
259,67,3,1.38541666666667,0.0520833333333333,1,14,14,0.741084789024222
260,68,3,1.40625,0.0520833333333333,1,17,17,0.758944482193146
261,69,3,1.42708333333333,0.0520833333333333,1,22,22,0.77693246525155
262,70,3,1.44791666666667,0.0520833333333333,1,27,27,0.795041172419155
263,71,3,1.46875,0.0520833333333333,1,15,15,0.813263576262236
264,72,3,1.48958333333333,0.0520833333333333,1,16,16,0.831593145146017
265,73,3,1.51041666666667,0.0520833333333333,1,28,28,0.850023804118
266,74,3,1.53125,0.0520833333333333,1,29,29,0.86854989898223
267,75,3,1.55208333333333,0.0520833333333333,1,18,18,0.887166163329346
268,76,3,1.57291666666667,0.0520833333333333,1,21,21,0.905867688295566
269,77,3,1.59375,0.0520833333333333,1,24,24,0.924649894834522
270,78,3,1.61458333333333,0.0520833333333333,1,12,12,0.943508508297993
271,79,3,1.63541666666667,0.0520833333333333,1,26,26,0.962439535134514
272,80,3,1.65625,0.0520833333333333,1,15,15,0.981439241528001
273,81,3,1.67708333333333,0.0520833333333333,1,9,9,1.0005041338116
274,82,3,1.69791666666667,0.0520833333333333,1,23,23,1.01963094050467
275,83,3,1.71875,0.0520833333333333,1,22,22,1.03881659583291
276,84,3,1.73958333333333,0.0520833333333333,1,17,17,1.05805822460333
277,85,3,1.76041666666667,0.0520833333333333,1,30,30,1.07735312831632
278,86,3,1.78125,0.0520833333333333,1,24,24,1.09669877240744
279,87,3,1.80208333333333,0.0520833333333333,1,18,18,1.11609277452068
280,88,3,1.82291666666667,0.0520833333333333,1,14,14,1.13553289372371
281,89,3,1.84375,0.0520833333333333,1,22,22,1.15501702058356
282,90,3,1.86458333333333,0.0520833333333333,1,9,9,1.17454316802835
283,91,3,1.88541666666667,0.0520833333333333,1,19,19,1.19410946292748
284,92,3,1.90625,0.0520833333333333,1,27,27,1.21371413832867
285,93,3,1.92708333333333,0.0520833333333333,1,17,17,1.23335552629586
286,94,3,1.94791666666667,0.0520833333333333,1,20,20,1.25303205129701
287,95,3,1.96875,0.0520833333333333,1,19,19,1.27274222409525
288,96,3,1.98958333333333,0.0520833333333333,1,16,16,1.2924846361013
289,1,4,0.0104166666666667,0.0729166666666667,1,19,19,0.649068926617692
290,2,4,0.03125,0.0729166666666667,1,28,28,0.631832252640914
291,3,4,0.0520833333333333,0.0729166666666667,1,7,7,0.614781949893224
292,4,4,0.0729166666666667,0.0729166666666667,1,17,17,0.597931297007048
293,5,4,0.09375,0.0729166666666667,1,24,24,0.581294685642998
294,6,4,0.114583333333333,0.0729166666666667,1,22,22,0.564887713830198
295,7,4,0.135416666666667,0.0729166666666667,1,18,18,0.548727284141716
296,8,4,0.15625,0.0729166666666667,1,23,23,0.532831705810243
297,9,4,0.177083333333333,0.0729166666666667,1,29,29,0.517220799426872
298,10,4,0.197916666666667,0.0729166666666667,1,14,14,0.50191600227755
299,11,4,0.21875,0.0729166666666667,1,28,28,0.486940471637138
300,12,4,0.239583333333333,0.0729166666666667,1,22,22,0.472319182442109
301,13,4,0.260416666666667,0.0729166666666667,1,21,21,0.458079014687631
302,14,4,0.28125,0.0729166666666667,1,20,20,0.444248824643092
303,15,4,0.302083333333333,0.0729166666666667,1,24,24,0.430859492570978
304,16,4,0.322916666666667,0.0729166666666667,1,20,20,0.417943938115819
305,17,4,0.34375,0.0729166666666667,1,10,10,0.405537092992599
306,18,4,0.364583333333333,0.0729166666666667,1,27,27,0.393675819191659
307,19,4,0.385416666666667,0.0729166666666667,1,22,22,0.382398759840118
308,20,4,0.40625,0.0729166666666667,1,27,27,0.371746109401092
309,21,4,0.427083333333333,0.0729166666666667,1,16,16,0.36175929040226
310,22,4,0.447916666666667,0.0729166666666667,1,12,12,0.352480525759763
311,23,4,0.46875,0.0729166666666667,1,23,23,0.343952299391986
312,24,4,0.489583333333333,0.0729166666666667,1,19,19,0.336216703503451
313,25,4,0.510416666666667,0.0729166666666667,1,15,15,0.32931467876707
314,26,4,0.53125,0.0729166666666667,1,19,19,0.323285163423175
315,27,4,0.552083333333333,0.0729166666666667,1,17,17,0.318164178387762
316,28,4,0.572916666666667,0.0729166666666667,1,18,18,0.313983886669642
317,29,4,0.59375,0.0729166666666667,1,14,14,0.310771675149506
318,30,4,0.614583333333333,0.0729166666666667,1,23,23,0.308549313252149
319,31,4,0.635416666666667,0.0729166666666667,1,28,28,0.307332244538395
320,32,4,0.65625,0.0729166666666667,1,17,17,0.307129062592457
321,33,4,0.677083333333333,0.0729166666666667,1,18,18,0.307941211564808
322,34,4,0.697916666666667,0.0729166666666667,1,17,17,0.309762935297538
323,35,4,0.71875,0.0729166666666667,1,18,18,0.31258147915868
324,36,4,0.739583333333333,0.0729166666666667,1,12,12,0.316377528319484
325,37,4,0.760416666666667,0.0729166666666667,1,12,12,0.321125848130541
326,38,4,0.78125,0.0729166666666667,1,20,20,0.326796078889588
327,39,4,0.802083333333333,0.0729166666666667,1,16,16,0.333353630060341
328,40,4,0.822916666666667,0.0729166666666667,1,28,28,0.340760618132911
329,41,4,0.84375,0.0729166666666667,1,24,24,0.348976796985854
330,42,4,0.864583333333333,0.0729166666666667,1,15,15,0.357960438274504
331,43,4,0.885416666666667,0.0729166666666667,1,16,16,0.367669130205671
332,44,4,0.90625,0.0729166666666667,1,22,22,0.378060474351369
333,45,4,0.927083333333333,0.0729166666666667,1,22,22,0.389092670564233
334,46,4,0.947916666666667,0.0729166666666667,1,19,19,0.400724988730989
335,47,4,0.96875,0.0729166666666667,1,23,23,0.412918132653704
336,48,4,0.989583333333333,0.0729166666666667,1,23,23,0.425634505771848
337,49,4,1.01041666666667,0.0729166666666667,1,19,19,0.438838390970254
338,50,4,1.03125,0.0729166666666667,1,13,13,0.452496057725388
339,51,4,1.05208333333333,0.0729166666666667,1,28,28,0.466575809725866
340,52,4,1.07291666666667,0.0729166666666667,1,23,23,0.481047985235418
341,53,4,1.09375,0.0729166666666667,1,22,22,0.495884921159068
342,54,4,1.11458333333333,0.0729166666666667,1,19,19,0.511060890265133
343,55,4,1.13541666666667,0.0729166666666667,1,16,16,0.526552019476305
344,56,4,1.15625,0.0729166666666667,1,28,28,0.542336195682458
345,57,4,1.17708333333333,0.0729166666666667,1,20,20,0.558392964209454
346,58,4,1.19791666666667,0.0729166666666667,1,22,22,0.574703423931552
347,59,4,1.21875,0.0729166666666667,1,25,25,0.591250122046465
348,60,4,1.23958333333333,0.0729166666666667,1,24,24,0.608016950733673
349,61,4,1.26041666666667,0.0729166666666667,1,25,25,0.62498904727221
350,62,4,1.28125,0.0729166666666667,1,15,15,0.642152698683873
351,63,4,1.30208333333333,0.0729166666666667,1,23,23,0.659495251571311
352,64,4,1.32291666666667,0.0729166666666667,1,19,19,0.67700502751795
353,65,4,1.34375,0.0729166666666667,1,17,17,0.694671244190631
354,66,4,1.36458333333333,0.0729166666666667,1,25,25,0.712483942120741
355,67,4,1.38541666666667,0.0729166666666667,1,19,19,0.730433917022494
356,68,4,1.40625,0.0729166666666667,1,12,12,0.748512657427116
357,69,4,1.42708333333333,0.0729166666666667,1,22,22,0.766712287360199
358,70,4,1.44791666666667,0.0729166666666667,1,25,25,0.785025513759449
359,71,4,1.46875,0.0729166666666667,1,26,26,0.803445578315859
360,72,4,1.48958333333333,0.0729166666666667,1,16,16,0.821966213418625
361,73,4,1.51041666666667,0.0729166666666667,1,20,20,0.840581601889651
362,74,4,1.53125,0.0729166666666667,1,18,18,0.859286340204494
363,75,4,1.55208333333333,0.0729166666666667,1,22,22,0.878075404911317
364,76,4,1.57291666666667,0.0729166666666667,1,5,5,0.896944121976336
365,77,4,1.59375,0.0729166666666667,1,16,16,0.915888138802212
366,78,4,1.61458333333333,0.0729166666666667,1,16,16,0.934903398684238
367,79,4,1.63541666666667,0.0729166666666667,1,26,26,0.953986117487352
368,80,4,1.65625,0.0729166666666667,1,23,23,0.973132762344589
369,81,4,1.67708333333333,0.0729166666666667,1,24,24,0.992340032194392
370,82,4,1.69791666666667,0.0729166666666667,1,19,19,1.01160483999004
371,83,4,1.71875,0.0729166666666667,1,12,12,1.03092429642923
372,84,4,1.73958333333333,0.0729166666666667,1,35,35,1.05029569506552
373,85,4,1.76041666666667,0.0729166666666667,1,24,24,1.06971649867614
374,86,4,1.78125,0.0729166666666667,1,24,24,1.08918432677202
375,87,4,1.80208333333333,0.0729166666666667,1,9,9,1.10869694414675
376,88,4,1.82291666666667,0.0729166666666667,1,25,25,1.12825225037072
377,89,4,1.84375,0.0729166666666667,1,25,25,1.14784827014557
378,90,4,1.86458333333333,0.0729166666666667,1,19,19,1.16748314444199
379,91,4,1.88541666666667,0.0729166666666667,1,6,6,1.18715512235116
380,92,4,1.90625,0.0729166666666667,1,24,24,1.20686255358689
381,93,4,1.92708333333333,0.0729166666666667,1,4,4,1.22660388158095
382,94,4,1.94791666666667,0.0729166666666667,1,15,15,1.24637763712022
383,95,4,1.96875,0.0729166666666667,1,16,16,1.26618243247818
384,96,4,1.98958333333333,0.0729166666666667,1,19,19,1.2860169559986
385,1,5,0.0104166666666667,0.09375,1,14,14,0.637697764796609
386,2,5,0.03125,0.09375,1,25,25,0.620196342195772
387,3,5,0.0520833333333333,0.09375,1,23,23,0.602871636445765
388,4,5,0.0729166666666667,0.09375,1,24,24,0.585736662014318
389,5,5,0.09375,0.09375,1,25,25,0.568805578519803
390,6,5,0.114583333333333,0.09375,1,11,11,0.552093795124196
391,7,5,0.135416666666667,0.09375,1,12,12,0.535618081999303
392,8,5,0.15625,0.09375,1,35,35,0.519396688292956
393,9,5,0.177083333333333,0.09375,1,28,28,0.503449465563257
394,10,5,0.197916666666667,0.09375,1,25,25,0.487797995042578
395,11,5,0.21875,0.09375,1,25,25,0.472465716307703
396,12,5,0.239583333333333,0.09375,1,24,24,0.457478053936059
397,13,5,0.260416666666667,0.09375,1,23,23,0.44286253749127
398,14,5,0.28125,0.09375,1,25,25,0.428648908683869
399,15,5,0.302083333333333,0.09375,1,21,21,0.414869207792377
400,16,5,0.322916666666667,0.09375,1,17,17,0.401557829434517
401,17,5,0.34375,0.09375,1,26,26,0.388751535624218
402,18,5,0.364583333333333,0.09375,1,27,27,0.376489411882178
403,19,5,0.385416666666667,0.09375,1,22,22,0.364812750221957
404,20,5,0.40625,0.09375,1,23,23,0.353764841456181
405,21,5,0.427083333333333,0.09375,1,25,25,0.34339065892374
406,22,5,0.447916666666667,0.09375,1,13,13,0.333736416999023
407,23,5,0.46875,0.09375,1,16,16,0.324848991231856
408,24,5,0.489583333333333,0.09375,1,25,25,0.316775193256719
409,25,5,0.510416666666667,0.09375,1,16,16,0.309560903067824
410,26,5,0.53125,0.09375,1,13,13,0.303250073833425
411,27,5,0.552083333333333,0.09375,1,26,26,0.297883639439391
412,28,5,0.572916666666667,0.09375,1,22,22,0.293498370949364
413,29,5,0.59375,0.09375,1,19,19,0.290125742913073
414,30,5,0.614583333333333,0.09375,1,23,23,0.28779088118517
415,31,5,0.635416666666667,0.09375,1,12,12,0.286511667865894
416,32,5,0.65625,0.09375,1,19,19,0.286298074078625
417,33,5,0.677083333333333,0.09375,1,27,27,0.287151776914266
418,34,5,0.697916666666667,0.09375,1,25,25,0.289066094224936
419,35,5,0.71875,0.09375,1,16,16,0.292026243096238
420,36,5,0.739583333333333,0.09375,1,28,28,0.296009899054231
421,37,5,0.760416666666667,0.09375,1,26,26,0.30098800787882
422,38,5,0.78125,0.09375,1,24,24,0.306925783948452
423,39,5,0.802083333333333,0.09375,1,22,22,0.313783820327335
424,40,5,0.822916666666667,0.09375,1,21,21,0.321519236399855
425,41,5,0.84375,0.09375,1,24,24,0.330086797184721
426,42,5,0.864583333333333,0.09375,1,17,17,0.339439951946328
427,43,5,0.885416666666667,0.09375,1,19,19,0.34953175552293
428,44,5,0.90625,0.09375,1,17,17,0.360315651421021
429,45,5,0.927083333333333,0.09375,1,20,20,0.371746109401092
430,46,5,0.947916666666667,0.09375,1,19,19,0.383779121022078
431,47,5,0.96875,0.09375,1,26,26,0.396372564143371
432,48,5,0.989583333333333,0.09375,1,21,21,0.409486451930338
433,49,5,1.01041666666667,0.09375,1,13,13,0.423083083985416
434,50,5,1.03125,0.09375,1,29,29,0.437127117451664
435,51,5,1.05208333333333,0.09375,1,30,30,0.451585574909343
436,52,5,1.07291666666667,0.09375,1,25,25,0.466427804119522
437,53,5,1.09375,0.09375,1,29,29,0.481625402555444
438,54,5,1.11458333333333,0.09375,1,35,35,0.497152117480862
439,55,5,1.13541666666667,0.09375,1,20,20,0.512983730263091
440,56,5,1.15625,0.09375,1,20,20,0.529097931748361
441,57,5,1.17708333333333,0.09375,1,21,21,0.545474193923234
442,58,5,1.19791666666667,0.09375,1,30,30,0.562093641746579
443,59,5,1.21875,0.09375,1,17,17,0.578938927947213
444,60,5,1.23958333333333,0.09375,1,16,16,0.59599411271633
445,61,5,1.26041666666667,0.09375,1,12,12,0.613244549549769
446,62,5,1.28125,0.09375,1,15,15,0.630676777981043
447,63,5,1.30208333333333,0.09375,1,23,23,0.64827842356213
448,64,5,1.32291666666667,0.09375,1,21,21,0.666038105169067
449,65,5,1.34375,0.09375,1,30,30,0.683945349510774
450,66,5,1.36458333333333,0.09375,1,10,10,0.7019905125838
451,67,5,1.38541666666667,0.09375,1,9,9,0.720164707727664
452,68,5,1.40625,0.09375,1,22,22,0.738459739883007
453,69,5,1.42708333333333,0.09375,1,22,22,0.756868045628557
454,70,5,1.44791666666667,0.09375,1,12,12,0.775382638565459
455,71,5,1.46875,0.09375,1,20,20,0.793997059623279
456,72,5,1.48958333333333,0.09375,1,23,23,0.812705331876639
457,73,5,1.51041666666667,0.09375,1,15,15,0.83150191948192
458,74,5,1.53125,0.09375,1,17,17,0.850381690367249
459,75,5,1.55208333333333,0.09375,1,23,23,0.869339882334568
460,76,5,1.57291666666667,0.09375,1,16,16,0.888372072258604
461,77,5,1.59375,0.09375,1,9,9,0.907474148093274
462,78,5,1.61458333333333,0.09375,1,30,30,0.926642283420866
463,79,5,1.63541666666667,0.09375,1,17,17,0.945872914302847
464,80,5,1.65625,0.09375,1,27,27,0.965162718213264
465,81,5,1.67708333333333,0.09375,1,22,22,0.984508594856152
466,82,5,1.69791666666667,0.09375,1,13,13,1.00390764868728
467,83,5,1.71875,0.09375,1,20,20,1.02335717297789
468,84,5,1.73958333333333,0.09375,1,8,8,1.04285463527381
469,85,5,1.76041666666667,0.09375,1,21,21,1.06239766411775
470,86,5,1.78125,0.09375,1,18,18,1.08198403691563
471,87,5,1.80208333333333,0.09375,1,24,24,1.10161166883934
472,88,5,1.82291666666667,0.09375,1,25,25,1.12127860266922
473,89,5,1.84375,0.09375,1,18,18,1.14098299948889
474,90,5,1.86458333333333,0.09375,1,21,21,1.16072313015386
475,91,5,1.88541666666667,0.09375,1,16,16,1.18049736746284
476,92,5,1.90625,0.09375,1,15,15,1.20030417896786
477,93,5,1.92708333333333,0.09375,1,15,15,1.22014212036551
478,94,5,1.94791666666667,0.09375,1,22,22,1.24000982941709
479,95,5,1.96875,0.09375,1,27,27,1.25990602035066
480,96,5,1.98958333333333,0.09375,1,22,22,1.27982947870248
481,1,6,0.0104166666666667,0.114583333333333,1,21,21,0.626734790419077
482,2,6,0.03125,0.114583333333333,1,21,21,0.608970211630382
483,3,6,0.0520833333333333,0.114583333333333,1,28,28,0.59137215803138
484,4,6,0.0729166666666667,0.114583333333333,1,19,19,0.573953298540727
485,5,6,0.09375,0.114583333333333,1,22,22,0.556727470585053
486,6,6,0.114583333333333,0.114583333333333,1,17,17,0.539709795204595
487,7,6,0.135416666666667,0.114583333333333,1,20,20,0.522916801685015
488,8,6,0.15625,0.114583333333333,1,21,21,0.506366561563151
489,9,6,0.177083333333333,0.114583333333333,1,22,22,0.490078831427182
490,10,6,0.197916666666667,0.114583333333333,1,17,17,0.474075203338956
491,11,6,0.21875,0.114583333333333,1,8,8,0.458379260904508
492,12,6,0.239583333333333,0.114583333333333,1,27,27,0.443016737959203
493,13,6,0.260416666666667,0.114583333333333,1,36,36,0.428015675465178
494,14,6,0.28125,0.114583333333333,1,9,9,0.413406570492382
495,15,6,0.302083333333333,0.114583333333333,1,20,20,0.399222509035278
496,16,6,0.322916666666667,0.114583333333333,1,18,18,0.385499271897486
497,17,6,0.34375,0.114583333333333,1,21,21,0.372275399999273
498,18,6,0.364583333333333,0.114583333333333,1,12,12,0.359592202350659
499,19,6,0.385416666666667,0.114583333333333,1,25,25,0.34749368682606
500,20,6,0.40625,0.114583333333333,1,25,25,0.336026391170998
501,21,6,0.427083333333333,0.114583333333333,1,24,24,0.325239089953052
502,22,6,0.447916666666667,0.114583333333333,1,16,16,0.315182353221676
503,23,6,0.46875,0.114583333333333,1,25,25,0.305907935409103
504,24,6,0.489583333333333,0.114583333333333,1,17,17,0.297467979477335
505,25,6,0.510416666666667,0.114583333333333,1,21,21,0.289914032315178
506,26,6,0.53125,0.114583333333333,1,15,15,0.283295883247578
507,27,6,0.552083333333333,0.114583333333333,1,16,16,0.277660257701918
508,28,6,0.572916666666667,0.114583333333333,1,20,20,0.273049420839444
509,29,6,0.59375,0.114583333333333,1,17,17,0.269499768221298
510,30,6,0.614583333333333,0.114583333333333,1,20,20,0.267040498168114
511,31,6,0.635416666666667,0.114583333333333,1,17,17,0.26569246888623
512,32,6,0.65625,0.114583333333333,1,20,20,0.26546733901129
513,33,6,0.677083333333333,0.114583333333333,1,11,11,0.266367071434522
514,34,6,0.697916666666667,0.114583333333333,1,18,18,0.268383848645755
515,35,6,0.71875,0.114583333333333,1,19,19,0.271500407974812
516,36,6,0.739583333333333,0.114583333333333,1,25,25,0.275690763798646
517,37,6,0.760416666666667,0.114583333333333,1,31,31,0.280921248155074
518,38,6,0.78125,0.114583333333333,1,20,20,0.287151776914266
519,39,6,0.802083333333333,0.114583333333333,1,16,16,0.294337238517397
520,40,6,0.822916666666667,0.114583333333333,1,24,24,0.302428905918565
521,41,6,0.84375,0.114583333333333,1,19,19,0.311375786808259
522,42,6,0.864583333333333,0.114583333333333,1,12,12,0.321125848130541
523,43,6,0.885416666666667,0.114583333333333,1,27,27,0.331627073910421
524,44,6,0.90625,0.114583333333333,1,23,23,0.342828336907373
525,45,6,0.927083333333333,0.114583333333333,1,25,25,0.354680082324459
526,46,6,0.947916666666667,0.114583333333333,1,14,14,0.367134834745189
527,47,6,0.96875,0.114583333333333,1,27,27,0.380147547674128
528,48,6,0.989583333333333,0.114583333333333,1,16,16,0.393675819191659
529,49,6,1.01041666666667,0.114583333333333,1,14,14,0.407679998252308
530,50,6,1.03125,0.114583333333333,1,17,17,0.422123205041478
531,51,6,1.05208333333333,0.114583333333333,1,21,21,0.436971286413302
532,52,6,1.07291666666667,0.114583333333333,1,27,27,0.452192724428482
533,53,6,1.09375,0.114583333333333,1,20,20,0.467758512864292
534,54,6,1.11458333333333,0.114583333333333,1,9,9,0.483642013577216
535,55,6,1.13541666666667,0.114583333333333,1,20,20,0.499818801927
536,56,6,1.15625,0.114583333333333,1,14,14,0.516266508190117
537,57,6,1.17708333333333,0.114583333333333,1,19,19,0.532964660010189
538,58,6,1.19791666666667,0.114583333333333,1,16,16,0.549894529426503
539,59,6,1.21875,0.114583333333333,1,16,16,0.567038986844593
540,60,6,1.23958333333333,0.114583333333333,1,25,25,0.584382363414139
541,61,6,1.26041666666667,0.114583333333333,1,14,14,0.601910322608625
542,62,6,1.28125,0.114583333333333,1,22,22,0.619609741312568
543,63,6,1.30208333333333,0.114583333333333,1,16,16,0.637468600375986
544,64,6,1.32291666666667,0.114583333333333,1,19,19,0.655475884358903
545,65,6,1.34375,0.114583333333333,1,16,16,0.673621490034415
546,66,6,1.36458333333333,0.114583333333333,1,23,23,0.691896143125598
547,67,6,1.38541666666667,0.114583333333333,1,15,15,0.710291322702794
548,68,6,1.40625,0.114583333333333,1,13,13,0.728799192650679
549,69,6,1.42708333333333,0.114583333333333,1,13,13,0.747412539619349
550,70,6,1.44791666666667,0.114583333333333,1,20,20,0.766124716893107
551,71,6,1.46875,0.114583333333333,1,13,13,0.784929593639441
552,72,6,1.48958333333333,0.114583333333333,1,19,19,0.803821509034919
553,73,6,1.51041666666667,0.114583333333333,1,21,21,0.822795230801589
554,74,6,1.53125,0.114583333333333,1,30,30,0.841845917725102
555,75,6,1.55208333333333,0.114583333333333,1,24,24,0.860969085762758
556,76,6,1.57291666666667,0.114583333333333,1,21,21,0.880160577385229
557,77,6,1.59375,0.114583333333333,1,8,8,0.899416533829251
558,78,6,1.61458333333333,0.114583333333333,1,27,27,0.918733369969834
559,79,6,1.63541666666667,0.114583333333333,1,22,22,0.938107751549382
560,80,6,1.65625,0.114583333333333,1,25,25,0.957536574527493
561,81,6,1.67708333333333,0.114583333333333,1,19,19,0.977016946339278
562,82,6,1.69791666666667,0.114583333333333,1,29,29,0.996546168871768
563,83,6,1.71875,0.114583333333333,1,27,27,1.01612172298766
564,84,6,1.73958333333333,0.114583333333333,1,18,18,1.03574125444332
565,85,6,1.76041666666667,0.114583333333333,1,17,17,1.05540256106389
566,86,6,1.78125,0.114583333333333,1,19,19,1.07510358105247
567,87,6,1.80208333333333,0.114583333333333,1,24,24,1.09484238232327
568,88,6,1.82291666666667,0.114583333333333,1,14,14,1.11461715275987
569,89,6,1.84375,0.114583333333333,1,32,32,1.13442619130997
570,90,6,1.86458333333333,0.114583333333333,1,36,36,1.15426789983722
571,91,6,1.88541666666667,0.114583333333333,1,15,15,1.17414077565859
572,92,6,1.90625,0.114583333333333,1,17,17,1.19404340470338
573,93,6,1.92708333333333,0.114583333333333,1,22,22,1.21397445523601
574,94,6,1.94791666666667,0.114583333333333,1,26,26,1.23393267209103
575,95,6,1.96875,0.114583333333333,1,16,16,1.25391687137339
576,96,6,1.98958333333333,0.114583333333333,1,14,14,1.27392593558226
577,1,7,0.0104166666666667,0.135416666666667,1,19,19,0.616198239078458
578,2,7,0.03125,0.135416666666667,1,13,13,0.598173077638284
579,3,7,0.0520833333333333,0.135416666666667,1,21,21,0.580303753540007
580,4,7,0.0729166666666667,0.135416666666667,1,16,16,0.562602505529796
581,5,7,0.09375,0.135416666666667,1,19,19,0.545082753831765
582,6,7,0.114583333333333,0.135416666666667,1,20,20,0.52775922524414
583,7,7,0.135416666666667,0.135416666666667,1,20,20,0.510648090371238
584,8,7,0.15625,0.135416666666667,1,17,17,0.493767113361774
585,9,7,0.177083333333333,0.135416666666667,1,19,19,0.477135814162537
586,10,7,0.197916666666667,0.135416666666667,1,18,18,0.46077564275908
587,11,7,0.21875,0.135416666666667,1,21,21,0.44471016410584
588,12,7,0.239583333333333,0.135416666666667,1,28,28,0.428965251379559
589,13,7,0.260416666666667,0.135416666666667,1,34,34,0.413569283744441
590,14,7,0.28125,0.135416666666667,1,15,15,0.398553342911262
591,15,7,0.302083333333333,0.135416666666667,1,19,19,0.383951400324366
592,16,7,0.322916666666667,0.135416666666667,1,16,16,0.369800483757304
593,17,7,0.34375,0.135416666666667,1,26,26,0.356140808421673
594,18,7,0.364583333333333,0.135416666666667,1,22,22,0.343015853460284
595,19,7,0.385416666666667,0.135416666666667,1,18,18,0.330472360109055
596,20,7,0.40625,0.135416666666667,1,24,24,0.318560223281187
597,21,7,0.427083333333333,0.135416666666667,1,33,33,0.307332244538395
598,22,7,0.447916666666667,0.135416666666667,1,14,14,0.296843712385776
599,23,7,0.46875,0.135416666666667,1,23,23,0.287151776914266
600,24,7,0.489583333333333,0.135416666666667,1,22,22,0.278314591609307
601,25,7,0.510416666666667,0.135416666666667,1,27,27,0.270390207214383
602,26,7,0.53125,0.135416666666667,1,18,18,0.263435221966429
603,27,7,0.552083333333333,0.135416666666667,1,20,20,0.257503219265155
604,28,7,0.572916666666667,0.135416666666667,1,16,16,0.252643056049918
605,29,7,0.59375,0.135416666666667,1,21,21,0.248897098720557
606,30,7,0.614583333333333,0.135416666666667,1,23,23,0.246299532107567
607,31,7,0.635416666666667,0.135416666666667,1,21,21,0.244874883426573
608,32,7,0.65625,0.135416666666667,1,18,18,0.244636900826623
609,33,7,0.677083333333333,0.135416666666667,1,15,15,0.245587901726642
610,34,7,0.697916666666667,0.135416666666667,1,12,12,0.247718661328044
611,35,7,0.71875,0.135416666666667,1,23,23,0.251008853593071
612,36,7,0.739583333333333,0.135416666666667,1,19,19,0.255427996499403
613,37,7,0.760416666666667,0.135416666666667,1,18,18,0.260936802136814
614,38,7,0.78125,0.135416666666667,1,14,14,0.267488799121271
615,39,7,0.802083333333333,0.135416666666667,1,23,23,0.275032083788421
616,40,7,0.822916666666667,0.135416666666667,1,20,20,0.283511066212013
617,41,7,0.84375,0.135416666666667,1,34,34,0.292868101752175
618,42,7,0.864583333333333,0.135416666666667,1,29,29,0.303044931288497
619,43,7,0.885416666666667,0.135416666666667,1,24,24,0.313983886669642
620,44,7,0.90625,0.135416666666667,1,25,25,0.325628847186136
621,45,7,0.927083333333333,0.135416666666667,1,18,18,0.337925955319804
622,46,7,0.947916666666667,0.135416666666667,1,4,4,0.350824114954005
623,47,7,0.96875,0.135416666666667,1,13,13,0.364275303360025
624,48,7,0.989583333333333,0.135416666666667,1,23,23,0.378234731047748
625,49,7,1.01041666666667,0.135416666666667,1,21,21,0.392660882607163
626,50,7,1.03125,0.135416666666667,1,27,27,0.407515468440921
627,51,7,1.05208333333333,0.135416666666667,1,13,13,0.42276331295408
628,52,7,1.07291666666667,0.135416666666667,1,16,16,0.438372200139735
629,53,7,1.09375,0.135416666666667,1,23,23,0.454312693090136
630,54,7,1.11458333333333,0.135416666666667,1,18,18,0.47055794004954
631,55,7,1.13541666666667,0.135416666666667,1,14,14,0.487083476321191
632,56,7,1.15625,0.135416666666667,1,26,26,0.503867028656303
633,57,7,1.17708333333333,0.135416666666667,1,27,27,0.520888326639066
634,58,7,1.19791666666667,0.135416666666667,1,19,19,0.538128923962133
635,59,7,1.21875,0.135416666666667,1,19,19,0.555572031277527
636,60,7,1.23958333333333,0.135416666666667,1,24,24,0.573202361427663
637,61,7,1.26041666666667,0.135416666666667,1,20,20,0.591005987238426
638,62,7,1.28125,0.135416666666667,1,21,21,0.608970211630382
639,63,7,1.30208333333333,0.135416666666667,1,19,19,0.627083449525925
640,64,7,1.32291666666667,0.135416666666667,1,25,25,0.645335120860282
641,65,7,1.34375,0.135416666666667,1,16,16,0.663715553912543
642,66,7,1.36458333333333,0.135416666666667,1,22,22,0.682215898136046
643,67,7,1.38541666666667,0.135416666666667,1,23,23,0.700828045668248
644,68,7,1.40625,0.135416666666667,1,18,18,0.7195445607259
645,69,7,1.42708333333333,0.135416666666667,1,20,20,0.738358616132493
646,70,7,1.44791666666667,0.135416666666667,1,22,22,0.757263936275103
647,71,7,1.46875,0.135416666666667,1,26,26,0.776254745842076
648,72,7,1.48958333333333,0.135416666666667,1,23,23,0.795325723748413
649,73,7,1.51041666666667,0.135416666666667,1,23,23,0.814471961710046
650,74,7,1.53125,0.135416666666667,1,13,13,0.833688926980095
651,75,7,1.55208333333333,0.135416666666667,1,21,21,0.852972428808865
652,76,7,1.57291666666667,0.135416666666667,1,25,25,0.872318588234421
653,77,7,1.59375,0.135416666666667,1,17,17,0.891723810851778
654,78,7,1.61458333333333,0.135416666666667,1,19,19,0.911184762246266
655,79,7,1.63541666666667,0.135416666666667,1,20,20,0.930698345810485
656,80,7,1.65625,0.135416666666667,1,18,18,0.950261682694678
657,81,7,1.67708333333333,0.135416666666667,1,13,13,0.969872093667672
658,82,7,1.69791666666667,0.135416666666667,1,17,17,0.989527082689838
659,83,7,1.71875,0.135416666666667,1,18,18,1.00922432202129
660,84,7,1.73958333333333,0.135416666666667,1,21,21,1.02896163870785
661,85,7,1.76041666666667,0.135416666666667,1,8,8,1.04873700230443
662,86,7,1.78125,0.135416666666667,1,29,29,1.06854851371092
663,87,7,1.80208333333333,0.135416666666667,1,24,24,1.08839439500888
664,88,7,1.82291666666667,0.135416666666667,1,12,12,1.1082729801998
665,89,7,1.84375,0.135416666666667,1,29,29,1.12818270675588
666,90,7,1.86458333333333,0.135416666666667,1,20,20,1.14812210790426
667,91,7,1.88541666666667,0.135416666666667,1,7,7,1.16808980557344
668,92,7,1.90625,0.135416666666667,1,24,24,1.18808450393866
669,93,7,1.92708333333333,0.135416666666667,1,23,23,1.20810498350929
670,94,7,1.94791666666667,0.135416666666667,1,19,19,1.22815009570728
671,95,7,1.96875,0.135416666666667,1,12,12,1.24821875789087
672,96,7,1.98958333333333,0.135416666666667,1,16,16,1.26830994878265
673,1,8,0.0104166666666667,0.15625,1,18,18,0.606106674516753
674,2,8,0.03125,0.15625,1,15,15,0.587824572192856
675,3,8,0.0520833333333333,0.15625,1,17,17,0.56968717747815
676,4,8,0.0729166666666667,0.15625,1,19,19,0.551706212648887
677,5,8,0.09375,0.15625,1,21,21,0.533894582482528
678,6,8,0.114583333333333,0.15625,1,21,21,0.516266508190117
679,7,8,0.135416666666667,0.15625,1,23,23,0.498837676167543
680,8,8,0.15625,0.15625,1,18,18,0.481625402555444
681,9,8,0.177083333333333,0.15625,1,16,16,0.464648814341662
682,10,8,0.197916666666667,0.15625,1,16,16,0.447929047309413
683,11,8,0.21875,0.15625,1,18,18,0.431489460461395
684,12,8,0.239583333333333,0.15625,1,19,19,0.415355865549055
685,13,8,0.260416666666667,0.15625,1,22,22,0.399556768901254
686,14,8,0.28125,0.15625,1,16,16,0.384123620751895
687,15,8,0.302083333333333,0.15625,1,14,14,0.369091064572278
688,16,8,0.322916666666667,0.15625,1,17,17,0.354497175380891
689,17,8,0.34375,0.15625,1,19,19,0.340383671517572
690,18,8,0.364583333333333,0.15625,1,17,17,0.326796078889588
691,19,8,0.385416666666667,0.15625,1,18,18,0.313783820327335
692,20,8,0.40625,0.15625,1,27,27,0.301400195775939
693,21,8,0.427083333333333,0.15625,1,21,21,0.289702212317407
694,22,8,0.447916666666667,0.15625,1,24,24,0.278750217694124
695,23,8,0.46875,0.15625,1,28,28,0.268607288917745
696,24,8,0.489583333333333,0.15625,1,29,29,0.259338331103574
697,25,8,0.510416666666667,0.15625,1,14,14,0.251008853593071
698,26,8,0.53125,0.15625,1,7,7,0.243683413149404
699,27,8,0.552083333333333,0.15625,1,21,21,0.237423748666917
700,28,8,0.572916666666667,0.15625,1,23,23,0.232286676980237
701,29,8,0.59375,0.15625,1,24,24,0.228321869827319
702,30,8,0.614583333333333,0.15625,1,22,22,0.225569678614571
703,31,8,0.635416666666667,0.15625,1,21,21,0.224059204369119
704,32,8,0.65625,0.15625,1,19,19,0.223806813486877
705,33,8,0.677083333333333,0.15625,1,15,15,0.224815268577893
706,34,8,0.697916666666667,0.15625,1,22,22,0.227073579294714
707,35,8,0.71875,0.15625,1,24,24,0.230557591559504
708,36,8,0.739583333333333,0.15625,1,15,15,0.235231243151713
709,37,8,0.760416666666667,0.15625,1,15,15,0.241048338561165
710,38,8,0.78125,0.15625,1,18,18,0.247954650738376
711,39,8,0.802083333333333,0.15625,1,8,8,0.255890147220937
712,40,8,0.822916666666667,0.15625,1,9,9,0.264791159086473
713,41,8,0.84375,0.15625,1,20,20,0.274592352941615
714,42,8,0.864583333333333,0.15625,1,27,27,0.28522841638321
715,43,8,0.885416666666667,0.15625,1,10,10,0.296635415494704
716,44,8,0.90625,0.15625,1,23,23,0.308751822153562
717,45,8,0.927083333333333,0.15625,1,17,17,0.321519236399855
718,46,8,0.947916666666667,0.15625,1,12,12,0.334882845112648
719,47,8,0.96875,0.15625,1,23,23,0.348791664814979
720,48,8,0.989583333333333,0.15625,1,18,18,0.363198616282971
721,49,8,1.01041666666667,0.15625,1,23,23,0.378060474351369
722,50,8,1.03125,0.15625,1,19,19,0.393337729959527
723,51,8,1.05208333333333,0.15625,1,20,20,0.408994394530268
724,52,8,1.07291666666667,0.15625,1,24,24,0.424997770127956
725,53,8,1.09375,0.15625,1,26,26,0.441318202982943
726,54,8,1.11458333333333,0.15625,1,27,27,0.457928833085105
727,55,8,1.13541666666667,0.15625,1,16,16,0.474805348645906
728,56,8,1.15625,0.15625,1,16,16,0.491925751214966
729,57,8,1.17708333333333,0.15625,1,21,21,0.509270134980024
730,58,8,1.19791666666667,0.15625,1,15,15,0.526820482136358
731,59,8,1.21875,0.15625,1,19,19,0.544560475050992
732,60,8,1.23958333333333,0.15625,1,31,31,0.562475325154283
733,61,8,1.26041666666667,0.15625,1,19,19,0.580551617972897
734,62,8,1.28125,0.15625,1,12,12,0.598777173399378
735,63,8,1.30208333333333,0.15625,1,24,24,0.617140920117118
736,64,8,1.32291666666667,0.15625,1,17,17,0.635632783022135
737,65,8,1.34375,0.15625,1,25,25,0.654243582472596
738,66,8,1.36458333333333,0.15625,1,22,22,0.672964944230057
739,67,8,1.38541666666667,0.15625,1,28,28,0.69178921901631
740,68,8,1.40625,0.15625,1,10,10,0.710709410684627
741,69,8,1.42708333333333,0.15625,1,7,7,0.729719112086132
742,70,8,1.44791666666667,0.15625,1,17,17,0.748812447795521
743,71,8,1.46875,0.15625,1,15,15,0.767984022941855
744,72,8,1.48958333333333,0.15625,1,16,16,0.787228877467594
745,73,8,1.51041666666667,0.15625,1,19,19,0.806542445211107
746,74,8,1.53125,0.15625,1,27,27,0.825920517274047
747,75,8,1.55208333333333,0.15625,1,19,19,0.845359209195094
748,76,8,1.57291666666667,0.15625,1,12,12,0.864854931505707
749,77,8,1.59375,0.15625,1,12,12,0.884404363291996
750,78,8,1.61458333333333,0.15625,1,6,6,0.904004428430094
751,79,8,1.63541666666667,0.15625,1,17,17,0.923652274200772
752,80,8,1.65625,0.15625,1,8,8,0.943345252023067
753,81,8,1.67708333333333,0.15625,1,14,14,0.963080900076772
754,82,8,1.69791666666667,0.15625,1,27,27,0.982856927610185
755,83,8,1.71875,0.15625,1,19,19,1.00267120075292
756,84,8,1.73958333333333,0.15625,1,20,20,1.02252172967422
757,85,8,1.76041666666667,0.15625,1,26,26,1.04240665694546
758,86,8,1.78125,0.15625,1,28,28,1.06232424698134
759,87,8,1.80208333333333,0.15625,1,24,24,1.08227287644879
760,88,8,1.82291666666667,0.15625,1,21,21,1.10225102554444
761,89,8,1.84375,0.15625,1,15,15,1.12225727005319
762,90,8,1.86458333333333,0.15625,1,18,18,1.14229027410937
763,91,8,1.88541666666667,0.15625,1,20,20,1.16234878359118
764,92,8,1.90625,0.15625,1,20,20,1.18243162008606
765,93,8,1.92708333333333,0.15625,1,15,15,1.20253767537177
766,94,8,1.94791666666667,0.15625,1,16,16,1.22266590636357
767,95,8,1.96875,0.15625,1,17,17,1.24281533048319
768,96,8,1.98958333333333,0.15625,1,20,20,1.26298502141001
769,1,9,0.0104166666666667,0.177083333333333,1,23,23,0.596478899821125
770,2,9,0.03125,0.177083333333333,1,19,19,0.577944651180243
771,3,9,0.0520833333333333,0.177083333333333,1,15,15,0.559543607054683
772,4,9,0.0729166666666667,0.177083333333333,1,19,19,0.541286887229909
773,5,9,0.09375,0.177083333333333,1,22,22,0.523186781666967
774,6,9,0.114583333333333,0.177083333333333,1,5,5,0.505256891649789
775,7,9,0.135416666666667,0.177083333333333,1,14,14,0.487512288398807
776,8,9,0.15625,0.177083333333333,1,21,21,0.469969690841073
777,9,9,0.177083333333333,0.177083333333333,1,22,22,0.452647664120113
778,10,9,0.197916666666667,0.177083333333333,1,16,16,0.43556684016317
779,11,9,0.21875,0.177083333333333,1,17,17,0.418750161123977
780,12,9,0.239583333333333,0.177083333333333,1,23,23,0.402223145684763
781,13,9,0.260416666666667,0.177083333333333,1,23,23,0.386014176898456
782,14,9,0.28125,0.177083333333333,1,23,23,0.370154808311732
783,15,9,0.302083333333333,0.177083333333333,1,14,14,0.354680082324459
784,16,9,0.322916666666667,0.177083333333333,1,22,22,0.339628850873784
785,17,9,0.34375,0.177083333333333,1,24,24,0.325044083334574
786,18,9,0.364583333333333,0.177083333333333,1,18,18,0.310973139792055
787,19,9,0.385416666666667,0.177083333333333,1,9,9,0.297467979477335
788,20,9,0.40625,0.177083333333333,1,18,18,0.284585264327695
789,21,9,0.427083333333333,0.177083333333333,1,14,14,0.272386306958957
790,22,9,0.447916666666667,0.177083333333333,1,13,13,0.260936802136814
791,23,9,0.46875,0.177083333333333,1,25,25,0.250306273388814
792,24,9,0.489583333333333,0.177083333333333,1,19,19,0.24056716511013
793,25,9,0.510416666666667,0.177083333333333,1,29,29,0.231793519774818
794,26,9,0.53125,0.177083333333333,1,15,15,0.224059204369119
795,27,9,0.552083333333333,0.177083333333333,1,19,19,0.217435693462061
796,28,9,0.572916666666667,0.177083333333333,1,11,11,0.211989478581609
797,29,9,0.59375,0.177083333333333,1,20,20,0.207779249055078
798,30,9,0.614583333333333,0.177083333333333,1,28,28,0.204853065075411
799,31,9,0.635416666666667,0.177083333333333,1,34,34,0.203245800007088
800,32,9,0.65625,0.177083333333333,1,21,21,0.202977144874233
801,33,9,0.677083333333333,0.177083333333333,1,4,4,0.204050429031587
802,34,9,0.697916666666667,0.177083333333333,1,23,23,0.206452416985317
803,35,9,0.71875,0.177083333333333,1,14,14,0.210154109638379
804,36,9,0.739583333333333,0.177083333333333,1,22,22,0.215112439670959
805,37,9,0.760416666666667,0.177083333333333,1,29,29,0.221272638646711
806,38,9,0.78125,0.177083333333333,1,23,23,0.228570991494001
807,39,9,0.802083333333333,0.177083333333333,1,13,13,0.236937689084368
808,40,9,0.822916666666667,0.177083333333333,1,13,13,0.246299532107567
809,41,9,0.84375,0.177083333333333,1,17,17,0.256582309875426
810,42,9,0.864583333333333,0.177083333333333,1,16,16,0.267712755213903
811,43,9,0.885416666666667,0.177083333333333,1,8,8,0.279620045237417
812,44,9,0.90625,0.177083333333333,1,23,23,0.292236868937157
813,45,9,0.927083333333333,0.177083333333333,1,8,8,0.305500114244664
814,46,9,0.947916666666667,0.177083333333333,1,27,27,0.319351242047737
815,47,9,0.96875,0.177083333333333,1,27,27,0.333736416999023
816,48,9,0.989583333333333,0.177083333333333,1,30,30,0.348606459504016
817,49,9,1.01041666666667,0.177083333333333,1,17,17,0.363916673841915
818,50,9,1.03125,0.177083333333333,1,10,10,0.379626596681073
819,51,9,1.05208333333333,0.177083333333333,1,29,29,0.395699699976212
820,52,9,1.07291666666667,0.177083333333333,1,24,24,0.412103073243855
821,53,9,1.09375,0.177083333333333,1,12,12,0.428807102824946
822,54,9,1.11458333333333,0.177083333333333,1,22,22,0.445785159952276
823,55,9,1.13541666666667,0.177083333333333,1,17,17,0.463013305070209
824,56,9,1.15625,0.177083333333333,1,21,21,0.480470012666004
825,57,9,1.17708333333333,0.177083333333333,1,22,22,0.498135918620564
826,58,9,1.19791666666667,0.177083333333333,1,17,17,0.515993590551212
827,59,9,1.21875,0.177083333333333,1,23,23,0.53402732061521
828,60,9,1.23958333333333,0.177083333333333,1,17,17,0.552222939623125
829,61,9,1.26041666666667,0.177083333333333,1,12,12,0.570567650962276
830,62,9,1.28125,0.177083333333333,1,20,20,0.589049882667723
831,63,9,1.30208333333333,0.177083333333333,1,24,24,0.60765915593925
832,64,9,1.32291666666667,0.177083333333333,1,15,15,0.626385968443197
833,65,9,1.34375,0.177083333333333,1,16,16,0.645221690826332
834,66,9,1.36458333333333,0.177083333333333,1,12,12,0.664158474983781
835,67,9,1.38541666666667,0.177083333333333,1,13,13,0.683189172749622
836,68,9,1.40625,0.177083333333333,1,27,27,0.702307263807825
837,69,9,1.42708333333333,0.177083333333333,1,15,15,0.721506791746541
838,70,9,1.44791666666667,0.177083333333333,1,22,22,0.740782307297005
839,71,9,1.46875,0.177083333333333,1,23,23,0.760128817907419
840,72,9,1.48958333333333,0.177083333333333,1,24,24,0.779541742901474
841,73,9,1.51041666666667,0.177083333333333,1,32,32,0.799016873560485
842,74,9,1.53125,0.177083333333333,1,22,22,0.818550337547812
843,75,9,1.55208333333333,0.177083333333333,1,16,16,0.838138567164942
844,76,9,1.57291666666667,0.177083333333333,1,13,13,0.857778270991037
845,77,9,1.59375,0.177083333333333,1,22,22,0.877466408512643
846,78,9,1.61458333333333,0.177083333333333,1,13,13,0.897200167398509
847,79,9,1.63541666666667,0.177083333333333,1,19,19,0.916976943116652
848,80,9,1.65625,0.177083333333333,1,15,15,0.936794320627771
849,81,9,1.67708333333333,0.177083333333333,1,26,26,0.956650057921432
850,82,9,1.69791666666667,0.177083333333333,1,5,5,0.976542071189651
851,83,9,1.71875,0.177083333333333,1,25,25,0.996468421457191
852,84,9,1.73958333333333,0.177083333333333,1,7,7,1.01642730250944
853,85,9,1.76041666666667,0.177083333333333,1,31,31,1.0364170299776
854,86,9,1.78125,0.177083333333333,1,25,25,1.05643603145735
855,87,9,1.80208333333333,0.177083333333333,1,19,19,1.07648283755161
856,88,9,1.82291666666667,0.177083333333333,1,12,12,1.09655607374077
857,89,9,1.84375,0.177083333333333,1,29,29,1.11665445299449
858,90,9,1.86458333333333,0.177083333333333,1,23,23,1.13677676904939
859,91,9,1.88541666666667,0.177083333333333,1,25,25,1.15692189028495
860,92,9,1.90625,0.177083333333333,1,22,22,1.17708875413794
861,93,9,1.92708333333333,0.177083333333333,1,4,4,1.19727636200187
862,94,9,1.94791666666667,0.177083333333333,1,21,21,1.2174837745641
863,95,9,1.96875,0.177083333333333,1,11,11,1.2377101075381
864,96,9,1.98958333333333,0.177083333333333,1,25,25,1.2579545277532
865,1,10,0.0104166666666667,0.197916666666667,1,25,25,0.587333853675586
866,2,10,0.03125,0.197916666666667,1,24,24,0.56855348577854
867,3,10,0.0520833333333333,0.197916666666667,1,14,14,0.549894529426503
868,4,10,0.0729166666666667,0.197916666666667,1,21,21,0.531367418504249
869,5,10,0.09375,0.197916666666667,1,18,18,0.512983730263091
870,6,10,0.114583333333333,0.197916666666667,1,15,15,0.494756331583679
871,7,10,0.135416666666667,0.197916666666667,1,22,22,0.476699545183522
872,8,10,0.15625,0.197916666666667,1,16,16,0.45882933821445
873,9,10,0.177083333333333,0.197916666666667,1,21,21,0.441163535779802
874,10,10,0.197916666666667,0.197916666666667,1,17,17,0.423722061862084
875,11,10,0.21875,0.197916666666667,1,14,14,0.406527209912059
876,12,10,0.239583333333333,0.197916666666667,1,10,10,0.389603944799837
877,13,10,0.260416666666667,0.197916666666667,1,22,22,0.372980236813697
878,14,10,0.28125,0.197916666666667,1,16,16,0.356687426704101
879,15,10,0.302083333333333,0.197916666666667,1,20,20,0.340760618132911
880,16,10,0.322916666666667,0.197916666666667,1,25,25,0.325239089953052
881,17,10,0.34375,0.197916666666667,1,14,14,0.310166715097505
882,18,10,0.364583333333333,0.197916666666667,1,15,15,0.295592365051247
883,19,10,0.385416666666667,0.197916666666667,1,25,25,0.281570268515431
884,20,10,0.40625,0.197916666666667,1,20,20,0.268160279752808
885,21,10,0.427083333333333,0.197916666666667,1,24,24,0.255427996499403
886,22,10,0.447916666666667,0.197916666666667,1,25,25,0.243444650378691
887,23,10,0.46875,0.197916666666667,1,12,12,0.232286676980237
888,24,10,0.489583333333333,0.197916666666667,1,20,20,0.222034862583074
889,25,10,0.510416666666667,0.197916666666667,1,24,24,0.21277296648349
890,26,10,0.53125,0.197916666666667,1,13,13,0.204585740256373
891,27,10,0.552083333333333,0.197916666666667,1,21,21,0.197556316090373
892,28,10,0.572916666666667,0.197916666666667,1,17,17,0.191763019865339
893,29,10,0.59375,0.197916666666667,1,19,19,0.187275776425311
894,30,10,0.614583333333333,0.197916666666667,1,27,27,0.184152396925547
895,31,10,0.635416666666667,0.197916666666667,1,25,25,0.182435139970356
896,32,10,0.65625,0.197916666666667,1,23,23,0.182147981588125
897,33,10,0.677083333333333,0.197916666666667,1,19,19,0.183294983839532
898,34,10,0.697916666666667,0.197916666666667,1,22,22,0.185860012460312
899,35,10,0.71875,0.197916666666667,1,36,36,0.189807848153945
900,36,10,0.739583333333333,0.197916666666667,1,11,11,0.195086518100805
901,37,10,0.760416666666667,0.197916666666667,1,32,32,0.201630503148497
902,38,10,0.78125,0.197916666666667,1,15,15,0.209364392091461
903,39,10,0.802083333333333,0.197916666666667,1,20,20,0.218206564920842
904,40,10,0.822916666666667,0.197916666666667,1,16,16,0.22807256985992
905,41,10,0.84375,0.197916666666667,1,21,21,0.238877977560309
906,42,10,0.864583333333333,0.197916666666667,1,19,19,0.250540614807908
907,43,10,0.885416666666667,0.197916666666667,1,30,30,0.262982176115576
908,44,10,0.90625,0.197916666666667,1,22,22,0.276129275335436
909,45,10,0.927083333333333,0.197916666666667,1,27,27,0.289914032315178
910,46,10,0.947916666666667,0.197916666666667,1,18,18,0.304274298721423
911,47,10,0.96875,0.197916666666667,1,20,20,0.319153620932104
912,48,10,0.989583333333333,0.197916666666667,1,17,17,0.33450102371233
913,49,10,1.01041666666667,0.197916666666667,1,11,11,0.350270681511073
914,50,10,1.03125,0.197916666666667,1,25,25,0.366421527872459
915,51,10,1.05208333333333,0.197916666666667,1,25,25,0.38291683927089
916,52,10,1.07291666666667,0.197916666666667,1,21,21,0.399723818217159
917,53,10,1.09375,0.197916666666667,1,20,20,0.416813191695005
918,54,10,1.11458333333333,0.197916666666667,1,20,20,0.43415883453112
919,55,10,1.13541666666667,0.197916666666667,1,18,18,0.451737422734908
920,56,10,1.15625,0.197916666666667,1,16,16,0.46952811873377
921,57,10,1.17708333333333,0.197916666666667,1,20,20,0.487512288398807
922,58,10,1.19791666666667,0.197916666666667,1,13,13,0.505673248500277
923,59,10,1.21875,0.197916666666667,1,24,24,0.523996042517171
924,60,10,1.23958333333333,0.197916666666667,1,28,28,0.542467242376725
925,61,10,1.26041666666667,0.197916666666667,1,16,16,0.56107477359114
926,62,10,1.28125,0.197916666666667,1,9,9,0.579807761301472
927,63,10,1.30208333333333,0.197916666666667,1,22,22,0.598656394870935
928,64,10,1.32291666666667,0.197916666666667,1,14,14,0.617611808850398
929,65,10,1.34375,0.197916666666667,1,17,17,0.636665978340362
930,66,10,1.36458333333333,0.197916666666667,1,16,16,0.65581162697884
931,67,10,1.38541666666667,0.197916666666667,1,27,27,0.67504214598277
932,68,10,1.40625,0.197916666666667,1,11,11,0.694351522855933
933,69,10,1.42708333333333,0.197916666666667,1,18,18,0.713734278545762
934,70,10,1.44791666666667,0.197916666666667,1,24,24,0.73318541198395
935,71,10,1.46875,0.197916666666667,1,27,27,0.752700351081502
936,72,10,1.48958333333333,0.197916666666667,1,17,17,0.772274909368681
937,73,10,1.51041666666667,0.197916666666667,1,22,22,0.791905247575402
938,74,10,1.53125,0.197916666666667,1,33,33,0.811587839539449
939,75,10,1.55208333333333,0.197916666666667,1,17,17,0.831319441909791
940,76,10,1.57291666666667,0.197916666666667,1,7,7,0.851097067181695
941,77,10,1.59375,0.197916666666667,1,13,13,0.870917959660525
942,78,10,1.61458333333333,0.197916666666667,1,26,26,0.890779574003265
943,79,10,1.63541666666667,0.197916666666667,1,29,29,0.910679556031952
944,80,10,1.65625,0.197916666666667,1,18,18,0.930615725552296
945,81,10,1.67708333333333,0.197916666666667,1,20,20,0.950586060944607
946,82,10,1.69791666666667,0.197916666666667,1,18,18,0.970588685323461
947,83,10,1.71875,0.197916666666667,1,5,5,0.99062185408796
948,84,10,1.73958333333333,0.197916666666667,1,34,34,1.01068394370644
949,85,10,1.76041666666667,0.197916666666667,1,24,24,1.03077344159869
950,86,10,1.78125,0.197916666666667,1,21,21,1.05088893699521
951,87,10,1.80208333333333,0.197916666666667,1,17,17,1.07102911266779
952,88,10,1.82291666666667,0.197916666666667,1,22,22,1.09119273743786
953,89,10,1.84375,0.197916666666667,1,16,16,1.11137865938052
954,90,10,1.86458333333333,0.197916666666667,1,19,19,1.13158579965134
955,91,10,1.88541666666667,0.197916666666667,1,17,17,1.15181314687164
956,92,10,1.90625,0.197916666666667,1,19,19,1.17205975201528
957,93,10,1.92708333333333,0.197916666666667,1,22,22,1.19232472374621
958,94,10,1.94791666666667,0.197916666666667,1,19,19,1.21260722416205
959,95,10,1.96875,0.197916666666667,1,24,24,1.23290646490353
960,96,10,1.98958333333333,0.197916666666667,1,17,17,1.25322170359422
961,1,11,0.0104166666666667,0.21875,1,16,16,0.578690491403581
962,2,11,0.03125,0.21875,1,20,20,0.559671336014695
963,3,11,0.0520833333333333,0.21875,1,31,31,0.54076160812942
964,4,11,0.0729166666666667,0.21875,1,15,15,0.521970977623686
965,5,11,0.09375,0.21875,1,22,22,0.503310215703224
966,6,11,0.114583333333333,0.21875,1,25,25,0.484791343724796
967,7,11,0.135416666666667,0.21875,1,18,18,0.466427804119522
968,8,11,0.15625,0.21875,1,21,21,0.448234656634035
969,9,11,0.177083333333333,0.21875,1,23,23,0.430228803418279
970,10,11,0.197916666666667,0.21875,1,24,24,0.412429246734041
971,11,11,0.21875,0.21875,1,24,24,0.394857383165474
972,12,11,0.239583333333333,0.21875,1,22,22,0.377537338074016
973,13,11,0.260416666666667,0.21875,1,22,22,0.360496343494007
974,14,11,0.28125,0.21875,1,24,24,0.343765161477229
975,15,11,0.302083333333333,0.21875,1,25,25,0.32737855273185
976,16,11,0.322916666666667,0.21875,1,31,31,0.311375786808259
977,17,11,0.34375,0.21875,1,21,21,0.295801184461997
978,18,11,0.364583333333333,0.21875,1,19,19,0.280704674431321
979,19,11,0.385416666666667,0.21875,1,19,19,0.266142334868605
980,20,11,0.40625,0.21875,1,20,20,0.252176873273985
981,21,11,0.427083333333333,0.21875,1,26,26,0.238877977560309
982,22,11,0.447916666666667,0.21875,1,19,19,0.226322445289229
983,23,11,0.46875,0.21875,1,33,33,0.214593970358104
984,24,11,0.489583333333333,0.21875,1,32,32,0.203782441532033
985,25,11,0.510416666666667,0.21875,1,22,22,0.193982594174334
986,26,11,0.53125,0.21875,1,33,33,0.185291868545495
987,27,11,0.552083333333333,0.21875,1,15,15,0.177807380887565
988,28,11,0.572916666666667,0.21875,1,19,19,0.171622020392456
989,29,11,0.59375,0.21875,1,20,20,0.166819847639594
990,30,11,0.614583333333333,0.21875,1,22,22,0.163471167454078
991,31,11,0.635416666666667,0.21875,1,23,23,0.16162783262865
992,32,11,0.65625,0.21875,1,25,25,0.161319435873172
993,33,11,0.677083333333333,0.21875,1,12,12,0.162551003262145
994,34,11,0.697916666666667,0.21875,1,21,21,0.165302592775538
995,35,11,0.71875,0.21875,1,22,22,0.169530870547512
996,36,11,0.739583333333333,0.21875,1,23,23,0.175172383720278
997,37,11,0.760416666666667,0.21875,1,29,29,0.182147981588125
998,38,11,0.78125,0.21875,1,13,13,0.190367725448378
999,39,11,0.802083333333333,0.21875,1,18,18,0.199735676423163
1000,40,11,0.822916666666667,0.21875,1,20,20,0.210154109638379
1001,41,11,0.84375,0.21875,1,15,15,0.221526902307856
1002,42,11,0.864583333333333,0.21875,1,19,19,0.233762023745405
1003,43,11,0.885416666666667,0.21875,1,10,10,0.246773185285463
1004,44,11,0.90625,0.21875,1,20,20,0.260480781380611
1005,45,11,0.927083333333333,0.21875,1,18,18,0.274812279585009
1006,46,11,0.947916666666667,0.21875,1,19,19,0.289702212317407
1007,47,11,0.96875,0.21875,1,29,29,0.305091901828299
1008,48,11,0.989583333333333,0.21875,1,20,20,0.320929022380902
1009,49,11,1.01041666666667,0.21875,1,16,16,0.337167076801371
1010,50,11,1.03125,0.21875,1,25,25,0.353764841456181
1011,51,11,1.05208333333333,0.21875,1,22,22,0.370685815409865
1012,52,11,1.07291666666667,0.21875,1,21,21,0.387897695844788
1013,53,11,1.09375,0.21875,1,4,4,0.405371892091688
1014,54,11,1.11458333333333,0.21875,1,14,14,0.423083083985417
1015,55,11,1.13541666666667,0.21875,1,18,18,0.441008825935722
1016,56,11,1.15625,0.21875,1,13,13,0.459129195430519
1017,57,11,1.17708333333333,0.21875,1,23,23,0.477426483157365
1018,58,11,1.19791666666667,0.21875,1,28,28,0.495884921159068
1019,59,11,1.21875,0.21875,1,29,29,0.514490445160524
1020,60,11,1.23958333333333,0.21875,1,19,19,0.53323048722824
1021,61,11,1.26041666666667,0.21875,1,20,20,0.552093795124196
1022,62,11,1.28125,0.21875,1,27,27,0.571070275008266
1023,63,11,1.30208333333333,0.21875,1,20,20,0.590150854474675
1024,64,11,1.32291666666667,0.21875,1,25,25,0.609327363244913
1025,65,11,1.34375,0.21875,1,23,23,0.628592429162892
1026,66,11,1.36458333333333,0.21875,1,21,21,0.647939387437432
1027,67,11,1.38541666666667,0.21875,1,12,12,0.667362201347709
1028,68,11,1.40625,0.21875,1,20,20,0.686855392867892
1029,69,11,1.42708333333333,0.21875,1,27,27,0.706413981878601
1030,70,11,1.44791666666667,0.21875,1,19,19,0.726033432817193
1031,71,11,1.46875,0.21875,1,15,15,0.745709607778497
1032,72,11,1.48958333333333,0.21875,1,13,13,0.765438725215422
1033,73,11,1.51041666666667,0.21875,1,25,25,0.785217323507332
1034,74,11,1.53125,0.21875,1,24,24,0.805042228765801
1035,75,11,1.55208333333333,0.21875,1,25,25,0.824910526334519
1036,76,11,1.57291666666667,0.21875,1,22,22,0.84481953551486
1037,77,11,1.59375,0.21875,1,14,14,0.864766787112563
1038,78,11,1.61458333333333,0.21875,1,20,20,0.884750003455807
1039,79,11,1.63541666666667,0.21875,1,20,20,0.904767080581946
1040,80,11,1.65625,0.21875,1,24,24,0.924816072330437
1041,81,11,1.67708333333333,0.21875,1,22,22,0.944895176114114
1042,82,11,1.69791666666667,0.21875,1,12,12,0.965002720170681
1043,83,11,1.71875,0.21875,1,19,19,0.985137152121853
1044,84,11,1.73958333333333,0.21875,1,14,14,1.00529702868966
1045,85,11,1.76041666666667,0.21875,1,23,23,1.02548100643839
1046,86,11,1.78125,0.21875,1,12,12,1.04568783342711
1047,87,11,1.80208333333333,0.21875,1,19,19,1.06591634167189
1048,88,11,1.82291666666667,0.21875,1,21,21,1.08616544032916
1049,89,11,1.84375,0.21875,1,12,12,1.1064341095224
1050,90,11,1.86458333333333,0.21875,1,31,31,1.12672139474347
1051,91,11,1.88541666666667,0.21875,1,12,12,1.14702640176824
1052,92,11,1.90625,0.21875,1,23,23,1.16734829203289
1053,93,11,1.92708333333333,0.21875,1,18,18,1.18768627842376
1054,94,11,1.94791666666667,0.21875,1,21,21,1.20803962143872
1055,95,11,1.96875,0.21875,1,14,14,1.22840762568298
1056,96,11,1.98958333333333,0.21875,1,25,25,1.24878963666607
1057,1,12,0.0104166666666667,0.239583333333333,1,28,28,0.570567650962276
1058,2,12,0.03125,0.239583333333333,1,20,20,0.551318406404724
1059,3,12,0.0520833333333333,0.239583333333333,1,16,16,0.532166528239188
1060,4,12,0.0729166666666667,0.239583333333333,1,29,29,0.513120852514659
1061,5,12,0.09375,0.239583333333333,1,18,18,0.49419125911867
1062,6,12,0.114583333333333,0.239583333333333,1,19,19,0.475388820202582
1063,7,12,0.135416666666667,0.239583333333333,1,15,15,0.456725972383958
1064,8,12,0.15625,0.239583333333333,1,23,23,0.438216716677114
1065,9,12,0.177083333333333,0.239583333333333,1,24,24,0.419876850669566
1066,10,12,0.197916666666667,0.239583333333333,1,22,22,0.401724238037256
1067,11,12,0.21875,0.239583333333333,1,28,28,0.383779121022078
1068,12,12,0.239583333333333,0.239583333333333,1,23,23,0.366064481890578
1069,13,12,0.260416666666667,0.239583333333333,1,22,22,0.348606459504016
1070,14,12,0.28125,0.239583333333333,1,18,18,0.331434826722283
1071,15,12,0.302083333333333,0.239583333333333,1,24,24,0.314583533077615
1072,16,12,0.322916666666667,0.239583333333333,1,15,15,0.298091314454417
1073,17,12,0.34375,0.239583333333333,1,19,19,0.282002366632061
1074,18,12,0.364583333333333,0.239583333333333,1,14,14,0.266367071434522
1075,19,12,0.385416666666667,0.239583333333333,1,23,23,0.251242751519212
1076,20,12,0.40625,0.239583333333333,1,23,23,0.23669441091469
1077,21,12,0.427083333333333,0.239583333333333,1,20,20,0.222795391677828
1078,22,12,0.447916666666667,0.239583333333333,1,23,23,0.209627841495358
1079,23,12,0.46875,0.239583333333333,1,21,21,0.197282843497372
1080,24,12,0.489583333333333,0.239583333333333,1,8,8,0.185860012460312
1081,25,12,0.510416666666667,0.239583333333333,1,20,20,0.175466321637885
1082,26,12,0.53125,0.239583333333333,1,22,22,0.166213910873979
1083,27,12,0.552083333333333,0.239583333333333,1,16,16,0.158216667165878
1084,28,12,0.572916666666667,0.239583333333333,1,29,29,0.151585494007975
1085,29,12,0.59375,0.239583333333333,1,23,23,0.146422414180522
1086,30,12,0.614583333333333,0.239583333333333,1,24,24,0.142813965678302
1087,31,12,0.635416666666667,0.239583333333333,1,8,8,0.140824680367654
1088,32,12,0.65625,0.239583333333333,1,23,23,0.140491655869776
1089,33,12,0.677083333333333,0.239583333333333,1,24,24,0.141821212322879
1090,34,12,0.697916666666667,0.239583333333333,1,16,16,0.144788306430292
1091,35,12,0.71875,0.239583333333333,1,16,16,0.149338825232787
1092,36,12,0.739583333333333,0.239583333333333,1,24,24,0.155394288046954
1093,37,12,0.760416666666667,0.239583333333333,1,18,18,0.162858057257621
1094,38,12,0.78125,0.239583333333333,1,26,26,0.171622020392456
1095,39,12,0.802083333333333,0.239583333333333,1,26,26,0.181572844526087
1096,40,12,0.822916666666667,0.239583333333333,1,21,21,0.192597207103469
1097,41,12,0.84375,0.239583333333333,1,16,16,0.204585740256373
1098,42,12,0.864583333333333,0.239583333333333,1,18,18,0.217435693462061
1099,43,12,0.885416666666667,0.239583333333333,1,27,27,0.231052484996506
1100,44,12,0.90625,0.239583333333333,1,24,24,0.245350383574149
1101,45,12,0.927083333333333,0.239583333333333,1,17,17,0.260252565920191
1102,46,12,0.947916666666667,0.239583333333333,1,23,23,0.275690763798646
1103,47,12,0.96875,0.239583333333333,1,23,23,0.291604668070927
1104,48,12,0.989583333333333,0.239583333333333,1,16,16,0.307941211564808
1105,49,12,1.01041666666667,0.239583333333333,1,14,14,0.32465381353238
1106,50,12,1.03125,0.239583333333333,1,26,26,0.341701638266292
1107,51,12,1.05208333333333,0.239583333333333,1,11,11,0.35904889857114
1108,52,12,1.07291666666667,0.239583333333333,1,32,32,0.37666421979263
1109,53,12,1.09375,0.239583333333333,1,15,15,0.394520070335238
1110,54,12,1.11458333333333,0.239583333333333,1,26,26,0.412592258570183
1111,55,12,1.13541666666667,0.239583333333333,1,17,17,0.430859492570978
1112,56,12,1.15625,0.239583333333333,1,15,15,0.449302997337778
1113,57,12,1.17708333333333,0.239583333333333,1,23,23,0.467906183464297
1114,58,12,1.19791666666667,0.239583333333333,1,18,18,0.486654361138934
1115,59,12,1.21875,0.239583333333333,1,17,17,0.505534493675431
1116,60,12,1.23958333333333,0.239583333333333,1,18,18,0.524534985258537
1117,61,12,1.26041666666667,0.239583333333333,1,26,26,0.543645498155621
1118,62,12,1.28125,0.239583333333333,1,23,23,0.562856795219743
1119,63,12,1.30208333333333,0.239583333333333,1,15,15,0.582160604056429
1120,64,12,1.32291666666667,0.239583333333333,1,23,23,0.601549499726495
1121,65,12,1.34375,0.239583333333333,1,28,28,0.621016803303257
1122,66,12,1.36458333333333,0.239583333333333,1,13,13,0.640556493993415
1123,67,12,1.38541666666667,0.239583333333333,1,26,26,0.660163132869587
1124,68,12,1.40625,0.239583333333333,1,14,14,0.679831796553361
1125,69,12,1.42708333333333,0.239583333333333,1,15,15,0.699558019436222
1126,70,12,1.44791666666667,0.239583333333333,1,26,26,0.719337743237025
1127,71,12,1.46875,0.239583333333333,1,14,14,0.739167272874018
1128,72,12,1.48958333333333,0.239583333333333,1,20,20,0.759043237781219
1129,73,12,1.51041666666667,0.239583333333333,1,18,18,0.778962557927501
1130,74,12,1.53125,0.239583333333333,1,15,15,0.798922413905428
1131,75,12,1.55208333333333,0.239583333333333,1,14,14,0.818920220548879
1132,76,12,1.57291666666667,0.239583333333333,1,22,22,0.838953603616405
1133,77,12,1.59375,0.239583333333333,1,10,10,0.859020379143242
1134,78,12,1.61458333333333,0.239583333333333,1,23,23,0.879118535120945
1135,79,12,1.63541666666667,0.239583333333333,1,24,24,0.899246215211134
1136,80,12,1.65625,0.239583333333333,1,23,23,0.919401704240366
1137,81,12,1.67708333333333,0.239583333333333,1,19,19,0.939583415257567
1138,82,12,1.69791666666667,0.239583333333333,1,16,16,0.959789877964947
1139,83,12,1.71875,0.239583333333333,1,18,18,0.980019728358441
1140,84,12,1.73958333333333,0.239583333333333,1,14,14,1.00027169943526
1141,85,12,1.76041666666667,0.239583333333333,1,31,31,1.02054461284462
1142,86,12,1.78125,0.239583333333333,1,14,14,1.04083737137369
1143,87,12,1.80208333333333,0.239583333333333,1,11,11,1.0611489521742
1144,88,12,1.82291666666667,0.239583333333333,1,25,25,1.08147840064739
1145,89,12,1.84375,0.239583333333333,1,24,24,1.10182482491468
1146,90,12,1.86458333333333,0.239583333333333,1,30,30,1.12218739081062
1147,91,12,1.88541666666667,0.239583333333333,1,24,24,1.14256531734226
1148,92,12,1.90625,0.239583333333333,1,21,21,1.16295787256549
1149,93,12,1.92708333333333,0.239583333333333,1,17,17,1.18336436983506
1150,94,12,1.94791666666667,0.239583333333333,1,16,16,1.20378416438968
1151,95,12,1.96875,0.239583333333333,1,14,14,1.22421665023826
1152,96,12,1.98958333333333,0.239583333333333,1,16,16,1.24466125731708
1153,1,13,0.0104166666666667,0.260416666666667,1,26,26,0.562983904560634
1154,2,13,0.03125,0.260416666666667,1,10,10,0.543514684171429
1155,3,13,0.0520833333333333,0.260416666666667,1,16,16,0.5241308204774
1156,4,13,0.0729166666666667,0.260416666666667,1,20,20,0.50484025736361
1157,5,13,0.09375,0.260416666666667,1,26,26,0.485651910020196
1158,6,13,0.114583333333333,0.260416666666667,1,22,22,0.466575809725866
1159,7,13,0.135416666666667,0.260416666666667,1,8,8,0.447623273444241
1160,8,13,0.15625,0.260416666666667,1,20,20,0.428807102824946
1161,9,13,0.177083333333333,0.260416666666667,1,15,15,0.410141818028179
1162,10,13,0.197916666666667,0.260416666666667,1,28,28,0.391643932719708
1163,11,13,0.21875,0.260416666666667,1,11,11,0.37333227758896
1164,12,13,0.239583333333333,0.260416666666667,1,10,10,0.355228380769593
1165,13,13,0.260416666666667,0.260416666666667,1,21,21,0.337356914479515
1166,14,13,0.28125,0.260416666666667,1,17,17,0.319746217847421
1167,15,13,0.302083333333333,0.260416666666667,1,15,15,0.302428905918565
1168,16,13,0.322916666666667,0.260416666666667,1,12,12,0.285442573684061
1169,17,13,0.34375,0.260416666666667,1,18,18,0.268830600790513
1170,18,13,0.364583333333333,0.260416666666667,1,25,25,0.252643056049918
1171,19,13,0.385416666666667,0.260416666666667,1,33,33,0.236937689084368
1172,20,13,0.40625,0.260416666666667,1,30,30,0.221780976812799
1173,21,13,0.427083333333333,0.260416666666667,1,19,19,0.207249161784853
1174,22,13,0.447916666666667,0.260416666666667,1,18,18,0.193429174172128
1175,23,13,0.46875,0.260416666666667,1,22,22,0.180419267210196
1176,24,13,0.489583333333333,0.260416666666667,1,25,25,0.168329118466303
1177,25,13,0.510416666666667,0.260416666666667,1,13,13,0.15727906620507
1178,26,13,0.53125,0.260416666666667,1,25,25,0.147398085466428
1179,27,13,0.552083333333333,0.260416666666667,1,17,17,0.138820105907988
1180,28,13,0.572916666666667,0.260416666666667,1,26,26,0.131678393766507
1181,29,13,0.59375,0.260416666666667,1,23,23,0.126098021347412
1182,30,13,0.614583333333333,0.260416666666667,1,12,12,0.12218693996351
1183,31,13,0.635416666666667,0.260416666666667,1,21,21,0.12002676355403
1184,32,13,0.65625,0.260416666666667,1,18,18,0.119664841207698
1185,33,13,0.677083333333333,0.260416666666667,1,12,12,0.121109270986322
1186,34,13,0.697916666666667,0.260416666666667,1,30,30,0.124328018359654
1187,35,13,0.71875,0.260416666666667,1,23,23,0.129252354273959
1188,36,13,0.739583333333333,0.260416666666667,1,26,26,0.135783789991122
1189,37,13,0.760416666666667,0.260416666666667,1,34,34,0.143802983093234
1190,38,13,0.78125,0.260416666666667,1,18,18,0.153178945219267
1191,39,13,0.802083333333333,0.260416666666667,1,15,15,0.163777225810827
1192,40,13,0.822916666666667,0.260416666666667,1,12,12,0.175466321637885
1193,41,13,0.84375,0.260416666666667,1,27,27,0.188122112337156
1194,42,13,0.864583333333333,0.260416666666667,1,9,9,0.201630503148497
1195,43,13,0.885416666666667,0.260416666666667,1,13,13,0.215888643088086
1196,44,13,0.90625,0.260416666666667,1,16,16,0.230805125548518
1197,45,13,0.927083333333333,0.260416666666667,1,18,18,0.246299532107567
1198,46,13,0.947916666666667,0.260416666666667,1,19,19,0.262301600688369
1199,47,13,0.96875,0.260416666666667,1,14,14,0.278750217694124
1200,48,13,0.989583333333333,0.260416666666667,1,16,16,0.295592365051247
1201,49,13,1.01041666666667,0.260416666666667,1,21,21,0.312782101319154
1202,50,13,1.03125,0.260416666666667,1,26,26,0.330279619915349
1203,51,13,1.05208333333333,0.260416666666667,1,25,25,0.348050403862186
1204,52,13,1.07291666666667,0.260416666666667,1,26,26,0.366064481890577
1205,53,13,1.09375,0.260416666666667,1,23,23,0.384295782364984
1206,54,13,1.11458333333333,0.260416666666667,1,8,8,0.402721577153863
1207,55,13,1.13541666666667,0.260416666666667,1,19,19,0.421322005731236
1208,56,13,1.15625,0.260416666666667,1,13,13,0.440079669432047
1209,57,13,1.17708333333333,0.260416666666667,1,17,17,0.45897928623474
1210,58,13,1.19791666666667,0.260416666666667,1,25,25,0.478007397297243
1211,59,13,1.21875,0.260416666666667,1,14,14,0.497152117480862
1212,60,13,1.23958333333333,0.260416666666667,1,28,28,0.516402923119902
1213,61,13,1.26041666666667,0.260416666666667,1,15,15,0.535750471258356
1214,62,13,1.28125,0.260416666666667,1,17,17,0.555186445443857
1215,63,13,1.30208333333333,0.260416666666667,1,11,11,0.574703423931552
1216,64,13,1.32291666666667,0.260416666666667,1,14,14,0.594294766807715
1217,65,13,1.34375,0.260416666666667,1,14,14,0.613954519102588
1218,66,13,1.36458333333333,0.260416666666667,1,9,9,0.633677327434552
1219,67,13,1.38541666666667,0.260416666666667,1,30,30,0.653458368124763
1220,68,13,1.40625,0.260416666666667,1,9,9,0.673293285053587
1221,69,13,1.42708333333333,0.260416666666667,1,30,30,0.69317813580762
1222,70,13,1.44791666666667,0.260416666666667,1,25,25,0.713109344897508
1223,71,13,1.46875,0.260416666666667,1,28,28,0.733083663019701
1224,72,13,1.48958333333333,0.260416666666667,1,21,21,0.753098131496238
1225,73,13,1.51041666666667,0.260416666666667,1,8,8,0.773150051160995
1226,74,13,1.53125,0.260416666666667,1,13,13,0.793236955073058
1227,75,13,1.55208333333333,0.260416666666667,1,22,22,0.813356584531812
1228,76,13,1.57291666666667,0.260416666666667,1,20,20,0.833506867947065
1229,77,13,1.59375,0.260416666666667,1,17,17,0.85368590218361
1230,78,13,1.61458333333333,0.260416666666667,1,23,23,0.873891936055201
1231,79,13,1.63541666666667,0.260416666666667,1,24,24,0.894123355689807
1232,80,13,1.65625,0.260416666666667,1,36,36,0.914378671527556
1233,81,13,1.67708333333333,0.260416666666667,1,15,15,0.934656506746259
1234,82,13,1.69791666666667,0.260416666666667,1,22,22,0.954955586937846
1235,83,13,1.71875,0.260416666666667,1,17,17,0.975274730883129
1236,84,13,1.73958333333333,0.260416666666667,1,21,21,0.99561284229292
1237,85,13,1.76041666666667,0.260416666666667,1,18,18,1.01596890240104
1238,86,13,1.78125,0.260416666666667,1,19,19,1.03634196330978
1239,87,13,1.80208333333333,0.260416666666667,1,13,13,1.05673114200125
1240,88,13,1.82291666666667,0.260416666666667,1,19,19,1.07713561493907
1241,89,13,1.84375,0.260416666666667,1,8,8,1.09755461319446
1242,90,13,1.86458333333333,0.260416666666667,1,9,9,1.11798741803874
1243,91,13,1.88541666666667,0.260416666666667,1,19,19,1.13843335695177
1244,92,13,1.90625,0.260416666666667,1,14,14,1.15889180000151
1245,93,13,1.92708333333333,0.260416666666667,1,27,27,1.17936215655563
1246,94,13,1.94791666666667,0.260416666666667,1,9,9,1.19984387229029
1247,95,13,1.96875,0.260416666666667,1,13,13,1.2203364264658
1248,96,13,1.98958333333333,0.260416666666667,1,30,30,1.24083932944178
1249,1,14,0.0104166666666667,0.28125,1,18,18,0.555957397161817
1250,2,14,0.03125,0.28125,1,18,18,0.536279761229919
1251,3,14,0.0520833333333333,0.28125,1,16,16,0.516675665294173
1252,4,14,0.0729166666666667,0.28125,1,13,13,0.497152117480862
1253,5,14,0.09375,0.28125,1,28,28,0.477717010800262
1254,6,14,0.114583333333333,0.28125,1,28,28,0.458379260904508
1255,7,14,0.135416666666667,0.28125,1,13,13,0.43914896892013
1256,8,14,0.15625,0.28125,1,16,16,0.420037614430699
1257,9,14,0.177083333333333,0.28125,1,22,22,0.401058284754317
1258,10,14,0.197916666666667,0.28125,1,15,15,0.382225947933575
1259,11,14,0.21875,0.28125,1,22,22,0.363557778347117
1260,12,14,0.239583333333333,0.28125,1,27,27,0.34507354555788
1261,13,14,0.260416666666667,0.28125,1,15,15,0.326796078889588
1262,14,14,0.28125,0.28125,1,30,30,0.308751822153562
1263,15,14,0.302083333333333,0.28125,1,16,16,0.290971494685999
1264,16,14,0.322916666666667,0.28125,1,27,27,0.273490875935446
1265,17,14,0.34375,0.28125,1,24,24,0.256351730433115
1266,18,14,0.364583333333333,0.28125,1,16,16,0.239602886683507
1267,19,14,0.385416666666667,0.28125,1,25,25,0.223301475059135
1268,20,14,0.40625,0.28125,1,17,17,0.207514312664348
1269,21,14,0.427083333333333,0.28125,1,21,21,0.192319392253792
1270,22,14,0.447916666666667,0.28125,1,17,17,0.177807380887565
1271,23,14,0.46875,0.28125,1,22,22,0.164082954434088
1272,24,14,0.489583333333333,0.28125,1,28,28,0.15126568055035
1273,25,14,0.510416666666667,0.28125,1,20,20,0.139490018005403
1274,26,14,0.53125,0.28125,1,14,14,0.128903846896748
1275,27,14,0.552083333333333,0.28125,1,28,28,0.119664841207698
1276,28,14,0.572916666666667,0.28125,1,19,19,0.111934048336543
1277,29,14,0.59375,0.28125,1,27,27,0.105866387494908
1278,30,14,0.614583333333333,0.28125,1,19,19,0.101598517092912
1279,31,14,0.635416666666667,0.28125,1,11,11,0.0992355721846049
1280,32,14,0.65625,0.28125,1,19,19,0.098839267500145
1281,33,14,0.677083333333333,0.28125,1,25,25,0.100420211061609
1282,34,14,0.697916666666667,0.28125,1,17,17,0.103936529946421
1283,35,14,0.71875,0.28125,1,17,17,0.109299204098052
1284,36,14,0.739583333333333,0.28125,1,12,12,0.116382605348006
1285,37,14,0.760416666666667,0.28125,1,29,29,0.125037553811202
1286,38,14,0.78125,0.28125,1,19,19,0.135104145399482
1287,39,14,0.802083333333333,0.28125,1,7,7,0.146422414180522
1288,40,14,0.822916666666667,0.28125,1,19,19,0.158839982985065
1289,41,14,0.84375,0.28125,1,26,26,0.172216743189024
1290,42,14,0.864583333333333,0.28125,1,26,26,0.186427102986084
1291,43,14,0.885416666666667,0.28125,1,25,25,0.201360497641581
1292,44,14,0.90625,0.28125,1,22,22,0.216920799298589
1293,45,14,0.927083333333333,0.28125,1,30,30,0.233025121076548
1294,46,14,0.947916666666667,0.28125,1,16,16,0.2496023576464
1295,47,14,0.96875,0.28125,1,11,11,0.266591677354803
1296,48,14,0.989583333333333,0.28125,1,34,34,0.283941088251465
1297,49,14,1.01041666666667,0.28125,1,12,12,0.301606138607007
1298,50,14,1.03125,0.28125,1,27,27,0.319548774312931
1299,51,14,1.05208333333333,0.28125,1,16,16,0.337736353640875
1300,52,14,1.07291666666667,0.28125,1,17,17,0.356140808421673
1301,53,14,1.09375,0.28125,1,23,23,0.374737935679083
1302,54,14,1.11458333333333,0.28125,1,8,8,0.393506802400037
1303,55,14,1.13541666666667,0.28125,1,19,19,0.41242924673404
1304,56,14,1.15625,0.28125,1,14,14,0.431489460461394
1305,57,14,1.17708333333333,0.28125,1,27,27,0.450673639462852
1306,58,14,1.19791666666667,0.28125,1,16,16,0.469969690841073
1307,59,14,1.21875,0.28125,1,26,26,0.489366987126805
1308,60,14,1.23958333333333,0.28125,1,29,29,0.508856159582177
1309,61,14,1.26041666666667,0.28125,1,32,32,0.528428923972739
1310,62,14,1.28125,0.28125,1,14,14,0.548077933328141
1311,63,14,1.30208333333333,0.28125,1,20,20,0.56779665316946
1312,64,14,1.32291666666667,0.28125,1,26,26,0.58757925547445
1313,65,14,1.34375,0.28125,1,20,20,0.607420528305326
1314,66,14,1.36458333333333,0.28125,1,11,11,0.627315798560272
1315,67,14,1.38541666666667,0.28125,1,32,32,0.647260865749786
1316,68,14,1.40625,0.28125,1,30,30,0.667251945059522
1317,69,14,1.42708333333333,0.28125,1,26,26,0.687285618256912
1318,70,14,1.44791666666667,0.28125,1,10,10,0.707358791241408
1319,71,14,1.46875,0.28125,1,16,16,0.727468657237541
1320,72,14,1.48958333333333,0.28125,1,18,18,0.747612664794095
1321,73,14,1.51041666666667,0.28125,1,25,25,0.767788489888091
1322,74,14,1.53125,0.28125,1,26,26,0.787994011544129
1323,75,14,1.55208333333333,0.28125,1,14,14,0.808227290472424
1324,76,14,1.57291666666667,0.28125,1,15,15,0.82848655030586
1325,77,14,1.59375,0.28125,1,26,26,0.848770161080532
1326,78,14,1.61458333333333,0.28125,1,30,30,0.869076624657789
1327,79,14,1.63541666666667,0.28125,1,25,25,0.889404561830609
1328,80,14,1.65625,0.28125,1,19,19,0.909752700894734
1329,81,14,1.67708333333333,0.28125,1,24,24,0.930119867496616
1330,82,14,1.69791666666667,0.28125,1,21,21,0.950504975596927
1331,83,14,1.71875,0.28125,1,25,25,0.970907019410912
1332,84,14,1.73958333333333,0.28125,1,10,10,0.991325066206003
1333,85,14,1.76041666666667,0.28125,1,22,22,1.01175824985335
1334,86,14,1.78125,0.28125,1,25,25,1.03220576504373
1335,87,14,1.80208333333333,0.28125,1,22,22,1.05266686209019
1336,88,14,1.82291666666667,0.28125,1,20,20,1.07314084224975
1337,89,14,1.84375,0.28125,1,15,15,1.09362705350532
1338,90,14,1.86458333333333,0.28125,1,16,16,1.11412488675624
1339,91,14,1.88541666666667,0.28125,1,24,24,1.13463377237255
1340,92,14,1.90625,0.28125,1,19,19,1.15515317707325
1341,93,14,1.92708333333333,0.28125,1,16,16,1.17568260109402
1342,94,14,1.94791666666667,0.28125,1,8,8,1.19622157561374
1343,95,14,1.96875,0.28125,1,26,26,1.21676966041274
1344,96,14,1.98958333333333,0.28125,1,16,16,1.23732644173922
1345,1,15,0.0104166666666667,0.302083333333333,1,24,24,0.549505673778962
1346,2,15,0.03125,0.302083333333333,1,7,7,0.529632641917295
1347,3,15,0.0520833333333333,0.302083333333333,1,20,20,0.509821678907786
1348,4,15,0.0729166666666667,0.302083333333333,1,22,22,0.490078831427182
1349,5,15,0.09375,0.302083333333333,1,24,24,0.470410932693869
1350,6,15,0.114583333333333,0.302083333333333,1,23,23,0.450825729876369
1351,7,15,0.135416666666667,0.302083333333333,1,24,24,0.431332035971871
1352,8,15,0.15625,0.302083333333333,1,19,19,0.411939911497948
1353,9,15,0.177083333333333,0.302083333333333,1,21,21,0.392660882607163
1354,10,15,0.197916666666667,0.302083333333333,1,13,13,0.373508203804377
1355,11,15,0.21875,0.302083333333333,1,7,7,0.354497175380891
1356,12,15,0.239583333333333,0.302083333333333,1,29,29,0.335645528039311
1357,13,15,0.260416666666667,0.302083333333333,1,16,16,0.316973890015817
1358,14,15,0.28125,0.302083333333333,1,21,21,0.298506355321451
1359,15,15,0.302083333333333,0.302083333333333,1,24,24,0.280271175440961
1360,16,15,0.322916666666667,0.302083333333333,1,24,24,0.262301600688369
1361,17,15,0.34375,0.302083333333333,1,12,12,0.244636900826623
1362,18,15,0.364583333333333,0.302083333333333,1,13,13,0.227323596312654
1363,19,15,0.385416666666667,0.302083333333333,1,24,24,0.210416929381989
1364,20,15,0.40625,0.302083333333333,1,28,28,0.193982594174334
1365,21,15,0.427083333333333,0.302083333333333,1,16,16,0.178098720598097
1366,22,15,0.447916666666667,0.302083333333333,1,23,23,0.162858057257621
1367,23,15,0.46875,0.302083333333333,1,13,13,0.148370209681411
1368,24,15,0.489583333333333,0.302083333333333,1,14,14,0.13476364318499
1369,25,15,0.510416666666667,0.302083333333333,1,26,26,0.12218693996351
1370,26,15,0.53125,0.302083333333333,1,22,22,0.110808512504293
1371,27,15,0.552083333333333,0.302083333333333,1,26,26,0.100813678370602
1372,28,15,0.572916666666667,0.302083333333333,1,15,15,0.0923978512655489
1373,29,15,0.59375,0.302083333333333,1,11,11,0.0857548770854399
1374,30,15,0.614583333333333,0.302083333333333,1,19,19,0.0810605561074132
1375,31,15,0.635416666666667,0.302083333333333,1,19,19,0.0784532200684977
1376,32,15,0.65625,0.302083333333333,1,27,27,0.0780153262867409
1377,33,15,0.677083333333333,0.302083333333333,1,20,20,0.0797611420894687
1378,34,15,0.697916666666667,0.302083333333333,1,31,31,0.08363451055479
1379,35,15,0.71875,0.302083333333333,1,12,12,0.0895174681129105
1380,36,15,0.739583333333333,0.302083333333333,1,22,22,0.0972468194371452
1381,37,15,0.760416666666667,0.302083333333333,1,30,30,0.10663372922454
1382,38,15,0.78125,0.302083333333333,1,26,26,0.117481724443049
1383,39,15,0.802083333333333,0.302083333333333,1,28,28,0.129600375044234
1384,40,15,0.822916666666667,0.302083333333333,1,31,31,0.142813965678302
1385,41,15,0.84375,0.302083333333333,1,4,4,0.156965827214197
1386,42,15,0.864583333333333,0.302083333333333,1,19,19,0.171919533243133
1387,43,15,0.885416666666667,0.302083333333333,1,24,24,0.187558147167148
1388,44,15,0.90625,0.302083333333333,1,20,20,0.203782441532033
1389,45,15,0.927083333333333,0.302083333333333,1,12,12,0.220508708487104
1390,46,15,0.947916666666667,0.302083333333333,1,15,15,0.237666530754867
1391,47,15,0.96875,0.302083333333333,1,25,25,0.255196707667384
1392,48,15,0.989583333333333,0.302083333333333,1,24,24,0.273049420839444
1393,49,15,1.01041666666667,0.302083333333333,1,23,23,0.291182660815793
1394,50,15,1.03125,0.302083333333333,1,20,20,0.309560903067824
1395,51,15,1.05208333333333,0.302083333333333,1,16,16,0.328154006887017
1396,52,15,1.07291666666667,0.302083333333333,1,24,24,0.346936306029943
1397,53,15,1.09375,0.302083333333333,1,21,21,0.365885860510927
1398,54,15,1.11458333333333,0.302083333333333,1,13,13,0.384983841875713
1399,55,15,1.13541666666667,0.302083333333333,1,20,20,0.404214028066993
1400,56,15,1.15625,0.302083333333333,1,26,26,0.423562387812516
1401,57,15,1.17708333333333,0.302083333333333,1,19,19,0.443016737959203
1402,58,15,1.19791666666667,0.302083333333333,1,14,14,0.462566460204804
1403,59,15,1.21875,0.302083333333333,1,20,20,0.482202266223272
1404,60,15,1.23958333333333,0.302083333333333,1,19,19,0.501916002277549
1405,61,15,1.26041666666667,0.302083333333333,1,22,22,0.521700486121749
1406,62,15,1.28125,0.302083333333333,1,18,18,0.541549370375669
1407,63,15,1.30208333333333,0.302083333333333,1,30,30,0.561457027666129
1408,64,15,1.32291666666667,0.302083333333333,1,15,15,0.581418453722328
1409,65,15,1.34375,0.302083333333333,1,21,21,0.601429185328986
1410,66,15,1.36458333333333,0.302083333333333,1,25,25,0.621485230616377
1411,67,15,1.38541666666667,0.302083333333333,1,25,25,0.641583009628993
1412,68,15,1.40625,0.302083333333333,1,17,17,0.661719303487156
1413,69,15,1.42708333333333,0.302083333333333,1,18,18,0.681891210756727
1414,70,15,1.44791666666667,0.302083333333333,1,16,16,0.70209610988551
1415,71,15,1.46875,0.302083333333333,1,26,26,0.72233162676255
1416,72,15,1.48958333333333,0.302083333333333,1,4,4,0.742595606617351
1417,73,15,1.51041666666667,0.302083333333333,1,30,30,0.762886089607386
1418,74,15,1.53125,0.302083333333333,1,18,18,0.783201289549813
1419,75,15,1.55208333333333,0.302083333333333,1,16,16,0.803539575341643
1420,76,15,1.57291666666667,0.302083333333333,1,27,27,0.823899454685485
1421,77,15,1.59375,0.302083333333333,1,17,17,0.844279559798114
1422,78,15,1.61458333333333,0.302083333333333,1,17,17,0.864678634829094
1423,79,15,1.63541666666667,0.302083333333333,1,16,16,0.885095524758164
1424,80,15,1.65625,0.302083333333333,1,10,10,0.905529165574751
1425,81,15,1.67708333333333,0.302083333333333,1,21,21,0.925978575571964
1426,82,15,1.69791666666667,0.302083333333333,1,14,14,0.946442847611733
1427,83,15,1.71875,0.302083333333333,1,23,23,0.966921142238223
1428,84,15,1.73958333333333,0.302083333333333,1,25,25,0.987412681533954
1429,85,15,1.76041666666667,0.302083333333333,1,15,15,1.00791674362763
1430,86,15,1.78125,0.302083333333333,1,22,22,1.02843265777513
1431,87,15,1.80208333333333,0.302083333333333,1,13,13,1.04895979994561
1432,88,15,1.82291666666667,0.302083333333333,1,19,19,1.06949758885375
1433,89,15,1.84375,0.302083333333333,1,27,27,1.09004548238669
1434,90,15,1.86458333333333,0.302083333333333,1,25,25,1.11060297438108
1435,91,15,1.88541666666667,0.302083333333333,1,28,28,1.13116959171098
1436,92,15,1.90625,0.302083333333333,1,26,26,1.15174489165258
1437,93,15,1.92708333333333,0.302083333333333,1,20,20,1.17232845949558
1438,94,15,1.94791666666667,0.302083333333333,1,25,25,1.19291990637493
1439,95,15,1.96875,0.302083333333333,1,17,17,1.21351886729976
1440,96,15,1.98958333333333,0.302083333333333,1,20,20,1.23412499935895
1441,1,16,0.0104166666666667,0.322916666666667,1,23,23,0.543645498155621
1442,2,16,0.03125,0.322916666666667,1,13,13,0.523591539289047
1443,3,16,0.0520833333333333,0.322916666666667,1,26,26,0.503588684328238
1444,4,16,0.0729166666666667,0.322916666666667,1,21,21,0.483642013577216
1445,5,16,0.09375,0.322916666666667,1,10,10,0.463757286416576
1446,6,16,0.114583333333333,0.322916666666667,1,13,13,0.443941055331928
1447,7,16,0.135416666666667,0.322916666666667,1,18,18,0.424200802910919
1448,8,16,0.15625,0.322916666666667,1,21,21,0.404545107158998
1449,9,16,0.177083333333333,0.322916666666667,1,36,36,0.384983841875713
1450,10,16,0.197916666666667,0.322916666666667,1,27,27,0.365528420612246
1451,11,16,0.21875,0.322916666666667,1,19,19,0.346192095004242
1452,12,16,0.239583333333333,0.322916666666667,1,6,6,0.326990321172866
1453,13,16,0.260416666666667,0.322916666666667,1,21,21,0.307941211564808
1454,14,16,0.28125,0.322916666666667,1,20,20,0.289066094224936
1455,15,16,0.302083333333333,0.322916666666667,1,10,10,0.270390207214383
1456,16,16,0.322916666666667,0.322916666666667,1,17,17,0.251943562773829
1457,17,16,0.34375,0.322916666666667,1,23,23,0.233762023745405
1458,18,16,0.364583333333333,0.322916666666667,1,8,8,0.215888643088086
1459,19,16,0.385416666666667,0.322916666666667,1,28,28,0.198375324455622
1460,20,16,0.40625,0.322916666666667,1,19,19,0.181284864280376
1461,21,16,0.427083333333333,0.322916666666667,1,18,18,0.16469342672816
1462,22,16,0.447916666666667,0.322916666666667,1,19,19,0.148693469506714
1463,23,16,0.46875,0.322916666666667,1,19,19,0.133397058870944
1464,24,16,0.489583333333333,0.322916666666667,1,18,18,0.118939351905225
1465,25,16,0.510416666666667,0.322916666666667,1,20,20,0.105481737373316
1466,26,16,0.53125,0.322916666666667,1,21,21,0.0932136708666789
1467,27,16,0.552083333333333,0.322916666666667,1,14,14,0.0823516260264681
1468,28,16,0.572916666666667,0.322916666666667,1,17,17,0.0731329780804465
1469,29,16,0.59375,0.322916666666667,1,14,14,0.0658025011791942
1470,30,16,0.614583333333333,0.322916666666667,1,35,35,0.0605902744397445
1471,31,16,0.635416666666667,0.322916666666667,1,24,24,0.05768280883517
1472,32,16,0.65625,0.322916666666667,1,27,27,0.0571935931247077
1473,33,16,0.677083333333333,0.322916666666667,1,17,17,0.0591424402225472
1474,34,16,0.697916666666667,0.322916666666667,1,28,28,0.063451666356261
1475,35,16,0.71875,0.322916666666667,1,20,20,0.0699607050009145
1476,36,16,0.739583333333333,0.322916666666667,1,30,30,0.0784532200684976
1477,37,16,0.760416666666667,0.322916666666667,1,24,24,0.0886871994690192
1478,38,16,0.78125,0.322916666666667,1,25,25,0.100420211061609
1479,39,16,0.802083333333333,0.322916666666667,1,23,23,0.113426320757155
1480,40,16,0.822916666666667,0.322916666666667,1,16,16,0.127504910164537
1481,41,16,0.84375,0.322916666666667,1,24,24,0.142483465087697
1482,42,16,0.864583333333333,0.322916666666667,1,14,14,0.158216667165878
1483,43,16,0.885416666666667,0.322916666666667,1,5,5,0.17458362800551
1484,44,16,0.90625,0.322916666666667,1,28,28,0.191484460999974
1485,45,16,0.927083333333333,0.322916666666667,1,34,34,0.208836860092593
1486,46,16,0.947916666666667,0.322916666666667,1,24,24,0.226573004174044
1487,47,16,0.96875,0.322916666666667,1,24,24,0.244636900826623
1488,48,16,0.989583333333333,0.322916666666667,1,23,23,0.262982176115576
1489,49,16,1.01041666666667,0.322916666666667,1,26,26,0.281570268515431
1490,50,16,1.03125,0.322916666666667,1,22,22,0.300368968222494
1491,51,16,1.05208333333333,0.322916666666667,1,21,21,0.319351242047737
1492,52,16,1.07291666666667,0.322916666666667,1,10,10,0.338494289919612
1493,53,16,1.09375,0.322916666666667,1,16,16,0.357778787143637
1494,54,16,1.11458333333333,0.322916666666667,1,24,24,0.377188274756712
1495,55,16,1.13541666666667,0.322916666666667,1,20,20,0.396708667647662
1496,56,16,1.15625,0.322916666666667,1,27,27,0.416327856301017
1497,57,16,1.17708333333333,0.322916666666667,1,19,19,0.436035383066781
1498,58,16,1.19791666666667,0.322916666666667,1,22,22,0.455822177894839
1499,59,16,1.21875,0.322916666666667,1,22,22,0.475680341663584
1500,60,16,1.23958333333333,0.322916666666667,1,17,17,0.495602967738857
1501,61,16,1.26041666666667,0.322916666666667,1,16,16,0.515583994361791
1502,62,16,1.28125,0.322916666666667,1,28,28,0.535618081999303
1503,63,16,1.30208333333333,0.322916666666667,1,33,33,0.555700510992522
1504,64,16,1.32291666666667,0.322916666666667,1,18,18,0.575827095780426
1505,65,16,1.34375,0.322916666666667,1,26,26,0.59599411271633
1506,66,16,1.36458333333333,0.322916666666667,1,29,29,0.616198239078458
1507,67,16,1.38541666666667,0.322916666666667,1,5,5,0.636436501337393
1508,68,16,1.40625,0.322916666666667,1,16,16,0.656706231109577
1509,69,16,1.42708333333333,0.322916666666667,1,19,19,0.67700502751795
1510,70,16,1.44791666666667,0.322916666666667,1,16,16,0.697330724914272
1511,71,16,1.46875,0.322916666666667,1,33,33,0.71768136510516
1512,72,16,1.48958333333333,0.322916666666667,1,26,26,0.738055173374973
1513,73,16,1.51041666666667,0.322916666666667,1,11,11,0.758450537720948
1514,74,16,1.53125,0.322916666666667,1,25,25,0.778865990815341
1515,75,16,1.55208333333333,0.322916666666667,1,19,19,0.799300194290321
1516,76,16,1.57291666666667,0.322916666666667,1,23,23,0.819751925007635
1517,77,16,1.59375,0.322916666666667,1,12,12,0.840220063029535
1518,78,16,1.61458333333333,0.322916666666667,1,25,25,0.860703581052343
1519,79,16,1.63541666666667,0.322916666666667,1,24,24,0.881201535101145
1520,80,16,1.65625,0.322916666666667,1,22,22,0.901713056314954
1521,81,16,1.67708333333333,0.322916666666667,1,12,12,0.92223734367732
1522,82,16,1.69791666666667,0.322916666666667,1,23,23,0.942773657568827
1523,83,16,1.71875,0.322916666666667,1,22,22,0.963321314035889
1524,84,16,1.73958333333333,0.322916666666667,1,14,14,0.983879679685346
1525,85,16,1.76041666666667,0.322916666666667,1,22,22,1.00444816712713
1526,86,16,1.78125,0.322916666666667,1,14,14,1.02502623089798
1527,87,16,1.80208333333333,0.322916666666667,1,23,23,1.04561336380847
1528,88,16,1.82291666666667,0.322916666666667,1,9,9,1.06620909366304
1529,89,16,1.84375,0.322916666666667,1,18,18,1.08681298030989
1530,90,16,1.86458333333333,0.322916666666667,1,26,26,1.10742461298263
1531,91,16,1.88541666666667,0.322916666666667,1,21,21,1.12804360790087
1532,92,16,1.90625,0.322916666666667,1,23,23,1.14866960610099
1533,93,16,1.92708333333333,0.322916666666667,1,17,17,1.16930227147175
1534,94,16,1.94791666666667,0.322916666666667,1,22,22,1.18994128897274
1535,95,16,1.96875,0.322916666666667,1,17,17,1.21058636301611
1536,96,16,1.98958333333333,0.322916666666667,1,30,30,1.23123721599462
1537,1,17,0.0104166666666667,0.34375,1,16,16,0.538392666102667
1538,2,17,0.03125,0.34375,1,10,10,0.518173663668441
1539,3,17,0.0520833333333333,0.34375,1,22,22,0.497995471486465
1540,4,17,0.0729166666666667,0.34375,1,24,24,0.477862221679135
1541,5,17,0.09375,0.34375,1,31,31,0.457778612445978
1542,6,17,0.114583333333333,0.34375,1,30,30,0.43775000622541
1543,7,17,0.135416666666667,0.34375,1,18,18,0.417782548475166
1544,8,17,0.15625,0.34375,1,16,16,0.397883312146665
1545,9,17,0.177083333333333,0.34375,1,21,21,0.378060474351369
1546,10,17,0.197916666666667,0.34375,1,16,16,0.35832353358138
1547,11,17,0.21875,0.34375,1,12,12,0.338683578297719
1548,12,17,0.239583333333333,0.34375,1,14,14,0.319153620932104
1549,13,17,0.260416666666667,0.34375,1,18,18,0.299749015616608
1550,14,17,0.28125,0.34375,1,19,19,0.28048798359002
1551,15,17,0.302083333333333,0.34375,1,14,14,0.261392277641334
1552,16,17,0.322916666666667,0.34375,1,29,29,0.242488026622183
1553,17,17,0.34375,0.34375,1,25,25,0.223806813486877
1554,18,17,0.364583333333333,0.34375,1,23,23,0.205387055844438
1555,19,17,0.385416666666667,0.34375,1,19,19,0.187275776425311
1556,20,17,0.40625,0.34375,1,6,6,0.169530870547512
1557,21,17,0.427083333333333,0.34375,1,16,16,0.152223993758408
1558,22,17,0.447916666666667,0.34375,1,21,21,0.135444193731451
1559,23,17,0.46875,0.34375,1,32,32,0.119302371488458
1560,24,17,0.489583333333333,0.34375,1,25,25,0.103936529946421
1561,25,17,0.510416666666667,0.34375,1,16,16,0.0895174681129105
1562,26,17,0.53125,0.34375,1,23,23,0.0762539808513448
1563,27,17,0.552083333333333,0.34375,1,17,17,0.0643955967779901
1564,28,17,0.572916666666667,0.34375,1,24,24,0.0542294543921256
1565,29,17,0.59375,0.34375,1,20,20,0.0460666281948303
1566,30,17,0.614583333333333,0.34375,1,27,27,0.0402136160810865
1567,31,17,0.635416666666667,0.34375,1,32,32,0.0369290798772207
1568,32,17,0.65625,0.34375,1,20,20,0.0363749500399601
1569,33,17,0.677083333333333,0.34375,1,19,19,0.0385798519498755
1570,34,17,0.697916666666667,0.34375,1,17,17,0.0434321554787932
1571,35,17,0.71875,0.34375,1,24,24,0.0507062535468458
1572,36,17,0.739583333333333,0.34375,1,21,21,0.0601089562212582
1573,37,17,0.760416666666667,0.34375,1,31,31,0.0713266912319809
1574,38,17,0.78125,0.34375,1,20,20,0.0840603464664313
1575,39,17,0.802083333333333,0.34375,1,15,15,0.0980444972425989
1576,40,17,0.822916666666667,0.34375,1,7,7,0.11305414845291
1577,41,17,0.84375,0.34375,1,20,20,0.128903846896748
1578,42,17,0.864583333333333,0.34375,1,18,18,0.145443156710518
1579,43,17,0.885416666666667,0.34375,1,13,13,0.162551003262145
1580,44,17,0.90625,0.34375,1,26,26,0.180130180088574
1581,45,17,0.927083333333333,0.34375,1,11,11,0.198102555964442
1582,46,17,0.947916666666667,0.34375,1,26,26,0.216405117050525
1583,47,17,0.96875,0.34375,1,29,29,0.234986795529073
1584,48,17,0.989583333333333,0.34375,1,17,17,0.253805969425018
1585,49,17,1.01041666666667,0.34375,1,13,13,0.272828507253625
1586,50,17,1.03125,0.34375,1,17,17,0.292026243096238
1587,51,17,1.05208333333333,0.34375,1,13,13,0.311375786808259
1588,52,17,1.07291666666667,0.34375,1,24,24,0.330857593309067
1589,53,17,1.09375,0.34375,1,14,14,0.35045523166397
1590,54,17,1.11458333333333,0.34375,1,14,14,0.370154808311732
1591,55,17,1.13541666666667,0.34375,1,30,30,0.389944509508415
1592,56,17,1.15625,0.34375,1,16,16,0.409814236313068
1593,57,17,1.17708333333333,0.34375,1,19,19,0.429755311732208
1594,58,17,1.19791666666667,0.34375,1,21,21,0.449760244410849
1595,59,17,1.21875,0.34375,1,19,19,0.469822536870201
1596,60,17,1.23958333333333,0.34375,1,6,6,0.48993652902941
1597,61,17,1.26041666666667,0.34375,1,12,12,0.510097269827797
1598,62,17,1.28125,0.34375,1,20,20,0.530300411348478
1599,63,17,1.30208333333333,0.34375,1,20,20,0.55054212105662
1600,64,17,1.32291666666667,0.34375,1,16,16,0.570819008697486
1601,65,17,1.34375,0.34375,1,20,20,0.591128065119075
1602,66,17,1.36458333333333,0.34375,1,24,24,0.611466610842749
1603,67,17,1.38541666666667,0.34375,1,14,14,0.631832252640914
1604,68,17,1.40625,0.34375,1,22,22,0.652222846722369
1605,69,17,1.42708333333333,0.34375,1,27,27,0.672636467395012
1606,70,17,1.44791666666667,0.34375,1,21,21,0.693071380288621
1607,71,17,1.46875,0.34375,1,26,26,0.713526019389917
1608,72,17,1.48958333333333,0.34375,1,16,16,0.733998967277544
1609,73,17,1.51041666666667,0.34375,1,24,24,0.754488938053408
1610,74,17,1.53125,0.34375,1,16,16,0.774994762554508
1611,75,17,1.55208333333333,0.34375,1,13,13,0.795515375500476
1612,76,17,1.57291666666667,0.34375,1,19,19,0.816049804289874
1613,77,17,1.59375,0.34375,1,17,17,0.836597159205483
1614,78,17,1.61458333333333,0.34375,1,24,24,0.857156624827588
1615,79,17,1.63541666666667,0.34375,1,11,11,0.877727452486121
1616,80,17,1.65625,0.34375,1,30,30,0.898308953608874
1617,81,17,1.67708333333333,0.34375,1,15,15,0.918900493844868
1618,82,17,1.69791666666667,0.34375,1,19,19,0.939501487860106
1619,83,17,1.71875,0.34375,1,15,15,0.960111394718156
1620,84,17,1.73958333333333,0.34375,1,18,18,0.980729713770723
1621,85,17,1.76041666666667,0.34375,1,21,21,1.00135598099404
1622,86,17,1.78125,0.34375,1,21,21,1.02198976571596
1623,87,17,1.80208333333333,0.34375,1,16,16,1.04263066768619
1624,88,17,1.82291666666667,0.34375,1,18,18,1.06327831444865
1625,89,17,1.84375,0.34375,1,16,16,1.08393235898035
1626,90,17,1.86458333333333,0.34375,1,15,15,1.10459247756595
1627,91,17,1.88541666666667,0.34375,1,20,20,1.12525836788105
1628,92,17,1.90625,0.34375,1,15,15,1.14592974726088
1629,93,17,1.92708333333333,0.34375,1,29,29,1.16660635113378
1630,94,17,1.94791666666667,0.34375,1,13,13,1.18728793160157
1631,95,17,1.96875,0.34375,1,22,22,1.20797425615107
1632,96,17,1.98958333333333,0.34375,1,14,14,1.22866510648287
1633,1,18,0.0104166666666667,0.364583333333333,1,21,21,0.533761817399035
1634,2,18,0.03125,0.364583333333333,1,10,10,0.513395007961944
1635,3,18,0.0520833333333333,0.364583333333333,1,21,21,0.493059551665977
1636,4,18,0.0729166666666667,0.364583333333333,1,19,19,0.472758675366479
1637,5,18,0.09375,0.364583333333333,1,29,29,0.452496057725388
1638,6,18,0.114583333333333,0.364583333333333,1,27,27,0.432275909809178
1639,7,18,0.135416666666667,0.364583333333333,1,25,25,0.412103073243855
1640,8,18,0.15625,0.364583333333333,1,21,21,0.391983140455925
1641,9,18,0.177083333333333,0.364583333333333,1,28,28,0.371922602877955
1642,10,18,0.197916666666667,0.364583333333333,1,17,17,0.351929034801726
1643,11,18,0.21875,0.364583333333333,1,19,19,0.332011322989935
1644,12,18,0.239583333333333,0.364583333333333,1,14,14,0.312179955445517
1645,13,18,0.260416666666667,0.364583333333333,1,19,19,0.292447387217112
1646,14,18,0.28125,0.364583333333333,1,26,26,0.272828507253625
1647,15,18,0.302083333333333,0.364583333333333,1,21,21,0.253341238755586
1648,16,18,0.322916666666667,0.364583333333333,1,15,15,0.234007317093243
1649,17,18,0.34375,0.364583333333333,1,32,32,0.214853305360887
1650,18,18,0.364583333333333,0.364583333333333,1,24,24,0.195911929534518
1651,19,18,0.385416666666667,0.364583333333333,1,16,16,0.177223844751542
1652,20,18,0.40625,0.364583333333333,1,22,22,0.158839982985065
1653,21,18,0.427083333333333,0.364583333333333,1,21,21,0.140824680367654
1654,22,18,0.447916666666667,0.364583333333333,1,17,17,0.123259834790337
1655,23,18,0.46875,0.364583333333333,1,11,11,0.106250383670638
1656,24,18,0.489583333333333,0.364583333333333,1,15,15,0.0899313710610103
1657,25,18,0.510416666666667,0.364583333333333,1,29,29,0.0744766838352495
1658,26,18,0.53125,0.364583333333333,1,18,18,0.0601089562212583
1659,27,18,0.552083333333333,0.364583333333333,1,10,10,0.0471087885846291
1660,28,18,0.572916666666667,0.364583333333333,1,15,15,0.035818849594293
1661,29,18,0.59375,0.364583333333333,1,17,17,0.0266347029563981
1662,30,18,0.614583333333333,0.364583333333333,1,23,23,0.0199714752686736
1663,31,18,0.635416666666667,0.364583333333333,1,27,27,0.0161996594056763
1664,32,18,0.65625,0.364583333333333,1,14,14,0.015560820708312
1665,33,18,0.677083333333333,0.364583333333333,1,21,21,0.0180984451598046
1666,34,18,0.697916666666667,0.364583333333333,1,15,15,0.023644284799485
1667,35,18,0.71875,0.364583333333333,1,30,30,0.0318691414050633
1668,36,18,0.739583333333333,0.364583333333333,1,22,22,0.0423663980699893
1669,37,18,0.760416666666667,0.364583333333333,1,20,20,0.0547269695521813
1670,38,18,0.78125,0.364583333333333,1,24,24,0.0685848247105559
1671,39,18,0.802083333333333,0.364583333333333,1,26,26,0.08363451055479
1672,40,18,0.822916666666667,0.364583333333333,1,19,19,0.0996311617740575
1673,41,18,0.84375,0.364583333333333,1,16,16,0.116382605348006
1674,42,18,0.864583333333333,0.364583333333333,1,26,26,0.133739394961751
1675,43,18,0.885416666666667,0.364583333333333,1,9,9,0.151585494007974
1676,44,18,0.90625,0.364583333333333,1,19,19,0.169830529984526
1677,45,18,0.927083333333333,0.364583333333333,1,18,18,0.188403708184941
1678,46,18,0.947916666666667,0.364583333333333,1,27,27,0.207249161784853
1679,47,18,0.96875,0.364583333333333,1,25,25,0.226322445289229
1680,48,18,0.989583333333333,0.364583333333333,1,19,19,0.245587901726642
1681,49,18,1.01041666666667,0.364583333333333,1,24,24,0.265016684342669
1682,50,18,1.03125,0.364583333333333,1,26,26,0.284585264327695
1683,51,18,1.05208333333333,0.364583333333333,1,17,17,0.304274298721423
1684,52,18,1.07291666666667,0.364583333333333,1,23,23,0.324067765724507
1685,53,18,1.09375,0.364583333333333,1,30,30,0.343952299391986
1686,54,18,1.11458333333333,0.364583333333333,1,27,27,0.363916673841915
1687,55,18,1.13541666666667,0.364583333333333,1,16,16,0.383951400324365
1688,56,18,1.15625,0.364583333333333,1,15,15,0.404048410083564
1689,57,18,1.17708333333333,0.364583333333333,1,29,29,0.424200802910919
1690,58,18,1.19791666666667,0.364583333333333,1,34,34,0.444402646363589
1691,59,18,1.21875,0.364583333333333,1,14,14,0.464648814341662
1692,60,18,1.23958333333333,0.364583333333333,1,22,22,0.484934856456094
1693,61,18,1.26041666666667,0.364583333333333,1,26,26,0.505256891649788
1694,62,18,1.28125,0.364583333333333,1,23,23,0.525611521048928
1695,63,18,1.30208333333333,0.364583333333333,1,36,36,0.545995756159318
1696,64,18,1.32291666666667,0.364583333333333,1,18,18,0.566406959382616
1697,65,18,1.34375,0.364583333333333,1,15,15,0.586842794481992
1698,66,18,1.36458333333333,0.364583333333333,1,20,20,0.607301185128203
1699,67,18,1.38541666666667,0.364583333333333,1,32,32,0.627780280043692
1700,68,18,1.40625,0.364583333333333,1,24,24,0.64827842356213
1701,69,18,1.42708333333333,0.364583333333333,1,21,21,0.668794130654859
1702,70,18,1.44791666666667,0.364583333333333,1,30,30,0.689326065659296
1703,71,18,1.46875,0.364583333333333,1,18,18,0.709873024089295
1704,72,18,1.48958333333333,0.364583333333333,1,22,22,0.730433917022494
1705,73,18,1.51041666666667,0.364583333333333,1,21,21,0.751007757651382
1706,74,18,1.53125,0.364583333333333,1,24,24,0.771593649658358
1707,75,18,1.55208333333333,0.364583333333333,1,28,28,0.792190777134306
1708,76,18,1.57291666666667,0.364583333333333,1,12,12,0.812798395808131
1709,77,18,1.59375,0.364583333333333,1,17,17,0.83341582539368
1710,78,18,1.61458333333333,0.364583333333333,1,20,20,0.854042442892277
1711,79,18,1.63541666666667,0.364583333333333,1,36,36,0.874677676715204
1712,80,18,1.65625,0.364583333333333,1,24,24,0.895321001511892
1713,81,18,1.67708333333333,0.364583333333333,1,23,23,0.915971933607384
1714,82,18,1.69791666666667,0.364583333333333,1,25,25,0.936630026967287
1715,83,18,1.71875,0.364583333333333,1,11,11,0.957294869620714
1716,84,18,1.73958333333333,0.364583333333333,1,30,30,0.977966080481947
1717,85,18,1.76041666666667,0.364583333333333,1,15,15,0.9986433065201
1718,86,18,1.78125,0.364583333333333,1,23,23,1.01932622023331
1719,87,18,1.80208333333333,0.364583333333333,1,30,30,1.04001451739
1720,88,18,1.82291666666667,0.364583333333333,1,27,27,1.06070791500504
1721,89,18,1.84375,0.364583333333333,1,16,16,1.08140614952276
1722,90,18,1.86458333333333,0.364583333333333,1,17,17,1.10210897518275
1723,91,18,1.88541666666667,0.364583333333333,1,19,19,1.12281616254734
1724,92,18,1.90625,0.364583333333333,1,23,23,1.14352749717254
1725,93,18,1.92708333333333,0.364583333333333,1,9,9,1.16424277840636
1726,94,18,1.94791666666667,0.364583333333333,1,26,26,1.18496181830053
1727,95,18,1.96875,0.364583333333333,1,4,4,1.20568444062345
1728,96,18,1.98958333333333,0.364583333333333,1,21,21,1.2264104799635
1729,1,19,0.0104166666666667,0.385416666666667,1,16,16,0.529766250705248
1730,2,19,0.03125,0.385416666666667,1,29,29,0.509270134980024
1731,3,19,0.0520833333333333,0.385416666666667,1,12,12,0.488796912406392
1732,4,19,0.0729166666666667,0.385416666666667,1,16,16,0.468348972879947
1733,5,19,0.09375,0.385416666666667,1,15,15,0.447929047309413
1734,6,19,0.114583333333333,0.385416666666667,1,31,31,0.427540269954843
1735,7,19,0.135416666666667,0.385416666666667,1,22,22,0.407186254773607
1736,8,19,0.15625,0.385416666666667,1,31,31,0.38687118953219
1737,9,19,0.177083333333333,0.385416666666667,1,26,26,0.366599952619078
1738,10,19,0.197916666666667,0.385416666666667,1,25,25,0.346378259094006
1739,11,19,0.21875,0.385416666666667,1,14,14,0.326212844702814
1740,12,19,0.239583333333333,0.385416666666667,1,30,30,0.306111699622946
1741,13,19,0.260416666666667,0.385416666666667,1,28,28,0.286084367944506
1742,14,19,0.28125,0.385416666666667,1,21,21,0.266142334868605
1743,15,19,0.302083333333333,0.385416666666667,1,23,23,0.246299532107567
1744,16,19,0.322916666666667,0.385416666666667,1,15,15,0.226573004174045
1745,17,19,0.34375,0.385416666666667,1,21,21,0.206983795894809
1746,18,19,0.364583333333333,0.385416666666667,1,22,22,0.187558147167148
1747,19,19,0.385416666666667,0.385416666666667,1,11,11,0.168329118466303
1748,20,19,0.40625,0.385416666666667,1,32,32,0.149338825232787
1749,21,19,0.427083333333333,0.385416666666667,1,19,19,0.130641537969179
1750,22,19,0.447916666666667,0.385416666666667,1,20,20,0.112308015119774
1751,23,19,0.46875,0.385416666666667,1,18,18,0.0944315806446844
1752,24,19,0.489583333333333,0.385416666666667,1,19,19,0.0771366207030603
1753,25,19,0.510416666666667,0.385416666666667,1,17,17,0.0605902744397445
1754,26,19,0.53125,0.385416666666667,1,22,22,0.0450178862359405
1755,27,19,0.552083333333333,0.385416666666667,1,21,21,0.0307216437307161
1756,28,19,0.572916666666667,0.385416666666667,1,19,19,0.0180984451598047
1757,29,19,0.59375,0.385416666666667,1,18,18,0.00764561401700331
1758,30,19,0.614583333333333,0.385416666666667,0,0,0,-6.80169614644816e-05
1759,31,19,0.635416666666667,0.385416666666667,0,0,0,-0.00449236436975735
1760,32,19,0.65625,0.385416666666667,0,0,0,-0.00524633871732987
1761,33,19,0.677083333333333,0.385416666666667,0,0,0,-0.00225940707546005
1762,34,19,0.697916666666667,0.385416666666667,1,17,17,0.00419882133990736
1763,35,19,0.71875,0.385416666666667,1,17,17,0.0136259809235382
1764,36,19,0.739583333333333,0.385416666666667,1,14,14,0.0254459139642255
1765,37,19,0.760416666666667,0.385416666666667,1,21,21,0.0391263037827359
1766,38,19,0.78125,0.385416666666667,1,26,26,0.0542294543921256
1767,39,19,0.802083333333333,0.385416666666667,1,18,18,0.0704171225377475
1768,40,19,0.822916666666667,0.385416666666667,1,27,27,0.0874355656315688
1769,41,19,0.84375,0.385416666666667,1,12,12,0.105096429953426
1770,42,19,0.864583333333333,0.385416666666667,1,30,30,0.123259834790337
1771,43,19,0.885416666666667,0.385416666666667,1,23,23,0.141821212322879
1772,44,19,0.90625,0.385416666666667,1,26,26,0.16070162589087
1773,45,19,0.927083333333333,0.385416666666667,1,4,4,0.179840814247975
1774,46,19,0.947916666666667,0.385416666666667,1,17,17,0.199192231352136
1775,47,19,0.96875,0.385416666666667,1,29,29,0.218719504572408
1776,48,19,0.989583333333333,0.385416666666667,1,23,23,0.2383938902319
1777,49,19,1.01041666666667,0.385416666666667,1,19,19,0.258192429708593
1778,50,19,1.03125,0.385416666666667,1,32,32,0.278096599806853
1779,51,19,1.05208333333333,0.385416666666667,1,14,14,0.298091314454417
1780,52,19,1.07291666666667,0.385416666666667,1,14,14,0.318164178387762
1781,53,19,1.09375,0.385416666666667,1,19,19,0.338304923361923
1782,54,19,1.11458333333333,0.385416666666667,1,21,21,0.35850497791443
1783,55,19,1.13541666666667,0.385416666666667,1,18,18,0.378757135844246
1784,56,19,1.15625,0.385416666666667,1,12,12,0.399055298381375
1785,57,19,1.17708333333333,0.385416666666667,1,18,18,0.419394271897242
1786,58,19,1.19791666666667,0.385416666666667,1,21,21,0.439769607864601
1787,59,19,1.21875,0.385416666666667,1,21,21,0.460177475241652
1788,60,19,1.23958333333333,0.385416666666667,1,14,14,0.480614557950623
1789,61,19,1.26041666666667,0.385416666666667,1,15,15,0.50107797193446
1790,62,19,1.28125,0.385416666666667,1,11,11,0.521565197604871
1791,63,19,1.30208333333333,0.385416666666667,1,24,24,0.542074024478297
1792,64,19,1.32291666666667,0.385416666666667,1,20,20,0.562602505529796
1793,65,19,1.34375,0.385416666666667,1,4,4,0.583148919346235
1794,66,19,1.36458333333333,0.385416666666667,1,17,17,0.603711738577975
1795,67,19,1.38541666666667,0.385416666666667,1,24,24,0.624289603507189
1796,68,19,1.40625,0.385416666666667,1,24,24,0.644881299796104
1797,69,19,1.42708333333333,0.385416666666667,1,17,17,0.665485739668278
1798,70,19,1.44791666666667,0.385416666666667,1,24,24,0.686101945923853
1799,71,19,1.46875,0.385416666666667,1,22,22,0.706729038305646
1800,72,19,1.48958333333333,0.385416666666667,1,27,27,0.727366221824359
1801,73,19,1.51041666666667,0.385416666666667,1,18,18,0.748012776723681
1802,74,19,1.53125,0.385416666666667,1,18,18,0.76866804982388
1803,75,19,1.55208333333333,0.385416666666667,1,12,12,0.789331447028835
1804,76,19,1.57291666666667,0.385416666666667,1,24,24,0.810002426818817
1805,77,19,1.59375,0.385416666666667,1,20,20,0.830680494581527
1806,78,19,1.61458333333333,0.385416666666667,1,19,19,0.851365197658544
1807,79,19,1.63541666666667,0.385416666666667,1,28,28,0.872056121004362
1808,80,19,1.65625,0.385416666666667,1,20,20,0.892752883371742
1809,81,19,1.67708333333333,0.385416666666667,1,10,10,0.913455133950617
1810,82,19,1.69791666666667,0.385416666666667,1,27,27,0.934162549399074
1811,83,19,1.71875,0.385416666666667,1,17,17,0.954874831214211
1812,84,19,1.73958333333333,0.385416666666667,1,13,13,0.975591703398467
1813,85,19,1.76041666666667,0.385416666666667,1,25,25,0.996312910383504
1814,86,19,1.78125,0.385416666666667,1,17,17,1.01703821517915
1815,87,19,1.80208333333333,0.385416666666667,1,8,8,1.03776739771952
1816,88,19,1.82291666666667,0.385416666666667,1,18,18,1.05850025338233
1817,89,19,1.84375,0.385416666666667,1,23,23,1.07923659166062
1818,90,19,1.86458333333333,0.385416666666667,1,12,12,1.0999762349689
1819,91,19,1.88541666666667,0.385416666666667,1,20,20,1.12071901756826
1820,92,19,1.90625,0.385416666666667,1,13,13,1.14146478459677
1821,93,19,1.92708333333333,0.385416666666667,1,26,26,1.16221339119335
1822,94,19,1.94791666666667,0.385416666666667,1,14,14,1.18296470170488
1823,95,19,1.96875,0.385416666666667,1,15,15,1.20371858896737
1824,96,19,1.98958333333333,0.385416666666667,1,13,13,1.22447493365337
1825,1,20,0.0104166666666667,0.40625,1,28,28,0.526417746335741
1826,2,20,0.03125,0.40625,1,18,18,0.505811972560449
1827,3,20,0.0520833333333333,0.40625,1,20,20,0.485221779827674
1828,4,20,0.0729166666666667,0.40625,1,23,23,0.464648814341662
1829,5,20,0.09375,0.40625,1,14,14,0.444094960977316
1830,6,20,0.114583333333333,0.40625,1,36,36,0.423562387812516
1831,7,20,0.135416666666667,0.40625,1,24,24,0.403053600928666
1832,8,20,0.15625,0.40625,1,14,14,0.382571512324366
1833,9,20,0.177083333333333,0.40625,1,12,12,0.362119524714682
1834,10,20,0.197916666666667,0.40625,1,17,17,0.341701638266292
1835,11,20,0.21875,0.40625,1,19,19,0.321322586097743
1836,12,20,0.239583333333333,0.40625,1,15,15,0.30098800787882
1837,13,20,0.260416666666667,0.40625,1,22,22,0.280704674431321
1838,14,20,0.28125,0.40625,1,31,31,0.260480781380611
1839,15,20,0.302083333333333,0.40625,1,14,14,0.240326337428233
1840,16,20,0.322916666666667,0.40625,1,22,22,0.220253683954259
1841,17,20,0.34375,0.40625,1,13,13,0.200278199382974
1842,18,20,0.364583333333333,0.40625,1,13,13,0.180419267210196
1843,19,20,0.385416666666667,0.40625,1,21,21,0.16070162589087
1844,20,20,0.40625,0.40625,1,27,27,0.141157280197202
1845,21,20,0.427083333333333,0.40625,1,20,20,0.121828250578335
1846,22,20,0.447916666666667,0.40625,1,26,26,0.102770590767972
1847,23,20,0.46875,0.40625,1,22,22,0.0840603464664314
1848,24,20,0.489583333333333,0.40625,1,7,7,0.0658025011791942
1849,25,20,0.510416666666667,0.40625,1,22,22,0.0481444897831756
1850,26,20,0.53125,0.40625,1,22,22,0.0312964804613776
1851,27,20,0.552083333333333,0.40625,1,15,15,0.0155608207083121
1852,28,20,0.572916666666667,0.40625,1,21,21,0.00137093053024595
1853,29,20,0.59375,0.40625,0,0,0,-0.0106696519716506
1854,30,20,0.614583333333333,0.40625,0,0,0,-0.0197832210766192
1855,31,20,0.635416666666667,0.40625,0,0,0,-0.0251225205272025
1856,32,20,0.65625,0.40625,0,0,0,-0.0260418976351693
1857,33,20,0.677083333333333,0.40625,0,0,0,-0.0224163464280803
1858,34,20,0.697916666666667,0.40625,0,0,0,-0.0147143435958894
1859,35,20,0.71875,0.40625,0,0,0,-0.0037432797641358
1860,36,20,0.739583333333333,0.40625,1,29,29,0.00966971932996191
1861,37,20,0.760416666666667,0.40625,1,29,29,0.0248478607980724
1862,38,20,0.78125,0.40625,1,18,18,0.0412935987570492
1863,39,20,0.802083333333333,0.40625,1,25,25,0.0586572214543195
1864,40,20,0.822916666666667,0.40625,1,21,21,0.0766957958653695
1865,41,20,0.84375,0.40625,1,23,23,0.095239691971532
1866,42,20,0.864583333333333,0.40625,1,16,16,0.114168890855392
1867,43,20,0.885416666666667,0.40625,1,29,29,0.133397058870943
1868,44,20,0.90625,0.40625,1,20,20,0.152860999411788
1869,45,20,0.927083333333333,0.40625,1,17,17,0.172513651153431
1870,46,20,0.947916666666667,0.40625,1,18,18,0.192319392253792
1871,47,20,0.96875,0.40625,1,25,25,0.21225084650005
1872,48,20,0.989583333333333,0.40625,1,18,18,0.232286676980237
1873,49,20,1.01041666666667,0.40625,1,27,27,0.252410037607891
1874,50,20,1.03125,0.40625,1,16,16,0.272607469363485
1875,51,20,1.05208333333333,0.40625,1,7,7,0.292868101752175
1876,52,20,1.07291666666667,0.40625,1,20,20,0.313183066894869
1877,53,20,1.09375,0.40625,1,13,13,0.333545063913168
1878,54,20,1.11458333333333,0.40625,1,4,4,0.353948031023562
1879,55,20,1.13541666666667,0.40625,1,9,9,0.374386895839461
1880,56,20,1.15625,0.40625,1,34,34,0.394857383165474
1881,57,20,1.17708333333333,0.40625,1,21,21,0.415355865549055
1882,58,20,1.19791666666667,0.40625,1,27,27,0.435879245979836
1883,59,20,1.21875,0.40625,1,17,17,0.456424865008441
1884,60,20,1.23958333333333,0.40625,1,24,24,0.47699042659363
1885,61,20,1.26041666666667,0.40625,1,29,29,0.497573938443361
1886,62,20,1.28125,0.40625,1,19,19,0.518173663668441
1887,63,20,1.30208333333333,0.40625,1,18,18,0.538788081336564
1888,64,20,1.32291666666667,0.40625,1,22,22,0.559415854081856
1889,65,20,1.34375,0.40625,1,27,27,0.580055801347293
1890,66,20,1.36458333333333,0.40625,1,27,27,0.60070687715449
1891,67,20,1.38541666666667,0.40625,1,23,23,0.621368151535464
1892,68,20,1.40625,0.40625,1,25,25,0.642038794944194
1893,69,20,1.42708333333333,0.40625,1,15,15,0.662718065106743
1894,70,20,1.44791666666667,0.40625,1,19,19,0.683405295877768
1895,71,20,1.46875,0.40625,1,14,14,0.704099887756333
1896,72,20,1.48958333333333,0.40625,1,17,17,0.724801299780671
1897,73,20,1.51041666666667,0.40625,1,26,26,0.74550904257424
1898,74,20,1.53125,0.40625,1,22,22,0.766222672357236
1899,75,20,1.55208333333333,0.40625,1,16,16,0.786941785771158
1900,76,20,1.57291666666667,0.40625,1,20,20,0.807666015390836
1901,77,20,1.59375,0.40625,1,18,18,0.828395025819938
1902,78,20,1.61458333333333,0.40625,1,19,19,0.849128510283566
1903,79,20,1.63541666666667,0.40625,1,12,12,0.869866187645807
1904,80,20,1.65625,0.40625,1,26,26,0.890607799791789
1905,81,20,1.67708333333333,0.40625,1,19,19,0.911353109323432
1906,82,20,1.69791666666667,0.40625,1,26,26,0.932101897525985
1907,83,20,1.71875,0.40625,1,17,17,0.952853962568998
1908,84,20,1.73958333333333,0.40625,1,22,22,0.973609117910864
1909,85,20,1.76041666666667,0.40625,1,18,18,0.994367190880596
1910,86,20,1.78125,0.40625,1,24,24,1.01512802141432
1911,87,20,1.80208333333333,0.40625,1,29,29,1.03589146092721
1912,88,20,1.82291666666667,0.40625,1,24,24,1.05665737130417
1913,89,20,1.84375,0.40625,1,16,16,1.07742562399508
1914,90,20,1.86458333333333,0.40625,1,33,33,1.09819609920206
1915,91,20,1.88541666666667,0.40625,1,19,19,1.11896868514817
1916,92,20,1.90625,0.40625,1,14,14,1.13974327741806
1917,93,20,1.92708333333333,0.40625,1,15,15,1.16051977836259
1918,94,20,1.94791666666667,0.40625,1,11,11,1.18129809656017
1919,95,20,1.96875,0.40625,1,16,16,1.20207814632873
1920,96,20,1.98958333333333,0.40625,1,25,25,1.22285984728282
1921,1,21,0.0104166666666667,0.427083333333333,1,17,17,0.523726401940728
1922,2,21,0.03125,0.427083333333333,1,13,13,0.503031622614597
1923,3,21,0.0520833333333333,0.427083333333333,1,15,15,0.482346395818515
1924,4,21,0.0729166666666667,0.427083333333333,1,22,22,0.461671740665548
1925,5,21,0.09375,0.427083333333333,1,21,21,0.441008825935723
1926,6,21,0.114583333333333,0.427083333333333,1,7,7,0.420358998465115
1927,7,21,0.135416666666667,0.427083333333333,1,27,27,0.399723818217159
1928,8,21,0.15625,0.427083333333333,1,13,13,0.379105101935232
1929,9,21,0.177083333333333,0.427083333333333,1,19,19,0.35850497791443
1930,10,21,0.197916666666667,0.427083333333333,1,25,25,0.337925955319805
1931,11,21,0.21875,0.427083333333333,1,19,19,0.3173710127315
1932,12,21,0.239583333333333,0.427083333333333,1,19,19,0.296843712385776
1933,13,21,0.260416666666667,0.427083333333333,1,20,20,0.276348349168871
1934,14,21,0.28125,0.427083333333333,1,12,12,0.255890147220937
1935,15,21,0.302083333333333,0.427083333333333,1,15,15,0.235475522676629
1936,16,21,0.322916666666667,0.427083333333333,1,25,25,0.215112439670959
1937,17,21,0.34375,0.427083333333333,1,15,15,0.194810900030126
1938,18,21,0.364583333333333,0.427083333333333,1,20,20,0.17458362800551
1939,19,21,0.385416666666667,0.427083333333333,1,16,16,0.154447045084394
1940,20,21,0.40625,0.427083333333333,1,16,16,0.134422685265638
1941,21,21,0.427083333333333,0.427083333333333,1,14,14,0.114539294267625
1942,22,21,0.447916666666667,0.427083333333333,1,26,26,0.0948360162749461
1943,23,21,0.46875,0.427083333333333,1,17,17,0.0753673534083364
1944,24,21,0.489583333333333,0.427083333333333,1,16,16,0.0562110871149209
1945,25,21,0.510416666666667,0.427083333333333,1,20,20,0.0374812599080356
1946,26,21,0.53125,0.427083333333333,1,15,15,0.0193499292349221
1947,27,21,0.552083333333333,0.427083333333333,1,12,12,0.00208404436653019
1948,28,21,0.572916666666667,0.427083333333333,0,0,0,-0.0138930701812763
1949,29,21,0.59375,0.427083333333333,0,0,0,-0.0279081828945819
1950,30,21,0.614583333333333,0.427083333333333,0,0,0,-0.0389371814235678
1951,31,21,0.635416666666667,0.427083333333333,0,0,0,-0.0456392987601052
1952,32,21,0.65625,0.427083333333333,0,0,0,-0.0468159663739571
1953,33,21,0.677083333333333,0.427083333333333,0,0,0,-0.042216022072523
1954,34,21,0.697916666666667,0.427083333333333,0,0,0,-0.0327483683692837
1955,35,21,0.71875,0.427083333333333,0,0,0,-0.0197832210766192
1956,36,21,0.739583333333333,0.427083333333333,0,0,0,-0.00449236436975746
1957,37,21,0.760416666666667,0.427083333333333,1,27,27,0.0123203709016701
1958,38,21,0.78125,0.427083333333333,1,28,28,0.0301446062227271
1959,39,21,0.802083333333333,0.427083333333333,1,25,25,0.0486599554000757
1960,40,21,0.822916666666667,0.427083333333333,1,15,15,0.0676619670814757
1961,41,21,0.84375,0.427083333333333,1,20,20,0.0870166727048277
1962,42,21,0.864583333333333,0.427083333333333,1,33,33,0.10663372922454
1963,43,21,0.885416666666667,0.427083333333333,1,28,28,0.126450496494169
1964,44,21,0.90625,0.427083333333333,1,8,8,0.146422414180522
1965,45,21,0.927083333333333,0.427083333333333,1,13,13,0.166517039438999
1966,46,21,0.947916666666667,0.427083333333333,1,18,18,0.186710255054433
1967,47,21,0.96875,0.427083333333333,1,21,21,0.206983795894808
1968,48,21,0.989583333333333,0.427083333333333,1,15,15,0.227323596312654
1969,49,21,1.01041666666667,0.427083333333333,1,16,16,0.247718661328044
1970,50,21,1.03125,0.427083333333333,1,6,6,0.268160279752807
1971,51,21,1.05208333333333,0.427083333333333,1,18,18,0.288641465373036
1972,52,21,1.07291666666667,0.427083333333333,1,10,10,0.309156553278896
1973,53,21,1.09375,0.427083333333333,1,14,14,0.329700903687971
1974,54,21,1.11458333333333,0.427083333333333,1,12,12,0.350270681511073
1975,55,21,1.13541666666667,0.427083333333333,1,16,16,0.370862690123781
1976,56,21,1.15625,0.427083333333333,1,23,23,0.391474244491135
1977,57,21,1.17708333333333,0.427083333333333,1,18,18,0.412103073243855
1978,58,21,1.19791666666667,0.427083333333333,1,22,22,0.432747242316856
1979,59,21,1.21875,0.427083333333333,1,16,16,0.453405094830677
1980,60,21,1.23958333333333,0.427083333333333,1,29,29,0.474075203338956
1981,61,21,1.26041666666667,0.427083333333333,1,23,23,0.494756331583679
1982,62,21,1.28125,0.427083333333333,1,25,25,0.515447403628166
1983,63,21,1.30208333333333,0.427083333333333,1,33,33,0.536147478764408
1984,64,21,1.32291666666667,0.427083333333333,1,21,21,0.556855730976369
1985,65,21,1.34375,0.427083333333333,1,24,24,0.577571432025264
1986,66,21,1.36458333333333,0.427083333333333,1,24,24,0.598293937434777
1987,67,21,1.38541666666667,0.427083333333333,1,20,20,0.619022674813763
1988,68,21,1.40625,0.427083333333333,1,11,11,0.639757134074947
1989,69,21,1.42708333333333,0.427083333333333,1,21,21,0.660496859200742
1990,70,21,1.44791666666667,0.427083333333333,1,31,31,0.681241441278609
1991,71,21,1.46875,0.427083333333333,1,27,27,0.7019905125838
1992,72,21,1.48958333333333,0.427083333333333,1,19,19,0.722743741530537
1993,73,21,1.51041666666667,0.427083333333333,1,20,20,0.743500828346768
1994,74,21,1.53125,0.427083333333333,1,23,23,0.764261501354536
1995,75,21,1.55208333333333,0.427083333333333,1,5,5,0.785025513759449
1996,76,21,1.57291666666667,0.427083333333333,1,18,18,0.805792640869913
1997,77,21,1.59375,0.427083333333333,1,13,13,0.826562677680553
1998,78,21,1.61458333333333,0.427083333333333,1,17,17,0.847335436765459
1999,79,21,1.63541666666667,0.427083333333333,1,5,5,0.868110746435956
2000,80,21,1.65625,0.427083333333333,1,18,18,0.888888449124965
2001,81,21,1.67708333333333,0.427083333333333,1,17,17,0.909668399966168
2002,82,21,1.69791666666667,0.427083333333333,1,15,15,0.93045046554112
2003,83,21,1.71875,0.427083333333333,1,21,21,0.951234522771637
2004,84,21,1.73958333333333,0.427083333333333,1,19,19,0.9720204579382
2005,85,21,1.76041666666667,0.427083333333333,1,22,22,0.992808165807966
2006,86,21,1.78125,0.427083333333333,1,33,33,1.0135975488584
2007,87,21,1.80208333333333,0.427083333333333,1,13,13,1.03438851658453
2008,88,21,1.82291666666667,0.427083333333333,1,19,19,1.05518098487944
2009,89,21,1.84375,0.427083333333333,1,25,25,1.07597487547932
2010,90,21,1.86458333333333,0.427083333333333,1,18,18,1.09677011546507
2011,91,21,1.88541666666667,0.427083333333333,1,25,25,1.11756663681418
2012,92,21,1.90625,0.427083333333333,1,26,26,1.13836437599678
2013,93,21,1.92708333333333,0.427083333333333,1,26,26,1.15916327361114
2014,94,21,1.94791666666667,0.427083333333333,1,17,17,1.17996327405388
2015,95,21,1.96875,0.427083333333333,1,20,20,1.20076432522149
2016,96,21,1.98958333333333,0.427083333333333,1,20,20,1.22156637823934
2017,1,22,0.0104166666666667,0.447916666666667,1,30,30,0.521700486121749
2018,2,22,0.03125,0.447916666666667,1,20,20,0.500938190250134
2019,3,22,0.0520833333333333,0.447916666666667,1,18,18,0.480180817661552
2020,4,22,0.0729166666666667,0.447916666666667,1,18,18,0.45942889746907
2021,5,22,0.09375,0.447916666666667,1,26,26,0.438683037250203
2022,6,22,0.114583333333333,0.447916666666667,1,21,21,0.417943938115818
2023,7,22,0.135416666666667,0.447916666666667,1,18,18,0.397212413381152
2024,8,22,0.15625,0.447916666666667,1,31,31,0.376489411882178
2025,9,22,0.177083333333333,0.447916666666667,1,18,18,0.355776047339736
2026,10,22,0.197916666666667,0.447916666666667,1,16,16,0.335073635677666
2027,11,22,0.21875,0.447916666666667,1,16,16,0.314383742917609
2028,12,22,0.239583333333333,0.447916666666667,1,6,6,0.293708247305863
2029,13,22,0.260416666666667,0.447916666666667,1,21,21,0.273049420839444
2030,14,22,0.28125,0.447916666666667,1,17,17,0.252410037607891
2031,15,22,0.302083333333333,0.447916666666667,1,31,31,0.231793519774818
2032,16,22,0.322916666666667,0.447916666666667,1,25,25,0.21120413728629
2033,17,22,0.34375,0.447916666666667,1,25,25,0.190647285697318
2034,18,22,0.364583333333333,0.447916666666667,1,12,12,0.170129879919705
2035,19,22,0.385416666666667,0.447916666666667,1,9,9,0.149660923919075
2036,20,22,0.40625,0.447916666666667,1,12,12,0.129252354273959
2037,21,22,0.427083333333333,0.447916666666667,1,23,23,0.108920322140453
2038,22,22,0.447916666666667,0.447916666666667,1,19,19,0.0886871994690193
2039,23,22,0.46875,0.447916666666667,1,19,19,0.068584824710556
2040,24,22,0.489583333333333,0.447916666666667,1,19,19,0.0486599554000758
2041,25,22,0.510416666666667,0.447916666666667,1,15,15,0.0289838264898428
2042,26,22,0.53125,0.447916666666667,1,21,21,0.009669719329962
2043,27,22,0.552083333333333,0.447916666666667,0,0,0,-0.00909306954828185
2044,28,22,0.572916666666667,0.447916666666667,0,0,0,-0.0269703601593078
2045,29,22,0.59375,0.447916666666667,0,0,0,-0.0433401271126079
2046,30,22,0.614583333333333,0.447916666666667,0,0,0,-0.0570157647590375
2047,31,22,0.635416666666667,0.447916666666667,0,0,0,-0.0659135208927201
2048,32,22,0.65625,0.447916666666667,0,0,0,-0.0675430070332742
2049,33,22,0.677083333333333,0.447916666666667,0,0,0,-0.0612958216516443
2050,34,22,0.697916666666667,0.447916666666667,0,0,0,-0.0492279677022374
2051,35,22,0.71875,0.447916666666667,0,0,0,-0.0337489935646481
2052,36,22,0.739583333333333,0.447916666666667,0,0,0,-0.0163764157046177
2053,37,22,0.760416666666667,0.447916666666667,1,20,20,0.00208404436653006
2054,38,22,0.78125,0.447916666666667,1,20,20,0.0212063600235879
2055,39,22,0.802083333333333,0.447916666666667,1,21,21,0.0407545143655035
2056,40,22,0.822916666666667,0.447916666666667,1,14,14,0.0605902744397444
2057,41,22,0.84375,0.447916666666667,1,27,27,0.0806283532083915
2058,42,22,0.864583333333333,0.447916666666667,1,17,17,0.100813678370602
2059,43,22,0.885416666666667,0.447916666666667,1,20,20,0.121109270986322
2060,44,22,0.90625,0.447916666666667,1,18,18,0.141489456978883
2061,45,22,0.927083333333333,0.447916666666667,1,20,20,0.161935892043248
2062,46,22,0.947916666666667,0.447916666666667,1,16,16,0.182435139970356
2063,47,22,0.96875,0.447916666666667,1,19,19,0.202977144874233
2064,48,22,0.989583333333333,0.447916666666667,1,20,20,0.223554237186632
2065,49,22,1.01041666666667,0.447916666666667,1,26,26,0.244160469054814
2066,50,22,1.03125,0.447916666666667,1,14,14,0.264791159086473
2067,51,22,1.05208333333333,0.447916666666667,1,23,23,0.285442573684061
2068,52,22,1.07291666666667,0.447916666666667,1,19,19,0.306111699622946
2069,53,22,1.09375,0.447916666666667,1,30,30,0.326796078889588
2070,54,22,1.11458333333333,0.447916666666667,1,22,22,0.34749368682606
2071,55,22,1.13541666666667,0.447916666666667,1,16,16,0.368202840926688
2072,56,22,1.15625,0.447916666666667,1,28,28,0.388922131677441
2073,57,22,1.17708333333333,0.447916666666667,1,21,21,0.409650369478667
2074,58,22,1.19791666666667,0.447916666666667,1,13,13,0.430386543460341
2075,59,22,1.21875,0.447916666666667,1,28,28,0.45112978919954
2076,60,22,1.23958333333333,0.447916666666667,1,13,13,0.471879363177629
2077,61,22,1.26041666666667,0.447916666666667,1,22,22,0.492634622393769
2078,62,22,1.28125,0.447916666666667,1,24,24,0.513395007961944
2079,63,22,1.30208333333333,0.447916666666667,1,10,10,0.534160031813487
2080,64,22,1.32291666666667,0.447916666666667,1,27,27,0.554929265841161
2081,65,22,1.34375,0.447916666666667,1,24,24,0.575702332978057
2082,66,22,1.36458333333333,0.447916666666667,1,22,22,0.596478899821124
2083,67,22,1.38541666666667,0.447916666666667,1,19,19,0.61725867049647
2084,68,22,1.40625,0.447916666666667,1,24,24,0.638041381529472
2085,69,22,1.42708333333333,0.447916666666667,1,12,12,0.65882679753303
2086,70,22,1.44791666666667,0.447916666666667,1,19,19,0.67961470756581
2087,71,22,1.46875,0.447916666666667,1,22,22,0.700404922042226
2088,72,22,1.48958333333333,0.447916666666667,1,28,28,0.721197270099126
2089,73,22,1.51041666666667,0.447916666666667,1,18,18,0.741991597342392
2090,74,22,1.53125,0.447916666666667,1,26,26,0.762787763911072
2091,75,22,1.55208333333333,0.447916666666667,1,22,22,0.783585642808079
2092,76,22,1.57291666666667,0.447916666666667,1,25,25,0.804385118455626
2093,77,22,1.59375,0.447916666666667,1,22,22,0.82518608544091
2094,78,22,1.61458333333333,0.447916666666667,1,31,31,0.845988447423444
2095,79,22,1.63541666666667,0.447916666666667,1,28,28,0.86679211618028
2096,80,22,1.65625,0.447916666666667,1,24,24,0.887597010769242
2097,81,22,1.67708333333333,0.447916666666667,1,15,15,0.908403056793503
2098,82,22,1.69791666666667,0.447916666666667,1,34,34,0.929210185753497
2099,83,22,1.71875,0.447916666666667,1,13,13,0.95001833447428
2100,84,22,1.73958333333333,0.447916666666667,1,32,32,0.970827444598314
2101,85,22,1.76041666666667,0.447916666666667,1,9,9,0.991637462135125
2102,86,22,1.78125,0.447916666666667,1,20,20,1.01244833706051
2103,87,22,1.80208333333333,0.447916666666667,1,18,18,1.03326002295907
2104,88,22,1.82291666666667,0.447916666666667,1,20,20,1.05407247670472
2105,89,22,1.84375,0.447916666666667,1,26,26,1.0748856581745
2106,90,22,1.86458333333333,0.447916666666667,1,11,11,1.09569952999177
2107,91,22,1.88541666666667,0.447916666666667,1,22,22,1.1165140572953
2108,92,22,1.90625,0.447916666666667,1,16,16,1.13732920753123
2109,93,22,1.92708333333333,0.447916666666667,1,15,15,1.15814495026538
2110,94,22,1.94791666666667,0.447916666666667,1,10,10,1.17896125701355
2111,95,22,1.96875,0.447916666666667,1,18,18,1.19977810108787
2112,96,22,1.98958333333333,0.447916666666667,1,23,23,1.22059545745745
2113,1,23,0.0104166666666667,0.46875,1,30,30,0.52034631472179
2114,2,23,0.03125,0.46875,1,9,9,0.499538638827313
2115,3,23,0.0520833333333333,0.46875,1,20,20,0.478732747373799
2116,4,23,0.0729166666666667,0.46875,1,29,29,0.457928833085105
2117,5,23,0.09375,0.46875,1,19,19,0.437127117451664
2118,6,23,0.114583333333333,0.46875,1,19,19,0.416327856301017
2119,7,23,0.135416666666667,0.46875,1,24,24,0.395531346713703
2120,8,23,0.15625,0.46875,1,24,24,0.374737935679083
2121,9,23,0.177083333333333,0.46875,1,23,23,0.353948031023562
2122,10,23,0.197916666666667,0.46875,1,14,14,0.333162115338184
2123,11,23,0.21875,0.46875,1,20,20,0.312380763910699
2124,12,23,0.239583333333333,0.46875,1,26,26,0.291604668070927
2125,13,23,0.260416666666667,0.46875,1,12,12,0.270834665953663
2126,14,23,0.28125,0.46875,1,21,21,0.250071783577187
2127,15,23,0.302083333333333,0.46875,1,27,27,0.229317290503125
2128,16,23,0.322916666666667,0.46875,1,22,22,0.208572776481017
2129,17,23,0.34375,0.46875,1,21,21,0.187840258900619
2130,18,23,0.364583333333333,0.46875,1,19,19,0.167122336489363
2131,19,23,0.385416666666667,0.46875,1,26,26,0.146422414180522
2132,20,23,0.40625,0.46875,1,11,11,0.125745040641719
2133,21,23,0.427083333333333,0.46875,1,18,18,0.105096429953426
2134,22,23,0.447916666666667,0.46875,1,19,19,0.0844852955865315
2135,23,23,0.46875,0.46875,1,17,17,0.063924237119527
2136,24,23,0.489583333333333,0.46875,1,20,20,0.0434321554787933
2137,25,23,0.510416666666667,0.46875,1,31,31,0.0230386991147657
2138,26,23,0.53125,0.46875,1,23,23,0.00279301690242816
2139,27,23,0.552083333333333,0.46875,0,0,0,-0.0172175301371332
2140,28,23,0.572916666666667,0.46875,0,0,0,-0.0368230634263452
2141,29,23,0.59375,0.46875,0,0,0,-0.0556523116188312
2142,30,23,0.614583333333333,0.46875,0,0,0,-0.0727675664635223
2143,31,23,0.635416666666667,0.46875,0,0,0,-0.0855146971724024
2144,32,23,0.65625,0.46875,0,0,0,-0.0881311280400451
2145,33,23,0.677083333333333,0.46875,0,0,0,-0.0786470140806684
2146,34,23,0.697916666666667,0.46875,0,0,0,-0.0627936240927251
2147,35,23,0.71875,0.46875,0,0,0,-0.0444809626650339
2148,36,23,0.739583333333333,0.46875,0,0,0,-0.0251225205272026
2149,37,23,0.760416666666667,0.46875,0,0,0,-0.00524633871732995
2150,38,23,0.78125,0.46875,1,20,20,0.0149189571557681
2151,39,23,0.802083333333333,0.46875,1,14,14,0.0352607573657225
2152,40,23,0.822916666666667,0.46875,1,19,19,0.0557177740329961
2153,41,23,0.84375,0.46875,1,19,19,0.0762539808513447
2154,42,23,0.864583333333333,0.46875,1,24,24,0.0968468801814875
2155,43,23,0.885416666666667,0.46875,1,23,23,0.117481724443049
2156,44,23,0.90625,0.46875,1,25,25,0.138148455350792
2157,45,23,0.927083333333333,0.46875,1,20,20,0.158839982985064
2158,46,23,0.947916666666667,0.46875,1,22,22,0.179551168880673
2159,47,23,0.96875,0.46875,1,27,27,0.200278199382974
2160,48,23,0.989583333333333,0.46875,1,27,27,0.221018185406259
2161,49,23,1.01041666666667,0.46875,1,29,29,0.241768898761504
2162,50,23,1.03125,0.46875,1,13,13,0.262528593702484
2163,51,23,1.05208333333333,0.46875,1,20,20,0.283295883247578
2164,52,23,1.07291666666667,0.46875,1,15,15,0.304069651642798
2165,53,23,1.09375,0.46875,1,20,20,0.324848991231856
2166,54,23,1.11458333333333,0.46875,1,24,24,0.345633156155262
2167,55,23,1.13541666666667,0.46875,1,25,25,0.366421527872459
2168,56,23,1.15625,0.46875,1,20,20,0.387213589131837
2169,57,23,1.17708333333333,0.46875,1,15,15,0.408008904070545
2170,58,23,1.19791666666667,0.46875,1,13,13,0.428807102824946
2171,59,23,1.21875,0.46875,1,30,30,0.449607869503222
2172,60,23,1.23958333333333,0.46875,1,29,29,0.470410932693869
2173,61,23,1.26041666666667,0.46875,1,23,23,0.491216057907876
2174,62,23,1.28125,0.46875,1,26,26,0.512023041510355
2175,63,23,1.30208333333333,0.46875,1,26,26,0.532831705810243
2176,64,23,1.32291666666667,0.46875,1,25,25,0.55364189505833
2177,65,23,1.34375,0.46875,1,18,18,0.574453472163542
2178,66,23,1.36458333333333,0.46875,1,19,19,0.595266315981521
2179,67,23,1.38541666666667,0.46875,1,24,24,0.616080319062472
2180,68,23,1.40625,0.46875,1,21,21,0.636895385770055
2181,69,23,1.42708333333333,0.46875,1,17,17,0.657711430701931
2182,70,23,1.44791666666667,0.46875,1,24,24,0.678528377357026
2183,71,23,1.46875,0.46875,1,19,19,0.699346157005694
2184,72,23,1.48958333333333,0.46875,1,28,28,0.720164707727664
2185,73,23,1.51041666666667,0.46875,1,17,17,0.740983973589391
2186,74,23,1.53125,0.46875,1,25,25,0.761803903937831
2187,75,23,1.55208333333333,0.46875,1,15,15,0.782624452791845
2188,76,23,1.57291666666667,0.46875,1,11,11,0.803445578315859
2189,77,23,1.59375,0.46875,1,30,30,0.824267242363093
2190,78,23,1.61458333333333,0.46875,1,15,15,0.845089410077866
2191,79,23,1.63541666666667,0.46875,1,17,17,0.865912049548257
2192,80,23,1.65625,0.46875,1,25,25,0.886735131501827
2193,81,23,1.67708333333333,0.46875,1,28,28,0.90755862903832
2194,82,23,1.69791666666667,0.46875,1,26,26,0.928382517394189
2195,83,23,1.71875,0.46875,1,13,13,0.949206773734622
2196,84,23,1.73958333333333,0.46875,1,15,15,0.970031376969387
2197,85,23,1.76041666666667,0.46875,1,23,23,0.99085630758938
2198,86,23,1.78125,0.46875,1,16,16,1.01168154752121
2199,87,23,1.80208333333333,0.46875,1,25,25,1.03250707999753
2200,88,23,1.82291666666667,0.46875,1,19,19,1.0533328894412
2201,89,23,1.84375,0.46875,1,13,13,1.07415896136151
2202,90,23,1.86458333333333,0.46875,1,19,19,1.09498528226111
2203,91,23,1.88541666666667,0.46875,1,22,22,1.11581183955236
2204,92,23,1.90625,0.46875,1,22,22,1.13663862148193
2205,93,23,1.92708333333333,0.46875,1,19,19,1.15746561706285
2206,94,23,1.94791666666667,0.46875,1,21,21,1.17829281601306
2207,95,23,1.96875,0.46875,1,20,20,1.19912020869972
2208,96,23,1.98958333333333,0.46875,1,14,14,1.21994778608886
2209,1,24,0.0104166666666667,0.489583333333333,1,28,28,0.519668153984722
2210,2,24,0.03125,0.489583333333333,1,26,26,0.498837676167543
2211,3,24,0.0520833333333333,0.489583333333333,1,12,12,0.478007397297243
2212,4,24,0.0729166666666667,0.489583333333333,1,27,27,0.457177338913748
2213,5,24,0.09375,0.489583333333333,1,27,27,0.436347525782621
2214,6,24,0.114583333333333,0.489583333333333,1,21,21,0.415517986522291
2215,7,24,0.135416666666667,0.489583333333333,1,20,20,0.394688754383549
2216,8,24,0.15625,0.489583333333333,1,18,18,0.373859868226245
2217,9,24,0.177083333333333,0.489583333333333,1,24,24,0.353031373753957
2218,10,24,0.197916666666667,0.489583333333333,1,23,23,0.332203325089746
2219,11,24,0.21875,0.489583333333333,1,25,25,0.311375786808259
2220,12,24,0.239583333333333,0.489583333333333,1,5,5,0.290548836586127
2221,13,24,0.260416666666667,0.489583333333333,1,13,13,0.269722568701834
2222,14,24,0.28125,0.489583333333333,1,22,22,0.248897098720557
2223,15,24,0.302083333333333,0.489583333333333,1,25,25,0.22807256985992
2224,16,24,0.322916666666667,0.489583333333333,1,30,30,0.207249161784853
2225,17,24,0.34375,0.489583333333333,1,30,30,0.186427102986085
2226,18,24,0.364583333333333,0.489583333333333,1,19,19,0.16560668856936
2227,19,24,0.385416666666667,0.489583333333333,1,16,16,0.144788306430292
2228,20,24,0.40625,0.489583333333333,1,17,17,0.123972476817457
2229,21,24,0.427083333333333,0.489583333333333,1,13,13,0.103159914012849
2230,22,24,0.447916666666667,0.489583333333333,1,20,20,0.0823516260264681
2231,23,24,0.46875,0.489583333333333,1,9,9,0.0615490827419529
2232,24,24,0.489583333333333,0.489583333333333,1,24,24,0.0407545143655036
2233,25,24,0.510416666666667,0.489583333333333,1,5,5,0.0199714752686736
2234,26,24,0.53125,0.489583333333333,0,0,0,-0.000794004159000244
2235,27,24,0.552083333333333,0.489583333333333,0,0,0,-0.0215308141825293
2236,28,24,0.572916666666667,0.489583333333333,0,0,0,-0.042216022072523
2237,29,24,0.59375,0.489583333333333,0,0,0,-0.062793624092725
2238,30,24,0.614583333333333,0.489583333333333,0,0,0,-0.0830832392777721
2239,31,24,0.635416666666667,0.489583333333333,0,0,0,-0.102078489026994
2240,32,24,0.65625,0.489583333333333,0,0,0,-0.107852183552406
2241,33,24,0.677083333333333,0.489583333333333,0,0,0,-0.0909825244225332
2242,34,24,0.697916666666667,0.489583333333333,0,0,0,-0.0709641571002508
2243,35,24,0.71875,0.489583333333333,0,0,0,-0.0504653363821724
2244,36,24,0.739583333333333,0.489583333333333,0,0,0,-0.0298130799086944
2245,37,24,0.760416666666667,0.489583333333333,0,0,0,-0.00909306954828201
2246,38,24,0.78125,0.489583333333333,1,15,15,0.0116627109110413
2247,39,24,0.802083333333333,0.489583333333333,1,24,24,0.0324396510827225
2248,40,24,0.822916666666667,0.489583333333333,1,28,28,0.053230137549895
2249,41,24,0.84375,0.489583333333333,1,18,18,0.0740298158645842
2250,42,24,0.864583333333333,0.489583333333333,1,27,27,0.094836016274946
2251,43,24,0.885416666666667,0.489583333333333,1,19,19,0.115647011202962
2252,44,24,0.90625,0.489583333333333,1,23,23,0.13646163347457
2253,45,24,0.927083333333333,0.489583333333333,1,22,22,0.15727906620507
2254,46,24,0.947916666666667,0.489583333333333,1,31,31,0.178098720598097
2255,47,24,0.96875,0.489583333333333,1,16,16,0.198920161552142
2256,48,24,0.989583333333333,0.489583333333333,1,19,19,0.219743060594653
2257,49,24,1.01041666666667,0.489583333333333,1,22,22,0.24056716511013
2258,50,24,1.03125,0.489583333333333,1,17,17,0.261392277641334
2259,51,24,1.05208333333333,0.489583333333333,1,15,15,0.282218241616276
2260,52,24,1.07291666666667,0.489583333333333,1,23,23,0.303044931288497
2261,53,24,1.09375,0.489583333333333,1,21,21,0.323872244507859
2262,54,24,1.11458333333333,0.489583333333333,1,9,9,0.344700097434416
2263,55,24,1.13541666666667,0.489583333333333,1,27,27,0.365528420612246
2264,56,24,1.15625,0.489583333333333,1,10,10,0.386357156011885
2265,57,24,1.17708333333333,0.489583333333333,1,23,23,0.407186254773607
2266,58,24,1.19791666666667,0.489583333333333,1,21,21,0.428015675465178
2267,59,24,1.21875,0.489583333333333,1,29,29,0.448845382722269
2268,60,24,1.23958333333333,0.489583333333333,1,19,19,0.469675346176936
2269,61,24,1.26041666666667,0.489583333333333,1,23,23,0.490505539605407
2270,62,24,1.28125,0.489583333333333,1,15,15,0.51133594024453
2271,63,24,1.30208333333333,0.489583333333333,1,19,19,0.532166528239188
2272,64,24,1.32291666666667,0.489583333333333,1,25,25,0.552997286192316
2273,65,24,1.34375,0.489583333333333,1,8,8,0.573828198795959
2274,66,24,1.36458333333333,0.489583333333333,1,22,22,0.59465925252684
2275,67,24,1.38541666666667,0.489583333333333,1,17,17,0.61549043539366
2276,68,24,1.40625,0.489583333333333,1,20,20,0.63632173672614
2277,69,24,1.42708333333333,0.489583333333333,1,18,18,0.657153146997996
2278,70,24,1.44791666666667,0.489583333333333,1,19,19,0.677984657677633
2279,71,24,1.46875,0.489583333333333,1,22,22,0.698816261101625
2280,72,24,1.48958333333333,0.489583333333333,1,26,26,0.719647950367031
2281,73,24,1.51041666666667,0.489583333333333,1,27,27,0.740479719239345
2282,74,24,1.53125,0.489583333333333,1,16,16,0.761311562073507
2283,75,24,1.55208333333333,0.489583333333333,1,14,14,0.782143473745846
2284,76,24,1.57291666666667,0.489583333333333,1,25,25,0.802975449595251
2285,77,24,1.59375,0.489583333333333,1,8,8,0.82380748537212
2286,78,24,1.61458333333333,0.489583333333333,1,16,16,0.844639577193932
2287,79,24,1.63541666666667,0.489583333333333,1,22,22,0.865471721506451
2288,80,24,1.65625,0.489583333333333,1,23,23,0.886303915049745
2289,81,24,1.67708333333333,0.489583333333333,1,4,4,0.907136154828344
2290,82,24,1.69791666666667,0.489583333333333,1,20,20,0.927968438084956
2291,83,24,1.71875,0.489583333333333,1,12,12,0.948800762277256
2292,84,24,1.73958333333333,0.489583333333333,1,19,19,0.969633125057339
2293,85,24,1.76041666666667,0.489583333333333,1,11,11,0.99046552425348
2294,86,24,1.78125,0.489583333333333,1,18,18,1.01129795785392
2295,87,24,1.80208333333333,0.489583333333333,1,24,24,1.03213042399239
2296,88,24,1.82291666666667,0.489583333333333,1,19,19,1.05296292093522
2297,89,24,1.84375,0.489583333333333,1,24,24,1.07379544706974
2298,90,24,1.86458333333333,0.489583333333333,1,11,11,1.09462800089392
2299,91,24,1.88541666666667,0.489583333333333,1,23,23,1.11546058100703
2300,92,24,1.90625,0.489583333333333,1,16,16,1.13629318610126
2301,93,24,1.92708333333333,0.489583333333333,1,24,24,1.15712581495412
2302,94,24,1.94791666666667,0.489583333333333,1,28,28,1.17795846642162
2303,95,24,1.96875,0.489583333333333,1,22,22,1.19879113943203
2304,96,24,1.98958333333333,0.489583333333333,1,30,30,1.21962383298032
2305,1,25,0.0104166666666667,0.510416666666667,1,20,20,0.519668153984722
2306,2,25,0.03125,0.510416666666667,1,18,18,0.498837676167543
2307,3,25,0.0520833333333333,0.510416666666667,1,24,24,0.478007397297243
2308,4,25,0.0729166666666667,0.510416666666667,1,16,16,0.457177338913748
2309,5,25,0.09375,0.510416666666667,1,24,24,0.436347525782621
2310,6,25,0.114583333333333,0.510416666666667,1,24,24,0.415517986522291
2311,7,25,0.135416666666667,0.510416666666667,1,24,24,0.394688754383549
2312,8,25,0.15625,0.510416666666667,1,15,15,0.373859868226245
2313,9,25,0.177083333333333,0.510416666666667,1,4,4,0.353031373753957
2314,10,25,0.197916666666667,0.510416666666667,1,15,15,0.332203325089746
2315,11,25,0.21875,0.510416666666667,1,17,17,0.311375786808259
2316,12,25,0.239583333333333,0.510416666666667,1,26,26,0.290548836586127
2317,13,25,0.260416666666667,0.510416666666667,1,13,13,0.269722568701834
2318,14,25,0.28125,0.510416666666667,1,25,25,0.248897098720557
2319,15,25,0.302083333333333,0.510416666666667,1,21,21,0.22807256985992
2320,16,25,0.322916666666667,0.510416666666667,1,13,13,0.207249161784853
2321,17,25,0.34375,0.510416666666667,1,17,17,0.186427102986085
2322,18,25,0.364583333333333,0.510416666666667,1,15,15,0.16560668856936
2323,19,25,0.385416666666667,0.510416666666667,1,18,18,0.144788306430292
2324,20,25,0.40625,0.510416666666667,1,27,27,0.123972476817457
2325,21,25,0.427083333333333,0.510416666666667,1,22,22,0.103159914012849
2326,22,25,0.447916666666667,0.510416666666667,1,21,21,0.082351626026468
2327,23,25,0.46875,0.510416666666667,1,14,14,0.0615490827419529
2328,24,25,0.489583333333333,0.510416666666667,1,27,27,0.0407545143655036
2329,25,25,0.510416666666667,0.510416666666667,1,29,29,0.0199714752686736
2330,26,25,0.53125,0.510416666666667,0,0,0,-0.000794004159000244
2331,27,25,0.552083333333333,0.510416666666667,0,0,0,-0.0215308141825293
2332,28,25,0.572916666666667,0.510416666666667,0,0,0,-0.042216022072523
2333,29,25,0.59375,0.510416666666667,0,0,0,-0.0627936240927251
2334,30,25,0.614583333333333,0.510416666666667,0,0,0,-0.0830832392777721
2335,31,25,0.635416666666667,0.510416666666667,0,0,0,-0.102078489026994
2336,32,25,0.65625,0.510416666666667,0,0,0,-0.107852183552406
2337,33,25,0.677083333333333,0.510416666666667,0,0,0,-0.0909825244225332
2338,34,25,0.697916666666667,0.510416666666667,0,0,0,-0.0709641571002508
2339,35,25,0.71875,0.510416666666667,0,0,0,-0.0504653363821724
2340,36,25,0.739583333333333,0.510416666666667,0,0,0,-0.0298130799086944
2341,37,25,0.760416666666667,0.510416666666667,0,0,0,-0.00909306954828201
2342,38,25,0.78125,0.510416666666667,1,10,10,0.0116627109110413
2343,39,25,0.802083333333333,0.510416666666667,1,20,20,0.0324396510827225
2344,40,25,0.822916666666667,0.510416666666667,1,31,31,0.053230137549895
2345,41,25,0.84375,0.510416666666667,1,15,15,0.0740298158645842
2346,42,25,0.864583333333333,0.510416666666667,1,10,10,0.094836016274946
2347,43,25,0.885416666666667,0.510416666666667,1,20,20,0.115647011202962
2348,44,25,0.90625,0.510416666666667,1,19,19,0.13646163347457
2349,45,25,0.927083333333333,0.510416666666667,1,23,23,0.15727906620507
2350,46,25,0.947916666666667,0.510416666666667,1,23,23,0.178098720598097
2351,47,25,0.96875,0.510416666666667,1,26,26,0.198920161552142
2352,48,25,0.989583333333333,0.510416666666667,1,17,17,0.219743060594653
2353,49,25,1.01041666666667,0.510416666666667,1,14,14,0.24056716511013
2354,50,25,1.03125,0.510416666666667,1,12,12,0.261392277641334
2355,51,25,1.05208333333333,0.510416666666667,1,22,22,0.282218241616276
2356,52,25,1.07291666666667,0.510416666666667,1,12,12,0.303044931288497
2357,53,25,1.09375,0.510416666666667,1,6,6,0.323872244507859
2358,54,25,1.11458333333333,0.510416666666667,1,5,5,0.344700097434416
2359,55,25,1.13541666666667,0.510416666666667,1,27,27,0.365528420612246
2360,56,25,1.15625,0.510416666666667,1,24,24,0.386357156011885
2361,57,25,1.17708333333333,0.510416666666667,1,30,30,0.407186254773607
2362,58,25,1.19791666666667,0.510416666666667,1,21,21,0.428015675465178
2363,59,25,1.21875,0.510416666666667,1,23,23,0.448845382722269
2364,60,25,1.23958333333333,0.510416666666667,1,14,14,0.469675346176936
2365,61,25,1.26041666666667,0.510416666666667,1,13,13,0.490505539605407
2366,62,25,1.28125,0.510416666666667,1,23,23,0.51133594024453
2367,63,25,1.30208333333333,0.510416666666667,1,14,14,0.532166528239188
2368,64,25,1.32291666666667,0.510416666666667,1,28,28,0.552997286192316
2369,65,25,1.34375,0.510416666666667,1,23,23,0.573828198795959
2370,66,25,1.36458333333333,0.510416666666667,1,22,22,0.59465925252684
2371,67,25,1.38541666666667,0.510416666666667,1,18,18,0.61549043539366
2372,68,25,1.40625,0.510416666666667,1,13,13,0.63632173672614
2373,69,25,1.42708333333333,0.510416666666667,1,18,18,0.657153146997996
2374,70,25,1.44791666666667,0.510416666666667,1,10,10,0.677984657677633
2375,71,25,1.46875,0.510416666666667,1,14,14,0.698816261101625
2376,72,25,1.48958333333333,0.510416666666667,1,19,19,0.719647950367031
2377,73,25,1.51041666666667,0.510416666666667,1,4,4,0.740479719239345
2378,74,25,1.53125,0.510416666666667,1,13,13,0.761311562073507
2379,75,25,1.55208333333333,0.510416666666667,1,23,23,0.782143473745846
2380,76,25,1.57291666666667,0.510416666666667,1,20,20,0.802975449595251
2381,77,25,1.59375,0.510416666666667,1,17,17,0.82380748537212
2382,78,25,1.61458333333333,0.510416666666667,1,20,20,0.844639577193932
2383,79,25,1.63541666666667,0.510416666666667,1,21,21,0.865471721506451
2384,80,25,1.65625,0.510416666666667,1,23,23,0.886303915049745
2385,81,25,1.67708333333333,0.510416666666667,1,26,26,0.907136154828344
2386,82,25,1.69791666666667,0.510416666666667,1,12,12,0.927968438084956
2387,83,25,1.71875,0.510416666666667,1,25,25,0.948800762277256
2388,84,25,1.73958333333333,0.510416666666667,1,12,12,0.969633125057339
2389,85,25,1.76041666666667,0.510416666666667,1,17,17,0.99046552425348
2390,86,25,1.78125,0.510416666666667,1,25,25,1.01129795785392
2391,87,25,1.80208333333333,0.510416666666667,1,19,19,1.03213042399239
2392,88,25,1.82291666666667,0.510416666666667,1,20,20,1.05296292093522
2393,89,25,1.84375,0.510416666666667,1,18,18,1.07379544706974
2394,90,25,1.86458333333333,0.510416666666667,1,22,22,1.09462800089392
2395,91,25,1.88541666666667,0.510416666666667,1,20,20,1.11546058100703
2396,92,25,1.90625,0.510416666666667,1,31,31,1.13629318610126
2397,93,25,1.92708333333333,0.510416666666667,1,18,18,1.15712581495412
2398,94,25,1.94791666666667,0.510416666666667,1,28,28,1.17795846642162
2399,95,25,1.96875,0.510416666666667,1,17,17,1.19879113943203
2400,96,25,1.98958333333333,0.510416666666667,1,16,16,1.21962383298032
2401,1,26,0.0104166666666667,0.53125,1,27,27,0.52034631472179
2402,2,26,0.03125,0.53125,1,21,21,0.499538638827313
2403,3,26,0.0520833333333333,0.53125,1,31,31,0.478732747373799
2404,4,26,0.0729166666666667,0.53125,1,21,21,0.457928833085105
2405,5,26,0.09375,0.53125,1,16,16,0.437127117451664
2406,6,26,0.114583333333333,0.53125,1,22,22,0.416327856301017
2407,7,26,0.135416666666667,0.53125,1,22,22,0.395531346713703
2408,8,26,0.15625,0.53125,1,19,19,0.374737935679083
2409,9,26,0.177083333333333,0.53125,1,6,6,0.353948031023562
2410,10,26,0.197916666666667,0.53125,1,22,22,0.333162115338184
2411,11,26,0.21875,0.53125,1,22,22,0.312380763910699
2412,12,26,0.239583333333333,0.53125,1,19,19,0.291604668070927
2413,13,26,0.260416666666667,0.53125,1,20,20,0.270834665953663
2414,14,26,0.28125,0.53125,1,18,18,0.250071783577187
2415,15,26,0.302083333333333,0.53125,1,16,16,0.229317290503125
2416,16,26,0.322916666666667,0.53125,1,19,19,0.208572776481017
2417,17,26,0.34375,0.53125,1,9,9,0.187840258900619
2418,18,26,0.364583333333333,0.53125,1,25,25,0.167122336489363
2419,19,26,0.385416666666667,0.53125,1,20,20,0.146422414180522
2420,20,26,0.40625,0.53125,1,30,30,0.125745040641719
2421,21,26,0.427083333333333,0.53125,1,24,24,0.105096429953426
2422,22,26,0.447916666666667,0.53125,1,18,18,0.0844852955865315
2423,23,26,0.46875,0.53125,1,23,23,0.063924237119527
2424,24,26,0.489583333333333,0.53125,1,6,6,0.0434321554787933
2425,25,26,0.510416666666667,0.53125,1,32,32,0.0230386991147657
2426,26,26,0.53125,0.53125,1,19,19,0.00279301690242816
2427,27,26,0.552083333333333,0.53125,0,0,0,-0.0172175301371332
2428,28,26,0.572916666666667,0.53125,0,0,0,-0.0368230634263452
2429,29,26,0.59375,0.53125,0,0,0,-0.0556523116188312
2430,30,26,0.614583333333333,0.53125,0,0,0,-0.0727675664635223
2431,31,26,0.635416666666667,0.53125,0,0,0,-0.0855146971724024
2432,32,26,0.65625,0.53125,0,0,0,-0.0881311280400451
2433,33,26,0.677083333333333,0.53125,0,0,0,-0.0786470140806684
2434,34,26,0.697916666666667,0.53125,0,0,0,-0.0627936240927251
2435,35,26,0.71875,0.53125,0,0,0,-0.0444809626650339
2436,36,26,0.739583333333333,0.53125,0,0,0,-0.0251225205272026
2437,37,26,0.760416666666667,0.53125,0,0,0,-0.00524633871732995
2438,38,26,0.78125,0.53125,1,22,22,0.0149189571557681
2439,39,26,0.802083333333333,0.53125,1,25,25,0.0352607573657225
2440,40,26,0.822916666666667,0.53125,1,27,27,0.0557177740329961
2441,41,26,0.84375,0.53125,1,22,22,0.0762539808513447
2442,42,26,0.864583333333333,0.53125,1,26,26,0.0968468801814875
2443,43,26,0.885416666666667,0.53125,1,30,30,0.117481724443049
2444,44,26,0.90625,0.53125,1,25,25,0.138148455350792
2445,45,26,0.927083333333333,0.53125,1,19,19,0.158839982985064
2446,46,26,0.947916666666667,0.53125,1,23,23,0.179551168880673
2447,47,26,0.96875,0.53125,1,16,16,0.200278199382974
2448,48,26,0.989583333333333,0.53125,1,17,17,0.221018185406259
2449,49,26,1.01041666666667,0.53125,1,22,22,0.241768898761504
2450,50,26,1.03125,0.53125,1,31,31,0.262528593702484
2451,51,26,1.05208333333333,0.53125,1,15,15,0.283295883247578
2452,52,26,1.07291666666667,0.53125,1,11,11,0.304069651642798
2453,53,26,1.09375,0.53125,1,23,23,0.324848991231856
2454,54,26,1.11458333333333,0.53125,1,13,13,0.345633156155262
2455,55,26,1.13541666666667,0.53125,1,22,22,0.366421527872459
2456,56,26,1.15625,0.53125,1,32,32,0.387213589131837
2457,57,26,1.17708333333333,0.53125,1,20,20,0.408008904070545
2458,58,26,1.19791666666667,0.53125,1,18,18,0.428807102824946
2459,59,26,1.21875,0.53125,1,6,6,0.449607869503222
2460,60,26,1.23958333333333,0.53125,1,14,14,0.470410932693869
2461,61,26,1.26041666666667,0.53125,1,12,12,0.491216057907876
2462,62,26,1.28125,0.53125,1,18,18,0.512023041510355
2463,63,26,1.30208333333333,0.53125,1,36,36,0.532831705810243
2464,64,26,1.32291666666667,0.53125,1,28,28,0.55364189505833
2465,65,26,1.34375,0.53125,1,18,18,0.574453472163542
2466,66,26,1.36458333333333,0.53125,1,29,29,0.595266315981521
2467,67,26,1.38541666666667,0.53125,1,23,23,0.616080319062472
2468,68,26,1.40625,0.53125,1,18,18,0.636895385770055
2469,69,26,1.42708333333333,0.53125,1,22,22,0.657711430701931
2470,70,26,1.44791666666667,0.53125,1,16,16,0.678528377357026
2471,71,26,1.46875,0.53125,1,27,27,0.699346157005694
2472,72,26,1.48958333333333,0.53125,1,23,23,0.720164707727664
2473,73,26,1.51041666666667,0.53125,1,20,20,0.740983973589391
2474,74,26,1.53125,0.53125,1,5,5,0.761803903937831
2475,75,26,1.55208333333333,0.53125,1,22,22,0.782624452791845
2476,76,26,1.57291666666667,0.53125,1,17,17,0.803445578315859
2477,77,26,1.59375,0.53125,1,19,19,0.824267242363093
2478,78,26,1.61458333333333,0.53125,1,28,28,0.845089410077866
2479,79,26,1.63541666666667,0.53125,1,5,5,0.865912049548257
2480,80,26,1.65625,0.53125,1,16,16,0.886735131501827
2481,81,26,1.67708333333333,0.53125,1,26,26,0.90755862903832
2482,82,26,1.69791666666667,0.53125,1,25,25,0.928382517394189
2483,83,26,1.71875,0.53125,1,18,18,0.949206773734622
2484,84,26,1.73958333333333,0.53125,1,21,21,0.970031376969387
2485,85,26,1.76041666666667,0.53125,1,15,15,0.99085630758938
2486,86,26,1.78125,0.53125,1,14,14,1.01168154752121
2487,87,26,1.80208333333333,0.53125,1,19,19,1.03250707999753
2488,88,26,1.82291666666667,0.53125,1,22,22,1.0533328894412
2489,89,26,1.84375,0.53125,1,14,14,1.07415896136151
2490,90,26,1.86458333333333,0.53125,1,22,22,1.09498528226111
2491,91,26,1.88541666666667,0.53125,1,25,25,1.11581183955236
2492,92,26,1.90625,0.53125,1,25,25,1.13663862148193
2493,93,26,1.92708333333333,0.53125,1,20,20,1.15746561706285
2494,94,26,1.94791666666667,0.53125,1,21,21,1.17829281601306
2495,95,26,1.96875,0.53125,1,27,27,1.19912020869972
2496,96,26,1.98958333333333,0.53125,1,24,24,1.21994778608886
2497,1,27,0.0104166666666667,0.552083333333333,1,21,21,0.521700486121749
2498,2,27,0.03125,0.552083333333333,1,21,21,0.500938190250134
2499,3,27,0.0520833333333333,0.552083333333333,1,35,35,0.480180817661552
2500,4,27,0.0729166666666667,0.552083333333333,1,16,16,0.45942889746907
2501,5,27,0.09375,0.552083333333333,1,23,23,0.438683037250203
2502,6,27,0.114583333333333,0.552083333333333,1,29,29,0.417943938115818
2503,7,27,0.135416666666667,0.552083333333333,1,21,21,0.397212413381152
2504,8,27,0.15625,0.552083333333333,1,27,27,0.376489411882178
2505,9,27,0.177083333333333,0.552083333333333,1,24,24,0.355776047339736
2506,10,27,0.197916666666667,0.552083333333333,1,21,21,0.335073635677666
2507,11,27,0.21875,0.552083333333333,1,32,32,0.314383742917609
2508,12,27,0.239583333333333,0.552083333333333,1,23,23,0.293708247305863
2509,13,27,0.260416666666667,0.552083333333333,1,12,12,0.273049420839444
2510,14,27,0.28125,0.552083333333333,1,18,18,0.252410037607891
2511,15,27,0.302083333333333,0.552083333333333,1,18,18,0.231793519774818
2512,16,27,0.322916666666667,0.552083333333333,1,15,15,0.21120413728629
2513,17,27,0.34375,0.552083333333333,1,24,24,0.190647285697318
2514,18,27,0.364583333333333,0.552083333333333,1,23,23,0.170129879919705
2515,19,27,0.385416666666667,0.552083333333333,1,36,36,0.149660923919075
2516,20,27,0.40625,0.552083333333333,1,29,29,0.129252354273959
2517,21,27,0.427083333333333,0.552083333333333,1,16,16,0.108920322140453
2518,22,27,0.447916666666667,0.552083333333333,1,26,26,0.0886871994690193
2519,23,27,0.46875,0.552083333333333,1,36,36,0.068584824710556
2520,24,27,0.489583333333333,0.552083333333333,1,32,32,0.0486599554000758
2521,25,27,0.510416666666667,0.552083333333333,1,9,9,0.0289838264898427
2522,26,27,0.53125,0.552083333333333,1,22,22,0.00966971932996197
2523,27,27,0.552083333333333,0.552083333333333,0,0,0,-0.0090930695482819
2524,28,27,0.572916666666667,0.552083333333333,0,0,0,-0.0269703601593079
2525,29,27,0.59375,0.552083333333333,0,0,0,-0.043340127112608
2526,30,27,0.614583333333333,0.552083333333333,0,0,0,-0.0570157647590376
2527,31,27,0.635416666666667,0.552083333333333,0,0,0,-0.0659135208927202
2528,32,27,0.65625,0.552083333333333,0,0,0,-0.0675430070332744
2529,33,27,0.677083333333333,0.552083333333333,0,0,0,-0.0612958216516444
2530,34,27,0.697916666666667,0.552083333333333,0,0,0,-0.0492279677022375
2531,35,27,0.71875,0.552083333333333,0,0,0,-0.0337489935646482
2532,36,27,0.739583333333333,0.552083333333333,0,0,0,-0.0163764157046177
2533,37,27,0.760416666666667,0.552083333333333,1,18,18,0.00208404436653002
2534,38,27,0.78125,0.552083333333333,1,16,16,0.0212063600235878
2535,39,27,0.802083333333333,0.552083333333333,1,23,23,0.0407545143655034
2536,40,27,0.822916666666667,0.552083333333333,1,19,19,0.0605902744397444
2537,41,27,0.84375,0.552083333333333,1,27,27,0.0806283532083915
2538,42,27,0.864583333333333,0.552083333333333,1,36,36,0.100813678370602
2539,43,27,0.885416666666667,0.552083333333333,1,27,27,0.121109270986322
2540,44,27,0.90625,0.552083333333333,1,14,14,0.141489456978883
2541,45,27,0.927083333333333,0.552083333333333,1,24,24,0.161935892043248
2542,46,27,0.947916666666667,0.552083333333333,1,16,16,0.182435139970356
2543,47,27,0.96875,0.552083333333333,1,11,11,0.202977144874233
2544,48,27,0.989583333333333,0.552083333333333,1,18,18,0.223554237186632
2545,49,27,1.01041666666667,0.552083333333333,1,16,16,0.244160469054814
2546,50,27,1.03125,0.552083333333333,1,23,23,0.264791159086473
2547,51,27,1.05208333333333,0.552083333333333,1,24,24,0.285442573684061
2548,52,27,1.07291666666667,0.552083333333333,1,11,11,0.306111699622946
2549,53,27,1.09375,0.552083333333333,1,15,15,0.326796078889588
2550,54,27,1.11458333333333,0.552083333333333,1,29,29,0.34749368682606
2551,55,27,1.13541666666667,0.552083333333333,1,29,29,0.368202840926688
2552,56,27,1.15625,0.552083333333333,1,19,19,0.388922131677441
2553,57,27,1.17708333333333,0.552083333333333,1,25,25,0.409650369478667
2554,58,27,1.19791666666667,0.552083333333333,1,23,23,0.430386543460341
2555,59,27,1.21875,0.552083333333333,1,15,15,0.45112978919954
2556,60,27,1.23958333333333,0.552083333333333,1,19,19,0.471879363177629
2557,61,27,1.26041666666667,0.552083333333333,1,14,14,0.492634622393769
2558,62,27,1.28125,0.552083333333333,1,30,30,0.513395007961944
2559,63,27,1.30208333333333,0.552083333333333,1,24,24,0.534160031813487
2560,64,27,1.32291666666667,0.552083333333333,1,16,16,0.554929265841161
2561,65,27,1.34375,0.552083333333333,1,30,30,0.575702332978057
2562,66,27,1.36458333333333,0.552083333333333,1,33,33,0.596478899821124
2563,67,27,1.38541666666667,0.552083333333333,1,18,18,0.61725867049647
2564,68,27,1.40625,0.552083333333333,1,17,17,0.638041381529472
2565,69,27,1.42708333333333,0.552083333333333,1,16,16,0.65882679753303
2566,70,27,1.44791666666667,0.552083333333333,1,22,22,0.67961470756581
2567,71,27,1.46875,0.552083333333333,1,25,25,0.700404922042226
2568,72,27,1.48958333333333,0.552083333333333,1,17,17,0.721197270099126
2569,73,27,1.51041666666667,0.552083333333333,1,22,22,0.741991597342392
2570,74,27,1.53125,0.552083333333333,1,10,10,0.762787763911072
2571,75,27,1.55208333333333,0.552083333333333,1,19,19,0.783585642808079
2572,76,27,1.57291666666667,0.552083333333333,1,28,28,0.804385118455626
2573,77,27,1.59375,0.552083333333333,1,20,20,0.82518608544091
2574,78,27,1.61458333333333,0.552083333333333,1,26,26,0.845988447423444
2575,79,27,1.63541666666667,0.552083333333333,1,18,18,0.86679211618028
2576,80,27,1.65625,0.552083333333333,1,18,18,0.887597010769242
2577,81,27,1.67708333333333,0.552083333333333,1,20,20,0.908403056793503
2578,82,27,1.69791666666667,0.552083333333333,1,13,13,0.929210185753497
2579,83,27,1.71875,0.552083333333333,1,15,15,0.95001833447428
2580,84,27,1.73958333333333,0.552083333333333,1,12,12,0.970827444598314
2581,85,27,1.76041666666667,0.552083333333333,1,20,20,0.991637462135125
2582,86,27,1.78125,0.552083333333333,1,22,22,1.01244833706051
2583,87,27,1.80208333333333,0.552083333333333,1,15,15,1.03326002295907
2584,88,27,1.82291666666667,0.552083333333333,1,15,15,1.05407247670472
2585,89,27,1.84375,0.552083333333333,1,22,22,1.0748856581745
2586,90,27,1.86458333333333,0.552083333333333,1,21,21,1.09569952999177
2587,91,27,1.88541666666667,0.552083333333333,1,17,17,1.1165140572953
2588,92,27,1.90625,0.552083333333333,1,24,24,1.13732920753123
2589,93,27,1.92708333333333,0.552083333333333,1,18,18,1.15814495026538
2590,94,27,1.94791666666667,0.552083333333333,1,10,10,1.17896125701355
2591,95,27,1.96875,0.552083333333333,1,36,36,1.19977810108787
2592,96,27,1.98958333333333,0.552083333333333,1,27,27,1.22059545745745
2593,1,28,0.0104166666666667,0.572916666666667,1,21,21,0.523726401940728
2594,2,28,0.03125,0.572916666666667,1,27,27,0.503031622614597
2595,3,28,0.0520833333333333,0.572916666666667,1,14,14,0.482346395818515
2596,4,28,0.0729166666666667,0.572916666666667,1,22,22,0.461671740665548
2597,5,28,0.09375,0.572916666666667,1,21,21,0.441008825935723
2598,6,28,0.114583333333333,0.572916666666667,1,27,27,0.420358998465115
2599,7,28,0.135416666666667,0.572916666666667,1,21,21,0.399723818217159
2600,8,28,0.15625,0.572916666666667,1,22,22,0.379105101935231
2601,9,28,0.177083333333333,0.572916666666667,1,23,23,0.35850497791443
2602,10,28,0.197916666666667,0.572916666666667,1,32,32,0.337925955319805
2603,11,28,0.21875,0.572916666666667,1,24,24,0.3173710127315
2604,12,28,0.239583333333333,0.572916666666667,1,16,16,0.296843712385776
2605,13,28,0.260416666666667,0.572916666666667,1,11,11,0.276348349168871
2606,14,28,0.28125,0.572916666666667,1,30,30,0.255890147220937
2607,15,28,0.302083333333333,0.572916666666667,1,28,28,0.235475522676629
2608,16,28,0.322916666666667,0.572916666666667,1,22,22,0.215112439670959
2609,17,28,0.34375,0.572916666666667,1,10,10,0.194810900030126
2610,18,28,0.364583333333333,0.572916666666667,1,23,23,0.17458362800551
2611,19,28,0.385416666666667,0.572916666666667,1,24,24,0.154447045084394
2612,20,28,0.40625,0.572916666666667,1,19,19,0.134422685265638
2613,21,28,0.427083333333333,0.572916666666667,1,23,23,0.114539294267625
2614,22,28,0.447916666666667,0.572916666666667,1,23,23,0.0948360162749461
2615,23,28,0.46875,0.572916666666667,1,12,12,0.0753673534083363
2616,24,28,0.489583333333333,0.572916666666667,1,21,21,0.0562110871149209
2617,25,28,0.510416666666667,0.572916666666667,1,19,19,0.0374812599080355
2618,26,28,0.53125,0.572916666666667,1,18,18,0.019349929234922
2619,27,28,0.552083333333333,0.572916666666667,1,16,16,0.00208404436653016
2620,28,28,0.572916666666667,0.572916666666667,0,0,0,-0.0138930701812763
2621,29,28,0.59375,0.572916666666667,0,0,0,-0.0279081828945819
2622,30,28,0.614583333333333,0.572916666666667,0,0,0,-0.0389371814235678
2623,31,28,0.635416666666667,0.572916666666667,0,0,0,-0.0456392987601052
2624,32,28,0.65625,0.572916666666667,0,0,0,-0.0468159663739571
2625,33,28,0.677083333333333,0.572916666666667,0,0,0,-0.0422160220725231
2626,34,28,0.697916666666667,0.572916666666667,0,0,0,-0.0327483683692837
2627,35,28,0.71875,0.572916666666667,0,0,0,-0.0197832210766193
2628,36,28,0.739583333333333,0.572916666666667,0,0,0,-0.0044923643697575
2629,37,28,0.760416666666667,0.572916666666667,1,18,18,0.0123203709016701
2630,38,28,0.78125,0.572916666666667,1,16,16,0.030144606222727
2631,39,28,0.802083333333333,0.572916666666667,1,23,23,0.0486599554000757
2632,40,28,0.822916666666667,0.572916666666667,1,21,21,0.0676619670814757
2633,41,28,0.84375,0.572916666666667,1,16,16,0.0870166727048277
2634,42,28,0.864583333333333,0.572916666666667,1,13,13,0.10663372922454
2635,43,28,0.885416666666667,0.572916666666667,1,13,13,0.126450496494169
2636,44,28,0.90625,0.572916666666667,1,18,18,0.146422414180522
2637,45,28,0.927083333333333,0.572916666666667,1,10,10,0.166517039438999
2638,46,28,0.947916666666667,0.572916666666667,1,28,28,0.186710255054433
2639,47,28,0.96875,0.572916666666667,1,17,17,0.206983795894808
2640,48,28,0.989583333333333,0.572916666666667,1,22,22,0.227323596312654
2641,49,28,1.01041666666667,0.572916666666667,1,24,24,0.247718661328044
2642,50,28,1.03125,0.572916666666667,1,15,15,0.268160279752807
2643,51,28,1.05208333333333,0.572916666666667,1,24,24,0.288641465373036
2644,52,28,1.07291666666667,0.572916666666667,1,17,17,0.309156553278896
2645,53,28,1.09375,0.572916666666667,1,19,19,0.329700903687971
2646,54,28,1.11458333333333,0.572916666666667,1,13,13,0.350270681511073
2647,55,28,1.13541666666667,0.572916666666667,1,17,17,0.370862690123781
2648,56,28,1.15625,0.572916666666667,1,10,10,0.391474244491135
2649,57,28,1.17708333333333,0.572916666666667,1,14,14,0.412103073243855
2650,58,28,1.19791666666667,0.572916666666667,1,26,26,0.432747242316856
2651,59,28,1.21875,0.572916666666667,1,16,16,0.453405094830677
2652,60,28,1.23958333333333,0.572916666666667,1,22,22,0.474075203338956
2653,61,28,1.26041666666667,0.572916666666667,1,21,21,0.494756331583679
2654,62,28,1.28125,0.572916666666667,1,15,15,0.515447403628166
2655,63,28,1.30208333333333,0.572916666666667,1,17,17,0.536147478764408
2656,64,28,1.32291666666667,0.572916666666667,1,11,11,0.556855730976369
2657,65,28,1.34375,0.572916666666667,1,14,14,0.577571432025264
2658,66,28,1.36458333333333,0.572916666666667,1,20,20,0.598293937434777
2659,67,28,1.38541666666667,0.572916666666667,1,17,17,0.619022674813763
2660,68,28,1.40625,0.572916666666667,1,20,20,0.639757134074947
2661,69,28,1.42708333333333,0.572916666666667,1,9,9,0.660496859200742
2662,70,28,1.44791666666667,0.572916666666667,1,18,18,0.681241441278609
2663,71,28,1.46875,0.572916666666667,1,7,7,0.7019905125838
2664,72,28,1.48958333333333,0.572916666666667,1,27,27,0.722743741530537
2665,73,28,1.51041666666667,0.572916666666667,1,18,18,0.743500828346768
2666,74,28,1.53125,0.572916666666667,1,21,21,0.764261501354536
2667,75,28,1.55208333333333,0.572916666666667,1,31,31,0.785025513759449
2668,76,28,1.57291666666667,0.572916666666667,1,19,19,0.805792640869913
2669,77,28,1.59375,0.572916666666667,1,24,24,0.826562677680553
2670,78,28,1.61458333333333,0.572916666666667,1,20,20,0.847335436765459
2671,79,28,1.63541666666667,0.572916666666667,1,28,28,0.868110746435956
2672,80,28,1.65625,0.572916666666667,1,21,21,0.888888449124965
2673,81,28,1.67708333333333,0.572916666666667,1,21,21,0.909668399966168
2674,82,28,1.69791666666667,0.572916666666667,1,25,25,0.93045046554112
2675,83,28,1.71875,0.572916666666667,1,19,19,0.951234522771637
2676,84,28,1.73958333333333,0.572916666666667,1,29,29,0.9720204579382
2677,85,28,1.76041666666667,0.572916666666667,1,19,19,0.992808165807966
2678,86,28,1.78125,0.572916666666667,1,13,13,1.0135975488584
2679,87,28,1.80208333333333,0.572916666666667,1,19,19,1.03438851658453
2680,88,28,1.82291666666667,0.572916666666667,1,19,19,1.05518098487944
2681,89,28,1.84375,0.572916666666667,1,17,17,1.07597487547932
2682,90,28,1.86458333333333,0.572916666666667,1,29,29,1.09677011546507
2683,91,28,1.88541666666667,0.572916666666667,1,22,22,1.11756663681418
2684,92,28,1.90625,0.572916666666667,1,18,18,1.13836437599678
2685,93,28,1.92708333333333,0.572916666666667,1,23,23,1.15916327361114
2686,94,28,1.94791666666667,0.572916666666667,1,22,22,1.17996327405388
2687,95,28,1.96875,0.572916666666667,1,25,25,1.20076432522149
2688,96,28,1.98958333333333,0.572916666666667,1,25,25,1.22156637823934
2689,1,29,0.0104166666666667,0.59375,1,25,25,0.526417746335741
2690,2,29,0.03125,0.59375,1,22,22,0.505811972560449
2691,3,29,0.0520833333333333,0.59375,1,25,25,0.485221779827674
2692,4,29,0.0729166666666667,0.59375,1,10,10,0.464648814341662
2693,5,29,0.09375,0.59375,1,28,28,0.444094960977316
2694,6,29,0.114583333333333,0.59375,1,19,19,0.423562387812516
2695,7,29,0.135416666666667,0.59375,1,12,12,0.403053600928666
2696,8,29,0.15625,0.59375,1,26,26,0.382571512324366
2697,9,29,0.177083333333333,0.59375,1,15,15,0.362119524714682
2698,10,29,0.197916666666667,0.59375,1,22,22,0.341701638266292
2699,11,29,0.21875,0.59375,1,21,21,0.321322586097743
2700,12,29,0.239583333333333,0.59375,1,19,19,0.30098800787882
2701,13,29,0.260416666666667,0.59375,1,17,17,0.280704674431321
2702,14,29,0.28125,0.59375,1,23,23,0.260480781380611
2703,15,29,0.302083333333333,0.59375,1,22,22,0.240326337428233
2704,16,29,0.322916666666667,0.59375,1,20,20,0.220253683954259
2705,17,29,0.34375,0.59375,1,27,27,0.200278199382974
2706,18,29,0.364583333333333,0.59375,1,14,14,0.180419267210196
2707,19,29,0.385416666666667,0.59375,1,17,17,0.16070162589087
2708,20,29,0.40625,0.59375,1,21,21,0.141157280197202
2709,21,29,0.427083333333333,0.59375,1,20,20,0.121828250578335
2710,22,29,0.447916666666667,0.59375,1,31,31,0.102770590767972
2711,23,29,0.46875,0.59375,1,12,12,0.0840603464664314
2712,24,29,0.489583333333333,0.59375,1,32,32,0.0658025011791942
2713,25,29,0.510416666666667,0.59375,1,29,29,0.0481444897831756
2714,26,29,0.53125,0.59375,1,15,15,0.0312964804613776
2715,27,29,0.552083333333333,0.59375,1,20,20,0.0155608207083121
2716,28,29,0.572916666666667,0.59375,1,35,35,0.00137093053024595
2717,29,29,0.59375,0.59375,0,0,0,-0.0106696519716506
2718,30,29,0.614583333333333,0.59375,0,0,0,-0.0197832210766192
2719,31,29,0.635416666666667,0.59375,0,0,0,-0.0251225205272025
2720,32,29,0.65625,0.59375,0,0,0,-0.0260418976351693
2721,33,29,0.677083333333333,0.59375,0,0,0,-0.0224163464280803
2722,34,29,0.697916666666667,0.59375,0,0,0,-0.0147143435958894
2723,35,29,0.71875,0.59375,0,0,0,-0.0037432797641358
2724,36,29,0.739583333333333,0.59375,1,9,9,0.00966971932996191
2725,37,29,0.760416666666667,0.59375,1,9,9,0.0248478607980724
2726,38,29,0.78125,0.59375,1,9,9,0.0412935987570492
2727,39,29,0.802083333333333,0.59375,1,24,24,0.0586572214543195
2728,40,29,0.822916666666667,0.59375,1,26,26,0.0766957958653695
2729,41,29,0.84375,0.59375,1,18,18,0.095239691971532
2730,42,29,0.864583333333333,0.59375,1,5,5,0.114168890855392
2731,43,29,0.885416666666667,0.59375,1,23,23,0.133397058870943
2732,44,29,0.90625,0.59375,1,10,10,0.152860999411788
2733,45,29,0.927083333333333,0.59375,1,27,27,0.172513651153431
2734,46,29,0.947916666666667,0.59375,1,21,21,0.192319392253792
2735,47,29,0.96875,0.59375,1,8,8,0.21225084650005
2736,48,29,0.989583333333333,0.59375,1,22,22,0.232286676980237
2737,49,29,1.01041666666667,0.59375,1,24,24,0.252410037607891
2738,50,29,1.03125,0.59375,1,9,9,0.272607469363485
2739,51,29,1.05208333333333,0.59375,1,31,31,0.292868101752175
2740,52,29,1.07291666666667,0.59375,1,21,21,0.313183066894869
2741,53,29,1.09375,0.59375,1,23,23,0.333545063913168
2742,54,29,1.11458333333333,0.59375,1,8,8,0.353948031023562
2743,55,29,1.13541666666667,0.59375,1,21,21,0.374386895839461
2744,56,29,1.15625,0.59375,1,14,14,0.394857383165474
2745,57,29,1.17708333333333,0.59375,1,24,24,0.415355865549055
2746,58,29,1.19791666666667,0.59375,1,26,26,0.435879245979836
2747,59,29,1.21875,0.59375,1,17,17,0.456424865008441
2748,60,29,1.23958333333333,0.59375,1,20,20,0.47699042659363
2749,61,29,1.26041666666667,0.59375,1,21,21,0.497573938443361
2750,62,29,1.28125,0.59375,1,18,18,0.518173663668441
2751,63,29,1.30208333333333,0.59375,1,28,28,0.538788081336564
2752,64,29,1.32291666666667,0.59375,1,24,24,0.559415854081856
2753,65,29,1.34375,0.59375,1,26,26,0.580055801347293
2754,66,29,1.36458333333333,0.59375,1,15,15,0.60070687715449
2755,67,29,1.38541666666667,0.59375,1,26,26,0.621368151535464
2756,68,29,1.40625,0.59375,1,33,33,0.642038794944194
2757,69,29,1.42708333333333,0.59375,1,20,20,0.662718065106743
2758,70,29,1.44791666666667,0.59375,1,21,21,0.683405295877768
2759,71,29,1.46875,0.59375,1,19,19,0.704099887756333
2760,72,29,1.48958333333333,0.59375,1,24,24,0.724801299780671
2761,73,29,1.51041666666667,0.59375,1,16,16,0.74550904257424
2762,74,29,1.53125,0.59375,1,23,23,0.766222672357236
2763,75,29,1.55208333333333,0.59375,1,16,16,0.786941785771158
2764,76,29,1.57291666666667,0.59375,1,17,17,0.807666015390836
2765,77,29,1.59375,0.59375,1,17,17,0.828395025819938
2766,78,29,1.61458333333333,0.59375,1,21,21,0.849128510283566
2767,79,29,1.63541666666667,0.59375,1,22,22,0.869866187645807
2768,80,29,1.65625,0.59375,1,20,20,0.890607799791789
2769,81,29,1.67708333333333,0.59375,1,18,18,0.911353109323432
2770,82,29,1.69791666666667,0.59375,1,16,16,0.932101897525985
2771,83,29,1.71875,0.59375,1,16,16,0.952853962568998
2772,84,29,1.73958333333333,0.59375,1,15,15,0.973609117910864
2773,85,29,1.76041666666667,0.59375,1,33,33,0.994367190880596
2774,86,29,1.78125,0.59375,1,17,17,1.01512802141432
2775,87,29,1.80208333333333,0.59375,1,19,19,1.03589146092721
2776,88,29,1.82291666666667,0.59375,1,31,31,1.05665737130417
2777,89,29,1.84375,0.59375,1,12,12,1.07742562399508
2778,90,29,1.86458333333333,0.59375,1,20,20,1.09819609920206
2779,91,29,1.88541666666667,0.59375,1,24,24,1.11896868514817
2780,92,29,1.90625,0.59375,1,28,28,1.13974327741806
2781,93,29,1.92708333333333,0.59375,1,17,17,1.16051977836259
2782,94,29,1.94791666666667,0.59375,1,27,27,1.18129809656017
2783,95,29,1.96875,0.59375,1,20,20,1.20207814632873
2784,96,29,1.98958333333333,0.59375,1,28,28,1.22285984728282
2785,1,30,0.0104166666666667,0.614583333333333,1,30,30,0.529766250705248
2786,2,30,0.03125,0.614583333333333,1,24,24,0.509270134980024
2787,3,30,0.0520833333333333,0.614583333333333,1,21,21,0.488796912406391
2788,4,30,0.0729166666666667,0.614583333333333,1,17,17,0.468348972879947
2789,5,30,0.09375,0.614583333333333,1,20,20,0.447929047309413
2790,6,30,0.114583333333333,0.614583333333333,1,22,22,0.427540269954843
2791,7,30,0.135416666666667,0.614583333333333,1,28,28,0.407186254773607
2792,8,30,0.15625,0.614583333333333,1,10,10,0.38687118953219
2793,9,30,0.177083333333333,0.614583333333333,1,17,17,0.366599952619078
2794,10,30,0.197916666666667,0.614583333333333,1,26,26,0.346378259094006
2795,11,30,0.21875,0.614583333333333,1,31,31,0.326212844702814
2796,12,30,0.239583333333333,0.614583333333333,1,17,17,0.306111699622946
2797,13,30,0.260416666666667,0.614583333333333,1,23,23,0.286084367944506
2798,14,30,0.28125,0.614583333333333,1,20,20,0.266142334868605
2799,15,30,0.302083333333333,0.614583333333333,1,14,14,0.246299532107567
2800,16,30,0.322916666666667,0.614583333333333,1,30,30,0.226573004174044
2801,17,30,0.34375,0.614583333333333,1,30,30,0.206983795894808
2802,18,30,0.364583333333333,0.614583333333333,1,23,23,0.187558147167148
2803,19,30,0.385416666666667,0.614583333333333,1,19,19,0.168329118466303
2804,20,30,0.40625,0.614583333333333,1,20,20,0.149338825232787
2805,21,30,0.427083333333333,0.614583333333333,1,17,17,0.130641537969179
2806,22,30,0.447916666666667,0.614583333333333,1,13,13,0.112308015119773
2807,23,30,0.46875,0.614583333333333,1,18,18,0.0944315806446843
2808,24,30,0.489583333333333,0.614583333333333,1,15,15,0.0771366207030602
2809,25,30,0.510416666666667,0.614583333333333,1,23,23,0.0605902744397445
2810,26,30,0.53125,0.614583333333333,1,32,32,0.0450178862359404
2811,27,30,0.552083333333333,0.614583333333333,1,19,19,0.030721643730716
2812,28,30,0.572916666666667,0.614583333333333,1,14,14,0.0180984451598045
2813,29,30,0.59375,0.614583333333333,1,27,27,0.0076456140170032
2814,30,30,0.614583333333333,0.614583333333333,0,0,0,-6.80169614645787e-05
2815,31,30,0.635416666666667,0.614583333333333,0,0,0,-0.00449236436975746
2816,32,30,0.65625,0.614583333333333,0,0,0,-0.00524633871732998
2817,33,30,0.677083333333333,0.614583333333333,0,0,0,-0.00225940707546016
2818,34,30,0.697916666666667,0.614583333333333,1,20,20,0.00419882133990725
2819,35,30,0.71875,0.614583333333333,1,23,23,0.0136259809235381
2820,36,30,0.739583333333333,0.614583333333333,1,13,13,0.0254459139642254
2821,37,30,0.760416666666667,0.614583333333333,1,14,14,0.0391263037827358
2822,38,30,0.78125,0.614583333333333,1,15,15,0.0542294543921256
2823,39,30,0.802083333333333,0.614583333333333,1,23,23,0.0704171225377474
2824,40,30,0.822916666666667,0.614583333333333,1,28,28,0.0874355656315687
2825,41,30,0.84375,0.614583333333333,1,16,16,0.105096429953426
2826,42,30,0.864583333333333,0.614583333333333,1,24,24,0.123259834790337
2827,43,30,0.885416666666667,0.614583333333333,1,17,17,0.141821212322879
2828,44,30,0.90625,0.614583333333333,1,20,20,0.16070162589087
2829,45,30,0.927083333333333,0.614583333333333,1,26,26,0.179840814247975
2830,46,30,0.947916666666667,0.614583333333333,1,18,18,0.199192231352136
2831,47,30,0.96875,0.614583333333333,1,34,34,0.218719504572408
2832,48,30,0.989583333333333,0.614583333333333,1,25,25,0.2383938902319
2833,49,30,1.01041666666667,0.614583333333333,1,16,16,0.258192429708593
2834,50,30,1.03125,0.614583333333333,1,24,24,0.278096599806853
2835,51,30,1.05208333333333,0.614583333333333,1,13,13,0.298091314454417
2836,52,30,1.07291666666667,0.614583333333333,1,24,24,0.318164178387762
2837,53,30,1.09375,0.614583333333333,1,19,19,0.338304923361923
2838,54,30,1.11458333333333,0.614583333333333,1,18,18,0.35850497791443
2839,55,30,1.13541666666667,0.614583333333333,1,13,13,0.378757135844246
2840,56,30,1.15625,0.614583333333333,1,7,7,0.399055298381375
2841,57,30,1.17708333333333,0.614583333333333,1,18,18,0.419394271897242
2842,58,30,1.19791666666667,0.614583333333333,1,23,23,0.439769607864601
2843,59,30,1.21875,0.614583333333333,1,20,20,0.460177475241652
2844,60,30,1.23958333333333,0.614583333333333,1,20,20,0.480614557950623
2845,61,30,1.26041666666667,0.614583333333333,1,27,27,0.50107797193446
2846,62,30,1.28125,0.614583333333333,1,14,14,0.521565197604871
2847,63,30,1.30208333333333,0.614583333333333,1,31,31,0.542074024478297
2848,64,30,1.32291666666667,0.614583333333333,1,22,22,0.562602505529796
2849,65,30,1.34375,0.614583333333333,1,31,31,0.583148919346235
2850,66,30,1.36458333333333,0.614583333333333,1,17,17,0.603711738577975
2851,67,30,1.38541666666667,0.614583333333333,1,11,11,0.624289603507189
2852,68,30,1.40625,0.614583333333333,1,23,23,0.644881299796104
2853,69,30,1.42708333333333,0.614583333333333,1,20,20,0.665485739668278
2854,70,30,1.44791666666667,0.614583333333333,1,17,17,0.686101945923853
2855,71,30,1.46875,0.614583333333333,1,14,14,0.706729038305646
2856,72,30,1.48958333333333,0.614583333333333,1,10,10,0.727366221824359
2857,73,30,1.51041666666667,0.614583333333333,1,24,24,0.748012776723681
2858,74,30,1.53125,0.614583333333333,1,25,25,0.76866804982388
2859,75,30,1.55208333333333,0.614583333333333,1,22,22,0.789331447028835
2860,76,30,1.57291666666667,0.614583333333333,1,14,14,0.810002426818817
2861,77,30,1.59375,0.614583333333333,1,21,21,0.830680494581527
2862,78,30,1.61458333333333,0.614583333333333,1,16,16,0.851365197658544
2863,79,30,1.63541666666667,0.614583333333333,1,11,11,0.872056121004362
2864,80,30,1.65625,0.614583333333333,1,16,16,0.892752883371742
2865,81,30,1.67708333333333,0.614583333333333,1,20,20,0.913455133950617
2866,82,30,1.69791666666667,0.614583333333333,1,7,7,0.934162549399074
2867,83,30,1.71875,0.614583333333333,1,18,18,0.954874831214211
2868,84,30,1.73958333333333,0.614583333333333,1,23,23,0.975591703398467
2869,85,30,1.76041666666667,0.614583333333333,1,16,16,0.996312910383504
2870,86,30,1.78125,0.614583333333333,1,10,10,1.01703821517915
2871,87,30,1.80208333333333,0.614583333333333,1,20,20,1.03776739771952
2872,88,30,1.82291666666667,0.614583333333333,1,25,25,1.05850025338233
2873,89,30,1.84375,0.614583333333333,1,28,28,1.07923659166062
2874,90,30,1.86458333333333,0.614583333333333,1,7,7,1.0999762349689
2875,91,30,1.88541666666667,0.614583333333333,1,30,30,1.12071901756826
2876,92,30,1.90625,0.614583333333333,1,9,9,1.14146478459677
2877,93,30,1.92708333333333,0.614583333333333,1,9,9,1.16221339119335
2878,94,30,1.94791666666667,0.614583333333333,1,26,26,1.18296470170488
2879,95,30,1.96875,0.614583333333333,1,25,25,1.20371858896737
2880,96,30,1.98958333333333,0.614583333333333,1,21,21,1.22447493365337
2881,1,31,0.0104166666666667,0.635416666666667,1,13,13,0.533761817399035
2882,2,31,0.03125,0.635416666666667,1,16,16,0.513395007961944
2883,3,31,0.0520833333333333,0.635416666666667,1,17,17,0.493059551665977
2884,4,31,0.0729166666666667,0.635416666666667,1,21,21,0.472758675366479
2885,5,31,0.09375,0.635416666666667,1,14,14,0.452496057725388
2886,6,31,0.114583333333333,0.635416666666667,1,15,15,0.432275909809178
2887,7,31,0.135416666666667,0.635416666666667,1,16,16,0.412103073243855
2888,8,31,0.15625,0.635416666666667,1,26,26,0.391983140455925
2889,9,31,0.177083333333333,0.635416666666667,1,11,11,0.371922602877955
2890,10,31,0.197916666666667,0.635416666666667,1,35,35,0.351929034801726
2891,11,31,0.21875,0.635416666666667,1,19,19,0.332011322989935
2892,12,31,0.239583333333333,0.635416666666667,1,26,26,0.312179955445517
2893,13,31,0.260416666666667,0.635416666666667,1,26,26,0.292447387217112
2894,14,31,0.28125,0.635416666666667,1,17,17,0.272828507253625
2895,15,31,0.302083333333333,0.635416666666667,1,15,15,0.253341238755586
2896,16,31,0.322916666666667,0.635416666666667,1,25,25,0.234007317093243
2897,17,31,0.34375,0.635416666666667,1,17,17,0.214853305360887
2898,18,31,0.364583333333333,0.635416666666667,1,14,14,0.195911929534518
2899,19,31,0.385416666666667,0.635416666666667,1,7,7,0.177223844751542
2900,20,31,0.40625,0.635416666666667,1,21,21,0.158839982985065
2901,21,31,0.427083333333333,0.635416666666667,1,16,16,0.140824680367654
2902,22,31,0.447916666666667,0.635416666666667,1,24,24,0.123259834790337
2903,23,31,0.46875,0.635416666666667,1,26,26,0.106250383670638
2904,24,31,0.489583333333333,0.635416666666667,1,17,17,0.0899313710610102
2905,25,31,0.510416666666667,0.635416666666667,1,17,17,0.0744766838352494
2906,26,31,0.53125,0.635416666666667,1,22,22,0.0601089562212582
2907,27,31,0.552083333333333,0.635416666666667,1,28,28,0.047108788584629
2908,28,31,0.572916666666667,0.635416666666667,1,31,31,0.035818849594293
2909,29,31,0.59375,0.635416666666667,1,29,29,0.0266347029563981
2910,30,31,0.614583333333333,0.635416666666667,1,35,35,0.0199714752686735
2911,31,31,0.635416666666667,0.635416666666667,1,24,24,0.0161996594056762
2912,32,31,0.65625,0.635416666666667,1,16,16,0.015560820708312
2913,33,31,0.677083333333333,0.635416666666667,1,17,17,0.0180984451598045
2914,34,31,0.697916666666667,0.635416666666667,1,15,15,0.0236442847994849
2915,35,31,0.71875,0.635416666666667,1,35,35,0.0318691414050633
2916,36,31,0.739583333333333,0.635416666666667,1,24,24,0.0423663980699892
2917,37,31,0.760416666666667,0.635416666666667,1,24,24,0.0547269695521812
2918,38,31,0.78125,0.635416666666667,1,26,26,0.0685848247105559
2919,39,31,0.802083333333333,0.635416666666667,1,16,16,0.0836345105547899
2920,40,31,0.822916666666667,0.635416666666667,1,13,13,0.0996311617740575
2921,41,31,0.84375,0.635416666666667,1,26,26,0.116382605348006
2922,42,31,0.864583333333333,0.635416666666667,1,24,24,0.133739394961751
2923,43,31,0.885416666666667,0.635416666666667,1,26,26,0.151585494007974
2924,44,31,0.90625,0.635416666666667,1,18,18,0.169830529984526
2925,45,31,0.927083333333333,0.635416666666667,1,31,31,0.188403708184941
2926,46,31,0.947916666666667,0.635416666666667,1,13,13,0.207249161784853
2927,47,31,0.96875,0.635416666666667,1,16,16,0.226322445289229
2928,48,31,0.989583333333333,0.635416666666667,1,18,18,0.245587901726642
2929,49,31,1.01041666666667,0.635416666666667,1,21,21,0.265016684342669
2930,50,31,1.03125,0.635416666666667,1,15,15,0.284585264327695
2931,51,31,1.05208333333333,0.635416666666667,1,13,13,0.304274298721423
2932,52,31,1.07291666666667,0.635416666666667,1,21,21,0.324067765724507
2933,53,31,1.09375,0.635416666666667,1,19,19,0.343952299391986
2934,54,31,1.11458333333333,0.635416666666667,1,17,17,0.363916673841915
2935,55,31,1.13541666666667,0.635416666666667,1,25,25,0.383951400324365
2936,56,31,1.15625,0.635416666666667,1,26,26,0.404048410083564
2937,57,31,1.17708333333333,0.635416666666667,1,14,14,0.424200802910919
2938,58,31,1.19791666666667,0.635416666666667,1,17,17,0.444402646363589
2939,59,31,1.21875,0.635416666666667,1,19,19,0.464648814341662
2940,60,31,1.23958333333333,0.635416666666667,1,13,13,0.484934856456094
2941,61,31,1.26041666666667,0.635416666666667,1,30,30,0.505256891649788
2942,62,31,1.28125,0.635416666666667,1,22,22,0.525611521048928
2943,63,31,1.30208333333333,0.635416666666667,1,9,9,0.545995756159318
2944,64,31,1.32291666666667,0.635416666666667,1,14,14,0.566406959382616
2945,65,31,1.34375,0.635416666666667,1,15,15,0.586842794481992
2946,66,31,1.36458333333333,0.635416666666667,1,24,24,0.607301185128203
2947,67,31,1.38541666666667,0.635416666666667,1,27,27,0.627780280043692
2948,68,31,1.40625,0.635416666666667,1,16,16,0.64827842356213
2949,69,31,1.42708333333333,0.635416666666667,1,23,23,0.668794130654859
2950,70,31,1.44791666666667,0.635416666666667,1,14,14,0.689326065659296
2951,71,31,1.46875,0.635416666666667,1,27,27,0.709873024089295
2952,72,31,1.48958333333333,0.635416666666667,1,18,18,0.730433917022494
2953,73,31,1.51041666666667,0.635416666666667,1,7,7,0.751007757651382
2954,74,31,1.53125,0.635416666666667,1,22,22,0.771593649658358
2955,75,31,1.55208333333333,0.635416666666667,1,15,15,0.792190777134306
2956,76,31,1.57291666666667,0.635416666666667,1,24,24,0.812798395808131
2957,77,31,1.59375,0.635416666666667,1,15,15,0.833415825393679
2958,78,31,1.61458333333333,0.635416666666667,1,22,22,0.854042442892277
2959,79,31,1.63541666666667,0.635416666666667,1,7,7,0.874677676715204
2960,80,31,1.65625,0.635416666666667,1,14,14,0.895321001511892
2961,81,31,1.67708333333333,0.635416666666667,1,18,18,0.915971933607384
2962,82,31,1.69791666666667,0.635416666666667,1,4,4,0.936630026967287
2963,83,31,1.71875,0.635416666666667,1,16,16,0.957294869620714
2964,84,31,1.73958333333333,0.635416666666667,1,24,24,0.977966080481947
2965,85,31,1.76041666666667,0.635416666666667,1,17,17,0.9986433065201
2966,86,31,1.78125,0.635416666666667,1,9,9,1.01932622023331
2967,87,31,1.80208333333333,0.635416666666667,1,28,28,1.04001451739
2968,88,31,1.82291666666667,0.635416666666667,1,19,19,1.06070791500504
2969,89,31,1.84375,0.635416666666667,1,16,16,1.08140614952276
2970,90,31,1.86458333333333,0.635416666666667,1,9,9,1.10210897518275
2971,91,31,1.88541666666667,0.635416666666667,1,19,19,1.12281616254734
2972,92,31,1.90625,0.635416666666667,1,22,22,1.14352749717254
2973,93,31,1.92708333333333,0.635416666666667,1,24,24,1.16424277840636
2974,94,31,1.94791666666667,0.635416666666667,1,20,20,1.18496181830053
2975,95,31,1.96875,0.635416666666667,1,16,16,1.20568444062345
2976,96,31,1.98958333333333,0.635416666666667,1,23,23,1.2264104799635
2977,1,32,0.0104166666666667,0.65625,1,25,25,0.538392666102667
2978,2,32,0.03125,0.65625,1,18,18,0.518173663668441
2979,3,32,0.0520833333333333,0.65625,1,18,18,0.497995471486465
2980,4,32,0.0729166666666667,0.65625,1,15,15,0.477862221679135
2981,5,32,0.09375,0.65625,1,17,17,0.457778612445978
2982,6,32,0.114583333333333,0.65625,1,21,21,0.43775000622541
2983,7,32,0.135416666666667,0.65625,1,20,20,0.417782548475166
2984,8,32,0.15625,0.65625,1,26,26,0.397883312146665
2985,9,32,0.177083333333333,0.65625,1,27,27,0.378060474351369
2986,10,32,0.197916666666667,0.65625,1,17,17,0.35832353358138
2987,11,32,0.21875,0.65625,1,13,13,0.338683578297719
2988,12,32,0.239583333333333,0.65625,1,17,17,0.319153620932104
2989,13,32,0.260416666666667,0.65625,1,4,4,0.299749015616608
2990,14,32,0.28125,0.65625,1,12,12,0.28048798359002
2991,15,32,0.302083333333333,0.65625,1,23,23,0.261392277641334
2992,16,32,0.322916666666667,0.65625,1,26,26,0.242488026622183
2993,17,32,0.34375,0.65625,1,4,4,0.223806813486877
2994,18,32,0.364583333333333,0.65625,1,22,22,0.205387055844438
2995,19,32,0.385416666666667,0.65625,1,21,21,0.187275776425311
2996,20,32,0.40625,0.65625,1,21,21,0.169530870547512
2997,21,32,0.427083333333333,0.65625,1,12,12,0.152223993758408
2998,22,32,0.447916666666667,0.65625,1,12,12,0.135444193731451
2999,23,32,0.46875,0.65625,1,14,14,0.119302371488458
3000,24,32,0.489583333333333,0.65625,1,14,14,0.103936529946421
3001,25,32,0.510416666666667,0.65625,1,10,10,0.0895174681129105
3002,26,32,0.53125,0.65625,1,24,24,0.0762539808513448
3003,27,32,0.552083333333333,0.65625,1,12,12,0.0643955967779901
3004,28,32,0.572916666666667,0.65625,1,21,21,0.0542294543921256
3005,29,32,0.59375,0.65625,1,36,36,0.0460666281948303
3006,30,32,0.614583333333333,0.65625,1,16,16,0.0402136160810865
3007,31,32,0.635416666666667,0.65625,1,23,23,0.0369290798772207
3008,32,32,0.65625,0.65625,1,19,19,0.0363749500399601
3009,33,32,0.677083333333333,0.65625,1,10,10,0.0385798519498755
3010,34,32,0.697916666666667,0.65625,1,15,15,0.0434321554787932
3011,35,32,0.71875,0.65625,1,24,24,0.0507062535468458
3012,36,32,0.739583333333333,0.65625,1,24,24,0.0601089562212582
3013,37,32,0.760416666666667,0.65625,1,26,26,0.0713266912319809
3014,38,32,0.78125,0.65625,1,21,21,0.0840603464664313
3015,39,32,0.802083333333333,0.65625,1,30,30,0.0980444972425989
3016,40,32,0.822916666666667,0.65625,1,18,18,0.11305414845291
3017,41,32,0.84375,0.65625,1,17,17,0.128903846896748
3018,42,32,0.864583333333333,0.65625,1,15,15,0.145443156710518
3019,43,32,0.885416666666667,0.65625,1,16,16,0.162551003262145
3020,44,32,0.90625,0.65625,1,16,16,0.180130180088574
3021,45,32,0.927083333333333,0.65625,1,25,25,0.198102555964442
3022,46,32,0.947916666666667,0.65625,1,23,23,0.216405117050525
3023,47,32,0.96875,0.65625,1,20,20,0.234986795529073
3024,48,32,0.989583333333333,0.65625,1,16,16,0.253805969425018
3025,49,32,1.01041666666667,0.65625,1,23,23,0.272828507253625
3026,50,32,1.03125,0.65625,1,13,13,0.292026243096238
3027,51,32,1.05208333333333,0.65625,1,6,6,0.311375786808259
3028,52,32,1.07291666666667,0.65625,1,21,21,0.330857593309067
3029,53,32,1.09375,0.65625,1,14,14,0.35045523166397
3030,54,32,1.11458333333333,0.65625,1,19,19,0.370154808311732
3031,55,32,1.13541666666667,0.65625,1,10,10,0.389944509508415
3032,56,32,1.15625,0.65625,1,24,24,0.409814236313068
3033,57,32,1.17708333333333,0.65625,1,16,16,0.429755311732208
3034,58,32,1.19791666666667,0.65625,1,20,20,0.449760244410849
3035,59,32,1.21875,0.65625,1,19,19,0.469822536870201
3036,60,32,1.23958333333333,0.65625,1,28,28,0.48993652902941
3037,61,32,1.26041666666667,0.65625,1,15,15,0.510097269827797
3038,62,32,1.28125,0.65625,1,20,20,0.530300411348478
3039,63,32,1.30208333333333,0.65625,1,16,16,0.55054212105662
3040,64,32,1.32291666666667,0.65625,1,27,27,0.570819008697486
3041,65,32,1.34375,0.65625,1,21,21,0.591128065119075
3042,66,32,1.36458333333333,0.65625,1,32,32,0.611466610842749
3043,67,32,1.38541666666667,0.65625,1,19,19,0.631832252640914
3044,68,32,1.40625,0.65625,1,13,13,0.652222846722369
3045,69,32,1.42708333333333,0.65625,1,19,19,0.672636467395012
3046,70,32,1.44791666666667,0.65625,1,20,20,0.693071380288621
3047,71,32,1.46875,0.65625,1,17,17,0.713526019389917
3048,72,32,1.48958333333333,0.65625,1,18,18,0.733998967277544
3049,73,32,1.51041666666667,0.65625,1,19,19,0.754488938053408
3050,74,32,1.53125,0.65625,1,24,24,0.774994762554508
3051,75,32,1.55208333333333,0.65625,1,7,7,0.795515375500476
3052,76,32,1.57291666666667,0.65625,1,13,13,0.816049804289874
3053,77,32,1.59375,0.65625,1,15,15,0.836597159205483
3054,78,32,1.61458333333333,0.65625,1,14,14,0.857156624827588
3055,79,32,1.63541666666667,0.65625,1,26,26,0.877727452486121
3056,80,32,1.65625,0.65625,1,27,27,0.898308953608874
3057,81,32,1.67708333333333,0.65625,1,28,28,0.918900493844868
3058,82,32,1.69791666666667,0.65625,1,22,22,0.939501487860106
3059,83,32,1.71875,0.65625,1,15,15,0.960111394718156
3060,84,32,1.73958333333333,0.65625,1,18,18,0.980729713770723
3061,85,32,1.76041666666667,0.65625,1,15,15,1.00135598099404
3062,86,32,1.78125,0.65625,1,24,24,1.02198976571596
3063,87,32,1.80208333333333,0.65625,1,25,25,1.04263066768619
3064,88,32,1.82291666666667,0.65625,1,20,20,1.06327831444865
3065,89,32,1.84375,0.65625,1,17,17,1.08393235898035
3066,90,32,1.86458333333333,0.65625,1,20,20,1.10459247756595
3067,91,32,1.88541666666667,0.65625,1,15,15,1.12525836788105
3068,92,32,1.90625,0.65625,1,23,23,1.14592974726088
3069,93,32,1.92708333333333,0.65625,1,17,17,1.16660635113378
3070,94,32,1.94791666666667,0.65625,1,26,26,1.18728793160157
3071,95,32,1.96875,0.65625,1,23,23,1.20797425615107
3072,96,32,1.98958333333333,0.65625,1,25,25,1.22866510648287
3073,1,33,0.0104166666666667,0.677083333333333,1,18,18,0.543645498155621
3074,2,33,0.03125,0.677083333333333,1,23,23,0.523591539289047
3075,3,33,0.0520833333333333,0.677083333333333,1,22,22,0.503588684328237
3076,4,33,0.0729166666666667,0.677083333333333,1,22,22,0.483642013577216
3077,5,33,0.09375,0.677083333333333,1,20,20,0.463757286416576
3078,6,33,0.114583333333333,0.677083333333333,1,15,15,0.443941055331928
3079,7,33,0.135416666666667,0.677083333333333,1,26,26,0.424200802910919
3080,8,33,0.15625,0.677083333333333,1,24,24,0.404545107158998
3081,9,33,0.177083333333333,0.677083333333333,1,8,8,0.384983841875713
3082,10,33,0.197916666666667,0.677083333333333,1,24,24,0.365528420612246
3083,11,33,0.21875,0.677083333333333,1,23,23,0.346192095004242
3084,12,33,0.239583333333333,0.677083333333333,1,14,14,0.326990321172866
3085,13,33,0.260416666666667,0.677083333333333,1,21,21,0.307941211564808
3086,14,33,0.28125,0.677083333333333,1,25,25,0.289066094224936
3087,15,33,0.302083333333333,0.677083333333333,1,23,23,0.270390207214383
3088,16,33,0.322916666666667,0.677083333333333,1,23,23,0.251943562773829
3089,17,33,0.34375,0.677083333333333,1,14,14,0.233762023745405
3090,18,33,0.364583333333333,0.677083333333333,1,26,26,0.215888643088086
3091,19,33,0.385416666666667,0.677083333333333,1,22,22,0.198375324455621
3092,20,33,0.40625,0.677083333333333,1,26,26,0.181284864280376
3093,21,33,0.427083333333333,0.677083333333333,1,15,15,0.16469342672816
3094,22,33,0.447916666666667,0.677083333333333,1,10,10,0.148693469506714
3095,23,33,0.46875,0.677083333333333,1,21,21,0.133397058870944
3096,24,33,0.489583333333333,0.677083333333333,1,27,27,0.118939351905225
3097,25,33,0.510416666666667,0.677083333333333,1,18,18,0.105481737373316
3098,26,33,0.53125,0.677083333333333,1,25,25,0.0932136708666788
3099,27,33,0.552083333333333,0.677083333333333,1,26,26,0.082351626026468
3100,28,33,0.572916666666667,0.677083333333333,1,29,29,0.0731329780804465
3101,29,33,0.59375,0.677083333333333,1,15,15,0.0658025011791941
3102,30,33,0.614583333333333,0.677083333333333,1,21,21,0.0605902744397444
3103,31,33,0.635416666666667,0.677083333333333,1,21,21,0.0576828088351699
3104,32,33,0.65625,0.677083333333333,1,22,22,0.0571935931247076
3105,33,33,0.677083333333333,0.677083333333333,1,14,14,0.0591424402225471
3106,34,33,0.697916666666667,0.677083333333333,1,16,16,0.0634516663562609
3107,35,33,0.71875,0.677083333333333,1,15,15,0.0699607050009144
3108,36,33,0.739583333333333,0.677083333333333,1,22,22,0.0784532200684976
3109,37,33,0.760416666666667,0.677083333333333,1,20,20,0.0886871994690192
3110,38,33,0.78125,0.677083333333333,1,16,16,0.100420211061609
3111,39,33,0.802083333333333,0.677083333333333,1,18,18,0.113426320757155
3112,40,33,0.822916666666667,0.677083333333333,1,16,16,0.127504910164537
3113,41,33,0.84375,0.677083333333333,1,32,32,0.142483465087697
3114,42,33,0.864583333333333,0.677083333333333,1,26,26,0.158216667165878
3115,43,33,0.885416666666667,0.677083333333333,1,10,10,0.17458362800551
3116,44,33,0.90625,0.677083333333333,1,24,24,0.191484460999974
3117,45,33,0.927083333333333,0.677083333333333,1,19,19,0.208836860092593
3118,46,33,0.947916666666667,0.677083333333333,1,23,23,0.226573004174044
3119,47,33,0.96875,0.677083333333333,1,23,23,0.244636900826623
3120,48,33,0.989583333333333,0.677083333333333,1,21,21,0.262982176115576
3121,49,33,1.01041666666667,0.677083333333333,1,23,23,0.281570268515431
3122,50,33,1.03125,0.677083333333333,1,19,19,0.300368968222494
3123,51,33,1.05208333333333,0.677083333333333,1,19,19,0.319351242047737
3124,52,33,1.07291666666667,0.677083333333333,1,12,12,0.338494289919611
3125,53,33,1.09375,0.677083333333333,1,10,10,0.357778787143637
3126,54,33,1.11458333333333,0.677083333333333,1,15,15,0.377188274756712
3127,55,33,1.13541666666667,0.677083333333333,1,23,23,0.396708667647662
3128,56,33,1.15625,0.677083333333333,1,28,28,0.416327856301017
3129,57,33,1.17708333333333,0.677083333333333,1,18,18,0.436035383066781
3130,58,33,1.19791666666667,0.677083333333333,1,23,23,0.455822177894839
3131,59,33,1.21875,0.677083333333333,1,24,24,0.475680341663584
3132,60,33,1.23958333333333,0.677083333333333,1,36,36,0.495602967738857
3133,61,33,1.26041666666667,0.677083333333333,1,15,15,0.515583994361791
3134,62,33,1.28125,0.677083333333333,1,24,24,0.535618081999303
3135,63,33,1.30208333333333,0.677083333333333,1,21,21,0.555700510992522
3136,64,33,1.32291666666667,0.677083333333333,1,26,26,0.575827095780426
3137,65,33,1.34375,0.677083333333333,1,24,24,0.59599411271633
3138,66,33,1.36458333333333,0.677083333333333,1,18,18,0.616198239078458
3139,67,33,1.38541666666667,0.677083333333333,1,25,25,0.636436501337393
3140,68,33,1.40625,0.677083333333333,1,21,21,0.656706231109577
3141,69,33,1.42708333333333,0.677083333333333,1,11,11,0.67700502751795
3142,70,33,1.44791666666667,0.677083333333333,1,23,23,0.697330724914272
3143,71,33,1.46875,0.677083333333333,1,28,28,0.71768136510516
3144,72,33,1.48958333333333,0.677083333333333,1,25,25,0.738055173374973
3145,73,33,1.51041666666667,0.677083333333333,1,21,21,0.758450537720948
3146,74,33,1.53125,0.677083333333333,1,18,18,0.778865990815341
3147,75,33,1.55208333333333,0.677083333333333,1,31,31,0.799300194290321
3148,76,33,1.57291666666667,0.677083333333333,1,21,21,0.819751925007635
3149,77,33,1.59375,0.677083333333333,1,19,19,0.840220063029535
3150,78,33,1.61458333333333,0.677083333333333,1,16,16,0.860703581052343
3151,79,33,1.63541666666667,0.677083333333333,1,12,12,0.881201535101145
3152,80,33,1.65625,0.677083333333333,1,15,15,0.901713056314954
3153,81,33,1.67708333333333,0.677083333333333,1,30,30,0.92223734367732
3154,82,33,1.69791666666667,0.677083333333333,1,17,17,0.942773657568827
3155,83,33,1.71875,0.677083333333333,1,10,10,0.963321314035889
3156,84,33,1.73958333333333,0.677083333333333,1,13,13,0.983879679685346
3157,85,33,1.76041666666667,0.677083333333333,1,15,15,1.00444816712713
3158,86,33,1.78125,0.677083333333333,1,23,23,1.02502623089798
3159,87,33,1.80208333333333,0.677083333333333,1,14,14,1.04561336380847
3160,88,33,1.82291666666667,0.677083333333333,1,25,25,1.06620909366304
3161,89,33,1.84375,0.677083333333333,1,25,25,1.08681298030989
3162,90,33,1.86458333333333,0.677083333333333,1,32,32,1.10742461298263
3163,91,33,1.88541666666667,0.677083333333333,1,21,21,1.12804360790087
3164,92,33,1.90625,0.677083333333333,1,20,20,1.14866960610099
3165,93,33,1.92708333333333,0.677083333333333,1,16,16,1.16930227147175
3166,94,33,1.94791666666667,0.677083333333333,1,14,14,1.18994128897274
3167,95,33,1.96875,0.677083333333333,1,21,21,1.21058636301611
3168,96,33,1.98958333333333,0.677083333333333,1,19,19,1.23123721599462
3169,1,34,0.0104166666666667,0.697916666666667,1,27,27,0.549505673778962
3170,2,34,0.03125,0.697916666666667,1,12,12,0.529632641917295
3171,3,34,0.0520833333333333,0.697916666666667,1,29,29,0.509821678907786
3172,4,34,0.0729166666666667,0.697916666666667,1,11,11,0.490078831427182
3173,5,34,0.09375,0.697916666666667,1,28,28,0.470410932693869
3174,6,34,0.114583333333333,0.697916666666667,1,13,13,0.450825729876368
3175,7,34,0.135416666666667,0.697916666666667,1,18,18,0.431332035971871
3176,8,34,0.15625,0.697916666666667,1,24,24,0.411939911497948
3177,9,34,0.177083333333333,0.697916666666667,1,20,20,0.392660882607163
3178,10,34,0.197916666666667,0.697916666666667,1,18,18,0.373508203804377
3179,11,34,0.21875,0.697916666666667,1,23,23,0.354497175380891
3180,12,34,0.239583333333333,0.697916666666667,1,27,27,0.335645528039311
3181,13,34,0.260416666666667,0.697916666666667,1,19,19,0.316973890015817
3182,14,34,0.28125,0.697916666666667,1,22,22,0.298506355321451
3183,15,34,0.302083333333333,0.697916666666667,1,18,18,0.280271175440961
3184,16,34,0.322916666666667,0.697916666666667,1,20,20,0.262301600688369
3185,17,34,0.34375,0.697916666666667,1,25,25,0.244636900826623
3186,18,34,0.364583333333333,0.697916666666667,1,10,10,0.227323596312654
3187,19,34,0.385416666666667,0.697916666666667,1,21,21,0.210416929381989
3188,20,34,0.40625,0.697916666666667,1,30,30,0.193982594174334
3189,21,34,0.427083333333333,0.697916666666667,1,18,18,0.178098720598097
3190,22,34,0.447916666666667,0.697916666666667,1,26,26,0.162858057257621
3191,23,34,0.46875,0.697916666666667,1,19,19,0.148370209681411
3192,24,34,0.489583333333333,0.697916666666667,1,18,18,0.13476364318499
3193,25,34,0.510416666666667,0.697916666666667,1,22,22,0.12218693996351
3194,26,34,0.53125,0.697916666666667,1,17,17,0.110808512504293
3195,27,34,0.552083333333333,0.697916666666667,1,25,25,0.100813678370602
3196,28,34,0.572916666666667,0.697916666666667,1,15,15,0.0923978512655489
3197,29,34,0.59375,0.697916666666667,1,25,25,0.0857548770854398
3198,30,34,0.614583333333333,0.697916666666667,1,14,14,0.0810605561074131
3199,31,34,0.635416666666667,0.697916666666667,1,12,12,0.0784532200684976
3200,32,34,0.65625,0.697916666666667,1,15,15,0.0780153262867408
3201,33,34,0.677083333333333,0.697916666666667,1,20,20,0.0797611420894686
3202,34,34,0.697916666666667,0.697916666666667,1,8,8,0.08363451055479
3203,35,34,0.71875,0.697916666666667,1,27,27,0.0895174681129104
3204,36,34,0.739583333333333,0.697916666666667,1,25,25,0.0972468194371451
3205,37,34,0.760416666666667,0.697916666666667,1,19,19,0.10663372922454
3206,38,34,0.78125,0.697916666666667,1,14,14,0.117481724443049
3207,39,34,0.802083333333333,0.697916666666667,1,24,24,0.129600375044234
3208,40,34,0.822916666666667,0.697916666666667,1,27,27,0.142813965678302
3209,41,34,0.84375,0.697916666666667,1,27,27,0.156965827214197
3210,42,34,0.864583333333333,0.697916666666667,1,5,5,0.171919533243133
3211,43,34,0.885416666666667,0.697916666666667,1,23,23,0.187558147167148
3212,44,34,0.90625,0.697916666666667,1,14,14,0.203782441532033
3213,45,34,0.927083333333333,0.697916666666667,1,16,16,0.220508708487104
3214,46,34,0.947916666666667,0.697916666666667,1,17,17,0.237666530754867
3215,47,34,0.96875,0.697916666666667,1,20,20,0.255196707667384
3216,48,34,0.989583333333333,0.697916666666667,1,11,11,0.273049420839444
3217,49,34,1.01041666666667,0.697916666666667,1,11,11,0.291182660815793
3218,50,34,1.03125,0.697916666666667,1,18,18,0.309560903067824
3219,51,34,1.05208333333333,0.697916666666667,1,19,19,0.328154006887017
3220,52,34,1.07291666666667,0.697916666666667,1,28,28,0.346936306029943
3221,53,34,1.09375,0.697916666666667,1,26,26,0.365885860510927
3222,54,34,1.11458333333333,0.697916666666667,1,27,27,0.384983841875713
3223,55,34,1.13541666666667,0.697916666666667,1,16,16,0.404214028066993
3224,56,34,1.15625,0.697916666666667,1,13,13,0.423562387812516
3225,57,34,1.17708333333333,0.697916666666667,1,20,20,0.443016737959203
3226,58,34,1.19791666666667,0.697916666666667,1,35,35,0.462566460204804
3227,59,34,1.21875,0.697916666666667,1,22,22,0.482202266223272
3228,60,34,1.23958333333333,0.697916666666667,1,19,19,0.501916002277549
3229,61,34,1.26041666666667,0.697916666666667,1,33,33,0.521700486121749
3230,62,34,1.28125,0.697916666666667,1,11,11,0.541549370375669
3231,63,34,1.30208333333333,0.697916666666667,1,20,20,0.561457027666129
3232,64,34,1.32291666666667,0.697916666666667,1,17,17,0.581418453722328
3233,65,34,1.34375,0.697916666666667,1,29,29,0.601429185328986
3234,66,34,1.36458333333333,0.697916666666667,1,17,17,0.621485230616377
3235,67,34,1.38541666666667,0.697916666666667,1,13,13,0.641583009628993
3236,68,34,1.40625,0.697916666666667,1,13,13,0.661719303487156
3237,69,34,1.42708333333333,0.697916666666667,1,17,17,0.681891210756727
3238,70,34,1.44791666666667,0.697916666666667,1,27,27,0.70209610988551
3239,71,34,1.46875,0.697916666666667,1,13,13,0.72233162676255
3240,72,34,1.48958333333333,0.697916666666667,1,16,16,0.742595606617351
3241,73,34,1.51041666666667,0.697916666666667,1,18,18,0.762886089607386
3242,74,34,1.53125,0.697916666666667,1,24,24,0.783201289549813
3243,75,34,1.55208333333333,0.697916666666667,1,20,20,0.803539575341643
3244,76,34,1.57291666666667,0.697916666666667,1,19,19,0.823899454685485
3245,77,34,1.59375,0.697916666666667,1,23,23,0.844279559798114
3246,78,34,1.61458333333333,0.697916666666667,1,17,17,0.864678634829094
3247,79,34,1.63541666666667,0.697916666666667,1,13,13,0.885095524758164
3248,80,34,1.65625,0.697916666666667,1,20,20,0.905529165574751
3249,81,34,1.67708333333333,0.697916666666667,1,27,27,0.925978575571964
3250,82,34,1.69791666666667,0.697916666666667,1,27,27,0.946442847611733
3251,83,34,1.71875,0.697916666666667,1,20,20,0.966921142238223
3252,84,34,1.73958333333333,0.697916666666667,1,28,28,0.987412681533954
3253,85,34,1.76041666666667,0.697916666666667,1,18,18,1.00791674362763
3254,86,34,1.78125,0.697916666666667,1,24,24,1.02843265777513
3255,87,34,1.80208333333333,0.697916666666667,1,18,18,1.04895979994561
3256,88,34,1.82291666666667,0.697916666666667,1,16,16,1.06949758885375
3257,89,34,1.84375,0.697916666666667,1,25,25,1.09004548238669
3258,90,34,1.86458333333333,0.697916666666667,1,19,19,1.11060297438108
3259,91,34,1.88541666666667,0.697916666666667,1,19,19,1.13116959171098
3260,92,34,1.90625,0.697916666666667,1,21,21,1.15174489165258
3261,93,34,1.92708333333333,0.697916666666667,1,15,15,1.17232845949558
3262,94,34,1.94791666666667,0.697916666666667,1,18,18,1.19291990637493
3263,95,34,1.96875,0.697916666666667,1,13,13,1.21351886729976
3264,96,34,1.98958333333333,0.697916666666667,1,30,30,1.23412499935895
3265,1,35,0.0104166666666667,0.71875,1,17,17,0.555957397161817
3266,2,35,0.03125,0.71875,1,19,19,0.536279761229919
3267,3,35,0.0520833333333333,0.71875,1,15,15,0.516675665294173
3268,4,35,0.0729166666666667,0.71875,1,11,11,0.497152117480862
3269,5,35,0.09375,0.71875,1,23,23,0.477717010800262
3270,6,35,0.114583333333333,0.71875,1,13,13,0.458379260904508
3271,7,35,0.135416666666667,0.71875,1,24,24,0.43914896892013
3272,8,35,0.15625,0.71875,1,15,15,0.420037614430699
3273,9,35,0.177083333333333,0.71875,1,20,20,0.401058284754317
3274,10,35,0.197916666666667,0.71875,1,21,21,0.382225947933575
3275,11,35,0.21875,0.71875,1,19,19,0.363557778347117
3276,12,35,0.239583333333333,0.71875,1,12,12,0.34507354555788
3277,13,35,0.260416666666667,0.71875,1,26,26,0.326796078889588
3278,14,35,0.28125,0.71875,1,14,14,0.308751822153562
3279,15,35,0.302083333333333,0.71875,1,21,21,0.290971494685999
3280,16,35,0.322916666666667,0.71875,1,15,15,0.273490875935446
3281,17,35,0.34375,0.71875,1,19,19,0.256351730433115
3282,18,35,0.364583333333333,0.71875,1,24,24,0.239602886683507
3283,19,35,0.385416666666667,0.71875,1,11,11,0.223301475059135
3284,20,35,0.40625,0.71875,1,27,27,0.207514312664348
3285,21,35,0.427083333333333,0.71875,1,24,24,0.192319392253792
3286,22,35,0.447916666666667,0.71875,1,21,21,0.177807380887565
3287,23,35,0.46875,0.71875,1,15,15,0.164082954434088
3288,24,35,0.489583333333333,0.71875,1,24,24,0.15126568055035
3289,25,35,0.510416666666667,0.71875,1,15,15,0.139490018005403
3290,26,35,0.53125,0.71875,1,19,19,0.128903846896748
3291,27,35,0.552083333333333,0.71875,1,21,21,0.119664841207698
3292,28,35,0.572916666666667,0.71875,1,18,18,0.111934048336543
3293,29,35,0.59375,0.71875,1,26,26,0.105866387494908
3294,30,35,0.614583333333333,0.71875,1,30,30,0.101598517092912
3295,31,35,0.635416666666667,0.71875,1,25,25,0.0992355721846049
3296,32,35,0.65625,0.71875,1,17,17,0.098839267500145
3297,33,35,0.677083333333333,0.71875,1,24,24,0.100420211061609
3298,34,35,0.697916666666667,0.71875,1,19,19,0.103936529946421
3299,35,35,0.71875,0.71875,1,16,16,0.109299204098052
3300,36,35,0.739583333333333,0.71875,1,23,23,0.116382605348006
3301,37,35,0.760416666666667,0.71875,1,20,20,0.125037553811202
3302,38,35,0.78125,0.71875,1,26,26,0.135104145399482
3303,39,35,0.802083333333333,0.71875,1,27,27,0.146422414180522
3304,40,35,0.822916666666667,0.71875,1,15,15,0.158839982985065
3305,41,35,0.84375,0.71875,1,13,13,0.172216743189024
3306,42,35,0.864583333333333,0.71875,1,28,28,0.186427102986084
3307,43,35,0.885416666666667,0.71875,1,18,18,0.201360497641581
3308,44,35,0.90625,0.71875,1,14,14,0.216920799298589
3309,45,35,0.927083333333333,0.71875,1,16,16,0.233025121076548
3310,46,35,0.947916666666667,0.71875,1,13,13,0.2496023576464
3311,47,35,0.96875,0.71875,1,26,26,0.266591677354803
3312,48,35,0.989583333333333,0.71875,1,29,29,0.283941088251465
3313,49,35,1.01041666666667,0.71875,1,17,17,0.301606138607007
3314,50,35,1.03125,0.71875,1,17,17,0.319548774312931
3315,51,35,1.05208333333333,0.71875,1,17,17,0.337736353640875
3316,52,35,1.07291666666667,0.71875,1,19,19,0.356140808421673
3317,53,35,1.09375,0.71875,1,5,5,0.374737935679083
3318,54,35,1.11458333333333,0.71875,1,31,31,0.393506802400037
3319,55,35,1.13541666666667,0.71875,1,17,17,0.41242924673404
3320,56,35,1.15625,0.71875,1,17,17,0.431489460461394
3321,57,35,1.17708333333333,0.71875,1,19,19,0.450673639462852
3322,58,35,1.19791666666667,0.71875,1,11,11,0.469969690841073
3323,59,35,1.21875,0.71875,1,21,21,0.489366987126805
3324,60,35,1.23958333333333,0.71875,1,12,12,0.508856159582177
3325,61,35,1.26041666666667,0.71875,1,25,25,0.528428923972739
3326,62,35,1.28125,0.71875,1,18,18,0.548077933328141
3327,63,35,1.30208333333333,0.71875,1,26,26,0.56779665316946
3328,64,35,1.32291666666667,0.71875,1,23,23,0.58757925547445
3329,65,35,1.34375,0.71875,1,13,13,0.607420528305326
3330,66,35,1.36458333333333,0.71875,1,24,24,0.627315798560272
3331,67,35,1.38541666666667,0.71875,1,15,15,0.647260865749786
3332,68,35,1.40625,0.71875,1,16,16,0.667251945059522
3333,69,35,1.42708333333333,0.71875,1,20,20,0.687285618256912
3334,70,35,1.44791666666667,0.71875,1,13,13,0.707358791241408
3335,71,35,1.46875,0.71875,1,24,24,0.727468657237541
3336,72,35,1.48958333333333,0.71875,1,6,6,0.747612664794095
3337,73,35,1.51041666666667,0.71875,1,16,16,0.767788489888091
3338,74,35,1.53125,0.71875,1,18,18,0.787994011544129
3339,75,35,1.55208333333333,0.71875,1,14,14,0.808227290472424
3340,76,35,1.57291666666667,0.71875,1,20,20,0.82848655030586
3341,77,35,1.59375,0.71875,1,20,20,0.848770161080532
3342,78,35,1.61458333333333,0.71875,1,18,18,0.869076624657789
3343,79,35,1.63541666666667,0.71875,1,14,14,0.889404561830609
3344,80,35,1.65625,0.71875,1,20,20,0.909752700894734
3345,81,35,1.67708333333333,0.71875,1,20,20,0.930119867496616
3346,82,35,1.69791666666667,0.71875,1,10,10,0.950504975596927
3347,83,35,1.71875,0.71875,1,18,18,0.970907019410912
3348,84,35,1.73958333333333,0.71875,1,18,18,0.991325066206003
3349,85,35,1.76041666666667,0.71875,1,25,25,1.01175824985335
3350,86,35,1.78125,0.71875,1,19,19,1.03220576504373
3351,87,35,1.80208333333333,0.71875,1,7,7,1.05266686209019
3352,88,35,1.82291666666667,0.71875,1,22,22,1.07314084224975
3353,89,35,1.84375,0.71875,1,26,26,1.09362705350532
3354,90,35,1.86458333333333,0.71875,1,17,17,1.11412488675624
3355,91,35,1.88541666666667,0.71875,1,28,28,1.13463377237255
3356,92,35,1.90625,0.71875,1,20,20,1.15515317707325
3357,93,35,1.92708333333333,0.71875,1,14,14,1.17568260109402
3358,94,35,1.94791666666667,0.71875,1,30,30,1.19622157561374
3359,95,35,1.96875,0.71875,1,13,13,1.21676966041274
3360,96,35,1.98958333333333,0.71875,1,21,21,1.23732644173922
3361,1,36,0.0104166666666667,0.739583333333333,1,19,19,0.562983904560634
3362,2,36,0.03125,0.739583333333333,1,24,24,0.543514684171429
3363,3,36,0.0520833333333333,0.739583333333333,1,17,17,0.5241308204774
3364,4,36,0.0729166666666667,0.739583333333333,1,13,13,0.50484025736361
3365,5,36,0.09375,0.739583333333333,1,35,35,0.485651910020196
3366,6,36,0.114583333333333,0.739583333333333,1,21,21,0.466575809725866
3367,7,36,0.135416666666667,0.739583333333333,1,17,17,0.447623273444241
3368,8,36,0.15625,0.739583333333333,1,24,24,0.428807102824946
3369,9,36,0.177083333333333,0.739583333333333,1,31,31,0.410141818028178
3370,10,36,0.197916666666667,0.739583333333333,1,20,20,0.391643932719708
3371,11,36,0.21875,0.739583333333333,1,12,12,0.37333227758896
3372,12,36,0.239583333333333,0.739583333333333,1,20,20,0.355228380769593
3373,13,36,0.260416666666667,0.739583333333333,1,22,22,0.337356914479515
3374,14,36,0.28125,0.739583333333333,1,26,26,0.319746217847421
3375,15,36,0.302083333333333,0.739583333333333,1,24,24,0.302428905918565
3376,16,36,0.322916666666667,0.739583333333333,1,17,17,0.285442573684061
3377,17,36,0.34375,0.739583333333333,1,27,27,0.268830600790513
3378,18,36,0.364583333333333,0.739583333333333,1,13,13,0.252643056049918
3379,19,36,0.385416666666667,0.739583333333333,1,13,13,0.236937689084368
3380,20,36,0.40625,0.739583333333333,1,18,18,0.221780976812799
3381,21,36,0.427083333333333,0.739583333333333,1,26,26,0.207249161784853
3382,22,36,0.447916666666667,0.739583333333333,1,24,24,0.193429174172128
3383,23,36,0.46875,0.739583333333333,1,16,16,0.180419267210196
3384,24,36,0.489583333333333,0.739583333333333,1,20,20,0.168329118466303
3385,25,36,0.510416666666667,0.739583333333333,1,26,26,0.15727906620507
3386,26,36,0.53125,0.739583333333333,1,27,27,0.147398085466428
3387,27,36,0.552083333333333,0.739583333333333,1,20,20,0.138820105907988
3388,28,36,0.572916666666667,0.739583333333333,1,16,16,0.131678393766507
3389,29,36,0.59375,0.739583333333333,1,11,11,0.126098021347412
3390,30,36,0.614583333333333,0.739583333333333,1,15,15,0.12218693996351
3391,31,36,0.635416666666667,0.739583333333333,1,23,23,0.12002676355403
3392,32,36,0.65625,0.739583333333333,1,19,19,0.119664841207698
3393,33,36,0.677083333333333,0.739583333333333,1,25,25,0.121109270986322
3394,34,36,0.697916666666667,0.739583333333333,1,24,24,0.124328018359654
3395,35,36,0.71875,0.739583333333333,1,19,19,0.129252354273959
3396,36,36,0.739583333333333,0.739583333333333,1,21,21,0.135783789991122
3397,37,36,0.760416666666667,0.739583333333333,1,21,21,0.143802983093234
3398,38,36,0.78125,0.739583333333333,1,20,20,0.153178945219267
3399,39,36,0.802083333333333,0.739583333333333,1,11,11,0.163777225810827
3400,40,36,0.822916666666667,0.739583333333333,1,8,8,0.175466321637885
3401,41,36,0.84375,0.739583333333333,1,27,27,0.188122112337156
3402,42,36,0.864583333333333,0.739583333333333,1,16,16,0.201630503148497
3403,43,36,0.885416666666667,0.739583333333333,1,20,20,0.215888643088086
3404,44,36,0.90625,0.739583333333333,1,18,18,0.230805125548517
3405,45,36,0.927083333333333,0.739583333333333,1,18,18,0.246299532107566
3406,46,36,0.947916666666667,0.739583333333333,1,19,19,0.262301600688369
3407,47,36,0.96875,0.739583333333333,1,24,24,0.278750217694124
3408,48,36,0.989583333333333,0.739583333333333,1,15,15,0.295592365051247
3409,49,36,1.01041666666667,0.739583333333333,1,30,30,0.312782101319154
3410,50,36,1.03125,0.739583333333333,1,18,18,0.330279619915349
3411,51,36,1.05208333333333,0.739583333333333,1,11,11,0.348050403862186
3412,52,36,1.07291666666667,0.739583333333333,1,11,11,0.366064481890577
3413,53,36,1.09375,0.739583333333333,1,29,29,0.384295782364984
3414,54,36,1.11458333333333,0.739583333333333,1,21,21,0.402721577153863
3415,55,36,1.13541666666667,0.739583333333333,1,21,21,0.421322005731236
3416,56,36,1.15625,0.739583333333333,1,25,25,0.440079669432047
3417,57,36,1.17708333333333,0.739583333333333,1,11,11,0.45897928623474
3418,58,36,1.19791666666667,0.739583333333333,1,20,20,0.478007397297242
3419,59,36,1.21875,0.739583333333333,1,15,15,0.497152117480862
3420,60,36,1.23958333333333,0.739583333333333,1,16,16,0.516402923119902
3421,61,36,1.26041666666667,0.739583333333333,1,22,22,0.535750471258356
3422,62,36,1.28125,0.739583333333333,1,20,20,0.555186445443857
3423,63,36,1.30208333333333,0.739583333333333,1,17,17,0.574703423931552
3424,64,36,1.32291666666667,0.739583333333333,1,20,20,0.594294766807715
3425,65,36,1.34375,0.739583333333333,1,29,29,0.613954519102588
3426,66,36,1.36458333333333,0.739583333333333,1,22,22,0.633677327434552
3427,67,36,1.38541666666667,0.739583333333333,1,19,19,0.653458368124763
3428,68,36,1.40625,0.739583333333333,1,16,16,0.673293285053587
3429,69,36,1.42708333333333,0.739583333333333,1,13,13,0.69317813580762
3430,70,36,1.44791666666667,0.739583333333333,1,24,24,0.713109344897508
3431,71,36,1.46875,0.739583333333333,1,15,15,0.733083663019701
3432,72,36,1.48958333333333,0.739583333333333,1,30,30,0.753098131496238
3433,73,36,1.51041666666667,0.739583333333333,1,24,24,0.773150051160995
3434,74,36,1.53125,0.739583333333333,1,30,30,0.793236955073058
3435,75,36,1.55208333333333,0.739583333333333,1,29,29,0.813356584531812
3436,76,36,1.57291666666667,0.739583333333333,1,22,22,0.833506867947065
3437,77,36,1.59375,0.739583333333333,1,17,17,0.85368590218361
3438,78,36,1.61458333333333,0.739583333333333,1,18,18,0.873891936055201
3439,79,36,1.63541666666667,0.739583333333333,1,15,15,0.894123355689807
3440,80,36,1.65625,0.739583333333333,1,17,17,0.914378671527556
3441,81,36,1.67708333333333,0.739583333333333,1,11,11,0.934656506746259
3442,82,36,1.69791666666667,0.739583333333333,1,18,18,0.954955586937846
3443,83,36,1.71875,0.739583333333333,1,33,33,0.975274730883129
3444,84,36,1.73958333333333,0.739583333333333,1,25,25,0.99561284229292
3445,85,36,1.76041666666667,0.739583333333333,1,16,16,1.01596890240104
3446,86,36,1.78125,0.739583333333333,1,28,28,1.03634196330978
3447,87,36,1.80208333333333,0.739583333333333,1,17,17,1.05673114200125
3448,88,36,1.82291666666667,0.739583333333333,1,27,27,1.07713561493907
3449,89,36,1.84375,0.739583333333333,1,27,27,1.09755461319446
3450,90,36,1.86458333333333,0.739583333333333,1,16,16,1.11798741803874
3451,91,36,1.88541666666667,0.739583333333333,1,25,25,1.13843335695177
3452,92,36,1.90625,0.739583333333333,1,22,22,1.15889180000151
3453,93,36,1.92708333333333,0.739583333333333,1,18,18,1.17936215655563
3454,94,36,1.94791666666667,0.739583333333333,1,10,10,1.19984387229029
3455,95,36,1.96875,0.739583333333333,1,10,10,1.2203364264658
3456,96,36,1.98958333333333,0.739583333333333,1,16,16,1.24083932944178
3457,1,37,0.0104166666666667,0.760416666666667,1,16,16,0.570567650962276
3458,2,37,0.03125,0.760416666666667,1,23,23,0.551318406404724
3459,3,37,0.0520833333333333,0.760416666666667,1,24,24,0.532166528239188
3460,4,37,0.0729166666666667,0.760416666666667,1,17,17,0.513120852514659
3461,5,37,0.09375,0.760416666666667,1,21,21,0.49419125911867
3462,6,37,0.114583333333333,0.760416666666667,1,20,20,0.475388820202582
3463,7,37,0.135416666666667,0.760416666666667,1,17,17,0.456725972383958
3464,8,37,0.15625,0.760416666666667,1,17,17,0.438216716677114
3465,9,37,0.177083333333333,0.760416666666667,1,32,32,0.419876850669566
3466,10,37,0.197916666666667,0.760416666666667,1,4,4,0.401724238037256
3467,11,37,0.21875,0.760416666666667,1,22,22,0.383779121022078
3468,12,37,0.239583333333333,0.760416666666667,1,21,21,0.366064481890578
3469,13,37,0.260416666666667,0.760416666666667,1,24,24,0.348606459504016
3470,14,37,0.28125,0.760416666666667,1,28,28,0.331434826722283
3471,15,37,0.302083333333333,0.760416666666667,1,10,10,0.314583533077615
3472,16,37,0.322916666666667,0.760416666666667,1,14,14,0.298091314454417
3473,17,37,0.34375,0.760416666666667,1,17,17,0.282002366632061
3474,18,37,0.364583333333333,0.760416666666667,1,14,14,0.266367071434522
3475,19,37,0.385416666666667,0.760416666666667,1,30,30,0.251242751519212
3476,20,37,0.40625,0.760416666666667,1,17,17,0.23669441091469
3477,21,37,0.427083333333333,0.760416666666667,1,20,20,0.222795391677828
3478,22,37,0.447916666666667,0.760416666666667,1,20,20,0.209627841495358
3479,23,37,0.46875,0.760416666666667,1,6,6,0.197282843497372
3480,24,37,0.489583333333333,0.760416666666667,1,20,20,0.185860012460312
3481,25,37,0.510416666666667,0.760416666666667,1,29,29,0.175466321637885
3482,26,37,0.53125,0.760416666666667,1,23,23,0.166213910873979
3483,27,37,0.552083333333333,0.760416666666667,1,8,8,0.158216667165878
3484,28,37,0.572916666666667,0.760416666666667,1,18,18,0.151585494007974
3485,29,37,0.59375,0.760416666666667,1,16,16,0.146422414180522
3486,30,37,0.614583333333333,0.760416666666667,1,13,13,0.142813965678302
3487,31,37,0.635416666666667,0.760416666666667,1,27,27,0.140824680367654
3488,32,37,0.65625,0.760416666666667,1,18,18,0.140491655869776
3489,33,37,0.677083333333333,0.760416666666667,1,14,14,0.141821212322879
3490,34,37,0.697916666666667,0.760416666666667,1,17,17,0.144788306430292
3491,35,37,0.71875,0.760416666666667,1,4,4,0.149338825232787
3492,36,37,0.739583333333333,0.760416666666667,1,20,20,0.155394288046954
3493,37,37,0.760416666666667,0.760416666666667,1,25,25,0.162858057257621
3494,38,37,0.78125,0.760416666666667,1,20,20,0.171622020392456
3495,39,37,0.802083333333333,0.760416666666667,1,16,16,0.181572844526087
3496,40,37,0.822916666666667,0.760416666666667,1,23,23,0.192597207103469
3497,41,37,0.84375,0.760416666666667,1,7,7,0.204585740256373
3498,42,37,0.864583333333333,0.760416666666667,1,20,20,0.217435693462061
3499,43,37,0.885416666666667,0.760416666666667,1,22,22,0.231052484996506
3500,44,37,0.90625,0.760416666666667,1,15,15,0.245350383574149
3501,45,37,0.927083333333333,0.760416666666667,1,23,23,0.26025256592019
3502,46,37,0.947916666666667,0.760416666666667,1,23,23,0.275690763798646
3503,47,37,0.96875,0.760416666666667,1,28,28,0.291604668070927
3504,48,37,0.989583333333333,0.760416666666667,1,22,22,0.307941211564808
3505,49,37,1.01041666666667,0.760416666666667,1,15,15,0.32465381353238
3506,50,37,1.03125,0.760416666666667,1,25,25,0.341701638266292
3507,51,37,1.05208333333333,0.760416666666667,1,21,21,0.35904889857114
3508,52,37,1.07291666666667,0.760416666666667,1,11,11,0.37666421979263
3509,53,37,1.09375,0.760416666666667,1,10,10,0.394520070335238
3510,54,37,1.11458333333333,0.760416666666667,1,17,17,0.412592258570183
3511,55,37,1.13541666666667,0.760416666666667,1,14,14,0.430859492570978
3512,56,37,1.15625,0.760416666666667,1,15,15,0.449302997337778
3513,57,37,1.17708333333333,0.760416666666667,1,17,17,0.467906183464297
3514,58,37,1.19791666666667,0.760416666666667,1,18,18,0.486654361138934
3515,59,37,1.21875,0.760416666666667,1,19,19,0.505534493675431
3516,60,37,1.23958333333333,0.760416666666667,1,19,19,0.524534985258537
3517,61,37,1.26041666666667,0.760416666666667,1,32,32,0.543645498155621
3518,62,37,1.28125,0.760416666666667,1,17,17,0.562856795219743
3519,63,37,1.30208333333333,0.760416666666667,1,22,22,0.582160604056429
3520,64,37,1.32291666666667,0.760416666666667,1,19,19,0.601549499726495
3521,65,37,1.34375,0.760416666666667,1,14,14,0.621016803303257
3522,66,37,1.36458333333333,0.760416666666667,1,30,30,0.640556493993415
3523,67,37,1.38541666666667,0.760416666666667,1,15,15,0.660163132869587
3524,68,37,1.40625,0.760416666666667,1,15,15,0.679831796553361
3525,69,37,1.42708333333333,0.760416666666667,1,23,23,0.699558019436222
3526,70,37,1.44791666666667,0.760416666666667,1,32,32,0.719337743237025
3527,71,37,1.46875,0.760416666666667,1,22,22,0.739167272874018
3528,72,37,1.48958333333333,0.760416666666667,1,15,15,0.759043237781219
3529,73,37,1.51041666666667,0.760416666666667,1,26,26,0.778962557927501
3530,74,37,1.53125,0.760416666666667,1,26,26,0.798922413905428
3531,75,37,1.55208333333333,0.760416666666667,1,25,25,0.818920220548879
3532,76,37,1.57291666666667,0.760416666666667,1,23,23,0.838953603616405
3533,77,37,1.59375,0.760416666666667,1,21,21,0.859020379143242
3534,78,37,1.61458333333333,0.760416666666667,1,15,15,0.879118535120945
3535,79,37,1.63541666666667,0.760416666666667,1,12,12,0.899246215211134
3536,80,37,1.65625,0.760416666666667,1,22,22,0.919401704240366
3537,81,37,1.67708333333333,0.760416666666667,1,13,13,0.939583415257567
3538,82,37,1.69791666666667,0.760416666666667,1,29,29,0.959789877964947
3539,83,37,1.71875,0.760416666666667,1,30,30,0.980019728358441
3540,84,37,1.73958333333333,0.760416666666667,1,26,26,1.00027169943526
3541,85,37,1.76041666666667,0.760416666666667,1,16,16,1.02054461284462
3542,86,37,1.78125,0.760416666666667,1,19,19,1.04083737137369
3543,87,37,1.80208333333333,0.760416666666667,1,21,21,1.0611489521742
3544,88,37,1.82291666666667,0.760416666666667,1,15,15,1.08147840064739
3545,89,37,1.84375,0.760416666666667,1,18,18,1.10182482491468
3546,90,37,1.86458333333333,0.760416666666667,1,16,16,1.12218739081062
3547,91,37,1.88541666666667,0.760416666666667,1,14,14,1.14256531734226
3548,92,37,1.90625,0.760416666666667,1,17,17,1.16295787256549
3549,93,37,1.92708333333333,0.760416666666667,1,23,23,1.18336436983506
3550,94,37,1.94791666666667,0.760416666666667,1,26,26,1.20378416438968
3551,95,37,1.96875,0.760416666666667,1,22,22,1.22421665023826
3552,96,37,1.98958333333333,0.760416666666667,1,30,30,1.24466125731708
3553,1,38,0.0104166666666667,0.78125,1,23,23,0.578690491403581
3554,2,38,0.03125,0.78125,1,25,25,0.559671336014695
3555,3,38,0.0520833333333333,0.78125,1,21,21,0.54076160812942
3556,4,38,0.0729166666666667,0.78125,1,22,22,0.521970977623686
3557,5,38,0.09375,0.78125,1,21,21,0.503310215703224
3558,6,38,0.114583333333333,0.78125,1,21,21,0.484791343724796
3559,7,38,0.135416666666667,0.78125,1,26,26,0.466427804119522
3560,8,38,0.15625,0.78125,1,25,25,0.448234656634035
3561,9,38,0.177083333333333,0.78125,1,21,21,0.430228803418279
3562,10,38,0.197916666666667,0.78125,1,18,18,0.412429246734041
3563,11,38,0.21875,0.78125,1,30,30,0.394857383165474
3564,12,38,0.239583333333333,0.78125,1,36,36,0.377537338074016
3565,13,38,0.260416666666667,0.78125,1,19,19,0.360496343494007
3566,14,38,0.28125,0.78125,1,11,11,0.343765161477229
3567,15,38,0.302083333333333,0.78125,1,5,5,0.32737855273185
3568,16,38,0.322916666666667,0.78125,1,16,16,0.311375786808259
3569,17,38,0.34375,0.78125,1,24,24,0.295801184461997
3570,18,38,0.364583333333333,0.78125,1,18,18,0.280704674431321
3571,19,38,0.385416666666667,0.78125,1,21,21,0.266142334868605
3572,20,38,0.40625,0.78125,1,19,19,0.252176873273985
3573,21,38,0.427083333333333,0.78125,1,21,21,0.238877977560309
3574,22,38,0.447916666666667,0.78125,1,30,30,0.226322445289229
3575,23,38,0.46875,0.78125,1,14,14,0.214593970358104
3576,24,38,0.489583333333333,0.78125,1,29,29,0.203782441532033
3577,25,38,0.510416666666667,0.78125,1,21,21,0.193982594174334
3578,26,38,0.53125,0.78125,1,22,22,0.185291868545495
3579,27,38,0.552083333333333,0.78125,1,14,14,0.177807380887565
3580,28,38,0.572916666666667,0.78125,1,19,19,0.171622020392456
3581,29,38,0.59375,0.78125,1,26,26,0.166819847639594
3582,30,38,0.614583333333333,0.78125,1,15,15,0.163471167454078
3583,31,38,0.635416666666667,0.78125,1,31,31,0.16162783262865
3584,32,38,0.65625,0.78125,1,22,22,0.161319435873172
3585,33,38,0.677083333333333,0.78125,1,35,35,0.162551003262145
3586,34,38,0.697916666666667,0.78125,1,12,12,0.165302592775538
3587,35,38,0.71875,0.78125,1,21,21,0.169530870547512
3588,36,38,0.739583333333333,0.78125,1,20,20,0.175172383720278
3589,37,38,0.760416666666667,0.78125,1,32,32,0.182147981588125
3590,38,38,0.78125,0.78125,1,28,28,0.190367725448378
3591,39,38,0.802083333333333,0.78125,1,26,26,0.199735676423163
3592,40,38,0.822916666666667,0.78125,1,16,16,0.210154109638379
3593,41,38,0.84375,0.78125,1,21,21,0.221526902307856
3594,42,38,0.864583333333333,0.78125,1,25,25,0.233762023745405
3595,43,38,0.885416666666667,0.78125,1,26,26,0.246773185285463
3596,44,38,0.90625,0.78125,1,20,20,0.260480781380611
3597,45,38,0.927083333333333,0.78125,1,29,29,0.274812279585009
3598,46,38,0.947916666666667,0.78125,1,21,21,0.289702212317407
3599,47,38,0.96875,0.78125,1,32,32,0.305091901828299
3600,48,38,0.989583333333333,0.78125,1,18,18,0.320929022380902
3601,49,38,1.01041666666667,0.78125,1,15,15,0.337167076801371
3602,50,38,1.03125,0.78125,1,17,17,0.353764841456181
3603,51,38,1.05208333333333,0.78125,1,22,22,0.370685815409865
3604,52,38,1.07291666666667,0.78125,1,21,21,0.387897695844788
3605,53,38,1.09375,0.78125,1,19,19,0.405371892091688
3606,54,38,1.11458333333333,0.78125,1,29,29,0.423083083985417
3607,55,38,1.13541666666667,0.78125,1,26,26,0.441008825935722
3608,56,38,1.15625,0.78125,1,22,22,0.459129195430519
3609,57,38,1.17708333333333,0.78125,1,15,15,0.477426483157365
3610,58,38,1.19791666666667,0.78125,1,10,10,0.495884921159068
3611,59,38,1.21875,0.78125,1,16,16,0.514490445160524
3612,60,38,1.23958333333333,0.78125,1,20,20,0.53323048722824
3613,61,38,1.26041666666667,0.78125,1,19,19,0.552093795124196
3614,62,38,1.28125,0.78125,1,24,24,0.571070275008266
3615,63,38,1.30208333333333,0.78125,1,17,17,0.590150854474675
3616,64,38,1.32291666666667,0.78125,1,21,21,0.609327363244913
3617,65,38,1.34375,0.78125,1,16,16,0.628592429162892
3618,66,38,1.36458333333333,0.78125,1,14,14,0.647939387437432
3619,67,38,1.38541666666667,0.78125,1,16,16,0.667362201347709
3620,68,38,1.40625,0.78125,1,24,24,0.686855392867892
3621,69,38,1.42708333333333,0.78125,1,10,10,0.706413981878601
3622,70,38,1.44791666666667,0.78125,1,34,34,0.726033432817193
3623,71,38,1.46875,0.78125,1,20,20,0.745709607778497
3624,72,38,1.48958333333333,0.78125,1,17,17,0.765438725215422
3625,73,38,1.51041666666667,0.78125,1,27,27,0.785217323507332
3626,74,38,1.53125,0.78125,1,16,16,0.805042228765801
3627,75,38,1.55208333333333,0.78125,1,11,11,0.824910526334519
3628,76,38,1.57291666666667,0.78125,1,20,20,0.84481953551486
3629,77,38,1.59375,0.78125,1,28,28,0.864766787112563
3630,78,38,1.61458333333333,0.78125,1,19,19,0.884750003455807
3631,79,38,1.63541666666667,0.78125,1,7,7,0.904767080581946
3632,80,38,1.65625,0.78125,1,22,22,0.924816072330437
3633,81,38,1.67708333333333,0.78125,1,19,19,0.944895176114114
3634,82,38,1.69791666666667,0.78125,1,19,19,0.965002720170681
3635,83,38,1.71875,0.78125,1,11,11,0.985137152121853
3636,84,38,1.73958333333333,0.78125,1,28,28,1.00529702868966
3637,85,38,1.76041666666667,0.78125,1,26,26,1.02548100643839
3638,86,38,1.78125,0.78125,1,28,28,1.04568783342711
3639,87,38,1.80208333333333,0.78125,1,21,21,1.06591634167189
3640,88,38,1.82291666666667,0.78125,1,36,36,1.08616544032916
3641,89,38,1.84375,0.78125,1,16,16,1.1064341095224
3642,90,38,1.86458333333333,0.78125,1,27,27,1.12672139474347
3643,91,38,1.88541666666667,0.78125,1,12,12,1.14702640176824
3644,92,38,1.90625,0.78125,1,18,18,1.16734829203289
3645,93,38,1.92708333333333,0.78125,1,16,16,1.18768627842376
3646,94,38,1.94791666666667,0.78125,1,20,20,1.20803962143872
3647,95,38,1.96875,0.78125,1,11,11,1.22840762568298
3648,96,38,1.98958333333333,0.78125,1,23,23,1.24878963666607
3649,1,39,0.0104166666666667,0.802083333333333,1,23,23,0.587333853675586
3650,2,39,0.03125,0.802083333333333,1,30,30,0.56855348577854
3651,3,39,0.0520833333333333,0.802083333333333,1,19,19,0.549894529426503
3652,4,39,0.0729166666666667,0.802083333333333,1,26,26,0.531367418504249
3653,5,39,0.09375,0.802083333333333,1,21,21,0.512983730263091
3654,6,39,0.114583333333333,0.802083333333333,1,19,19,0.494756331583679
3655,7,39,0.135416666666667,0.802083333333333,1,14,14,0.476699545183522
3656,8,39,0.15625,0.802083333333333,1,26,26,0.45882933821445
3657,9,39,0.177083333333333,0.802083333333333,1,18,18,0.441163535779802
3658,10,39,0.197916666666667,0.802083333333333,1,22,22,0.423722061862084
3659,11,39,0.21875,0.802083333333333,1,15,15,0.406527209912059
3660,12,39,0.239583333333333,0.802083333333333,1,32,32,0.389603944799837
3661,13,39,0.260416666666667,0.802083333333333,1,23,23,0.372980236813697
3662,14,39,0.28125,0.802083333333333,1,9,9,0.356687426704101
3663,15,39,0.302083333333333,0.802083333333333,1,17,17,0.340760618132911
3664,16,39,0.322916666666667,0.802083333333333,1,25,25,0.325239089953052
3665,17,39,0.34375,0.802083333333333,1,21,21,0.310166715097505
3666,18,39,0.364583333333333,0.802083333333333,1,9,9,0.295592365051247
3667,19,39,0.385416666666667,0.802083333333333,1,22,22,0.281570268515431
3668,20,39,0.40625,0.802083333333333,1,27,27,0.268160279752807
3669,21,39,0.427083333333333,0.802083333333333,1,31,31,0.255427996499403
3670,22,39,0.447916666666667,0.802083333333333,1,15,15,0.243444650378691
3671,23,39,0.46875,0.802083333333333,1,34,34,0.232286676980237
3672,24,39,0.489583333333333,0.802083333333333,1,22,22,0.222034862583074
3673,25,39,0.510416666666667,0.802083333333333,1,35,35,0.21277296648349
3674,26,39,0.53125,0.802083333333333,1,18,18,0.204585740256373
3675,27,39,0.552083333333333,0.802083333333333,1,18,18,0.197556316090373
3676,28,39,0.572916666666667,0.802083333333333,1,28,28,0.191763019865339
3677,29,39,0.59375,0.802083333333333,1,30,30,0.187275776425311
3678,30,39,0.614583333333333,0.802083333333333,1,20,20,0.184152396925547
3679,31,39,0.635416666666667,0.802083333333333,1,11,11,0.182435139970356
3680,32,39,0.65625,0.802083333333333,1,21,21,0.182147981588125
3681,33,39,0.677083333333333,0.802083333333333,1,18,18,0.183294983839532
3682,34,39,0.697916666666667,0.802083333333333,1,21,21,0.185860012460312
3683,35,39,0.71875,0.802083333333333,1,4,4,0.189807848153945
3684,36,39,0.739583333333333,0.802083333333333,1,6,6,0.195086518100805
3685,37,39,0.760416666666667,0.802083333333333,1,36,36,0.201630503148497
3686,38,39,0.78125,0.802083333333333,1,13,13,0.209364392091461
3687,39,39,0.802083333333333,0.802083333333333,1,21,21,0.218206564920842
3688,40,39,0.822916666666667,0.802083333333333,1,18,18,0.22807256985992
3689,41,39,0.84375,0.802083333333333,1,20,20,0.238877977560309
3690,42,39,0.864583333333333,0.802083333333333,1,15,15,0.250540614807908
3691,43,39,0.885416666666667,0.802083333333333,1,10,10,0.262982176115576
3692,44,39,0.90625,0.802083333333333,1,14,14,0.276129275335436
3693,45,39,0.927083333333333,0.802083333333333,1,15,15,0.289914032315178
3694,46,39,0.947916666666667,0.802083333333333,1,14,14,0.304274298721423
3695,47,39,0.96875,0.802083333333333,1,11,11,0.319153620932104
3696,48,39,0.989583333333333,0.802083333333333,1,19,19,0.334501023712329
3697,49,39,1.01041666666667,0.802083333333333,1,14,14,0.350270681511073
3698,50,39,1.03125,0.802083333333333,1,10,10,0.366421527872459
3699,51,39,1.05208333333333,0.802083333333333,1,26,26,0.38291683927089
3700,52,39,1.07291666666667,0.802083333333333,1,24,24,0.399723818217159
3701,53,39,1.09375,0.802083333333333,1,22,22,0.416813191695005
3702,54,39,1.11458333333333,0.802083333333333,1,16,16,0.43415883453112
3703,55,39,1.13541666666667,0.802083333333333,1,12,12,0.451737422734908
3704,56,39,1.15625,0.802083333333333,1,28,28,0.46952811873377
3705,57,39,1.17708333333333,0.802083333333333,1,26,26,0.487512288398807
3706,58,39,1.19791666666667,0.802083333333333,1,10,10,0.505673248500276
3707,59,39,1.21875,0.802083333333333,1,23,23,0.523996042517171
3708,60,39,1.23958333333333,0.802083333333333,1,17,17,0.542467242376725
3709,61,39,1.26041666666667,0.802083333333333,1,21,21,0.56107477359114
3710,62,39,1.28125,0.802083333333333,1,15,15,0.579807761301472
3711,63,39,1.30208333333333,0.802083333333333,1,16,16,0.598656394870935
3712,64,39,1.32291666666667,0.802083333333333,1,25,25,0.617611808850397
3713,65,39,1.34375,0.802083333333333,1,21,21,0.636665978340362
3714,66,39,1.36458333333333,0.802083333333333,1,12,12,0.65581162697884
3715,67,39,1.38541666666667,0.802083333333333,1,22,22,0.67504214598277
3716,68,39,1.40625,0.802083333333333,1,20,20,0.694351522855933
3717,69,39,1.42708333333333,0.802083333333333,1,20,20,0.713734278545762
3718,70,39,1.44791666666667,0.802083333333333,1,20,20,0.73318541198395
3719,71,39,1.46875,0.802083333333333,1,21,21,0.752700351081502
3720,72,39,1.48958333333333,0.802083333333333,1,22,22,0.772274909368681
3721,73,39,1.51041666666667,0.802083333333333,1,13,13,0.791905247575402
3722,74,39,1.53125,0.802083333333333,1,14,14,0.811587839539449
3723,75,39,1.55208333333333,0.802083333333333,1,21,21,0.831319441909791
3724,76,39,1.57291666666667,0.802083333333333,1,19,19,0.851097067181695
3725,77,39,1.59375,0.802083333333333,1,17,17,0.870917959660525
3726,78,39,1.61458333333333,0.802083333333333,1,27,27,0.890779574003265
3727,79,39,1.63541666666667,0.802083333333333,1,18,18,0.910679556031952
3728,80,39,1.65625,0.802083333333333,1,16,16,0.930615725552296
3729,81,39,1.67708333333333,0.802083333333333,1,14,14,0.950586060944606
3730,82,39,1.69791666666667,0.802083333333333,1,28,28,0.970588685323461
3731,83,39,1.71875,0.802083333333333,1,13,13,0.99062185408796
3732,84,39,1.73958333333333,0.802083333333333,1,15,15,1.01068394370644
3733,85,39,1.76041666666667,0.802083333333333,1,28,28,1.03077344159869
3734,86,39,1.78125,0.802083333333333,1,36,36,1.05088893699521
3735,87,39,1.80208333333333,0.802083333333333,1,14,14,1.07102911266779
3736,88,39,1.82291666666667,0.802083333333333,1,24,24,1.09119273743786
3737,89,39,1.84375,0.802083333333333,1,17,17,1.11137865938052
3738,90,39,1.86458333333333,0.802083333333333,1,11,11,1.13158579965134
3739,91,39,1.88541666666667,0.802083333333333,1,24,24,1.15181314687164
3740,92,39,1.90625,0.802083333333333,1,25,25,1.17205975201528
3741,93,39,1.92708333333333,0.802083333333333,1,18,18,1.19232472374621
3742,94,39,1.94791666666667,0.802083333333333,1,25,25,1.21260722416205
3743,95,39,1.96875,0.802083333333333,1,21,21,1.23290646490353
3744,96,39,1.98958333333333,0.802083333333333,1,27,27,1.25322170359422
3745,1,40,0.0104166666666667,0.822916666666667,1,34,34,0.596478899821124
3746,2,40,0.03125,0.822916666666667,1,27,27,0.577944651180243
3747,3,40,0.0520833333333333,0.822916666666667,1,22,22,0.559543607054683
3748,4,40,0.0729166666666667,0.822916666666667,1,28,28,0.541286887229909
3749,5,40,0.09375,0.822916666666667,1,23,23,0.523186781666967
3750,6,40,0.114583333333333,0.822916666666667,1,15,15,0.505256891649789
3751,7,40,0.135416666666667,0.822916666666667,1,19,19,0.487512288398807
3752,8,40,0.15625,0.822916666666667,1,31,31,0.469969690841073
3753,9,40,0.177083333333333,0.822916666666667,1,17,17,0.452647664120113
3754,10,40,0.197916666666667,0.822916666666667,1,24,24,0.43556684016317
3755,11,40,0.21875,0.822916666666667,1,21,21,0.418750161123977
3756,12,40,0.239583333333333,0.822916666666667,1,12,12,0.402223145684763
3757,13,40,0.260416666666667,0.822916666666667,1,14,14,0.386014176898456
3758,14,40,0.28125,0.822916666666667,1,36,36,0.370154808311732
3759,15,40,0.302083333333333,0.822916666666667,1,15,15,0.354680082324459
3760,16,40,0.322916666666667,0.822916666666667,1,8,8,0.339628850873784
3761,17,40,0.34375,0.822916666666667,1,22,22,0.325044083334574
3762,18,40,0.364583333333333,0.822916666666667,1,24,24,0.310973139792055
3763,19,40,0.385416666666667,0.822916666666667,1,17,17,0.297467979477335
3764,20,40,0.40625,0.822916666666667,1,13,13,0.284585264327695
3765,21,40,0.427083333333333,0.822916666666667,1,17,17,0.272386306958957
3766,22,40,0.447916666666667,0.822916666666667,1,25,25,0.260936802136814
3767,23,40,0.46875,0.822916666666667,1,16,16,0.250306273388814
3768,24,40,0.489583333333333,0.822916666666667,1,22,22,0.24056716511013
3769,25,40,0.510416666666667,0.822916666666667,1,21,21,0.231793519774818
3770,26,40,0.53125,0.822916666666667,1,30,30,0.224059204369119
3771,27,40,0.552083333333333,0.822916666666667,1,22,22,0.217435693462061
3772,28,40,0.572916666666667,0.822916666666667,1,4,4,0.211989478581609
3773,29,40,0.59375,0.822916666666667,1,25,25,0.207779249055078
3774,30,40,0.614583333333333,0.822916666666667,1,16,16,0.20485306507541
3775,31,40,0.635416666666667,0.822916666666667,1,29,29,0.203245800007088
3776,32,40,0.65625,0.822916666666667,1,23,23,0.202977144874233
3777,33,40,0.677083333333333,0.822916666666667,1,19,19,0.204050429031587
3778,34,40,0.697916666666667,0.822916666666667,1,19,19,0.206452416985317
3779,35,40,0.71875,0.822916666666667,1,15,15,0.210154109638379
3780,36,40,0.739583333333333,0.822916666666667,1,20,20,0.215112439670959
3781,37,40,0.760416666666667,0.822916666666667,1,26,26,0.221272638646711
3782,38,40,0.78125,0.822916666666667,1,21,21,0.228570991494001
3783,39,40,0.802083333333333,0.822916666666667,1,26,26,0.236937689084368
3784,40,40,0.822916666666667,0.822916666666667,1,23,23,0.246299532107567
3785,41,40,0.84375,0.822916666666667,1,25,25,0.256582309875426
3786,42,40,0.864583333333333,0.822916666666667,1,12,12,0.267712755213903
3787,43,40,0.885416666666667,0.822916666666667,1,15,15,0.279620045237417
3788,44,40,0.90625,0.822916666666667,1,10,10,0.292236868937157
3789,45,40,0.927083333333333,0.822916666666667,1,19,19,0.305500114244664
3790,46,40,0.947916666666667,0.822916666666667,1,22,22,0.319351242047737
3791,47,40,0.96875,0.822916666666667,1,25,25,0.333736416999023
3792,48,40,0.989583333333333,0.822916666666667,1,23,23,0.348606459504016
3793,49,40,1.01041666666667,0.822916666666667,1,22,22,0.363916673841915
3794,50,40,1.03125,0.822916666666667,1,15,15,0.379626596681073
3795,51,40,1.05208333333333,0.822916666666667,1,17,17,0.395699699976212
3796,52,40,1.07291666666667,0.822916666666667,1,23,23,0.412103073243855
3797,53,40,1.09375,0.822916666666667,1,15,15,0.428807102824946
3798,54,40,1.11458333333333,0.822916666666667,1,22,22,0.445785159952276
3799,55,40,1.13541666666667,0.822916666666667,1,16,16,0.463013305070209
3800,56,40,1.15625,0.822916666666667,1,16,16,0.480470012666004
3801,57,40,1.17708333333333,0.822916666666667,1,26,26,0.498135918620564
3802,58,40,1.19791666666667,0.822916666666667,1,19,19,0.515993590551212
3803,59,40,1.21875,0.822916666666667,1,12,12,0.53402732061521
3804,60,40,1.23958333333333,0.822916666666667,1,16,16,0.552222939623125
3805,61,40,1.26041666666667,0.822916666666667,1,24,24,0.570567650962276
3806,62,40,1.28125,0.822916666666667,1,17,17,0.589049882667723
3807,63,40,1.30208333333333,0.822916666666667,1,20,20,0.60765915593925
3808,64,40,1.32291666666667,0.822916666666667,1,21,21,0.626385968443197
3809,65,40,1.34375,0.822916666666667,1,12,12,0.645221690826332
3810,66,40,1.36458333333333,0.822916666666667,1,4,4,0.664158474983781
3811,67,40,1.38541666666667,0.822916666666667,1,16,16,0.683189172749622
3812,68,40,1.40625,0.822916666666667,1,18,18,0.702307263807824
3813,69,40,1.42708333333333,0.822916666666667,1,7,7,0.72150679174654
3814,70,40,1.44791666666667,0.822916666666667,1,15,15,0.740782307297005
3815,71,40,1.46875,0.822916666666667,1,25,25,0.760128817907419
3816,72,40,1.48958333333333,0.822916666666667,1,22,22,0.779541742901474
3817,73,40,1.51041666666667,0.822916666666667,1,34,34,0.799016873560485
3818,74,40,1.53125,0.822916666666667,1,18,18,0.818550337547812
3819,75,40,1.55208333333333,0.822916666666667,1,31,31,0.838138567164942
3820,76,40,1.57291666666667,0.822916666666667,1,17,17,0.857778270991037
3821,77,40,1.59375,0.822916666666667,1,14,14,0.877466408512643
3822,78,40,1.61458333333333,0.822916666666667,1,24,24,0.897200167398509
3823,79,40,1.63541666666667,0.822916666666667,1,23,23,0.916976943116652
3824,80,40,1.65625,0.822916666666667,1,11,11,0.936794320627771
3825,81,40,1.67708333333333,0.822916666666667,1,18,18,0.956650057921432
3826,82,40,1.69791666666667,0.822916666666667,1,17,17,0.976542071189651
3827,83,40,1.71875,0.822916666666667,1,16,16,0.996468421457191
3828,84,40,1.73958333333333,0.822916666666667,1,23,23,1.01642730250944
3829,85,40,1.76041666666667,0.822916666666667,1,20,20,1.0364170299776
3830,86,40,1.78125,0.822916666666667,1,17,17,1.05643603145735
3831,87,40,1.80208333333333,0.822916666666667,1,16,16,1.07648283755161
3832,88,40,1.82291666666667,0.822916666666667,1,12,12,1.09655607374077
3833,89,40,1.84375,0.822916666666667,1,18,18,1.11665445299449
3834,90,40,1.86458333333333,0.822916666666667,1,27,27,1.13677676904939
3835,91,40,1.88541666666667,0.822916666666667,1,20,20,1.15692189028495
3836,92,40,1.90625,0.822916666666667,1,11,11,1.17708875413794
3837,93,40,1.92708333333333,0.822916666666667,1,15,15,1.19727636200187
3838,94,40,1.94791666666667,0.822916666666667,1,24,24,1.2174837745641
3839,95,40,1.96875,0.822916666666667,1,24,24,1.2377101075381
3840,96,40,1.98958333333333,0.822916666666667,1,5,5,1.2579545277532
3841,1,41,0.0104166666666667,0.84375,1,18,18,0.606106674516753
3842,2,41,0.03125,0.84375,1,21,21,0.587824572192856
3843,3,41,0.0520833333333333,0.84375,1,28,28,0.56968717747815
3844,4,41,0.0729166666666667,0.84375,1,22,22,0.551706212648887
3845,5,41,0.09375,0.84375,1,20,20,0.533894582482528
3846,6,41,0.114583333333333,0.84375,1,18,18,0.516266508190117
3847,7,41,0.135416666666667,0.84375,1,22,22,0.498837676167543
3848,8,41,0.15625,0.84375,1,18,18,0.481625402555444
3849,9,41,0.177083333333333,0.84375,1,14,14,0.464648814341662
3850,10,41,0.197916666666667,0.84375,1,14,14,0.447929047309413
3851,11,41,0.21875,0.84375,1,7,7,0.431489460461395
3852,12,41,0.239583333333333,0.84375,1,12,12,0.415355865549055
3853,13,41,0.260416666666667,0.84375,1,15,15,0.399556768901254
3854,14,41,0.28125,0.84375,1,17,17,0.384123620751895
3855,15,41,0.302083333333333,0.84375,1,27,27,0.369091064572278
3856,16,41,0.322916666666667,0.84375,1,24,24,0.354497175380891
3857,17,41,0.34375,0.84375,1,12,12,0.340383671517572
3858,18,41,0.364583333333333,0.84375,1,21,21,0.326796078889588
3859,19,41,0.385416666666667,0.84375,1,22,22,0.313783820327335
3860,20,41,0.40625,0.84375,1,27,27,0.301400195775939
3861,21,41,0.427083333333333,0.84375,1,19,19,0.289702212317407
3862,22,41,0.447916666666667,0.84375,1,19,19,0.278750217694124
3863,23,41,0.46875,0.84375,1,19,19,0.268607288917745
3864,24,41,0.489583333333333,0.84375,1,25,25,0.259338331103574
3865,25,41,0.510416666666667,0.84375,1,13,13,0.251008853593071
3866,26,41,0.53125,0.84375,1,27,27,0.243683413149404
3867,27,41,0.552083333333333,0.84375,1,12,12,0.237423748666917
3868,28,41,0.572916666666667,0.84375,1,19,19,0.232286676980237
3869,29,41,0.59375,0.84375,1,28,28,0.228321869827319
3870,30,41,0.614583333333333,0.84375,1,20,20,0.225569678614571
3871,31,41,0.635416666666667,0.84375,1,7,7,0.224059204369119
3872,32,41,0.65625,0.84375,1,15,15,0.223806813486877
3873,33,41,0.677083333333333,0.84375,1,21,21,0.224815268577893
3874,34,41,0.697916666666667,0.84375,1,28,28,0.227073579294714
3875,35,41,0.71875,0.84375,1,20,20,0.230557591559504
3876,36,41,0.739583333333333,0.84375,1,22,22,0.235231243151713
3877,37,41,0.760416666666667,0.84375,1,19,19,0.241048338561165
3878,38,41,0.78125,0.84375,1,19,19,0.247954650738376
3879,39,41,0.802083333333333,0.84375,1,18,18,0.255890147220937
3880,40,41,0.822916666666667,0.84375,1,13,13,0.264791159086473
3881,41,41,0.84375,0.84375,1,26,26,0.274592352941615
3882,42,41,0.864583333333333,0.84375,1,24,24,0.28522841638321
3883,43,41,0.885416666666667,0.84375,1,23,23,0.296635415494704
3884,44,41,0.90625,0.84375,1,23,23,0.308751822153562
3885,45,41,0.927083333333333,0.84375,1,12,12,0.321519236399855
3886,46,41,0.947916666666667,0.84375,1,18,18,0.334882845112648
3887,47,41,0.96875,0.84375,1,28,28,0.348791664814979
3888,48,41,0.989583333333333,0.84375,1,23,23,0.363198616282971
3889,49,41,1.01041666666667,0.84375,1,26,26,0.378060474351369
3890,50,41,1.03125,0.84375,1,14,14,0.393337729959527
3891,51,41,1.05208333333333,0.84375,1,17,17,0.408994394530268
3892,52,41,1.07291666666667,0.84375,1,22,22,0.424997770127956
3893,53,41,1.09375,0.84375,1,25,25,0.441318202982943
3894,54,41,1.11458333333333,0.84375,1,16,16,0.457928833085105
3895,55,41,1.13541666666667,0.84375,1,19,19,0.474805348645906
3896,56,41,1.15625,0.84375,1,29,29,0.491925751214966
3897,57,41,1.17708333333333,0.84375,1,24,24,0.509270134980024
3898,58,41,1.19791666666667,0.84375,1,8,8,0.526820482136358
3899,59,41,1.21875,0.84375,1,36,36,0.544560475050992
3900,60,41,1.23958333333333,0.84375,1,29,29,0.562475325154283
3901,61,41,1.26041666666667,0.84375,1,10,10,0.580551617972897
3902,62,41,1.28125,0.84375,1,24,24,0.598777173399378
3903,63,41,1.30208333333333,0.84375,1,29,29,0.617140920117118
3904,64,41,1.32291666666667,0.84375,1,24,24,0.635632783022135
3905,65,41,1.34375,0.84375,1,21,21,0.654243582472596
3906,66,41,1.36458333333333,0.84375,1,20,20,0.672964944230057
3907,67,41,1.38541666666667,0.84375,1,19,19,0.69178921901631
3908,68,41,1.40625,0.84375,1,28,28,0.710709410684627
3909,69,41,1.42708333333333,0.84375,1,29,29,0.729719112086132
3910,70,41,1.44791666666667,0.84375,1,26,26,0.748812447795521
3911,71,41,1.46875,0.84375,1,22,22,0.767984022941855
3912,72,41,1.48958333333333,0.84375,1,20,20,0.787228877467594
3913,73,41,1.51041666666667,0.84375,1,9,9,0.806542445211107
3914,74,41,1.53125,0.84375,1,11,11,0.825920517274047
3915,75,41,1.55208333333333,0.84375,1,18,18,0.845359209195094
3916,76,41,1.57291666666667,0.84375,1,26,26,0.864854931505707
3917,77,41,1.59375,0.84375,1,20,20,0.884404363291996
3918,78,41,1.61458333333333,0.84375,1,29,29,0.904004428430094
3919,79,41,1.63541666666667,0.84375,1,22,22,0.923652274200772
3920,80,41,1.65625,0.84375,1,31,31,0.943345252023067
3921,81,41,1.67708333333333,0.84375,1,18,18,0.963080900076772
3922,82,41,1.69791666666667,0.84375,1,28,28,0.982856927610185
3923,83,41,1.71875,0.84375,1,27,27,1.00267120075292
3924,84,41,1.73958333333333,0.84375,1,18,18,1.02252172967422
3925,85,41,1.76041666666667,0.84375,1,28,28,1.04240665694546
3926,86,41,1.78125,0.84375,1,16,16,1.06232424698134
3927,87,41,1.80208333333333,0.84375,1,12,12,1.08227287644879
3928,88,41,1.82291666666667,0.84375,1,21,21,1.10225102554444
3929,89,41,1.84375,0.84375,1,29,29,1.12225727005319
3930,90,41,1.86458333333333,0.84375,1,20,20,1.14229027410937
3931,91,41,1.88541666666667,0.84375,1,32,32,1.16234878359118
3932,92,41,1.90625,0.84375,1,13,13,1.18243162008606
3933,93,41,1.92708333333333,0.84375,1,9,9,1.20253767537177
3934,94,41,1.94791666666667,0.84375,1,23,23,1.22266590636357
3935,95,41,1.96875,0.84375,1,27,27,1.24281533048319
3936,96,41,1.98958333333333,0.84375,1,14,14,1.26298502141001
3937,1,42,0.0104166666666667,0.864583333333333,1,20,20,0.616198239078458
3938,2,42,0.03125,0.864583333333333,1,20,20,0.598173077638284
3939,3,42,0.0520833333333333,0.864583333333333,1,15,15,0.580303753540007
3940,4,42,0.0729166666666667,0.864583333333333,1,20,20,0.562602505529796
3941,5,42,0.09375,0.864583333333333,1,23,23,0.545082753831765
3942,6,42,0.114583333333333,0.864583333333333,1,20,20,0.52775922524414
3943,7,42,0.135416666666667,0.864583333333333,1,16,16,0.510648090371238
3944,8,42,0.15625,0.864583333333333,1,23,23,0.493767113361774
3945,9,42,0.177083333333333,0.864583333333333,1,12,12,0.477135814162537
3946,10,42,0.197916666666667,0.864583333333333,1,31,31,0.46077564275908
3947,11,42,0.21875,0.864583333333333,1,22,22,0.44471016410584
3948,12,42,0.239583333333333,0.864583333333333,1,12,12,0.428965251379559
3949,13,42,0.260416666666667,0.864583333333333,1,27,27,0.413569283744441
3950,14,42,0.28125,0.864583333333333,1,22,22,0.398553342911262
3951,15,42,0.302083333333333,0.864583333333333,1,16,16,0.383951400324365
3952,16,42,0.322916666666667,0.864583333333333,1,21,21,0.369800483757304
3953,17,42,0.34375,0.864583333333333,1,15,15,0.356140808421673
3954,18,42,0.364583333333333,0.864583333333333,1,14,14,0.343015853460284
3955,19,42,0.385416666666667,0.864583333333333,1,16,16,0.330472360109055
3956,20,42,0.40625,0.864583333333333,1,27,27,0.318560223281187
3957,21,42,0.427083333333333,0.864583333333333,1,33,33,0.307332244538394
3958,22,42,0.447916666666667,0.864583333333333,1,23,23,0.296843712385776
3959,23,42,0.46875,0.864583333333333,1,5,5,0.287151776914266
3960,24,42,0.489583333333333,0.864583333333333,1,21,21,0.278314591609307
3961,25,42,0.510416666666667,0.864583333333333,1,11,11,0.270390207214383
3962,26,42,0.53125,0.864583333333333,1,35,35,0.263435221966429
3963,27,42,0.552083333333333,0.864583333333333,1,14,14,0.257503219265155
3964,28,42,0.572916666666667,0.864583333333333,1,33,33,0.252643056049918
3965,29,42,0.59375,0.864583333333333,1,19,19,0.248897098720557
3966,30,42,0.614583333333333,0.864583333333333,1,12,12,0.246299532107567
3967,31,42,0.635416666666667,0.864583333333333,1,26,26,0.244874883426573
3968,32,42,0.65625,0.864583333333333,1,27,27,0.244636900826623
3969,33,42,0.677083333333333,0.864583333333333,1,20,20,0.245587901726642
3970,34,42,0.697916666666667,0.864583333333333,1,18,18,0.247718661328044
3971,35,42,0.71875,0.864583333333333,1,28,28,0.25100885359307
3972,36,42,0.739583333333333,0.864583333333333,1,32,32,0.255427996499403
3973,37,42,0.760416666666667,0.864583333333333,1,14,14,0.260936802136814
3974,38,42,0.78125,0.864583333333333,1,11,11,0.267488799121271
3975,39,42,0.802083333333333,0.864583333333333,1,19,19,0.275032083788421
3976,40,42,0.822916666666667,0.864583333333333,1,36,36,0.283511066212013
3977,41,42,0.84375,0.864583333333333,1,23,23,0.292868101752175
3978,42,42,0.864583333333333,0.864583333333333,1,22,22,0.303044931288497
3979,43,42,0.885416666666667,0.864583333333333,1,12,12,0.313983886669642
3980,44,42,0.90625,0.864583333333333,1,26,26,0.325628847186136
3981,45,42,0.927083333333333,0.864583333333333,1,9,9,0.337925955319804
3982,46,42,0.947916666666667,0.864583333333333,1,27,27,0.350824114954005
3983,47,42,0.96875,0.864583333333333,1,20,20,0.364275303360025
3984,48,42,0.989583333333333,0.864583333333333,1,25,25,0.378234731047748
3985,49,42,1.01041666666667,0.864583333333333,1,19,19,0.392660882607163
3986,50,42,1.03125,0.864583333333333,1,14,14,0.407515468440921
3987,51,42,1.05208333333333,0.864583333333333,1,24,24,0.42276331295408
3988,52,42,1.07291666666667,0.864583333333333,1,15,15,0.438372200139735
3989,53,42,1.09375,0.864583333333333,1,17,17,0.454312693090136
3990,54,42,1.11458333333333,0.864583333333333,1,26,26,0.470557940049539
3991,55,42,1.13541666666667,0.864583333333333,1,15,15,0.487083476321191
3992,56,42,1.15625,0.864583333333333,1,22,22,0.503867028656303
3993,57,42,1.17708333333333,0.864583333333333,1,17,17,0.520888326639066
3994,58,42,1.19791666666667,0.864583333333333,1,24,24,0.538128923962133
3995,59,42,1.21875,0.864583333333333,1,23,23,0.555572031277527
3996,60,42,1.23958333333333,0.864583333333333,1,18,18,0.573202361427663
3997,61,42,1.26041666666667,0.864583333333333,1,8,8,0.591005987238426
3998,62,42,1.28125,0.864583333333333,1,18,18,0.608970211630382
3999,63,42,1.30208333333333,0.864583333333333,1,28,28,0.627083449525925
4000,64,42,1.32291666666667,0.864583333333333,1,30,30,0.645335120860282
4001,65,42,1.34375,0.864583333333333,1,13,13,0.663715553912543
4002,66,42,1.36458333333333,0.864583333333333,1,19,19,0.682215898136045
4003,67,42,1.38541666666667,0.864583333333333,1,17,17,0.700828045668248
4004,68,42,1.40625,0.864583333333333,1,16,16,0.7195445607259
4005,69,42,1.42708333333333,0.864583333333333,1,23,23,0.738358616132493
4006,70,42,1.44791666666667,0.864583333333333,1,20,20,0.757263936275103
4007,71,42,1.46875,0.864583333333333,1,4,4,0.776254745842076
4008,72,42,1.48958333333333,0.864583333333333,1,32,32,0.795325723748413
4009,73,42,1.51041666666667,0.864583333333333,1,36,36,0.814471961710046
4010,74,42,1.53125,0.864583333333333,1,23,23,0.833688926980095
4011,75,42,1.55208333333333,0.864583333333333,1,16,16,0.852972428808865
4012,76,42,1.57291666666667,0.864583333333333,1,8,8,0.872318588234421
4013,77,42,1.59375,0.864583333333333,1,24,24,0.891723810851778
4014,78,42,1.61458333333333,0.864583333333333,1,18,18,0.911184762246266
4015,79,42,1.63541666666667,0.864583333333333,1,16,16,0.930698345810484
4016,80,42,1.65625,0.864583333333333,1,22,22,0.950261682694678
4017,81,42,1.67708333333333,0.864583333333333,1,24,24,0.969872093667672
4018,82,42,1.69791666666667,0.864583333333333,1,24,24,0.989527082689838
4019,83,42,1.71875,0.864583333333333,1,27,27,1.00922432202129
4020,84,42,1.73958333333333,0.864583333333333,1,23,23,1.02896163870785
4021,85,42,1.76041666666667,0.864583333333333,1,28,28,1.04873700230443
4022,86,42,1.78125,0.864583333333333,1,4,4,1.06854851371092
4023,87,42,1.80208333333333,0.864583333333333,1,9,9,1.08839439500888
4024,88,42,1.82291666666667,0.864583333333333,1,36,36,1.1082729801998
4025,89,42,1.84375,0.864583333333333,1,15,15,1.12818270675588
4026,90,42,1.86458333333333,0.864583333333333,1,26,26,1.14812210790426
4027,91,42,1.88541666666667,0.864583333333333,1,23,23,1.16808980557344
4028,92,42,1.90625,0.864583333333333,1,28,28,1.18808450393866
4029,93,42,1.92708333333333,0.864583333333333,1,26,26,1.20810498350929
4030,94,42,1.94791666666667,0.864583333333333,1,12,12,1.22815009570728
4031,95,42,1.96875,0.864583333333333,1,8,8,1.24821875789087
4032,96,42,1.98958333333333,0.864583333333333,1,12,12,1.26830994878265
4033,1,43,0.0104166666666667,0.885416666666667,1,24,24,0.626734790419077
4034,2,43,0.03125,0.885416666666667,1,22,22,0.608970211630382
4035,3,43,0.0520833333333333,0.885416666666667,1,17,17,0.59137215803138
4036,4,43,0.0729166666666667,0.885416666666667,1,30,30,0.573953298540727
4037,5,43,0.09375,0.885416666666667,1,30,30,0.556727470585053
4038,6,43,0.114583333333333,0.885416666666667,1,10,10,0.539709795204595
4039,7,43,0.135416666666667,0.885416666666667,1,18,18,0.522916801685015
4040,8,43,0.15625,0.885416666666667,1,17,17,0.506366561563151
4041,9,43,0.177083333333333,0.885416666666667,1,18,18,0.490078831427182
4042,10,43,0.197916666666667,0.885416666666667,1,8,8,0.474075203338956
4043,11,43,0.21875,0.885416666666667,1,11,11,0.458379260904508
4044,12,43,0.239583333333333,0.885416666666667,1,24,24,0.443016737959203
4045,13,43,0.260416666666667,0.885416666666667,1,17,17,0.428015675465178
4046,14,43,0.28125,0.885416666666667,1,16,16,0.413406570492382
4047,15,43,0.302083333333333,0.885416666666667,1,21,21,0.399222509035278
4048,16,43,0.322916666666667,0.885416666666667,1,14,14,0.385499271897486
4049,17,43,0.34375,0.885416666666667,1,10,10,0.372275399999273
4050,18,43,0.364583333333333,0.885416666666667,1,25,25,0.359592202350659
4051,19,43,0.385416666666667,0.885416666666667,1,16,16,0.34749368682606
4052,20,43,0.40625,0.885416666666667,1,19,19,0.336026391170998
4053,21,43,0.427083333333333,0.885416666666667,1,22,22,0.325239089953052
4054,22,43,0.447916666666667,0.885416666666667,1,26,26,0.315182353221676
4055,23,43,0.46875,0.885416666666667,1,31,31,0.305907935409103
4056,24,43,0.489583333333333,0.885416666666667,1,26,26,0.297467979477335
4057,25,43,0.510416666666667,0.885416666666667,1,22,22,0.289914032315178
4058,26,43,0.53125,0.885416666666667,1,18,18,0.283295883247578
4059,27,43,0.552083333333333,0.885416666666667,1,15,15,0.277660257701918
4060,28,43,0.572916666666667,0.885416666666667,1,21,21,0.273049420839444
4061,29,43,0.59375,0.885416666666667,1,18,18,0.269499768221297
4062,30,43,0.614583333333333,0.885416666666667,1,14,14,0.267040498168114
4063,31,43,0.635416666666667,0.885416666666667,1,23,23,0.26569246888623
4064,32,43,0.65625,0.885416666666667,1,12,12,0.26546733901129
4065,33,43,0.677083333333333,0.885416666666667,1,21,21,0.266367071434522
4066,34,43,0.697916666666667,0.885416666666667,1,21,21,0.268383848645755
4067,35,43,0.71875,0.885416666666667,1,31,31,0.271500407974812
4068,36,43,0.739583333333333,0.885416666666667,1,22,22,0.275690763798646
4069,37,43,0.760416666666667,0.885416666666667,1,26,26,0.280921248155074
4070,38,43,0.78125,0.885416666666667,1,25,25,0.287151776914266
4071,39,43,0.802083333333333,0.885416666666667,1,20,20,0.294337238517397
4072,40,43,0.822916666666667,0.885416666666667,1,21,21,0.302428905918565
4073,41,43,0.84375,0.885416666666667,1,21,21,0.311375786808259
4074,42,43,0.864583333333333,0.885416666666667,1,21,21,0.321125848130541
4075,43,43,0.885416666666667,0.885416666666667,1,31,31,0.331627073910421
4076,44,43,0.90625,0.885416666666667,1,16,16,0.342828336907373
4077,45,43,0.927083333333333,0.885416666666667,1,21,21,0.354680082324459
4078,46,43,0.947916666666667,0.885416666666667,1,10,10,0.367134834745189
4079,47,43,0.96875,0.885416666666667,1,16,16,0.380147547674128
4080,48,43,0.989583333333333,0.885416666666667,1,23,23,0.393675819191659
4081,49,43,1.01041666666667,0.885416666666667,1,19,19,0.407679998252308
4082,50,43,1.03125,0.885416666666667,1,16,16,0.422123205041478
4083,51,43,1.05208333333333,0.885416666666667,1,17,17,0.436971286413302
4084,52,43,1.07291666666667,0.885416666666667,1,33,33,0.452192724428482
4085,53,43,1.09375,0.885416666666667,1,31,31,0.467758512864292
4086,54,43,1.11458333333333,0.885416666666667,1,27,27,0.483642013577216
4087,55,43,1.13541666666667,0.885416666666667,1,16,16,0.499818801927
4088,56,43,1.15625,0.885416666666667,1,6,6,0.516266508190117
4089,57,43,1.17708333333333,0.885416666666667,1,4,4,0.532964660010189
4090,58,43,1.19791666666667,0.885416666666667,1,18,18,0.549894529426503
4091,59,43,1.21875,0.885416666666667,1,25,25,0.567038986844593
4092,60,43,1.23958333333333,0.885416666666667,1,24,24,0.584382363414139
4093,61,43,1.26041666666667,0.885416666666667,1,29,29,0.601910322608625
4094,62,43,1.28125,0.885416666666667,1,23,23,0.619609741312568
4095,63,43,1.30208333333333,0.885416666666667,1,14,14,0.637468600375986
4096,64,43,1.32291666666667,0.885416666666667,1,5,5,0.655475884358902
4097,65,43,1.34375,0.885416666666667,1,29,29,0.673621490034415
4098,66,43,1.36458333333333,0.885416666666667,1,15,15,0.691896143125598
4099,67,43,1.38541666666667,0.885416666666667,1,10,10,0.710291322702794
4100,68,43,1.40625,0.885416666666667,1,31,31,0.728799192650679
4101,69,43,1.42708333333333,0.885416666666667,1,24,24,0.747412539619349
4102,70,43,1.44791666666667,0.885416666666667,1,26,26,0.766124716893107
4103,71,43,1.46875,0.885416666666667,1,19,19,0.784929593639441
4104,72,43,1.48958333333333,0.885416666666667,1,9,9,0.803821509034919
4105,73,43,1.51041666666667,0.885416666666667,1,27,27,0.822795230801589
4106,74,43,1.53125,0.885416666666667,1,11,11,0.841845917725102
4107,75,43,1.55208333333333,0.885416666666667,1,21,21,0.860969085762758
4108,76,43,1.57291666666667,0.885416666666667,1,12,12,0.880160577385229
4109,77,43,1.59375,0.885416666666667,1,23,23,0.899416533829251
4110,78,43,1.61458333333333,0.885416666666667,1,30,30,0.918733369969834
4111,79,43,1.63541666666667,0.885416666666667,1,24,24,0.938107751549382
4112,80,43,1.65625,0.885416666666667,1,4,4,0.957536574527493
4113,81,43,1.67708333333333,0.885416666666667,1,26,26,0.977016946339278
4114,82,43,1.69791666666667,0.885416666666667,1,10,10,0.996546168871768
4115,83,43,1.71875,0.885416666666667,1,18,18,1.01612172298766
4116,84,43,1.73958333333333,0.885416666666667,1,29,29,1.03574125444332
4117,85,43,1.76041666666667,0.885416666666667,1,17,17,1.05540256106389
4118,86,43,1.78125,0.885416666666667,1,23,23,1.07510358105247
4119,87,43,1.80208333333333,0.885416666666667,1,15,15,1.09484238232327
4120,88,43,1.82291666666667,0.885416666666667,1,31,31,1.11461715275987
4121,89,43,1.84375,0.885416666666667,1,33,33,1.13442619130997
4122,90,43,1.86458333333333,0.885416666666667,1,18,18,1.15426789983722
4123,91,43,1.88541666666667,0.885416666666667,1,18,18,1.17414077565859
4124,92,43,1.90625,0.885416666666667,1,19,19,1.19404340470338
4125,93,43,1.92708333333333,0.885416666666667,1,28,28,1.21397445523601
4126,94,43,1.94791666666667,0.885416666666667,1,29,29,1.23393267209103
4127,95,43,1.96875,0.885416666666667,1,25,25,1.25391687137339
4128,96,43,1.98958333333333,0.885416666666667,1,24,24,1.27392593558226
4129,1,44,0.0104166666666667,0.90625,1,16,16,0.637697764796609
4130,2,44,0.03125,0.90625,1,22,22,0.620196342195772
4131,3,44,0.0520833333333333,0.90625,1,17,17,0.602871636445765
4132,4,44,0.0729166666666667,0.90625,1,28,28,0.585736662014318
4133,5,44,0.09375,0.90625,1,24,24,0.568805578519803
4134,6,44,0.114583333333333,0.90625,1,33,33,0.552093795124196
4135,7,44,0.135416666666667,0.90625,1,19,19,0.535618081999303
4136,8,44,0.15625,0.90625,1,15,15,0.519396688292956
4137,9,44,0.177083333333333,0.90625,1,12,12,0.503449465563257
4138,10,44,0.197916666666667,0.90625,1,20,20,0.487797995042578
4139,11,44,0.21875,0.90625,1,21,21,0.472465716307703
4140,12,44,0.239583333333333,0.90625,1,27,27,0.457478053936059
4141,13,44,0.260416666666667,0.90625,1,18,18,0.44286253749127
4142,14,44,0.28125,0.90625,1,24,24,0.428648908683869
4143,15,44,0.302083333333333,0.90625,1,16,16,0.414869207792377
4144,16,44,0.322916666666667,0.90625,1,24,24,0.401557829434517
4145,17,44,0.34375,0.90625,1,21,21,0.388751535624218
4146,18,44,0.364583333333333,0.90625,1,16,16,0.376489411882178
4147,19,44,0.385416666666667,0.90625,1,30,30,0.364812750221957
4148,20,44,0.40625,0.90625,1,21,21,0.353764841456181
4149,21,44,0.427083333333333,0.90625,1,18,18,0.34339065892374
4150,22,44,0.447916666666667,0.90625,1,28,28,0.333736416999023
4151,23,44,0.46875,0.90625,1,19,19,0.324848991231856
4152,24,44,0.489583333333333,0.90625,1,21,21,0.316775193256719
4153,25,44,0.510416666666667,0.90625,1,19,19,0.309560903067824
4154,26,44,0.53125,0.90625,1,17,17,0.303250073833425
4155,27,44,0.552083333333333,0.90625,1,21,21,0.297883639439391
4156,28,44,0.572916666666667,0.90625,1,17,17,0.293498370949364
4157,29,44,0.59375,0.90625,1,20,20,0.290125742913073
4158,30,44,0.614583333333333,0.90625,1,28,28,0.28779088118517
4159,31,44,0.635416666666667,0.90625,1,23,23,0.286511667865894
4160,32,44,0.65625,0.90625,1,14,14,0.286298074078625
4161,33,44,0.677083333333333,0.90625,1,22,22,0.287151776914266
4162,34,44,0.697916666666667,0.90625,1,13,13,0.289066094224936
4163,35,44,0.71875,0.90625,1,23,23,0.292026243096238
4164,36,44,0.739583333333333,0.90625,1,17,17,0.296009899054231
4165,37,44,0.760416666666667,0.90625,1,29,29,0.30098800787882
4166,38,44,0.78125,0.90625,1,13,13,0.306925783948452
4167,39,44,0.802083333333333,0.90625,1,15,15,0.313783820327335
4168,40,44,0.822916666666667,0.90625,1,7,7,0.321519236399855
4169,41,44,0.84375,0.90625,1,25,25,0.330086797184721
4170,42,44,0.864583333333333,0.90625,1,17,17,0.339439951946328
4171,43,44,0.885416666666667,0.90625,1,14,14,0.34953175552293
4172,44,44,0.90625,0.90625,1,23,23,0.360315651421021
4173,45,44,0.927083333333333,0.90625,1,26,26,0.371746109401092
4174,46,44,0.947916666666667,0.90625,1,34,34,0.383779121022078
4175,47,44,0.96875,0.90625,1,15,15,0.396372564143371
4176,48,44,0.989583333333333,0.90625,1,26,26,0.409486451930338
4177,49,44,1.01041666666667,0.90625,1,22,22,0.423083083985416
4178,50,44,1.03125,0.90625,1,20,20,0.437127117451664
4179,51,44,1.05208333333333,0.90625,1,30,30,0.451585574909343
4180,52,44,1.07291666666667,0.90625,1,9,9,0.466427804119522
4181,53,44,1.09375,0.90625,1,12,12,0.481625402555444
4182,54,44,1.11458333333333,0.90625,1,21,21,0.497152117480862
4183,55,44,1.13541666666667,0.90625,1,21,21,0.512983730263091
4184,56,44,1.15625,0.90625,1,23,23,0.529097931748361
4185,57,44,1.17708333333333,0.90625,1,24,24,0.545474193923234
4186,58,44,1.19791666666667,0.90625,1,15,15,0.562093641746579
4187,59,44,1.21875,0.90625,1,19,19,0.578938927947213
4188,60,44,1.23958333333333,0.90625,1,17,17,0.59599411271633
4189,61,44,1.26041666666667,0.90625,1,28,28,0.613244549549769
4190,62,44,1.28125,0.90625,1,28,28,0.630676777981043
4191,63,44,1.30208333333333,0.90625,1,9,9,0.64827842356213
4192,64,44,1.32291666666667,0.90625,1,21,21,0.666038105169067
4193,65,44,1.34375,0.90625,1,25,25,0.683945349510774
4194,66,44,1.36458333333333,0.90625,1,24,24,0.7019905125838
4195,67,44,1.38541666666667,0.90625,1,18,18,0.720164707727664
4196,68,44,1.40625,0.90625,1,22,22,0.738459739883007
4197,69,44,1.42708333333333,0.90625,1,25,25,0.756868045628557
4198,70,44,1.44791666666667,0.90625,1,12,12,0.775382638565459
4199,71,44,1.46875,0.90625,1,32,32,0.793997059623279
4200,72,44,1.48958333333333,0.90625,1,10,10,0.812705331876639
4201,73,44,1.51041666666667,0.90625,1,23,23,0.83150191948192
4202,74,44,1.53125,0.90625,1,35,35,0.850381690367249
4203,75,44,1.55208333333333,0.90625,1,23,23,0.869339882334568
4204,76,44,1.57291666666667,0.90625,1,22,22,0.888372072258604
4205,77,44,1.59375,0.90625,1,12,12,0.907474148093274
4206,78,44,1.61458333333333,0.90625,1,26,26,0.926642283420866
4207,79,44,1.63541666666667,0.90625,1,28,28,0.945872914302847
4208,80,44,1.65625,0.90625,1,15,15,0.965162718213264
4209,81,44,1.67708333333333,0.90625,1,27,27,0.984508594856152
4210,82,44,1.69791666666667,0.90625,1,17,17,1.00390764868728
4211,83,44,1.71875,0.90625,1,23,23,1.02335717297789
4212,84,44,1.73958333333333,0.90625,1,19,19,1.04285463527381
4213,85,44,1.76041666666667,0.90625,1,25,25,1.06239766411775
4214,86,44,1.78125,0.90625,1,25,25,1.08198403691563
4215,87,44,1.80208333333333,0.90625,1,24,24,1.10161166883934
4216,88,44,1.82291666666667,0.90625,1,18,18,1.12127860266922
4217,89,44,1.84375,0.90625,1,29,29,1.14098299948889
4218,90,44,1.86458333333333,0.90625,1,22,22,1.16072313015386
4219,91,44,1.88541666666667,0.90625,1,22,22,1.18049736746284
4220,92,44,1.90625,0.90625,1,28,28,1.20030417896786
4221,93,44,1.92708333333333,0.90625,1,18,18,1.22014212036551
4222,94,44,1.94791666666667,0.90625,1,27,27,1.24000982941709
4223,95,44,1.96875,0.90625,1,22,22,1.25990602035066
4224,96,44,1.98958333333333,0.90625,1,22,22,1.27982947870248
4225,1,45,0.0104166666666667,0.927083333333333,1,32,32,0.649068926617692
4226,2,45,0.03125,0.927083333333333,1,15,15,0.631832252640914
4227,3,45,0.0520833333333333,0.927083333333333,1,17,17,0.614781949893224
4228,4,45,0.0729166666666667,0.927083333333333,1,10,10,0.597931297007048
4229,5,45,0.09375,0.927083333333333,1,25,25,0.581294685642998
4230,6,45,0.114583333333333,0.927083333333333,1,18,18,0.564887713830198
4231,7,45,0.135416666666667,0.927083333333333,1,4,4,0.548727284141716
4232,8,45,0.15625,0.927083333333333,1,25,25,0.532831705810243
4233,9,45,0.177083333333333,0.927083333333333,1,18,18,0.517220799426872
4234,10,45,0.197916666666667,0.927083333333333,1,19,19,0.501916002277549
4235,11,45,0.21875,0.927083333333333,1,30,30,0.486940471637138
4236,12,45,0.239583333333333,0.927083333333333,1,22,22,0.472319182442109
4237,13,45,0.260416666666667,0.927083333333333,1,16,16,0.458079014687631
4238,14,45,0.28125,0.927083333333333,1,16,16,0.444248824643092
4239,15,45,0.302083333333333,0.927083333333333,1,9,9,0.430859492570978
4240,16,45,0.322916666666667,0.927083333333333,1,12,12,0.417943938115818
4241,17,45,0.34375,0.927083333333333,1,26,26,0.405537092992598
4242,18,45,0.364583333333333,0.927083333333333,1,23,23,0.393675819191659
4243,19,45,0.385416666666667,0.927083333333333,1,24,24,0.382398759840118
4244,20,45,0.40625,0.927083333333333,1,21,21,0.371746109401092
4245,21,45,0.427083333333333,0.927083333333333,1,31,31,0.36175929040226
4246,22,45,0.447916666666667,0.927083333333333,1,13,13,0.352480525759763
4247,23,45,0.46875,0.927083333333333,1,19,19,0.343952299391986
4248,24,45,0.489583333333333,0.927083333333333,1,24,24,0.336216703503451
4249,25,45,0.510416666666667,0.927083333333333,1,4,4,0.32931467876707
4250,26,45,0.53125,0.927083333333333,1,25,25,0.323285163423175
4251,27,45,0.552083333333333,0.927083333333333,1,25,25,0.318164178387762
4252,28,45,0.572916666666667,0.927083333333333,1,27,27,0.313983886669642
4253,29,45,0.59375,0.927083333333333,1,12,12,0.310771675149505
4254,30,45,0.614583333333333,0.927083333333333,1,7,7,0.308549313252149
4255,31,45,0.635416666666667,0.927083333333333,1,23,23,0.307332244538394
4256,32,45,0.65625,0.927083333333333,1,26,26,0.307129062592457
4257,33,45,0.677083333333333,0.927083333333333,1,18,18,0.307941211564808
4258,34,45,0.697916666666667,0.927083333333333,1,26,26,0.309762935297538
4259,35,45,0.71875,0.927083333333333,1,15,15,0.31258147915868
4260,36,45,0.739583333333333,0.927083333333333,1,18,18,0.316377528319484
4261,37,45,0.760416666666667,0.927083333333333,1,26,26,0.321125848130541
4262,38,45,0.78125,0.927083333333333,1,23,23,0.326796078889588
4263,39,45,0.802083333333333,0.927083333333333,1,17,17,0.333353630060341
4264,40,45,0.822916666666667,0.927083333333333,1,21,21,0.340760618132911
4265,41,45,0.84375,0.927083333333333,1,29,29,0.348976796985854
4266,42,45,0.864583333333333,0.927083333333333,1,24,24,0.357960438274504
4267,43,45,0.885416666666667,0.927083333333333,1,31,31,0.367669130205671
4268,44,45,0.90625,0.927083333333333,1,21,21,0.378060474351369
4269,45,45,0.927083333333333,0.927083333333333,1,20,20,0.389092670564232
4270,46,45,0.947916666666667,0.927083333333333,1,18,18,0.400724988730989
4271,47,45,0.96875,0.927083333333333,1,30,30,0.412918132653704
4272,48,45,0.989583333333333,0.927083333333333,1,23,23,0.425634505771848
4273,49,45,1.01041666666667,0.927083333333333,1,26,26,0.438838390970254
4274,50,45,1.03125,0.927083333333333,1,15,15,0.452496057725388
4275,51,45,1.05208333333333,0.927083333333333,1,28,28,0.466575809725866
4276,52,45,1.07291666666667,0.927083333333333,1,15,15,0.481047985235418
4277,53,45,1.09375,0.927083333333333,1,13,13,0.495884921159068
4278,54,45,1.11458333333333,0.927083333333333,1,16,16,0.511060890265133
4279,55,45,1.13541666666667,0.927083333333333,1,11,11,0.526552019476305
4280,56,45,1.15625,0.927083333333333,1,18,18,0.542336195682458
4281,57,45,1.17708333333333,0.927083333333333,1,30,30,0.558392964209453
4282,58,45,1.19791666666667,0.927083333333333,1,25,25,0.574703423931552
4283,59,45,1.21875,0.927083333333333,1,24,24,0.591250122046465
4284,60,45,1.23958333333333,0.927083333333333,1,24,24,0.608016950733673
4285,61,45,1.26041666666667,0.927083333333333,1,14,14,0.62498904727221
4286,62,45,1.28125,0.927083333333333,1,24,24,0.642152698683873
4287,63,45,1.30208333333333,0.927083333333333,1,23,23,0.659495251571311
4288,64,45,1.32291666666667,0.927083333333333,1,26,26,0.67700502751795
4289,65,45,1.34375,0.927083333333333,1,29,29,0.694671244190631
4290,66,45,1.36458333333333,0.927083333333333,1,21,21,0.712483942120741
4291,67,45,1.38541666666667,0.927083333333333,1,18,18,0.730433917022494
4292,68,45,1.40625,0.927083333333333,1,29,29,0.748512657427116
4293,69,45,1.42708333333333,0.927083333333333,1,22,22,0.766712287360199
4294,70,45,1.44791666666667,0.927083333333333,1,17,17,0.785025513759449
4295,71,45,1.46875,0.927083333333333,1,16,16,0.803445578315859
4296,72,45,1.48958333333333,0.927083333333333,1,9,9,0.821966213418625
4297,73,45,1.51041666666667,0.927083333333333,1,23,23,0.840581601889651
4298,74,45,1.53125,0.927083333333333,1,22,22,0.859286340204494
4299,75,45,1.55208333333333,0.927083333333333,1,22,22,0.878075404911317
4300,76,45,1.57291666666667,0.927083333333333,1,19,19,0.896944121976336
4301,77,45,1.59375,0.927083333333333,1,27,27,0.915888138802212
4302,78,45,1.61458333333333,0.927083333333333,1,24,24,0.934903398684238
4303,79,45,1.63541666666667,0.927083333333333,1,21,21,0.953986117487352
4304,80,45,1.65625,0.927083333333333,1,12,12,0.973132762344589
4305,81,45,1.67708333333333,0.927083333333333,1,19,19,0.992340032194392
4306,82,45,1.69791666666667,0.927083333333333,1,22,22,1.01160483999004
4307,83,45,1.71875,0.927083333333333,1,17,17,1.03092429642923
4308,84,45,1.73958333333333,0.927083333333333,1,20,20,1.05029569506552
4309,85,45,1.76041666666667,0.927083333333333,1,12,12,1.06971649867614
4310,86,45,1.78125,0.927083333333333,1,8,8,1.08918432677202
4311,87,45,1.80208333333333,0.927083333333333,1,15,15,1.10869694414675
4312,88,45,1.82291666666667,0.927083333333333,1,24,24,1.12825225037072
4313,89,45,1.84375,0.927083333333333,1,22,22,1.14784827014557
4314,90,45,1.86458333333333,0.927083333333333,1,21,21,1.16748314444199
4315,91,45,1.88541666666667,0.927083333333333,1,22,22,1.18715512235116
4316,92,45,1.90625,0.927083333333333,1,15,15,1.20686255358689
4317,93,45,1.92708333333333,0.927083333333333,1,20,20,1.22660388158095
4318,94,45,1.94791666666667,0.927083333333333,1,15,15,1.24637763712022
4319,95,45,1.96875,0.927083333333333,1,21,21,1.26618243247818
4320,96,45,1.98958333333333,0.927083333333333,1,15,15,1.2860169559986
4321,1,46,0.0104166666666667,0.947916666666667,1,31,31,0.660830442897532
4322,2,46,0.03125,0.947916666666667,1,18,18,0.643859216595426
4323,3,46,0.0520833333333333,0.947916666666667,1,18,18,0.627083449525925
4324,4,46,0.0729166666666667,0.947916666666667,1,15,15,0.610516607538041
4325,5,46,0.09375,0.947916666666667,1,14,14,0.594173230230438
4326,6,46,0.114583333333333,0.947916666666667,1,14,14,0.578069013223064
4327,7,46,0.135416666666667,0.947916666666667,1,24,24,0.56222089327594
4328,8,46,0.15625,0.947916666666667,1,25,25,0.546647135130556
4329,9,46,0.177083333333333,0.947916666666667,1,22,22,0.531367418504249
4330,10,46,0.197916666666667,0.947916666666667,1,17,17,0.516402923119902
4331,11,46,0.21875,0.947916666666667,1,14,14,0.501776408991028
4332,12,46,0.239583333333333,0.947916666666667,1,24,24,0.487512288398807
4333,13,46,0.260416666666667,0.947916666666667,1,24,24,0.473636685093575
4334,14,46,0.28125,0.947916666666667,1,22,22,0.460177475241652
4335,15,46,0.302083333333333,0.947916666666667,1,16,16,0.447164303550763
4336,16,46,0.322916666666667,0.947916666666667,1,14,14,0.434628566900608
4337,17,46,0.34375,0.947916666666667,1,17,17,0.422603356769729
4338,18,46,0.364583333333333,0.947916666666667,1,18,18,0.41112335091661
4339,19,46,0.385416666666667,0.947916666666667,1,24,24,0.400224644317775
4340,20,46,0.40625,0.947916666666667,1,28,28,0.389944509508415
4341,21,46,0.427083333333333,0.947916666666667,1,25,25,0.380321077464817
4342,22,46,0.447916666666667,0.947916666666667,1,10,10,0.37139293227405
4343,23,46,0.46875,0.947916666666667,1,25,25,0.363198616282971
4344,24,46,0.489583333333333,0.947916666666667,1,17,17,0.355776047339735
4345,25,46,0.510416666666667,0.947916666666667,1,20,20,0.349161856103224
4346,26,46,0.53125,0.947916666666667,1,20,20,0.34339065892374
4347,27,46,0.552083333333333,0.947916666666667,1,15,15,0.338494289919612
4348,28,46,0.572916666666667,0.947916666666667,1,27,27,0.33450102371233
4349,29,46,0.59375,0.947916666666667,1,15,15,0.331434826722283
4350,30,46,0.614583333333333,0.947916666666667,1,35,35,0.32931467876707
4351,31,46,0.635416666666667,0.947916666666667,1,24,24,0.328154006887017
4352,32,46,0.65625,0.947916666666667,1,36,36,0.327960269195581
4353,33,46,0.677083333333333,0.947916666666667,1,17,17,0.328734718093243
4354,34,46,0.697916666666667,0.947916666666667,1,33,33,0.330472360109055
4355,35,46,0.71875,0.947916666666667,1,26,26,0.333162115338184
4356,36,46,0.739583333333333,0.947916666666667,1,28,28,0.336787164759354
4357,37,46,0.760416666666667,0.947916666666667,1,15,15,0.341325460554212
4358,38,46,0.78125,0.947916666666667,1,21,21,0.346750364518098
4359,39,46,0.802083333333333,0.947916666666667,1,19,19,0.353031373753957
4360,40,46,0.822916666666667,0.947916666666667,1,21,21,0.360134891347097
4361,41,46,0.84375,0.947916666666667,1,18,18,0.368025002205602
4362,42,46,0.864583333333333,0.947916666666667,1,17,17,0.37666421979263
4363,43,46,0.885416666666667,0.947916666666667,1,16,16,0.386014176898456
4364,44,46,0.90625,0.947916666666667,1,23,23,0.396036241728987
4365,45,46,0.927083333333333,0.947916666666667,1,20,20,0.406692048439018
4366,46,46,0.947916666666667,0.947916666666667,1,23,23,0.417943938115818
4367,47,46,0.96875,0.947916666666667,1,22,22,0.429755311732208
4368,48,46,0.989583333333333,0.947916666666667,1,22,22,0.442090900616222
4369,49,46,1.01041666666667,0.947916666666667,1,18,18,0.4549169626032
4370,50,46,1.03125,0.947916666666667,1,21,21,0.46820141344422
4371,51,46,1.05208333333333,0.947916666666667,1,27,27,0.481913903496357
4372,52,46,1.07291666666667,0.947916666666667,1,22,22,0.496025849475671
4373,53,46,1.09375,0.947916666666667,1,15,15,0.510510430348125
4374,54,46,1.11458333333333,0.947916666666667,1,21,21,0.525342555460965
4375,55,46,1.13541666666667,0.947916666666667,1,36,36,0.540498811925923
4376,56,46,1.15625,0.947916666666667,1,25,25,0.555957397161816
4377,57,46,1.17708333333333,0.947916666666667,1,22,22,0.571698041457076
4378,58,46,1.19791666666667,0.947916666666667,1,25,25,0.58770192446318
4379,59,46,1.21875,0.947916666666667,1,20,20,0.603951588697599
4380,60,46,1.23958333333333,0.947916666666667,1,20,20,0.620430852424601
4381,61,46,1.26041666666667,0.947916666666667,1,17,17,0.637124723689712
4382,62,46,1.28125,0.947916666666667,1,14,14,0.654019316798862
4383,63,46,1.30208333333333,0.947916666666667,1,11,11,0.671101772143691
4384,64,46,1.32291666666667,0.947916666666667,1,23,23,0.688360179966551
4385,65,46,1.34375,0.947916666666667,1,21,21,0.705783508419596
4386,66,46,1.36458333333333,0.947916666666667,1,31,31,0.723361536089686
4387,67,46,1.38541666666667,0.947916666666667,1,17,17,0.741084789024222
4388,68,46,1.40625,0.947916666666667,1,33,33,0.758944482193146
4389,69,46,1.42708333333333,0.947916666666667,1,14,14,0.77693246525155
4390,70,46,1.44791666666667,0.947916666666667,1,28,28,0.795041172419155
4391,71,46,1.46875,0.947916666666667,1,23,23,0.813263576262236
4392,72,46,1.48958333333333,0.947916666666667,1,27,27,0.831593145146017
4393,73,46,1.51041666666667,0.947916666666667,1,17,17,0.850023804118
4394,74,46,1.53125,0.947916666666667,1,23,23,0.86854989898223
4395,75,46,1.55208333333333,0.947916666666667,1,15,15,0.887166163329346
4396,76,46,1.57291666666667,0.947916666666667,1,13,13,0.905867688295566
4397,77,46,1.59375,0.947916666666667,1,15,15,0.924649894834522
4398,78,46,1.61458333333333,0.947916666666667,1,7,7,0.943508508297993
4399,79,46,1.63541666666667,0.947916666666667,1,20,20,0.962439535134514
4400,80,46,1.65625,0.947916666666667,1,22,22,0.981439241528001
4401,81,46,1.67708333333333,0.947916666666667,1,28,28,1.0005041338116
4402,82,46,1.69791666666667,0.947916666666667,1,20,20,1.01963094050467
4403,83,46,1.71875,0.947916666666667,1,18,18,1.03881659583291
4404,84,46,1.73958333333333,0.947916666666667,1,21,21,1.05805822460333
4405,85,46,1.76041666666667,0.947916666666667,1,18,18,1.07735312831632
4406,86,46,1.78125,0.947916666666667,1,21,21,1.09669877240744
4407,87,46,1.80208333333333,0.947916666666667,1,22,22,1.11609277452068
4408,88,46,1.82291666666667,0.947916666666667,1,21,21,1.13553289372371
4409,89,46,1.84375,0.947916666666667,1,17,17,1.15501702058356
4410,90,46,1.86458333333333,0.947916666666667,1,15,15,1.17454316802835
4411,91,46,1.88541666666667,0.947916666666667,1,22,22,1.19410946292748
4412,92,46,1.90625,0.947916666666667,1,15,15,1.21371413832867
4413,93,46,1.92708333333333,0.947916666666667,1,18,18,1.23335552629586
4414,94,46,1.94791666666667,0.947916666666667,1,18,18,1.25303205129701
4415,95,46,1.96875,0.947916666666667,1,28,28,1.27274222409525
4416,96,46,1.98958333333333,0.947916666666667,1,24,24,1.2924846361013
4417,1,47,0.0104166666666667,0.96875,1,18,18,0.672964944230057
4418,2,47,0.03125,0.96875,1,23,23,0.656259057918167
4419,3,47,0.0520833333333333,0.96875,1,25,25,0.639757134074947
4420,4,47,0.0729166666666667,0.96875,1,22,22,0.623472754114844
4421,5,47,0.09375,0.96875,1,12,12,0.607420528305326
4422,6,47,0.114583333333333,0.96875,1,17,17,0.591616167216881
4423,7,47,0.135416666666667,0.96875,1,21,21,0.576076554298767
4424,8,47,0.15625,0.96875,1,22,22,0.560819818307311
4425,9,47,0.177083333333333,0.96875,1,12,12,0.545865403900151
4426,10,47,0.197916666666667,0.96875,1,17,17,0.531234138215878
4427,11,47,0.21875,0.96875,1,18,18,0.516948290679864
4428,12,47,0.239583333333333,0.96875,1,12,12,0.503031622614597
4429,13,47,0.260416666666667,0.96875,1,19,19,0.489509422495757
4430,14,47,0.28125,0.96875,1,18,18,0.47640852190424
4431,15,47,0.302083333333333,0.96875,1,23,23,0.463757286416576
4432,16,47,0.322916666666667,0.96875,1,20,20,0.451585574909343
4433,17,47,0.34375,0.96875,1,15,15,0.439924660110626
4434,18,47,0.364583333333333,0.96875,1,30,30,0.428807102824946
4435,19,47,0.385416666666667,0.96875,1,15,15,0.418266572227719
4436,20,47,0.40625,0.96875,1,25,25,0.408337605135201
4437,21,47,0.427083333333333,0.96875,1,18,18,0.399055298381375
4438,22,47,0.447916666666667,0.96875,1,31,31,0.390454930538545
4439,23,47,0.46875,0.96875,1,23,23,0.382571512324366
4440,24,47,0.489583333333333,0.96875,1,20,20,0.375439269178821
4441,25,47,0.510416666666667,0.96875,1,15,15,0.369091064572278
4442,26,47,0.53125,0.96875,1,20,20,0.363557778347117
4443,27,47,0.552083333333333,0.96875,1,19,19,0.358867660331235
4444,28,47,0.572916666666667,0.96875,1,16,16,0.355045684937541
4445,29,47,0.59375,0.96875,1,24,24,0.352112936700531
4446,30,47,0.614583333333333,0.96875,1,11,11,0.350086058906003
4447,31,47,0.635416666666667,0.96875,1,26,26,0.348976796985854
4448,32,47,0.65625,0.96875,1,36,36,0.348791664814979
4449,33,47,0.677083333333333,0.96875,1,24,24,0.34953175552293
4450,34,47,0.697916666666667,0.96875,1,26,26,0.351192709455955
4451,35,47,0.71875,0.96875,1,27,27,0.353764841456181
4452,36,47,0.739583333333333,0.96875,1,17,17,0.357233418895944
4453,37,47,0.760416666666667,0.96875,1,35,35,0.361579072196641
4454,38,47,0.78125,0.96875,1,21,21,0.366778311965519
4455,39,47,0.802083333333333,0.96875,1,23,23,0.372804122119304
4456,40,47,0.822916666666667,0.96875,1,16,16,0.379626596681073
4457,41,47,0.84375,0.96875,1,21,21,0.387213589131837
4458,42,47,0.864583333333333,0.96875,1,25,25,0.395531346713703
4459,43,47,0.885416666666667,0.96875,1,25,25,0.404545107158998
4460,44,47,0.90625,0.96875,1,29,29,0.414219641158952
4461,45,47,0.927083333333333,0.96875,1,27,27,0.424519729772128
4462,46,47,0.947916666666667,0.96875,1,13,13,0.435410571359402
4463,47,47,0.96875,0.96875,1,11,11,0.446858117168662
4464,48,47,0.989583333333333,0.96875,1,19,19,0.45882933821445
4465,49,47,1.01041666666667,0.96875,1,26,26,0.471292428592749
4466,50,47,1.03125,0.96875,1,20,20,0.484216951930348
4467,51,47,1.05208333333333,0.96875,1,10,10,0.497573938443361
4468,52,47,1.07291666666667,0.96875,1,17,17,0.51133594024453
4469,53,47,1.09375,0.96875,1,18,18,0.525477052264447
4470,54,47,1.11458333333333,0.96875,1,14,14,0.539972905588639
4471,55,47,1.13541666666667,0.96875,1,16,16,0.554800639283765
4472,56,47,1.15625,0.96875,1,27,27,0.569938855986529
4473,57,47,1.17708333333333,0.96875,1,20,20,0.585367565725684
4474,58,47,1.19791666666667,0.96875,1,22,22,0.601068121685539
4475,59,47,1.21875,0.96875,1,26,26,0.617023150925397
4476,60,47,1.23958333333333,0.96875,1,29,29,0.6332164824567
4477,61,47,1.26041666666667,0.96875,1,13,13,0.649633074552052
4478,62,47,1.28125,0.96875,1,12,12,0.666258942715439
4479,63,47,1.30208333333333,0.96875,1,19,19,0.68308108937461
4480,64,47,1.32291666666667,0.96875,1,16,16,0.700087436056533
4481,65,47,1.34375,0.96875,1,19,19,0.717266758566229
4482,66,47,1.36458333333333,0.96875,1,31,31,0.734608625499285
4483,67,47,1.38541666666667,0.96875,1,22,22,0.752103340270585
4484,68,47,1.40625,0.96875,1,29,29,0.769741886728955
4485,69,47,1.42708333333333,0.96875,1,12,12,0.787515878342877
4486,70,47,1.44791666666667,0.96875,1,12,12,0.805417510880599
4487,71,47,1.46875,0.96875,1,21,21,0.82343951846422
4488,72,47,1.48958333333333,0.96875,1,21,21,0.84157513284772
4489,73,47,1.51041666666667,0.96875,1,23,23,0.859818045750219
4490,74,47,1.53125,0.96875,1,11,11,0.878162374065462
4491,75,47,1.55208333333333,0.96875,1,21,21,0.896602627764545
4492,76,47,1.57291666666667,0.96875,1,22,22,0.91513368030951
4493,77,47,1.59375,0.96875,1,22,22,0.933750741399502
4494,78,47,1.61458333333333,0.96875,1,16,16,0.952449331877476
4495,79,47,1.63541666666667,0.96875,1,15,15,0.971225260633406
4496,80,47,1.65625,0.96875,1,30,30,0.990074603348802
4497,81,47,1.67708333333333,0.96875,1,27,27,1.00899368293676
4498,82,47,1.69791666666667,0.96875,1,23,23,1.02797905154135
4499,83,47,1.71875,0.96875,1,22,22,1.04702747396966
4500,84,47,1.73958333333333,0.96875,1,23,23,1.06613591243912
4501,85,47,1.76041666666667,0.96875,1,22,22,1.08530151253166
4502,86,47,1.78125,0.96875,1,34,34,1.10452159025474
4503,87,47,1.80208333333333,0.96875,1,15,15,1.12379362011728
4504,88,47,1.82291666666667,0.96875,1,12,12,1.14311522413612
4505,89,47,1.84375,0.96875,1,8,8,1.16248416169557
4506,90,47,1.86458333333333,0.96875,1,19,19,1.18189832018907
4507,91,47,1.88541666666667,0.96875,1,9,9,1.20135570637803
4508,92,47,1.90625,0.96875,1,22,22,1.22085443840858
4509,93,47,1.92708333333333,0.96875,1,15,15,1.24039273843173
4510,94,47,1.94791666666667,0.96875,1,23,23,1.25996892577736
4511,95,47,1.96875,0.96875,1,16,16,1.27958141063677
4512,96,47,1.98958333333333,0.96875,1,20,20,1.29922868821217
4513,1,48,0.0104166666666667,0.989583333333333,1,13,13,0.685455573297221
4514,2,48,0.03125,0.989583333333333,1,23,23,0.669014196816368
4515,3,48,0.0520833333333333,0.989583333333333,1,26,26,0.652784692236819
4516,4,48,0.0729166666666667,0.989583333333333,1,19,19,0.636780690747913
4517,5,48,0.09375,0.989583333333333,1,26,26,0.621016803303257
4518,6,48,0.114583333333333,0.989583333333333,1,23,23,0.605508681700104
4519,7,48,0.135416666666667,0.989583333333333,1,13,13,0.590273079330916
4520,8,48,0.15625,0.989583333333333,1,19,19,0.5753279102537
4521,9,48,0.177083333333333,0.989583333333333,1,19,19,0.560692304855056
4522,10,48,0.197916666666667,0.989583333333333,1,17,17,0.546386659947178
4523,11,48,0.21875,0.989583333333333,1,11,11,0.532432680648186
4524,12,48,0.239583333333333,0.989583333333333,1,21,21,0.518853410850686
4525,13,48,0.260416666666667,0.989583333333333,1,22,22,0.505673248500277
4526,14,48,0.28125,0.989583333333333,1,21,21,0.492917941308441
4527,15,48,0.302083333333333,0.989583333333333,1,15,15,0.480614557950623
4528,16,48,0.322916666666667,0.989583333333333,1,19,19,0.468791429304318
4529,17,48,0.34375,0.989583333333333,1,23,23,0.457478053936059
4530,18,48,0.364583333333333,0.989583333333333,1,19,19,0.446704961941299
4531,19,48,0.385416666666667,0.989583333333333,1,13,13,0.436503531485251
4532,20,48,0.40625,0.989583333333333,1,16,16,0.426905753103565
4533,21,48,0.427083333333333,0.989583333333333,1,13,13,0.417943938115818
4534,22,48,0.447916666666667,0.989583333333333,1,16,16,0.409650369478667
4535,23,48,0.46875,0.989583333333333,1,20,20,0.402056896111696
4536,24,48,0.489583333333333,0.989583333333333,1,22,22,0.395194475147223
4537,25,48,0.510416666666667,0.989583333333333,1,20,20,0.389092670564233
4538,26,48,0.53125,0.989583333333333,1,22,22,0.383779121022078
4539,27,48,0.552083333333333,0.989583333333333,1,18,18,0.379278994039293
4540,28,48,0.572916666666667,0.989583333333333,1,25,25,0.375614447484691
4541,29,48,0.59375,0.989583333333333,1,15,15,0.372804122119304
4542,30,48,0.614583333333333,0.989583333333333,1,16,16,0.370862690123781
4543,31,48,0.635416666666667,0.989583333333333,1,18,18,0.369800483757304
4544,32,48,0.65625,0.989583333333333,1,21,21,0.369623225325125
4545,33,48,0.677083333333333,0.989583333333333,1,18,18,0.370331874572949
4546,34,48,0.697916666666667,0.989583333333333,1,23,23,0.371922602877955
4547,35,48,0.71875,0.989583333333333,1,23,23,0.374386895839461
4548,36,48,0.739583333333333,0.989583333333333,1,18,18,0.377711777928641
4549,37,48,0.760416666666667,0.989583333333333,1,20,20,0.381880145608048
4550,38,48,0.78125,0.989583333333333,1,19,19,0.38687118953219
4551,39,48,0.802083333333333,0.989583333333333,1,11,11,0.392660882607163
4552,40,48,0.822916666666667,0.989583333333333,1,14,14,0.399222509035277
4553,41,48,0.84375,0.989583333333333,1,26,26,0.406527209912059
4554,42,48,0.864583333333333,0.989583333333333,1,4,4,0.414544523143042
4555,43,48,0.885416666666667,0.989583333333333,1,18,18,0.423242898915598
4556,44,48,0.90625,0.989583333333333,1,14,14,0.432590176150262
4557,45,48,0.927083333333333,0.989583333333333,1,16,16,0.442554009752743
4558,46,48,0.947916666666667,0.989583333333333,1,22,22,0.453102242671895
4559,47,48,0.96875,0.989583333333333,1,21,21,0.464203220444545
4560,48,48,0.989583333333333,0.989583333333333,1,15,15,0.475826048906521
4561,49,48,1.01041666666667,0.989583333333333,1,25,25,0.487940798013169
4562,50,48,1.03125,0.989583333333333,1,19,19,0.500518656268913
4563,51,48,1.05208333333333,0.989583333333333,1,31,31,0.513532041196199
4564,52,48,1.07291666666667,0.989583333333333,1,18,18,0.526954671690546
4565,53,48,1.09375,0.989583333333333,1,26,26,0.54076160812942
4566,54,48,1.11458333333333,0.989583333333333,1,4,4,0.554929265841161
4567,55,48,1.13541666666667,0.989583333333333,1,20,20,0.569435407094497
4568,56,48,1.15625,0.989583333333333,1,27,27,0.58425911621915
4569,57,48,1.17708333333333,0.989583333333333,1,28,28,0.599380761874792
4570,58,48,1.19791666666667,0.989583333333333,1,29,29,0.614781949893224
4571,59,48,1.21875,0.989583333333333,1,6,6,0.630445469556435
4572,60,48,1.23958333333333,0.989583333333333,1,23,23,0.64635523565917
4573,61,48,1.26041666666667,0.989583333333333,1,23,23,0.662496228247921
4574,62,48,1.28125,0.989583333333333,1,25,25,0.678854431531664
4575,63,48,1.30208333333333,0.989583333333333,1,27,27,0.695416773122119
4576,64,48,1.32291666666667,0.989583333333333,1,12,12,0.712171064478666
4577,65,48,1.34375,0.989583333333333,1,14,14,0.729105943200127
4578,66,48,1.36458333333333,0.989583333333333,1,36,36,0.746210817616333
4579,67,48,1.38541666666667,0.989583333333333,1,11,11,0.763475813980716
4580,68,48,1.40625,0.989583333333333,1,29,29,0.780891726445402
4581,69,48,1.42708333333333,0.989583333333333,1,17,17,0.798449969907029
4582,70,48,1.44791666666667,0.989583333333333,1,12,12,0.81614253574027
4583,71,48,1.46875,0.989583333333333,1,20,20,0.833961950382602
4584,72,48,1.48958333333333,0.989583333333333,1,25,25,0.851901236694804
4585,73,48,1.51041666666667,0.989583333333333,1,23,23,0.869953877994099
4586,74,48,1.53125,0.989583333333333,1,23,23,0.88811378463831
4587,75,48,1.55208333333333,0.989583333333333,1,29,29,0.906375263027883
4588,76,48,1.57291666666667,0.989583333333333,1,24,24,0.924732986886548
4589,77,48,1.59375,0.989583333333333,1,19,19,0.943181970679421
4590,78,48,1.61458333333333,0.989583333333333,1,24,24,0.961717545028378
4591,79,48,1.63541666666667,0.989583333333333,1,22,22,0.980335333987881
4592,80,48,1.65625,0.989583333333333,1,24,24,0.999031234049246
4593,81,48,1.67708333333333,0.989583333333333,1,22,22,1.01780139474729
4594,82,48,1.69791666666667,0.989583333333333,1,27,27,1.03664220074989
4595,83,48,1.71875,0.989583333333333,1,23,23,1.05555025531781
4596,84,48,1.73958333333333,0.989583333333333,1,22,22,1.07452236502945
4597,85,48,1.76041666666667,0.989583333333333,1,24,24,1.09355552567194
4598,86,48,1.78125,0.989583333333333,1,20,20,1.11264690920708
4599,87,48,1.80208333333333,0.989583333333333,1,14,14,1.13179385172728
4600,88,48,1.82291666666667,0.989583333333333,1,22,22,1.1509938423227
4601,89,48,1.84375,0.989583333333333,1,6,6,1.17024451278732
4602,90,48,1.86458333333333,0.989583333333333,1,18,18,1.18954362809678
4603,91,48,1.88541666666667,0.989583333333333,1,28,28,1.2088890775966
4604,92,48,1.90625,0.989583333333333,1,22,22,1.22827886684387
4605,93,48,1.92708333333333,0.989583333333333,1,21,21,1.24771111005049
4606,94,48,1.94791666666667,0.989583333333333,1,23,23,1.26718402308017
4607,95,48,1.96875,0.989583333333333,1,30,30,1.28669591695497
4608,96,48,1.98958333333333,0.989583333333333,1,20,20,1.30624519183141
