cell,ix,iy,xc,yc,isFluidCell,nFluid,mass,distanceToCylinder
1,1,1,0.0104166666666667,0.0104166666666667,1,12,12,0.572375389911828
2,2,1,0.03125,0.0104166666666667,1,27,27,0.55780410354156
3,3,1,0.0520833333333333,0.0104166666666667,1,23,23,0.543567012859708
4,4,1,0.0729166666666667,0.0104166666666667,1,27,27,0.529686088729695
5,5,1,0.09375,0.0104166666666667,1,21,21,0.51618464519177
6,6,1,0.114583333333333,0.0104166666666667,1,13,13,0.503087351197424
7,7,1,0.135416666666667,0.0104166666666667,1,22,22,0.49042022183265
8,8,1,0.15625,0.0104166666666667,1,29,29,0.478210583973385
9,9,1,0.177083333333333,0.0104166666666667,1,16,16,0.466487010844135
10,10,1,0.197916666666667,0.0104166666666667,1,17,17,0.45527921964517
11,11,1,0.21875,0.0104166666666667,1,29,29,0.444617926369485
12,12,1,0.239583333333333,0.0104166666666667,1,20,20,0.43453465225859
13,13,1,0.260416666666667,0.0104166666666667,1,29,29,0.42506147716463
14,14,1,0.28125,0.0104166666666667,1,20,20,0.41623073650974
15,15,1,0.302083333333333,0.0104166666666667,1,21,21,0.408074660651524
16,16,1,0.322916666666667,0.0104166666666667,1,28,28,0.400624958316658
17,17,1,0.34375,0.0104166666666667,1,26,26,0.393912349314334
18,18,1,0.364583333333333,0.0104166666666667,1,11,11,0.387966055843192
19,19,1,0.385416666666667,0.0104166666666667,1,11,11,0.382813266089465
20,20,1,0.40625,0.0104166666666667,1,18,18,0.378478588083558
21,21,1,0.427083333333333,0.0104166666666667,1,26,26,0.374983515438197
22,22,1,0.447916666666667,0.0104166666666667,1,27,27,0.372345929087353
23,23,1,0.46875,0.0104166666666667,1,17,17,0.370579659971526
24,24,1,0.489583333333333,0.0104166666666667,1,30,30,0.369694136397632
25,25,1,0.510416666666667,0.0104166666666667,1,16,16,0.369694136397632
26,26,1,0.53125,0.0104166666666667,1,9,9,0.370579659971526
27,27,1,0.552083333333333,0.0104166666666667,1,28,28,0.372345929087353
28,28,1,0.572916666666667,0.0104166666666667,1,12,12,0.374983515438197
29,29,1,0.59375,0.0104166666666667,1,19,19,0.378478588083558
30,30,1,0.614583333333333,0.0104166666666667,1,22,22,0.382813266089465
31,31,1,0.635416666666667,0.0104166666666667,1,22,22,0.387966055843192
32,32,1,0.65625,0.0104166666666667,1,19,19,0.393912349314334
33,33,1,0.677083333333333,0.0104166666666667,1,23,23,0.400624958316658
34,34,1,0.697916666666667,0.0104166666666667,1,16,16,0.408074660651524
35,35,1,0.71875,0.0104166666666667,1,22,22,0.41623073650974
36,36,1,0.739583333333333,0.0104166666666667,1,10,10,0.42506147716463
37,37,1,0.760416666666667,0.0104166666666667,1,21,21,0.43453465225859
38,38,1,0.78125,0.0104166666666667,1,19,19,0.444617926369485
39,39,1,0.802083333333333,0.0104166666666667,1,16,16,0.45527921964517
40,40,1,0.822916666666667,0.0104166666666667,1,18,18,0.466487010844135
41,41,1,0.84375,0.0104166666666667,1,23,23,0.478210583973385
42,42,1,0.864583333333333,0.0104166666666667,1,15,15,0.49042022183265
43,43,1,0.885416666666667,0.0104166666666667,1,13,13,0.503087351197424
44,44,1,0.90625,0.0104166666666667,1,22,22,0.51618464519177
45,45,1,0.927083333333333,0.0104166666666667,1,10,10,0.529686088729695
46,46,1,0.947916666666667,0.0104166666666667,1,31,31,0.543567012859708
47,47,1,0.96875,0.0104166666666667,1,24,24,0.55780410354156
48,48,1,0.989583333333333,0.0104166666666667,1,21,21,0.572375389911828
49,49,1,1.01041666666667,0.0104166666666667,1,17,17,0.587260216531998
50,50,1,1.03125,0.0104166666666667,1,23,23,0.602439203516654
51,51,1,1.05208333333333,0.0104166666666667,1,28,28,0.617894197851035
52,52,1,1.07291666666667,0.0104166666666667,1,13,13,0.63360821865358
53,53,1,1.09375,0.0104166666666667,1,25,25,0.649565398635995
54,54,1,1.11458333333333,0.0104166666666667,1,13,13,0.665750923568588
55,55,1,1.13541666666667,0.0104166666666667,1,22,22,0.682150971174102
56,56,1,1.15625,0.0104166666666667,1,20,20,0.698752650547024
57,57,1,1.17708333333333,0.0104166666666667,1,32,32,0.715543942923145
58,58,1,1.19791666666667,0.0104166666666667,1,9,9,0.732513644400422
59,59,1,1.21875,0.0104166666666667,1,22,22,0.749651311030908
60,60,1,1.23958333333333,0.0104166666666667,1,29,29,0.766947206558667
61,61,1,1.26041666666667,0.0104166666666667,1,17,17,0.78439225296451
62,62,1,1.28125,0.0104166666666667,1,11,11,0.80197798388995
63,63,1,1.30208333333333,0.0104166666666667,1,23,23,0.819696500945326
64,64,1,1.32291666666667,0.0104166666666667,1,16,16,0.837540432856783
65,65,1,1.34375,0.0104166666666667,1,33,33,0.855502897370263
66,66,1,1.36458333333333,0.0104166666666667,1,14,14,0.873577465805035
67,67,1,1.38541666666667,0.0104166666666667,1,24,24,0.89175813013234
68,68,1,1.40625,0.0104166666666667,1,20,20,0.910039272444395
69,69,1,1.42708333333333,0.0104166666666667,1,24,24,0.928415636673844
70,70,1,1.44791666666667,0.0104166666666667,1,26,26,0.946882302422447
71,71,1,1.46875,0.0104166666666667,1,18,18,0.965434660759356
72,72,1,1.48958333333333,0.0104166666666667,1,22,22,0.984068391853009
73,73,1,1.51041666666667,0.0104166666666667,1,16,16,1.00277944430576
74,74,1,1.53125,0.0104166666666667,1,16,16,1.02156401606646
75,75,1,1.55208333333333,0.0104166666666667,1,16,16,1.0404185368028
76,76,1,1.57291666666667,0.0104166666666667,1,18,18,1.05933965162242
77,77,1,1.59375,0.0104166666666667,1,24,24,1.07832420603849
78,78,1,1.61458333333333,0.0104166666666667,1,17,17,1.09736923208295
79,79,1,1.63541666666667,0.0104166666666667,1,23,23,1.11647193547699
80,80,1,1.65625,0.0104166666666667,1,24,24,1.13562968377535
81,81,1,1.67708333333333,0.0104166666666667,1,25,25,1.15483999540683
82,82,1,1.69791666666667,0.0104166666666667,1,26,26,1.17410052953994
83,83,1,1.71875,0.0104166666666667,1,21,21,1.19340907670755
84,84,1,1.73958333333333,0.0104166666666667,1,17,17,1.21276355013016
85,85,1,1.76041666666667,0.0104166666666667,1,18,18,1.232161977682
86,86,1,1.78125,0.0104166666666667,1,21,21,1.25160249444866
87,87,1,1.80208333333333,0.0104166666666667,1,22,22,1.27108333582939
88,88,1,1.82291666666667,0.0104166666666667,1,16,16,1.29060283114072
89,89,1,1.84375,0.0104166666666667,1,18,18,1.31015939768187
90,90,1,1.86458333333333,0.0104166666666667,1,14,14,1.32975153522557
91,91,1,1.88541666666667,0.0104166666666667,1,27,27,1.34937782090093
92,92,1,1.90625,0.0104166666666667,1,19,19,1.36903690443782
93,93,1,1.92708333333333,0.0104166666666667,1,15,15,1.38872750374465
94,94,1,1.94791666666667,0.0104166666666667,1,31,31,1.40844840079372
95,95,1,1.96875,0.0104166666666667,1,23,23,1.42819843779077
96,96,1,1.98958333333333,0.0104166666666667,1,17,17,1.4479765136067
97,1,2,0.0104166666666667,0.03125,1,23,23,0.55780410354156
98,2,2,0.03125,0.03125,1,27,27,0.542912607362388
99,3,2,0.0520833333333333,0.03125,1,22,22,0.52834859664981
100,4,2,0.0729166666666667,0.03125,1,30,30,0.514134635634351
101,5,2,0.09375,0.03125,1,26,26,0.500294788789975
102,6,2,0.114583333333333,0.03125,1,14,14,0.48685465265123
103,7,2,0.135416666666667,0.03125,1,14,14,0.473841367239134
104,8,2,0.15625,0.03125,1,22,22,0.461283601179321
105,9,2,0.177083333333333,0.03125,1,17,17,0.449211503846427
106,10,2,0.197916666666667,0.03125,1,20,20,0.437656617263507
107,11,2,0.21875,0.03125,1,22,22,0.426651740141747
108,12,2,0.239583333333333,0.03125,1,18,18,0.41623073650974
109,13,2,0.260416666666667,0.03125,1,22,22,0.406428282020553
110,14,2,0.28125,0.03125,1,11,11,0.397279542413964
111,15,2,0.302083333333333,0.03125,1,26,26,0.388819780909159
112,16,2,0.322916666666667,0.03125,1,10,10,0.381083894616904
113,17,2,0.34375,0.03125,1,15,15,0.374105884401309
114,18,2,0.364583333333333,0.03125,1,14,14,0.367918267859599
115,19,2,0.385416666666667,0.03125,1,18,18,0.36255145091252
116,20,2,0.40625,0.03125,1,22,22,0.358033079399324
117,21,2,0.427083333333333,0.03125,1,20,20,0.354387397363987
118,22,2,0.447916666666667,0.03125,1,11,11,0.351634642611324
119,23,2,0.46875,0.03125,1,23,23,0.349790511824153
120,24,2,0.489583333333333,0.03125,1,21,21,0.348865726455287
121,25,2,0.510416666666667,0.03125,1,19,19,0.348865726455287
122,26,2,0.53125,0.03125,1,27,27,0.349790511824153
123,27,2,0.552083333333333,0.03125,1,15,15,0.351634642611324
124,28,2,0.572916666666667,0.03125,1,19,19,0.354387397363987
125,29,2,0.59375,0.03125,1,18,18,0.358033079399324
126,30,2,0.614583333333333,0.03125,1,13,13,0.36255145091252
127,31,2,0.635416666666667,0.03125,1,18,18,0.367918267859599
128,32,2,0.65625,0.03125,1,9,9,0.374105884401309
129,33,2,0.677083333333333,0.03125,1,29,29,0.381083894616904
130,34,2,0.697916666666667,0.03125,1,18,18,0.388819780909159
131,35,2,0.71875,0.03125,1,20,20,0.397279542413964
132,36,2,0.739583333333333,0.03125,1,27,27,0.406428282020553
133,37,2,0.760416666666667,0.03125,1,22,22,0.41623073650974
134,38,2,0.78125,0.03125,1,21,21,0.426651740141747
135,39,2,0.802083333333333,0.03125,1,26,26,0.437656617263507
136,40,2,0.822916666666667,0.03125,1,24,24,0.449211503846427
137,41,2,0.84375,0.03125,1,7,7,0.461283601179321
138,42,2,0.864583333333333,0.03125,1,17,17,0.473841367239134
139,43,2,0.885416666666667,0.03125,1,28,28,0.48685465265123
140,44,2,0.90625,0.03125,1,32,32,0.500294788789975
141,45,2,0.927083333333333,0.03125,1,23,23,0.514134635634351
142,46,2,0.947916666666667,0.03125,1,25,25,0.52834859664981
143,47,2,0.96875,0.03125,1,12,12,0.542912607362388
144,48,2,0.989583333333333,0.03125,1,9,9,0.55780410354156
145,49,2,1.01041666666667,0.03125,1,10,10,0.573001974103329
146,50,2,1.03125,0.03125,1,29,29,0.588486503047165
147,51,2,1.05208333333333,0.03125,1,7,7,0.604239303990362
148,52,2,1.07291666666667,0.03125,1,15,15,0.620243250184994
149,53,2,1.09375,0.03125,1,22,22,0.636482402306888
150,54,2,1.11458333333333,0.03125,1,13,13,0.652941935795381
151,55,2,1.13541666666667,0.03125,1,16,16,0.669608069093634
152,56,2,1.15625,0.03125,1,17,17,0.686467993785246
153,57,2,1.17708333333333,0.03125,1,22,22,0.703509807335515
154,58,2,1.19791666666667,0.03125,1,26,26,0.720722448915878
155,59,2,1.21875,0.03125,1,18,18,0.738095638609124
156,60,2,1.23958333333333,0.03125,1,17,17,0.755619820152813
157,61,2,1.26041666666667,0.03125,1,25,25,0.773286107271598
158,62,2,1.28125,0.03125,1,11,11,0.791086233569578
159,63,2,1.30208333333333,0.03125,1,8,8,0.809012505895971
160,64,2,1.32291666666667,0.03125,1,13,13,0.827057761056725
161,65,2,1.34375,0.03125,1,22,22,0.845215325717531
162,66,2,1.36458333333333,0.03125,1,23,23,0.863478979326847
163,67,2,1.38541666666667,0.03125,1,20,20,0.881842919878716
164,68,2,1.40625,0.03125,1,16,16,0.900301732332157
165,69,2,1.42708333333333,0.03125,1,22,22,0.918850359505374
166,70,2,1.44791666666667,0.03125,1,20,20,0.93748407526754
167,71,2,1.46875,0.03125,1,17,17,0.95619845985766
168,72,2,1.48958333333333,0.03125,1,20,20,0.974989377168158
169,73,2,1.51041666666667,0.03125,1,18,18,0.993852953839858
170,74,2,1.53125,0.03125,1,19,19,1.01278556002449
171,75,2,1.55208333333333,0.03125,1,16,16,1.03178379168044
172,76,2,1.57291666666667,0.03125,1,13,13,1.05084445427696
173,77,2,1.59375,0.03125,1,27,27,1.06996454779124
174,78,2,1.61458333333333,0.03125,1,11,11,1.08914125289167
175,79,2,1.63541666666667,0.03125,1,19,19,1.10837191820899
176,80,2,1.65625,0.03125,1,28,28,1.12765404860482
177,81,2,1.67708333333333,0.03125,1,24,24,1.14698529435472
178,82,2,1.69791666666667,0.03125,1,20,20,1.16636344116963
179,83,2,1.71875,0.03125,1,21,21,1.18578640098601
180,84,2,1.73958333333333,0.03125,1,14,14,1.20525220346083
181,85,2,1.76041666666667,0.03125,1,23,23,1.22475898811315
182,86,2,1.78125,0.03125,1,15,15,1.24430499705894
183,87,2,1.80208333333333,0.03125,1,19,19,1.26388856829025
184,88,2,1.82291666666667,0.03125,1,6,6,1.28350812945435
185,89,2,1.84375,0.03125,1,22,22,1.30316219209196
186,90,2,1.86458333333333,0.03125,1,16,16,1.3228493462975
187,91,2,1.88541666666667,0.03125,1,23,23,1.34256825576715
188,92,2,1.90625,0.03125,1,15,15,1.36231765320393
189,93,2,1.92708333333333,0.03125,1,20,20,1.38209633605098
190,94,2,1.94791666666667,0.03125,1,23,23,1.40190316252747
191,95,2,1.96875,0.03125,1,26,26,1.421737047943
192,96,2,1.98958333333333,0.03125,1,19,19,1.44159696126896
193,1,3,0.0104166666666667,0.0520833333333333,1,17,17,0.543567012859708
194,2,3,0.03125,0.0520833333333333,1,24,24,0.52834859664981
195,3,3,0.0520833333333333,0.0520833333333333,1,26,26,0.513449824812949
196,4,3,0.0729166666666667,0.0520833333333333,1,18,18,0.498893782396373
197,5,3,0.09375,0.0520833333333333,1,28,28,0.4847052197375
198,6,3,0.114583333333333,0.0520833333333333,1,16,16,0.470910608486785
199,7,3,0.135416666666667,0.0520833333333333,1,30,30,0.457538178151213
200,8,3,0.15625,0.0520833333333333,1,17,17,0.444617926369485
201,9,3,0.177083333333333,0.0520833333333333,1,13,13,0.432181595029107
202,10,3,0.197916666666667,0.0520833333333333,1,30,30,0.420262603328748
203,11,3,0.21875,0.0520833333333333,1,18,18,0.408895928116088
204,12,3,0.239583333333333,0.0520833333333333,1,11,11,0.398117921476912
205,13,3,0.260416666666667,0.0520833333333333,1,20,20,0.387966055843192
206,14,3,0.28125,0.0520833333333333,1,16,16,0.378478588083558
207,15,3,0.302083333333333,0.0520833333333333,1,20,20,0.369694136397632
208,16,3,0.322916666666667,0.0520833333333333,1,15,15,0.361651167570704
209,17,3,0.34375,0.0520833333333333,1,12,12,0.354387397363987
210,18,3,0.364583333333333,0.0520833333333333,1,8,8,0.347939113442004
211,19,3,0.385416666666667,0.0520833333333333,1,28,28,0.342340437941086
212,20,3,0.40625,0.0520833333333333,1,21,21,0.33762255492685
213,21,3,0.427083333333333,0.0520833333333333,1,26,26,0.333812935641499
214,22,3,0.447916666666667,0.0520833333333333,1,32,32,0.330934600456528
215,23,3,0.46875,0.0520833333333333,1,26,26,0.329005459630256
216,24,3,0.489583333333333,0.0520833333333333,1,15,15,0.328037774325137
217,25,3,0.510416666666667,0.0520833333333333,1,26,26,0.328037774325137
218,26,3,0.53125,0.0520833333333333,1,17,17,0.329005459630256
219,27,3,0.552083333333333,0.0520833333333333,1,18,18,0.330934600456528
220,28,3,0.572916666666667,0.0520833333333333,1,25,25,0.333812935641499
221,29,3,0.59375,0.0520833333333333,1,13,13,0.33762255492685
222,30,3,0.614583333333333,0.0520833333333333,1,11,11,0.342340437941086
223,31,3,0.635416666666667,0.0520833333333333,1,12,12,0.347939113442004
224,32,3,0.65625,0.0520833333333333,1,20,20,0.354387397363987
225,33,3,0.677083333333333,0.0520833333333333,1,13,13,0.361651167570704
226,34,3,0.697916666666667,0.0520833333333333,1,26,26,0.369694136397632
227,35,3,0.71875,0.0520833333333333,1,7,7,0.378478588083558
228,36,3,0.739583333333333,0.0520833333333333,1,12,12,0.387966055843192
229,37,3,0.760416666666667,0.0520833333333333,1,17,17,0.398117921476912
230,38,3,0.78125,0.0520833333333333,1,26,26,0.408895928116088
231,39,3,0.802083333333333,0.0520833333333333,1,26,26,0.420262603328747
232,40,3,0.822916666666667,0.0520833333333333,1,20,20,0.432181595029107
233,41,3,0.84375,0.0520833333333333,1,19,19,0.444617926369485
234,42,3,0.864583333333333,0.0520833333333333,1,23,23,0.457538178151213
235,43,3,0.885416666666667,0.0520833333333333,1,30,30,0.470910608486785
236,44,3,0.90625,0.0520833333333333,1,25,25,0.4847052197375
237,45,3,0.927083333333333,0.0520833333333333,1,21,21,0.498893782396373
238,46,3,0.947916666666667,0.0520833333333333,1,10,10,0.513449824812949
239,47,3,0.96875,0.0520833333333333,1,14,14,0.52834859664981
240,48,3,0.989583333333333,0.0520833333333333,1,13,13,0.543567012859708
241,49,3,1.01041666666667,0.0520833333333333,1,18,18,0.559083583875276
242,50,3,1.03125,0.0520833333333333,1,33,33,0.574878336673247
243,51,3,1.05208333333333,0.0520833333333333,1,10,10,0.590932730447981
244,52,3,1.07291666666667,0.0520833333333333,1,21,21,0.607229569821127
245,53,3,1.09375,0.0520833333333333,1,25,25,0.623752917828077
246,54,3,1.11458333333333,0.0520833333333333,1,6,6,0.640488010351832
247,55,3,1.13541666666667,0.0520833333333333,1,30,30,0.65742117321022
248,56,3,1.15625,0.0520833333333333,1,23,23,0.674539742730203
249,57,3,1.17708333333333,0.0520833333333333,1,28,28,0.691831990349946
250,58,3,1.19791666666667,0.0520833333333333,1,18,18,0.709287051562297
251,59,3,1.21875,0.0520833333333333,1,26,26,0.726894859340743
252,60,3,1.23958333333333,0.0520833333333333,1,19,19,0.744646082060297
253,61,3,1.26041666666667,0.0520833333333333,1,12,12,0.762532065832297
254,62,3,1.28125,0.0520833333333333,1,21,21,0.780544781106291
255,63,3,1.30208333333333,0.0520833333333333,1,27,27,0.798676773347889
256,64,3,1.32291666666667,0.0520833333333333,1,15,15,0.816921117573702
257,65,3,1.34375,0.0520833333333333,1,31,31,0.835271376509198
258,66,3,1.36458333333333,0.0520833333333333,1,14,14,0.853721562129316
259,67,3,1.38541666666667,0.0520833333333333,1,26,26,0.872266100342488
260,68,3,1.40625,0.0520833333333333,1,23,23,0.8908997985843
261,69,3,1.42708333333333,0.0520833333333333,1,13,13,0.909617816095964
262,70,3,1.44791666666667,0.0520833333333333,1,22,22,0.928415636673844
263,71,3,1.46875,0.0520833333333333,1,9,9,0.947289043688624
264,72,3,1.48958333333333,0.0520833333333333,1,23,23,0.966234097185726
265,73,3,1.51041666666667,0.0520833333333333,1,23,23,0.985247112891753
266,74,3,1.53125,0.0520833333333333,1,19,19,1.00432464296473
267,75,3,1.55208333333333,0.0520833333333333,1,16,16,1.02346345833855
268,76,3,1.57291666666667,0.0520833333333333,1,24,24,1.04266053252396
269,77,3,1.59375,0.0520833333333333,1,12,12,1.06191302674003
270,78,3,1.61458333333333,0.0520833333333333,1,17,17,1.08121827626049
271,79,3,1.63541666666667,0.0520833333333333,1,20,20,1.10057377786934
272,80,3,1.65625,0.0520833333333333,1,30,30,1.11997717832941
273,81,3,1.67708333333333,0.0520833333333333,1,18,18,1.13942626377605
274,82,3,1.69791666666667,0.0520833333333333,1,20,20,1.15891894995561
275,83,3,1.71875,0.0520833333333333,1,26,26,1.17845327323619
276,84,3,1.73958333333333,0.0520833333333333,1,26,26,1.19802738232389
277,85,3,1.76041666666667,0.0520833333333333,1,34,34,1.21763953062433
278,86,3,1.78125,0.0520833333333333,1,16,16,1.23728806919452
279,87,3,1.80208333333333,0.0520833333333333,1,13,13,1.25697144023477
280,88,3,1.82291666666667,0.0520833333333333,1,22,22,1.2766881710755
281,89,3,1.84375,0.0520833333333333,1,14,14,1.29643686861709
282,90,3,1.86458333333333,0.0520833333333333,1,36,36,1.31621621418535
283,91,3,1.88541666666667,0.0520833333333333,1,23,23,1.33602495876807
284,92,3,1.90625,0.0520833333333333,1,23,23,1.35586191860139
285,93,3,1.92708333333333,0.0520833333333333,1,20,20,1.37572597107744
286,94,3,1.94791666666667,0.0520833333333333,1,16,16,1.39561605094723
287,95,3,1.96875,0.0520833333333333,1,17,17,1.41553114679507
288,96,3,1.98958333333333,0.0520833333333333,1,21,21,1.43547029776278
289,1,4,0.0104166666666667,0.0729166666666667,1,12,12,0.529686088729695
290,2,4,0.03125,0.0729166666666667,1,9,9,0.514134635634351
291,3,4,0.0520833333333333,0.0729166666666667,1,17,17,0.498893782396373
292,4,4,0.0729166666666667,0.0729166666666667,1,27,27,0.483987042263509
293,5,4,0.09375,0.0729166666666667,1,16,16,0.469439764616463
294,6,4,0.114583333333333,0.0729166666666667,1,25,25,0.45527921964517
295,7,4,0.135416666666667,0.0729166666666667,1,17,17,0.441534665497648
296,8,4,0.15625,0.0729166666666667,1,36,36,0.428237390289199
297,9,4,0.177083333333333,0.0729166666666667,1,17,17,0.415420719829017
298,10,4,0.197916666666667,0.0729166666666667,1,28,28,0.403119980395405
299,11,4,0.21875,0.0729166666666667,1,16,16,0.391372404526399
300,12,4,0.239583333333333,0.0729166666666667,1,18,18,0.38021696681429
301,13,4,0.260416666666667,0.0729166666666667,1,5,5,0.369694136397632
302,14,4,0.28125,0.0729166666666667,1,25,25,0.359845533595043
303,15,4,0.302083333333333,0.0729166666666667,1,20,20,0.350713480320625
304,16,4,0.322916666666667,0.0729166666666667,1,22,22,0.342340437941086
305,17,4,0.34375,0.0729166666666667,1,22,22,0.334768332352981
306,18,4,0.364583333333333,0.0729166666666667,1,16,16,0.328037774325137
307,19,4,0.385416666666667,0.0729166666666667,1,15,15,0.322187193266482
308,20,4,0.40625,0.0729166666666667,1,21,21,0.31725191378782
309,21,4,0.427083333333333,0.0729166666666667,1,19,19,0.313263215480946
310,22,4,0.447916666666667,0.0729166666666667,1,19,19,0.310247425584654
311,23,4,0.46875,0.0729166666666667,1,20,20,0.308225099814468
312,24,4,0.489583333333333,0.0729166666666667,1,25,25,0.307210346966872
313,25,4,0.510416666666667,0.0729166666666667,1,17,17,0.307210346966872
314,26,4,0.53125,0.0729166666666667,1,24,24,0.308225099814468
315,27,4,0.552083333333333,0.0729166666666667,1,22,22,0.310247425584654
316,28,4,0.572916666666667,0.0729166666666667,1,17,17,0.313263215480946
317,29,4,0.59375,0.0729166666666667,1,14,14,0.31725191378782
318,30,4,0.614583333333333,0.0729166666666667,1,20,20,0.322187193266482
319,31,4,0.635416666666667,0.0729166666666667,1,25,25,0.328037774325137
320,32,4,0.65625,0.0729166666666667,1,20,20,0.334768332352981
321,33,4,0.677083333333333,0.0729166666666667,1,17,17,0.342340437941086
322,34,4,0.697916666666667,0.0729166666666667,1,19,19,0.350713480320625
323,35,4,0.71875,0.0729166666666667,1,24,24,0.359845533595043
324,36,4,0.739583333333333,0.0729166666666667,1,29,29,0.369694136397632
325,37,4,0.760416666666667,0.0729166666666667,1,23,23,0.38021696681429
326,38,4,0.78125,0.0729166666666667,1,34,34,0.391372404526399
327,39,4,0.802083333333333,0.0729166666666667,1,27,27,0.403119980395405
328,40,4,0.822916666666667,0.0729166666666667,1,17,17,0.415420719829017
329,41,4,0.84375,0.0729166666666667,1,25,25,0.428237390289199
330,42,4,0.864583333333333,0.0729166666666667,1,23,23,0.441534665497648
331,43,4,0.885416666666667,0.0729166666666667,1,19,19,0.45527921964517
332,44,4,0.90625,0.0729166666666667,1,21,21,0.469439764616463
333,45,4,0.927083333333333,0.0729166666666667,1,18,18,0.483987042263509
334,46,4,0.947916666666667,0.0729166666666667,1,14,14,0.498893782396373
335,47,4,0.96875,0.0729166666666667,1,24,24,0.514134635634351
336,48,4,0.989583333333333,0.0729166666666667,1,15,15,0.529686088729695
337,49,4,1.01041666666667,0.0729166666666667,1,11,11,0.545526368540137
338,50,4,1.03125,0.0729166666666667,1,18,18,0.561635339540954
339,51,4,1.05208333333333,0.0729166666666667,1,25,25,0.57799439865629
340,52,4,1.07291666666667,0.0729166666666667,1,4,4,0.594586370255937
341,53,4,1.09375,0.0729166666666667,1,18,18,0.611395403397582
342,54,4,1.11458333333333,0.0729166666666667,1,27,27,0.628406872778586
343,55,4,1.13541666666667,0.0729166666666667,1,24,24,0.64560728437554
344,56,4,1.15625,0.0729166666666667,1,13,13,0.662984186373589
345,57,4,1.17708333333333,0.0729166666666667,1,23,23,0.680526085701702
346,58,4,1.19791666666667,0.0729166666666667,1,13,13,0.698222370277312
347,59,4,1.21875,0.0729166666666667,1,10,10,0.716063236909213
348,60,4,1.23958333333333,0.0729166666666667,1,17,17,0.734039624698735
349,61,4,1.26041666666667,0.0729166666666667,1,19,19,0.752143153705603
350,62,4,1.28125,0.0729166666666667,1,36,36,0.770366068598254
351,63,4,1.30208333333333,0.0729166666666667,1,10,10,0.788701186981849
352,64,4,1.32291666666667,0.0729166666666667,1,18,18,0.807141852085693
353,65,4,1.34375,0.0729166666666667,1,18,18,0.825681889490917
354,66,4,1.36458333333333,0.0729166666666667,1,31,31,0.844315567586093
355,67,4,1.38541666666667,0.0729166666666667,1,16,16,0.863037561450335
356,68,4,1.40625,0.0729166666666667,1,22,22,0.881842919878716
357,69,4,1.42708333333333,0.0729166666666667,1,22,22,0.900727035281987
358,70,4,1.44791666666667,0.0729166666666667,1,14,14,0.919685616210764
359,71,4,1.46875,0.0729166666666667,1,20,20,0.938714662272659
360,72,4,1.48958333333333,0.0729166666666667,1,12,12,0.957810441228986
361,73,4,1.51041666666667,0.0729166666666667,1,18,18,0.976969468075064
362,74,4,1.53125,0.0729166666666667,1,21,21,0.996188485924806
363,75,4,1.55208333333333,0.0729166666666667,1,4,4,1.01546444853588
364,76,4,1.57291666666667,0.0729166666666667,1,29,29,1.0347945043263
365,77,4,1.59375,0.0729166666666667,1,17,17,1.05417598174682
366,78,4,1.61458333333333,0.0729166666666667,1,27,27,1.07360637588593
367,79,4,1.63541666666667,0.0729166666666667,1,34,34,1.09308333619564
368,80,4,1.65625,0.0729166666666667,1,23,23,1.11260465523667
369,81,4,1.67708333333333,0.0729166666666667,1,20,20,1.13216825835118
370,82,4,1.69791666666667,0.0729166666666667,1,22,22,1.15177219417979
371,83,4,1.71875,0.0729166666666667,1,21,21,1.1714146259475
372,84,4,1.73958333333333,0.0729166666666667,1,26,26,1.19109382345006
373,85,4,1.76041666666667,0.0729166666666667,1,22,22,1.21080815567918
374,86,4,1.78125,0.0729166666666667,1,18,18,1.23055608403025
375,87,4,1.80208333333333,0.0729166666666667,1,20,20,1.25033615604185
376,88,4,1.82291666666667,0.0729166666666667,1,29,29,1.2701469996211
377,89,4,1.84375,0.0729166666666667,1,18,18,1.28998731771286
378,90,4,1.86458333333333,0.0729166666666667,1,25,25,1.30985588337504
379,91,4,1.88541666666667,0.0729166666666667,1,20,20,1.32975153522557
380,92,4,1.90625,0.0729166666666667,1,15,15,1.34967317322972
381,93,4,1.92708333333333,0.0729166666666667,1,17,17,1.36961975479949
382,94,4,1.94791666666667,0.0729166666666667,1,20,20,1.38959029117911
383,95,4,1.96875,0.0729166666666667,1,14,14,1.40958384409326
384,96,4,1.98958333333333,0.0729166666666667,1,19,19,1.42959952263659
385,1,5,0.0104166666666667,0.09375,1,25,25,0.51618464519177
386,2,5,0.03125,0.09375,1,14,14,0.500294788789975
387,3,5,0.0520833333333333,0.09375,1,25,25,0.4847052197375
388,4,5,0.0729166666666667,0.09375,1,19,19,0.469439764616463
389,5,5,0.09375,0.09375,1,18,18,0.45452425971407
390,6,5,0.114583333333333,0.09375,1,27,27,0.439986668988151
391,7,5,0.135416666666667,0.09375,1,18,18,0.425857187773913
392,8,5,0.15625,0.09375,1,25,25,0.4121683239352
393,9,5,0.177083333333333,0.09375,1,26,26,0.398954946128381
394,10,5,0.197916666666667,0.09375,1,20,20,0.386254286675953
395,11,5,0.21875,0.09375,1,17,17,0.374105884401309
396,12,5,0.239583333333333,0.09375,1,20,20,0.36255145091252
397,13,5,0.260416666666667,0.09375,1,23,23,0.351634642611324
398,14,5,0.28125,0.09375,1,20,20,0.341400720632294
399,15,5,0.302083333333333,0.09375,1,11,11,0.33189608257258
400,16,5,0.322916666666667,0.09375,1,19,19,0.323167653878805
401,17,5,0.34375,0.09375,1,17,17,0.315262133662004
402,18,5,0.364583333333333,0.09375,1,25,25,0.308225099814468
403,19,5,0.385416666666667,0.09375,1,25,25,0.302099991444892
404,20,5,0.40625,0.09375,1,11,11,0.296927002003948
405,21,5,0.427083333333333,0.09375,1,10,10,0.292741932419978
406,22,5,0.447916666666667,0.09375,1,26,26,0.289575067736198
407,23,5,0.46875,0.09375,1,24,24,0.287450150325166
408,24,5,0.489583333333333,0.09375,1,18,18,0.286383525065233
409,25,5,0.510416666666667,0.09375,1,27,27,0.286383525065233
410,26,5,0.53125,0.09375,1,16,16,0.287450150325166
411,27,5,0.552083333333333,0.09375,1,14,14,0.289575067736198
412,28,5,0.572916666666667,0.09375,1,11,11,0.292741932419978
413,29,5,0.59375,0.09375,1,15,15,0.296927002003948
414,30,5,0.614583333333333,0.09375,1,22,22,0.302099991444892
415,31,5,0.635416666666667,0.09375,1,29,29,0.308225099814468
416,32,5,0.65625,0.09375,1,29,29,0.315262133662004
417,33,5,0.677083333333333,0.09375,1,23,23,0.323167653878805
418,34,5,0.697916666666667,0.09375,1,8,8,0.33189608257258
419,35,5,0.71875,0.09375,1,20,20,0.341400720632294
420,36,5,0.739583333333333,0.09375,1,33,33,0.351634642611324
421,37,5,0.760416666666667,0.09375,1,25,25,0.36255145091252
422,38,5,0.78125,0.09375,1,26,26,0.374105884401309
423,39,5,0.802083333333333,0.09375,1,17,17,0.386254286675953
424,40,5,0.822916666666667,0.09375,1,22,22,0.398954946128381
425,41,5,0.84375,0.09375,1,21,21,0.4121683239352
426,42,5,0.864583333333333,0.09375,1,13,13,0.425857187773913
427,43,5,0.885416666666667,0.09375,1,21,21,0.439986668988151
428,44,5,0.90625,0.09375,1,22,22,0.45452425971407
429,45,5,0.927083333333333,0.09375,1,23,23,0.469439764616463
430,46,5,0.947916666666667,0.09375,1,19,19,0.4847052197375
431,47,5,0.96875,0.09375,1,17,17,0.500294788789975
432,48,5,0.989583333333333,0.09375,1,20,20,0.51618464519177
433,49,5,1.01041666666667,0.09375,1,29,29,0.532352846327132
434,50,5,1.03125,0.09375,1,16,16,0.548779204969772
435,51,5,1.05208333333333,0.09375,1,18,18,0.565445161515088
436,52,5,1.07291666666667,0.09375,1,18,18,0.582333659626565
437,53,5,1.09375,0.09375,1,16,16,0.599429027076334
438,54,5,1.11458333333333,0.09375,1,8,8,0.616716862920288
439,55,5,1.13541666666667,0.09375,1,7,7,0.634183931662415
440,56,5,1.15625,0.09375,1,24,24,0.651818064701779
441,57,5,1.17708333333333,0.09375,1,24,24,0.669608069093634
442,58,5,1.19791666666667,0.09375,1,28,28,0.687543643471429
443,59,5,1.21875,0.09375,1,16,16,0.705615300851432
444,60,5,1.23958333333333,0.09375,1,29,29,0.72381429796161
445,61,5,1.26041666666667,0.09375,1,28,28,0.74213257068994
446,62,5,1.28125,0.09375,1,12,12,0.760562675225336
447,63,5,1.30208333333333,0.09375,1,14,14,0.779097734460004
448,64,5,1.32291666666667,0.09375,1,19,19,0.797731389229865
449,65,5,1.34375,0.09375,1,21,21,0.816457753985731
450,66,5,1.36458333333333,0.09375,1,19,19,0.835271376509198
451,67,5,1.38541666666667,0.09375,1,8,8,0.854167201311516
452,68,5,1.40625,0.09375,1,16,16,0.873140536379419
453,69,5,1.42708333333333,0.09375,1,23,23,0.892187022957934
454,70,5,1.44791666666667,0.09375,1,18,18,0.911302608085737
455,71,5,1.46875,0.09375,1,18,18,0.930483519623226
456,72,5,1.48958333333333,0.09375,1,16,16,0.949726243536687
457,73,5,1.51041666666667,0.09375,1,17,17,0.96902750322376
458,74,5,1.53125,0.09375,1,15,15,0.988384240685512
459,75,5,1.55208333333333,0.09375,1,24,24,1.00779359936904
460,76,5,1.57291666666667,0.09375,1,24,24,1.02725290852153
461,77,5,1.59375,0.09375,1,21,21,1.04675966891215
462,78,5,1.61458333333333,0.09375,1,14,14,1.06631153979233
463,79,5,1.63541666666667,0.09375,1,16,16,1.08590632697753
464,80,5,1.65625,0.09375,1,10,10,1.10554197194547
465,81,5,1.67708333333333,0.09375,1,20,20,1.12521654185572
466,82,5,1.69791666666667,0.09375,1,17,17,1.14492822040532
467,83,5,1.71875,0.09375,1,19,19,1.1646752994434
468,84,5,1.73958333333333,0.09375,1,21,21,1.18445617127513
469,85,5,1.76041666666667,0.09375,1,36,36,1.20426932159252
470,86,5,1.78125,0.09375,1,20,20,1.22411332297541
471,87,5,1.80208333333333,0.09375,1,19,19,1.24398682891164
472,88,5,1.82291666666667,0.09375,1,21,21,1.26388856829025
473,89,5,1.84375,0.09375,1,14,14,1.28381734032601
474,90,5,1.86458333333333,0.09375,1,24,24,1.30377200987767
475,91,5,1.88541666666667,0.09375,1,27,27,1.32375150312572
476,92,5,1.90625,0.09375,1,4,4,1.3437548035788
477,93,5,1.92708333333333,0.09375,1,17,17,1.36378094838078
478,94,5,1.94791666666667,0.09375,1,23,23,1.38382902489316
479,95,5,1.96875,0.09375,1,14,14,1.40389816752958
480,96,5,1.98958333333333,0.09375,1,7,7,1.42398755482175
481,1,6,0.0104166666666667,0.114583333333333,1,24,24,0.503087351197424
482,2,6,0.03125,0.114583333333333,1,24,24,0.48685465265123
483,3,6,0.0520833333333333,0.114583333333333,1,15,15,0.470910608486785
484,4,6,0.0729166666666667,0.114583333333333,1,10,10,0.45527921964517
485,5,6,0.09375,0.114583333333333,1,20,20,0.439986668988151
486,6,6,0.114583333333333,0.114583333333333,1,20,20,0.42506147716463
487,7,6,0.135416666666667,0.114583333333333,1,24,24,0.410534649093619
488,8,6,0.15625,0.114583333333333,1,16,16,0.396439802343356
489,9,6,0.177083333333333,0.114583333333333,1,22,22,0.382813266089465
490,10,6,0.197916666666667,0.114583333333333,1,14,14,0.369694136397632
491,11,6,0.21875,0.114583333333333,1,26,26,0.357124270441616
492,12,6,0.239583333333333,0.114583333333333,1,24,24,0.345148199203461
493,13,6,0.260416666666667,0.114583333333333,1,17,17,0.333812935641499
494,14,6,0.28125,0.114583333333333,1,24,24,0.323167653878805
495,15,6,0.302083333333333,0.114583333333333,1,30,30,0.313263215480946
496,16,6,0.322916666666667,0.114583333333333,1,14,14,0.304151522322965
497,17,6,0.34375,0.114583333333333,1,18,18,0.295884682868274
498,18,6,0.364583333333333,0.114583333333333,1,28,28,0.288513990648491
499,19,6,0.385416666666667,0.114583333333333,1,28,28,0.282088730533725
500,20,6,0.40625,0.114583333333333,1,25,25,0.276654849263745
501,21,6,0.427083333333333,0.114583333333333,1,28,28,0.272253549661724
502,22,6,0.447916666666667,0.114583333333333,1,18,18,0.268919889637385
503,23,6,0.46875,0.114583333333333,1,13,13,0.266681483193137
504,24,6,0.489583333333333,0.114583333333333,1,17,17,0.26555740673587
505,25,6,0.510416666666667,0.114583333333333,1,18,18,0.26555740673587
506,26,6,0.53125,0.114583333333333,1,18,18,0.266681483193137
507,27,6,0.552083333333333,0.114583333333333,1,22,22,0.268919889637385
508,28,6,0.572916666666667,0.114583333333333,1,22,22,0.272253549661724
509,29,6,0.59375,0.114583333333333,1,23,23,0.276654849263745
510,30,6,0.614583333333333,0.114583333333333,1,21,21,0.282088730533725
511,31,6,0.635416666666667,0.114583333333333,1,24,24,0.288513990648491
512,32,6,0.65625,0.114583333333333,1,23,23,0.295884682868274
513,33,6,0.677083333333333,0.114583333333333,1,23,23,0.304151522322965
514,34,6,0.697916666666667,0.114583333333333,1,26,26,0.313263215480946
515,35,6,0.71875,0.114583333333333,1,22,22,0.323167653878805
516,36,6,0.739583333333333,0.114583333333333,1,23,23,0.333812935641499
517,37,6,0.760416666666667,0.114583333333333,1,22,22,0.345148199203461
518,38,6,0.78125,0.114583333333333,1,19,19,0.357124270441616
519,39,6,0.802083333333333,0.114583333333333,1,18,18,0.369694136397632
520,40,6,0.822916666666667,0.114583333333333,1,18,18,0.382813266089465
521,41,6,0.84375,0.114583333333333,1,31,31,0.396439802343356
522,42,6,0.864583333333333,0.114583333333333,1,25,25,0.410534649093618
523,43,6,0.885416666666667,0.114583333333333,1,21,21,0.42506147716463
524,44,6,0.90625,0.114583333333333,1,20,20,0.439986668988151
525,45,6,0.927083333333333,0.114583333333333,1,24,24,0.45527921964517
526,46,6,0.947916666666667,0.114583333333333,1,30,30,0.470910608486785
527,47,6,0.96875,0.114583333333333,1,19,19,0.48685465265123
528,48,6,0.989583333333333,0.114583333333333,1,15,15,0.503087351197424
529,49,6,1.01041666666667,0.114583333333333,1,31,31,0.519586726375365
530,50,6,1.03125,0.114583333333333,1,19,19,0.536332666750973
531,51,6,1.05208333333333,0.114583333333333,1,8,8,0.553306775466346
532,52,6,1.07291666666667,0.114583333333333,1,24,24,0.570492225799023
533,53,6,1.09375,0.114583333333333,1,15,15,0.587873625334667
534,54,6,1.11458333333333,0.114583333333333,1,16,16,0.605436889436673
535,55,6,1.13541666666667,0.114583333333333,1,32,32,0.62316912423904
536,56,6,1.15625,0.114583333333333,1,18,18,0.641058519066993
537,57,6,1.17708333333333,0.114583333333333,1,14,14,0.659094247971465
538,58,6,1.19791666666667,0.114583333333333,1,19,19,0.677266379923019
539,59,6,1.21875,0.114583333333333,1,20,20,0.695565797127641
540,60,6,1.23958333333333,0.114583333333333,1,19,19,0.713984120885337
541,61,6,1.26041666666667,0.114583333333333,1,20,20,0.732513644400422
542,62,6,1.28125,0.114583333333333,1,10,10,0.751147271960628
543,63,6,1.30208333333333,0.114583333333333,1,28,28,0.769878463923897
544,64,6,1.32291666666667,0.114583333333333,1,25,25,0.788701186981849
545,65,6,1.34375,0.114583333333333,1,12,12,0.807609869203883
546,66,6,1.36458333333333,0.114583333333333,1,23,23,0.826599359403028
547,67,6,1.38541666666667,0.114583333333333,1,13,13,0.845664890402232
548,68,6,1.40625,0.114583333333333,1,7,7,0.864802045816541
549,69,6,1.42708333333333,0.114583333333333,1,13,13,0.884006730001791
550,70,6,1.44791666666667,0.114583333333333,1,25,25,0.903275140853568
551,71,6,1.46875,0.114583333333333,1,17,17,0.922603745170928
552,72,6,1.48958333333333,0.114583333333333,1,19,19,0.941989256327744
553,73,6,1.51041666666667,0.114583333333333,1,27,27,0.961428614020464
554,74,6,1.53125,0.114583333333333,1,18,18,0.980918965884612
555,75,6,1.55208333333333,0.114583333333333,1,17,17,1.00045765079374
556,76,6,1.57291666666667,0.114583333333333,1,24,24,1.02004218367372
557,77,6,1.59375,0.114583333333333,1,18,18,1.03967024168271
558,78,6,1.61458333333333,0.114583333333333,1,16,16,1.05933965162242
559,79,6,1.63541666666667,0.114583333333333,1,19,19,1.07904837846056
560,80,6,1.65625,0.114583333333333,1,27,27,1.09879451485656
561,81,6,1.67708333333333,0.114583333333333,1,21,21,1.11857627159394
562,82,6,1.69791666666667,0.114583333333333,1,27,27,1.13839196883253
563,83,6,1.71875,0.114583333333333,1,16,16,1.15824002810288
564,84,6,1.73958333333333,0.114583333333333,1,23,23,1.17811896497286
565,85,6,1.76041666666667,0.114583333333333,1,20,20,1.19802738232389
566,86,6,1.78125,0.114583333333333,1,15,15,1.21796396418007
567,87,6,1.80208333333333,0.114583333333333,1,23,23,1.23792747003987
568,88,6,1.82291666666667,0.114583333333333,1,29,29,1.25791672966435
569,89,6,1.84375,0.114583333333333,1,24,24,1.2779306382809
570,90,6,1.86458333333333,0.114583333333333,1,25,25,1.29796815216547
571,91,6,1.88541666666667,0.114583333333333,1,18,18,1.31802828456961
572,92,6,1.90625,0.114583333333333,1,23,23,1.33811010196228
573,93,6,1.92708333333333,0.114583333333333,1,17,17,1.35821272055893
574,94,6,1.94791666666667,0.114583333333333,1,12,12,1.37833530311328
575,95,6,1.96875,0.114583333333333,1,31,31,1.3984770559493
576,96,6,1.98958333333333,0.114583333333333,1,14,14,1.41863722621315
577,1,7,0.0104166666666667,0.135416666666667,1,15,15,0.49042022183265
578,2,7,0.03125,0.135416666666667,1,19,19,0.473841367239134
579,3,7,0.0520833333333333,0.135416666666667,1,15,15,0.457538178151213
580,4,7,0.0729166666666667,0.135416666666667,1,28,28,0.441534665497648
581,5,7,0.09375,0.135416666666667,1,20,20,0.425857187773913
582,6,7,0.114583333333333,0.135416666666667,1,15,15,0.410534649093619
583,7,7,0.135416666666667,0.135416666666667,1,18,18,0.395598694615191
584,8,7,0.15625,0.135416666666667,1,20,20,0.381083894616904
585,9,7,0.177083333333333,0.135416666666667,1,14,14,0.36702790531504
586,10,7,0.197916666666667,0.135416666666667,1,22,22,0.35347159072348
587,11,7,0.21875,0.135416666666667,1,19,19,0.340459085527091
588,12,7,0.239583333333333,0.135416666666667,1,19,19,0.328037774325137
589,13,7,0.260416666666667,0.135416666666667,1,21,21,0.316258158153582
590,14,7,0.28125,0.135416666666667,1,20,20,0.305173575665803
591,15,7,0.302083333333333,0.135416666666667,1,24,24,0.294839744827914
592,16,7,0.322916666666667,0.135416666666667,1,14,14,0.285314092882161
593,17,7,0.34375,0.135416666666667,1,26,26,0.276654849263745
594,18,7,0.364583333333333,0.135416666666667,1,22,22,0.268919889637385
595,19,7,0.385416666666667,0.135416666666667,1,13,13,0.26216534016342
596,20,7,0.40625,0.135416666666667,1,18,18,0.25644397915818
597,21,7,0.427083333333333,0.135416666666667,1,17,17,0.251803506199474
598,22,7,0.447916666666667,0.135416666666667,1,21,21,0.248284781867994
599,23,7,0.46875,0.135416666666667,1,28,28,0.245920168130215
600,24,7,0.489583333333333,0.135416666666667,1,25,25,0.244732112500242
601,25,7,0.510416666666667,0.135416666666667,1,19,19,0.244732112500242
602,26,7,0.53125,0.135416666666667,1,18,18,0.245920168130215
603,27,7,0.552083333333333,0.135416666666667,1,23,23,0.248284781867994
604,28,7,0.572916666666667,0.135416666666667,1,25,25,0.251803506199474
605,29,7,0.59375,0.135416666666667,1,35,35,0.25644397915818
606,30,7,0.614583333333333,0.135416666666667,1,34,34,0.26216534016342
607,31,7,0.635416666666667,0.135416666666667,1,28,28,0.268919889637385
608,32,7,0.65625,0.135416666666667,1,32,32,0.276654849263745
609,33,7,0.677083333333333,0.135416666666667,1,18,18,0.285314092882161
610,34,7,0.697916666666667,0.135416666666667,1,15,15,0.294839744827914
611,35,7,0.71875,0.135416666666667,1,26,26,0.305173575665803
612,36,7,0.739583333333333,0.135416666666667,1,17,17,0.316258158153582
613,37,7,0.760416666666667,0.135416666666667,1,29,29,0.328037774325137
614,38,7,0.78125,0.135416666666667,1,22,22,0.340459085527091
615,39,7,0.802083333333333,0.135416666666667,1,22,22,0.35347159072348
616,40,7,0.822916666666667,0.135416666666667,1,17,17,0.36702790531504
617,41,7,0.84375,0.135416666666667,1,27,27,0.381083894616904
618,42,7,0.864583333333333,0.135416666666667,1,10,10,0.395598694615191
619,43,7,0.885416666666667,0.135416666666667,1,28,28,0.410534649093618
620,44,7,0.90625,0.135416666666667,1,23,23,0.425857187773913
621,45,7,0.927083333333333,0.135416666666667,1,20,20,0.441534665497648
622,46,7,0.947916666666667,0.135416666666667,1,20,20,0.457538178151213
623,47,7,0.96875,0.135416666666667,1,24,24,0.473841367239134
624,48,7,0.989583333333333,0.135416666666667,1,8,8,0.49042022183265
625,49,7,1.01041666666667,0.135416666666667,1,25,25,0.507252884055191
626,50,7,1.03125,0.135416666666667,1,17,17,0.524319462258005
627,51,7,1.05208333333333,0.135416666666667,1,19,19,0.541601854508351
628,52,7,1.07291666666667,0.135416666666667,1,20,20,0.559083583875276
629,53,7,1.09375,0.135416666666667,1,19,19,0.57674964617461
630,54,7,1.11458333333333,0.135416666666667,1,29,29,0.594586370255937
631,55,7,1.13541666666667,0.135416666666667,1,14,14,0.612581290521552
632,56,7,1.15625,0.135416666666667,1,19,19,0.630723031113635
633,57,7,1.17708333333333,0.135416666666667,1,27,27,0.649001201053823
634,58,7,1.19791666666667,0.135416666666667,1,22,22,0.667406299540177
635,59,7,1.21875,0.135416666666667,1,20,20,0.685929630578529
636,60,7,1.23958333333333,0.135416666666667,1,10,10,0.704563226131804
637,61,7,1.26041666666667,0.135416666666667,1,24,24,0.723299777000379
638,62,7,1.28125,0.135416666666667,1,22,22,0.74213257068994
639,63,7,1.30208333333333,0.135416666666667,1,13,13,0.761055435574604
640,64,7,1.32291666666667,0.135416666666667,1,23,23,0.780062690717831
641,65,7,1.34375,0.135416666666667,1,23,23,0.799149100768991
642,66,7,1.36458333333333,0.135416666666667,1,36,36,0.818309835407379
643,67,7,1.38541666666667,0.135416666666667,1,15,15,0.837540432856783
644,68,7,1.40625,0.135416666666667,1,18,18,0.856836767041682
645,69,7,1.42708333333333,0.135416666666667,1,19,19,0.876195018000436
646,70,7,1.44791666666667,0.135416666666667,1,25,25,0.895611645211342
647,71,7,1.46875,0.135416666666667,1,15,15,0.915083363524139
648,72,7,1.48958333333333,0.135416666666667,1,22,22,0.934607121422739
649,73,7,1.51041666666667,0.135416666666667,1,28,28,0.95418008137473
650,74,7,1.53125,0.135416666666667,1,20,20,0.973799602049866
651,75,7,1.55208333333333,0.135416666666667,1,14,14,0.993463222213568
652,76,7,1.57291666666667,0.135416666666667,1,22,22,1.0131686461227
653,77,7,1.59375,0.135416666666667,1,5,5,1.03291373026972
654,78,7,1.61458333333333,0.135416666666667,1,25,25,1.05269647133812
655,79,7,1.63541666666667,0.135416666666667,1,22,22,1.07251499524697
656,80,7,1.65625,0.135416666666667,1,25,25,1.09236754717554
657,81,7,1.67708333333333,0.135416666666667,1,22,22,1.11225248247084
658,82,7,1.69791666666667,0.135416666666667,1,19,19,1.13216825835118
659,83,7,1.71875,0.135416666666667,1,20,20,1.15211342632819
660,84,7,1.73958333333333,0.135416666666667,1,26,26,1.17208662527797
661,85,7,1.76041666666667,0.135416666666667,1,18,18,1.1920865750992
662,86,7,1.78125,0.135416666666667,1,24,24,1.21211207090261
663,87,7,1.80208333333333,0.135416666666667,1,19,19,1.232161977682
664,88,7,1.82291666666667,0.135416666666667,1,15,15,1.25223522542197
665,89,7,1.84375,0.135416666666667,1,15,15,1.27233080460228
666,90,7,1.86458333333333,0.135416666666667,1,27,27,1.29244776206257
667,91,7,1.88541666666667,0.135416666666667,1,8,8,1.31258519719499
668,92,7,1.90625,0.135416666666667,1,20,20,1.33274225843556
669,93,7,1.92708333333333,0.135416666666667,1,31,31,1.35291814002755
670,94,7,1.94791666666667,0.135416666666667,1,16,16,1.37311207903344
671,95,7,1.96875,0.135416666666667,1,11,11,1.39332335257355
672,96,7,1.98958333333333,0.135416666666667,1,13,13,1.41355127527217
673,1,8,0.0104166666666667,0.15625,1,7,7,0.478210583973385
674,2,8,0.03125,0.15625,1,28,28,0.461283601179321
675,3,8,0.0520833333333333,0.15625,1,24,24,0.444617926369485
676,4,8,0.0729166666666667,0.15625,1,19,19,0.428237390289199
677,5,8,0.09375,0.15625,1,24,24,0.4121683239352
678,6,8,0.114583333333333,0.15625,1,33,33,0.396439802343356
679,7,8,0.135416666666667,0.15625,1,30,30,0.381083894616904
680,8,8,0.15625,0.15625,1,21,21,0.366135912065751
681,9,8,0.177083333333333,0.15625,1,14,14,0.351634642611324
682,10,8,0.197916666666667,0.15625,1,17,17,0.33762255492685
683,11,8,0.21875,0.15625,1,22,22,0.324145950110997
684,12,8,0.239583333333333,0.15625,1,18,18,0.311255032176759
685,13,8,0.260416666666667,0.15625,1,16,16,0.299003861689974
686,14,8,0.28125,0.15625,1,23,23,0.287450150325166
687,15,8,0.302083333333333,0.15625,1,23,23,0.276654849263745
688,16,8,0.322916666666667,0.15625,1,20,20,0.266681483193137
689,17,8,0.34375,0.15625,1,24,24,0.25759518667483
690,18,8,0.364583333333333,0.15625,1,6,6,0.249461413561837
691,19,8,0.385416666666667,0.15625,1,31,31,0.242344315227627
692,20,8,0.40625,0.15625,1,19,19,0.236304820343481
693,21,8,0.427083333333333,0.15625,1,16,16,0.231398495696521
694,22,8,0.447916666666667,0.15625,1,19,19,0.227673318089138
695,23,8,0.46875,0.15625,1,24,24,0.225167531787102
696,24,8,0.489583333333333,0.15625,1,14,14,0.223907792067066
697,25,8,0.510416666666667,0.15625,1,23,23,0.223907792067066
698,26,8,0.53125,0.15625,1,18,18,0.225167531787102
699,27,8,0.552083333333333,0.15625,1,25,25,0.227673318089138
700,28,8,0.572916666666667,0.15625,1,23,23,0.231398495696521
701,29,8,0.59375,0.15625,1,12,12,0.236304820343481
702,30,8,0.614583333333333,0.15625,1,18,18,0.242344315227627
703,31,8,0.635416666666667,0.15625,1,15,15,0.249461413561837
704,32,8,0.65625,0.15625,1,26,26,0.25759518667483
705,33,8,0.677083333333333,0.15625,1,24,24,0.266681483193137
706,34,8,0.697916666666667,0.15625,1,26,26,0.276654849263745
707,35,8,0.71875,0.15625,1,29,29,0.287450150325166
708,36,8,0.739583333333333,0.15625,1,26,26,0.299003861689974
709,37,8,0.760416666666667,0.15625,1,20,20,0.311255032176759
710,38,8,0.78125,0.15625,1,24,24,0.324145950110997
711,39,8,0.802083333333333,0.15625,1,26,26,0.33762255492685
712,40,8,0.822916666666667,0.15625,1,19,19,0.351634642611324
713,41,8,0.84375,0.15625,1,20,20,0.366135912065751
714,42,8,0.864583333333333,0.15625,1,15,15,0.381083894616904
715,43,8,0.885416666666667,0.15625,1,10,10,0.396439802343356
716,44,8,0.90625,0.15625,1,7,7,0.4121683239352
717,45,8,0.927083333333333,0.15625,1,14,14,0.428237390289199
718,46,8,0.947916666666667,0.15625,1,15,15,0.444617926369485
719,47,8,0.96875,0.15625,1,27,27,0.461283601179321
720,48,8,0.989583333333333,0.15625,1,19,19,0.478210583973384
721,49,8,1.01041666666667,0.15625,1,26,26,0.495377311989247
722,50,8,1.03125,0.15625,1,21,21,0.512764272853643
723,51,8,1.05208333333333,0.15625,1,16,16,0.530353803282832
724,52,8,1.07291666666667,0.15625,1,23,23,0.548129904617691
725,53,8,1.09375,0.15625,1,21,21,0.56607807500313
726,54,8,1.11458333333333,0.15625,1,21,21,0.584185157548149
727,55,8,1.13541666666667,0.15625,1,27,27,0.602439203516654
728,56,8,1.15625,0.15625,1,13,13,0.620829349445606
729,57,8,1.17708333333333,0.15625,1,17,17,0.639345707025316
730,58,8,1.19791666666667,0.15625,1,15,15,0.657979264576577
731,59,8,1.21875,0.15625,1,17,17,0.676721798998873
732,60,8,1.23958333333333,0.15625,1,26,26,0.695565797127641
733,61,8,1.26041666666667,0.15625,1,26,26,0.714504385515405
734,62,8,1.28125,0.15625,1,24,24,0.733531267734229
735,63,8,1.30208333333333,0.15625,1,19,19,0.752640668380239
736,64,8,1.32291666666667,0.15625,1,26,26,0.771827283041833
737,65,8,1.34375,0.15625,1,19,19,0.791086233569578
738,66,8,1.36458333333333,0.15625,1,16,16,0.810413028056775
739,67,8,1.38541666666667,0.15625,1,27,27,0.829803525004572
740,68,8,1.40625,0.15625,1,22,22,0.849253901204426
741,69,8,1.42708333333333,0.15625,1,26,26,0.86876062292369
742,70,8,1.44791666666667,0.15625,1,21,21,0.888320420027505
743,71,8,1.46875,0.15625,1,33,33,0.907930262712408
744,72,8,1.48958333333333,0.15625,1,18,18,0.927587340564552
745,73,8,1.51041666666667,0.15625,1,20,20,0.947289043688624
746,74,8,1.53125,0.15625,1,15,15,0.96703294568288
747,75,8,1.55208333333333,0.15625,1,20,20,0.986816788261624
748,76,8,1.57291666666667,0.15625,1,15,15,1.00663846734927
749,77,8,1.59375,0.15625,1,20,20,1.02649602049026
750,78,8,1.61458333333333,0.15625,1,12,12,1.04638761543684
751,79,8,1.63541666666667,0.15625,1,25,25,1.06631153979233
752,80,8,1.65625,0.15625,1,27,27,1.08626619160117
753,81,8,1.67708333333333,0.15625,1,10,10,1.10625007078944
754,82,8,1.69791666666667,0.15625,1,10,10,1.12626177136979
755,83,8,1.71875,0.15625,1,24,24,1.14629997433468
756,84,8,1.73958333333333,0.15625,1,25,25,1.16636344116963
757,85,8,1.76041666666667,0.15625,1,22,22,1.1864510079261
758,86,8,1.78125,0.15625,1,23,23,1.20656157979945
759,87,8,1.80208333333333,0.15625,1,19,19,1.22669412616394
760,88,8,1.82291666666667,0.15625,1,8,8,1.24684767602116
761,89,8,1.84375,0.15625,1,27,27,1.26702131382326
762,90,8,1.86458333333333,0.15625,1,24,24,1.28721417563607
763,91,8,1.88541666666667,0.15625,1,23,23,1.30742544561101
764,92,8,1.90625,0.15625,1,14,14,1.32765435273756
765,93,8,1.92708333333333,0.15625,1,20,20,1.34790016785127
766,94,8,1.94791666666667,0.15625,1,29,29,1.36816220087432
767,95,8,1.96875,0.15625,1,21,21,1.3884397982684
768,96,8,1.98958333333333,0.15625,1,28,28,1.40873234068114
769,1,9,0.0104166666666667,0.177083333333333,1,14,14,0.466487010844135
770,2,9,0.03125,0.177083333333333,1,17,17,0.449211503846427
771,3,9,0.0520833333333333,0.177083333333333,1,22,22,0.432181595029107
772,4,9,0.0729166666666667,0.177083333333333,1,21,21,0.415420719829017
773,5,9,0.09375,0.177083333333333,1,25,25,0.398954946128381
774,6,9,0.114583333333333,0.177083333333333,1,30,30,0.382813266089465
775,7,9,0.135416666666667,0.177083333333333,1,22,22,0.36702790531504
776,8,9,0.15625,0.177083333333333,1,24,24,0.351634642611324
777,9,9,0.177083333333333,0.177083333333333,1,11,11,0.336673129516312
778,10,9,0.197916666666667,0.177083333333333,1,20,20,0.322187193266482
779,11,9,0.21875,0.177083333333333,1,10,10,0.308225099814468
780,12,9,0.239583333333333,0.177083333333333,1,15,15,0.294839744827914
781,13,9,0.260416666666667,0.177083333333333,1,26,26,0.282088730533725
782,14,9,0.28125,0.177083333333333,1,25,25,0.270034275559355
783,15,9,0.302083333333333,0.177083333333333,1,12,12,0.258742895056205
784,16,9,0.322916666666667,0.177083333333333,1,16,16,0.248284781867994
785,17,9,0.34375,0.177083333333333,1,20,20,0.238732819952553
786,18,9,0.364583333333333,0.177083333333333,1,26,26,0.230161173207742
787,19,9,0.385416666666667,0.177083333333333,1,25,25,0.222643420904136
788,20,9,0.40625,0.177083333333333,1,15,15,0.216250258157687
789,21,9,0.427083333333333,0.177083333333333,1,24,24,0.211046845459806
790,22,9,0.447916666666667,0.177083333333333,1,28,28,0.207089968085575
791,23,9,0.46875,0.177083333333333,1,25,25,0.20442523963328
792,24,9,0.489583333333333,0.177083333333333,1,9,9,0.203084633734809
793,25,9,0.510416666666667,0.177083333333333,1,22,22,0.203084633734809
794,26,9,0.53125,0.177083333333333,1,17,17,0.20442523963328
795,27,9,0.552083333333333,0.177083333333333,1,10,10,0.207089968085575
796,28,9,0.572916666666667,0.177083333333333,1,16,16,0.211046845459806
797,29,9,0.59375,0.177083333333333,1,14,14,0.216250258157687
798,30,9,0.614583333333333,0.177083333333333,1,16,16,0.222643420904136
799,31,9,0.635416666666667,0.177083333333333,1,23,23,0.230161173207742
800,32,9,0.65625,0.177083333333333,1,20,20,0.238732819952553
801,33,9,0.677083333333333,0.177083333333333,1,25,25,0.248284781867993
802,34,9,0.697916666666667,0.177083333333333,1,24,24,0.258742895056205
803,35,9,0.71875,0.177083333333333,1,25,25,0.270034275559355
804,36,9,0.739583333333333,0.177083333333333,1,14,14,0.282088730533725
805,37,9,0.760416666666667,0.177083333333333,1,10,10,0.294839744827914
806,38,9,0.78125,0.177083333333333,1,15,15,0.308225099814468
807,39,9,0.802083333333333,0.177083333333333,1,23,23,0.322187193266482
808,40,9,0.822916666666667,0.177083333333333,1,23,23,0.336673129516312
809,41,9,0.84375,0.177083333333333,1,14,14,0.351634642611324
810,42,9,0.864583333333333,0.177083333333333,1,23,23,0.36702790531504
811,43,9,0.885416666666667,0.177083333333333,1,12,12,0.382813266089465
812,44,9,0.90625,0.177083333333333,1,24,24,0.398954946128381
813,45,9,0.927083333333333,0.177083333333333,1,15,15,0.415420719829017
814,46,9,0.947916666666667,0.177083333333333,1,19,19,0.432181595029107
815,47,9,0.96875,0.177083333333333,1,12,12,0.449211503846427
816,48,9,0.989583333333333,0.177083333333333,1,18,18,0.466487010844135
817,49,9,1.01041666666667,0.177083333333333,1,15,15,0.483987042263509
818,50,9,1.03125,0.177083333333333,1,16,16,0.501692637974032
819,51,9,1.05208333333333,0.177083333333333,1,22,22,0.519586726375365
820,52,9,1.07291666666667,0.177083333333333,1,20,20,0.537653921569358
821,53,9,1.09375,0.177083333333333,1,22,22,0.555880341562847
822,54,9,1.11458333333333,0.177083333333333,1,19,19,0.574253445956318
823,55,9,1.13541666666667,0.177083333333333,1,17,17,0.592761891439833
824,56,9,1.15625,0.177083333333333,1,15,15,0.611395403397582
825,57,9,1.17708333333333,0.177083333333333,1,17,17,0.630144661974535
826,58,9,1.19791666666667,0.177083333333333,1,6,6,0.649001201053823
827,59,9,1.21875,0.177083333333333,1,17,17,0.66795731871156
828,60,9,1.23958333333333,0.177083333333333,1,14,14,0.687005997843607
829,61,9,1.26041666666667,0.177083333333333,1,15,15,0.706140835787431
830,62,9,1.28125,0.177083333333333,1,25,25,0.725355981886395
831,63,9,1.30208333333333,0.177083333333333,1,20,20,0.744646082060297
832,64,9,1.32291666666667,0.177083333333333,1,22,22,0.764006229553214
833,65,9,1.34375,0.177083333333333,1,16,16,0.783431921126939
834,66,9,1.36458333333333,0.177083333333333,1,17,17,0.802919018055695
835,67,9,1.38541666666667,0.177083333333333,1,18,18,0.822463711355627
836,68,9,1.40625,0.177083333333333,1,16,16,0.842062490751568
837,69,9,1.42708333333333,0.177083333333333,1,11,11,0.861712116944451
838,70,9,1.44791666666667,0.177083333333333,1,13,13,0.881409596796214
839,71,9,1.46875,0.177083333333333,1,21,21,0.901152161096039
840,72,9,1.48958333333333,0.177083333333333,1,27,27,0.920937244612864
841,73,9,1.51041666666667,0.177083333333333,1,18,18,0.94076246817508
842,74,9,1.53125,0.177083333333333,1,15,15,0.960625622549785
843,75,9,1.55208333333333,0.177083333333333,1,12,12,0.980524653921433
844,76,9,1.57291666666667,0.177083333333333,1,13,13,1.00045765079374
845,77,9,1.59375,0.177083333333333,1,16,16,1.02042283215968
846,78,9,1.61458333333333,0.177083333333333,1,18,18,1.0404185368028
847,79,9,1.63541666666667,0.177083333333333,1,22,22,1.060443213609
848,80,9,1.65625,0.177083333333333,1,14,14,1.0804954127822
849,81,9,1.67708333333333,0.177083333333333,1,21,21,1.10057377786934
850,82,9,1.69791666666667,0.177083333333333,1,30,30,1.12067703851119
851,83,9,1.71875,0.177083333333333,1,19,19,1.14080400384481
852,84,9,1.73958333333333,0.177083333333333,1,27,27,1.16095355649176
853,85,9,1.76041666666667,0.177083333333333,1,24,24,1.18112464707353
854,86,9,1.78125,0.177083333333333,1,16,16,1.20131628920221
855,87,9,1.80208333333333,0.177083333333333,1,21,21,1.22152755489984
856,88,9,1.82291666666667,0.177083333333333,1,22,22,1.24175757040508
857,89,9,1.84375,0.177083333333333,1,15,15,1.26200551233022
858,90,9,1.86458333333333,0.177083333333333,1,20,20,1.28227060413539
859,91,9,1.88541666666667,0.177083333333333,1,22,22,1.30255211289038
860,92,9,1.90625,0.177083333333333,1,21,21,1.3228493462975
861,93,9,1.92708333333333,0.177083333333333,1,27,27,1.34316164995153
862,94,9,1.94791666666667,0.177083333333333,1,32,32,1.36348840481556
863,95,9,1.96875,0.177083333333333,1,23,23,1.38382902489316
864,96,9,1.98958333333333,0.177083333333333,1,32,32,1.40418295507972
865,1,10,0.0104166666666667,0.197916666666667,1,17,17,0.45527921964517
866,2,10,0.03125,0.197916666666667,1,29,29,0.437656617263507
867,3,10,0.0520833333333333,0.197916666666667,1,22,22,0.420262603328748
868,4,10,0.0729166666666667,0.197916666666667,1,17,17,0.403119980395405
869,5,10,0.09375,0.197916666666667,1,15,15,0.386254286675953
870,6,10,0.114583333333333,0.197916666666667,1,19,19,0.369694136397632
871,7,10,0.135416666666667,0.197916666666667,1,19,19,0.35347159072348
872,8,10,0.15625,0.197916666666667,1,24,24,0.33762255492685
873,9,10,0.177083333333333,0.197916666666667,1,20,20,0.322187193266482
874,10,10,0.197916666666667,0.197916666666667,1,19,19,0.307210346966873
875,11,10,0.21875,0.197916666666667,1,18,18,0.292741932419978
876,12,10,0.239583333333333,0.197916666666667,1,22,22,0.278837285814097
877,13,10,0.260416666666667,0.197916666666667,1,13,13,0.26555740673587
878,14,10,0.28125,0.197916666666667,1,11,11,0.252969037291003
879,15,10,0.302083333333333,0.197916666666667,1,26,26,0.241144496319994
880,16,10,0.322916666666667,0.197916666666667,1,14,14,0.230161173207742
881,17,10,0.34375,0.197916666666667,1,24,24,0.220100577444052
882,18,10,0.364583333333333,0.197916666666667,1,19,19,0.211046845459806
883,19,10,0.385416666666667,0.197916666666667,1,28,28,0.203084633734809
884,20,10,0.40625,0.197916666666667,1,13,13,0.196296384389354
885,21,10,0.427083333333333,0.197916666666667,1,17,17,0.190759039378673
886,22,10,0.447916666666667,0.197916666666667,1,14,14,0.186540395199212
887,23,10,0.46875,0.197916666666667,1,18,18,0.183695411189859
888,24,10,0.489583333333333,0.197916666666667,1,16,16,0.182262877678061
889,25,10,0.510416666666667,0.197916666666667,1,19,19,0.182262877678061
890,26,10,0.53125,0.197916666666667,1,21,21,0.183695411189859
891,27,10,0.552083333333333,0.197916666666667,1,18,18,0.186540395199212
892,28,10,0.572916666666667,0.197916666666667,1,21,21,0.190759039378673
893,29,10,0.59375,0.197916666666667,1,20,20,0.196296384389354
894,30,10,0.614583333333333,0.197916666666667,1,20,20,0.203084633734809
895,31,10,0.635416666666667,0.197916666666667,1,19,19,0.211046845459806
896,32,10,0.65625,0.197916666666667,1,15,15,0.220100577444052
897,33,10,0.677083333333333,0.197916666666667,1,20,20,0.230161173207742
898,34,10,0.697916666666667,0.197916666666667,1,19,19,0.241144496319994
899,35,10,0.71875,0.197916666666667,1,20,20,0.252969037291003
900,36,10,0.739583333333333,0.197916666666667,1,25,25,0.26555740673587
901,37,10,0.760416666666667,0.197916666666667,1,22,22,0.278837285814097
902,38,10,0.78125,0.197916666666667,1,25,25,0.292741932419978
903,39,10,0.802083333333333,0.197916666666667,1,15,15,0.307210346966872
904,40,10,0.822916666666667,0.197916666666667,1,24,24,0.322187193266482
905,41,10,0.84375,0.197916666666667,1,13,13,0.33762255492685
906,42,10,0.864583333333333,0.197916666666667,1,10,10,0.35347159072348
907,43,10,0.885416666666667,0.197916666666667,1,22,22,0.369694136397632
908,44,10,0.90625,0.197916666666667,1,24,24,0.386254286675953
909,45,10,0.927083333333333,0.197916666666667,1,21,21,0.403119980395405
910,46,10,0.947916666666667,0.197916666666667,1,23,23,0.420262603328747
911,47,10,0.96875,0.197916666666667,1,28,28,0.437656617263507
912,48,10,0.989583333333333,0.197916666666667,1,15,15,0.45527921964517
913,49,10,1.01041666666667,0.197916666666667,1,11,11,0.473110035228615
914,50,10,1.03125,0.197916666666667,1,27,27,0.491130839328026
915,51,10,1.05208333333333,0.197916666666667,1,17,17,0.509325311124717
916,52,10,1.07291666666667,0.197916666666667,1,19,19,0.527678814862909
917,53,10,1.09375,0.197916666666667,1,15,15,0.546178206471645
918,54,10,1.11458333333333,0.197916666666667,1,32,32,0.5648116630789
919,55,10,1.13541666666667,0.197916666666667,1,17,17,0.583568532948678
920,56,10,1.15625,0.197916666666667,1,19,19,0.602439203516654
921,57,10,1.17708333333333,0.197916666666667,1,19,19,0.621414985386427
922,58,10,1.19791666666667,0.197916666666667,1,14,14,0.640488010351832
923,59,10,1.21875,0.197916666666667,1,22,22,0.659651141715176
924,60,10,1.23958333333333,0.197916666666667,1,27,27,0.67889789536725
925,61,10,1.26041666666667,0.197916666666667,1,20,20,0.698222370277312
926,62,10,1.28125,0.197916666666667,1,20,20,0.717619187207276
927,63,10,1.30208333333333,0.197916666666667,1,18,18,0.737083434613509
928,64,10,1.32291666666667,0.197916666666667,1,20,20,0.756610620832052
929,65,10,1.34375,0.197916666666667,1,21,21,0.776196631759893
930,66,10,1.36458333333333,0.197916666666667,1,23,23,0.795837693347219
931,67,10,1.38541666666667,0.197916666666667,1,11,11,0.815530338304904
932,68,10,1.40625,0.197916666666667,1,10,10,0.835271376509198
933,69,10,1.42708333333333,0.197916666666667,1,16,16,0.855057868653047
934,70,10,1.44791666666667,0.197916666666667,1,24,24,0.874887102751977
935,71,10,1.46875,0.197916666666667,1,21,21,0.89475657316313
936,72,10,1.48958333333333,0.197916666666667,1,20,20,0.914663961819918
937,73,10,1.51041666666667,0.197916666666667,1,27,27,0.934607121422739
938,74,10,1.53125,0.197916666666667,1,22,22,0.954584060359067
939,75,10,1.55208333333333,0.197916666666667,1,13,13,0.974592929154741
940,76,10,1.57291666666667,0.197916666666667,1,35,35,0.994632008282953
941,77,10,1.59375,0.197916666666667,1,22,22,1.01469969717885
942,78,10,1.61458333333333,0.197916666666667,1,16,16,1.0347945043263
943,79,10,1.63541666666667,0.197916666666667,1,21,21,1.05491503829946
944,80,10,1.65625,0.197916666666667,1,11,11,1.07505999965599
945,81,10,1.67708333333333,0.197916666666667,1,22,22,1.09522817359082
946,82,10,1.69791666666667,0.197916666666667,1,28,28,1.11541842327025
947,83,10,1.71875,0.197916666666667,1,28,28,1.13562968377535
948,84,10,1.73958333333333,0.197916666666667,1,21,21,1.15586095659188
949,85,10,1.76041666666667,0.197916666666667,1,21,21,1.17611130459112
950,86,10,1.78125,0.197916666666667,1,24,24,1.19637984745201
951,87,10,1.80208333333333,0.197916666666667,1,16,16,1.21666575748099
952,88,10,1.82291666666667,0.197916666666667,1,12,12,1.23696825579017
953,89,10,1.84375,0.197916666666667,1,20,20,1.25728660879926
954,90,10,1.86458333333333,0.197916666666667,1,12,12,1.27762012503001
955,91,10,1.88541666666667,0.197916666666667,1,19,19,1.29796815216547
956,92,10,1.90625,0.197916666666667,1,14,14,1.31833007434934
957,93,10,1.92708333333333,0.197916666666667,1,24,24,1.33870530970294
958,94,10,1.94791666666667,0.197916666666667,1,28,28,1.35909330804006
959,95,10,1.96875,0.197916666666667,1,25,25,1.37949354876164
960,96,10,1.98958333333333,0.197916666666667,1,31,31,1.39990553891425
961,1,11,0.0104166666666667,0.21875,1,19,19,0.444617926369485
962,2,11,0.03125,0.21875,1,27,27,0.426651740141747
963,3,11,0.0520833333333333,0.21875,1,12,12,0.408895928116088
964,4,11,0.0729166666666667,0.21875,1,16,16,0.391372404526399
965,5,11,0.09375,0.21875,1,19,19,0.374105884401309
966,6,11,0.114583333333333,0.21875,1,27,27,0.357124270441616
967,7,11,0.135416666666667,0.21875,1,28,28,0.340459085527091
968,8,11,0.15625,0.21875,1,18,18,0.324145950110997
969,9,11,0.177083333333333,0.21875,1,25,25,0.308225099814468
970,10,11,0.197916666666667,0.21875,1,30,30,0.292741932419978
971,11,11,0.21875,0.21875,1,20,20,0.277747564417433
972,12,11,0.239583333333333,0.21875,1,27,27,0.26329936443696
973,13,11,0.260416666666667,0.21875,1,20,20,0.249461413561838
974,14,11,0.28125,0.21875,1,19,19,0.236304820343481
975,15,11,0.302083333333333,0.21875,1,19,19,0.223907792067066
976,16,11,0.322916666666667,0.21875,1,19,19,0.212355336115496
977,17,11,0.34375,0.21875,1,17,17,0.201738441905844
978,18,11,0.364583333333333,0.21875,1,14,14,0.19215258466191
979,19,11,0.385416666666667,0.21875,1,20,20,0.183695411189859
980,20,11,0.40625,0.21875,1,24,24,0.176463530640786
981,21,11,0.427083333333333,0.21875,1,14,14,0.170548451687112
982,22,11,0.447916666666667,0.21875,1,7,7,0.166031879536375
983,23,11,0.46875,0.21875,1,23,23,0.162980785566794
984,24,11,0.489583333333333,0.21875,1,28,28,0.161442835127215
985,25,11,0.510416666666667,0.21875,1,29,29,0.161442835127215
986,26,11,0.53125,0.21875,1,20,20,0.162980785566794
987,27,11,0.552083333333333,0.21875,1,17,17,0.166031879536375
988,28,11,0.572916666666667,0.21875,1,23,23,0.170548451687112
989,29,11,0.59375,0.21875,1,18,18,0.176463530640786
990,30,11,0.614583333333333,0.21875,1,31,31,0.183695411189859
991,31,11,0.635416666666667,0.21875,1,27,27,0.19215258466191
992,32,11,0.65625,0.21875,1,20,20,0.201738441905844
993,33,11,0.677083333333333,0.21875,1,15,15,0.212355336115496
994,34,11,0.697916666666667,0.21875,1,19,19,0.223907792067066
995,35,11,0.71875,0.21875,1,16,16,0.236304820343481
996,36,11,0.739583333333333,0.21875,1,25,25,0.249461413561837
997,37,11,0.760416666666667,0.21875,1,21,21,0.26329936443696
998,38,11,0.78125,0.21875,1,18,18,0.277747564417433
999,39,11,0.802083333333333,0.21875,1,20,20,0.292741932419978
1000,40,11,0.822916666666667,0.21875,1,31,31,0.308225099814468
1001,41,11,0.84375,0.21875,1,29,29,0.324145950110997
1002,42,11,0.864583333333333,0.21875,1,31,31,0.34045908552709
1003,43,11,0.885416666666667,0.21875,1,22,22,0.357124270441616
1004,44,11,0.90625,0.21875,1,11,11,0.374105884401309
1005,45,11,0.927083333333333,0.21875,1,20,20,0.391372404526399
1006,46,11,0.947916666666667,0.21875,1,17,17,0.408895928116088
1007,47,11,0.96875,0.21875,1,20,20,0.426651740141747
1008,48,11,0.989583333333333,0.21875,1,19,19,0.444617926369485
1009,49,11,1.01041666666667,0.21875,1,21,21,0.462775030445807
1010,50,11,1.03125,0.21875,1,11,11,0.481105751927229
1011,51,11,1.05208333333333,0.21875,1,7,7,0.499594681581794
1012,52,11,1.07291666666667,0.21875,1,25,25,0.518228070085016
1013,53,11,1.09375,0.21875,1,14,14,0.536993626300895
1014,54,11,1.11458333333333,0.21875,1,8,8,0.555880341562847
1015,55,11,1.13541666666667,0.21875,1,4,4,0.574878336673246
1016,56,11,1.15625,0.21875,1,12,12,0.593978728674741
1017,57,11,1.17708333333333,0.21875,1,21,21,0.613173514781991
1018,58,11,1.19791666666667,0.21875,1,19,19,0.632455471181592
1019,59,11,1.21875,0.21875,1,21,21,0.651818064701779
1020,60,11,1.23958333333333,0.21875,1,27,27,0.671255375618039
1021,61,11,1.26041666666667,0.21875,1,26,26,0.690762030095418
1022,62,11,1.28125,0.21875,1,13,13,0.710333140974151
1023,63,11,1.30208333333333,0.21875,1,21,21,0.729964255784389
1024,64,11,1.32291666666667,0.21875,1,18,18,0.749651311030908
1025,65,11,1.34375,0.21875,1,19,19,0.769390591922357
1026,66,11,1.36458333333333,0.21875,1,6,6,0.789178696834554
1027,67,11,1.38541666666667,0.21875,1,14,14,0.809012505895971
1028,68,11,1.40625,0.21875,1,15,15,0.828889153168061
1029,69,11,1.42708333333333,0.21875,1,19,19,0.848806001965535
1030,70,11,1.44791666666667,0.21875,1,22,22,0.86876062292369
1031,71,11,1.46875,0.21875,1,25,25,0.888750774473061
1032,72,11,1.48958333333333,0.21875,1,11,11,0.908774385427199
1033,73,11,1.51041666666667,0.21875,1,29,29,0.928829539428489
1034,74,11,1.53125,0.21875,1,21,21,0.948914461030442
1035,75,11,1.55208333333333,0.21875,1,26,26,0.96902750322376
1036,76,11,1.57291666666667,0.21875,1,21,21,0.989167136238318
1037,77,11,1.59375,0.21875,1,13,13,1.00933193747454
1038,78,11,1.61458333333333,0.21875,1,8,8,1.02952058243619
1039,79,11,1.63541666666667,0.21875,1,9,9,1.04973183655248
1040,80,11,1.65625,0.21875,1,24,24,1.06996454779124
1041,81,11,1.67708333333333,0.21875,1,19,19,1.09021763997684
1042,82,11,1.69791666666667,0.21875,1,10,10,1.11049010673706
1043,83,11,1.71875,0.21875,1,19,19,1.13078100601184
1044,84,11,1.73958333333333,0.21875,1,23,23,1.15108945506513
1045,85,11,1.76041666666667,0.21875,1,25,25,1.1714146259475
1046,86,11,1.78125,0.21875,1,25,25,1.19175574136346
1047,87,11,1.80208333333333,0.21875,1,12,12,1.21211207090261
1048,88,11,1.82291666666667,0.21875,1,14,14,1.23248292759814
1049,89,11,1.84375,0.21875,1,20,20,1.25286766478055
1050,90,11,1.86458333333333,0.21875,1,18,18,1.27326567319773
1051,91,11,1.88541666666667,0.21875,1,19,19,1.29367637837582
1052,92,11,1.90625,0.21875,1,19,19,1.31409923819797
1053,93,11,1.92708333333333,0.21875,1,21,21,1.33453374068042
1054,94,11,1.94791666666667,0.21875,1,15,15,1.35497940192774
1055,95,11,1.96875,0.21875,1,22,22,1.37543576425067
1056,96,11,1.98958333333333,0.21875,1,24,24,1.39590239443193
1057,1,12,0.0104166666666667,0.239583333333333,1,19,19,0.43453465225859
1058,2,12,0.03125,0.239583333333333,1,16,16,0.41623073650974
1059,3,12,0.0520833333333333,0.239583333333333,1,13,13,0.398117921476912
1060,4,12,0.0729166666666667,0.239583333333333,1,27,27,0.38021696681429
1061,5,12,0.09375,0.239583333333333,1,30,30,0.36255145091252
1062,6,12,0.114583333333333,0.239583333333333,1,36,36,0.345148199203461
1063,7,12,0.135416666666667,0.239583333333333,1,24,24,0.328037774325137
1064,8,12,0.15625,0.239583333333333,1,25,25,0.311255032176759
1065,9,12,0.177083333333333,0.239583333333333,1,20,20,0.294839744827914
1066,10,12,0.197916666666667,0.239583333333333,1,27,27,0.278837285814097
1067,11,12,0.21875,0.239583333333333,1,19,19,0.26329936443696
1068,12,12,0.239583333333333,0.239583333333333,1,22,22,0.248284781867994
1069,13,12,0.260416666666667,0.239583333333333,1,15,15,0.233860161488813
1070,14,12,0.28125,0.239583333333333,1,24,24,0.220100577444052
1071,15,12,0.302083333333333,0.239583333333333,1,19,19,0.207089968085575
1072,16,12,0.322916666666667,0.239583333333333,1,17,17,0.194921176204812
1073,17,12,0.34375,0.239583333333333,1,18,18,0.183695411189859
1074,18,12,0.364583333333333,0.239583333333333,1,18,18,0.173520891741779
1075,19,12,0.385416666666667,0.239583333333333,1,32,32,0.164510422578076
1076,20,12,0.40625,0.239583333333333,1,32,32,0.15677771365805
1077,21,12,0.427083333333333,0.239583333333333,1,21,21,0.150432395536399
1078,22,12,0.447916666666667,0.239583333333333,1,25,25,0.145573932999624
1079,23,12,0.46875,0.239583333333333,1,24,24,0.142284964833629
1080,24,12,0.489583333333333,0.239583333333333,1,20,20,0.140624916733267
1081,25,12,0.510416666666667,0.239583333333333,1,29,29,0.140624916733267
1082,26,12,0.53125,0.239583333333333,1,20,20,0.142284964833629
1083,27,12,0.552083333333333,0.239583333333333,1,27,27,0.145573932999624
1084,28,12,0.572916666666667,0.239583333333333,1,11,11,0.150432395536399
1085,29,12,0.59375,0.239583333333333,1,14,14,0.15677771365805
1086,30,12,0.614583333333333,0.239583333333333,1,16,16,0.164510422578076
1087,31,12,0.635416666666667,0.239583333333333,1,21,21,0.173520891741779
1088,32,12,0.65625,0.239583333333333,1,20,20,0.183695411189859
1089,33,12,0.677083333333333,0.239583333333333,1,20,20,0.194921176204812
1090,34,12,0.697916666666667,0.239583333333333,1,20,20,0.207089968085575
1091,35,12,0.71875,0.239583333333333,1,12,12,0.220100577444052
1092,36,12,0.739583333333333,0.239583333333333,1,16,16,0.233860161488813
1093,37,12,0.760416666666667,0.239583333333333,1,30,30,0.248284781867994
1094,38,12,0.78125,0.239583333333333,1,26,26,0.26329936443696
1095,39,12,0.802083333333333,0.239583333333333,1,27,27,0.278837285814097
1096,40,12,0.822916666666667,0.239583333333333,1,17,17,0.294839744827914
1097,41,12,0.84375,0.239583333333333,1,18,18,0.311255032176759
1098,42,12,0.864583333333333,0.239583333333333,1,18,18,0.328037774325137
1099,43,12,0.885416666666667,0.239583333333333,1,22,22,0.345148199203461
1100,44,12,0.90625,0.239583333333333,1,21,21,0.36255145091252
1101,45,12,0.927083333333333,0.239583333333333,1,22,22,0.38021696681429
1102,46,12,0.947916666666667,0.239583333333333,1,23,23,0.398117921476912
1103,47,12,0.96875,0.239583333333333,1,4,4,0.41623073650974
1104,48,12,0.989583333333333,0.239583333333333,1,28,28,0.43453465225859
1105,49,12,1.01041666666667,0.239583333333333,1,20,20,0.453011355811461
1106,50,12,1.03125,0.239583333333333,1,18,18,0.471644659215122
1107,51,12,1.05208333333333,0.239583333333333,1,27,27,0.49042022183265
1108,52,12,1.07291666666667,0.239583333333333,1,17,17,0.509325311124717
1109,53,12,1.09375,0.239583333333333,1,20,20,0.52834859664981
1110,54,12,1.11458333333333,0.239583333333333,1,25,25,0.547479972650033
1111,55,12,1.13541666666667,0.239583333333333,1,20,20,0.566710405160396
1112,56,12,1.15625,0.239583333333333,1,11,11,0.586031800117939
1113,57,12,1.17708333333333,0.239583333333333,1,13,13,0.605436889436673
1114,58,12,1.19791666666667,0.239583333333333,1,19,19,0.624919132449213
1115,59,12,1.21875,0.239583333333333,1,34,34,0.644472630496199
1116,60,12,1.23958333333333,0.239583333333333,1,16,16,0.664092052773284
1117,61,12,1.26041666666667,0.239583333333333,1,19,19,0.683772571827518
1118,62,12,1.28125,0.239583333333333,1,20,20,0.703509807335515
1119,63,12,1.30208333333333,0.239583333333333,1,25,25,0.723299777000379
1120,64,12,1.32291666666667,0.239583333333333,1,24,24,0.743138853577775
1121,65,12,1.34375,0.239583333333333,1,14,14,0.763023727188448
1122,66,12,1.36458333333333,0.239583333333333,1,31,31,0.782951372198722
1123,67,12,1.38541666666667,0.239583333333333,1,15,15,0.802919018055695
1124,68,12,1.40625,0.239583333333333,1,14,14,0.82292412355278
1125,69,12,1.42708333333333,0.239583333333333,1,11,11,0.842964354076631
1126,70,12,1.44791666666667,0.239583333333333,1,19,19,0.863037561450335
1127,71,12,1.46875,0.239583333333333,1,27,27,0.883141766041958
1128,72,12,1.48958333333333,0.239583333333333,1,18,18,0.903275140853568
1129,73,12,1.51041666666667,0.239583333333333,1,25,25,0.923435997345096
1130,74,12,1.53125,0.239583333333333,1,14,14,0.943622772780734
1131,75,12,1.55208333333333,0.239583333333333,1,27,27,0.96383401891413
1132,76,12,1.57291666666667,0.239583333333333,1,31,31,0.984068391853009
1133,77,12,1.59375,0.239583333333333,1,10,10,1.00432464296473
1134,78,12,1.61458333333333,0.239583333333333,1,15,15,1.02460161070227
1135,79,12,1.63541666666667,0.239583333333333,1,13,13,1.04489821324536
1136,80,12,1.65625,0.239583333333333,1,22,22,1.06521344186513
1137,81,12,1.67708333333333,0.239583333333333,1,18,18,1.08554635493161
1138,82,12,1.69791666666667,0.239583333333333,1,23,23,1.10589607249373
1139,83,12,1.71875,0.239583333333333,1,20,20,1.12626177136979
1140,84,12,1.73958333333333,0.239583333333333,1,16,16,1.14664268069395
1141,85,12,1.76041666666667,0.239583333333333,1,17,17,1.16703807787062
1142,86,12,1.78125,0.239583333333333,1,31,31,1.18744728489441
1143,87,12,1.80208333333333,0.239583333333333,1,15,15,1.20786966499812
1144,88,12,1.82291666666667,0.239583333333333,1,17,17,1.22830461959537
1145,89,12,1.84375,0.239583333333333,1,21,21,1.24875158548868
1146,90,12,1.86458333333333,0.239583333333333,1,27,27,1.26921003231653
1147,91,12,1.88541666666667,0.239583333333333,1,22,22,1.28967946021624
1148,92,12,1.90625,0.239583333333333,1,17,17,1.31015939768187
1149,93,12,1.92708333333333,0.239583333333333,1,17,17,1.33064939959852
1150,94,12,1.94791666666667,0.239583333333333,1,14,14,1.35114904543656
1151,95,12,1.96875,0.239583333333333,1,15,15,1.37165793759085
1152,96,12,1.98958333333333,0.239583333333333,1,22,22,1.39217569985178
1153,1,13,0.0104166666666667,0.260416666666667,1,8,8,0.42506147716463
1154,2,13,0.03125,0.260416666666667,1,23,23,0.406428282020553
1155,3,13,0.0520833333333333,0.260416666666667,1,20,20,0.387966055843192
1156,4,13,0.0729166666666667,0.260416666666667,1,17,17,0.369694136397632
1157,5,13,0.09375,0.260416666666667,1,31,31,0.351634642611324
1158,6,13,0.114583333333333,0.260416666666667,1,22,22,0.333812935641499
1159,7,13,0.135416666666667,0.260416666666667,1,22,22,0.316258158153582
1160,8,13,0.15625,0.260416666666667,1,10,10,0.299003861689974
1161,9,13,0.177083333333333,0.260416666666667,1,24,24,0.282088730533725
1162,10,13,0.197916666666667,0.260416666666667,1,18,18,0.26555740673587
1163,11,13,0.21875,0.260416666666667,1,21,21,0.249461413561838
1164,12,13,0.239583333333333,0.260416666666667,1,19,19,0.233860161488813
1165,13,13,0.260416666666667,0.260416666666667,1,27,27,0.218821999318554
1166,14,13,0.28125,0.260416666666667,1,4,4,0.20442523963328
1167,15,13,0.302083333333333,0.260416666666667,1,13,13,0.190759039378673
1168,16,13,0.322916666666667,0.260416666666667,1,24,24,0.177923950959898
1169,17,13,0.34375,0.260416666666667,1,18,18,0.166031879536375
1170,18,13,0.364583333333333,0.260416666666667,1,25,25,0.155205100283811
1171,19,13,0.385416666666667,0.260416666666667,1,6,6,0.145573932999624
1172,20,13,0.40625,0.260416666666667,1,26,26,0.137272688233926
1173,21,13,0.427083333333333,0.260416666666667,1,21,21,0.130433651670236
1174,22,13,0.447916666666667,0.260416666666667,1,16,16,0.125179214498746
1175,23,13,0.46875,0.260416666666667,1,27,27,0.121612781348817
1176,24,13,0.489583333333333,0.260416666666667,1,8,8,0.119809675692111
1177,25,13,0.510416666666667,0.260416666666667,1,26,26,0.119809675692111
1178,26,13,0.53125,0.260416666666667,1,19,19,0.121612781348817
1179,27,13,0.552083333333333,0.260416666666667,1,19,19,0.125179214498746
1180,28,13,0.572916666666667,0.260416666666667,1,25,25,0.130433651670236
1181,29,13,0.59375,0.260416666666667,1,20,20,0.137272688233926
1182,30,13,0.614583333333333,0.260416666666667,1,15,15,0.145573932999624
1183,31,13,0.635416666666667,0.260416666666667,1,14,14,0.155205100283811
1184,32,13,0.65625,0.260416666666667,1,13,13,0.166031879536375
1185,33,13,0.677083333333333,0.260416666666667,1,29,29,0.177923950959898
1186,34,13,0.697916666666667,0.260416666666667,1,21,21,0.190759039378673
1187,35,13,0.71875,0.260416666666667,1,26,26,0.20442523963328
1188,36,13,0.739583333333333,0.260416666666667,1,12,12,0.218821999318554
1189,37,13,0.760416666666667,0.260416666666667,1,28,28,0.233860161488813
1190,38,13,0.78125,0.260416666666667,1,15,15,0.249461413561838
1191,39,13,0.802083333333333,0.260416666666667,1,17,17,0.26555740673587
1192,40,13,0.822916666666667,0.260416666666667,1,31,31,0.282088730533725
1193,41,13,0.84375,0.260416666666667,1,12,12,0.299003861689974
1194,42,13,0.864583333333333,0.260416666666667,1,9,9,0.316258158153582
1195,43,13,0.885416666666667,0.260416666666667,1,23,23,0.333812935641499
1196,44,13,0.90625,0.260416666666667,1,22,22,0.351634642611324
1197,45,13,0.927083333333333,0.260416666666667,1,15,15,0.369694136397632
1198,46,13,0.947916666666667,0.260416666666667,1,15,15,0.387966055843192
1199,47,13,0.96875,0.260416666666667,1,19,19,0.406428282020553
1200,48,13,0.989583333333333,0.260416666666667,1,19,19,0.42506147716463
1201,49,13,1.01041666666667,0.260416666666667,1,22,22,0.443848691780181
1202,50,13,1.03125,0.260416666666667,1,19,19,0.462775030445807
1203,51,13,1.05208333333333,0.260416666666667,1,29,29,0.481827367735595
1204,52,13,1.07291666666667,0.260416666666667,1,22,22,0.500994106699536
1205,53,13,1.09375,0.260416666666667,1,18,18,0.520264973359555
1206,54,13,1.11458333333333,0.260416666666667,1,30,30,0.539630841624482
1207,55,13,1.13541666666667,0.260416666666667,1,30,30,0.559083583875276
1208,56,13,1.15625,0.260416666666667,1,25,25,0.578615943212801
1209,57,13,1.17708333333333,0.260416666666667,1,23,23,0.598221423997425
1210,58,13,1.19791666666667,0.260416666666667,1,30,30,0.617894197851035
1211,59,13,1.21875,0.260416666666667,1,34,34,0.637629022748674
1212,60,13,1.23958333333333,0.260416666666667,1,22,22,0.65742117321022
1213,61,13,1.26041666666667,0.260416666666667,1,27,27,0.677266379923019
1214,62,13,1.28125,0.260416666666667,1,17,17,0.697160777393966
1215,63,13,1.30208333333333,0.260416666666667,1,17,17,0.717100858452685
1216,64,13,1.32291666666667,0.260416666666667,1,27,27,0.737083434613509
1217,65,13,1.34375,0.260416666666667,1,22,22,0.757105601459203
1218,66,13,1.36458333333333,0.260416666666667,1,19,19,0.777164708338936
1219,67,13,1.38541666666667,0.260416666666667,1,17,17,0.797258331781305
1220,68,13,1.40625,0.260416666666667,1,18,18,0.817384252113887
1221,69,13,1.42708333333333,0.260416666666667,1,30,30,0.837540432856783
1222,70,13,1.44791666666667,0.260416666666667,1,13,13,0.857725002521443
1223,71,13,1.46875,0.260416666666667,1,10,10,0.877936238499791
1224,72,13,1.48958333333333,0.260416666666667,1,28,28,0.89817255277395
1225,73,13,1.51041666666667,0.260416666666667,1,13,13,0.918432479215133
1226,74,13,1.53125,0.260416666666667,1,16,16,0.938714662272659
1227,75,13,1.55208333333333,0.260416666666667,1,23,23,0.959017846881547
1228,76,13,1.57291666666667,0.260416666666667,1,12,12,0.979340869440512
1229,77,13,1.59375,0.260416666666667,1,23,23,0.999682649732107
1230,78,13,1.61458333333333,0.260416666666667,1,14,14,1.02004218367373
1231,79,13,1.63541666666667,0.260416666666667,1,20,20,1.0404185368028
1232,80,13,1.65625,0.260416666666667,1,8,8,1.06081083841194
1233,81,13,1.67708333333333,0.260416666666667,1,13,13,1.08121827626049
1234,82,13,1.69791666666667,0.260416666666667,1,17,17,1.10164009179827
1235,83,13,1.71875,0.260416666666667,1,13,13,1.12207557584517
1236,84,13,1.73958333333333,0.260416666666667,1,16,16,1.14252406467714
1237,85,13,1.76041666666667,0.260416666666667,1,20,20,1.16298493647518
1238,86,13,1.78125,0.260416666666667,1,24,24,1.18345760809898
1239,87,13,1.80208333333333,0.260416666666667,1,21,21,1.20394153215146
1240,88,13,1.82291666666667,0.260416666666667,1,15,15,1.22443619430435
1241,89,13,1.84375,0.260416666666667,1,26,26,1.24494111085831
1242,90,13,1.86458333333333,0.260416666666667,1,26,26,1.26545582651423
1243,91,13,1.88541666666667,0.260416666666667,1,23,23,1.28597991233477
1244,92,13,1.90625,0.260416666666667,1,24,24,1.30651296387769
1245,93,13,1.92708333333333,0.260416666666667,1,23,23,1.32705459948438
1246,94,13,1.94791666666667,0.260416666666667,1,21,21,1.34760445870889
1247,95,13,1.96875,0.260416666666667,1,23,23,1.36816220087432
1248,96,13,1.98958333333333,0.260416666666667,1,25,25,1.38872750374465
1249,1,14,0.0104166666666667,0.28125,1,21,21,0.41623073650974
1250,2,14,0.03125,0.28125,1,23,23,0.397279542413964
1251,3,14,0.0520833333333333,0.28125,1,28,28,0.378478588083558
1252,4,14,0.0729166666666667,0.28125,1,15,15,0.359845533595043
1253,5,14,0.09375,0.28125,1,20,20,0.341400720632294
1254,6,14,0.114583333333333,0.28125,1,16,16,0.323167653878805
1255,7,14,0.135416666666667,0.28125,1,9,9,0.305173575665803
1256,8,14,0.15625,0.28125,1,27,27,0.287450150325166
1257,9,14,0.177083333333333,0.28125,1,21,21,0.270034275559355
1258,10,14,0.197916666666667,0.28125,1,19,19,0.252969037291003
1259,11,14,0.21875,0.28125,1,20,20,0.236304820343481
1260,12,14,0.239583333333333,0.28125,1,24,24,0.220100577444052
1261,13,14,0.260416666666667,0.28125,1,24,24,0.20442523963328
1262,14,14,0.28125,0.28125,1,20,20,0.189359216769115
1263,15,14,0.302083333333333,0.28125,1,36,36,0.174995880385548
1264,16,14,0.322916666666667,0.28125,1,16,16,0.161442835127215
1265,17,14,0.34375,0.28125,1,23,23,0.148822664595082
1266,18,14,0.364583333333333,0.28125,1,30,30,0.137272688233926
1267,19,14,0.385416666666667,0.28125,1,24,24,0.126943116481869
1268,20,14,0.40625,0.28125,1,23,23,0.117992909558247
1269,21,14,0.427083333333333,0.28125,1,18,18,0.110582746053944
1270,22,14,0.447916666666667,0.28125,1,14,14,0.104864928592947
1271,23,14,0.46875,0.28125,1,21,21,0.100970869120796
1272,24,14,0.489583333333333,0.28125,1,19,19,0.0989978754336317
1273,25,14,0.510416666666667,0.28125,1,24,24,0.0989978754336316
1274,26,14,0.53125,0.28125,1,21,21,0.100970869120796
1275,27,14,0.552083333333333,0.28125,1,19,19,0.104864928592947
1276,28,14,0.572916666666667,0.28125,1,14,14,0.110582746053944
1277,29,14,0.59375,0.28125,1,25,25,0.117992909558247
1278,30,14,0.614583333333333,0.28125,1,13,13,0.126943116481869
1279,31,14,0.635416666666667,0.28125,1,24,24,0.137272688233926
1280,32,14,0.65625,0.28125,1,19,19,0.148822664595082
1281,33,14,0.677083333333333,0.28125,1,21,21,0.161442835127214
1282,34,14,0.697916666666667,0.28125,1,32,32,0.174995880385548
1283,35,14,0.71875,0.28125,1,16,16,0.189359216769115
1284,36,14,0.739583333333333,0.28125,1,13,13,0.20442523963328
1285,37,14,0.760416666666667,0.28125,1,16,16,0.220100577444052
1286,38,14,0.78125,0.28125,1,23,23,0.236304820343481
1287,39,14,0.802083333333333,0.28125,1,31,31,0.252969037291003
1288,40,14,0.822916666666667,0.28125,1,31,31,0.270034275559355
1289,41,14,0.84375,0.28125,1,6,6,0.287450150325166
1290,42,14,0.864583333333333,0.28125,1,15,15,0.305173575665803
1291,43,14,0.885416666666667,0.28125,1,24,24,0.323167653878805
1292,44,14,0.90625,0.28125,1,36,36,0.341400720632294
1293,45,14,0.927083333333333,0.28125,1,17,17,0.359845533595043
1294,46,14,0.947916666666667,0.28125,1,19,19,0.378478588083558
1295,47,14,0.96875,0.28125,1,24,24,0.397279542413964
1296,48,14,0.989583333333333,0.28125,1,20,20,0.41623073650974
1297,49,14,1.01041666666667,0.28125,1,24,24,0.435316788969243
1298,50,14,1.03125,0.28125,1,18,18,0.45452425971407
1299,51,14,1.05208333333333,0.28125,1,13,13,0.473841367239134
1300,52,14,1.07291666666667,0.28125,1,21,21,0.493257751230626
1301,53,14,1.09375,0.28125,1,29,29,0.512764272853643
1302,54,14,1.11458333333333,0.28125,1,27,27,0.532352846327132
1303,55,14,1.13541666666667,0.28125,1,19,19,0.552016296512055
1304,56,14,1.15625,0.28125,1,22,22,0.571748238161833
1305,57,14,1.17708333333333,0.28125,1,34,34,0.591542973247419
1306,58,14,1.19791666666667,0.28125,1,24,24,0.611395403397581
1307,59,14,1.21875,0.28125,1,25,25,0.631300955010707
1308,60,14,1.23958333333333,0.28125,1,17,17,0.651255515017199
1309,61,14,1.26041666666667,0.28125,1,21,21,0.671255375618039
1310,62,14,1.28125,0.28125,1,11,11,0.691297186609198
1311,63,14,1.30208333333333,0.28125,1,31,31,0.711377914134788
1312,64,14,1.32291666666667,0.28125,1,19,19,0.731494804903575
1313,65,14,1.34375,0.28125,1,15,15,0.751645355061335
1314,66,14,1.36458333333333,0.28125,1,8,8,0.771827283041833
1315,67,14,1.38541666666667,0.28125,1,20,20,0.79203850582698
1316,68,14,1.40625,0.28125,1,22,22,0.812277118136019
1317,69,14,1.42708333333333,0.28125,1,33,33,0.832541374137861
1318,70,14,1.44791666666667,0.28125,1,17,17,0.852829671342545
1319,71,14,1.46875,0.28125,1,17,17,0.873140536379419
1320,72,14,1.48958333333333,0.28125,1,22,22,0.893472612412941
1321,73,14,1.51041666666667,0.28125,1,14,14,0.913824647983292
1322,74,14,1.53125,0.28125,1,24,24,0.934195487089562
1323,75,14,1.55208333333333,0.28125,1,16,16,0.954584060359066
1324,76,14,1.57291666666667,0.28125,1,7,7,0.974989377168158
1325,77,14,1.59375,0.28125,1,19,19,0.995410518598422
1326,78,14,1.61458333333333,0.28125,1,18,18,1.01584663112783
1327,79,14,1.63541666666667,0.28125,1,25,25,1.03629692096989
1328,80,14,1.65625,0.28125,1,21,21,1.05676064898517
1329,81,14,1.67708333333333,0.28125,1,20,20,1.07723712609955
1330,82,14,1.69791666666667,0.28125,1,19,19,1.09772570917172
1331,83,14,1.71875,0.28125,1,22,22,1.11822579725993
1332,84,14,1.73958333333333,0.28125,1,20,20,1.13873682824401
1333,85,14,1.76041666666667,0.28125,1,11,11,1.15925827576417
1334,86,14,1.78125,0.28125,1,21,21,1.17978964644284
1335,87,14,1.80208333333333,0.28125,1,25,25,1.20033047735953
1336,88,14,1.82291666666667,0.28125,1,18,18,1.22088033375259
1337,89,14,1.84375,0.28125,1,19,19,1.2414388069245
1338,90,14,1.86458333333333,0.28125,1,16,16,1.26200551233022
1339,91,14,1.88541666666667,0.28125,1,17,17,1.2825800878302
1340,92,14,1.90625,0.28125,1,16,16,1.30316219209196
1341,93,14,1.92708333333333,0.28125,1,13,13,1.32375150312572
1342,94,14,1.94791666666667,0.28125,1,18,18,1.34434771694127
1343,95,14,1.96875,0.28125,1,19,19,1.36495054631459
1344,96,14,1.98958333333333,0.28125,1,20,20,1.38555971965394
1345,1,15,0.0104166666666667,0.302083333333333,1,13,13,0.408074660651524
1346,2,15,0.03125,0.302083333333333,1,20,20,0.388819780909159
1347,3,15,0.0520833333333333,0.302083333333333,1,17,17,0.369694136397632
1348,4,15,0.0729166666666667,0.302083333333333,1,16,16,0.350713480320625
1349,5,15,0.09375,0.302083333333333,1,21,21,0.33189608257258
1350,6,15,0.114583333333333,0.302083333333333,1,18,18,0.313263215480946
1351,7,15,0.135416666666667,0.302083333333333,1,15,15,0.294839744827914
1352,8,15,0.15625,0.302083333333333,1,18,18,0.276654849263745
1353,9,15,0.177083333333333,0.302083333333333,1,15,15,0.258742895056205
1354,10,15,0.197916666666667,0.302083333333333,1,27,27,0.241144496319994
1355,11,15,0.21875,0.302083333333333,1,14,14,0.223907792067066
1356,12,15,0.239583333333333,0.302083333333333,1,18,18,0.207089968085575
1357,13,15,0.260416666666667,0.302083333333333,1,26,26,0.190759039378673
1358,14,15,0.28125,0.302083333333333,1,22,22,0.174995880385548
1359,15,15,0.302083333333333,0.302083333333333,1,23,23,0.159896434219675
1360,16,15,0.322916666666667,0.302083333333333,1,22,22,0.145573932999624
1361,17,15,0.34375,0.302083333333333,1,22,22,0.132160800768963
1362,18,15,0.364583333333333,0.302083333333333,1,9,9,0.119809675692111
1363,19,15,0.385416666666667,0.302083333333333,1,16,16,0.10869269166771
1364,20,15,0.40625,0.302083333333333,1,9,9,0.0989978754336317
1365,21,15,0.427083333333333,0.302083333333333,1,19,19,0.0909214242845478
1366,22,15,0.447916666666667,0.302083333333333,1,21,21,0.0846550281707136
1367,23,15,0.46875,0.302083333333333,1,20,20,0.0803685839757432
1368,24,15,0.489583333333333,0.302083333333333,1,25,25,0.0781905999004214
1369,25,15,0.510416666666667,0.302083333333333,1,23,23,0.0781905999004213
1370,26,15,0.53125,0.302083333333333,1,16,16,0.0803685839757432
1371,27,15,0.552083333333333,0.302083333333333,1,10,10,0.0846550281707135
1372,28,15,0.572916666666667,0.302083333333333,1,27,27,0.0909214242845478
1373,29,15,0.59375,0.302083333333333,1,4,4,0.0989978754336317
1374,30,15,0.614583333333333,0.302083333333333,1,16,16,0.10869269166771
1375,31,15,0.635416666666667,0.302083333333333,1,25,25,0.119809675692111
1376,32,15,0.65625,0.302083333333333,1,19,19,0.132160800768963
1377,33,15,0.677083333333333,0.302083333333333,1,21,21,0.145573932999624
1378,34,15,0.697916666666667,0.302083333333333,1,25,25,0.159896434219675
1379,35,15,0.71875,0.302083333333333,1,21,21,0.174995880385548
1380,36,15,0.739583333333333,0.302083333333333,1,24,24,0.190759039378673
1381,37,15,0.760416666666667,0.302083333333333,1,24,24,0.207089968085575
1382,38,15,0.78125,0.302083333333333,1,7,7,0.223907792067066
1383,39,15,0.802083333333333,0.302083333333333,1,23,23,0.241144496319994
1384,40,15,0.822916666666667,0.302083333333333,1,27,27,0.258742895056205
1385,41,15,0.84375,0.302083333333333,1,24,24,0.276654849263745
1386,42,15,0.864583333333333,0.302083333333333,1,27,27,0.294839744827914
1387,43,15,0.885416666666667,0.302083333333333,1,26,26,0.313263215480946
1388,44,15,0.90625,0.302083333333333,1,27,27,0.33189608257258
1389,45,15,0.927083333333333,0.302083333333333,1,18,18,0.350713480320625
1390,46,15,0.947916666666667,0.302083333333333,1,25,25,0.369694136397632
1391,47,15,0.96875,0.302083333333333,1,25,25,0.388819780909159
1392,48,15,0.989583333333333,0.302083333333333,1,20,20,0.408074660651524
1393,49,15,1.01041666666667,0.302083333333333,1,17,17,0.427445139311288
1394,50,15,1.03125,0.302083333333333,1,20,20,0.446919367674491
1395,51,15,1.05208333333333,0.302083333333333,1,23,23,0.466487010844135
1396,52,15,1.07291666666667,0.302083333333333,1,22,22,0.486139021915673
1397,53,15,1.09375,0.302083333333333,1,26,26,0.505867453574992
1398,54,15,1.11458333333333,0.302083333333333,1,10,10,0.525665300721322
1399,55,15,1.13541666666667,0.302083333333333,1,17,17,0.545526368540137
1400,56,15,1.15625,0.302083333333333,1,26,26,0.565445161515088
1401,57,15,1.17708333333333,0.302083333333333,1,14,14,0.585416789722376
1402,58,15,1.19791666666667,0.302083333333333,1,13,13,0.605436889436673
1403,59,15,1.21875,0.302083333333333,1,14,14,0.625501555628454
1404,60,15,1.23958333333333,0.302083333333333,1,25,25,0.64560728437554
1405,61,15,1.26041666666667,0.302083333333333,1,21,21,0.665750923568588
1406,62,15,1.28125,0.302083333333333,1,9,9,0.685929630578529
1407,63,15,1.30208333333333,0.302083333333333,1,13,13,0.706140835787431
1408,64,15,1.32291666666667,0.302083333333333,1,19,19,0.726382211073828
1409,65,15,1.34375,0.302083333333333,1,23,23,0.746651642497979
1410,66,15,1.36458333333333,0.302083333333333,1,25,25,0.766947206558667
1411,67,15,1.38541666666667,0.302083333333333,1,16,16,0.787267149496528
1412,68,15,1.40625,0.302083333333333,1,24,24,0.807609869203883
1413,69,15,1.42708333333333,0.302083333333333,1,19,19,0.827973899371121
1414,70,15,1.44791666666667,0.302083333333333,1,28,28,0.848357895557675
1415,71,15,1.46875,0.302083333333333,1,16,16,0.86876062292369
1416,72,15,1.48958333333333,0.302083333333333,1,29,29,0.889180945398572
1417,73,15,1.51041666666667,0.302083333333333,1,25,25,0.909617816095964
1418,74,15,1.53125,0.302083333333333,1,17,17,0.930070268812733
1419,75,15,1.55208333333333,0.302083333333333,1,25,25,0.950537410472993
1420,76,15,1.57291666666667,0.302083333333333,1,30,30,0.971018414398013
1421,77,15,1.59375,0.302083333333333,1,33,33,0.991512514299522
1422,78,15,1.61458333333333,0.302083333333333,1,9,9,1.0120189989081
1423,79,15,1.63541666666667,0.302083333333333,1,30,30,1.03253720716031
1424,80,15,1.65625,0.302083333333333,1,27,27,1.05306652387852
1425,81,15,1.67708333333333,0.302083333333333,1,15,15,1.07360637588593
1426,82,15,1.69791666666667,0.302083333333333,1,15,15,1.09415622850695
1427,83,15,1.71875,0.302083333333333,1,23,23,1.11471558240934
1428,84,15,1.73958333333333,0.302083333333333,1,19,19,1.13528397075013
1429,85,15,1.76041666666667,0.302083333333333,1,21,21,1.15586095659188
1430,86,15,1.78125,0.302083333333333,1,19,19,1.17644613056017
1431,87,15,1.80208333333333,0.302083333333333,1,21,21,1.19703910871655
1432,88,15,1.82291666666667,0.302083333333333,1,13,13,1.21763953062433
1433,89,15,1.84375,0.302083333333333,1,18,18,1.23824705758726
1434,90,15,1.86458333333333,0.302083333333333,1,18,18,1.25886137104335
1435,91,15,1.88541666666667,0.302083333333333,1,29,29,1.27948217109838
1436,92,15,1.90625,0.302083333333333,1,25,25,1.30010917518494
1437,93,15,1.92708333333333,0.302083333333333,1,14,14,1.32074211683501
1438,94,15,1.94791666666667,0.302083333333333,1,13,13,1.3413807445548
1439,95,15,1.96875,0.302083333333333,1,16,16,1.3620248207923
1440,96,15,1.98958333333333,0.302083333333333,1,16,16,1.38267412098861
1441,1,16,0.0104166666666667,0.322916666666667,1,34,34,0.400624958316658
1442,2,16,0.03125,0.322916666666667,1,26,26,0.381083894616904
1443,3,16,0.0520833333333333,0.322916666666667,1,22,22,0.361651167570704
1444,4,16,0.0729166666666667,0.322916666666667,1,22,22,0.342340437941086
1445,5,16,0.09375,0.322916666666667,1,16,16,0.323167653878805
1446,6,16,0.114583333333333,0.322916666666667,1,19,19,0.304151522322965
1447,7,16,0.135416666666667,0.322916666666667,1,28,28,0.285314092882161
1448,8,16,0.15625,0.322916666666667,1,16,16,0.266681483193137
1449,9,16,0.177083333333333,0.322916666666667,1,15,15,0.248284781867994
1450,10,16,0.197916666666667,0.322916666666667,1,15,15,0.230161173207742
1451,11,16,0.21875,0.322916666666667,1,33,33,0.212355336115496
1452,12,16,0.239583333333333,0.322916666666667,1,21,21,0.194921176204812
1453,13,16,0.260416666666667,0.322916666666667,1,16,16,0.177923950959898
1454,14,16,0.28125,0.322916666666667,1,14,14,0.161442835127215
1455,15,16,0.302083333333333,0.322916666666667,1,20,20,0.145573932999624
1456,16,16,0.322916666666667,0.322916666666667,1,15,15,0.130433651670236
1457,17,16,0.34375,0.322916666666667,1,25,25,0.116162167682388
1458,18,16,0.364583333333333,0.322916666666667,1,19,19,0.102926401656591
1459,19,16,0.385416666666667,0.322916666666667,1,23,23,0.0909214242845478
1460,20,16,0.40625,0.322916666666667,1,16,16,0.0803685839757432
1461,21,16,0.427083333333333,0.322916666666667,1,31,31,0.0715080865713567
1462,22,16,0.447916666666667,0.322916666666667,1,28,28,0.0645838036111391
1463,23,16,0.46875,0.322916666666667,1,26,26,0.0598195468920008
1464,24,16,0.489583333333333,0.322916666666667,1,16,16,0.0573894413117334
1465,25,16,0.510416666666667,0.322916666666667,1,12,12,0.0573894413117334
1466,26,16,0.53125,0.322916666666667,1,4,4,0.0598195468920008
1467,27,16,0.552083333333333,0.322916666666667,1,27,27,0.0645838036111391
1468,28,16,0.572916666666667,0.322916666666667,1,27,27,0.0715080865713566
1469,29,16,0.59375,0.322916666666667,1,26,26,0.0803685839757432
1470,30,16,0.614583333333333,0.322916666666667,1,15,15,0.0909214242845478
1471,31,16,0.635416666666667,0.322916666666667,1,27,27,0.102926401656591
1472,32,16,0.65625,0.322916666666667,1,30,30,0.116162167682388
1473,33,16,0.677083333333333,0.322916666666667,1,25,25,0.130433651670236
1474,34,16,0.697916666666667,0.322916666666667,1,19,19,0.145573932999624
1475,35,16,0.71875,0.322916666666667,1,23,23,0.161442835127215
1476,36,16,0.739583333333333,0.322916666666667,1,16,16,0.177923950959898
1477,37,16,0.760416666666667,0.322916666666667,1,15,15,0.194921176204812
1478,38,16,0.78125,0.322916666666667,1,14,14,0.212355336115496
1479,39,16,0.802083333333333,0.322916666666667,1,29,29,0.230161173207742
1480,40,16,0.822916666666667,0.322916666666667,1,16,16,0.248284781867994
1481,41,16,0.84375,0.322916666666667,1,36,36,0.266681483193137
1482,42,16,0.864583333333333,0.322916666666667,1,28,28,0.285314092882161
1483,43,16,0.885416666666667,0.322916666666667,1,15,15,0.304151522322965
1484,44,16,0.90625,0.322916666666667,1,22,22,0.323167653878805
1485,45,16,0.927083333333333,0.322916666666667,1,21,21,0.342340437941086
1486,46,16,0.947916666666667,0.322916666666667,1,17,17,0.361651167570704
1487,47,16,0.96875,0.322916666666667,1,10,10,0.381083894616904
1488,48,16,0.989583333333333,0.322916666666667,1,27,27,0.400624958316658
1489,49,16,1.01041666666667,0.322916666666667,1,13,13,0.420262603328747
1490,50,16,1.03125,0.322916666666667,1,7,7,0.439986668988151
1491,51,16,1.05208333333333,0.322916666666667,1,18,18,0.459788335419823
1492,52,16,1.07291666666667,0.322916666666667,1,23,23,0.479659915192677
1493,53,16,1.09375,0.322916666666667,1,16,16,0.499594681581794
1494,54,16,1.11458333333333,0.322916666666667,1,22,22,0.519586726375365
1495,55,16,1.13541666666667,0.322916666666667,1,16,16,0.539630841624482
1496,56,16,1.15625,0.322916666666667,1,18,18,0.559722420878144
1497,57,16,1.17708333333333,0.322916666666667,1,17,17,0.579857376343368
1498,58,16,1.19791666666667,0.322916666666667,1,6,6,0.600032069116061
1499,59,16,1.21875,0.322916666666667,1,26,26,0.620243250184995
1500,60,16,1.23958333333333,0.322916666666667,1,18,18,0.640488010351832
1501,61,16,1.26041666666667,0.322916666666667,1,12,12,0.660763737560146
1502,62,16,1.28125,0.322916666666667,1,29,29,0.681068080405432
1503,63,16,1.30208333333333,0.322916666666667,1,22,22,0.701398916821513
1504,64,16,1.32291666666667,0.322916666666667,1,24,24,0.721754327118205
1505,65,16,1.34375,0.322916666666667,1,28,28,0.74213257068994
1506,66,16,1.36458333333333,0.322916666666667,1,21,21,0.762532065832297
1507,67,16,1.38541666666667,0.322916666666667,1,19,19,0.782951372198722
1508,68,16,1.40625,0.322916666666667,1,18,18,0.803389175507513
1509,69,16,1.42708333333333,0.322916666666667,1,16,16,0.823844274172858
1510,70,16,1.44791666666667,0.322916666666667,1,10,10,0.844315567586093
1511,71,16,1.46875,0.322916666666667,1,13,13,0.864802045816541
1512,72,16,1.48958333333333,0.322916666666667,1,15,15,0.885302780537066
1513,73,16,1.51041666666667,0.322916666666667,1,22,22,0.905816917009182
1514,74,16,1.53125,0.322916666666667,1,23,23,0.926343666987307
1515,75,16,1.55208333333333,0.322916666666667,1,12,12,0.946882302422447
1516,76,16,1.57291666666667,0.322916666666667,1,19,19,0.967432149862949
1517,77,16,1.59375,0.322916666666667,1,14,14,0.987992585464562
1518,78,16,1.61458333333333,0.322916666666667,1,22,22,1.00856303053436
1519,79,16,1.63541666666667,0.322916666666667,1,23,23,1.02914294754347
1520,80,16,1.65625,0.322916666666667,1,24,24,1.04973183655248
1521,81,16,1.67708333333333,0.322916666666667,1,22,22,1.07032923200078
1522,82,16,1.69791666666667,0.322916666666667,1,22,22,1.09093469981755
1523,83,16,1.71875,0.322916666666667,1,19,19,1.11154783481781
1524,84,16,1.73958333333333,0.322916666666667,1,16,16,1.13216825835118
1525,85,16,1.76041666666667,0.322916666666667,1,21,21,1.15279561617549
1526,86,16,1.78125,0.322916666666667,1,11,11,1.17342957653072
1527,87,16,1.80208333333333,0.322916666666667,1,22,22,1.19406982839151
1528,88,16,1.82291666666667,0.322916666666667,1,27,27,1.2147160798795
1529,89,16,1.84375,0.322916666666667,1,29,29,1.23536805681868
1530,90,16,1.86458333333333,0.322916666666667,1,17,17,1.25602550141905
1531,91,16,1.88541666666667,0.322916666666667,1,21,21,1.2766881710755
1532,92,16,1.90625,0.322916666666667,1,21,21,1.29735583727039
1533,93,16,1.92708333333333,0.322916666666667,1,15,15,1.31802828456961
1534,94,16,1.94791666666667,0.322916666666667,1,19,19,1.33870530970294
1535,95,16,1.96875,0.322916666666667,1,11,11,1.3593867207206
1536,96,16,1.98958333333333,0.322916666666667,1,20,20,1.38007233621879
1537,1,17,0.0104166666666667,0.34375,1,16,16,0.393912349314334
1538,2,17,0.03125,0.34375,1,19,19,0.374105884401309
1539,3,17,0.0520833333333333,0.34375,1,27,27,0.354387397363987
1540,4,17,0.0729166666666667,0.34375,1,20,20,0.334768332352981
1541,5,17,0.09375,0.34375,1,20,20,0.315262133662004
1542,6,17,0.114583333333333,0.34375,1,21,21,0.295884682868274
1543,7,17,0.135416666666667,0.34375,1,23,23,0.276654849263745
1544,8,17,0.15625,0.34375,1,15,15,0.25759518667483
1545,9,17,0.177083333333333,0.34375,1,31,31,0.238732819952553
1546,10,17,0.197916666666667,0.34375,1,12,12,0.220100577444052
1547,11,17,0.21875,0.34375,1,25,25,0.201738441905844
1548,12,17,0.239583333333333,0.34375,1,13,13,0.183695411189859
1549,13,17,0.260416666666667,0.34375,1,7,7,0.166031879536375
1550,14,17,0.28125,0.34375,1,14,14,0.148822664595082
1551,15,17,0.302083333333333,0.34375,1,27,27,0.132160800768963
1552,16,17,0.322916666666667,0.34375,1,17,17,0.116162167682388
1553,17,17,0.34375,0.34375,1,18,18,0.100970869120796
1554,18,17,0.364583333333333,0.34375,1,23,23,0.0867649295966584
1555,19,17,0.385416666666667,0.34375,1,21,21,0.0737612003931071
1556,20,17,0.40625,0.34375,1,22,22,0.0622172467139157
1557,21,17,0.427083333333333,0.34375,1,20,20,0.052426514137988
1558,22,17,0.447916666666667,0.34375,1,19,19,0.0447019614671031
1559,23,17,0.46875,0.34375,1,35,35,0.0393443597997745
1560,24,17,0.489583333333333,0.34375,1,9,9,0.0365968372747178
1561,25,17,0.510416666666667,0.34375,1,12,12,0.0365968372747178
1562,26,17,0.53125,0.34375,1,26,26,0.0393443597997745
1563,27,17,0.552083333333333,0.34375,1,25,25,0.0447019614671031
1564,28,17,0.572916666666667,0.34375,1,15,15,0.052426514137988
1565,29,17,0.59375,0.34375,1,13,13,0.0622172467139157
1566,30,17,0.614583333333333,0.34375,1,16,16,0.073761200393107
1567,31,17,0.635416666666667,0.34375,1,30,30,0.0867649295966584
1568,32,17,0.65625,0.34375,1,19,19,0.100970869120796
1569,33,17,0.677083333333333,0.34375,1,16,16,0.116162167682388
1570,34,17,0.697916666666667,0.34375,1,21,21,0.132160800768963
1571,35,17,0.71875,0.34375,1,15,15,0.148822664595082
1572,36,17,0.739583333333333,0.34375,1,16,16,0.166031879536375
1573,37,17,0.760416666666667,0.34375,1,14,14,0.183695411189859
1574,38,17,0.78125,0.34375,1,19,19,0.201738441905844
1575,39,17,0.802083333333333,0.34375,1,20,20,0.220100577444052
1576,40,17,0.822916666666667,0.34375,1,5,5,0.238732819952553
1577,41,17,0.84375,0.34375,1,14,14,0.25759518667483
1578,42,17,0.864583333333333,0.34375,1,33,33,0.276654849263745
1579,43,17,0.885416666666667,0.34375,1,23,23,0.295884682868274
1580,44,17,0.90625,0.34375,1,20,20,0.315262133662004
1581,45,17,0.927083333333333,0.34375,1,17,17,0.334768332352981
1582,46,17,0.947916666666667,0.34375,1,28,28,0.354387397363987
1583,47,17,0.96875,0.34375,1,17,17,0.374105884401309
1584,48,17,0.989583333333333,0.34375,1,16,16,0.393912349314334
1585,49,17,1.01041666666667,0.34375,1,24,24,0.413796998971623
1586,50,17,1.03125,0.34375,1,25,25,0.433751410833417
1587,51,17,1.05208333333333,0.34375,1,18,18,0.45376830641335
1588,52,17,1.07291666666667,0.34375,1,20,20,0.473841367239134
1589,53,17,1.09375,0.34375,1,24,24,0.493965084512141
1590,54,17,1.11458333333333,0.34375,1,23,23,0.514134635634351
1591,55,17,1.13541666666667,0.34375,1,27,27,0.534345782272475
1592,56,17,1.15625,0.34375,1,20,20,0.554594785778841
1593,57,17,1.17708333333333,0.34375,1,22,22,0.574878336673247
1594,58,17,1.19791666666667,0.34375,1,18,18,0.595193495573828
1595,59,17,1.21875,0.34375,1,20,20,0.615537643496239
1596,60,17,1.23958333333333,0.34375,1,26,26,0.635908439855281
1597,61,17,1.26041666666667,0.34375,1,13,13,0.656303786828613
1598,62,17,1.28125,0.34375,1,17,17,0.676721798998873
1599,63,17,1.30208333333333,0.34375,1,28,28,0.697160777393966
1600,64,17,1.32291666666667,0.34375,1,18,18,0.717619187207276
1601,65,17,1.34375,0.34375,1,17,17,0.738095638609124
1602,66,17,1.36458333333333,0.34375,1,15,15,0.758588870164981
1603,67,17,1.38541666666667,0.34375,1,13,13,0.779097734460003
1604,68,17,1.40625,0.34375,1,13,13,0.799621185597635
1605,69,17,1.42708333333333,0.34375,1,23,23,0.820158268295527
1606,70,17,1.44791666666667,0.34375,1,22,22,0.840708108347402
1607,71,17,1.46875,0.34375,1,18,18,0.861269904256724
1608,72,17,1.48958333333333,0.34375,1,25,25,0.881842919878716
1609,73,17,1.51041666666667,0.34375,1,23,23,0.902426477932657
1610,74,17,1.53125,0.34375,1,20,20,0.923019954267415
1611,75,17,1.55208333333333,0.34375,1,24,24,0.943622772780734
1612,76,17,1.57291666666667,0.34375,1,12,12,0.964234400907438
1613,77,17,1.59375,0.34375,1,13,13,0.984854345603981
1614,78,17,1.61458333333333,0.34375,1,21,21,1.00548214976713
1615,79,17,1.63541666666667,0.34375,1,7,7,1.02611738903327
1616,80,17,1.65625,0.34375,1,22,22,1.04675966891215
1617,81,17,1.67708333333333,0.34375,1,29,29,1.06740862221525
1618,82,17,1.69791666666667,0.34375,1,25,25,1.08806390674408
1619,83,17,1.71875,0.34375,1,26,26,1.10872520320859
1620,84,17,1.73958333333333,0.34375,1,12,12,1.12939221334927
1621,85,17,1.76041666666667,0.34375,1,18,18,1.15006465824032
1622,86,17,1.78125,0.34375,1,13,13,1.17074227675396
1623,87,17,1.80208333333333,0.34375,1,23,23,1.19142482416814
1624,88,17,1.82291666666667,0.34375,1,21,21,1.21211207090261
1625,89,17,1.84375,0.34375,1,14,14,1.23280380136959
1626,90,17,1.86458333333333,0.34375,1,15,15,1.25349981292722
1627,91,17,1.88541666666667,0.34375,1,19,19,1.27419991492532
1628,92,17,1.90625,0.34375,1,21,21,1.29490392783397
1629,93,17,1.92708333333333,0.34375,1,19,19,1.31561168244682
1630,94,17,1.94791666666667,0.34375,1,18,18,1.3363230191517
1631,95,17,1.96875,0.34375,1,14,14,1.35703778726206
1632,96,17,1.98958333333333,0.34375,1,31,31,1.37775584440337
1633,1,18,0.0104166666666667,0.364583333333333,1,19,19,0.387966055843192
1634,2,18,0.03125,0.364583333333333,1,17,17,0.367918267859599
1635,3,18,0.0520833333333333,0.364583333333333,1,18,18,0.347939113442004
1636,4,18,0.0729166666666667,0.364583333333333,1,20,20,0.328037774325137
1637,5,18,0.09375,0.364583333333333,1,36,36,0.308225099814468
1638,6,18,0.114583333333333,0.364583333333333,1,8,8,0.288513990648491
1639,7,18,0.135416666666667,0.364583333333333,1,24,24,0.268919889637385
1640,8,18,0.15625,0.364583333333333,1,12,12,0.249461413561837
1641,9,18,0.177083333333333,0.364583333333333,1,24,24,0.230161173207742
1642,10,18,0.197916666666667,0.364583333333333,1,19,19,0.211046845459806
1643,11,18,0.21875,0.364583333333333,1,18,18,0.19215258466191
1644,12,18,0.239583333333333,0.364583333333333,1,24,24,0.173520891741779
1645,13,18,0.260416666666667,0.364583333333333,1,19,19,0.155205100283811
1646,14,18,0.28125,0.364583333333333,1,26,26,0.137272688233926
1647,15,18,0.302083333333333,0.364583333333333,1,16,16,0.119809675692111
1648,16,18,0.322916666666667,0.364583333333333,1,14,14,0.102926401656591
1649,17,18,0.34375,0.364583333333333,1,25,25,0.0867649295966584
1650,18,18,0.364583333333333,0.364583333333333,1,18,18,0.0715080865713567
1651,19,18,0.385416666666667,0.364583333333333,1,22,22,0.0573894413117334
1652,20,18,0.40625,0.364583333333333,1,12,12,0.0447019614671031
1653,21,18,0.427083333333333,0.364583333333333,1,27,27,0.0338002402107646
1654,22,18,0.447916666666667,0.364583333333333,1,21,21,0.0250873778873346
1655,23,18,0.46875,0.364583333333333,1,16,16,0.0189756673346493
1656,24,18,0.489583333333333,0.364583333333333,1,20,20,0.0158167167750552
1657,25,18,0.510416666666667,0.364583333333333,1,16,16,0.0158167167750552
1658,26,18,0.53125,0.364583333333333,1,21,21,0.0189756673346493
1659,27,18,0.552083333333333,0.364583333333333,1,20,20,0.0250873778873346
1660,28,18,0.572916666666667,0.364583333333333,1,16,16,0.0338002402107646
1661,29,18,0.59375,0.364583333333333,1,17,17,0.0447019614671031
1662,30,18,0.614583333333333,0.364583333333333,1,24,24,0.0573894413117333
1663,31,18,0.635416666666667,0.364583333333333,1,27,27,0.0715080865713566
1664,32,18,0.65625,0.364583333333333,1,15,15,0.0867649295966584
1665,33,18,0.677083333333333,0.364583333333333,1,20,20,0.102926401656591
1666,34,18,0.697916666666667,0.364583333333333,1,18,18,0.119809675692111
1667,35,18,0.71875,0.364583333333333,1,15,15,0.137272688233926
1668,36,18,0.739583333333333,0.364583333333333,1,14,14,0.155205100283811
1669,37,18,0.760416666666667,0.364583333333333,1,27,27,0.173520891741779
1670,38,18,0.78125,0.364583333333333,1,31,31,0.19215258466191
1671,39,18,0.802083333333333,0.364583333333333,1,19,19,0.211046845459806
1672,40,18,0.822916666666667,0.364583333333333,1,18,18,0.230161173207742
1673,41,18,0.84375,0.364583333333333,1,17,17,0.249461413561837
1674,42,18,0.864583333333333,0.364583333333333,1,22,22,0.268919889637385
1675,43,18,0.885416666666667,0.364583333333333,1,22,22,0.288513990648491
1676,44,18,0.90625,0.364583333333333,1,16,16,0.308225099814468
1677,45,18,0.927083333333333,0.364583333333333,1,25,25,0.328037774325137
1678,46,18,0.947916666666667,0.364583333333333,1,29,29,0.347939113442004
1679,47,18,0.96875,0.364583333333333,1,16,16,0.367918267859599
1680,48,18,0.989583333333333,0.364583333333333,1,28,28,0.387966055843192
1681,49,18,1.01041666666667,0.364583333333333,1,15,15,0.408074660651524
1682,50,18,1.03125,0.364583333333333,1,22,22,0.428237390289199
1683,51,18,1.05208333333333,0.364583333333333,1,22,22,0.44844848540176
1684,52,18,1.07291666666667,0.364583333333333,1,33,33,0.468702964622699
1685,53,18,1.09375,0.364583333333333,1,14,14,0.488996499260144
1686,54,18,1.11458333333333,0.364583333333333,1,14,14,0.509325311124717
1687,55,18,1.13541666666667,0.364583333333333,1,19,19,0.529686088729695
1688,56,18,1.15625,0.364583333333333,1,29,29,0.550075918169808
1689,57,18,1.17708333333333,0.364583333333333,1,17,17,0.570492225799023
1690,58,18,1.19791666666667,0.364583333333333,1,26,26,0.590932730447981
1691,59,18,1.21875,0.364583333333333,1,28,28,0.611395403397582
1692,60,18,1.23958333333333,0.364583333333333,1,17,17,0.631878434692441
1693,61,18,1.26041666666667,0.364583333333333,1,19,19,0.652380204663193
1694,62,18,1.28125,0.364583333333333,1,24,24,0.672899259749378
1695,63,18,1.30208333333333,0.364583333333333,1,21,21,0.693434291889776
1696,64,18,1.32291666666667,0.364583333333333,1,20,20,0.713984120885337
1697,65,18,1.34375,0.364583333333333,1,12,12,0.734547679249737
1698,66,18,1.36458333333333,0.364583333333333,1,21,21,0.755123999150343
1699,67,18,1.38541666666667,0.364583333333333,1,17,17,0.775712201112736
1700,68,18,1.40625,0.364583333333333,1,24,24,0.796311484218719
1701,69,18,1.42708333333333,0.364583333333333,1,24,24,0.816921117573702
1702,70,18,1.44791666666667,0.364583333333333,1,8,8,0.837540432856783
1703,71,18,1.46875,0.364583333333333,1,24,24,0.858168817797373
1704,72,18,1.48958333333333,0.364583333333333,1,22,22,0.878805710447343
1705,73,18,1.51041666666667,0.364583333333333,1,17,17,0.899450594138278
1706,74,18,1.53125,0.364583333333333,1,23,23,0.920102993030551
1707,75,18,1.55208333333333,0.364583333333333,1,24,24,0.940762468175081
1708,76,18,1.57291666666667,0.364583333333333,1,23,23,0.961428614020464
1709,77,18,1.59375,0.364583333333333,1,14,14,0.982101055308047
1710,78,18,1.61458333333333,0.364583333333333,1,12,12,1.00277944430576
1711,79,18,1.63541666666667,0.364583333333333,1,19,19,1.02346345833855
1712,80,18,1.65625,0.364583333333333,1,18,18,1.04415279757904
1713,81,18,1.67708333333333,0.364583333333333,1,18,18,1.06484718306718
1714,82,18,1.69791666666667,0.364583333333333,1,12,12,1.08554635493161
1715,83,18,1.71875,0.364583333333333,1,16,16,1.10625007078944
1716,84,18,1.73958333333333,0.364583333333333,1,28,28,1.12695810430378
1717,85,18,1.76041666666667,0.364583333333333,1,29,29,1.14767024388136
1718,86,18,1.78125,0.364583333333333,1,16,16,1.16838629149456
1719,87,18,1.80208333333333,0.364583333333333,1,26,26,1.1891060616144
1720,88,18,1.82291666666667,0.364583333333333,1,21,21,1.20982938024228
1721,89,18,1.84375,0.364583333333333,1,10,10,1.23055608403025
1722,90,18,1.86458333333333,0.364583333333333,1,20,20,1.25128601948034
1723,91,18,1.88541666666667,0.364583333333333,1,14,14,1.2720190422149
1724,92,18,1.90625,0.364583333333333,1,15,15,1.29275501631072
1725,93,18,1.92708333333333,0.364583333333333,1,24,24,1.31349381369048
1726,94,18,1.94791666666667,0.364583333333333,1,29,29,1.33423531356594
1727,95,18,1.96875,0.364583333333333,1,24,24,1.35497940192774
1728,96,18,1.98958333333333,0.364583333333333,1,21,21,1.37572597107744
1729,1,19,0.0104166666666667,0.385416666666667,1,21,21,0.382813266089465
1730,2,19,0.03125,0.385416666666667,1,25,25,0.36255145091252
1731,3,19,0.0520833333333333,0.385416666666667,1,21,21,0.342340437941086
1732,4,19,0.0729166666666667,0.385416666666667,1,25,25,0.322187193266482
1733,5,19,0.09375,0.385416666666667,1,26,26,0.302099991444892
1734,6,19,0.114583333333333,0.385416666666667,1,23,23,0.282088730533725
1735,7,19,0.135416666666667,0.385416666666667,1,6,6,0.26216534016342
1736,8,19,0.15625,0.385416666666667,1,32,32,0.242344315227627
1737,9,19,0.177083333333333,0.385416666666667,1,17,17,0.222643420904136
1738,10,19,0.197916666666667,0.385416666666667,1,16,16,0.203084633734809
1739,11,19,0.21875,0.385416666666667,1,34,34,0.183695411189859
1740,12,19,0.239583333333333,0.385416666666667,1,20,20,0.164510422578076
1741,13,19,0.260416666666667,0.385416666666667,1,21,21,0.145573932999624
1742,14,19,0.28125,0.385416666666667,1,16,16,0.126943116481869
1743,15,19,0.302083333333333,0.385416666666667,1,17,17,0.10869269166771
1744,16,19,0.322916666666667,0.385416666666667,1,23,23,0.0909214242845478
1745,17,19,0.34375,0.385416666666667,1,16,16,0.0737612003931071
1746,18,19,0.364583333333333,0.385416666666667,1,20,20,0.0573894413117334
1747,19,19,0.385416666666667,0.385416666666667,1,31,31,0.0420453040219172
1748,20,19,0.40625,0.385416666666667,1,15,15,0.0280486500369989
1749,21,19,0.427083333333333,0.385416666666667,1,14,14,0.0158167167750552
1750,22,19,0.447916666666667,0.385416666666667,1,11,11,0.00586506222494351
1751,23,19,0.46875,0.385416666666667,0,0,0,-0.00123172655217309
1752,24,19,0.489583333333333,0.385416666666667,0,0,0,-0.00494415607096599
1753,25,19,0.510416666666667,0.385416666666667,0,0,0,-0.00494415607096599
1754,26,19,0.53125,0.385416666666667,0,0,0,-0.00123172655217309
1755,27,19,0.552083333333333,0.385416666666667,1,10,10,0.00586506222494346
1756,28,19,0.572916666666667,0.385416666666667,1,12,12,0.0158167167750552
1757,29,19,0.59375,0.385416666666667,1,21,21,0.0280486500369989
1758,30,19,0.614583333333333,0.385416666666667,1,18,18,0.0420453040219171
1759,31,19,0.635416666666667,0.385416666666667,1,20,20,0.0573894413117333
1760,32,19,0.65625,0.385416666666667,1,21,21,0.0737612003931071
1761,33,19,0.677083333333333,0.385416666666667,1,13,13,0.0909214242845477
1762,34,19,0.697916666666667,0.385416666666667,1,11,11,0.10869269166771
1763,35,19,0.71875,0.385416666666667,1,21,21,0.126943116481869
1764,36,19,0.739583333333333,0.385416666666667,1,19,19,0.145573932999624
1765,37,19,0.760416666666667,0.385416666666667,1,24,24,0.164510422578076
1766,38,19,0.78125,0.385416666666667,1,28,28,0.183695411189859
1767,39,19,0.802083333333333,0.385416666666667,1,28,28,0.203084633734809
1768,40,19,0.822916666666667,0.385416666666667,1,14,14,0.222643420904136
1769,41,19,0.84375,0.385416666666667,1,16,16,0.242344315227627
1770,42,19,0.864583333333333,0.385416666666667,1,26,26,0.26216534016342
1771,43,19,0.885416666666667,0.385416666666667,1,21,21,0.282088730533725
1772,44,19,0.90625,0.385416666666667,1,21,21,0.302099991444892
1773,45,19,0.927083333333333,0.385416666666667,1,28,28,0.322187193266482
1774,46,19,0.947916666666667,0.385416666666667,1,18,18,0.342340437941086
1775,47,19,0.96875,0.385416666666667,1,24,24,0.36255145091252
1776,48,19,0.989583333333333,0.385416666666667,1,18,18,0.382813266089465
1777,49,19,1.01041666666667,0.385416666666667,1,11,11,0.403119980395405
1778,50,19,1.03125,0.385416666666667,1,22,22,0.423466560864399
1779,51,19,1.05208333333333,0.385416666666667,1,24,24,0.443848691780181
1780,52,19,1.07291666666667,0.385416666666667,1,20,20,0.464262652599173
1781,53,19,1.09375,0.385416666666667,1,17,17,0.4847052197375
1782,54,19,1.11458333333333,0.385416666666667,1,11,11,0.505173587005152
1783,55,19,1.13541666666667,0.385416666666667,1,36,36,0.525665300721322
1784,56,19,1.15625,0.385416666666667,1,20,20,0.546178206471645
1785,57,19,1.17708333333333,0.385416666666667,1,26,26,0.566710405160396
1786,58,19,1.19791666666667,0.385416666666667,1,12,12,0.587260216531998
1787,59,19,1.21875,0.385416666666667,1,14,14,0.607826148731809
1788,60,19,1.23958333333333,0.385416666666667,1,7,7,0.628406872778586
1789,61,19,1.26041666666667,0.385416666666667,1,26,26,0.649001201053823
1790,62,19,1.28125,0.385416666666667,1,18,18,0.669608069093634
1791,63,19,1.30208333333333,0.385416666666667,1,21,21,0.690226520109586
1792,64,19,1.32291666666667,0.385416666666667,1,9,9,0.710855691775386
1793,65,19,1.34375,0.385416666666667,1,9,9,0.731494804903575
1794,66,19,1.36458333333333,0.385416666666667,1,28,28,0.752143153705603
1795,67,19,1.38541666666667,0.385416666666667,1,24,24,0.772800097384005
1796,68,19,1.40625,0.385416666666667,1,23,23,0.79346505284974
1797,69,19,1.42708333333333,0.385416666666667,1,11,11,0.814137488393557
1798,70,19,1.44791666666667,0.385416666666667,1,23,23,0.834816918169249
1799,71,19,1.46875,0.385416666666667,1,13,13,0.855502897370263
1800,72,19,1.48958333333333,0.385416666666667,1,24,24,0.876195018000436
1801,73,19,1.51041666666667,0.385416666666667,1,16,16,0.896892905155482
1802,74,19,1.53125,0.385416666666667,1,19,19,0.917596213744912
1803,75,19,1.55208333333333,0.385416666666667,1,25,25,0.938304625594897
1804,76,19,1.57291666666667,0.385416666666667,1,27,27,0.959017846881546
1805,77,19,1.59375,0.385416666666667,1,26,26,0.979735605851596
1806,78,19,1.61458333333333,0.385416666666667,1,20,20,1.00045765079374
1807,79,19,1.63541666666667,0.385416666666667,1,28,28,1.0211837482291
1808,80,19,1.65625,0.385416666666667,1,21,21,1.04191368129383
1809,81,19,1.67708333333333,0.385416666666667,1,20,20,1.06264724829041
1810,82,19,1.69791666666667,0.385416666666667,1,15,15,1.08338426138767
1811,83,19,1.71875,0.385416666666667,1,21,21,1.10412454545188
1812,84,19,1.73958333333333,0.385416666666667,1,12,12,1.12486793699394
1813,85,19,1.76041666666667,0.385416666666667,1,33,33,1.14561428321937
1814,86,19,1.78125,0.385416666666667,1,21,21,1.16636344116963
1815,87,19,1.80208333333333,0.385416666666667,1,18,18,1.1871152769447
1816,88,19,1.82291666666667,0.385416666666667,1,18,18,1.20786966499812
1817,89,19,1.84375,0.385416666666667,1,15,15,1.22862648749673
1818,90,19,1.86458333333333,0.385416666666667,1,18,18,1.24938563373832
1819,91,19,1.88541666666667,0.385416666666667,1,22,22,1.2701469996211
1820,92,19,1.90625,0.385416666666667,1,27,27,1.2909104871599
1821,93,19,1.92708333333333,0.385416666666667,1,21,21,1.31167600404406
1822,94,19,1.94791666666667,0.385416666666667,1,23,23,1.33244346323321
1823,95,19,1.96875,0.385416666666667,1,26,26,1.35321278258702
1824,96,19,1.98958333333333,0.385416666666667,1,32,32,1.37398388452561
1825,1,20,0.0104166666666667,0.40625,1,17,17,0.378478588083558
1826,2,20,0.03125,0.40625,1,8,8,0.358033079399324
1827,3,20,0.0520833333333333,0.40625,1,13,13,0.33762255492685
1828,4,20,0.0729166666666667,0.40625,1,18,18,0.31725191378782
1829,5,20,0.09375,0.40625,1,20,20,0.296927002003948
1830,6,20,0.114583333333333,0.40625,1,20,20,0.276654849263745
1831,7,20,0.135416666666667,0.40625,1,20,20,0.25644397915818
1832,8,20,0.15625,0.40625,1,11,11,0.236304820343481
1833,9,20,0.177083333333333,0.40625,1,23,23,0.216250258157687
1834,10,20,0.197916666666667,0.40625,1,22,22,0.196296384389354
1835,11,20,0.21875,0.40625,1,17,17,0.176463530640786
1836,12,20,0.239583333333333,0.40625,1,20,20,0.15677771365805
1837,13,20,0.260416666666667,0.40625,1,18,18,0.137272688233926
1838,14,20,0.28125,0.40625,1,19,19,0.117992909558247
1839,15,20,0.302083333333333,0.40625,1,18,18,0.0989978754336317
1840,16,20,0.322916666666667,0.40625,1,24,24,0.0803685839757432
1841,17,20,0.34375,0.40625,1,32,32,0.0622172467139157
1842,18,20,0.364583333333333,0.40625,1,25,25,0.0447019614671031
1843,19,20,0.385416666666667,0.40625,1,24,24,0.0280486500369989
1844,20,20,0.40625,0.40625,1,20,20,0.0125825214724777
1845,21,20,0.427083333333333,0.40625,0,0,0,-0.00123172655217312
1846,22,20,0.447916666666667,0.40625,0,0,0,-0.0127538526980521
1847,23,20,0.46875,0.40625,0,0,0,-0.0211788231197381
1848,24,20,0.489583333333333,0.40625,0,0,0,-0.0256730714777352
1849,25,20,0.510416666666667,0.40625,0,0,0,-0.0256730714777352
1850,26,20,0.53125,0.40625,0,0,0,-0.0211788231197381
1851,27,20,0.552083333333333,0.40625,0,0,0,-0.0127538526980521
1852,28,20,0.572916666666667,0.40625,0,0,0,-0.00123172655217314
1853,29,20,0.59375,0.40625,1,16,16,0.0125825214724777
1854,30,20,0.614583333333333,0.40625,1,11,11,0.0280486500369989
1855,31,20,0.635416666666667,0.40625,1,34,34,0.0447019614671031
1856,32,20,0.65625,0.40625,1,15,15,0.0622172467139157
1857,33,20,0.677083333333333,0.40625,1,14,14,0.0803685839757431
1858,34,20,0.697916666666667,0.40625,1,20,20,0.0989978754336316
1859,35,20,0.71875,0.40625,1,27,27,0.117992909558247
1860,36,20,0.739583333333333,0.40625,1,14,14,0.137272688233926
1861,37,20,0.760416666666667,0.40625,1,29,29,0.15677771365805
1862,38,20,0.78125,0.40625,1,10,10,0.176463530640786
1863,39,20,0.802083333333333,0.40625,1,17,17,0.196296384389354
1864,40,20,0.822916666666667,0.40625,1,17,17,0.216250258157687
1865,41,20,0.84375,0.40625,1,22,22,0.236304820343481
1866,42,20,0.864583333333333,0.40625,1,9,9,0.25644397915818
1867,43,20,0.885416666666667,0.40625,1,28,28,0.276654849263745
1868,44,20,0.90625,0.40625,1,12,12,0.296927002003948
1869,45,20,0.927083333333333,0.40625,1,14,14,0.31725191378782
1870,46,20,0.947916666666667,0.40625,1,23,23,0.33762255492685
1871,47,20,0.96875,0.40625,1,25,25,0.358033079399324
1872,48,20,0.989583333333333,0.40625,1,10,10,0.378478588083558
1873,49,20,1.01041666666667,0.40625,1,15,15,0.398954946128381
1874,50,20,1.03125,0.40625,1,11,11,0.419458640676002
1875,51,20,1.05208333333333,0.40625,1,14,14,0.43998666898815
1876,52,20,1.07291666666667,0.40625,1,35,35,0.460536449712199
1877,53,20,1.09375,0.40625,1,19,19,0.481105751927229
1878,54,20,1.11458333333333,0.40625,1,22,22,0.501692637974032
1879,55,20,1.13541666666667,0.40625,1,9,9,0.522295417061166
1880,56,20,1.15625,0.40625,1,17,17,0.542912607362388
1881,57,20,1.17708333333333,0.40625,1,16,16,0.563542904855121
1882,58,20,1.19791666666667,0.40625,1,18,18,0.584185157548149
1883,59,20,1.21875,0.40625,1,22,22,0.60483834404645
1884,60,20,1.23958333333333,0.40625,1,21,21,0.625501555628454
1885,61,20,1.26041666666667,0.40625,1,28,28,0.64617398118472
1886,62,20,1.28125,0.40625,1,20,20,0.666854894500886
1887,63,20,1.30208333333333,0.40625,1,9,9,0.687543643471429
1888,64,20,1.32291666666667,0.40625,1,19,19,0.708239640911842
1889,65,20,1.34375,0.40625,1,14,14,0.728942356700383
1890,66,20,1.36458333333333,0.40625,1,20,20,0.749651311030908
1891,67,20,1.38541666666667,0.40625,1,22,22,0.770366068598254
1892,68,20,1.40625,0.40625,1,26,26,0.791086233569578
1893,69,20,1.42708333333333,0.40625,1,15,15,0.811811445220783
1894,70,20,1.44791666666667,0.40625,1,18,18,0.832541374137861
1895,71,20,1.46875,0.40625,1,22,22,0.85327571889984
1896,72,20,1.48958333333333,0.40625,1,20,20,0.874014203173733
1897,73,20,1.51041666666667,0.40625,1,22,22,0.894756573163129
1898,74,20,1.53125,0.40625,1,15,15,0.915502595361306
1899,75,20,1.55208333333333,0.40625,1,17,17,0.936252054567364
1900,76,20,1.57291666666667,0.40625,1,25,25,0.957004752130236
1901,77,20,1.59375,0.40625,1,20,20,0.977760504390644
1902,78,20,1.61458333333333,0.40625,1,22,22,0.99851914129551
1903,79,20,1.63541666666667,0.40625,1,19,19,1.01928050516299
1904,80,20,1.65625,0.40625,1,22,22,1.04004444957941
1905,81,20,1.67708333333333,0.40625,1,18,18,1.06081083841194
1906,82,20,1.69791666666667,0.40625,1,26,26,1.08157954492317
1907,83,20,1.71875,0.40625,1,26,26,1.1023504509755
1908,84,20,1.73958333333333,0.40625,1,22,22,1.12312344631488
1909,85,20,1.76041666666667,0.40625,1,22,22,1.14389842792493
1910,86,20,1.78125,0.40625,1,32,32,1.1646752994434
1911,87,20,1.80208333333333,0.40625,1,9,9,1.18545397063414
1912,88,20,1.82291666666667,0.40625,1,7,7,1.20623435690848
1913,89,20,1.84375,0.40625,1,12,12,1.22701637889077
1914,90,20,1.86458333333333,0.40625,1,31,31,1.24779996202336
1915,91,20,1.88541666666667,0.40625,1,20,20,1.26858503620692
1916,92,20,1.90625,0.40625,1,17,17,1.28937153547246
1917,93,20,1.92708333333333,0.40625,1,14,14,1.31015939768187
1918,94,20,1.94791666666667,0.40625,1,28,28,1.33094856425413
1919,95,20,1.96875,0.40625,1,20,20,1.35173897991458
1920,96,20,1.98958333333333,0.40625,1,27,27,1.37253059246517
1921,1,21,0.0104166666666667,0.427083333333333,1,18,18,0.374983515438197
1922,2,21,0.03125,0.427083333333333,1,20,20,0.354387397363987
1923,3,21,0.0520833333333333,0.427083333333333,1,15,15,0.333812935641499
1924,4,21,0.0729166666666667,0.427083333333333,1,23,23,0.313263215480946
1925,5,21,0.09375,0.427083333333333,1,12,12,0.292741932419978
1926,6,21,0.114583333333333,0.427083333333333,1,27,27,0.272253549661724
1927,7,21,0.135416666666667,0.427083333333333,1,18,18,0.251803506199474
1928,8,21,0.15625,0.427083333333333,1,21,21,0.231398495696521
1929,9,21,0.177083333333333,0.427083333333333,1,23,23,0.211046845459806
1930,10,21,0.197916666666667,0.427083333333333,1,24,24,0.190759039378673
1931,11,21,0.21875,0.427083333333333,1,19,19,0.170548451687112
1932,12,21,0.239583333333333,0.427083333333333,1,21,21,0.150432395536399
1933,13,21,0.260416666666667,0.427083333333333,1,11,11,0.130433651670236
1934,14,21,0.28125,0.427083333333333,1,14,14,0.110582746053944
1935,15,21,0.302083333333333,0.427083333333333,1,20,20,0.0909214242845478
1936,16,21,0.322916666666667,0.427083333333333,1,12,12,0.0715080865713567
1937,17,21,0.34375,0.427083333333333,1,22,22,0.052426514137988
1938,18,21,0.364583333333333,0.427083333333333,1,20,20,0.0338002402107646
1939,19,21,0.385416666666667,0.427083333333333,1,19,19,0.0158167167750552
1940,20,21,0.40625,0.427083333333333,0,0,0,-0.00123172655217312
1941,21,21,0.427083333333333,0.427083333333333,0,0,0,-0.0168802610769618
1942,22,21,0.447916666666667,0.427083333333333,0,0,0,-0.0303924451349726
1943,23,21,0.46875,0.427083333333333,0,0,0,-0.0406690301472509
1944,24,21,0.489583333333333,0.427083333333333,0,0,0,-0.0463430436264013
1945,25,21,0.510416666666667,0.427083333333333,0,0,0,-0.0463430436264013
1946,26,21,0.53125,0.427083333333333,0,0,0,-0.0406690301472509
1947,27,21,0.552083333333333,0.427083333333333,0,0,0,-0.0303924451349727
1948,28,21,0.572916666666667,0.427083333333333,0,0,0,-0.0168802610769618
1949,29,21,0.59375,0.427083333333333,0,0,0,-0.00123172655217312
1950,30,21,0.614583333333333,0.427083333333333,1,22,22,0.0158167167750551
1951,31,21,0.635416666666667,0.427083333333333,1,29,29,0.0338002402107646
1952,32,21,0.65625,0.427083333333333,1,22,22,0.052426514137988
1953,33,21,0.677083333333333,0.427083333333333,1,16,16,0.0715080865713566
1954,34,21,0.697916666666667,0.427083333333333,1,11,11,0.0909214242845477
1955,35,21,0.71875,0.427083333333333,1,21,21,0.110582746053944
1956,36,21,0.739583333333333,0.427083333333333,1,15,15,0.130433651670236
1957,37,21,0.760416666666667,0.427083333333333,1,18,18,0.150432395536399
1958,38,21,0.78125,0.427083333333333,1,22,22,0.170548451687112
1959,39,21,0.802083333333333,0.427083333333333,1,10,10,0.190759039378673
1960,40,21,0.822916666666667,0.427083333333333,1,26,26,0.211046845459806
1961,41,21,0.84375,0.427083333333333,1,11,11,0.231398495696521
1962,42,21,0.864583333333333,0.427083333333333,1,22,22,0.251803506199474
1963,43,21,0.885416666666667,0.427083333333333,1,15,15,0.272253549661724
1964,44,21,0.90625,0.427083333333333,1,23,23,0.292741932419978
1965,45,21,0.927083333333333,0.427083333333333,1,27,27,0.313263215480946
1966,46,21,0.947916666666667,0.427083333333333,1,27,27,0.333812935641499
1967,47,21,0.96875,0.427083333333333,1,14,14,0.354387397363987
1968,48,21,0.989583333333333,0.427083333333333,1,25,25,0.374983515438197
1969,49,21,1.01041666666667,0.427083333333333,1,20,20,0.395598694615191
1970,50,21,1.03125,0.427083333333333,1,21,21,0.41623073650974
1971,51,21,1.05208333333333,0.427083333333333,1,30,30,0.436877766859319
1972,52,21,1.07291666666667,0.427083333333333,1,23,23,0.457538178151213
1973,53,21,1.09375,0.427083333333333,1,8,8,0.478210583973385
1974,54,21,1.11458333333333,0.427083333333333,1,17,17,0.498893782396373
1975,55,21,1.13541666666667,0.427083333333333,1,18,18,0.519586726375365
1976,56,21,1.15625,0.427083333333333,1,14,14,0.540288499655853
1977,57,21,1.17708333333333,0.427083333333333,1,28,28,0.560998297028381
1978,58,21,1.19791666666667,0.427083333333333,1,21,21,0.581715408045804
1979,59,21,1.21875,0.427083333333333,1,19,19,0.602439203516654
1980,60,21,1.23958333333333,0.427083333333333,1,10,10,0.62316912423904
1981,61,21,1.26041666666667,0.427083333333333,1,17,17,0.643904671554129
1982,62,21,1.28125,0.427083333333333,1,11,11,0.664645399386103
1983,63,21,1.30208333333333,0.427083333333333,1,10,10,0.685390907503238
1984,64,21,1.32291666666667,0.427083333333333,1,17,17,0.706140835787431
1985,65,21,1.34375,0.427083333333333,1,30,30,0.726894859340743
1986,66,21,1.36458333333333,0.427083333333333,1,22,22,0.74765268428995
1987,67,21,1.38541666666667,0.427083333333333,1,27,27,0.76841404417585
1988,68,21,1.40625,0.427083333333333,1,25,25,0.789178696834554
1989,69,21,1.42708333333333,0.427083333333333,1,21,21,0.809946421694402
1990,70,21,1.44791666666667,0.427083333333333,1,15,15,0.830717017425386
1991,71,21,1.46875,0.427083333333333,1,15,15,0.85149029988867
1992,72,21,1.48958333333333,0.427083333333333,1,25,25,0.872266100342488
1993,73,21,1.51041666666667,0.427083333333333,1,16,16,0.893044263867851
1994,74,21,1.53125,0.427083333333333,1,36,36,0.913824647983292
1995,75,21,1.55208333333333,0.427083333333333,1,24,24,0.934607121422739
1996,76,21,1.57291666666667,0.427083333333333,1,24,24,0.955391563054541
1997,77,21,1.59375,0.427083333333333,1,26,26,0.976177860923025
1998,78,21,1.61458333333333,0.427083333333333,1,27,27,0.996965911396683
1999,79,21,1.63541666666667,0.427083333333333,1,21,21,1.01775561840943
2000,80,21,1.65625,0.427083333333333,1,17,17,1.03854689278327
2001,81,21,1.67708333333333,0.427083333333333,1,16,16,1.05933965162242
2002,82,21,1.69791666666667,0.427083333333333,1,28,28,1.08013381777015
2003,83,21,1.71875,0.427083333333333,1,13,13,1.10092931932106
2004,84,21,1.73958333333333,0.427083333333333,1,20,20,1.12172608918213
2005,85,21,1.76041666666667,0.427083333333333,1,24,24,1.14252406467714
2006,86,21,1.78125,0.427083333333333,1,15,15,1.16332318718933
2007,87,21,1.80208333333333,0.427083333333333,1,17,17,1.18412340183827
2008,88,21,1.82291666666667,0.427083333333333,1,30,30,1.20492465718705
2009,89,21,1.84375,0.427083333333333,1,20,20,1.22572690497655
2010,90,21,1.86458333333333,0.427083333333333,1,15,15,1.24653009988397
2011,91,21,1.88541666666667,0.427083333333333,1,14,14,1.26733419930295
2012,92,21,1.90625,0.427083333333333,1,34,34,1.28813916314325
2013,93,21,1.92708333333333,0.427083333333333,1,22,22,1.30894495364781
2014,94,21,1.94791666666667,0.427083333333333,1,14,14,1.32975153522557
2015,95,21,1.96875,0.427083333333333,1,19,19,1.3505588742984
2016,96,21,1.98958333333333,0.427083333333333,1,17,17,1.37136693916092
2017,1,22,0.0104166666666667,0.447916666666667,1,10,10,0.372345929087353
2018,2,22,0.03125,0.447916666666667,1,21,21,0.351634642611324
2019,3,22,0.0520833333333333,0.447916666666667,1,29,29,0.330934600456528
2020,4,22,0.0729166666666667,0.447916666666667,1,28,28,0.310247425584654
2021,5,22,0.09375,0.447916666666667,1,10,10,0.289575067736198
2022,6,22,0.114583333333333,0.447916666666667,1,19,19,0.268919889637385
2023,7,22,0.135416666666667,0.447916666666667,1,16,16,0.248284781867994
2024,8,22,0.15625,0.447916666666667,1,12,12,0.227673318089138
2025,9,22,0.177083333333333,0.447916666666667,1,18,18,0.207089968085575
2026,10,22,0.197916666666667,0.447916666666667,1,18,18,0.186540395199212
2027,11,22,0.21875,0.447916666666667,1,18,18,0.166031879536375
2028,12,22,0.239583333333333,0.447916666666667,1,27,27,0.145573932999624
2029,13,22,0.260416666666667,0.447916666666667,1,18,18,0.125179214498746
2030,14,22,0.28125,0.447916666666667,1,20,20,0.104864928592947
2031,15,22,0.302083333333333,0.447916666666667,1,25,25,0.0846550281707136
2032,16,22,0.322916666666667,0.447916666666667,1,15,15,0.0645838036111391
2033,17,22,0.34375,0.447916666666667,1,25,25,0.0447019614671031
2034,18,22,0.364583333333333,0.447916666666667,1,27,27,0.0250873778873346
2035,19,22,0.385416666666667,0.447916666666667,1,18,18,0.00586506222494351
2036,20,22,0.40625,0.447916666666667,0,0,0,-0.0127538526980521
2037,21,22,0.427083333333333,0.447916666666667,0,0,0,-0.0303924451349726
2038,22,22,0.447916666666667,0.447916666666667,0,0,0,-0.0463430436264012
2039,23,22,0.46875,0.447916666666667,0,0,0,-0.0592609177620281
2040,24,22,0.489583333333333,0.447916666666667,0,0,0,-0.0668852134000751
2041,25,22,0.510416666666667,0.447916666666667,0,0,0,-0.0668852134000751
2042,26,22,0.53125,0.447916666666667,0,0,0,-0.0592609177620281
2043,27,22,0.552083333333333,0.447916666666667,0,0,0,-0.0463430436264013
2044,28,22,0.572916666666667,0.447916666666667,0,0,0,-0.0303924451349726
2045,29,22,0.59375,0.447916666666667,0,0,0,-0.0127538526980521
2046,30,22,0.614583333333333,0.447916666666667,1,24,24,0.0058650622249434
2047,31,22,0.635416666666667,0.447916666666667,1,31,31,0.0250873778873346
2048,32,22,0.65625,0.447916666666667,1,20,20,0.0447019614671031
2049,33,22,0.677083333333333,0.447916666666667,1,23,23,0.064583803611139
2050,34,22,0.697916666666667,0.447916666666667,1,32,32,0.0846550281707135
2051,35,22,0.71875,0.447916666666667,1,24,24,0.104864928592947
2052,36,22,0.739583333333333,0.447916666666667,1,29,29,0.125179214498746
2053,37,22,0.760416666666667,0.447916666666667,1,34,34,0.145573932999624
2054,38,22,0.78125,0.447916666666667,1,28,28,0.166031879536375
2055,39,22,0.802083333333333,0.447916666666667,1,6,6,0.186540395199212
2056,40,22,0.822916666666667,0.447916666666667,1,10,10,0.207089968085575
2057,41,22,0.84375,0.447916666666667,1,20,20,0.227673318089138
2058,42,22,0.864583333333333,0.447916666666667,1,15,15,0.248284781867993
2059,43,22,0.885416666666667,0.447916666666667,1,22,22,0.268919889637385
2060,44,22,0.90625,0.447916666666667,1,16,16,0.289575067736198
2061,45,22,0.927083333333333,0.447916666666667,1,11,11,0.310247425584654
2062,46,22,0.947916666666667,0.447916666666667,1,21,21,0.330934600456528
2063,47,22,0.96875,0.447916666666667,1,8,8,0.351634642611324
2064,48,22,0.989583333333333,0.447916666666667,1,21,21,0.372345929087353
2065,49,22,1.01041666666667,0.447916666666667,1,20,20,0.393067098167698
2066,50,22,1.03125,0.447916666666667,1,23,23,0.413796998971623
2067,51,22,1.05208333333333,0.447916666666667,1,15,15,0.43453465225859
2068,52,22,1.07291666666667,0.447916666666667,1,26,26,0.45527921964517
2069,53,22,1.09375,0.447916666666667,1,19,19,0.476029979204999
2070,54,22,1.11458333333333,0.447916666666667,1,18,18,0.496786305961977
2071,55,22,1.13541666666667,0.447916666666667,1,17,17,0.517547656170806
2072,56,22,1.15625,0.447916666666667,1,21,21,0.538313554555207
2073,57,22,1.17708333333333,0.447916666666667,1,20,20,0.559083583875276
2074,58,22,1.19791666666667,0.447916666666667,1,21,21,0.579857376343368
2075,59,22,1.21875,0.447916666666667,1,13,13,0.600634606517832
2076,60,22,1.23958333333333,0.447916666666667,1,20,20,0.621414985386427
2077,61,22,1.26041666666667,0.447916666666667,1,17,17,0.642198255413613
2078,62,22,1.28125,0.447916666666667,1,24,24,0.662984186373589
2079,63,22,1.30208333333333,0.447916666666667,1,18,18,0.683772571827518
2080,64,22,1.32291666666667,0.447916666666667,1,19,19,0.704563226131804
2081,65,22,1.34375,0.447916666666667,1,22,22,0.725355981886395
2082,66,22,1.36458333333333,0.447916666666667,1,22,22,0.746150687749475
2083,67,22,1.38541666666667,0.447916666666667,1,20,20,0.766947206558667
2084,68,22,1.40625,0.447916666666667,1,35,35,0.787745413709764
2085,69,22,1.42708333333333,0.447916666666667,1,29,29,0.808545195752773
2086,70,22,1.44791666666667,0.447916666666667,1,17,17,0.829346449172037
2087,71,22,1.46875,0.447916666666667,1,17,17,0.850149079322921
2088,72,22,1.48958333333333,0.447916666666667,1,19,19,0.870952999502107
2089,73,22,1.51041666666667,0.447916666666667,1,15,15,0.89175813013234
2090,74,22,1.53125,0.447916666666667,1,24,24,0.912564398045522
2091,75,22,1.55208333333333,0.447916666666667,1,13,13,0.933371735850592
2092,76,22,1.57291666666667,0.447916666666667,1,25,25,0.95418008137473
2093,77,22,1.59375,0.447916666666667,1,18,18,0.974989377168158
2094,78,22,1.61458333333333,0.447916666666667,1,18,18,0.995799570064246
2095,79,22,1.63541666666667,0.447916666666667,1,30,30,1.01661061078786
2096,80,22,1.65625,0.447916666666667,1,10,10,1.0374224536059
2097,81,22,1.67708333333333,0.447916666666667,1,35,35,1.05823505601481
2098,82,22,1.69791666666667,0.447916666666667,1,29,29,1.07904837846056
2099,83,22,1.71875,0.447916666666667,1,29,29,1.09986238408728
2100,84,22,1.73958333333333,0.447916666666667,1,16,16,1.12067703851119
2101,85,22,1.76041666666667,0.447916666666667,1,27,27,1.14149230961676
2102,86,22,1.78125,0.447916666666667,1,18,18,1.16230816737285
2103,87,22,1.80208333333333,0.447916666666667,1,29,29,1.18312458366633
2104,88,22,1.82291666666667,0.447916666666667,1,16,16,1.20394153215146
2105,89,22,1.84375,0.447916666666667,1,21,21,1.22475898811315
2106,90,22,1.86458333333333,0.447916666666667,1,9,9,1.24557692834282
2107,91,22,1.88541666666667,0.447916666666667,1,16,16,1.26639533102535
2108,92,22,1.90625,0.447916666666667,1,20,20,1.28721417563607
2109,93,22,1.92708333333333,0.447916666666667,1,6,6,1.3080334428468
2110,94,22,1.94791666666667,0.447916666666667,1,31,31,1.32885311443991
2111,95,22,1.96875,0.447916666666667,1,19,19,1.34967317322972
2112,96,22,1.98958333333333,0.447916666666667,1,33,33,1.37049360299048
2113,1,23,0.0104166666666667,0.46875,1,17,17,0.370579659971526
2114,2,23,0.03125,0.46875,1,19,19,0.349790511824153
2115,3,23,0.0520833333333333,0.46875,1,24,24,0.329005459630256
2116,4,23,0.0729166666666667,0.46875,1,18,18,0.308225099814468
2117,5,23,0.09375,0.46875,1,36,36,0.287450150325166
2118,6,23,0.114583333333333,0.46875,1,29,29,0.266681483193137
2119,7,23,0.135416666666667,0.46875,1,18,18,0.245920168130215
2120,8,23,0.15625,0.46875,1,33,33,0.225167531787102
2121,9,23,0.177083333333333,0.46875,1,14,14,0.20442523963328
2122,10,23,0.197916666666667,0.46875,1,21,21,0.183695411189859
2123,11,23,0.21875,0.46875,1,16,16,0.162980785566794
2124,12,23,0.239583333333333,0.46875,1,21,21,0.142284964833629
2125,13,23,0.260416666666667,0.46875,1,21,21,0.121612781348817
2126,14,23,0.28125,0.46875,1,20,20,0.100970869120796
2127,15,23,0.302083333333333,0.46875,1,15,15,0.0803685839757432
2128,16,23,0.322916666666667,0.46875,1,11,11,0.0598195468920008
2129,17,23,0.34375,0.46875,1,29,29,0.0393443597997745
2130,18,23,0.364583333333333,0.46875,1,20,20,0.0189756673346493
2131,19,23,0.385416666666667,0.46875,0,0,0,-0.00123172655217309
2132,20,23,0.40625,0.46875,0,0,0,-0.0211788231197381
2133,21,23,0.427083333333333,0.46875,0,0,0,-0.0406690301472509
2134,22,23,0.447916666666667,0.46875,0,0,0,-0.0592609177620281
2135,23,23,0.46875,0.46875,0,0,0,-0.0758058261758408
2136,24,23,0.489583333333333,0.46875,0,0,0,-0.0870596077065794
2137,25,23,0.510416666666667,0.46875,0,0,0,-0.0870596077065794
2138,26,23,0.53125,0.46875,0,0,0,-0.0758058261758408
2139,27,23,0.552083333333333,0.46875,0,0,0,-0.0592609177620282
2140,28,23,0.572916666666667,0.46875,0,0,0,-0.040669030147251
2141,29,23,0.59375,0.46875,0,0,0,-0.0211788231197381
2142,30,23,0.614583333333333,0.46875,0,0,0,-0.0012317265521732
2143,31,23,0.635416666666667,0.46875,1,30,30,0.0189756673346493
2144,32,23,0.65625,0.46875,1,9,9,0.0393443597997745
2145,33,23,0.677083333333333,0.46875,1,22,22,0.0598195468920006
2146,34,23,0.697916666666667,0.46875,1,13,13,0.0803685839757431
2147,35,23,0.71875,0.46875,1,21,21,0.100970869120796
2148,36,23,0.739583333333333,0.46875,1,22,22,0.121612781348817
2149,37,23,0.760416666666667,0.46875,1,18,18,0.142284964833629
2150,38,23,0.78125,0.46875,1,23,23,0.162980785566794
2151,39,23,0.802083333333333,0.46875,1,23,23,0.183695411189859
2152,40,23,0.822916666666667,0.46875,1,12,12,0.20442523963328
2153,41,23,0.84375,0.46875,1,13,13,0.225167531787102
2154,42,23,0.864583333333333,0.46875,1,30,30,0.245920168130214
2155,43,23,0.885416666666667,0.46875,1,13,13,0.266681483193137
2156,44,23,0.90625,0.46875,1,33,33,0.287450150325166
2157,45,23,0.927083333333333,0.46875,1,7,7,0.308225099814468
2158,46,23,0.947916666666667,0.46875,1,26,26,0.329005459630256
2159,47,23,0.96875,0.46875,1,24,24,0.349790511824153
2160,48,23,0.989583333333333,0.46875,1,19,19,0.370579659971526
2161,49,23,1.01041666666667,0.46875,1,16,16,0.391372404526399
2162,50,23,1.03125,0.46875,1,24,24,0.4121683239352
2163,51,23,1.05208333333333,0.46875,1,15,15,0.432967059999458
2164,52,23,1.07291666666667,0.46875,1,20,20,0.45376830641335
2165,53,23,1.09375,0.46875,1,17,17,0.474571799701264
2166,54,23,1.11458333333333,0.46875,1,24,24,0.495377311989247
2167,55,23,1.13541666666667,0.46875,1,18,18,0.516184645191769
2168,56,23,1.15625,0.46875,1,15,15,0.536993626300895
2169,57,23,1.17708333333333,0.46875,1,23,23,0.55780410354156
2170,58,23,1.19791666666667,0.46875,1,20,20,0.578615943212801
2171,59,23,1.21875,0.46875,1,22,22,0.599429027076334
2172,60,23,1.23958333333333,0.46875,1,19,19,0.620243250184994
2173,61,23,1.26041666666667,0.46875,1,22,22,0.641058519066993
2174,62,23,1.28125,0.46875,1,15,15,0.6618747501998
2175,63,23,1.30208333333333,0.46875,1,15,15,0.682691868721187
2176,64,23,1.32291666666667,0.46875,1,20,20,0.703509807335515
2177,65,23,1.34375,0.46875,1,26,26,0.724328505381644
2178,66,23,1.36458333333333,0.46875,1,16,16,0.745147908035255
2179,67,23,1.38541666666667,0.46875,1,23,23,0.765967965623538
2180,68,23,1.40625,0.46875,1,21,21,0.786788633034182
2181,69,23,1.42708333333333,0.46875,1,22,22,0.807609869203883
2182,70,23,1.44791666666667,0.46875,1,27,27,0.82843163667417
2183,71,23,1.46875,0.46875,1,22,22,0.849253901204426
2184,72,23,1.48958333333333,0.46875,1,25,25,0.870076631433704
2185,73,23,1.51041666666667,0.46875,1,12,12,0.8908997985843
2186,74,23,1.53125,0.46875,1,34,34,0.911723376201199
2187,75,23,1.55208333333333,0.46875,1,17,17,0.932547339922427
2188,76,23,1.57291666666667,0.46875,1,27,27,0.953371667276117
2189,77,23,1.59375,0.46875,1,28,28,0.974196337500725
2190,78,23,1.61458333333333,0.46875,1,24,24,0.995021331385389
2191,79,23,1.63541666666667,0.46875,1,35,35,1.01584663112783
2192,80,23,1.65625,0.46875,1,9,9,1.03667222020761
2193,81,23,1.67708333333333,0.46875,1,29,29,1.0574980832728
2194,82,23,1.69791666666667,0.46875,1,17,17,1.07832420603849
2195,83,23,1.71875,0.46875,1,10,10,1.0991505751957
2196,84,23,1.73958333333333,0.46875,1,25,25,1.11997717832941
2197,85,23,1.76041666666667,0.46875,1,23,23,1.14080400384481
2198,86,23,1.78125,0.46875,1,27,27,1.16163104090062
2199,87,23,1.80208333333333,0.46875,1,25,25,1.18245827934888
2200,88,23,1.82291666666667,0.46875,1,21,21,1.20328570968043
2201,89,23,1.84375,0.46875,1,16,16,1.22411332297541
2202,90,23,1.86458333333333,0.46875,1,31,31,1.24494111085831
2203,91,23,1.88541666666667,0.46875,1,16,16,1.26576906545708
2204,92,23,1.90625,0.46875,1,10,10,1.28659717936586
2205,93,23,1.92708333333333,0.46875,1,11,11,1.30742544561101
2206,94,23,1.94791666666667,0.46875,1,30,30,1.32825385761997
2207,95,23,1.96875,0.46875,1,23,23,1.34908240919289
2208,96,23,1.98958333333333,0.46875,1,18,18,1.36991109447659
2209,1,24,0.0104166666666667,0.489583333333333,1,20,20,0.369694136397632
2210,2,24,0.03125,0.489583333333333,1,9,9,0.348865726455287
2211,3,24,0.0520833333333333,0.489583333333333,1,26,26,0.328037774325137
2212,4,24,0.0729166666666667,0.489583333333333,1,20,20,0.307210346966872
2213,5,24,0.09375,0.489583333333333,1,22,22,0.286383525065233
2214,6,24,0.114583333333333,0.489583333333333,1,28,28,0.26555740673587
2215,7,24,0.135416666666667,0.489583333333333,1,26,26,0.244732112500242
2216,8,24,0.15625,0.489583333333333,1,11,11,0.223907792067066
2217,9,24,0.177083333333333,0.489583333333333,1,23,23,0.203084633734809
2218,10,24,0.197916666666667,0.489583333333333,1,13,13,0.182262877678061
2219,11,24,0.21875,0.489583333333333,1,19,19,0.161442835127215
2220,12,24,0.239583333333333,0.489583333333333,1,21,21,0.140624916733267
2221,13,24,0.260416666666667,0.489583333333333,1,20,20,0.119809675692111
2222,14,24,0.28125,0.489583333333333,1,30,30,0.0989978754336317
2223,15,24,0.302083333333333,0.489583333333333,1,25,25,0.0781905999004214
2224,16,24,0.322916666666667,0.489583333333333,1,13,13,0.0573894413117334
2225,17,24,0.34375,0.489583333333333,1,21,21,0.0365968372747178
2226,18,24,0.364583333333333,0.489583333333333,1,22,22,0.0158167167750552
2227,19,24,0.385416666666667,0.489583333333333,0,0,0,-0.00494415607096599
2228,20,24,0.40625,0.489583333333333,0,0,0,-0.0256730714777352
2229,21,24,0.427083333333333,0.489583333333333,0,0,0,-0.0463430436264013
2230,22,24,0.447916666666667,0.489583333333333,0,0,0,-0.0668852134000751
2231,23,24,0.46875,0.489583333333333,0,0,0,-0.0870596077065794
2232,24,24,0.489583333333333,0.489583333333333,0,0,0,-0.10526860872528
2233,25,24,0.510416666666667,0.489583333333333,0,0,0,-0.10526860872528
2234,26,24,0.53125,0.489583333333333,0,0,0,-0.0870596077065794
2235,27,24,0.552083333333333,0.489583333333333,0,0,0,-0.0668852134000752
2236,28,24,0.572916666666667,0.489583333333333,0,0,0,-0.0463430436264013
2237,29,24,0.59375,0.489583333333333,0,0,0,-0.0256730714777352
2238,30,24,0.614583333333333,0.489583333333333,0,0,0,-0.0049441560709661
2239,31,24,0.635416666666667,0.489583333333333,1,14,14,0.0158167167750551
2240,32,24,0.65625,0.489583333333333,1,26,26,0.0365968372747178
2241,33,24,0.677083333333333,0.489583333333333,1,19,19,0.0573894413117333
2242,34,24,0.697916666666667,0.489583333333333,1,13,13,0.0781905999004213
2243,35,24,0.71875,0.489583333333333,1,13,13,0.0989978754336317
2244,36,24,0.739583333333333,0.489583333333333,1,16,16,0.119809675692111
2245,37,24,0.760416666666667,0.489583333333333,1,27,27,0.140624916733267
2246,38,24,0.78125,0.489583333333333,1,22,22,0.161442835127215
2247,39,24,0.802083333333333,0.489583333333333,1,19,19,0.182262877678061
2248,40,24,0.822916666666667,0.489583333333333,1,24,24,0.203084633734809
2249,41,24,0.84375,0.489583333333333,1,30,30,0.223907792067066
2250,42,24,0.864583333333333,0.489583333333333,1,19,19,0.244732112500242
2251,43,24,0.885416666666667,0.489583333333333,1,27,27,0.26555740673587
2252,44,24,0.90625,0.489583333333333,1,17,17,0.286383525065233
2253,45,24,0.927083333333333,0.489583333333333,1,24,24,0.307210346966872
2254,46,24,0.947916666666667,0.489583333333333,1,25,25,0.328037774325137
2255,47,24,0.96875,0.489583333333333,1,18,18,0.348865726455287
2256,48,24,0.989583333333333,0.489583333333333,1,27,27,0.369694136397632
2257,49,24,1.01041666666667,0.489583333333333,1,22,22,0.390522948118452
2258,50,24,1.03125,0.489583333333333,1,15,15,0.411352114369035
2259,51,24,1.05208333333333,0.489583333333333,1,19,19,0.432181595029107
2260,52,24,1.07291666666667,0.489583333333333,1,16,16,0.453011355811461
2261,53,24,1.09375,0.489583333333333,1,24,24,0.473841367239134
2262,54,24,1.11458333333333,0.489583333333333,1,20,20,0.494671603830497
2263,55,24,1.13541666666667,0.489583333333333,1,28,28,0.515502043444568
2264,56,24,1.15625,0.489583333333333,1,20,20,0.536332666750973
2265,57,24,1.17708333333333,0.489583333333333,1,4,4,0.557163456797709
2266,58,24,1.19791666666667,0.489583333333333,1,17,17,0.57799439865629
2267,59,24,1.21875,0.489583333333333,1,25,25,0.598825479128588
2268,60,24,1.23958333333333,0.489583333333333,1,24,24,0.619656686503197
2269,61,24,1.26041666666667,0.489583333333333,1,20,20,0.640488010351832
2270,62,24,1.28125,0.489583333333333,1,14,14,0.661319441358299
2271,63,24,1.30208333333333,0.489583333333333,1,29,29,0.682150971174102
2272,64,24,1.32291666666667,0.489583333333333,1,13,13,0.702982592295987
2273,65,24,1.34375,0.489583333333333,1,18,18,0.72381429796161
2274,66,24,1.36458333333333,0.489583333333333,1,19,19,0.744646082060297
2275,67,24,1.38541666666667,0.489583333333333,1,24,24,0.765477939056392
2276,68,24,1.40625,0.489583333333333,1,28,28,0.786309863923175
2277,69,24,1.42708333333333,0.489583333333333,1,18,18,0.807141852085693
2278,70,24,1.44791666666667,0.489583333333333,1,16,16,0.827973899371121
2279,71,24,1.46875,0.489583333333333,1,19,19,0.848806001965535
2280,72,24,1.48958333333333,0.489583333333333,1,28,28,0.869638156376135
2281,73,24,1.51041666666667,0.489583333333333,1,26,26,0.890470359398148
2282,74,24,1.53125,0.489583333333333,1,28,28,0.911302608085737
2283,75,24,1.55208333333333,0.489583333333333,1,25,25,0.932134899726372
2284,76,24,1.57291666666667,0.489583333333333,1,22,22,0.952967231818174
2285,77,24,1.59375,0.489583333333333,1,16,16,0.973799602049866
2286,78,24,1.61458333333333,0.489583333333333,1,16,16,0.994632008282953
2287,79,24,1.63541666666667,0.489583333333333,1,15,15,1.01546444853588
2288,80,24,1.65625,0.489583333333333,1,18,18,1.03629692096989
2289,81,24,1.67708333333333,0.489583333333333,1,11,11,1.05712942387639
2290,82,24,1.69791666666667,0.489583333333333,1,23,23,1.07796195566563
2291,83,24,1.71875,0.489583333333333,1,18,18,1.09879451485656
2292,84,24,1.73958333333333,0.489583333333333,1,19,19,1.11962710006769
2293,85,24,1.76041666666667,0.489583333333333,1,11,11,1.14045971000883
2294,86,24,1.78125,0.489583333333333,1,19,19,1.16129234347375
2295,87,24,1.80208333333333,0.489583333333333,1,19,19,1.18212499933335
2296,88,24,1.82291666666667,0.489583333333333,1,17,17,1.20295767652971
2297,89,24,1.84375,0.489583333333333,1,15,15,1.22379037407047
2298,90,24,1.86458333333333,0.489583333333333,1,23,23,1.24462309102387
2299,91,24,1.88541666666667,0.489583333333333,1,23,23,1.26545582651423
2300,92,24,1.90625,0.489583333333333,1,31,31,1.28628857971771
2301,93,24,1.92708333333333,0.489583333333333,1,30,30,1.3071213498586
2302,94,24,1.94791666666667,0.489583333333333,1,19,19,1.32795413620582
2303,95,24,1.96875,0.489583333333333,1,16,16,1.3487869380698
2304,96,24,1.98958333333333,0.489583333333333,1,19,19,1.36961975479949
2305,1,25,0.0104166666666667,0.510416666666667,1,18,18,0.369694136397632
2306,2,25,0.03125,0.510416666666667,1,15,15,0.348865726455287
2307,3,25,0.0520833333333333,0.510416666666667,1,16,16,0.328037774325137
2308,4,25,0.0729166666666667,0.510416666666667,1,24,24,0.307210346966872
2309,5,25,0.09375,0.510416666666667,1,27,27,0.286383525065233
2310,6,25,0.114583333333333,0.510416666666667,1,31,31,0.26555740673587
2311,7,25,0.135416666666667,0.510416666666667,1,19,19,0.244732112500242
2312,8,25,0.15625,0.510416666666667,1,23,23,0.223907792067066
2313,9,25,0.177083333333333,0.510416666666667,1,18,18,0.203084633734809
2314,10,25,0.197916666666667,0.510416666666667,1,19,19,0.182262877678061
2315,11,25,0.21875,0.510416666666667,1,27,27,0.161442835127215
2316,12,25,0.239583333333333,0.510416666666667,1,11,11,0.140624916733267
2317,13,25,0.260416666666667,0.510416666666667,1,25,25,0.119809675692111
2318,14,25,0.28125,0.510416666666667,1,16,16,0.0989978754336316
2319,15,25,0.302083333333333,0.510416666666667,1,20,20,0.0781905999004213
2320,16,25,0.322916666666667,0.510416666666667,1,25,25,0.0573894413117334
2321,17,25,0.34375,0.510416666666667,1,14,14,0.0365968372747178
2322,18,25,0.364583333333333,0.510416666666667,1,23,23,0.0158167167750552
2323,19,25,0.385416666666667,0.510416666666667,0,0,0,-0.00494415607096599
2324,20,25,0.40625,0.510416666666667,0,0,0,-0.0256730714777352
2325,21,25,0.427083333333333,0.510416666666667,0,0,0,-0.0463430436264013
2326,22,25,0.447916666666667,0.510416666666667,0,0,0,-0.0668852134000751
2327,23,25,0.46875,0.510416666666667,0,0,0,-0.0870596077065794
2328,24,25,0.489583333333333,0.510416666666667,0,0,0,-0.10526860872528
2329,25,25,0.510416666666667,0.510416666666667,0,0,0,-0.10526860872528
2330,26,25,0.53125,0.510416666666667,0,0,0,-0.0870596077065794
2331,27,25,0.552083333333333,0.510416666666667,0,0,0,-0.0668852134000752
2332,28,25,0.572916666666667,0.510416666666667,0,0,0,-0.0463430436264013
2333,29,25,0.59375,0.510416666666667,0,0,0,-0.0256730714777352
2334,30,25,0.614583333333333,0.510416666666667,0,0,0,-0.0049441560709661
2335,31,25,0.635416666666667,0.510416666666667,1,21,21,0.0158167167750551
2336,32,25,0.65625,0.510416666666667,1,23,23,0.0365968372747178
2337,33,25,0.677083333333333,0.510416666666667,1,15,15,0.0573894413117333
2338,34,25,0.697916666666667,0.510416666666667,1,22,22,0.0781905999004213
2339,35,25,0.71875,0.510416666666667,1,26,26,0.0989978754336316
2340,36,25,0.739583333333333,0.510416666666667,1,17,17,0.119809675692111
2341,37,25,0.760416666666667,0.510416666666667,1,25,25,0.140624916733267
2342,38,25,0.78125,0.510416666666667,1,34,34,0.161442835127215
2343,39,25,0.802083333333333,0.510416666666667,1,22,22,0.182262877678061
2344,40,25,0.822916666666667,0.510416666666667,1,17,17,0.203084633734809
2345,41,25,0.84375,0.510416666666667,1,26,26,0.223907792067066
2346,42,25,0.864583333333333,0.510416666666667,1,15,15,0.244732112500242
2347,43,25,0.885416666666667,0.510416666666667,1,13,13,0.26555740673587
2348,44,25,0.90625,0.510416666666667,1,19,19,0.286383525065233
2349,45,25,0.927083333333333,0.510416666666667,1,29,29,0.307210346966872
2350,46,25,0.947916666666667,0.510416666666667,1,18,18,0.328037774325137
2351,47,25,0.96875,0.510416666666667,1,21,21,0.348865726455287
2352,48,25,0.989583333333333,0.510416666666667,1,15,15,0.369694136397632
2353,49,25,1.01041666666667,0.510416666666667,1,13,13,0.390522948118452
2354,50,25,1.03125,0.510416666666667,1,24,24,0.411352114369035
2355,51,25,1.05208333333333,0.510416666666667,1,17,17,0.432181595029107
2356,52,25,1.07291666666667,0.510416666666667,1,26,26,0.453011355811461
2357,53,25,1.09375,0.510416666666667,1,30,30,0.473841367239134
2358,54,25,1.11458333333333,0.510416666666667,1,18,18,0.494671603830497
2359,55,25,1.13541666666667,0.510416666666667,1,22,22,0.515502043444568
2360,56,25,1.15625,0.510416666666667,1,21,21,0.536332666750973
2361,57,25,1.17708333333333,0.510416666666667,1,22,22,0.557163456797709
2362,58,25,1.19791666666667,0.510416666666667,1,21,21,0.57799439865629
2363,59,25,1.21875,0.510416666666667,1,10,10,0.598825479128588
2364,60,25,1.23958333333333,0.510416666666667,1,22,22,0.619656686503197
2365,61,25,1.26041666666667,0.510416666666667,1,12,12,0.640488010351832
2366,62,25,1.28125,0.510416666666667,1,22,22,0.661319441358299
2367,63,25,1.30208333333333,0.510416666666667,1,15,15,0.682150971174102
2368,64,25,1.32291666666667,0.510416666666667,1,15,15,0.702982592295987
2369,65,25,1.34375,0.510416666666667,1,29,29,0.72381429796161
2370,66,25,1.36458333333333,0.510416666666667,1,19,19,0.744646082060297
2371,67,25,1.38541666666667,0.510416666666667,1,15,15,0.765477939056392
2372,68,25,1.40625,0.510416666666667,1,18,18,0.786309863923175
2373,69,25,1.42708333333333,0.510416666666667,1,11,11,0.807141852085693
2374,70,25,1.44791666666667,0.510416666666667,1,22,22,0.827973899371121
2375,71,25,1.46875,0.510416666666667,1,24,24,0.848806001965535
2376,72,25,1.48958333333333,0.510416666666667,1,18,18,0.869638156376135
2377,73,25,1.51041666666667,0.510416666666667,1,17,17,0.890470359398148
2378,74,25,1.53125,0.510416666666667,1,20,20,0.911302608085737
2379,75,25,1.55208333333333,0.510416666666667,1,30,30,0.932134899726372
2380,76,25,1.57291666666667,0.510416666666667,1,29,29,0.952967231818174
2381,77,25,1.59375,0.510416666666667,1,19,19,0.973799602049866
2382,78,25,1.61458333333333,0.510416666666667,1,22,22,0.994632008282953
2383,79,25,1.63541666666667,0.510416666666667,1,21,21,1.01546444853588
2384,80,25,1.65625,0.510416666666667,1,30,30,1.03629692096989
2385,81,25,1.67708333333333,0.510416666666667,1,18,18,1.05712942387639
2386,82,25,1.69791666666667,0.510416666666667,1,24,24,1.07796195566563
2387,83,25,1.71875,0.510416666666667,1,25,25,1.09879451485656
2388,84,25,1.73958333333333,0.510416666666667,1,25,25,1.11962710006769
2389,85,25,1.76041666666667,0.510416666666667,1,27,27,1.14045971000883
2390,86,25,1.78125,0.510416666666667,1,25,25,1.16129234347375
2391,87,25,1.80208333333333,0.510416666666667,1,16,16,1.18212499933335
2392,88,25,1.82291666666667,0.510416666666667,1,22,22,1.20295767652971
2393,89,25,1.84375,0.510416666666667,1,16,16,1.22379037407047
2394,90,25,1.86458333333333,0.510416666666667,1,30,30,1.24462309102387
2395,91,25,1.88541666666667,0.510416666666667,1,23,23,1.26545582651423
2396,92,25,1.90625,0.510416666666667,1,14,14,1.28628857971771
2397,93,25,1.92708333333333,0.510416666666667,1,24,24,1.3071213498586
2398,94,25,1.94791666666667,0.510416666666667,1,18,18,1.32795413620582
2399,95,25,1.96875,0.510416666666667,1,19,19,1.3487869380698
2400,96,25,1.98958333333333,0.510416666666667,1,7,7,1.36961975479949
2401,1,26,0.0104166666666667,0.53125,1,18,18,0.370579659971526
2402,2,26,0.03125,0.53125,1,18,18,0.349790511824153
2403,3,26,0.0520833333333333,0.53125,1,23,23,0.329005459630256
2404,4,26,0.0729166666666667,0.53125,1,7,7,0.308225099814468
2405,5,26,0.09375,0.53125,1,23,23,0.287450150325166
2406,6,26,0.114583333333333,0.53125,1,27,27,0.266681483193137
2407,7,26,0.135416666666667,0.53125,1,26,26,0.245920168130215
2408,8,26,0.15625,0.53125,1,24,24,0.225167531787102
2409,9,26,0.177083333333333,0.53125,1,24,24,0.20442523963328
2410,10,26,0.197916666666667,0.53125,1,9,9,0.183695411189859
2411,11,26,0.21875,0.53125,1,28,28,0.162980785566794
2412,12,26,0.239583333333333,0.53125,1,24,24,0.142284964833629
2413,13,26,0.260416666666667,0.53125,1,14,14,0.121612781348817
2414,14,26,0.28125,0.53125,1,23,23,0.100970869120796
2415,15,26,0.302083333333333,0.53125,1,15,15,0.0803685839757432
2416,16,26,0.322916666666667,0.53125,1,23,23,0.0598195468920008
2417,17,26,0.34375,0.53125,1,16,16,0.0393443597997745
2418,18,26,0.364583333333333,0.53125,1,9,9,0.0189756673346493
2419,19,26,0.385416666666667,0.53125,0,0,0,-0.00123172655217309
2420,20,26,0.40625,0.53125,0,0,0,-0.0211788231197381
2421,21,26,0.427083333333333,0.53125,0,0,0,-0.0406690301472509
2422,22,26,0.447916666666667,0.53125,0,0,0,-0.0592609177620281
2423,23,26,0.46875,0.53125,0,0,0,-0.0758058261758408
2424,24,26,0.489583333333333,0.53125,0,0,0,-0.0870596077065794
2425,25,26,0.510416666666667,0.53125,0,0,0,-0.0870596077065794
2426,26,26,0.53125,0.53125,0,0,0,-0.0758058261758408
2427,27,26,0.552083333333333,0.53125,0,0,0,-0.0592609177620282
2428,28,26,0.572916666666667,0.53125,0,0,0,-0.040669030147251
2429,29,26,0.59375,0.53125,0,0,0,-0.0211788231197381
2430,30,26,0.614583333333333,0.53125,0,0,0,-0.0012317265521732
2431,31,26,0.635416666666667,0.53125,1,20,20,0.0189756673346493
2432,32,26,0.65625,0.53125,1,28,28,0.0393443597997745
2433,33,26,0.677083333333333,0.53125,1,25,25,0.0598195468920006
2434,34,26,0.697916666666667,0.53125,1,23,23,0.0803685839757431
2435,35,26,0.71875,0.53125,1,19,19,0.100970869120796
2436,36,26,0.739583333333333,0.53125,1,16,16,0.121612781348817
2437,37,26,0.760416666666667,0.53125,1,25,25,0.142284964833629
2438,38,26,0.78125,0.53125,1,11,11,0.162980785566794
2439,39,26,0.802083333333333,0.53125,1,20,20,0.183695411189859
2440,40,26,0.822916666666667,0.53125,1,11,11,0.20442523963328
2441,41,26,0.84375,0.53125,1,23,23,0.225167531787102
2442,42,26,0.864583333333333,0.53125,1,23,23,0.245920168130214
2443,43,26,0.885416666666667,0.53125,1,24,24,0.266681483193137
2444,44,26,0.90625,0.53125,1,11,11,0.287450150325166
2445,45,26,0.927083333333333,0.53125,1,11,11,0.308225099814468
2446,46,26,0.947916666666667,0.53125,1,10,10,0.329005459630256
2447,47,26,0.96875,0.53125,1,30,30,0.349790511824153
2448,48,26,0.989583333333333,0.53125,1,27,27,0.370579659971526
2449,49,26,1.01041666666667,0.53125,1,23,23,0.391372404526399
2450,50,26,1.03125,0.53125,1,21,21,0.4121683239352
2451,51,26,1.05208333333333,0.53125,1,22,22,0.432967059999458
2452,52,26,1.07291666666667,0.53125,1,19,19,0.45376830641335
2453,53,26,1.09375,0.53125,1,22,22,0.474571799701264
2454,54,26,1.11458333333333,0.53125,1,27,27,0.495377311989247
2455,55,26,1.13541666666667,0.53125,1,20,20,0.516184645191769
2456,56,26,1.15625,0.53125,1,29,29,0.536993626300895
2457,57,26,1.17708333333333,0.53125,1,20,20,0.55780410354156
2458,58,26,1.19791666666667,0.53125,1,27,27,0.578615943212801
2459,59,26,1.21875,0.53125,1,26,26,0.599429027076334
2460,60,26,1.23958333333333,0.53125,1,18,18,0.620243250184994
2461,61,26,1.26041666666667,0.53125,1,15,15,0.641058519066993
2462,62,26,1.28125,0.53125,1,22,22,0.6618747501998
2463,63,26,1.30208333333333,0.53125,1,25,25,0.682691868721187
2464,64,26,1.32291666666667,0.53125,1,25,25,0.703509807335515
2465,65,26,1.34375,0.53125,1,30,30,0.724328505381644
2466,66,26,1.36458333333333,0.53125,1,21,21,0.745147908035255
2467,67,26,1.38541666666667,0.53125,1,20,20,0.765967965623538
2468,68,26,1.40625,0.53125,1,15,15,0.786788633034182
2469,69,26,1.42708333333333,0.53125,1,26,26,0.807609869203883
2470,70,26,1.44791666666667,0.53125,1,20,20,0.82843163667417
2471,71,26,1.46875,0.53125,1,23,23,0.849253901204426
2472,72,26,1.48958333333333,0.53125,1,13,13,0.870076631433704
2473,73,26,1.51041666666667,0.53125,1,26,26,0.8908997985843
2474,74,26,1.53125,0.53125,1,23,23,0.911723376201199
2475,75,26,1.55208333333333,0.53125,1,25,25,0.932547339922427
2476,76,26,1.57291666666667,0.53125,1,21,21,0.953371667276117
2477,77,26,1.59375,0.53125,1,18,18,0.974196337500725
2478,78,26,1.61458333333333,0.53125,1,8,8,0.995021331385389
2479,79,26,1.63541666666667,0.53125,1,14,14,1.01584663112783
2480,80,26,1.65625,0.53125,1,8,8,1.03667222020761
2481,81,26,1.67708333333333,0.53125,1,10,10,1.0574980832728
2482,82,26,1.69791666666667,0.53125,1,19,19,1.07832420603849
2483,83,26,1.71875,0.53125,1,27,27,1.0991505751957
2484,84,26,1.73958333333333,0.53125,1,16,16,1.11997717832941
2485,85,26,1.76041666666667,0.53125,1,18,18,1.14080400384481
2486,86,26,1.78125,0.53125,1,20,20,1.16163104090062
2487,87,26,1.80208333333333,0.53125,1,23,23,1.18245827934888
2488,88,26,1.82291666666667,0.53125,1,12,12,1.20328570968043
2489,89,26,1.84375,0.53125,1,15,15,1.22411332297541
2490,90,26,1.86458333333333,0.53125,1,15,15,1.24494111085831
2491,91,26,1.88541666666667,0.53125,1,29,29,1.26576906545708
2492,92,26,1.90625,0.53125,1,13,13,1.28659717936586
2493,93,26,1.92708333333333,0.53125,1,22,22,1.30742544561101
2494,94,26,1.94791666666667,0.53125,1,14,14,1.32825385761997
2495,95,26,1.96875,0.53125,1,20,20,1.34908240919289
2496,96,26,1.98958333333333,0.53125,1,21,21,1.36991109447659
2497,1,27,0.0104166666666667,0.552083333333333,1,21,21,0.372345929087353
2498,2,27,0.03125,0.552083333333333,1,20,20,0.351634642611324
2499,3,27,0.0520833333333333,0.552083333333333,1,22,22,0.330934600456528
2500,4,27,0.0729166666666667,0.552083333333333,1,18,18,0.310247425584654
2501,5,27,0.09375,0.552083333333333,1,21,21,0.289575067736198
2502,6,27,0.114583333333333,0.552083333333333,1,17,17,0.268919889637385
2503,7,27,0.135416666666667,0.552083333333333,1,23,23,0.248284781867994
2504,8,27,0.15625,0.552083333333333,1,18,18,0.227673318089138
2505,9,27,0.177083333333333,0.552083333333333,1,18,18,0.207089968085575
2506,10,27,0.197916666666667,0.552083333333333,1,12,12,0.186540395199212
2507,11,27,0.21875,0.552083333333333,1,9,9,0.166031879536375
2508,12,27,0.239583333333333,0.552083333333333,1,21,21,0.145573932999624
2509,13,27,0.260416666666667,0.552083333333333,1,32,32,0.125179214498746
2510,14,27,0.28125,0.552083333333333,1,8,8,0.104864928592947
2511,15,27,0.302083333333333,0.552083333333333,1,26,26,0.0846550281707135
2512,16,27,0.322916666666667,0.552083333333333,1,23,23,0.0645838036111391
2513,17,27,0.34375,0.552083333333333,1,14,14,0.0447019614671031
2514,18,27,0.364583333333333,0.552083333333333,1,18,18,0.0250873778873346
2515,19,27,0.385416666666667,0.552083333333333,1,25,25,0.00586506222494346
2516,20,27,0.40625,0.552083333333333,0,0,0,-0.0127538526980521
2517,21,27,0.427083333333333,0.552083333333333,0,0,0,-0.0303924451349727
2518,22,27,0.447916666666667,0.552083333333333,0,0,0,-0.0463430436264013
2519,23,27,0.46875,0.552083333333333,0,0,0,-0.0592609177620282
2520,24,27,0.489583333333333,0.552083333333333,0,0,0,-0.0668852134000752
2521,25,27,0.510416666666667,0.552083333333333,0,0,0,-0.0668852134000752
2522,26,27,0.53125,0.552083333333333,0,0,0,-0.0592609177620282
2523,27,27,0.552083333333333,0.552083333333333,0,0,0,-0.0463430436264014
2524,28,27,0.572916666666667,0.552083333333333,0,0,0,-0.0303924451349727
2525,29,27,0.59375,0.552083333333333,0,0,0,-0.0127538526980521
2526,30,27,0.614583333333333,0.552083333333333,1,28,28,0.00586506222494337
2527,31,27,0.635416666666667,0.552083333333333,1,20,20,0.0250873778873345
2528,32,27,0.65625,0.552083333333333,1,20,20,0.0447019614671031
2529,33,27,0.677083333333333,0.552083333333333,1,28,28,0.064583803611139
2530,34,27,0.697916666666667,0.552083333333333,1,26,26,0.0846550281707135
2531,35,27,0.71875,0.552083333333333,1,29,29,0.104864928592947
2532,36,27,0.739583333333333,0.552083333333333,1,23,23,0.125179214498746
2533,37,27,0.760416666666667,0.552083333333333,1,14,14,0.145573932999624
2534,38,27,0.78125,0.552083333333333,1,25,25,0.166031879536375
2535,39,27,0.802083333333333,0.552083333333333,1,22,22,0.186540395199212
2536,40,27,0.822916666666667,0.552083333333333,1,27,27,0.207089968085575
2537,41,27,0.84375,0.552083333333333,1,16,16,0.227673318089138
2538,42,27,0.864583333333333,0.552083333333333,1,29,29,0.248284781867993
2539,43,27,0.885416666666667,0.552083333333333,1,10,10,0.268919889637385
2540,44,27,0.90625,0.552083333333333,1,28,28,0.289575067736198
2541,45,27,0.927083333333333,0.552083333333333,1,24,24,0.310247425584654
2542,46,27,0.947916666666667,0.552083333333333,1,24,24,0.330934600456528
2543,47,27,0.96875,0.552083333333333,1,25,25,0.351634642611324
2544,48,27,0.989583333333333,0.552083333333333,1,21,21,0.372345929087353
2545,49,27,1.01041666666667,0.552083333333333,1,28,28,0.393067098167698
2546,50,27,1.03125,0.552083333333333,1,13,13,0.413796998971623
2547,51,27,1.05208333333333,0.552083333333333,1,22,22,0.43453465225859
2548,52,27,1.07291666666667,0.552083333333333,1,20,20,0.45527921964517
2549,53,27,1.09375,0.552083333333333,1,21,21,0.476029979204999
2550,54,27,1.11458333333333,0.552083333333333,1,17,17,0.496786305961977
2551,55,27,1.13541666666667,0.552083333333333,1,10,10,0.517547656170806
2552,56,27,1.15625,0.552083333333333,1,16,16,0.538313554555207
2553,57,27,1.17708333333333,0.552083333333333,1,24,24,0.559083583875276
2554,58,27,1.19791666666667,0.552083333333333,1,28,28,0.579857376343368
2555,59,27,1.21875,0.552083333333333,1,11,11,0.600634606517832
2556,60,27,1.23958333333333,0.552083333333333,1,21,21,0.621414985386427
2557,61,27,1.26041666666667,0.552083333333333,1,10,10,0.642198255413613
2558,62,27,1.28125,0.552083333333333,1,21,21,0.662984186373589
2559,63,27,1.30208333333333,0.552083333333333,1,12,12,0.683772571827518
2560,64,27,1.32291666666667,0.552083333333333,1,26,26,0.704563226131804
2561,65,27,1.34375,0.552083333333333,1,18,18,0.725355981886395
2562,66,27,1.36458333333333,0.552083333333333,1,14,14,0.746150687749475
2563,67,27,1.38541666666667,0.552083333333333,1,15,15,0.766947206558667
2564,68,27,1.40625,0.552083333333333,1,27,27,0.787745413709764
2565,69,27,1.42708333333333,0.552083333333333,1,18,18,0.808545195752773
2566,70,27,1.44791666666667,0.552083333333333,1,19,19,0.829346449172037
2567,71,27,1.46875,0.552083333333333,1,24,24,0.850149079322921
2568,72,27,1.48958333333333,0.552083333333333,1,21,21,0.870952999502107
2569,73,27,1.51041666666667,0.552083333333333,1,14,14,0.89175813013234
2570,74,27,1.53125,0.552083333333333,1,9,9,0.912564398045522
2571,75,27,1.55208333333333,0.552083333333333,1,26,26,0.933371735850592
2572,76,27,1.57291666666667,0.552083333333333,1,22,22,0.95418008137473
2573,77,27,1.59375,0.552083333333333,1,25,25,0.974989377168158
2574,78,27,1.61458333333333,0.552083333333333,1,23,23,0.995799570064246
2575,79,27,1.63541666666667,0.552083333333333,1,19,19,1.01661061078786
2576,80,27,1.65625,0.552083333333333,1,22,22,1.0374224536059
2577,81,27,1.67708333333333,0.552083333333333,1,18,18,1.05823505601481
2578,82,27,1.69791666666667,0.552083333333333,1,31,31,1.07904837846056
2579,83,27,1.71875,0.552083333333333,1,17,17,1.09986238408728
2580,84,27,1.73958333333333,0.552083333333333,1,29,29,1.12067703851119
2581,85,27,1.76041666666667,0.552083333333333,1,16,16,1.14149230961676
2582,86,27,1.78125,0.552083333333333,1,21,21,1.16230816737285
2583,87,27,1.80208333333333,0.552083333333333,1,11,11,1.18312458366633
2584,88,27,1.82291666666667,0.552083333333333,1,14,14,1.20394153215146
2585,89,27,1.84375,0.552083333333333,1,26,26,1.22475898811315
2586,90,27,1.86458333333333,0.552083333333333,1,17,17,1.24557692834282
2587,91,27,1.88541666666667,0.552083333333333,1,15,15,1.26639533102535
2588,92,27,1.90625,0.552083333333333,1,27,27,1.28721417563607
2589,93,27,1.92708333333333,0.552083333333333,1,26,26,1.3080334428468
2590,94,27,1.94791666666667,0.552083333333333,1,25,25,1.32885311443991
2591,95,27,1.96875,0.552083333333333,1,14,14,1.34967317322972
2592,96,27,1.98958333333333,0.552083333333333,1,21,21,1.37049360299048
2593,1,28,0.0104166666666667,0.572916666666667,1,14,14,0.374983515438197
2594,2,28,0.03125,0.572916666666667,1,10,10,0.354387397363987
2595,3,28,0.0520833333333333,0.572916666666667,1,19,19,0.333812935641499
2596,4,28,0.0729166666666667,0.572916666666667,1,17,17,0.313263215480946
2597,5,28,0.09375,0.572916666666667,1,22,22,0.292741932419978
2598,6,28,0.114583333333333,0.572916666666667,1,27,27,0.272253549661724
2599,7,28,0.135416666666667,0.572916666666667,1,17,17,0.251803506199474
2600,8,28,0.15625,0.572916666666667,1,18,18,0.231398495696521
2601,9,28,0.177083333333333,0.572916666666667,1,23,23,0.211046845459806
2602,10,28,0.197916666666667,0.572916666666667,1,33,33,0.190759039378673
2603,11,28,0.21875,0.572916666666667,1,31,31,0.170548451687112
2604,12,28,0.239583333333333,0.572916666666667,1,15,15,0.150432395536399
2605,13,28,0.260416666666667,0.572916666666667,1,15,15,0.130433651670236
2606,14,28,0.28125,0.572916666666667,1,24,24,0.110582746053944
2607,15,28,0.302083333333333,0.572916666666667,1,25,25,0.0909214242845478
2608,16,28,0.322916666666667,0.572916666666667,1,29,29,0.0715080865713566
2609,17,28,0.34375,0.572916666666667,1,14,14,0.052426514137988
2610,18,28,0.364583333333333,0.572916666666667,1,13,13,0.0338002402107646
2611,19,28,0.385416666666667,0.572916666666667,1,16,16,0.0158167167750552
2612,20,28,0.40625,0.572916666666667,0,0,0,-0.00123172655217314
2613,21,28,0.427083333333333,0.572916666666667,0,0,0,-0.0168802610769618
2614,22,28,0.447916666666667,0.572916666666667,0,0,0,-0.0303924451349726
2615,23,28,0.46875,0.572916666666667,0,0,0,-0.040669030147251
2616,24,28,0.489583333333333,0.572916666666667,0,0,0,-0.0463430436264013
2617,25,28,0.510416666666667,0.572916666666667,0,0,0,-0.0463430436264013
2618,26,28,0.53125,0.572916666666667,0,0,0,-0.040669030147251
2619,27,28,0.552083333333333,0.572916666666667,0,0,0,-0.0303924451349727
2620,28,28,0.572916666666667,0.572916666666667,0,0,0,-0.0168802610769619
2621,29,28,0.59375,0.572916666666667,0,0,0,-0.00123172655217314
2622,30,28,0.614583333333333,0.572916666666667,1,22,22,0.0158167167750551
2623,31,28,0.635416666666667,0.572916666666667,1,14,14,0.0338002402107646
2624,32,28,0.65625,0.572916666666667,1,27,27,0.052426514137988
2625,33,28,0.677083333333333,0.572916666666667,1,23,23,0.0715080865713565
2626,34,28,0.697916666666667,0.572916666666667,1,23,23,0.0909214242845477
2627,35,28,0.71875,0.572916666666667,1,19,19,0.110582746053944
2628,36,28,0.739583333333333,0.572916666666667,1,10,10,0.130433651670236
2629,37,28,0.760416666666667,0.572916666666667,1,14,14,0.150432395536399
2630,38,28,0.78125,0.572916666666667,1,22,22,0.170548451687112
2631,39,28,0.802083333333333,0.572916666666667,1,16,16,0.190759039378673
2632,40,28,0.822916666666667,0.572916666666667,1,27,27,0.211046845459806
2633,41,28,0.84375,0.572916666666667,1,17,17,0.231398495696521
2634,42,28,0.864583333333333,0.572916666666667,1,25,25,0.251803506199474
2635,43,28,0.885416666666667,0.572916666666667,1,17,17,0.272253549661723
2636,44,28,0.90625,0.572916666666667,1,18,18,0.292741932419978
2637,45,28,0.927083333333333,0.572916666666667,1,17,17,0.313263215480946
2638,46,28,0.947916666666667,0.572916666666667,1,19,19,0.333812935641499
2639,47,28,0.96875,0.572916666666667,1,30,30,0.354387397363987
2640,48,28,0.989583333333333,0.572916666666667,1,29,29,0.374983515438197
2641,49,28,1.01041666666667,0.572916666666667,1,25,25,0.395598694615191
2642,50,28,1.03125,0.572916666666667,1,30,30,0.41623073650974
2643,51,28,1.05208333333333,0.572916666666667,1,15,15,0.436877766859319
2644,52,28,1.07291666666667,0.572916666666667,1,19,19,0.457538178151213
2645,53,28,1.09375,0.572916666666667,1,21,21,0.478210583973385
2646,54,28,1.11458333333333,0.572916666666667,1,22,22,0.498893782396373
2647,55,28,1.13541666666667,0.572916666666667,1,28,28,0.519586726375365
2648,56,28,1.15625,0.572916666666667,1,26,26,0.540288499655853
2649,57,28,1.17708333333333,0.572916666666667,1,12,12,0.560998297028381
2650,58,28,1.19791666666667,0.572916666666667,1,21,21,0.581715408045804
2651,59,28,1.21875,0.572916666666667,1,25,25,0.602439203516654
2652,60,28,1.23958333333333,0.572916666666667,1,16,16,0.62316912423904
2653,61,28,1.26041666666667,0.572916666666667,1,16,16,0.643904671554129
2654,62,28,1.28125,0.572916666666667,1,10,10,0.664645399386103
2655,63,28,1.30208333333333,0.572916666666667,1,15,15,0.685390907503238
2656,64,28,1.32291666666667,0.572916666666667,1,24,24,0.706140835787431
2657,65,28,1.34375,0.572916666666667,1,13,13,0.726894859340743
2658,66,28,1.36458333333333,0.572916666666667,1,25,25,0.74765268428995
2659,67,28,1.38541666666667,0.572916666666667,1,28,28,0.76841404417585
2660,68,28,1.40625,0.572916666666667,1,17,17,0.789178696834554
2661,69,28,1.42708333333333,0.572916666666667,1,25,25,0.809946421694402
2662,70,28,1.44791666666667,0.572916666666667,1,20,20,0.830717017425386
2663,71,28,1.46875,0.572916666666667,1,9,9,0.85149029988867
2664,72,28,1.48958333333333,0.572916666666667,1,14,14,0.872266100342488
2665,73,28,1.51041666666667,0.572916666666667,1,32,32,0.893044263867851
2666,74,28,1.53125,0.572916666666667,1,17,17,0.913824647983292
2667,75,28,1.55208333333333,0.572916666666667,1,22,22,0.934607121422739
2668,76,28,1.57291666666667,0.572916666666667,1,12,12,0.955391563054541
2669,77,28,1.59375,0.572916666666667,1,21,21,0.976177860923025
2670,78,28,1.61458333333333,0.572916666666667,1,15,15,0.996965911396683
2671,79,28,1.63541666666667,0.572916666666667,1,27,27,1.01775561840943
2672,80,28,1.65625,0.572916666666667,1,11,11,1.03854689278327
2673,81,28,1.67708333333333,0.572916666666667,1,6,6,1.05933965162242
2674,82,28,1.69791666666667,0.572916666666667,1,17,17,1.08013381777015
2675,83,28,1.71875,0.572916666666667,1,23,23,1.10092931932106
2676,84,28,1.73958333333333,0.572916666666667,1,25,25,1.12172608918213
2677,85,28,1.76041666666667,0.572916666666667,1,19,19,1.14252406467714
2678,86,28,1.78125,0.572916666666667,1,16,16,1.16332318718933
2679,87,28,1.80208333333333,0.572916666666667,1,22,22,1.18412340183827
2680,88,28,1.82291666666667,0.572916666666667,1,16,16,1.20492465718705
2681,89,28,1.84375,0.572916666666667,1,29,29,1.22572690497655
2682,90,28,1.86458333333333,0.572916666666667,1,19,19,1.24653009988397
2683,91,28,1.88541666666667,0.572916666666667,1,16,16,1.26733419930295
2684,92,28,1.90625,0.572916666666667,1,17,17,1.28813916314325
2685,93,28,1.92708333333333,0.572916666666667,1,17,17,1.30894495364781
2686,94,28,1.94791666666667,0.572916666666667,1,17,17,1.32975153522557
2687,95,28,1.96875,0.572916666666667,1,6,6,1.3505588742984
2688,96,28,1.98958333333333,0.572916666666667,1,22,22,1.37136693916092
2689,1,29,0.0104166666666667,0.59375,1,11,11,0.378478588083558
2690,2,29,0.03125,0.59375,1,21,21,0.358033079399324
2691,3,29,0.0520833333333333,0.59375,1,17,17,0.33762255492685
2692,4,29,0.0729166666666667,0.59375,1,30,30,0.31725191378782
2693,5,29,0.09375,0.59375,1,28,28,0.296927002003948
2694,6,29,0.114583333333333,0.59375,1,21,21,0.276654849263745
2695,7,29,0.135416666666667,0.59375,1,24,24,0.25644397915818
2696,8,29,0.15625,0.59375,1,18,18,0.236304820343481
2697,9,29,0.177083333333333,0.59375,1,25,25,0.216250258157687
2698,10,29,0.197916666666667,0.59375,1,25,25,0.196296384389354
2699,11,29,0.21875,0.59375,1,4,4,0.176463530640786
2700,12,29,0.239583333333333,0.59375,1,15,15,0.15677771365805
2701,13,29,0.260416666666667,0.59375,1,19,19,0.137272688233926
2702,14,29,0.28125,0.59375,1,13,13,0.117992909558247
2703,15,29,0.302083333333333,0.59375,1,30,30,0.0989978754336317
2704,16,29,0.322916666666667,0.59375,1,20,20,0.0803685839757432
2705,17,29,0.34375,0.59375,1,28,28,0.0622172467139157
2706,18,29,0.364583333333333,0.59375,1,22,22,0.0447019614671031
2707,19,29,0.385416666666667,0.59375,1,21,21,0.0280486500369989
2708,20,29,0.40625,0.59375,1,28,28,0.0125825214724777
2709,21,29,0.427083333333333,0.59375,0,0,0,-0.00123172655217312
2710,22,29,0.447916666666667,0.59375,0,0,0,-0.0127538526980521
2711,23,29,0.46875,0.59375,0,0,0,-0.0211788231197381
2712,24,29,0.489583333333333,0.59375,0,0,0,-0.0256730714777352
2713,25,29,0.510416666666667,0.59375,0,0,0,-0.0256730714777352
2714,26,29,0.53125,0.59375,0,0,0,-0.0211788231197381
2715,27,29,0.552083333333333,0.59375,0,0,0,-0.0127538526980521
2716,28,29,0.572916666666667,0.59375,0,0,0,-0.00123172655217314
2717,29,29,0.59375,0.59375,1,18,18,0.0125825214724777
2718,30,29,0.614583333333333,0.59375,1,24,24,0.0280486500369989
2719,31,29,0.635416666666667,0.59375,1,21,21,0.0447019614671031
2720,32,29,0.65625,0.59375,1,23,23,0.0622172467139157
2721,33,29,0.677083333333333,0.59375,1,24,24,0.0803685839757431
2722,34,29,0.697916666666667,0.59375,1,13,13,0.0989978754336316
2723,35,29,0.71875,0.59375,1,17,17,0.117992909558247
2724,36,29,0.739583333333333,0.59375,1,14,14,0.137272688233926
2725,37,29,0.760416666666667,0.59375,1,16,16,0.15677771365805
2726,38,29,0.78125,0.59375,1,18,18,0.176463530640786
2727,39,29,0.802083333333333,0.59375,1,26,26,0.196296384389354
2728,40,29,0.822916666666667,0.59375,1,16,16,0.216250258157687
2729,41,29,0.84375,0.59375,1,19,19,0.236304820343481
2730,42,29,0.864583333333333,0.59375,1,27,27,0.25644397915818
2731,43,29,0.885416666666667,0.59375,1,29,29,0.276654849263745
2732,44,29,0.90625,0.59375,1,7,7,0.296927002003948
2733,45,29,0.927083333333333,0.59375,1,26,26,0.31725191378782
2734,46,29,0.947916666666667,0.59375,1,21,21,0.33762255492685
2735,47,29,0.96875,0.59375,1,15,15,0.358033079399324
2736,48,29,0.989583333333333,0.59375,1,27,27,0.378478588083558
2737,49,29,1.01041666666667,0.59375,1,25,25,0.398954946128381
2738,50,29,1.03125,0.59375,1,17,17,0.419458640676002
2739,51,29,1.05208333333333,0.59375,1,16,16,0.43998666898815
2740,52,29,1.07291666666667,0.59375,1,23,23,0.460536449712199
2741,53,29,1.09375,0.59375,1,18,18,0.481105751927229
2742,54,29,1.11458333333333,0.59375,1,29,29,0.501692637974032
2743,55,29,1.13541666666667,0.59375,1,25,25,0.522295417061166
2744,56,29,1.15625,0.59375,1,28,28,0.542912607362388
2745,57,29,1.17708333333333,0.59375,1,18,18,0.563542904855121
2746,58,29,1.19791666666667,0.59375,1,16,16,0.584185157548149
2747,59,29,1.21875,0.59375,1,20,20,0.60483834404645
2748,60,29,1.23958333333333,0.59375,1,20,20,0.625501555628454
2749,61,29,1.26041666666667,0.59375,1,24,24,0.64617398118472
2750,62,29,1.28125,0.59375,1,22,22,0.666854894500886
2751,63,29,1.30208333333333,0.59375,1,19,19,0.687543643471429
2752,64,29,1.32291666666667,0.59375,1,10,10,0.708239640911842
2753,65,29,1.34375,0.59375,1,14,14,0.728942356700383
2754,66,29,1.36458333333333,0.59375,1,19,19,0.749651311030908
2755,67,29,1.38541666666667,0.59375,1,14,14,0.770366068598254
2756,68,29,1.40625,0.59375,1,30,30,0.791086233569578
2757,69,29,1.42708333333333,0.59375,1,20,20,0.811811445220783
2758,70,29,1.44791666666667,0.59375,1,14,14,0.832541374137861
2759,71,29,1.46875,0.59375,1,23,23,0.85327571889984
2760,72,29,1.48958333333333,0.59375,1,28,28,0.874014203173733
2761,73,29,1.51041666666667,0.59375,1,19,19,0.894756573163129
2762,74,29,1.53125,0.59375,1,31,31,0.915502595361306
2763,75,29,1.55208333333333,0.59375,1,26,26,0.936252054567364
2764,76,29,1.57291666666667,0.59375,1,21,21,0.957004752130236
2765,77,29,1.59375,0.59375,1,36,36,0.977760504390644
2766,78,29,1.61458333333333,0.59375,1,16,16,0.99851914129551
2767,79,29,1.63541666666667,0.59375,1,22,22,1.01928050516299
2768,80,29,1.65625,0.59375,1,25,25,1.04004444957941
2769,81,29,1.67708333333333,0.59375,1,13,13,1.06081083841194
2770,82,29,1.69791666666667,0.59375,1,19,19,1.08157954492317
2771,83,29,1.71875,0.59375,1,18,18,1.1023504509755
2772,84,29,1.73958333333333,0.59375,1,25,25,1.12312344631488
2773,85,29,1.76041666666667,0.59375,1,20,20,1.14389842792493
2774,86,29,1.78125,0.59375,1,32,32,1.1646752994434
2775,87,29,1.80208333333333,0.59375,1,10,10,1.18545397063414
2776,88,29,1.82291666666667,0.59375,1,11,11,1.20623435690848
2777,89,29,1.84375,0.59375,1,24,24,1.22701637889077
2778,90,29,1.86458333333333,0.59375,1,15,15,1.24779996202336
2779,91,29,1.88541666666667,0.59375,1,19,19,1.26858503620692
2780,92,29,1.90625,0.59375,1,18,18,1.28937153547246
2781,93,29,1.92708333333333,0.59375,1,22,22,1.31015939768187
2782,94,29,1.94791666666667,0.59375,1,22,22,1.33094856425413
2783,95,29,1.96875,0.59375,1,31,31,1.35173897991458
2784,96,29,1.98958333333333,0.59375,1,10,10,1.37253059246517
2785,1,30,0.0104166666666667,0.614583333333333,1,27,27,0.382813266089465
2786,2,30,0.03125,0.614583333333333,1,22,22,0.36255145091252
2787,3,30,0.0520833333333333,0.614583333333333,1,26,26,0.342340437941086
2788,4,30,0.0729166666666667,0.614583333333333,1,20,20,0.322187193266482
2789,5,30,0.09375,0.614583333333333,1,16,16,0.302099991444892
2790,6,30,0.114583333333333,0.614583333333333,1,16,16,0.282088730533725
2791,7,30,0.135416666666667,0.614583333333333,1,21,21,0.26216534016342
2792,8,30,0.15625,0.614583333333333,1,14,14,0.242344315227627
2793,9,30,0.177083333333333,0.614583333333333,1,22,22,0.222643420904136
2794,10,30,0.197916666666667,0.614583333333333,1,17,17,0.203084633734809
2795,11,30,0.21875,0.614583333333333,1,34,34,0.183695411189859
2796,12,30,0.239583333333333,0.614583333333333,1,16,16,0.164510422578076
2797,13,30,0.260416666666667,0.614583333333333,1,23,23,0.145573932999624
2798,14,30,0.28125,0.614583333333333,1,27,27,0.126943116481869
2799,15,30,0.302083333333333,0.614583333333333,1,28,28,0.10869269166771
2800,16,30,0.322916666666667,0.614583333333333,1,11,11,0.0909214242845478
2801,17,30,0.34375,0.614583333333333,1,21,21,0.073761200393107
2802,18,30,0.364583333333333,0.614583333333333,1,33,33,0.0573894413117333
2803,19,30,0.385416666666667,0.614583333333333,1,23,23,0.0420453040219171
2804,20,30,0.40625,0.614583333333333,1,29,29,0.0280486500369989
2805,21,30,0.427083333333333,0.614583333333333,1,14,14,0.0158167167750551
2806,22,30,0.447916666666667,0.614583333333333,1,10,10,0.0058650622249434
2807,23,30,0.46875,0.614583333333333,0,0,0,-0.0012317265521732
2808,24,30,0.489583333333333,0.614583333333333,0,0,0,-0.0049441560709661
2809,25,30,0.510416666666667,0.614583333333333,0,0,0,-0.0049441560709661
2810,26,30,0.53125,0.614583333333333,0,0,0,-0.0012317265521732
2811,27,30,0.552083333333333,0.614583333333333,1,26,26,0.00586506222494337
2812,28,30,0.572916666666667,0.614583333333333,1,21,21,0.0158167167750551
2813,29,30,0.59375,0.614583333333333,1,24,24,0.0280486500369989
2814,30,30,0.614583333333333,0.614583333333333,1,18,18,0.042045304021917
2815,31,30,0.635416666666667,0.614583333333333,1,22,22,0.0573894413117333
2816,32,30,0.65625,0.614583333333333,1,22,22,0.073761200393107
2817,33,30,0.677083333333333,0.614583333333333,1,23,23,0.0909214242845477
2818,34,30,0.697916666666667,0.614583333333333,1,21,21,0.10869269166771
2819,35,30,0.71875,0.614583333333333,1,19,19,0.126943116481869
2820,36,30,0.739583333333333,0.614583333333333,1,15,15,0.145573932999624
2821,37,30,0.760416666666667,0.614583333333333,1,17,17,0.164510422578076
2822,38,30,0.78125,0.614583333333333,1,21,21,0.183695411189859
2823,39,30,0.802083333333333,0.614583333333333,1,18,18,0.203084633734809
2824,40,30,0.822916666666667,0.614583333333333,1,7,7,0.222643420904136
2825,41,30,0.84375,0.614583333333333,1,19,19,0.242344315227627
2826,42,30,0.864583333333333,0.614583333333333,1,11,11,0.26216534016342
2827,43,30,0.885416666666667,0.614583333333333,1,20,20,0.282088730533725
2828,44,30,0.90625,0.614583333333333,1,18,18,0.302099991444892
2829,45,30,0.927083333333333,0.614583333333333,1,10,10,0.322187193266482
2830,46,30,0.947916666666667,0.614583333333333,1,18,18,0.342340437941086
2831,47,30,0.96875,0.614583333333333,1,18,18,0.36255145091252
2832,48,30,0.989583333333333,0.614583333333333,1,8,8,0.382813266089465
2833,49,30,1.01041666666667,0.614583333333333,1,18,18,0.403119980395405
2834,50,30,1.03125,0.614583333333333,1,23,23,0.423466560864399
2835,51,30,1.05208333333333,0.614583333333333,1,31,31,0.443848691780181
2836,52,30,1.07291666666667,0.614583333333333,1,13,13,0.464262652599173
2837,53,30,1.09375,0.614583333333333,1,30,30,0.4847052197375
2838,54,30,1.11458333333333,0.614583333333333,1,15,15,0.505173587005152
2839,55,30,1.13541666666667,0.614583333333333,1,24,24,0.525665300721322
2840,56,30,1.15625,0.614583333333333,1,13,13,0.546178206471645
2841,57,30,1.17708333333333,0.614583333333333,1,12,12,0.566710405160396
2842,58,30,1.19791666666667,0.614583333333333,1,17,17,0.587260216531998
2843,59,30,1.21875,0.614583333333333,1,18,18,0.607826148731809
2844,60,30,1.23958333333333,0.614583333333333,1,24,24,0.628406872778586
2845,61,30,1.26041666666667,0.614583333333333,1,15,15,0.649001201053823
2846,62,30,1.28125,0.614583333333333,1,21,21,0.669608069093634
2847,63,30,1.30208333333333,0.614583333333333,1,14,14,0.690226520109586
2848,64,30,1.32291666666667,0.614583333333333,1,17,17,0.710855691775386
2849,65,30,1.34375,0.614583333333333,1,17,17,0.731494804903575
2850,66,30,1.36458333333333,0.614583333333333,1,31,31,0.752143153705603
2851,67,30,1.38541666666667,0.614583333333333,1,21,21,0.772800097384005
2852,68,30,1.40625,0.614583333333333,1,30,30,0.79346505284974
2853,69,30,1.42708333333333,0.614583333333333,1,18,18,0.814137488393557
2854,70,30,1.44791666666667,0.614583333333333,1,15,15,0.834816918169249
2855,71,30,1.46875,0.614583333333333,1,20,20,0.855502897370263
2856,72,30,1.48958333333333,0.614583333333333,1,25,25,0.876195018000436
2857,73,30,1.51041666666667,0.614583333333333,1,9,9,0.896892905155482
2858,74,30,1.53125,0.614583333333333,1,15,15,0.917596213744912
2859,75,30,1.55208333333333,0.614583333333333,1,14,14,0.938304625594897
2860,76,30,1.57291666666667,0.614583333333333,1,25,25,0.959017846881546
2861,77,30,1.59375,0.614583333333333,1,20,20,0.979735605851596
2862,78,30,1.61458333333333,0.614583333333333,1,16,16,1.00045765079374
2863,79,30,1.63541666666667,0.614583333333333,1,24,24,1.0211837482291
2864,80,30,1.65625,0.614583333333333,1,15,15,1.04191368129383
2865,81,30,1.67708333333333,0.614583333333333,1,18,18,1.06264724829041
2866,82,30,1.69791666666667,0.614583333333333,1,15,15,1.08338426138767
2867,83,30,1.71875,0.614583333333333,1,22,22,1.10412454545188
2868,84,30,1.73958333333333,0.614583333333333,1,16,16,1.12486793699394
2869,85,30,1.76041666666667,0.614583333333333,1,24,24,1.14561428321937
2870,86,30,1.78125,0.614583333333333,1,14,14,1.16636344116963
2871,87,30,1.80208333333333,0.614583333333333,1,20,20,1.1871152769447
2872,88,30,1.82291666666667,0.614583333333333,1,14,14,1.20786966499812
2873,89,30,1.84375,0.614583333333333,1,13,13,1.22862648749673
2874,90,30,1.86458333333333,0.614583333333333,1,19,19,1.24938563373832
2875,91,30,1.88541666666667,0.614583333333333,1,19,19,1.2701469996211
2876,92,30,1.90625,0.614583333333333,1,23,23,1.2909104871599
2877,93,30,1.92708333333333,0.614583333333333,1,22,22,1.31167600404406
2878,94,30,1.94791666666667,0.614583333333333,1,19,19,1.33244346323321
2879,95,30,1.96875,0.614583333333333,1,18,18,1.35321278258702
2880,96,30,1.98958333333333,0.614583333333333,1,13,13,1.37398388452561
2881,1,31,0.0104166666666667,0.635416666666667,1,19,19,0.387966055843192
2882,2,31,0.03125,0.635416666666667,1,18,18,0.367918267859599
2883,3,31,0.0520833333333333,0.635416666666667,1,30,30,0.347939113442004
2884,4,31,0.0729166666666667,0.635416666666667,1,29,29,0.328037774325137
2885,5,31,0.09375,0.635416666666667,1,27,27,0.308225099814468
2886,6,31,0.114583333333333,0.635416666666667,1,24,24,0.288513990648491
2887,7,31,0.135416666666667,0.635416666666667,1,28,28,0.268919889637385
2888,8,31,0.15625,0.635416666666667,1,18,18,0.249461413561837
2889,9,31,0.177083333333333,0.635416666666667,1,21,21,0.230161173207742
2890,10,31,0.197916666666667,0.635416666666667,1,23,23,0.211046845459806
2891,11,31,0.21875,0.635416666666667,1,16,16,0.19215258466191
2892,12,31,0.239583333333333,0.635416666666667,1,19,19,0.173520891741779
2893,13,31,0.260416666666667,0.635416666666667,1,16,16,0.155205100283811
2894,14,31,0.28125,0.635416666666667,1,24,24,0.137272688233926
2895,15,31,0.302083333333333,0.635416666666667,1,23,23,0.119809675692111
2896,16,31,0.322916666666667,0.635416666666667,1,27,27,0.102926401656591
2897,17,31,0.34375,0.635416666666667,1,15,15,0.0867649295966584
2898,18,31,0.364583333333333,0.635416666666667,1,16,16,0.0715080865713566
2899,19,31,0.385416666666667,0.635416666666667,1,28,28,0.0573894413117333
2900,20,31,0.40625,0.635416666666667,1,22,22,0.0447019614671031
2901,21,31,0.427083333333333,0.635416666666667,1,25,25,0.0338002402107646
2902,22,31,0.447916666666667,0.635416666666667,1,24,24,0.0250873778873346
2903,23,31,0.46875,0.635416666666667,1,17,17,0.0189756673346493
2904,24,31,0.489583333333333,0.635416666666667,1,22,22,0.0158167167750551
2905,25,31,0.510416666666667,0.635416666666667,1,10,10,0.0158167167750551
2906,26,31,0.53125,0.635416666666667,1,19,19,0.0189756673346493
2907,27,31,0.552083333333333,0.635416666666667,1,24,24,0.0250873778873345
2908,28,31,0.572916666666667,0.635416666666667,1,31,31,0.0338002402107646
2909,29,31,0.59375,0.635416666666667,1,23,23,0.0447019614671031
2910,30,31,0.614583333333333,0.635416666666667,1,16,16,0.0573894413117333
2911,31,31,0.635416666666667,0.635416666666667,1,25,25,0.0715080865713566
2912,32,31,0.65625,0.635416666666667,1,27,27,0.0867649295966584
2913,33,31,0.677083333333333,0.635416666666667,1,27,27,0.102926401656591
2914,34,31,0.697916666666667,0.635416666666667,1,17,17,0.119809675692111
2915,35,31,0.71875,0.635416666666667,1,21,21,0.137272688233926
2916,36,31,0.739583333333333,0.635416666666667,1,14,14,0.15520510028381
2917,37,31,0.760416666666667,0.635416666666667,1,23,23,0.173520891741779
2918,38,31,0.78125,0.635416666666667,1,15,15,0.19215258466191
2919,39,31,0.802083333333333,0.635416666666667,1,36,36,0.211046845459806
2920,40,31,0.822916666666667,0.635416666666667,1,29,29,0.230161173207742
2921,41,31,0.84375,0.635416666666667,1,20,20,0.249461413561837
2922,42,31,0.864583333333333,0.635416666666667,1,13,13,0.268919889637385
2923,43,31,0.885416666666667,0.635416666666667,1,21,21,0.288513990648491
2924,44,31,0.90625,0.635416666666667,1,19,19,0.308225099814468
2925,45,31,0.927083333333333,0.635416666666667,1,14,14,0.328037774325137
2926,46,31,0.947916666666667,0.635416666666667,1,23,23,0.347939113442004
2927,47,31,0.96875,0.635416666666667,1,28,28,0.367918267859599
2928,48,31,0.989583333333333,0.635416666666667,1,11,11,0.387966055843192
2929,49,31,1.01041666666667,0.635416666666667,1,15,15,0.408074660651524
2930,50,31,1.03125,0.635416666666667,1,25,25,0.428237390289199
2931,51,31,1.05208333333333,0.635416666666667,1,21,21,0.44844848540176
2932,52,31,1.07291666666667,0.635416666666667,1,26,26,0.468702964622699
2933,53,31,1.09375,0.635416666666667,1,20,20,0.488996499260144
2934,54,31,1.11458333333333,0.635416666666667,1,23,23,0.509325311124717
2935,55,31,1.13541666666667,0.635416666666667,1,29,29,0.529686088729695
2936,56,31,1.15625,0.635416666666667,1,14,14,0.550075918169808
2937,57,31,1.17708333333333,0.635416666666667,1,35,35,0.570492225799023
2938,58,31,1.19791666666667,0.635416666666667,1,22,22,0.590932730447981
2939,59,31,1.21875,0.635416666666667,1,11,11,0.611395403397582
2940,60,31,1.23958333333333,0.635416666666667,1,24,24,0.631878434692441
2941,61,31,1.26041666666667,0.635416666666667,1,16,16,0.652380204663193
2942,62,31,1.28125,0.635416666666667,1,26,26,0.672899259749378
2943,63,31,1.30208333333333,0.635416666666667,1,24,24,0.693434291889776
2944,64,31,1.32291666666667,0.635416666666667,1,21,21,0.713984120885337
2945,65,31,1.34375,0.635416666666667,1,20,20,0.734547679249737
2946,66,31,1.36458333333333,0.635416666666667,1,21,21,0.755123999150343
2947,67,31,1.38541666666667,0.635416666666667,1,20,20,0.775712201112736
2948,68,31,1.40625,0.635416666666667,1,24,24,0.796311484218719
2949,69,31,1.42708333333333,0.635416666666667,1,30,30,0.816921117573702
2950,70,31,1.44791666666667,0.635416666666667,1,21,21,0.837540432856783
2951,71,31,1.46875,0.635416666666667,1,24,24,0.858168817797373
2952,72,31,1.48958333333333,0.635416666666667,1,12,12,0.878805710447343
2953,73,31,1.51041666666667,0.635416666666667,1,19,19,0.899450594138278
2954,74,31,1.53125,0.635416666666667,1,19,19,0.920102993030551
2955,75,31,1.55208333333333,0.635416666666667,1,13,13,0.940762468175081
2956,76,31,1.57291666666667,0.635416666666667,1,21,21,0.961428614020464
2957,77,31,1.59375,0.635416666666667,1,18,18,0.982101055308047
2958,78,31,1.61458333333333,0.635416666666667,1,14,14,1.00277944430576
2959,79,31,1.63541666666667,0.635416666666667,1,16,16,1.02346345833855
2960,80,31,1.65625,0.635416666666667,1,25,25,1.04415279757904
2961,81,31,1.67708333333333,0.635416666666667,1,12,12,1.06484718306718
2962,82,31,1.69791666666667,0.635416666666667,1,22,22,1.08554635493161
2963,83,31,1.71875,0.635416666666667,1,13,13,1.10625007078944
2964,84,31,1.73958333333333,0.635416666666667,1,21,21,1.12695810430378
2965,85,31,1.76041666666667,0.635416666666667,1,27,27,1.14767024388136
2966,86,31,1.78125,0.635416666666667,1,24,24,1.16838629149456
2967,87,31,1.80208333333333,0.635416666666667,1,18,18,1.1891060616144
2968,88,31,1.82291666666667,0.635416666666667,1,29,29,1.20982938024228
2969,89,31,1.84375,0.635416666666667,1,25,25,1.23055608403025
2970,90,31,1.86458333333333,0.635416666666667,1,32,32,1.25128601948034
2971,91,31,1.88541666666667,0.635416666666667,1,12,12,1.2720190422149
2972,92,31,1.90625,0.635416666666667,1,34,34,1.29275501631072
2973,93,31,1.92708333333333,0.635416666666667,1,26,26,1.31349381369048
2974,94,31,1.94791666666667,0.635416666666667,1,28,28,1.33423531356594
2975,95,31,1.96875,0.635416666666667,1,23,23,1.35497940192774
2976,96,31,1.98958333333333,0.635416666666667,1,25,25,1.37572597107744
2977,1,32,0.0104166666666667,0.65625,1,22,22,0.393912349314334
2978,2,32,0.03125,0.65625,1,14,14,0.374105884401309
2979,3,32,0.0520833333333333,0.65625,1,17,17,0.354387397363987
2980,4,32,0.0729166666666667,0.65625,1,29,29,0.334768332352981
2981,5,32,0.09375,0.65625,1,28,28,0.315262133662004
2982,6,32,0.114583333333333,0.65625,1,20,20,0.295884682868274
2983,7,32,0.135416666666667,0.65625,1,26,26,0.276654849263745
2984,8,32,0.15625,0.65625,1,19,19,0.25759518667483
2985,9,32,0.177083333333333,0.65625,1,22,22,0.238732819952553
2986,10,32,0.197916666666667,0.65625,1,28,28,0.220100577444052
2987,11,32,0.21875,0.65625,1,17,17,0.201738441905844
2988,12,32,0.239583333333333,0.65625,1,23,23,0.183695411189859
2989,13,32,0.260416666666667,0.65625,1,13,13,0.166031879536375
2990,14,32,0.28125,0.65625,1,14,14,0.148822664595082
2991,15,32,0.302083333333333,0.65625,1,18,18,0.132160800768963
2992,16,32,0.322916666666667,0.65625,1,10,10,0.116162167682388
2993,17,32,0.34375,0.65625,1,24,24,0.100970869120796
2994,18,32,0.364583333333333,0.65625,1,14,14,0.0867649295966584
2995,19,32,0.385416666666667,0.65625,1,26,26,0.0737612003931071
2996,20,32,0.40625,0.65625,1,10,10,0.0622172467139157
2997,21,32,0.427083333333333,0.65625,1,20,20,0.052426514137988
2998,22,32,0.447916666666667,0.65625,1,29,29,0.0447019614671031
2999,23,32,0.46875,0.65625,1,19,19,0.0393443597997745
3000,24,32,0.489583333333333,0.65625,1,16,16,0.0365968372747178
3001,25,32,0.510416666666667,0.65625,1,36,36,0.0365968372747178
3002,26,32,0.53125,0.65625,1,10,10,0.0393443597997745
3003,27,32,0.552083333333333,0.65625,1,21,21,0.0447019614671031
3004,28,32,0.572916666666667,0.65625,1,9,9,0.052426514137988
3005,29,32,0.59375,0.65625,1,22,22,0.0622172467139157
3006,30,32,0.614583333333333,0.65625,1,24,24,0.073761200393107
3007,31,32,0.635416666666667,0.65625,1,19,19,0.0867649295966584
3008,32,32,0.65625,0.65625,1,19,19,0.100970869120796
3009,33,32,0.677083333333333,0.65625,1,13,13,0.116162167682388
3010,34,32,0.697916666666667,0.65625,1,13,13,0.132160800768963
3011,35,32,0.71875,0.65625,1,14,14,0.148822664595082
3012,36,32,0.739583333333333,0.65625,1,19,19,0.166031879536375
3013,37,32,0.760416666666667,0.65625,1,22,22,0.183695411189859
3014,38,32,0.78125,0.65625,1,21,21,0.201738441905844
3015,39,32,0.802083333333333,0.65625,1,27,27,0.220100577444052
3016,40,32,0.822916666666667,0.65625,1,18,18,0.238732819952553
3017,41,32,0.84375,0.65625,1,18,18,0.25759518667483
3018,42,32,0.864583333333333,0.65625,1,17,17,0.276654849263745
3019,43,32,0.885416666666667,0.65625,1,35,35,0.295884682868274
3020,44,32,0.90625,0.65625,1,13,13,0.315262133662004
3021,45,32,0.927083333333333,0.65625,1,23,23,0.334768332352981
3022,46,32,0.947916666666667,0.65625,1,26,26,0.354387397363987
3023,47,32,0.96875,0.65625,1,27,27,0.374105884401309
3024,48,32,0.989583333333333,0.65625,1,31,31,0.393912349314334
3025,49,32,1.01041666666667,0.65625,1,22,22,0.413796998971623
3026,50,32,1.03125,0.65625,1,28,28,0.433751410833417
3027,51,32,1.05208333333333,0.65625,1,22,22,0.45376830641335
3028,52,32,1.07291666666667,0.65625,1,19,19,0.473841367239134
3029,53,32,1.09375,0.65625,1,32,32,0.493965084512141
3030,54,32,1.11458333333333,0.65625,1,22,22,0.514134635634351
3031,55,32,1.13541666666667,0.65625,1,15,15,0.534345782272475
3032,56,32,1.15625,0.65625,1,21,21,0.554594785778841
3033,57,32,1.17708333333333,0.65625,1,18,18,0.574878336673247
3034,58,32,1.19791666666667,0.65625,1,20,20,0.595193495573828
3035,59,32,1.21875,0.65625,1,34,34,0.615537643496239
3036,60,32,1.23958333333333,0.65625,1,26,26,0.635908439855281
3037,61,32,1.26041666666667,0.65625,1,9,9,0.656303786828613
3038,62,32,1.28125,0.65625,1,23,23,0.676721798998873
3039,63,32,1.30208333333333,0.65625,1,20,20,0.697160777393966
3040,64,32,1.32291666666667,0.65625,1,9,9,0.717619187207276
3041,65,32,1.34375,0.65625,1,27,27,0.738095638609124
3042,66,32,1.36458333333333,0.65625,1,19,19,0.758588870164981
3043,67,32,1.38541666666667,0.65625,1,21,21,0.779097734460003
3044,68,32,1.40625,0.65625,1,18,18,0.799621185597635
3045,69,32,1.42708333333333,0.65625,1,7,7,0.820158268295527
3046,70,32,1.44791666666667,0.65625,1,20,20,0.840708108347402
3047,71,32,1.46875,0.65625,1,14,14,0.861269904256724
3048,72,32,1.48958333333333,0.65625,1,18,18,0.881842919878716
3049,73,32,1.51041666666667,0.65625,1,15,15,0.902426477932657
3050,74,32,1.53125,0.65625,1,28,28,0.923019954267415
3051,75,32,1.55208333333333,0.65625,1,33,33,0.943622772780734
3052,76,32,1.57291666666667,0.65625,1,29,29,0.964234400907438
3053,77,32,1.59375,0.65625,1,20,20,0.984854345603981
3054,78,32,1.61458333333333,0.65625,1,24,24,1.00548214976713
3055,79,32,1.63541666666667,0.65625,1,14,14,1.02611738903327
3056,80,32,1.65625,0.65625,1,12,12,1.04675966891215
3057,81,32,1.67708333333333,0.65625,1,27,27,1.06740862221525
3058,82,32,1.69791666666667,0.65625,1,20,20,1.08806390674408
3059,83,32,1.71875,0.65625,1,24,24,1.10872520320859
3060,84,32,1.73958333333333,0.65625,1,23,23,1.12939221334927
3061,85,32,1.76041666666667,0.65625,1,18,18,1.15006465824032
3062,86,32,1.78125,0.65625,1,10,10,1.17074227675396
3063,87,32,1.80208333333333,0.65625,1,10,10,1.19142482416814
3064,88,32,1.82291666666667,0.65625,1,27,27,1.21211207090261
3065,89,32,1.84375,0.65625,1,21,21,1.23280380136959
3066,90,32,1.86458333333333,0.65625,1,10,10,1.25349981292722
3067,91,32,1.88541666666667,0.65625,1,17,17,1.27419991492532
3068,92,32,1.90625,0.65625,1,15,15,1.29490392783397
3069,93,32,1.92708333333333,0.65625,1,11,11,1.31561168244682
3070,94,32,1.94791666666667,0.65625,1,21,21,1.3363230191517
3071,95,32,1.96875,0.65625,1,26,26,1.35703778726206
3072,96,32,1.98958333333333,0.65625,1,29,29,1.37775584440337
3073,1,33,0.0104166666666667,0.677083333333333,1,14,14,0.400624958316658
3074,2,33,0.03125,0.677083333333333,1,27,27,0.381083894616904
3075,3,33,0.0520833333333333,0.677083333333333,1,21,21,0.361651167570704
3076,4,33,0.0729166666666667,0.677083333333333,1,29,29,0.342340437941086
3077,5,33,0.09375,0.677083333333333,1,13,13,0.323167653878805
3078,6,33,0.114583333333333,0.677083333333333,1,14,14,0.304151522322965
3079,7,33,0.135416666666667,0.677083333333333,1,19,19,0.285314092882161
3080,8,33,0.15625,0.677083333333333,1,15,15,0.266681483193137
3081,9,33,0.177083333333333,0.677083333333333,1,19,19,0.248284781867993
3082,10,33,0.197916666666667,0.677083333333333,1,18,18,0.230161173207742
3083,11,33,0.21875,0.677083333333333,1,16,16,0.212355336115496
3084,12,33,0.239583333333333,0.677083333333333,1,25,25,0.194921176204812
3085,13,33,0.260416666666667,0.677083333333333,1,13,13,0.177923950959898
3086,14,33,0.28125,0.677083333333333,1,26,26,0.161442835127214
3087,15,33,0.302083333333333,0.677083333333333,1,24,24,0.145573932999624
3088,16,33,0.322916666666667,0.677083333333333,1,28,28,0.130433651670236
3089,17,33,0.34375,0.677083333333333,1,17,17,0.116162167682388
3090,18,33,0.364583333333333,0.677083333333333,1,17,17,0.102926401656591
3091,19,33,0.385416666666667,0.677083333333333,1,27,27,0.0909214242845477
3092,20,33,0.40625,0.677083333333333,1,26,26,0.0803685839757431
3093,21,33,0.427083333333333,0.677083333333333,1,29,29,0.0715080865713566
3094,22,33,0.447916666666667,0.677083333333333,1,20,20,0.064583803611139
3095,23,33,0.46875,0.677083333333333,1,8,8,0.0598195468920006
3096,24,33,0.489583333333333,0.677083333333333,1,18,18,0.0573894413117333
3097,25,33,0.510416666666667,0.677083333333333,1,13,13,0.0573894413117333
3098,26,33,0.53125,0.677083333333333,1,23,23,0.0598195468920006
3099,27,33,0.552083333333333,0.677083333333333,1,19,19,0.064583803611139
3100,28,33,0.572916666666667,0.677083333333333,1,17,17,0.0715080865713565
3101,29,33,0.59375,0.677083333333333,1,16,16,0.0803685839757431
3102,30,33,0.614583333333333,0.677083333333333,1,15,15,0.0909214242845477
3103,31,33,0.635416666666667,0.677083333333333,1,21,21,0.102926401656591
3104,32,33,0.65625,0.677083333333333,1,24,24,0.116162167682388
3105,33,33,0.677083333333333,0.677083333333333,1,20,20,0.130433651670235
3106,34,33,0.697916666666667,0.677083333333333,1,14,14,0.145573932999624
3107,35,33,0.71875,0.677083333333333,1,17,17,0.161442835127214
3108,36,33,0.739583333333333,0.677083333333333,1,17,17,0.177923950959898
3109,37,33,0.760416666666667,0.677083333333333,1,22,22,0.194921176204812
3110,38,33,0.78125,0.677083333333333,1,26,26,0.212355336115496
3111,39,33,0.802083333333333,0.677083333333333,1,28,28,0.230161173207742
3112,40,33,0.822916666666667,0.677083333333333,1,20,20,0.248284781867993
3113,41,33,0.84375,0.677083333333333,1,13,13,0.266681483193137
3114,42,33,0.864583333333333,0.677083333333333,1,16,16,0.285314092882161
3115,43,33,0.885416666666667,0.677083333333333,1,21,21,0.304151522322965
3116,44,33,0.90625,0.677083333333333,1,24,24,0.323167653878805
3117,45,33,0.927083333333333,0.677083333333333,1,8,8,0.342340437941086
3118,46,33,0.947916666666667,0.677083333333333,1,24,24,0.361651167570704
3119,47,33,0.96875,0.677083333333333,1,25,25,0.381083894616904
3120,48,33,0.989583333333333,0.677083333333333,1,18,18,0.400624958316658
3121,49,33,1.01041666666667,0.677083333333333,1,25,25,0.420262603328747
3122,50,33,1.03125,0.677083333333333,1,27,27,0.439986668988151
3123,51,33,1.05208333333333,0.677083333333333,1,9,9,0.459788335419823
3124,52,33,1.07291666666667,0.677083333333333,1,24,24,0.479659915192677
3125,53,33,1.09375,0.677083333333333,1,19,19,0.499594681581794
3126,54,33,1.11458333333333,0.677083333333333,1,15,15,0.519586726375365
3127,55,33,1.13541666666667,0.677083333333333,1,19,19,0.539630841624482
3128,56,33,1.15625,0.677083333333333,1,7,7,0.559722420878144
3129,57,33,1.17708333333333,0.677083333333333,1,22,22,0.579857376343368
3130,58,33,1.19791666666667,0.677083333333333,1,10,10,0.600032069116061
3131,59,33,1.21875,0.677083333333333,1,13,13,0.620243250184995
3132,60,33,1.23958333333333,0.677083333333333,1,22,22,0.640488010351832
3133,61,33,1.26041666666667,0.677083333333333,1,26,26,0.660763737560146
3134,62,33,1.28125,0.677083333333333,1,16,16,0.681068080405432
3135,63,33,1.30208333333333,0.677083333333333,1,17,17,0.701398916821513
3136,64,33,1.32291666666667,0.677083333333333,1,20,20,0.721754327118205
3137,65,33,1.34375,0.677083333333333,1,27,27,0.74213257068994
3138,66,33,1.36458333333333,0.677083333333333,1,25,25,0.762532065832297
3139,67,33,1.38541666666667,0.677083333333333,1,25,25,0.782951372198722
3140,68,33,1.40625,0.677083333333333,1,20,20,0.803389175507513
3141,69,33,1.42708333333333,0.677083333333333,1,21,21,0.823844274172858
3142,70,33,1.44791666666667,0.677083333333333,1,23,23,0.844315567586093
3143,71,33,1.46875,0.677083333333333,1,20,20,0.864802045816541
3144,72,33,1.48958333333333,0.677083333333333,1,15,15,0.885302780537066
3145,73,33,1.51041666666667,0.677083333333333,1,27,27,0.905816917009182
3146,74,33,1.53125,0.677083333333333,1,30,30,0.926343666987307
3147,75,33,1.55208333333333,0.677083333333333,1,23,23,0.946882302422447
3148,76,33,1.57291666666667,0.677083333333333,1,21,21,0.967432149862949
3149,77,33,1.59375,0.677083333333333,1,22,22,0.987992585464562
3150,78,33,1.61458333333333,0.677083333333333,1,29,29,1.00856303053436
3151,79,33,1.63541666666667,0.677083333333333,1,29,29,1.02914294754347
3152,80,33,1.65625,0.677083333333333,1,17,17,1.04973183655248
3153,81,33,1.67708333333333,0.677083333333333,1,18,18,1.07032923200078
3154,82,33,1.69791666666667,0.677083333333333,1,14,14,1.09093469981755
3155,83,33,1.71875,0.677083333333333,1,17,17,1.11154783481781
3156,84,33,1.73958333333333,0.677083333333333,1,21,21,1.13216825835118
3157,85,33,1.76041666666667,0.677083333333333,1,20,20,1.15279561617549
3158,86,33,1.78125,0.677083333333333,1,16,16,1.17342957653072
3159,87,33,1.80208333333333,0.677083333333333,1,21,21,1.19406982839151
3160,88,33,1.82291666666667,0.677083333333333,1,16,16,1.2147160798795
3161,89,33,1.84375,0.677083333333333,1,22,22,1.23536805681868
3162,90,33,1.86458333333333,0.677083333333333,1,28,28,1.25602550141905
3163,91,33,1.88541666666667,0.677083333333333,1,17,17,1.2766881710755
3164,92,33,1.90625,0.677083333333333,1,18,18,1.29735583727039
3165,93,33,1.92708333333333,0.677083333333333,1,24,24,1.31802828456961
3166,94,33,1.94791666666667,0.677083333333333,1,15,15,1.33870530970294
3167,95,33,1.96875,0.677083333333333,1,15,15,1.3593867207206
3168,96,33,1.98958333333333,0.677083333333333,1,12,12,1.38007233621879
3169,1,34,0.0104166666666667,0.697916666666667,1,13,13,0.408074660651524
3170,2,34,0.03125,0.697916666666667,1,30,30,0.388819780909159
3171,3,34,0.0520833333333333,0.697916666666667,1,11,11,0.369694136397632
3172,4,34,0.0729166666666667,0.697916666666667,1,18,18,0.350713480320625
3173,5,34,0.09375,0.697916666666667,1,26,26,0.33189608257258
3174,6,34,0.114583333333333,0.697916666666667,1,22,22,0.313263215480946
3175,7,34,0.135416666666667,0.697916666666667,1,21,21,0.294839744827914
3176,8,34,0.15625,0.697916666666667,1,17,17,0.276654849263745
3177,9,34,0.177083333333333,0.697916666666667,1,10,10,0.258742895056205
3178,10,34,0.197916666666667,0.697916666666667,1,14,14,0.241144496319994
3179,11,34,0.21875,0.697916666666667,1,14,14,0.223907792067066
3180,12,34,0.239583333333333,0.697916666666667,1,33,33,0.207089968085575
3181,13,34,0.260416666666667,0.697916666666667,1,12,12,0.190759039378673
3182,14,34,0.28125,0.697916666666667,1,21,21,0.174995880385548
3183,15,34,0.302083333333333,0.697916666666667,1,16,16,0.159896434219675
3184,16,34,0.322916666666667,0.697916666666667,1,22,22,0.145573932999624
3185,17,34,0.34375,0.697916666666667,1,14,14,0.132160800768963
3186,18,34,0.364583333333333,0.697916666666667,1,14,14,0.119809675692111
3187,19,34,0.385416666666667,0.697916666666667,1,22,22,0.10869269166771
3188,20,34,0.40625,0.697916666666667,1,24,24,0.0989978754336316
3189,21,34,0.427083333333333,0.697916666666667,1,17,17,0.0909214242845477
3190,22,34,0.447916666666667,0.697916666666667,1,23,23,0.0846550281707135
3191,23,34,0.46875,0.697916666666667,1,19,19,0.0803685839757431
3192,24,34,0.489583333333333,0.697916666666667,1,19,19,0.0781905999004213
3193,25,34,0.510416666666667,0.697916666666667,1,22,22,0.0781905999004213
3194,26,34,0.53125,0.697916666666667,1,26,26,0.0803685839757431
3195,27,34,0.552083333333333,0.697916666666667,1,22,22,0.0846550281707135
3196,28,34,0.572916666666667,0.697916666666667,1,10,10,0.0909214242845477
3197,29,34,0.59375,0.697916666666667,1,19,19,0.0989978754336316
3198,30,34,0.614583333333333,0.697916666666667,1,25,25,0.10869269166771
3199,31,34,0.635416666666667,0.697916666666667,1,19,19,0.119809675692111
3200,32,34,0.65625,0.697916666666667,1,11,11,0.132160800768963
3201,33,34,0.677083333333333,0.697916666666667,1,24,24,0.145573932999624
3202,34,34,0.697916666666667,0.697916666666667,1,19,19,0.159896434219675
3203,35,34,0.71875,0.697916666666667,1,24,24,0.174995880385548
3204,36,34,0.739583333333333,0.697916666666667,1,16,16,0.190759039378673
3205,37,34,0.760416666666667,0.697916666666667,1,10,10,0.207089968085575
3206,38,34,0.78125,0.697916666666667,1,12,12,0.223907792067066
3207,39,34,0.802083333333333,0.697916666666667,1,17,17,0.241144496319994
3208,40,34,0.822916666666667,0.697916666666667,1,14,14,0.258742895056205
3209,41,34,0.84375,0.697916666666667,1,10,10,0.276654849263745
3210,42,34,0.864583333333333,0.697916666666667,1,26,26,0.294839744827914
3211,43,34,0.885416666666667,0.697916666666667,1,22,22,0.313263215480946
3212,44,34,0.90625,0.697916666666667,1,21,21,0.33189608257258
3213,45,34,0.927083333333333,0.697916666666667,1,18,18,0.350713480320625
3214,46,34,0.947916666666667,0.697916666666667,1,25,25,0.369694136397632
3215,47,34,0.96875,0.697916666666667,1,17,17,0.388819780909159
3216,48,34,0.989583333333333,0.697916666666667,1,15,15,0.408074660651524
3217,49,34,1.01041666666667,0.697916666666667,1,30,30,0.427445139311288
3218,50,34,1.03125,0.697916666666667,1,17,17,0.446919367674491
3219,51,34,1.05208333333333,0.697916666666667,1,13,13,0.466487010844135
3220,52,34,1.07291666666667,0.697916666666667,1,23,23,0.486139021915673
3221,53,34,1.09375,0.697916666666667,1,27,27,0.505867453574992
3222,54,34,1.11458333333333,0.697916666666667,1,29,29,0.525665300721322
3223,55,34,1.13541666666667,0.697916666666667,1,19,19,0.545526368540137
3224,56,34,1.15625,0.697916666666667,1,19,19,0.565445161515088
3225,57,34,1.17708333333333,0.697916666666667,1,20,20,0.585416789722375
3226,58,34,1.19791666666667,0.697916666666667,1,22,22,0.605436889436673
3227,59,34,1.21875,0.697916666666667,1,27,27,0.625501555628454
3228,60,34,1.23958333333333,0.697916666666667,1,20,20,0.64560728437554
3229,61,34,1.26041666666667,0.697916666666667,1,18,18,0.665750923568588
3230,62,34,1.28125,0.697916666666667,1,17,17,0.685929630578529
3231,63,34,1.30208333333333,0.697916666666667,1,18,18,0.706140835787431
3232,64,34,1.32291666666667,0.697916666666667,1,27,27,0.726382211073828
3233,65,34,1.34375,0.697916666666667,1,21,21,0.746651642497979
3234,66,34,1.36458333333333,0.697916666666667,1,23,23,0.766947206558667
3235,67,34,1.38541666666667,0.697916666666667,1,28,28,0.787267149496528
3236,68,34,1.40625,0.697916666666667,1,24,24,0.807609869203883
3237,69,34,1.42708333333333,0.697916666666667,1,20,20,0.827973899371121
3238,70,34,1.44791666666667,0.697916666666667,1,30,30,0.848357895557675
3239,71,34,1.46875,0.697916666666667,1,6,6,0.86876062292369
3240,72,34,1.48958333333333,0.697916666666667,1,17,17,0.889180945398572
3241,73,34,1.51041666666667,0.697916666666667,1,29,29,0.909617816095964
3242,74,34,1.53125,0.697916666666667,1,25,25,0.930070268812733
3243,75,34,1.55208333333333,0.697916666666667,1,14,14,0.950537410472993
3244,76,34,1.57291666666667,0.697916666666667,1,23,23,0.971018414398013
3245,77,34,1.59375,0.697916666666667,1,10,10,0.991512514299522
3246,78,34,1.61458333333333,0.697916666666667,1,23,23,1.0120189989081
3247,79,34,1.63541666666667,0.697916666666667,1,8,8,1.03253720716031
3248,80,34,1.65625,0.697916666666667,1,18,18,1.05306652387852
3249,81,34,1.67708333333333,0.697916666666667,1,15,15,1.07360637588593
3250,82,34,1.69791666666667,0.697916666666667,1,27,27,1.09415622850695
3251,83,34,1.71875,0.697916666666667,1,22,22,1.11471558240934
3252,84,34,1.73958333333333,0.697916666666667,1,24,24,1.13528397075013
3253,85,34,1.76041666666667,0.697916666666667,1,20,20,1.15586095659188
3254,86,34,1.78125,0.697916666666667,1,16,16,1.17644613056017
3255,87,34,1.80208333333333,0.697916666666667,1,32,32,1.19703910871655
3256,88,34,1.82291666666667,0.697916666666667,1,11,11,1.21763953062433
3257,89,34,1.84375,0.697916666666667,1,13,13,1.23824705758726
3258,90,34,1.86458333333333,0.697916666666667,1,20,20,1.25886137104335
3259,91,34,1.88541666666667,0.697916666666667,1,12,12,1.27948217109838
3260,92,34,1.90625,0.697916666666667,1,31,31,1.30010917518494
3261,93,34,1.92708333333333,0.697916666666667,1,15,15,1.32074211683501
3262,94,34,1.94791666666667,0.697916666666667,1,20,20,1.3413807445548
3263,95,34,1.96875,0.697916666666667,1,20,20,1.3620248207923
3264,96,34,1.98958333333333,0.697916666666667,1,22,22,1.38267412098861
3265,1,35,0.0104166666666667,0.71875,1,15,15,0.41623073650974
3266,2,35,0.03125,0.71875,1,24,24,0.397279542413964
3267,3,35,0.0520833333333333,0.71875,1,20,20,0.378478588083558
3268,4,35,0.0729166666666667,0.71875,1,23,23,0.359845533595043
3269,5,35,0.09375,0.71875,1,14,14,0.341400720632294
3270,6,35,0.114583333333333,0.71875,1,17,17,0.323167653878805
3271,7,35,0.135416666666667,0.71875,1,16,16,0.305173575665803
3272,8,35,0.15625,0.71875,1,20,20,0.287450150325166
3273,9,35,0.177083333333333,0.71875,1,14,14,0.270034275559355
3274,10,35,0.197916666666667,0.71875,1,23,23,0.252969037291003
3275,11,35,0.21875,0.71875,1,19,19,0.236304820343481
3276,12,35,0.239583333333333,0.71875,1,26,26,0.220100577444052
3277,13,35,0.260416666666667,0.71875,1,32,32,0.20442523963328
3278,14,35,0.28125,0.71875,1,22,22,0.189359216769115
3279,15,35,0.302083333333333,0.71875,1,27,27,0.174995880385548
3280,16,35,0.322916666666667,0.71875,1,22,22,0.161442835127215
3281,17,35,0.34375,0.71875,1,32,32,0.148822664595082
3282,18,35,0.364583333333333,0.71875,1,24,24,0.137272688233926
3283,19,35,0.385416666666667,0.71875,1,18,18,0.126943116481869
3284,20,35,0.40625,0.71875,1,25,25,0.117992909558247
3285,21,35,0.427083333333333,0.71875,1,19,19,0.110582746053944
3286,22,35,0.447916666666667,0.71875,1,23,23,0.104864928592947
3287,23,35,0.46875,0.71875,1,18,18,0.100970869120796
3288,24,35,0.489583333333333,0.71875,1,22,22,0.0989978754336317
3289,25,35,0.510416666666667,0.71875,1,15,15,0.0989978754336316
3290,26,35,0.53125,0.71875,1,20,20,0.100970869120796
3291,27,35,0.552083333333333,0.71875,1,15,15,0.104864928592947
3292,28,35,0.572916666666667,0.71875,1,17,17,0.110582746053944
3293,29,35,0.59375,0.71875,1,25,25,0.117992909558247
3294,30,35,0.614583333333333,0.71875,1,14,14,0.126943116481869
3295,31,35,0.635416666666667,0.71875,1,19,19,0.137272688233926
3296,32,35,0.65625,0.71875,1,21,21,0.148822664595082
3297,33,35,0.677083333333333,0.71875,1,25,25,0.161442835127214
3298,34,35,0.697916666666667,0.71875,1,23,23,0.174995880385548
3299,35,35,0.71875,0.71875,1,26,26,0.189359216769115
3300,36,35,0.739583333333333,0.71875,1,20,20,0.20442523963328
3301,37,35,0.760416666666667,0.71875,1,19,19,0.220100577444052
3302,38,35,0.78125,0.71875,1,15,15,0.236304820343481
3303,39,35,0.802083333333333,0.71875,1,24,24,0.252969037291003
3304,40,35,0.822916666666667,0.71875,1,31,31,0.270034275559355
3305,41,35,0.84375,0.71875,1,20,20,0.287450150325166
3306,42,35,0.864583333333333,0.71875,1,20,20,0.305173575665803
3307,43,35,0.885416666666667,0.71875,1,26,26,0.323167653878805
3308,44,35,0.90625,0.71875,1,22,22,0.341400720632294
3309,45,35,0.927083333333333,0.71875,1,15,15,0.359845533595043
3310,46,35,0.947916666666667,0.71875,1,18,18,0.378478588083558
3311,47,35,0.96875,0.71875,1,21,21,0.397279542413964
3312,48,35,0.989583333333333,0.71875,1,28,28,0.41623073650974
3313,49,35,1.01041666666667,0.71875,1,19,19,0.435316788969243
3314,50,35,1.03125,0.71875,1,11,11,0.45452425971407
3315,51,35,1.05208333333333,0.71875,1,16,16,0.473841367239134
3316,52,35,1.07291666666667,0.71875,1,12,12,0.493257751230626
3317,53,35,1.09375,0.71875,1,13,13,0.512764272853643
3318,54,35,1.11458333333333,0.71875,1,17,17,0.532352846327132
3319,55,35,1.13541666666667,0.71875,1,25,25,0.552016296512055
3320,56,35,1.15625,0.71875,1,14,14,0.571748238161833
3321,57,35,1.17708333333333,0.71875,1,20,20,0.591542973247419
3322,58,35,1.19791666666667,0.71875,1,10,10,0.611395403397581
3323,59,35,1.21875,0.71875,1,24,24,0.631300955010707
3324,60,35,1.23958333333333,0.71875,1,20,20,0.651255515017199
3325,61,35,1.26041666666667,0.71875,1,19,19,0.671255375618039
3326,62,35,1.28125,0.71875,1,19,19,0.691297186609198
3327,63,35,1.30208333333333,0.71875,1,19,19,0.711377914134788
3328,64,35,1.32291666666667,0.71875,1,19,19,0.731494804903575
3329,65,35,1.34375,0.71875,1,15,15,0.751645355061335
3330,66,35,1.36458333333333,0.71875,1,24,24,0.771827283041833
3331,67,35,1.38541666666667,0.71875,1,21,21,0.79203850582698
3332,68,35,1.40625,0.71875,1,18,18,0.812277118136019
3333,69,35,1.42708333333333,0.71875,1,26,26,0.832541374137861
3334,70,35,1.44791666666667,0.71875,1,19,19,0.852829671342545
3335,71,35,1.46875,0.71875,1,20,20,0.873140536379419
3336,72,35,1.48958333333333,0.71875,1,22,22,0.893472612412941
3337,73,35,1.51041666666667,0.71875,1,12,12,0.913824647983292
3338,74,35,1.53125,0.71875,1,27,27,0.934195487089562
3339,75,35,1.55208333333333,0.71875,1,22,22,0.954584060359066
3340,76,35,1.57291666666667,0.71875,1,16,16,0.974989377168158
3341,77,35,1.59375,0.71875,1,15,15,0.995410518598422
3342,78,35,1.61458333333333,0.71875,1,29,29,1.01584663112783
3343,79,35,1.63541666666667,0.71875,1,15,15,1.03629692096989
3344,80,35,1.65625,0.71875,1,23,23,1.05676064898517
3345,81,35,1.67708333333333,0.71875,1,22,22,1.07723712609955
3346,82,35,1.69791666666667,0.71875,1,12,12,1.09772570917172
3347,83,35,1.71875,0.71875,1,22,22,1.11822579725993
3348,84,35,1.73958333333333,0.71875,1,18,18,1.13873682824401
3349,85,35,1.76041666666667,0.71875,1,17,17,1.15925827576417
3350,86,35,1.78125,0.71875,1,18,18,1.17978964644284
3351,87,35,1.80208333333333,0.71875,1,17,17,1.20033047735953
3352,88,35,1.82291666666667,0.71875,1,23,23,1.22088033375259
3353,89,35,1.84375,0.71875,1,23,23,1.2414388069245
3354,90,35,1.86458333333333,0.71875,1,20,20,1.26200551233022
3355,91,35,1.88541666666667,0.71875,1,11,11,1.2825800878302
3356,92,35,1.90625,0.71875,1,19,19,1.30316219209196
3357,93,35,1.92708333333333,0.71875,1,20,20,1.32375150312572
3358,94,35,1.94791666666667,0.71875,1,18,18,1.34434771694127
3359,95,35,1.96875,0.71875,1,25,25,1.36495054631459
3360,96,35,1.98958333333333,0.71875,1,24,24,1.38555971965394
3361,1,36,0.0104166666666667,0.739583333333333,1,19,19,0.42506147716463
3362,2,36,0.03125,0.739583333333333,1,29,29,0.406428282020553
3363,3,36,0.0520833333333333,0.739583333333333,1,18,18,0.387966055843192
3364,4,36,0.0729166666666667,0.739583333333333,1,20,20,0.369694136397632
3365,5,36,0.09375,0.739583333333333,1,27,27,0.351634642611324
3366,6,36,0.114583333333333,0.739583333333333,1,27,27,0.333812935641499
3367,7,36,0.135416666666667,0.739583333333333,1,11,11,0.316258158153582
3368,8,36,0.15625,0.739583333333333,1,18,18,0.299003861689974
3369,9,36,0.177083333333333,0.739583333333333,1,15,15,0.282088730533725
3370,10,36,0.197916666666667,0.739583333333333,1,13,13,0.26555740673587
3371,11,36,0.21875,0.739583333333333,1,27,27,0.249461413561837
3372,12,36,0.239583333333333,0.739583333333333,1,16,16,0.233860161488813
3373,13,36,0.260416666666667,0.739583333333333,1,19,19,0.218821999318554
3374,14,36,0.28125,0.739583333333333,1,15,15,0.20442523963328
3375,15,36,0.302083333333333,0.739583333333333,1,10,10,0.190759039378673
3376,16,36,0.322916666666667,0.739583333333333,1,34,34,0.177923950959898
3377,17,36,0.34375,0.739583333333333,1,15,15,0.166031879536375
3378,18,36,0.364583333333333,0.739583333333333,1,17,17,0.155205100283811
3379,19,36,0.385416666666667,0.739583333333333,1,23,23,0.145573932999624
3380,20,36,0.40625,0.739583333333333,1,19,19,0.137272688233926
3381,21,36,0.427083333333333,0.739583333333333,1,31,31,0.130433651670236
3382,22,36,0.447916666666667,0.739583333333333,1,21,21,0.125179214498746
3383,23,36,0.46875,0.739583333333333,1,14,14,0.121612781348817
3384,24,36,0.489583333333333,0.739583333333333,1,22,22,0.119809675692111
3385,25,36,0.510416666666667,0.739583333333333,1,17,17,0.119809675692111
3386,26,36,0.53125,0.739583333333333,1,30,30,0.121612781348817
3387,27,36,0.552083333333333,0.739583333333333,1,15,15,0.125179214498746
3388,28,36,0.572916666666667,0.739583333333333,1,15,15,0.130433651670236
3389,29,36,0.59375,0.739583333333333,1,23,23,0.137272688233926
3390,30,36,0.614583333333333,0.739583333333333,1,19,19,0.145573932999624
3391,31,36,0.635416666666667,0.739583333333333,1,12,12,0.15520510028381
3392,32,36,0.65625,0.739583333333333,1,14,14,0.166031879536375
3393,33,36,0.677083333333333,0.739583333333333,1,22,22,0.177923950959898
3394,34,36,0.697916666666667,0.739583333333333,1,15,15,0.190759039378673
3395,35,36,0.71875,0.739583333333333,1,19,19,0.20442523963328
3396,36,36,0.739583333333333,0.739583333333333,1,18,18,0.218821999318554
3397,37,36,0.760416666666667,0.739583333333333,1,9,9,0.233860161488813
3398,38,36,0.78125,0.739583333333333,1,7,7,0.249461413561837
3399,39,36,0.802083333333333,0.739583333333333,1,18,18,0.26555740673587
3400,40,36,0.822916666666667,0.739583333333333,1,24,24,0.282088730533725
3401,41,36,0.84375,0.739583333333333,1,25,25,0.299003861689974
3402,42,36,0.864583333333333,0.739583333333333,1,21,21,0.316258158153582
3403,43,36,0.885416666666667,0.739583333333333,1,22,22,0.333812935641499
3404,44,36,0.90625,0.739583333333333,1,30,30,0.351634642611324
3405,45,36,0.927083333333333,0.739583333333333,1,14,14,0.369694136397631
3406,46,36,0.947916666666667,0.739583333333333,1,24,24,0.387966055843192
3407,47,36,0.96875,0.739583333333333,1,18,18,0.406428282020553
3408,48,36,0.989583333333333,0.739583333333333,1,32,32,0.42506147716463
3409,49,36,1.01041666666667,0.739583333333333,1,18,18,0.443848691780181
3410,50,36,1.03125,0.739583333333333,1,28,28,0.462775030445807
3411,51,36,1.05208333333333,0.739583333333333,1,20,20,0.481827367735595
3412,52,36,1.07291666666667,0.739583333333333,1,19,19,0.500994106699536
3413,53,36,1.09375,0.739583333333333,1,13,13,0.520264973359555
3414,54,36,1.11458333333333,0.739583333333333,1,25,25,0.539630841624482
3415,55,36,1.13541666666667,0.739583333333333,1,25,25,0.559083583875276
3416,56,36,1.15625,0.739583333333333,1,11,11,0.578615943212801
3417,57,36,1.17708333333333,0.739583333333333,1,26,26,0.598221423997425
3418,58,36,1.19791666666667,0.739583333333333,1,29,29,0.617894197851035
3419,59,36,1.21875,0.739583333333333,1,16,16,0.637629022748674
3420,60,36,1.23958333333333,0.739583333333333,1,14,14,0.65742117321022
3421,61,36,1.26041666666667,0.739583333333333,1,22,22,0.677266379923019
3422,62,36,1.28125,0.739583333333333,1,25,25,0.697160777393966
3423,63,36,1.30208333333333,0.739583333333333,1,22,22,0.717100858452685
3424,64,36,1.32291666666667,0.739583333333333,1,23,23,0.737083434613509
3425,65,36,1.34375,0.739583333333333,1,19,19,0.757105601459203
3426,66,36,1.36458333333333,0.739583333333333,1,19,19,0.777164708338936
3427,67,36,1.38541666666667,0.739583333333333,1,25,25,0.797258331781305
3428,68,36,1.40625,0.739583333333333,1,19,19,0.817384252113887
3429,69,36,1.42708333333333,0.739583333333333,1,13,13,0.837540432856783
3430,70,36,1.44791666666667,0.739583333333333,1,16,16,0.857725002521443
3431,71,36,1.46875,0.739583333333333,1,26,26,0.877936238499791
3432,72,36,1.48958333333333,0.739583333333333,1,14,14,0.89817255277395
3433,73,36,1.51041666666667,0.739583333333333,1,20,20,0.918432479215133
3434,74,36,1.53125,0.739583333333333,1,18,18,0.938714662272659
3435,75,36,1.55208333333333,0.739583333333333,1,26,26,0.959017846881547
3436,76,36,1.57291666666667,0.739583333333333,1,24,24,0.979340869440512
3437,77,36,1.59375,0.739583333333333,1,28,28,0.999682649732107
3438,78,36,1.61458333333333,0.739583333333333,1,21,21,1.02004218367373
3439,79,36,1.63541666666667,0.739583333333333,1,17,17,1.0404185368028
3440,80,36,1.65625,0.739583333333333,1,24,24,1.06081083841194
3441,81,36,1.67708333333333,0.739583333333333,1,15,15,1.08121827626049
3442,82,36,1.69791666666667,0.739583333333333,1,19,19,1.10164009179827
3443,83,36,1.71875,0.739583333333333,1,24,24,1.12207557584517
3444,84,36,1.73958333333333,0.739583333333333,1,26,26,1.14252406467714
3445,85,36,1.76041666666667,0.739583333333333,1,16,16,1.16298493647518
3446,86,36,1.78125,0.739583333333333,1,15,15,1.18345760809898
3447,87,36,1.80208333333333,0.739583333333333,1,14,14,1.20394153215146
3448,88,36,1.82291666666667,0.739583333333333,1,16,16,1.22443619430435
3449,89,36,1.84375,0.739583333333333,1,19,19,1.24494111085831
3450,90,36,1.86458333333333,0.739583333333333,1,24,24,1.26545582651423
3451,91,36,1.88541666666667,0.739583333333333,1,17,17,1.28597991233477
3452,92,36,1.90625,0.739583333333333,1,15,15,1.30651296387769
3453,93,36,1.92708333333333,0.739583333333333,1,12,12,1.32705459948438
3454,94,36,1.94791666666667,0.739583333333333,1,17,17,1.34760445870889
3455,95,36,1.96875,0.739583333333333,1,25,25,1.36816220087432
3456,96,36,1.98958333333333,0.739583333333333,1,30,30,1.38872750374465
3457,1,37,0.0104166666666667,0.760416666666667,1,21,21,0.43453465225859
3458,2,37,0.03125,0.760416666666667,1,22,22,0.41623073650974
3459,3,37,0.0520833333333333,0.760416666666667,1,12,12,0.398117921476912
3460,4,37,0.0729166666666667,0.760416666666667,1,20,20,0.38021696681429
3461,5,37,0.09375,0.760416666666667,1,14,14,0.36255145091252
3462,6,37,0.114583333333333,0.760416666666667,1,11,11,0.345148199203461
3463,7,37,0.135416666666667,0.760416666666667,1,17,17,0.328037774325137
3464,8,37,0.15625,0.760416666666667,1,20,20,0.311255032176759
3465,9,37,0.177083333333333,0.760416666666667,1,24,24,0.294839744827914
3466,10,37,0.197916666666667,0.760416666666667,1,19,19,0.278837285814097
3467,11,37,0.21875,0.760416666666667,1,22,22,0.26329936443696
3468,12,37,0.239583333333333,0.760416666666667,1,16,16,0.248284781867994
3469,13,37,0.260416666666667,0.760416666666667,1,16,16,0.233860161488813
3470,14,37,0.28125,0.760416666666667,1,20,20,0.220100577444052
3471,15,37,0.302083333333333,0.760416666666667,1,18,18,0.207089968085575
3472,16,37,0.322916666666667,0.760416666666667,1,13,13,0.194921176204812
3473,17,37,0.34375,0.760416666666667,1,17,17,0.183695411189859
3474,18,37,0.364583333333333,0.760416666666667,1,11,11,0.173520891741779
3475,19,37,0.385416666666667,0.760416666666667,1,24,24,0.164510422578076
3476,20,37,0.40625,0.760416666666667,1,22,22,0.15677771365805
3477,21,37,0.427083333333333,0.760416666666667,1,17,17,0.150432395536399
3478,22,37,0.447916666666667,0.760416666666667,1,17,17,0.145573932999624
3479,23,37,0.46875,0.760416666666667,1,20,20,0.142284964833629
3480,24,37,0.489583333333333,0.760416666666667,1,24,24,0.140624916733267
3481,25,37,0.510416666666667,0.760416666666667,1,25,25,0.140624916733267
3482,26,37,0.53125,0.760416666666667,1,18,18,0.142284964833629
3483,27,37,0.552083333333333,0.760416666666667,1,16,16,0.145573932999624
3484,28,37,0.572916666666667,0.760416666666667,1,26,26,0.150432395536399
3485,29,37,0.59375,0.760416666666667,1,26,26,0.15677771365805
3486,30,37,0.614583333333333,0.760416666666667,1,22,22,0.164510422578076
3487,31,37,0.635416666666667,0.760416666666667,1,18,18,0.173520891741779
3488,32,37,0.65625,0.760416666666667,1,19,19,0.183695411189859
3489,33,37,0.677083333333333,0.760416666666667,1,13,13,0.194921176204812
3490,34,37,0.697916666666667,0.760416666666667,1,14,14,0.207089968085575
3491,35,37,0.71875,0.760416666666667,1,31,31,0.220100577444052
3492,36,37,0.739583333333333,0.760416666666667,1,22,22,0.233860161488813
3493,37,37,0.760416666666667,0.760416666666667,1,17,17,0.248284781867993
3494,38,37,0.78125,0.760416666666667,1,24,24,0.26329936443696
3495,39,37,0.802083333333333,0.760416666666667,1,11,11,0.278837285814097
3496,40,37,0.822916666666667,0.760416666666667,1,12,12,0.294839744827914
3497,41,37,0.84375,0.760416666666667,1,19,19,0.311255032176759
3498,42,37,0.864583333333333,0.760416666666667,1,23,23,0.328037774325137
3499,43,37,0.885416666666667,0.760416666666667,1,19,19,0.345148199203461
3500,44,37,0.90625,0.760416666666667,1,16,16,0.36255145091252
3501,45,37,0.927083333333333,0.760416666666667,1,20,20,0.38021696681429
3502,46,37,0.947916666666667,0.760416666666667,1,27,27,0.398117921476912
3503,47,37,0.96875,0.760416666666667,1,22,22,0.41623073650974
3504,48,37,0.989583333333333,0.760416666666667,1,19,19,0.43453465225859
3505,49,37,1.01041666666667,0.760416666666667,1,14,14,0.453011355811461
3506,50,37,1.03125,0.760416666666667,1,10,10,0.471644659215122
3507,51,37,1.05208333333333,0.760416666666667,1,25,25,0.49042022183265
3508,52,37,1.07291666666667,0.760416666666667,1,19,19,0.509325311124717
3509,53,37,1.09375,0.760416666666667,1,20,20,0.52834859664981
3510,54,37,1.11458333333333,0.760416666666667,1,19,19,0.547479972650033
3511,55,37,1.13541666666667,0.760416666666667,1,23,23,0.566710405160396
3512,56,37,1.15625,0.760416666666667,1,28,28,0.586031800117939
3513,57,37,1.17708333333333,0.760416666666667,1,18,18,0.605436889436673
3514,58,37,1.19791666666667,0.760416666666667,1,11,11,0.624919132449213
3515,59,37,1.21875,0.760416666666667,1,9,9,0.644472630496199
3516,60,37,1.23958333333333,0.760416666666667,1,15,15,0.664092052773284
3517,61,37,1.26041666666667,0.760416666666667,1,16,16,0.683772571827518
3518,62,37,1.28125,0.760416666666667,1,26,26,0.703509807335515
3519,63,37,1.30208333333333,0.760416666666667,1,20,20,0.723299777000379
3520,64,37,1.32291666666667,0.760416666666667,1,16,16,0.743138853577775
3521,65,37,1.34375,0.760416666666667,1,26,26,0.763023727188448
3522,66,37,1.36458333333333,0.760416666666667,1,20,20,0.782951372198722
3523,67,37,1.38541666666667,0.760416666666667,1,18,18,0.802919018055695
3524,68,37,1.40625,0.760416666666667,1,12,12,0.82292412355278
3525,69,37,1.42708333333333,0.760416666666667,1,33,33,0.842964354076631
3526,70,37,1.44791666666667,0.760416666666667,1,30,30,0.863037561450335
3527,71,37,1.46875,0.760416666666667,1,25,25,0.883141766041958
3528,72,37,1.48958333333333,0.760416666666667,1,14,14,0.903275140853568
3529,73,37,1.51041666666667,0.760416666666667,1,30,30,0.923435997345096
3530,74,37,1.53125,0.760416666666667,1,27,27,0.943622772780734
3531,75,37,1.55208333333333,0.760416666666667,1,13,13,0.96383401891413
3532,76,37,1.57291666666667,0.760416666666667,1,14,14,0.984068391853009
3533,77,37,1.59375,0.760416666666667,1,20,20,1.00432464296473
3534,78,37,1.61458333333333,0.760416666666667,1,15,15,1.02460161070227
3535,79,37,1.63541666666667,0.760416666666667,1,18,18,1.04489821324536
3536,80,37,1.65625,0.760416666666667,1,13,13,1.06521344186513
3537,81,37,1.67708333333333,0.760416666666667,1,24,24,1.08554635493161
3538,82,37,1.69791666666667,0.760416666666667,1,16,16,1.10589607249373
3539,83,37,1.71875,0.760416666666667,1,16,16,1.12626177136979
3540,84,37,1.73958333333333,0.760416666666667,1,23,23,1.14664268069395
3541,85,37,1.76041666666667,0.760416666666667,1,4,4,1.16703807787062
3542,86,37,1.78125,0.760416666666667,1,20,20,1.18744728489441
3543,87,37,1.80208333333333,0.760416666666667,1,6,6,1.20786966499812
3544,88,37,1.82291666666667,0.760416666666667,1,16,16,1.22830461959537
3545,89,37,1.84375,0.760416666666667,1,24,24,1.24875158548868
3546,90,37,1.86458333333333,0.760416666666667,1,26,26,1.26921003231653
3547,91,37,1.88541666666667,0.760416666666667,1,24,24,1.28967946021624
3548,92,37,1.90625,0.760416666666667,1,14,14,1.31015939768187
3549,93,37,1.92708333333333,0.760416666666667,1,22,22,1.33064939959852
3550,94,37,1.94791666666667,0.760416666666667,1,18,18,1.35114904543656
3551,95,37,1.96875,0.760416666666667,1,15,15,1.37165793759085
3552,96,37,1.98958333333333,0.760416666666667,1,27,27,1.39217569985178
3553,1,38,0.0104166666666667,0.78125,1,12,12,0.444617926369485
3554,2,38,0.03125,0.78125,1,15,15,0.426651740141747
3555,3,38,0.0520833333333333,0.78125,1,14,14,0.408895928116088
3556,4,38,0.0729166666666667,0.78125,1,17,17,0.391372404526399
3557,5,38,0.09375,0.78125,1,14,14,0.374105884401309
3558,6,38,0.114583333333333,0.78125,1,19,19,0.357124270441616
3559,7,38,0.135416666666667,0.78125,1,27,27,0.340459085527091
3560,8,38,0.15625,0.78125,1,10,10,0.324145950110997
3561,9,38,0.177083333333333,0.78125,1,20,20,0.308225099814468
3562,10,38,0.197916666666667,0.78125,1,18,18,0.292741932419978
3563,11,38,0.21875,0.78125,1,19,19,0.277747564417433
3564,12,38,0.239583333333333,0.78125,1,25,25,0.26329936443696
3565,13,38,0.260416666666667,0.78125,1,14,14,0.249461413561838
3566,14,38,0.28125,0.78125,1,22,22,0.236304820343481
3567,15,38,0.302083333333333,0.78125,1,19,19,0.223907792067066
3568,16,38,0.322916666666667,0.78125,1,9,9,0.212355336115496
3569,17,38,0.34375,0.78125,1,19,19,0.201738441905844
3570,18,38,0.364583333333333,0.78125,1,23,23,0.19215258466191
3571,19,38,0.385416666666667,0.78125,1,18,18,0.183695411189859
3572,20,38,0.40625,0.78125,1,17,17,0.176463530640786
3573,21,38,0.427083333333333,0.78125,1,27,27,0.170548451687112
3574,22,38,0.447916666666667,0.78125,1,19,19,0.166031879536375
3575,23,38,0.46875,0.78125,1,18,18,0.162980785566794
3576,24,38,0.489583333333333,0.78125,1,11,11,0.161442835127215
3577,25,38,0.510416666666667,0.78125,1,18,18,0.161442835127215
3578,26,38,0.53125,0.78125,1,22,22,0.162980785566794
3579,27,38,0.552083333333333,0.78125,1,25,25,0.166031879536375
3580,28,38,0.572916666666667,0.78125,1,14,14,0.170548451687112
3581,29,38,0.59375,0.78125,1,21,21,0.176463530640786
3582,30,38,0.614583333333333,0.78125,1,20,20,0.183695411189859
3583,31,38,0.635416666666667,0.78125,1,27,27,0.19215258466191
3584,32,38,0.65625,0.78125,1,17,17,0.201738441905844
3585,33,38,0.677083333333333,0.78125,1,29,29,0.212355336115496
3586,34,38,0.697916666666667,0.78125,1,11,11,0.223907792067066
3587,35,38,0.71875,0.78125,1,23,23,0.236304820343481
3588,36,38,0.739583333333333,0.78125,1,33,33,0.249461413561837
3589,37,38,0.760416666666667,0.78125,1,29,29,0.26329936443696
3590,38,38,0.78125,0.78125,1,12,12,0.277747564417433
3591,39,38,0.802083333333333,0.78125,1,22,22,0.292741932419978
3592,40,38,0.822916666666667,0.78125,1,20,20,0.308225099814468
3593,41,38,0.84375,0.78125,1,17,17,0.324145950110997
3594,42,38,0.864583333333333,0.78125,1,18,18,0.34045908552709
3595,43,38,0.885416666666667,0.78125,1,18,18,0.357124270441616
3596,44,38,0.90625,0.78125,1,18,18,0.374105884401309
3597,45,38,0.927083333333333,0.78125,1,17,17,0.391372404526399
3598,46,38,0.947916666666667,0.78125,1,13,13,0.408895928116088
3599,47,38,0.96875,0.78125,1,25,25,0.426651740141747
3600,48,38,0.989583333333333,0.78125,1,21,21,0.444617926369485
3601,49,38,1.01041666666667,0.78125,1,17,17,0.462775030445807
3602,50,38,1.03125,0.78125,1,24,24,0.481105751927229
3603,51,38,1.05208333333333,0.78125,1,11,11,0.499594681581794
3604,52,38,1.07291666666667,0.78125,1,25,25,0.518228070085016
3605,53,38,1.09375,0.78125,1,24,24,0.536993626300895
3606,54,38,1.11458333333333,0.78125,1,22,22,0.555880341562847
3607,55,38,1.13541666666667,0.78125,1,17,17,0.574878336673246
3608,56,38,1.15625,0.78125,1,16,16,0.593978728674741
3609,57,38,1.17708333333333,0.78125,1,25,25,0.613173514781991
3610,58,38,1.19791666666667,0.78125,1,22,22,0.632455471181592
3611,59,38,1.21875,0.78125,1,20,20,0.651818064701779
3612,60,38,1.23958333333333,0.78125,1,20,20,0.671255375618039
3613,61,38,1.26041666666667,0.78125,1,27,27,0.690762030095418
3614,62,38,1.28125,0.78125,1,20,20,0.710333140974151
3615,63,38,1.30208333333333,0.78125,1,22,22,0.729964255784389
3616,64,38,1.32291666666667,0.78125,1,30,30,0.749651311030908
3617,65,38,1.34375,0.78125,1,22,22,0.769390591922357
3618,66,38,1.36458333333333,0.78125,1,18,18,0.789178696834554
3619,67,38,1.38541666666667,0.78125,1,25,25,0.809012505895971
3620,68,38,1.40625,0.78125,1,26,26,0.828889153168061
3621,69,38,1.42708333333333,0.78125,1,13,13,0.848806001965535
3622,70,38,1.44791666666667,0.78125,1,27,27,0.86876062292369
3623,71,38,1.46875,0.78125,1,14,14,0.888750774473061
3624,72,38,1.48958333333333,0.78125,1,23,23,0.908774385427199
3625,73,38,1.51041666666667,0.78125,1,14,14,0.928829539428489
3626,74,38,1.53125,0.78125,1,21,21,0.948914461030442
3627,75,38,1.55208333333333,0.78125,1,14,14,0.96902750322376
3628,76,38,1.57291666666667,0.78125,1,32,32,0.989167136238318
3629,77,38,1.59375,0.78125,1,9,9,1.00933193747454
3630,78,38,1.61458333333333,0.78125,1,21,21,1.02952058243619
3631,79,38,1.63541666666667,0.78125,1,25,25,1.04973183655248
3632,80,38,1.65625,0.78125,1,22,22,1.06996454779124
3633,81,38,1.67708333333333,0.78125,1,17,17,1.09021763997684
3634,82,38,1.69791666666667,0.78125,1,28,28,1.11049010673706
3635,83,38,1.71875,0.78125,1,11,11,1.13078100601184
3636,84,38,1.73958333333333,0.78125,1,26,26,1.15108945506513
3637,85,38,1.76041666666667,0.78125,1,25,25,1.1714146259475
3638,86,38,1.78125,0.78125,1,15,15,1.19175574136346
3639,87,38,1.80208333333333,0.78125,1,28,28,1.21211207090261
3640,88,38,1.82291666666667,0.78125,1,29,29,1.23248292759814
3641,89,38,1.84375,0.78125,1,13,13,1.25286766478055
3642,90,38,1.86458333333333,0.78125,1,16,16,1.27326567319773
3643,91,38,1.88541666666667,0.78125,1,20,20,1.29367637837582
3644,92,38,1.90625,0.78125,1,25,25,1.31409923819797
3645,93,38,1.92708333333333,0.78125,1,18,18,1.33453374068042
3646,94,38,1.94791666666667,0.78125,1,22,22,1.35497940192774
3647,95,38,1.96875,0.78125,1,15,15,1.37543576425067
3648,96,38,1.98958333333333,0.78125,1,23,23,1.39590239443193
3649,1,39,0.0104166666666667,0.802083333333333,1,21,21,0.45527921964517
3650,2,39,0.03125,0.802083333333333,1,18,18,0.437656617263507
3651,3,39,0.0520833333333333,0.802083333333333,1,19,19,0.420262603328747
3652,4,39,0.0729166666666667,0.802083333333333,1,20,20,0.403119980395405
3653,5,39,0.09375,0.802083333333333,1,25,25,0.386254286675953
3654,6,39,0.114583333333333,0.802083333333333,1,19,19,0.369694136397632
3655,7,39,0.135416666666667,0.802083333333333,1,21,21,0.35347159072348
3656,8,39,0.15625,0.802083333333333,1,21,21,0.33762255492685
3657,9,39,0.177083333333333,0.802083333333333,1,23,23,0.322187193266482
3658,10,39,0.197916666666667,0.802083333333333,1,27,27,0.307210346966872
3659,11,39,0.21875,0.802083333333333,1,17,17,0.292741932419978
3660,12,39,0.239583333333333,0.802083333333333,1,22,22,0.278837285814097
3661,13,39,0.260416666666667,0.802083333333333,1,18,18,0.26555740673587
3662,14,39,0.28125,0.802083333333333,1,16,16,0.252969037291003
3663,15,39,0.302083333333333,0.802083333333333,1,25,25,0.241144496319994
3664,16,39,0.322916666666667,0.802083333333333,1,10,10,0.230161173207742
3665,17,39,0.34375,0.802083333333333,1,16,16,0.220100577444052
3666,18,39,0.364583333333333,0.802083333333333,1,17,17,0.211046845459806
3667,19,39,0.385416666666667,0.802083333333333,1,20,20,0.203084633734809
3668,20,39,0.40625,0.802083333333333,1,22,22,0.196296384389354
3669,21,39,0.427083333333333,0.802083333333333,1,13,13,0.190759039378673
3670,22,39,0.447916666666667,0.802083333333333,1,22,22,0.186540395199212
3671,23,39,0.46875,0.802083333333333,1,23,23,0.183695411189859
3672,24,39,0.489583333333333,0.802083333333333,1,19,19,0.182262877678061
3673,25,39,0.510416666666667,0.802083333333333,1,21,21,0.182262877678061
3674,26,39,0.53125,0.802083333333333,1,15,15,0.183695411189859
3675,27,39,0.552083333333333,0.802083333333333,1,21,21,0.186540395199212
3676,28,39,0.572916666666667,0.802083333333333,1,22,22,0.190759039378673
3677,29,39,0.59375,0.802083333333333,1,16,16,0.196296384389354
3678,30,39,0.614583333333333,0.802083333333333,1,16,16,0.203084633734809
3679,31,39,0.635416666666667,0.802083333333333,1,22,22,0.211046845459806
3680,32,39,0.65625,0.802083333333333,1,19,19,0.220100577444052
3681,33,39,0.677083333333333,0.802083333333333,1,20,20,0.230161173207742
3682,34,39,0.697916666666667,0.802083333333333,1,31,31,0.241144496319994
3683,35,39,0.71875,0.802083333333333,1,24,24,0.252969037291003
3684,36,39,0.739583333333333,0.802083333333333,1,19,19,0.26555740673587
3685,37,39,0.760416666666667,0.802083333333333,1,21,21,0.278837285814097
3686,38,39,0.78125,0.802083333333333,1,20,20,0.292741932419978
3687,39,39,0.802083333333333,0.802083333333333,1,21,21,0.307210346966872
3688,40,39,0.822916666666667,0.802083333333333,1,18,18,0.322187193266482
3689,41,39,0.84375,0.802083333333333,1,25,25,0.33762255492685
3690,42,39,0.864583333333333,0.802083333333333,1,24,24,0.35347159072348
3691,43,39,0.885416666666667,0.802083333333333,1,21,21,0.369694136397632
3692,44,39,0.90625,0.802083333333333,1,23,23,0.386254286675953
3693,45,39,0.927083333333333,0.802083333333333,1,23,23,0.403119980395405
3694,46,39,0.947916666666667,0.802083333333333,1,12,12,0.420262603328747
3695,47,39,0.96875,0.802083333333333,1,12,12,0.437656617263507
3696,48,39,0.989583333333333,0.802083333333333,1,13,13,0.45527921964517
3697,49,39,1.01041666666667,0.802083333333333,1,24,24,0.473110035228615
3698,50,39,1.03125,0.802083333333333,1,19,19,0.491130839328026
3699,51,39,1.05208333333333,0.802083333333333,1,19,19,0.509325311124717
3700,52,39,1.07291666666667,0.802083333333333,1,18,18,0.527678814862909
3701,53,39,1.09375,0.802083333333333,1,32,32,0.546178206471645
3702,54,39,1.11458333333333,0.802083333333333,1,31,31,0.5648116630789
3703,55,39,1.13541666666667,0.802083333333333,1,13,13,0.583568532948678
3704,56,39,1.15625,0.802083333333333,1,20,20,0.602439203516654
3705,57,39,1.17708333333333,0.802083333333333,1,6,6,0.621414985386427
3706,58,39,1.19791666666667,0.802083333333333,1,14,14,0.640488010351832
3707,59,39,1.21875,0.802083333333333,1,22,22,0.659651141715176
3708,60,39,1.23958333333333,0.802083333333333,1,18,18,0.67889789536725
3709,61,39,1.26041666666667,0.802083333333333,1,22,22,0.698222370277311
3710,62,39,1.28125,0.802083333333333,1,20,20,0.717619187207276
3711,63,39,1.30208333333333,0.802083333333333,1,22,22,0.737083434613509
3712,64,39,1.32291666666667,0.802083333333333,1,15,15,0.756610620832052
3713,65,39,1.34375,0.802083333333333,1,14,14,0.776196631759893
3714,66,39,1.36458333333333,0.802083333333333,1,27,27,0.795837693347219
3715,67,39,1.38541666666667,0.802083333333333,1,26,26,0.815530338304904
3716,68,39,1.40625,0.802083333333333,1,27,27,0.835271376509198
3717,69,39,1.42708333333333,0.802083333333333,1,16,16,0.855057868653047
3718,70,39,1.44791666666667,0.802083333333333,1,21,21,0.874887102751977
3719,71,39,1.46875,0.802083333333333,1,17,17,0.894756573163129
3720,72,39,1.48958333333333,0.802083333333333,1,21,21,0.914663961819918
3721,73,39,1.51041666666667,0.802083333333333,1,12,12,0.934607121422739
3722,74,39,1.53125,0.802083333333333,1,16,16,0.954584060359066
3723,75,39,1.55208333333333,0.802083333333333,1,7,7,0.974592929154741
3724,76,39,1.57291666666667,0.802083333333333,1,12,12,0.994632008282953
3725,77,39,1.59375,0.802083333333333,1,18,18,1.01469969717885
3726,78,39,1.61458333333333,0.802083333333333,1,25,25,1.0347945043263
3727,79,39,1.63541666666667,0.802083333333333,1,21,21,1.05491503829946
3728,80,39,1.65625,0.802083333333333,1,14,14,1.07505999965599
3729,81,39,1.67708333333333,0.802083333333333,1,21,21,1.09522817359082
3730,82,39,1.69791666666667,0.802083333333333,1,15,15,1.11541842327025
3731,83,39,1.71875,0.802083333333333,1,33,33,1.13562968377535
3732,84,39,1.73958333333333,0.802083333333333,1,21,21,1.15586095659188
3733,85,39,1.76041666666667,0.802083333333333,1,14,14,1.17611130459112
3734,86,39,1.78125,0.802083333333333,1,22,22,1.19637984745201
3735,87,39,1.80208333333333,0.802083333333333,1,17,17,1.21666575748099
3736,88,39,1.82291666666667,0.802083333333333,1,18,18,1.23696825579017
3737,89,39,1.84375,0.802083333333333,1,12,12,1.25728660879926
3738,90,39,1.86458333333333,0.802083333333333,1,26,26,1.27762012503001
3739,91,39,1.88541666666667,0.802083333333333,1,6,6,1.29796815216547
3740,92,39,1.90625,0.802083333333333,1,7,7,1.31833007434934
3741,93,39,1.92708333333333,0.802083333333333,1,25,25,1.33870530970294
3742,94,39,1.94791666666667,0.802083333333333,1,19,19,1.35909330804006
3743,95,39,1.96875,0.802083333333333,1,18,18,1.37949354876164
3744,96,39,1.98958333333333,0.802083333333333,1,15,15,1.39990553891425
3745,1,40,0.0104166666666667,0.822916666666667,1,15,15,0.466487010844135
3746,2,40,0.03125,0.822916666666667,1,21,21,0.449211503846427
3747,3,40,0.0520833333333333,0.822916666666667,1,14,14,0.432181595029107
3748,4,40,0.0729166666666667,0.822916666666667,1,24,24,0.415420719829017
3749,5,40,0.09375,0.822916666666667,1,18,18,0.398954946128381
3750,6,40,0.114583333333333,0.822916666666667,1,17,17,0.382813266089465
3751,7,40,0.135416666666667,0.822916666666667,1,27,27,0.36702790531504
3752,8,40,0.15625,0.822916666666667,1,23,23,0.351634642611324
3753,9,40,0.177083333333333,0.822916666666667,1,13,13,0.336673129516312
3754,10,40,0.197916666666667,0.822916666666667,1,23,23,0.322187193266482
3755,11,40,0.21875,0.822916666666667,1,19,19,0.308225099814468
3756,12,40,0.239583333333333,0.822916666666667,1,29,29,0.294839744827914
3757,13,40,0.260416666666667,0.822916666666667,1,22,22,0.282088730533725
3758,14,40,0.28125,0.822916666666667,1,33,33,0.270034275559355
3759,15,40,0.302083333333333,0.822916666666667,1,21,21,0.258742895056205
3760,16,40,0.322916666666667,0.822916666666667,1,8,8,0.248284781867994
3761,17,40,0.34375,0.822916666666667,1,4,4,0.238732819952553
3762,18,40,0.364583333333333,0.822916666666667,1,17,17,0.230161173207742
3763,19,40,0.385416666666667,0.822916666666667,1,15,15,0.222643420904136
3764,20,40,0.40625,0.822916666666667,1,30,30,0.216250258157687
3765,21,40,0.427083333333333,0.822916666666667,1,16,16,0.211046845459806
3766,22,40,0.447916666666667,0.822916666666667,1,21,21,0.207089968085575
3767,23,40,0.46875,0.822916666666667,1,16,16,0.20442523963328
3768,24,40,0.489583333333333,0.822916666666667,1,21,21,0.203084633734809
3769,25,40,0.510416666666667,0.822916666666667,1,17,17,0.203084633734809
3770,26,40,0.53125,0.822916666666667,1,17,17,0.20442523963328
3771,27,40,0.552083333333333,0.822916666666667,1,35,35,0.207089968085575
3772,28,40,0.572916666666667,0.822916666666667,1,22,22,0.211046845459806
3773,29,40,0.59375,0.822916666666667,1,20,20,0.216250258157687
3774,30,40,0.614583333333333,0.822916666666667,1,14,14,0.222643420904136
3775,31,40,0.635416666666667,0.822916666666667,1,17,17,0.230161173207742
3776,32,40,0.65625,0.822916666666667,1,19,19,0.238732819952553
3777,33,40,0.677083333333333,0.822916666666667,1,27,27,0.248284781867993
3778,34,40,0.697916666666667,0.822916666666667,1,27,27,0.258742895056205
3779,35,40,0.71875,0.822916666666667,1,22,22,0.270034275559355
3780,36,40,0.739583333333333,0.822916666666667,1,25,25,0.282088730533725
3781,37,40,0.760416666666667,0.822916666666667,1,26,26,0.294839744827914
3782,38,40,0.78125,0.822916666666667,1,14,14,0.308225099814468
3783,39,40,0.802083333333333,0.822916666666667,1,18,18,0.322187193266482
3784,40,40,0.822916666666667,0.822916666666667,1,20,20,0.336673129516312
3785,41,40,0.84375,0.822916666666667,1,28,28,0.351634642611324
3786,42,40,0.864583333333333,0.822916666666667,1,16,16,0.36702790531504
3787,43,40,0.885416666666667,0.822916666666667,1,19,19,0.382813266089465
3788,44,40,0.90625,0.822916666666667,1,15,15,0.398954946128381
3789,45,40,0.927083333333333,0.822916666666667,1,25,25,0.415420719829017
3790,46,40,0.947916666666667,0.822916666666667,1,18,18,0.432181595029107
3791,47,40,0.96875,0.822916666666667,1,15,15,0.449211503846427
3792,48,40,0.989583333333333,0.822916666666667,1,16,16,0.466487010844135
3793,49,40,1.01041666666667,0.822916666666667,1,9,9,0.483987042263509
3794,50,40,1.03125,0.822916666666667,1,16,16,0.501692637974032
3795,51,40,1.05208333333333,0.822916666666667,1,22,22,0.519586726375365
3796,52,40,1.07291666666667,0.822916666666667,1,13,13,0.537653921569358
3797,53,40,1.09375,0.822916666666667,1,14,14,0.555880341562847
3798,54,40,1.11458333333333,0.822916666666667,1,16,16,0.574253445956318
3799,55,40,1.13541666666667,0.822916666666667,1,28,28,0.592761891439833
3800,56,40,1.15625,0.822916666666667,1,24,24,0.611395403397582
3801,57,40,1.17708333333333,0.822916666666667,1,31,31,0.630144661974535
3802,58,40,1.19791666666667,0.822916666666667,1,24,24,0.649001201053823
3803,59,40,1.21875,0.822916666666667,1,21,21,0.66795731871156
3804,60,40,1.23958333333333,0.822916666666667,1,25,25,0.687005997843607
3805,61,40,1.26041666666667,0.822916666666667,1,7,7,0.706140835787431
3806,62,40,1.28125,0.822916666666667,1,19,19,0.725355981886395
3807,63,40,1.30208333333333,0.822916666666667,1,22,22,0.744646082060297
3808,64,40,1.32291666666667,0.822916666666667,1,18,18,0.764006229553213
3809,65,40,1.34375,0.822916666666667,1,23,23,0.783431921126939
3810,66,40,1.36458333333333,0.822916666666667,1,18,18,0.802919018055695
3811,67,40,1.38541666666667,0.822916666666667,1,22,22,0.822463711355627
3812,68,40,1.40625,0.822916666666667,1,33,33,0.842062490751568
3813,69,40,1.42708333333333,0.822916666666667,1,14,14,0.861712116944451
3814,70,40,1.44791666666667,0.822916666666667,1,16,16,0.881409596796214
3815,71,40,1.46875,0.822916666666667,1,24,24,0.901152161096039
3816,72,40,1.48958333333333,0.822916666666667,1,8,8,0.920937244612864
3817,73,40,1.51041666666667,0.822916666666667,1,17,17,0.94076246817508
3818,74,40,1.53125,0.822916666666667,1,17,17,0.960625622549785
3819,75,40,1.55208333333333,0.822916666666667,1,16,16,0.980524653921433
3820,76,40,1.57291666666667,0.822916666666667,1,18,18,1.00045765079374
3821,77,40,1.59375,0.822916666666667,1,19,19,1.02042283215968
3822,78,40,1.61458333333333,0.822916666666667,1,17,17,1.0404185368028
3823,79,40,1.63541666666667,0.822916666666667,1,28,28,1.060443213609
3824,80,40,1.65625,0.822916666666667,1,23,23,1.0804954127822
3825,81,40,1.67708333333333,0.822916666666667,1,30,30,1.10057377786934
3826,82,40,1.69791666666667,0.822916666666667,1,24,24,1.12067703851119
3827,83,40,1.71875,0.822916666666667,1,14,14,1.14080400384481
3828,84,40,1.73958333333333,0.822916666666667,1,24,24,1.16095355649176
3829,85,40,1.76041666666667,0.822916666666667,1,14,14,1.18112464707353
3830,86,40,1.78125,0.822916666666667,1,15,15,1.20131628920221
3831,87,40,1.80208333333333,0.822916666666667,1,9,9,1.22152755489984
3832,88,40,1.82291666666667,0.822916666666667,1,24,24,1.24175757040508
3833,89,40,1.84375,0.822916666666667,1,11,11,1.26200551233022
3834,90,40,1.86458333333333,0.822916666666667,1,25,25,1.28227060413539
3835,91,40,1.88541666666667,0.822916666666667,1,23,23,1.30255211289038
3836,92,40,1.90625,0.822916666666667,1,22,22,1.3228493462975
3837,93,40,1.92708333333333,0.822916666666667,1,15,15,1.34316164995153
3838,94,40,1.94791666666667,0.822916666666667,1,26,26,1.36348840481556
3839,95,40,1.96875,0.822916666666667,1,26,26,1.38382902489316
3840,96,40,1.98958333333333,0.822916666666667,1,30,30,1.40418295507972
3841,1,41,0.0104166666666667,0.84375,1,18,18,0.478210583973385
3842,2,41,0.03125,0.84375,1,7,7,0.461283601179321
3843,3,41,0.0520833333333333,0.84375,1,18,18,0.444617926369485
3844,4,41,0.0729166666666667,0.84375,1,34,34,0.428237390289199
3845,5,41,0.09375,0.84375,1,23,23,0.4121683239352
3846,6,41,0.114583333333333,0.84375,1,22,22,0.396439802343356
3847,7,41,0.135416666666667,0.84375,1,16,16,0.381083894616904
3848,8,41,0.15625,0.84375,1,33,33,0.366135912065751
3849,9,41,0.177083333333333,0.84375,1,28,28,0.351634642611324
3850,10,41,0.197916666666667,0.84375,1,10,10,0.33762255492685
3851,11,41,0.21875,0.84375,1,20,20,0.324145950110997
3852,12,41,0.239583333333333,0.84375,1,19,19,0.311255032176759
3853,13,41,0.260416666666667,0.84375,1,15,15,0.299003861689974
3854,14,41,0.28125,0.84375,1,21,21,0.287450150325166
3855,15,41,0.302083333333333,0.84375,1,18,18,0.276654849263745
3856,16,41,0.322916666666667,0.84375,1,32,32,0.266681483193137
3857,17,41,0.34375,0.84375,1,24,24,0.25759518667483
3858,18,41,0.364583333333333,0.84375,1,27,27,0.249461413561837
3859,19,41,0.385416666666667,0.84375,1,26,26,0.242344315227627
3860,20,41,0.40625,0.84375,1,19,19,0.236304820343481
3861,21,41,0.427083333333333,0.84375,1,24,24,0.231398495696521
3862,22,41,0.447916666666667,0.84375,1,27,27,0.227673318089138
3863,23,41,0.46875,0.84375,1,25,25,0.225167531787102
3864,24,41,0.489583333333333,0.84375,1,15,15,0.223907792067066
3865,25,41,0.510416666666667,0.84375,1,27,27,0.223907792067066
3866,26,41,0.53125,0.84375,1,18,18,0.225167531787102
3867,27,41,0.552083333333333,0.84375,1,22,22,0.227673318089138
3868,28,41,0.572916666666667,0.84375,1,7,7,0.231398495696521
3869,29,41,0.59375,0.84375,1,17,17,0.236304820343481
3870,30,41,0.614583333333333,0.84375,1,12,12,0.242344315227627
3871,31,41,0.635416666666667,0.84375,1,15,15,0.249461413561837
3872,32,41,0.65625,0.84375,1,23,23,0.25759518667483
3873,33,41,0.677083333333333,0.84375,1,27,27,0.266681483193137
3874,34,41,0.697916666666667,0.84375,1,11,11,0.276654849263745
3875,35,41,0.71875,0.84375,1,22,22,0.287450150325166
3876,36,41,0.739583333333333,0.84375,1,24,24,0.299003861689974
3877,37,41,0.760416666666667,0.84375,1,24,24,0.311255032176759
3878,38,41,0.78125,0.84375,1,23,23,0.324145950110997
3879,39,41,0.802083333333333,0.84375,1,19,19,0.33762255492685
3880,40,41,0.822916666666667,0.84375,1,26,26,0.351634642611324
3881,41,41,0.84375,0.84375,1,16,16,0.366135912065751
3882,42,41,0.864583333333333,0.84375,1,20,20,0.381083894616904
3883,43,41,0.885416666666667,0.84375,1,18,18,0.396439802343356
3884,44,41,0.90625,0.84375,1,26,26,0.4121683239352
3885,45,41,0.927083333333333,0.84375,1,20,20,0.428237390289199
3886,46,41,0.947916666666667,0.84375,1,20,20,0.444617926369485
3887,47,41,0.96875,0.84375,1,28,28,0.461283601179321
3888,48,41,0.989583333333333,0.84375,1,17,17,0.478210583973384
3889,49,41,1.01041666666667,0.84375,1,24,24,0.495377311989247
3890,50,41,1.03125,0.84375,1,20,20,0.512764272853643
3891,51,41,1.05208333333333,0.84375,1,13,13,0.530353803282832
3892,52,41,1.07291666666667,0.84375,1,16,16,0.548129904617691
3893,53,41,1.09375,0.84375,1,28,28,0.56607807500313
3894,54,41,1.11458333333333,0.84375,1,23,23,0.584185157548149
3895,55,41,1.13541666666667,0.84375,1,10,10,0.602439203516654
3896,56,41,1.15625,0.84375,1,28,28,0.620829349445606
3897,57,41,1.17708333333333,0.84375,1,21,21,0.639345707025316
3898,58,41,1.19791666666667,0.84375,1,25,25,0.657979264576577
3899,59,41,1.21875,0.84375,1,25,25,0.676721798998873
3900,60,41,1.23958333333333,0.84375,1,13,13,0.695565797127641
3901,61,41,1.26041666666667,0.84375,1,19,19,0.714504385515405
3902,62,41,1.28125,0.84375,1,23,23,0.733531267734229
3903,63,41,1.30208333333333,0.84375,1,18,18,0.752640668380239
3904,64,41,1.32291666666667,0.84375,1,16,16,0.771827283041833
3905,65,41,1.34375,0.84375,1,24,24,0.791086233569578
3906,66,41,1.36458333333333,0.84375,1,11,11,0.810413028056775
3907,67,41,1.38541666666667,0.84375,1,14,14,0.829803525004572
3908,68,41,1.40625,0.84375,1,13,13,0.849253901204426
3909,69,41,1.42708333333333,0.84375,1,17,17,0.86876062292369
3910,70,41,1.44791666666667,0.84375,1,20,20,0.888320420027505
3911,71,41,1.46875,0.84375,1,22,22,0.907930262712408
3912,72,41,1.48958333333333,0.84375,1,10,10,0.927587340564552
3913,73,41,1.51041666666667,0.84375,1,19,19,0.947289043688624
3914,74,41,1.53125,0.84375,1,19,19,0.96703294568288
3915,75,41,1.55208333333333,0.84375,1,19,19,0.986816788261624
3916,76,41,1.57291666666667,0.84375,1,16,16,1.00663846734927
3917,77,41,1.59375,0.84375,1,20,20,1.02649602049026
3918,78,41,1.61458333333333,0.84375,1,15,15,1.04638761543684
3919,79,41,1.63541666666667,0.84375,1,22,22,1.06631153979233
3920,80,41,1.65625,0.84375,1,15,15,1.08626619160117
3921,81,41,1.67708333333333,0.84375,1,18,18,1.10625007078944
3922,82,41,1.69791666666667,0.84375,1,16,16,1.12626177136979
3923,83,41,1.71875,0.84375,1,33,33,1.14629997433468
3924,84,41,1.73958333333333,0.84375,1,13,13,1.16636344116963
3925,85,41,1.76041666666667,0.84375,1,19,19,1.1864510079261
3926,86,41,1.78125,0.84375,1,28,28,1.20656157979945
3927,87,41,1.80208333333333,0.84375,1,13,13,1.22669412616394
3928,88,41,1.82291666666667,0.84375,1,31,31,1.24684767602116
3929,89,41,1.84375,0.84375,1,21,21,1.26702131382326
3930,90,41,1.86458333333333,0.84375,1,32,32,1.28721417563607
3931,91,41,1.88541666666667,0.84375,1,27,27,1.30742544561101
3932,92,41,1.90625,0.84375,1,15,15,1.32765435273756
3933,93,41,1.92708333333333,0.84375,1,25,25,1.34790016785127
3934,94,41,1.94791666666667,0.84375,1,32,32,1.36816220087432
3935,95,41,1.96875,0.84375,1,15,15,1.3884397982684
3936,96,41,1.98958333333333,0.84375,1,26,26,1.40873234068114
3937,1,42,0.0104166666666667,0.864583333333333,1,15,15,0.49042022183265
3938,2,42,0.03125,0.864583333333333,1,13,13,0.473841367239134
3939,3,42,0.0520833333333333,0.864583333333333,1,16,16,0.457538178151213
3940,4,42,0.0729166666666667,0.864583333333333,1,10,10,0.441534665497648
3941,5,42,0.09375,0.864583333333333,1,16,16,0.425857187773913
3942,6,42,0.114583333333333,0.864583333333333,1,28,28,0.410534649093618
3943,7,42,0.135416666666667,0.864583333333333,1,16,16,0.395598694615191
3944,8,42,0.15625,0.864583333333333,1,23,23,0.381083894616904
3945,9,42,0.177083333333333,0.864583333333333,1,14,14,0.36702790531504
3946,10,42,0.197916666666667,0.864583333333333,1,19,19,0.35347159072348
3947,11,42,0.21875,0.864583333333333,1,23,23,0.34045908552709
3948,12,42,0.239583333333333,0.864583333333333,1,22,22,0.328037774325137
3949,13,42,0.260416666666667,0.864583333333333,1,18,18,0.316258158153582
3950,14,42,0.28125,0.864583333333333,1,22,22,0.305173575665803
3951,15,42,0.302083333333333,0.864583333333333,1,21,21,0.294839744827914
3952,16,42,0.322916666666667,0.864583333333333,1,26,26,0.285314092882161
3953,17,42,0.34375,0.864583333333333,1,22,22,0.276654849263745
3954,18,42,0.364583333333333,0.864583333333333,1,24,24,0.268919889637385
3955,19,42,0.385416666666667,0.864583333333333,1,20,20,0.26216534016342
3956,20,42,0.40625,0.864583333333333,1,23,23,0.25644397915818
3957,21,42,0.427083333333333,0.864583333333333,1,19,19,0.251803506199474
3958,22,42,0.447916666666667,0.864583333333333,1,27,27,0.248284781867993
3959,23,42,0.46875,0.864583333333333,1,24,24,0.245920168130214
3960,24,42,0.489583333333333,0.864583333333333,1,28,28,0.244732112500242
3961,25,42,0.510416666666667,0.864583333333333,1,28,28,0.244732112500242
3962,26,42,0.53125,0.864583333333333,1,24,24,0.245920168130214
3963,27,42,0.552083333333333,0.864583333333333,1,6,6,0.248284781867993
3964,28,42,0.572916666666667,0.864583333333333,1,19,19,0.251803506199474
3965,29,42,0.59375,0.864583333333333,1,11,11,0.25644397915818
3966,30,42,0.614583333333333,0.864583333333333,1,20,20,0.26216534016342
3967,31,42,0.635416666666667,0.864583333333333,1,16,16,0.268919889637385
3968,32,42,0.65625,0.864583333333333,1,21,21,0.276654849263745
3969,33,42,0.677083333333333,0.864583333333333,1,13,13,0.285314092882161
3970,34,42,0.697916666666667,0.864583333333333,1,17,17,0.294839744827914
3971,35,42,0.71875,0.864583333333333,1,21,21,0.305173575665803
3972,36,42,0.739583333333333,0.864583333333333,1,18,18,0.316258158153582
3973,37,42,0.760416666666667,0.864583333333333,1,24,24,0.328037774325137
3974,38,42,0.78125,0.864583333333333,1,23,23,0.34045908552709
3975,39,42,0.802083333333333,0.864583333333333,1,22,22,0.35347159072348
3976,40,42,0.822916666666667,0.864583333333333,1,14,14,0.36702790531504
3977,41,42,0.84375,0.864583333333333,1,18,18,0.381083894616904
3978,42,42,0.864583333333333,0.864583333333333,1,16,16,0.395598694615191
3979,43,42,0.885416666666667,0.864583333333333,1,13,13,0.410534649093618
3980,44,42,0.90625,0.864583333333333,1,18,18,0.425857187773913
3981,45,42,0.927083333333333,0.864583333333333,1,22,22,0.441534665497648
3982,46,42,0.947916666666667,0.864583333333333,1,29,29,0.457538178151213
3983,47,42,0.96875,0.864583333333333,1,12,12,0.473841367239134
3984,48,42,0.989583333333333,0.864583333333333,1,26,26,0.49042022183265
3985,49,42,1.01041666666667,0.864583333333333,1,19,19,0.507252884055191
3986,50,42,1.03125,0.864583333333333,1,18,18,0.524319462258005
3987,51,42,1.05208333333333,0.864583333333333,1,23,23,0.541601854508351
3988,52,42,1.07291666666667,0.864583333333333,1,36,36,0.559083583875276
3989,53,42,1.09375,0.864583333333333,1,23,23,0.57674964617461
3990,54,42,1.11458333333333,0.864583333333333,1,14,14,0.594586370255937
3991,55,42,1.13541666666667,0.864583333333333,1,18,18,0.612581290521552
3992,56,42,1.15625,0.864583333333333,1,26,26,0.630723031113635
3993,57,42,1.17708333333333,0.864583333333333,1,20,20,0.649001201053823
3994,58,42,1.19791666666667,0.864583333333333,1,16,16,0.667406299540177
3995,59,42,1.21875,0.864583333333333,1,21,21,0.685929630578529
3996,60,42,1.23958333333333,0.864583333333333,1,26,26,0.704563226131804
3997,61,42,1.26041666666667,0.864583333333333,1,20,20,0.723299777000379
3998,62,42,1.28125,0.864583333333333,1,16,16,0.74213257068994
3999,63,42,1.30208333333333,0.864583333333333,1,16,16,0.761055435574604
4000,64,42,1.32291666666667,0.864583333333333,1,15,15,0.780062690717831
4001,65,42,1.34375,0.864583333333333,1,22,22,0.799149100768991
4002,66,42,1.36458333333333,0.864583333333333,1,19,19,0.818309835407379
4003,67,42,1.38541666666667,0.864583333333333,1,10,10,0.837540432856783
4004,68,42,1.40625,0.864583333333333,1,17,17,0.856836767041682
4005,69,42,1.42708333333333,0.864583333333333,1,23,23,0.876195018000436
4006,70,42,1.44791666666667,0.864583333333333,1,22,22,0.895611645211342
4007,71,42,1.46875,0.864583333333333,1,9,9,0.915083363524139
4008,72,42,1.48958333333333,0.864583333333333,1,14,14,0.934607121422739
4009,73,42,1.51041666666667,0.864583333333333,1,31,31,0.95418008137473
4010,74,42,1.53125,0.864583333333333,1,24,24,0.973799602049866
4011,75,42,1.55208333333333,0.864583333333333,1,16,16,0.993463222213568
4012,76,42,1.57291666666667,0.864583333333333,1,20,20,1.0131686461227
4013,77,42,1.59375,0.864583333333333,1,23,23,1.03291373026972
4014,78,42,1.61458333333333,0.864583333333333,1,19,19,1.05269647133812
4015,79,42,1.63541666666667,0.864583333333333,1,27,27,1.07251499524697
4016,80,42,1.65625,0.864583333333333,1,15,15,1.09236754717554
4017,81,42,1.67708333333333,0.864583333333333,1,26,26,1.11225248247084
4018,82,42,1.69791666666667,0.864583333333333,1,26,26,1.13216825835118
4019,83,42,1.71875,0.864583333333333,1,8,8,1.15211342632819
4020,84,42,1.73958333333333,0.864583333333333,1,12,12,1.17208662527797
4021,85,42,1.76041666666667,0.864583333333333,1,16,16,1.1920865750992
4022,86,42,1.78125,0.864583333333333,1,22,22,1.21211207090261
4023,87,42,1.80208333333333,0.864583333333333,1,28,28,1.232161977682
4024,88,42,1.82291666666667,0.864583333333333,1,17,17,1.25223522542197
4025,89,42,1.84375,0.864583333333333,1,24,24,1.27233080460228
4026,90,42,1.86458333333333,0.864583333333333,1,10,10,1.29244776206257
4027,91,42,1.88541666666667,0.864583333333333,1,30,30,1.31258519719499
4028,92,42,1.90625,0.864583333333333,1,23,23,1.33274225843556
4029,93,42,1.92708333333333,0.864583333333333,1,22,22,1.35291814002755
4030,94,42,1.94791666666667,0.864583333333333,1,19,19,1.37311207903344
4031,95,42,1.96875,0.864583333333333,1,29,29,1.39332335257355
4032,96,42,1.98958333333333,0.864583333333333,1,17,17,1.41355127527217
4033,1,43,0.0104166666666667,0.885416666666667,1,18,18,0.503087351197424
4034,2,43,0.03125,0.885416666666667,1,20,20,0.48685465265123
4035,3,43,0.0520833333333333,0.885416666666667,1,23,23,0.470910608486785
4036,4,43,0.0729166666666667,0.885416666666667,1,23,23,0.45527921964517
4037,5,43,0.09375,0.885416666666667,1,19,19,0.439986668988151
4038,6,43,0.114583333333333,0.885416666666667,1,11,11,0.42506147716463
4039,7,43,0.135416666666667,0.885416666666667,1,17,17,0.410534649093618
4040,8,43,0.15625,0.885416666666667,1,15,15,0.396439802343356
4041,9,43,0.177083333333333,0.885416666666667,1,27,27,0.382813266089465
4042,10,43,0.197916666666667,0.885416666666667,1,23,23,0.369694136397632
4043,11,43,0.21875,0.885416666666667,1,17,17,0.357124270441616
4044,12,43,0.239583333333333,0.885416666666667,1,12,12,0.345148199203461
4045,13,43,0.260416666666667,0.885416666666667,1,23,23,0.333812935641499
4046,14,43,0.28125,0.885416666666667,1,21,21,0.323167653878805
4047,15,43,0.302083333333333,0.885416666666667,1,9,9,0.313263215480946
4048,16,43,0.322916666666667,0.885416666666667,1,26,26,0.304151522322965
4049,17,43,0.34375,0.885416666666667,1,28,28,0.295884682868274
4050,18,43,0.364583333333333,0.885416666666667,1,23,23,0.288513990648491
4051,19,43,0.385416666666667,0.885416666666667,1,19,19,0.282088730533725
4052,20,43,0.40625,0.885416666666667,1,16,16,0.276654849263745
4053,21,43,0.427083333333333,0.885416666666667,1,7,7,0.272253549661724
4054,22,43,0.447916666666667,0.885416666666667,1,22,22,0.268919889637385
4055,23,43,0.46875,0.885416666666667,1,23,23,0.266681483193137
4056,24,43,0.489583333333333,0.885416666666667,1,21,21,0.26555740673587
4057,25,43,0.510416666666667,0.885416666666667,1,24,24,0.26555740673587
4058,26,43,0.53125,0.885416666666667,1,16,16,0.266681483193137
4059,27,43,0.552083333333333,0.885416666666667,1,23,23,0.268919889637385
4060,28,43,0.572916666666667,0.885416666666667,1,18,18,0.272253549661723
4061,29,43,0.59375,0.885416666666667,1,23,23,0.276654849263745
4062,30,43,0.614583333333333,0.885416666666667,1,11,11,0.282088730533725
4063,31,43,0.635416666666667,0.885416666666667,1,14,14,0.288513990648491
4064,32,43,0.65625,0.885416666666667,1,15,15,0.295884682868274
4065,33,43,0.677083333333333,0.885416666666667,1,6,6,0.304151522322965
4066,34,43,0.697916666666667,0.885416666666667,1,17,17,0.313263215480946
4067,35,43,0.71875,0.885416666666667,1,14,14,0.323167653878805
4068,36,43,0.739583333333333,0.885416666666667,1,25,25,0.333812935641499
4069,37,43,0.760416666666667,0.885416666666667,1,15,15,0.345148199203461
4070,38,43,0.78125,0.885416666666667,1,24,24,0.357124270441616
4071,39,43,0.802083333333333,0.885416666666667,1,21,21,0.369694136397632
4072,40,43,0.822916666666667,0.885416666666667,1,24,24,0.382813266089465
4073,41,43,0.84375,0.885416666666667,1,8,8,0.396439802343356
4074,42,43,0.864583333333333,0.885416666666667,1,25,25,0.410534649093618
4075,43,43,0.885416666666667,0.885416666666667,1,17,17,0.42506147716463
4076,44,43,0.90625,0.885416666666667,1,23,23,0.439986668988151
4077,45,43,0.927083333333333,0.885416666666667,1,24,24,0.45527921964517
4078,46,43,0.947916666666667,0.885416666666667,1,21,21,0.470910608486785
4079,47,43,0.96875,0.885416666666667,1,27,27,0.48685465265123
4080,48,43,0.989583333333333,0.885416666666667,1,18,18,0.503087351197424
4081,49,43,1.01041666666667,0.885416666666667,1,9,9,0.519586726375365
4082,50,43,1.03125,0.885416666666667,1,24,24,0.536332666750973
4083,51,43,1.05208333333333,0.885416666666667,1,24,24,0.553306775466346
4084,52,43,1.07291666666667,0.885416666666667,1,13,13,0.570492225799023
4085,53,43,1.09375,0.885416666666667,1,29,29,0.587873625334667
4086,54,43,1.11458333333333,0.885416666666667,1,28,28,0.605436889436673
4087,55,43,1.13541666666667,0.885416666666667,1,23,23,0.62316912423904
4088,56,43,1.15625,0.885416666666667,1,12,12,0.641058519066993
4089,57,43,1.17708333333333,0.885416666666667,1,18,18,0.659094247971465
4090,58,43,1.19791666666667,0.885416666666667,1,33,33,0.677266379923019
4091,59,43,1.21875,0.885416666666667,1,13,13,0.695565797127641
4092,60,43,1.23958333333333,0.885416666666667,1,18,18,0.713984120885337
4093,61,43,1.26041666666667,0.885416666666667,1,18,18,0.732513644400422
4094,62,43,1.28125,0.885416666666667,1,23,23,0.751147271960628
4095,63,43,1.30208333333333,0.885416666666667,1,30,30,0.769878463923897
4096,64,43,1.32291666666667,0.885416666666667,1,12,12,0.788701186981849
4097,65,43,1.34375,0.885416666666667,1,20,20,0.807609869203883
4098,66,43,1.36458333333333,0.885416666666667,1,14,14,0.826599359403028
4099,67,43,1.38541666666667,0.885416666666667,1,15,15,0.845664890402232
4100,68,43,1.40625,0.885416666666667,1,21,21,0.864802045816541
4101,69,43,1.42708333333333,0.885416666666667,1,22,22,0.884006730001791
4102,70,43,1.44791666666667,0.885416666666667,1,8,8,0.903275140853568
4103,71,43,1.46875,0.885416666666667,1,21,21,0.922603745170928
4104,72,43,1.48958333333333,0.885416666666667,1,19,19,0.941989256327744
4105,73,43,1.51041666666667,0.885416666666667,1,16,16,0.961428614020464
4106,74,43,1.53125,0.885416666666667,1,21,21,0.980918965884612
4107,75,43,1.55208333333333,0.885416666666667,1,20,20,1.00045765079374
4108,76,43,1.57291666666667,0.885416666666667,1,20,20,1.02004218367372
4109,77,43,1.59375,0.885416666666667,1,17,17,1.03967024168271
4110,78,43,1.61458333333333,0.885416666666667,1,16,16,1.05933965162242
4111,79,43,1.63541666666667,0.885416666666667,1,6,6,1.07904837846056
4112,80,43,1.65625,0.885416666666667,1,15,15,1.09879451485656
4113,81,43,1.67708333333333,0.885416666666667,1,33,33,1.11857627159394
4114,82,43,1.69791666666667,0.885416666666667,1,16,16,1.13839196883253
4115,83,43,1.71875,0.885416666666667,1,23,23,1.15824002810288
4116,84,43,1.73958333333333,0.885416666666667,1,26,26,1.17811896497286
4117,85,43,1.76041666666667,0.885416666666667,1,28,28,1.19802738232389
4118,86,43,1.78125,0.885416666666667,1,12,12,1.21796396418007
4119,87,43,1.80208333333333,0.885416666666667,1,25,25,1.23792747003987
4120,88,43,1.82291666666667,0.885416666666667,1,11,11,1.25791672966435
4121,89,43,1.84375,0.885416666666667,1,15,15,1.2779306382809
4122,90,43,1.86458333333333,0.885416666666667,1,19,19,1.29796815216547
4123,91,43,1.88541666666667,0.885416666666667,1,26,26,1.31802828456961
4124,92,43,1.90625,0.885416666666667,1,4,4,1.33811010196228
4125,93,43,1.92708333333333,0.885416666666667,1,16,16,1.35821272055893
4126,94,43,1.94791666666667,0.885416666666667,1,32,32,1.37833530311328
4127,95,43,1.96875,0.885416666666667,1,23,23,1.3984770559493
4128,96,43,1.98958333333333,0.885416666666667,1,22,22,1.41863722621315
4129,1,44,0.0104166666666667,0.90625,1,20,20,0.51618464519177
4130,2,44,0.03125,0.90625,1,20,20,0.500294788789975
4131,3,44,0.0520833333333333,0.90625,1,20,20,0.4847052197375
4132,4,44,0.0729166666666667,0.90625,1,20,20,0.469439764616463
4133,5,44,0.09375,0.90625,1,18,18,0.45452425971407
4134,6,44,0.114583333333333,0.90625,1,17,17,0.439986668988151
4135,7,44,0.135416666666667,0.90625,1,14,14,0.425857187773913
4136,8,44,0.15625,0.90625,1,22,22,0.4121683239352
4137,9,44,0.177083333333333,0.90625,1,23,23,0.398954946128381
4138,10,44,0.197916666666667,0.90625,1,13,13,0.386254286675953
4139,11,44,0.21875,0.90625,1,16,16,0.374105884401309
4140,12,44,0.239583333333333,0.90625,1,29,29,0.36255145091252
4141,13,44,0.260416666666667,0.90625,1,15,15,0.351634642611324
4142,14,44,0.28125,0.90625,1,36,36,0.341400720632294
4143,15,44,0.302083333333333,0.90625,1,29,29,0.33189608257258
4144,16,44,0.322916666666667,0.90625,1,30,30,0.323167653878805
4145,17,44,0.34375,0.90625,1,21,21,0.315262133662004
4146,18,44,0.364583333333333,0.90625,1,27,27,0.308225099814468
4147,19,44,0.385416666666667,0.90625,1,20,20,0.302099991444892
4148,20,44,0.40625,0.90625,1,15,15,0.296927002003948
4149,21,44,0.427083333333333,0.90625,1,19,19,0.292741932419978
4150,22,44,0.447916666666667,0.90625,1,17,17,0.289575067736198
4151,23,44,0.46875,0.90625,1,16,16,0.287450150325166
4152,24,44,0.489583333333333,0.90625,1,20,20,0.286383525065233
4153,25,44,0.510416666666667,0.90625,1,23,23,0.286383525065233
4154,26,44,0.53125,0.90625,1,34,34,0.287450150325166
4155,27,44,0.552083333333333,0.90625,1,28,28,0.289575067736198
4156,28,44,0.572916666666667,0.90625,1,29,29,0.292741932419978
4157,29,44,0.59375,0.90625,1,13,13,0.296927002003948
4158,30,44,0.614583333333333,0.90625,1,22,22,0.302099991444892
4159,31,44,0.635416666666667,0.90625,1,21,21,0.308225099814468
4160,32,44,0.65625,0.90625,1,18,18,0.315262133662004
4161,33,44,0.677083333333333,0.90625,1,17,17,0.323167653878805
4162,34,44,0.697916666666667,0.90625,1,21,21,0.33189608257258
4163,35,44,0.71875,0.90625,1,15,15,0.341400720632294
4164,36,44,0.739583333333333,0.90625,1,9,9,0.351634642611324
4165,37,44,0.760416666666667,0.90625,1,25,25,0.36255145091252
4166,38,44,0.78125,0.90625,1,21,21,0.374105884401309
4167,39,44,0.802083333333333,0.90625,1,11,11,0.386254286675953
4168,40,44,0.822916666666667,0.90625,1,14,14,0.398954946128381
4169,41,44,0.84375,0.90625,1,27,27,0.4121683239352
4170,42,44,0.864583333333333,0.90625,1,12,12,0.425857187773913
4171,43,44,0.885416666666667,0.90625,1,24,24,0.439986668988151
4172,44,44,0.90625,0.90625,1,29,29,0.45452425971407
4173,45,44,0.927083333333333,0.90625,1,14,14,0.469439764616463
4174,46,44,0.947916666666667,0.90625,1,13,13,0.4847052197375
4175,47,44,0.96875,0.90625,1,17,17,0.500294788789975
4176,48,44,0.989583333333333,0.90625,1,10,10,0.51618464519177
4177,49,44,1.01041666666667,0.90625,1,21,21,0.532352846327132
4178,50,44,1.03125,0.90625,1,14,14,0.548779204969772
4179,51,44,1.05208333333333,0.90625,1,19,19,0.565445161515088
4180,52,44,1.07291666666667,0.90625,1,25,25,0.582333659626565
4181,53,44,1.09375,0.90625,1,22,22,0.599429027076334
4182,54,44,1.11458333333333,0.90625,1,25,25,0.616716862920288
4183,55,44,1.13541666666667,0.90625,1,15,15,0.634183931662415
4184,56,44,1.15625,0.90625,1,24,24,0.651818064701779
4185,57,44,1.17708333333333,0.90625,1,27,27,0.669608069093634
4186,58,44,1.19791666666667,0.90625,1,24,24,0.687543643471429
4187,59,44,1.21875,0.90625,1,13,13,0.705615300851432
4188,60,44,1.23958333333333,0.90625,1,23,23,0.72381429796161
4189,61,44,1.26041666666667,0.90625,1,12,12,0.74213257068994
4190,62,44,1.28125,0.90625,1,22,22,0.760562675225336
4191,63,44,1.30208333333333,0.90625,1,34,34,0.779097734460004
4192,64,44,1.32291666666667,0.90625,1,20,20,0.797731389229865
4193,65,44,1.34375,0.90625,1,28,28,0.816457753985731
4194,66,44,1.36458333333333,0.90625,1,22,22,0.835271376509198
4195,67,44,1.38541666666667,0.90625,1,18,18,0.854167201311516
4196,68,44,1.40625,0.90625,1,24,24,0.873140536379419
4197,69,44,1.42708333333333,0.90625,1,25,25,0.892187022957934
4198,70,44,1.44791666666667,0.90625,1,26,26,0.911302608085737
4199,71,44,1.46875,0.90625,1,25,25,0.930483519623226
4200,72,44,1.48958333333333,0.90625,1,14,14,0.949726243536687
4201,73,44,1.51041666666667,0.90625,1,17,17,0.96902750322376
4202,74,44,1.53125,0.90625,1,17,17,0.988384240685512
4203,75,44,1.55208333333333,0.90625,1,17,17,1.00779359936904
4204,76,44,1.57291666666667,0.90625,1,28,28,1.02725290852153
4205,77,44,1.59375,0.90625,1,22,22,1.04675966891215
4206,78,44,1.61458333333333,0.90625,1,21,21,1.06631153979233
4207,79,44,1.63541666666667,0.90625,1,14,14,1.08590632697753
4208,80,44,1.65625,0.90625,1,17,17,1.10554197194547
4209,81,44,1.67708333333333,0.90625,1,21,21,1.12521654185572
4210,82,44,1.69791666666667,0.90625,1,21,21,1.14492822040532
4211,83,44,1.71875,0.90625,1,25,25,1.1646752994434
4212,84,44,1.73958333333333,0.90625,1,10,10,1.18445617127513
4213,85,44,1.76041666666667,0.90625,1,24,24,1.20426932159252
4214,86,44,1.78125,0.90625,1,22,22,1.22411332297541
4215,87,44,1.80208333333333,0.90625,1,16,16,1.24398682891164
4216,88,44,1.82291666666667,0.90625,1,17,17,1.26388856829025
4217,89,44,1.84375,0.90625,1,14,14,1.28381734032601
4218,90,44,1.86458333333333,0.90625,1,21,21,1.30377200987767
4219,91,44,1.88541666666667,0.90625,1,6,6,1.32375150312572
4220,92,44,1.90625,0.90625,1,18,18,1.3437548035788
4221,93,44,1.92708333333333,0.90625,1,27,27,1.36378094838078
4222,94,44,1.94791666666667,0.90625,1,20,20,1.38382902489316
4223,95,44,1.96875,0.90625,1,21,21,1.40389816752958
4224,96,44,1.98958333333333,0.90625,1,16,16,1.42398755482175
4225,1,45,0.0104166666666667,0.927083333333333,1,25,25,0.529686088729695
4226,2,45,0.03125,0.927083333333333,1,23,23,0.514134635634351
4227,3,45,0.0520833333333333,0.927083333333333,1,16,16,0.498893782396373
4228,4,45,0.0729166666666667,0.927083333333333,1,30,30,0.483987042263509
4229,5,45,0.09375,0.927083333333333,1,12,12,0.469439764616463
4230,6,45,0.114583333333333,0.927083333333333,1,11,11,0.45527921964517
4231,7,45,0.135416666666667,0.927083333333333,1,17,17,0.441534665497648
4232,8,45,0.15625,0.927083333333333,1,14,14,0.428237390289199
4233,9,45,0.177083333333333,0.927083333333333,1,22,22,0.415420719829017
4234,10,45,0.197916666666667,0.927083333333333,1,21,21,0.403119980395405
4235,11,45,0.21875,0.927083333333333,1,13,13,0.391372404526399
4236,12,45,0.239583333333333,0.927083333333333,1,23,23,0.38021696681429
4237,13,45,0.260416666666667,0.927083333333333,1,23,23,0.369694136397632
4238,14,45,0.28125,0.927083333333333,1,9,9,0.359845533595043
4239,15,45,0.302083333333333,0.927083333333333,1,17,17,0.350713480320625
4240,16,45,0.322916666666667,0.927083333333333,1,21,21,0.342340437941086
4241,17,45,0.34375,0.927083333333333,1,21,21,0.334768332352981
4242,18,45,0.364583333333333,0.927083333333333,1,28,28,0.328037774325137
4243,19,45,0.385416666666667,0.927083333333333,1,13,13,0.322187193266482
4244,20,45,0.40625,0.927083333333333,1,12,12,0.31725191378782
4245,21,45,0.427083333333333,0.927083333333333,1,11,11,0.313263215480946
4246,22,45,0.447916666666667,0.927083333333333,1,14,14,0.310247425584654
4247,23,45,0.46875,0.927083333333333,1,22,22,0.308225099814468
4248,24,45,0.489583333333333,0.927083333333333,1,27,27,0.307210346966872
4249,25,45,0.510416666666667,0.927083333333333,1,23,23,0.307210346966872
4250,26,45,0.53125,0.927083333333333,1,20,20,0.308225099814468
4251,27,45,0.552083333333333,0.927083333333333,1,20,20,0.310247425584654
4252,28,45,0.572916666666667,0.927083333333333,1,20,20,0.313263215480946
4253,29,45,0.59375,0.927083333333333,1,33,33,0.31725191378782
4254,30,45,0.614583333333333,0.927083333333333,1,25,25,0.322187193266482
4255,31,45,0.635416666666667,0.927083333333333,1,27,27,0.328037774325137
4256,32,45,0.65625,0.927083333333333,1,23,23,0.334768332352981
4257,33,45,0.677083333333333,0.927083333333333,1,20,20,0.342340437941086
4258,34,45,0.697916666666667,0.927083333333333,1,20,20,0.350713480320625
4259,35,45,0.71875,0.927083333333333,1,16,16,0.359845533595043
4260,36,45,0.739583333333333,0.927083333333333,1,12,12,0.369694136397631
4261,37,45,0.760416666666667,0.927083333333333,1,15,15,0.38021696681429
4262,38,45,0.78125,0.927083333333333,1,17,17,0.391372404526399
4263,39,45,0.802083333333333,0.927083333333333,1,16,16,0.403119980395405
4264,40,45,0.822916666666667,0.927083333333333,1,25,25,0.415420719829017
4265,41,45,0.84375,0.927083333333333,1,29,29,0.428237390289199
4266,42,45,0.864583333333333,0.927083333333333,1,17,17,0.441534665497648
4267,43,45,0.885416666666667,0.927083333333333,1,22,22,0.45527921964517
4268,44,45,0.90625,0.927083333333333,1,25,25,0.469439764616463
4269,45,45,0.927083333333333,0.927083333333333,1,15,15,0.483987042263509
4270,46,45,0.947916666666667,0.927083333333333,1,23,23,0.498893782396373
4271,47,45,0.96875,0.927083333333333,1,22,22,0.514134635634351
4272,48,45,0.989583333333333,0.927083333333333,1,21,21,0.529686088729695
4273,49,45,1.01041666666667,0.927083333333333,1,20,20,0.545526368540137
4274,50,45,1.03125,0.927083333333333,1,21,21,0.561635339540954
4275,51,45,1.05208333333333,0.927083333333333,1,23,23,0.57799439865629
4276,52,45,1.07291666666667,0.927083333333333,1,26,26,0.594586370255937
4277,53,45,1.09375,0.927083333333333,1,22,22,0.611395403397582
4278,54,45,1.11458333333333,0.927083333333333,1,25,25,0.628406872778586
4279,55,45,1.13541666666667,0.927083333333333,1,24,24,0.64560728437554
4280,56,45,1.15625,0.927083333333333,1,21,21,0.662984186373589
4281,57,45,1.17708333333333,0.927083333333333,1,22,22,0.680526085701702
4282,58,45,1.19791666666667,0.927083333333333,1,23,23,0.698222370277311
4283,59,45,1.21875,0.927083333333333,1,30,30,0.716063236909213
4284,60,45,1.23958333333333,0.927083333333333,1,28,28,0.734039624698735
4285,61,45,1.26041666666667,0.927083333333333,1,18,18,0.752143153705603
4286,62,45,1.28125,0.927083333333333,1,18,18,0.770366068598254
4287,63,45,1.30208333333333,0.927083333333333,1,16,16,0.788701186981849
4288,64,45,1.32291666666667,0.927083333333333,1,22,22,0.807141852085693
4289,65,45,1.34375,0.927083333333333,1,16,16,0.825681889490917
4290,66,45,1.36458333333333,0.927083333333333,1,15,15,0.844315567586093
4291,67,45,1.38541666666667,0.927083333333333,1,16,16,0.863037561450335
4292,68,45,1.40625,0.927083333333333,1,25,25,0.881842919878716
4293,69,45,1.42708333333333,0.927083333333333,1,21,21,0.900727035281987
4294,70,45,1.44791666666667,0.927083333333333,1,13,13,0.919685616210764
4295,71,45,1.46875,0.927083333333333,1,25,25,0.938714662272659
4296,72,45,1.48958333333333,0.927083333333333,1,20,20,0.957810441228986
4297,73,45,1.51041666666667,0.927083333333333,1,16,16,0.976969468075064
4298,74,45,1.53125,0.927083333333333,1,9,9,0.996188485924806
4299,75,45,1.55208333333333,0.927083333333333,1,19,19,1.01546444853588
4300,76,45,1.57291666666667,0.927083333333333,1,34,34,1.0347945043263
4301,77,45,1.59375,0.927083333333333,1,23,23,1.05417598174682
4302,78,45,1.61458333333333,0.927083333333333,1,23,23,1.07360637588593
4303,79,45,1.63541666666667,0.927083333333333,1,21,21,1.09308333619564
4304,80,45,1.65625,0.927083333333333,1,30,30,1.11260465523667
4305,81,45,1.67708333333333,0.927083333333333,1,22,22,1.13216825835118
4306,82,45,1.69791666666667,0.927083333333333,1,18,18,1.15177219417979
4307,83,45,1.71875,0.927083333333333,1,20,20,1.1714146259475
4308,84,45,1.73958333333333,0.927083333333333,1,24,24,1.19109382345006
4309,85,45,1.76041666666667,0.927083333333333,1,21,21,1.21080815567918
4310,86,45,1.78125,0.927083333333333,1,14,14,1.23055608403025
4311,87,45,1.80208333333333,0.927083333333333,1,14,14,1.25033615604185
4312,88,45,1.82291666666667,0.927083333333333,1,15,15,1.2701469996211
4313,89,45,1.84375,0.927083333333333,1,16,16,1.28998731771286
4314,90,45,1.86458333333333,0.927083333333333,1,23,23,1.30985588337504
4315,91,45,1.88541666666667,0.927083333333333,1,15,15,1.32975153522557
4316,92,45,1.90625,0.927083333333333,1,24,24,1.34967317322972
4317,93,45,1.92708333333333,0.927083333333333,1,14,14,1.36961975479949
4318,94,45,1.94791666666667,0.927083333333333,1,15,15,1.38959029117911
4319,95,45,1.96875,0.927083333333333,1,15,15,1.40958384409326
4320,96,45,1.98958333333333,0.927083333333333,1,18,18,1.42959952263659
4321,1,46,0.0104166666666667,0.947916666666667,1,19,19,0.543567012859708
4322,2,46,0.03125,0.947916666666667,1,24,24,0.52834859664981
4323,3,46,0.0520833333333333,0.947916666666667,1,16,16,0.513449824812949
4324,4,46,0.0729166666666667,0.947916666666667,1,16,16,0.498893782396373
4325,5,46,0.09375,0.947916666666667,1,10,10,0.4847052197375
4326,6,46,0.114583333333333,0.947916666666667,1,25,25,0.470910608486785
4327,7,46,0.135416666666667,0.947916666666667,1,11,11,0.457538178151213
4328,8,46,0.15625,0.947916666666667,1,24,24,0.444617926369485
4329,9,46,0.177083333333333,0.947916666666667,1,30,30,0.432181595029107
4330,10,46,0.197916666666667,0.947916666666667,1,19,19,0.420262603328747
4331,11,46,0.21875,0.947916666666667,1,18,18,0.408895928116088
4332,12,46,0.239583333333333,0.947916666666667,1,27,27,0.398117921476912
4333,13,46,0.260416666666667,0.947916666666667,1,25,25,0.387966055843192
4334,14,46,0.28125,0.947916666666667,1,18,18,0.378478588083558
4335,15,46,0.302083333333333,0.947916666666667,1,22,22,0.369694136397632
4336,16,46,0.322916666666667,0.947916666666667,1,29,29,0.361651167570704
4337,17,46,0.34375,0.947916666666667,1,22,22,0.354387397363987
4338,18,46,0.364583333333333,0.947916666666667,1,21,21,0.347939113442004
4339,19,46,0.385416666666667,0.947916666666667,1,24,24,0.342340437941086
4340,20,46,0.40625,0.947916666666667,1,19,19,0.33762255492685
4341,21,46,0.427083333333333,0.947916666666667,1,22,22,0.333812935641499
4342,22,46,0.447916666666667,0.947916666666667,1,21,21,0.330934600456528
4343,23,46,0.46875,0.947916666666667,1,23,23,0.329005459630256
4344,24,46,0.489583333333333,0.947916666666667,1,22,22,0.328037774325137
4345,25,46,0.510416666666667,0.947916666666667,1,22,22,0.328037774325137
4346,26,46,0.53125,0.947916666666667,1,26,26,0.329005459630256
4347,27,46,0.552083333333333,0.947916666666667,1,21,21,0.330934600456528
4348,28,46,0.572916666666667,0.947916666666667,1,16,16,0.333812935641499
4349,29,46,0.59375,0.947916666666667,1,21,21,0.33762255492685
4350,30,46,0.614583333333333,0.947916666666667,1,20,20,0.342340437941086
4351,31,46,0.635416666666667,0.947916666666667,1,18,18,0.347939113442004
4352,32,46,0.65625,0.947916666666667,1,18,18,0.354387397363987
4353,33,46,0.677083333333333,0.947916666666667,1,19,19,0.361651167570704
4354,34,46,0.697916666666667,0.947916666666667,1,26,26,0.369694136397632
4355,35,46,0.71875,0.947916666666667,1,15,15,0.378478588083558
4356,36,46,0.739583333333333,0.947916666666667,1,26,26,0.387966055843192
4357,37,46,0.760416666666667,0.947916666666667,1,23,23,0.398117921476912
4358,38,46,0.78125,0.947916666666667,1,18,18,0.408895928116088
4359,39,46,0.802083333333333,0.947916666666667,1,30,30,0.420262603328747
4360,40,46,0.822916666666667,0.947916666666667,1,21,21,0.432181595029107
4361,41,46,0.84375,0.947916666666667,1,17,17,0.444617926369485
4362,42,46,0.864583333333333,0.947916666666667,1,16,16,0.457538178151213
4363,43,46,0.885416666666667,0.947916666666667,1,5,5,0.470910608486785
4364,44,46,0.90625,0.947916666666667,1,17,17,0.4847052197375
4365,45,46,0.927083333333333,0.947916666666667,1,20,20,0.498893782396373
4366,46,46,0.947916666666667,0.947916666666667,1,15,15,0.513449824812949
4367,47,46,0.96875,0.947916666666667,1,32,32,0.52834859664981
4368,48,46,0.989583333333333,0.947916666666667,1,11,11,0.543567012859708
4369,49,46,1.01041666666667,0.947916666666667,1,18,18,0.559083583875276
4370,50,46,1.03125,0.947916666666667,1,8,8,0.574878336673247
4371,51,46,1.05208333333333,0.947916666666667,1,22,22,0.590932730447981
4372,52,46,1.07291666666667,0.947916666666667,1,26,26,0.607229569821127
4373,53,46,1.09375,0.947916666666667,1,23,23,0.623752917828077
4374,54,46,1.11458333333333,0.947916666666667,1,22,22,0.640488010351832
4375,55,46,1.13541666666667,0.947916666666667,1,13,13,0.65742117321022
4376,56,46,1.15625,0.947916666666667,1,18,18,0.674539742730203
4377,57,46,1.17708333333333,0.947916666666667,1,35,35,0.691831990349946
4378,58,46,1.19791666666667,0.947916666666667,1,12,12,0.709287051562297
4379,59,46,1.21875,0.947916666666667,1,21,21,0.726894859340743
4380,60,46,1.23958333333333,0.947916666666667,1,17,17,0.744646082060297
4381,61,46,1.26041666666667,0.947916666666667,1,27,27,0.762532065832297
4382,62,46,1.28125,0.947916666666667,1,20,20,0.780544781106291
4383,63,46,1.30208333333333,0.947916666666667,1,13,13,0.798676773347889
4384,64,46,1.32291666666667,0.947916666666667,1,25,25,0.816921117573702
4385,65,46,1.34375,0.947916666666667,1,26,26,0.835271376509198
4386,66,46,1.36458333333333,0.947916666666667,1,18,18,0.853721562129316
4387,67,46,1.38541666666667,0.947916666666667,1,20,20,0.872266100342488
4388,68,46,1.40625,0.947916666666667,1,11,11,0.8908997985843
4389,69,46,1.42708333333333,0.947916666666667,1,25,25,0.909617816095964
4390,70,46,1.44791666666667,0.947916666666667,1,17,17,0.928415636673844
4391,71,46,1.46875,0.947916666666667,1,24,24,0.947289043688624
4392,72,46,1.48958333333333,0.947916666666667,1,19,19,0.966234097185726
4393,73,46,1.51041666666667,0.947916666666667,1,11,11,0.985247112891753
4394,74,46,1.53125,0.947916666666667,1,20,20,1.00432464296473
4395,75,46,1.55208333333333,0.947916666666667,1,23,23,1.02346345833855
4396,76,46,1.57291666666667,0.947916666666667,1,20,20,1.04266053252396
4397,77,46,1.59375,0.947916666666667,1,13,13,1.06191302674003
4398,78,46,1.61458333333333,0.947916666666667,1,21,21,1.08121827626049
4399,79,46,1.63541666666667,0.947916666666667,1,19,19,1.10057377786934
4400,80,46,1.65625,0.947916666666667,1,17,17,1.11997717832941
4401,81,46,1.67708333333333,0.947916666666667,1,21,21,1.13942626377605
4402,82,46,1.69791666666667,0.947916666666667,1,13,13,1.15891894995561
4403,83,46,1.71875,0.947916666666667,1,5,5,1.17845327323619
4404,84,46,1.73958333333333,0.947916666666667,1,27,27,1.19802738232389
4405,85,46,1.76041666666667,0.947916666666667,1,14,14,1.21763953062433
4406,86,46,1.78125,0.947916666666667,1,12,12,1.23728806919452
4407,87,46,1.80208333333333,0.947916666666667,1,33,33,1.25697144023477
4408,88,46,1.82291666666667,0.947916666666667,1,30,30,1.2766881710755
4409,89,46,1.84375,0.947916666666667,1,13,13,1.29643686861709
4410,90,46,1.86458333333333,0.947916666666667,1,8,8,1.31621621418535
4411,91,46,1.88541666666667,0.947916666666667,1,24,24,1.33602495876807
4412,92,46,1.90625,0.947916666666667,1,15,15,1.35586191860139
4413,93,46,1.92708333333333,0.947916666666667,1,15,15,1.37572597107744
4414,94,46,1.94791666666667,0.947916666666667,1,9,9,1.39561605094723
4415,95,46,1.96875,0.947916666666667,1,35,35,1.41553114679507
4416,96,46,1.98958333333333,0.947916666666667,1,29,29,1.43547029776278
4417,1,47,0.0104166666666667,0.96875,1,26,26,0.55780410354156
4418,2,47,0.03125,0.96875,1,15,15,0.542912607362388
4419,3,47,0.0520833333333333,0.96875,1,19,19,0.52834859664981
4420,4,47,0.0729166666666667,0.96875,1,22,22,0.514134635634351
4421,5,47,0.09375,0.96875,1,14,14,0.500294788789975
4422,6,47,0.114583333333333,0.96875,1,28,28,0.48685465265123
4423,7,47,0.135416666666667,0.96875,1,13,13,0.473841367239134
4424,8,47,0.15625,0.96875,1,14,14,0.461283601179321
4425,9,47,0.177083333333333,0.96875,1,24,24,0.449211503846427
4426,10,47,0.197916666666667,0.96875,1,21,21,0.437656617263507
4427,11,47,0.21875,0.96875,1,20,20,0.426651740141747
4428,12,47,0.239583333333333,0.96875,1,20,20,0.41623073650974
4429,13,47,0.260416666666667,0.96875,1,24,24,0.406428282020553
4430,14,47,0.28125,0.96875,1,17,17,0.397279542413964
4431,15,47,0.302083333333333,0.96875,1,22,22,0.388819780909159
4432,16,47,0.322916666666667,0.96875,1,22,22,0.381083894616904
4433,17,47,0.34375,0.96875,1,18,18,0.374105884401309
4434,18,47,0.364583333333333,0.96875,1,24,24,0.367918267859599
4435,19,47,0.385416666666667,0.96875,1,21,21,0.36255145091252
4436,20,47,0.40625,0.96875,1,13,13,0.358033079399324
4437,21,47,0.427083333333333,0.96875,1,15,15,0.354387397363987
4438,22,47,0.447916666666667,0.96875,1,22,22,0.351634642611324
4439,23,47,0.46875,0.96875,1,20,20,0.349790511824153
4440,24,47,0.489583333333333,0.96875,1,18,18,0.348865726455287
4441,25,47,0.510416666666667,0.96875,1,20,20,0.348865726455287
4442,26,47,0.53125,0.96875,1,28,28,0.349790511824153
4443,27,47,0.552083333333333,0.96875,1,16,16,0.351634642611324
4444,28,47,0.572916666666667,0.96875,1,27,27,0.354387397363987
4445,29,47,0.59375,0.96875,1,24,24,0.358033079399324
4446,30,47,0.614583333333333,0.96875,1,16,16,0.36255145091252
4447,31,47,0.635416666666667,0.96875,1,14,14,0.367918267859599
4448,32,47,0.65625,0.96875,1,19,19,0.374105884401309
4449,33,47,0.677083333333333,0.96875,1,29,29,0.381083894616904
4450,34,47,0.697916666666667,0.96875,1,20,20,0.388819780909159
4451,35,47,0.71875,0.96875,1,24,24,0.397279542413964
4452,36,47,0.739583333333333,0.96875,1,27,27,0.406428282020553
4453,37,47,0.760416666666667,0.96875,1,20,20,0.41623073650974
4454,38,47,0.78125,0.96875,1,12,12,0.426651740141747
4455,39,47,0.802083333333333,0.96875,1,17,17,0.437656617263507
4456,40,47,0.822916666666667,0.96875,1,18,18,0.449211503846427
4457,41,47,0.84375,0.96875,1,19,19,0.461283601179321
4458,42,47,0.864583333333333,0.96875,1,22,22,0.473841367239134
4459,43,47,0.885416666666667,0.96875,1,26,26,0.48685465265123
4460,44,47,0.90625,0.96875,1,17,17,0.500294788789975
4461,45,47,0.927083333333333,0.96875,1,18,18,0.514134635634351
4462,46,47,0.947916666666667,0.96875,1,18,18,0.52834859664981
4463,47,47,0.96875,0.96875,1,26,26,0.542912607362388
4464,48,47,0.989583333333333,0.96875,1,16,16,0.55780410354156
4465,49,47,1.01041666666667,0.96875,1,22,22,0.573001974103329
4466,50,47,1.03125,0.96875,1,21,21,0.588486503047165
4467,51,47,1.05208333333333,0.96875,1,27,27,0.604239303990362
4468,52,47,1.07291666666667,0.96875,1,21,21,0.620243250184994
4469,53,47,1.09375,0.96875,1,24,24,0.636482402306888
4470,54,47,1.11458333333333,0.96875,1,24,24,0.652941935795381
4471,55,47,1.13541666666667,0.96875,1,25,25,0.669608069093634
4472,56,47,1.15625,0.96875,1,25,25,0.686467993785246
4473,57,47,1.17708333333333,0.96875,1,30,30,0.703509807335515
4474,58,47,1.19791666666667,0.96875,1,20,20,0.720722448915878
4475,59,47,1.21875,0.96875,1,21,21,0.738095638609124
4476,60,47,1.23958333333333,0.96875,1,26,26,0.755619820152813
4477,61,47,1.26041666666667,0.96875,1,15,15,0.773286107271598
4478,62,47,1.28125,0.96875,1,14,14,0.791086233569578
4479,63,47,1.30208333333333,0.96875,1,8,8,0.809012505895971
4480,64,47,1.32291666666667,0.96875,1,20,20,0.827057761056725
4481,65,47,1.34375,0.96875,1,16,16,0.845215325717531
4482,66,47,1.36458333333333,0.96875,1,21,21,0.863478979326847
4483,67,47,1.38541666666667,0.96875,1,24,24,0.881842919878716
4484,68,47,1.40625,0.96875,1,12,12,0.900301732332157
4485,69,47,1.42708333333333,0.96875,1,21,21,0.918850359505374
4486,70,47,1.44791666666667,0.96875,1,9,9,0.93748407526754
4487,71,47,1.46875,0.96875,1,17,17,0.95619845985766
4488,72,47,1.48958333333333,0.96875,1,23,23,0.974989377168158
4489,73,47,1.51041666666667,0.96875,1,32,32,0.993852953839858
4490,74,47,1.53125,0.96875,1,28,28,1.01278556002449
4491,75,47,1.55208333333333,0.96875,1,13,13,1.03178379168044
4492,76,47,1.57291666666667,0.96875,1,29,29,1.05084445427696
4493,77,47,1.59375,0.96875,1,27,27,1.06996454779124
4494,78,47,1.61458333333333,0.96875,1,24,24,1.08914125289167
4495,79,47,1.63541666666667,0.96875,1,23,23,1.10837191820899
4496,80,47,1.65625,0.96875,1,30,30,1.12765404860482
4497,81,47,1.67708333333333,0.96875,1,6,6,1.14698529435472
4498,82,47,1.69791666666667,0.96875,1,26,26,1.16636344116963
4499,83,47,1.71875,0.96875,1,21,21,1.18578640098601
4500,84,47,1.73958333333333,0.96875,1,18,18,1.20525220346083
4501,85,47,1.76041666666667,0.96875,1,24,24,1.22475898811315
4502,86,47,1.78125,0.96875,1,11,11,1.24430499705894
4503,87,47,1.80208333333333,0.96875,1,24,24,1.26388856829025
4504,88,47,1.82291666666667,0.96875,1,18,18,1.28350812945435
4505,89,47,1.84375,0.96875,1,19,19,1.30316219209196
4506,90,47,1.86458333333333,0.96875,1,11,11,1.3228493462975
4507,91,47,1.88541666666667,0.96875,1,22,22,1.34256825576715
4508,92,47,1.90625,0.96875,1,22,22,1.36231765320393
4509,93,47,1.92708333333333,0.96875,1,17,17,1.38209633605098
4510,94,47,1.94791666666667,0.96875,1,22,22,1.40190316252747
4511,95,47,1.96875,0.96875,1,25,25,1.421737047943
4512,96,47,1.98958333333333,0.96875,1,15,15,1.44159696126896
4513,1,48,0.0104166666666667,0.989583333333333,1,19,19,0.572375389911828
4514,2,48,0.03125,0.989583333333333,1,14,14,0.55780410354156
4515,3,48,0.0520833333333333,0.989583333333333,1,25,25,0.543567012859708
4516,4,48,0.0729166666666667,0.989583333333333,1,16,16,0.529686088729695
4517,5,48,0.09375,0.989583333333333,1,25,25,0.51618464519177
4518,6,48,0.114583333333333,0.989583333333333,1,23,23,0.503087351197424
4519,7,48,0.135416666666667,0.989583333333333,1,14,14,0.49042022183265
4520,8,48,0.15625,0.989583333333333,1,24,24,0.478210583973384
4521,9,48,0.177083333333333,0.989583333333333,1,19,19,0.466487010844135
4522,10,48,0.197916666666667,0.989583333333333,1,23,23,0.45527921964517
4523,11,48,0.21875,0.989583333333333,1,19,19,0.444617926369485
4524,12,48,0.239583333333333,0.989583333333333,1,8,8,0.43453465225859
4525,13,48,0.260416666666667,0.989583333333333,1,20,20,0.42506147716463
4526,14,48,0.28125,0.989583333333333,1,23,23,0.41623073650974
4527,15,48,0.302083333333333,0.989583333333333,1,18,18,0.408074660651524
4528,16,48,0.322916666666667,0.989583333333333,1,21,21,0.400624958316658
4529,17,48,0.34375,0.989583333333333,1,9,9,0.393912349314334
4530,18,48,0.364583333333333,0.989583333333333,1,34,34,0.387966055843192
4531,19,48,0.385416666666667,0.989583333333333,1,21,21,0.382813266089465
4532,20,48,0.40625,0.989583333333333,1,28,28,0.378478588083558
4533,21,48,0.427083333333333,0.989583333333333,1,20,20,0.374983515438197
4534,22,48,0.447916666666667,0.989583333333333,1,20,20,0.372345929087353
4535,23,48,0.46875,0.989583333333333,1,19,19,0.370579659971526
4536,24,48,0.489583333333333,0.989583333333333,1,27,27,0.369694136397632
4537,25,48,0.510416666666667,0.989583333333333,1,23,23,0.369694136397632
4538,26,48,0.53125,0.989583333333333,1,16,16,0.370579659971526
4539,27,48,0.552083333333333,0.989583333333333,1,29,29,0.372345929087353
4540,28,48,0.572916666666667,0.989583333333333,1,18,18,0.374983515438197
4541,29,48,0.59375,0.989583333333333,1,20,20,0.378478588083558
4542,30,48,0.614583333333333,0.989583333333333,1,21,21,0.382813266089465
4543,31,48,0.635416666666667,0.989583333333333,1,11,11,0.387966055843192
4544,32,48,0.65625,0.989583333333333,1,26,26,0.393912349314334
4545,33,48,0.677083333333333,0.989583333333333,1,13,13,0.400624958316658
4546,34,48,0.697916666666667,0.989583333333333,1,12,12,0.408074660651524
4547,35,48,0.71875,0.989583333333333,1,22,22,0.41623073650974
4548,36,48,0.739583333333333,0.989583333333333,1,21,21,0.42506147716463
4549,37,48,0.760416666666667,0.989583333333333,1,21,21,0.43453465225859
4550,38,48,0.78125,0.989583333333333,1,16,16,0.444617926369485
4551,39,48,0.802083333333333,0.989583333333333,1,19,19,0.45527921964517
4552,40,48,0.822916666666667,0.989583333333333,1,21,21,0.466487010844135
4553,41,48,0.84375,0.989583333333333,1,16,16,0.478210583973384
4554,42,48,0.864583333333333,0.989583333333333,1,26,26,0.49042022183265
4555,43,48,0.885416666666667,0.989583333333333,1,19,19,0.503087351197424
4556,44,48,0.90625,0.989583333333333,1,20,20,0.51618464519177
4557,45,48,0.927083333333333,0.989583333333333,1,19,19,0.529686088729695
4558,46,48,0.947916666666667,0.989583333333333,1,21,21,0.543567012859708
4559,47,48,0.96875,0.989583333333333,1,12,12,0.55780410354156
4560,48,48,0.989583333333333,0.989583333333333,1,12,12,0.572375389911828
4561,49,48,1.01041666666667,0.989583333333333,1,4,4,0.587260216531998
4562,50,48,1.03125,0.989583333333333,1,16,16,0.602439203516654
4563,51,48,1.05208333333333,0.989583333333333,1,15,15,0.617894197851035
4564,52,48,1.07291666666667,0.989583333333333,1,24,24,0.63360821865358
4565,53,48,1.09375,0.989583333333333,1,13,13,0.649565398635995
4566,54,48,1.11458333333333,0.989583333333333,1,17,17,0.665750923568588
4567,55,48,1.13541666666667,0.989583333333333,1,23,23,0.682150971174102
4568,56,48,1.15625,0.989583333333333,1,13,13,0.698752650547024
4569,57,48,1.17708333333333,0.989583333333333,1,19,19,0.715543942923145
4570,58,48,1.19791666666667,0.989583333333333,1,14,14,0.732513644400422
4571,59,48,1.21875,0.989583333333333,1,26,26,0.749651311030908
4572,60,48,1.23958333333333,0.989583333333333,1,23,23,0.766947206558667
4573,61,48,1.26041666666667,0.989583333333333,1,5,5,0.78439225296451
4574,62,48,1.28125,0.989583333333333,1,11,11,0.80197798388995
4575,63,48,1.30208333333333,0.989583333333333,1,28,28,0.819696500945326
4576,64,48,1.32291666666667,0.989583333333333,1,21,21,0.837540432856783
4577,65,48,1.34375,0.989583333333333,1,17,17,0.855502897370263
4578,66,48,1.36458333333333,0.989583333333333,1,27,27,0.873577465805035
4579,67,48,1.38541666666667,0.989583333333333,1,22,22,0.89175813013234
4580,68,48,1.40625,0.989583333333333,1,20,20,0.910039272444395
4581,69,48,1.42708333333333,0.989583333333333,1,20,20,0.928415636673844
4582,70,48,1.44791666666667,0.989583333333333,1,26,26,0.946882302422447
4583,71,48,1.46875,0.989583333333333,1,31,31,0.965434660759356
4584,72,48,1.48958333333333,0.989583333333333,1,26,26,0.984068391853009
4585,73,48,1.51041666666667,0.989583333333333,1,18,18,1.00277944430576
4586,74,48,1.53125,0.989583333333333,1,29,29,1.02156401606646
4587,75,48,1.55208333333333,0.989583333333333,1,29,29,1.0404185368028
4588,76,48,1.57291666666667,0.989583333333333,1,12,12,1.05933965162242
4589,77,48,1.59375,0.989583333333333,1,9,9,1.07832420603849
4590,78,48,1.61458333333333,0.989583333333333,1,21,21,1.09736923208295
4591,79,48,1.63541666666667,0.989583333333333,1,18,18,1.11647193547699
4592,80,48,1.65625,0.989583333333333,1,19,19,1.13562968377535
4593,81,48,1.67708333333333,0.989583333333333,1,23,23,1.15483999540683
4594,82,48,1.69791666666667,0.989583333333333,1,22,22,1.17410052953994
4595,83,48,1.71875,0.989583333333333,1,18,18,1.19340907670755
4596,84,48,1.73958333333333,0.989583333333333,1,4,4,1.21276355013016
4597,85,48,1.76041666666667,0.989583333333333,1,30,30,1.232161977682
4598,86,48,1.78125,0.989583333333333,1,21,21,1.25160249444866
4599,87,48,1.80208333333333,0.989583333333333,1,22,22,1.27108333582939
4600,88,48,1.82291666666667,0.989583333333333,1,21,21,1.29060283114072
4601,89,48,1.84375,0.989583333333333,1,23,23,1.31015939768187
4602,90,48,1.86458333333333,0.989583333333333,1,26,26,1.32975153522557
4603,91,48,1.88541666666667,0.989583333333333,1,20,20,1.34937782090093
4604,92,48,1.90625,0.989583333333333,1,23,23,1.36903690443782
4605,93,48,1.92708333333333,0.989583333333333,1,21,21,1.38872750374465
4606,94,48,1.94791666666667,0.989583333333333,1,14,14,1.40844840079372
4607,95,48,1.96875,0.989583333333333,1,15,15,1.42819843779077
4608,96,48,1.98958333333333,0.989583333333333,1,19,19,1.4479765136067
