name,entry_type,category,status,expected_type,default,effect_role,remarks,sources,source_inventory
SRC_GPU_WALL_CIRCLE_RESIDENT_0318,env_flag,Alias script / sécurité VK,ajout scripts 0331,booléen/env truthy,false/off,Alias de script pour documenter/désactiver le chemin 0318.,Ne remplace pas le garde UNSAFE. Préférer MPCD_CUDA_CLASSIC_SRC_WALL_CIRCLE_RESIDENT_0318=0 dans les scripts. | 0338c: le chemin performant validé est 0318 + MPCD_CUDA_CLASSIC_SRC_WALL_CIRCLE_RESIDENT_MINIMAL_DOWNLOAD_0338=1; 0318 seul reste à traiter comme chemin historique/quarantainé selon scripts.,scripts/run_*0331*; scripts/run_vk_periodic_cylinder_oracle_cuda.sh,src_mpcd_cuda_env_flags_added_0331_to_0337_livevis.csv | src_mpcd_cuda_livevis_inventory_0314_to_0339a.csv | src_mpcd_cuda_livevis_inventory_0314_to_0342a.csv | src_mpcd_cuda_resampling_env_flags_delta_0314_to_0337_livevis.csv
MPCD_CUDA_CLASSIC_SRC_IO_RESIDENT_0267_BOUNDARY_THREADS,env_flag,Autres variables internes,réglage performance/interne,entier,256 le plus souvent,Nombre de threads CUDA par bloc pour le noyau associé.,Ne se place pas dans params.kv; à passer dans l’environnement du shell ou dans les scripts de validation/démo.,doc/GPU_PATCH_0267_IO_RESIDENT_BOUNDARY_PARALLEL.md; src/cuda_classic_src_io_resident_0263.cu,src_mpcd_cuda_env_flags_0287.csv | src_mpcd_cuda_env_flags_0292.csv | src_mpcd_cuda_env_flags_0303_resampling.csv | src_mpcd_cuda_env_flags_0314_resampling.csv
MPCD_CUDA_CLASSIC_SRC_IO_RESIDENT_0267_SERIAL_BOUNDARY,env_flag,Autres variables internes,interne/runtime,booléen/env truthy sauf mention contraire,false/off sauf activation par scripts validés,Variable interne de contrôle du backend CUDA.,Ne se place pas dans params.kv; à passer dans l’environnement du shell ou dans les scripts de validation/démo.,doc/GPU_PATCH_0267_IO_RESIDENT_BOUNDARY_PARALLEL.md; doc/GPU_PATCH_0268_IO_FULLFACE_RESERVOIR_POOL.md; doc/GPU_PATCH_0269A_IO_SEGMENTED_RESERVOIR_POOL.md; src/cuda_classic_src_io_resident_0263.cu,src_mpcd_cuda_env_flags_0287.csv | src_mpcd_cuda_env_flags_0292.csv | src_mpcd_cuda_env_flags_0303_resampling.csv | src_mpcd_cuda_env_flags_0314_resampling.csv
MPCD_CUDA_CLASSIC_SRC_RESIDENT_0271_ASYNC_STREAM,env_flag,Autres variables internes,réglage performance/interne | propagé scripts Darcy 0426,booléen/env truthy sauf mention contraire,false/off sauf activation par scripts validés,Variable interne de contrôle du backend CUDA.,Ne se place pas dans params.kv; à passer dans l’environnement du shell ou dans les scripts de validation/démo. | 0426 : intégré au bloc fastflags Darcy pour éviter le backend collision/thermostat lent dans les cas chi/segments.,doc/GPU_PATCH_0271_WALL_PERIODIC_FIXED_OVERHEAD.md; doc/GPU_PATCH_0274_FUSED_STREAM_DEPOSIT.md; scripts/run_cuda_classic_src_resident_perf_0271.sh; scripts/run_cuda_classic_src_resident_perf_0272.sh; scripts/run_cuda_classic_src_resident_perf_0273.sh; scripts/run_cuda_classic_src_resident_perf_0274.sh; ... | scripts/run_src_classic_cuda_darcy_chi_lr_segments_0411.sh; scripts/run_src_classic_cuda_darcy_chi_naca_periodic_0414.sh; scripts/run_src_classic_cuda_darcy_chi_vonkarman_periodic_0416.sh; scripts/run_src_classic_cuda_darcy_chi_backward_step_0425.sh; doc/README_0426_DARCY_FASTFLAGS.md,src_mpcd_cuda_env_flags_0287.csv | src_mpcd_cuda_env_flags_0292.csv | src_mpcd_cuda_env_flags_0303_resampling.csv | src_mpcd_cuda_env_flags_0314_resampling.csv | src_mpcd_env_flags_inventory_consolidated_0365.csv + compléments Darcy/Brinkman/livevis 0411-0426
MPCD_CUDA_CLASSIC_SRC_RESIDENT_0271_DISABLE_ASYNC_STREAM,env_flag,Autres variables internes,réglage performance/interne,booléen/env truthy sauf mention contraire,false/off,Variable interne de contrôle du backend CUDA.,Ne se place pas dans params.kv; à passer dans l’environnement du shell ou dans les scripts de validation/démo.,doc/GPU_PATCH_0271_WALL_PERIODIC_FIXED_OVERHEAD.md; src/cuda_streaming_periodic_0245.cu; src/cuda_streaming_wall_simple_0246.cu,src_mpcd_cuda_env_flags_0287.csv | src_mpcd_cuda_env_flags_0292.csv | src_mpcd_cuda_env_flags_0303_resampling.csv | src_mpcd_cuda_env_flags_0314_resampling.csv
MPCD_CUDA_CLASSIC_SRC_SOLID_RESIDENT_0262,env_flag,Autres variables internes,validé 0286,booléen/env truthy sauf mention contraire,false/off sauf activation par scripts validés,Active le chemin résident solide/rectangle SRC classic CUDA.,Ne se place pas dans params.kv; à passer dans l’environnement du shell ou dans les scripts de validation/démo.,doc/GPU_PATCH_0262.md; doc/GPU_PATCH_0262_RESIDENTFIX.md; doc/GPU_PATCH_0262_STREAMFIX.md; doc/GPU_PATCH_0277_CUDA_THERMOSTAT_SOLID_RECTANGLE.md; scripts/run_cuda_classic_src_io_fullface_resident_0263.sh; scripts/run_cuda_classic_src_io_segmented_resident_0264.sh; ...,src_mpcd_cuda_env_flags_0287.csv | src_mpcd_cuda_env_flags_0292.csv | src_mpcd_cuda_env_flags_0303_resampling.csv | src_mpcd_cuda_env_flags_0314_resampling.csv
MPCD_CUDA_PERSISTENT_PARTICLE_METADATA_CACHE,env_flag,Autres variables internes,interne/runtime | propagé scripts Darcy 0426,booléen/env truthy sauf mention contraire,false/off sauf activation par scripts validés,Variable interne de contrôle du backend CUDA.,Ne se place pas dans params.kv; à passer dans l’environnement du shell ou dans les scripts de validation/démo. | 0426 : intégré au bloc fastflags Darcy pour éviter le backend collision/thermostat lent dans les cas chi/segments.,scripts/run_cuda_boundary_cell_moments_0250.sh; scripts/run_cuda_boundary_stack_0248.sh; scripts/run_cuda_classic_src_io_fullface_resident_0263.sh; scripts/run_cuda_classic_src_io_segmented_resident_0264.sh; scripts/run_cuda_classic_src_mode_0259.sh; scripts/run_cuda_classic_src_periodic_resident_0260.sh; ... | scripts/run_src_classic_cuda_darcy_chi_lr_segments_0411.sh; scripts/run_src_classic_cuda_darcy_chi_naca_periodic_0414.sh; scripts/run_src_classic_cuda_darcy_chi_vonkarman_periodic_0416.sh; scripts/run_src_classic_cuda_darcy_chi_backward_step_0425.sh; doc/README_0426_DARCY_FASTFLAGS.md,src_mpcd_cuda_env_flags_0287.csv | src_mpcd_cuda_env_flags_0292.csv | src_mpcd_cuda_env_flags_0303_resampling.csv | src_mpcd_cuda_env_flags_0314_resampling.csv | src_mpcd_env_flags_inventory_consolidated_0365.csv + compléments Darcy/Brinkman/livevis 0411-0426
MPCD_CUDA_PERSISTENT_THREADS_PER_BLOCK,env_flag,Autres variables internes,réglage performance/interne | propagé scripts Darcy 0426,entier,256 le plus souvent,Nombre de threads CUDA par bloc pour le noyau associé.,Ne se place pas dans params.kv; à passer dans l’environnement du shell ou dans les scripts de validation/démo. | 0426 : intégré au bloc fastflags Darcy pour éviter le backend collision/thermostat lent dans les cas chi/segments.,scripts/run_cuda_classic_src_io_fullface_resident_0263.sh; scripts/run_cuda_classic_src_io_segmented_resident_0264.sh; scripts/run_cuda_classic_src_mode_0259.sh; scripts/run_cuda_classic_src_periodic_resident_0260.sh; scripts/run_cuda_classic_src_solid_resident_0262.sh; scripts/run_cuda_classic_src_wall_resident_0261.sh; ... | scripts/run_src_classic_cuda_darcy_chi_lr_segments_0411.sh; scripts/run_src_classic_cuda_darcy_chi_naca_periodic_0414.sh; scripts/run_src_classic_cuda_darcy_chi_vonkarman_periodic_0416.sh; scripts/run_src_classic_cuda_darcy_chi_backward_step_0425.sh; doc/README_0426_DARCY_FASTFLAGS.md,src_mpcd_cuda_env_flags_0287.csv | src_mpcd_cuda_env_flags_0292.csv | src_mpcd_cuda_env_flags_0303_resampling.csv | src_mpcd_cuda_env_flags_0314_resampling.csv | src_mpcd_env_flags_inventory_consolidated_0365.csv + compléments Darcy/Brinkman/livevis 0411-0426
MPCD_BACKEND,env_flag,Backend principal,principal utilisateur,string,cuda dans scripts/run_src_mpcd_cuda_primary_0275.sh; openmp si demandé explicitement,Choisit le lanceur primaire cuda/openmp.,Ne se place pas dans params.kv; à passer dans l’environnement du shell ou dans les scripts de validation/démo.,doc/GPU_PATCH_0275_CUDA_PRIMARY_BACKEND.md; scripts/run_src_mpcd_cuda_primary_0275.sh; scripts/run_src_mpcd_openmp_0275.sh,src_mpcd_cuda_env_flags_0287.csv | src_mpcd_cuda_env_flags_0292.csv | src_mpcd_cuda_env_flags_0303_resampling.csv | src_mpcd_cuda_env_flags_0314_resampling.csv
MPCD_CUDA_PRIMARY_KEEP_TEMP,env_flag,Backend principal,interne/runtime,booléen/env truthy sauf mention contraire,false/off sauf activation par scripts validés,Variable interne de contrôle du backend CUDA.,Ne se place pas dans params.kv; à passer dans l’environnement du shell ou dans les scripts de validation/démo.,doc/GPU_PATCH_0275_CUDA_PRIMARY_BACKEND.md; scripts/run_src_mpcd_cuda_primary_0275.sh,src_mpcd_cuda_env_flags_0287.csv | src_mpcd_cuda_env_flags_0292.csv | src_mpcd_cuda_env_flags_0303_resampling.csv | src_mpcd_cuda_env_flags_0314_resampling.csv
MPCD_CUDA_PRIMARY_VERBOSE,env_flag,Backend principal,interne/runtime,booléen/env truthy sauf mention contraire,false/off sauf activation par scripts validés,Variable interne de contrôle du backend CUDA.,Ne se place pas dans params.kv; à passer dans l’environnement du shell ou dans les scripts de validation/démo.,doc/GPU_PATCH_0275_CUDA_PRIMARY_BACKEND.md; scripts/run_src_mpcd_cuda_primary_0275.sh,src_mpcd_cuda_env_flags_0287.csv | src_mpcd_cuda_env_flags_0292.csv | src_mpcd_cuda_env_flags_0303_resampling.csv | src_mpcd_cuda_env_flags_0314_resampling.csv
MPCD_RUNTIME_BACKEND,env_flag,Backend principal,principal utilisateur,string,utilisé si MPCD_BACKEND absent; cuda par défaut dans runner primaire,Alias/fallback pour choisir cuda/openmp lorsque MPCD_BACKEND absent.,Ne se place pas dans params.kv; à passer dans l’environnement du shell ou dans les scripts de validation/démo.,doc/GPU_PATCH_0275_CUDA_PRIMARY_BACKEND.md; scripts/run_src_mpcd_cuda_primary_0275.sh,src_mpcd_cuda_env_flags_0287.csv | src_mpcd_cuda_env_flags_0292.csv | src_mpcd_cuda_env_flags_0303_resampling.csv | src_mpcd_cuda_env_flags_0314_resampling.csv
MPCD_ENABLE_LIVE_VIS,env_flag,Build option live visualization,ajout 0335,booléen/env truthy,false/off,Compile le support GLFW/OpenGL de visualisation live.,"Flag de build. Si absent, le module livevis reste no-op et le build standard ne dépend pas de GLFW/OpenGL.",scripts/build_src_mpcd_cuda_0315b.sh; src/live_visualization_0335.cpp; doc/README_live_visualization_0335a.md,src_mpcd_cuda_env_flags_added_0331_to_0337_livevis.csv | src_mpcd_cuda_livevis_inventory_0314_to_0339a.csv | src_mpcd_cuda_livevis_inventory_0314_to_0342a.csv | src_mpcd_cuda_resampling_env_flags_delta_0314_to_0337_livevis.csv
MPCD_CUDA_Q6_DEBUG_SYNC,env_flag,CUDA Q6 — prototype/chantiers futurs,debug/comparaison,booléen/env truthy sauf mention contraire,false/off sauf activation par scripts validés,Contrôle les prototypes CUDA Q6; Q6 CUDA reste un chantier séparé.,Ne se place pas dans params.kv; à passer dans l’environnement du shell ou dans les scripts de validation/démo.,scripts/run_cuda_q6_tg_batched_cg_0197.sh; scripts/run_cuda_q6_tg_batched_cg_0198.sh; scripts/run_cuda_q6_tg_device_scalar_0196.sh; scripts/run_cuda_q6_tg_mean_removal_shortcut_0195.sh; scripts/run_cuda_q6_tg_reduction_0193.sh; scripts/run_cuda_q6_tg_reduction_modes_0194.sh; ...,src_mpcd_cuda_env_flags_0287.csv | src_mpcd_cuda_env_flags_0292.csv | src_mpcd_cuda_env_flags_0303_resampling.csv | src_mpcd_cuda_env_flags_0314_resampling.csv
MPCD_CUDA_Q6_DEVICE_SCALAR_BATCH,env_flag,CUDA Q6 — prototype/chantiers futurs,"prototype/préservé, hors jalon SRC classic 0286",booléen/env truthy sauf mention contraire,false/off sauf activation par scripts validés,Contrôle les prototypes CUDA Q6; Q6 CUDA reste un chantier séparé.,Ne se place pas dans params.kv; à passer dans l’environnement du shell ou dans les scripts de validation/démo.,scripts/run_cuda_persistent_cell_workspace_q6_0226.sh; scripts/run_cuda_persistent_collision_q6_thermostat_0216.sh; scripts/run_cuda_persistent_collision_q6_thermostat_ordered_0217.sh; scripts/run_cuda_q6_tg_batched_cg_0197.sh; scripts/run_cuda_q6_tg_batched_cg_0198.sh; scripts/run_cuda_tg_combined_gpu_0203.sh; ...,src_mpcd_cuda_env_flags_0287.csv | src_mpcd_cuda_env_flags_0292.csv | src_mpcd_cuda_env_flags_0303_resampling.csv | src_mpcd_cuda_env_flags_0314_resampling.csv
MPCD_CUDA_Q6_DEVICE_SCALAR_CG,env_flag,CUDA Q6 — prototype/chantiers futurs,"prototype/préservé, hors jalon SRC classic 0286",booléen/env truthy sauf mention contraire,false/off sauf activation par scripts validés,Contrôle les prototypes CUDA Q6; Q6 CUDA reste un chantier séparé.,Ne se place pas dans params.kv; à passer dans l’environnement du shell ou dans les scripts de validation/démo.,scripts/run_cuda_persistent_cell_workspace_q6_0226.sh; scripts/run_cuda_persistent_collision_q6_thermostat_0216.sh; scripts/run_cuda_persistent_collision_q6_thermostat_ordered_0217.sh; scripts/run_cuda_q6_tg_batched_cg_0197.sh; scripts/run_cuda_q6_tg_batched_cg_0198.sh; scripts/run_cuda_q6_tg_device_scalar_0196.sh; ...,src_mpcd_cuda_env_flags_0287.csv | src_mpcd_cuda_env_flags_0292.csv | src_mpcd_cuda_env_flags_0303_resampling.csv | src_mpcd_cuda_env_flags_0314_resampling.csv
MPCD_CUDA_Q6_DEVICE_SCALAR_REDUCTION,env_flag,CUDA Q6 — prototype/chantiers futurs,"prototype/préservé, hors jalon SRC classic 0286",booléen/env truthy sauf mention contraire,false/off sauf activation par scripts validés,Contrôle les prototypes CUDA Q6; Q6 CUDA reste un chantier séparé.,Ne se place pas dans params.kv; à passer dans l’environnement du shell ou dans les scripts de validation/démo.,scripts/run_cuda_persistent_cell_workspace_q6_0226.sh; scripts/run_cuda_persistent_collision_q6_thermostat_0216.sh; scripts/run_cuda_persistent_collision_q6_thermostat_ordered_0217.sh; scripts/run_cuda_q6_tg_batched_cg_0197.sh; scripts/run_cuda_q6_tg_batched_cg_0198.sh; scripts/run_cuda_q6_tg_device_scalar_0196.sh; ...,src_mpcd_cuda_env_flags_0287.csv | src_mpcd_cuda_env_flags_0292.csv | src_mpcd_cuda_env_flags_0303_resampling.csv | src_mpcd_cuda_env_flags_0314_resampling.csv
MPCD_CUDA_Q6_DISABLE_PLAN_CACHE,env_flag,CUDA Q6 — prototype/chantiers futurs,"prototype/préservé, hors jalon SRC classic 0286",booléen/env truthy sauf mention contraire,false/off,Contrôle les prototypes CUDA Q6; Q6 CUDA reste un chantier séparé.,Ne se place pas dans params.kv; à passer dans l’environnement du shell ou dans les scripts de validation/démo.,scripts/run_cuda_persistent_cell_workspace_q6_0226.sh; scripts/run_cuda_persistent_collision_q6_thermostat_0216.sh; scripts/run_cuda_persistent_collision_q6_thermostat_ordered_0217.sh; scripts/run_cuda_q6_tg_batched_cg_0197.sh; scripts/run_cuda_q6_tg_batched_cg_0198.sh; scripts/run_cuda_q6_tg_device_scalar_0196.sh; ...,src_mpcd_cuda_env_flags_0287.csv | src_mpcd_cuda_env_flags_0292.csv | src_mpcd_cuda_env_flags_0303_resampling.csv | src_mpcd_cuda_env_flags_0314_resampling.csv
MPCD_CUDA_Q6_HOST_BLOCK_SUM,env_flag,CUDA Q6 — prototype/chantiers futurs,"prototype/préservé, hors jalon SRC classic 0286",booléen/env truthy sauf mention contraire,false/off sauf activation par scripts validés,Contrôle les prototypes CUDA Q6; Q6 CUDA reste un chantier séparé.,Ne se place pas dans params.kv; à passer dans l’environnement du shell ou dans les scripts de validation/démo.,scripts/run_cuda_persistent_cell_workspace_q6_0226.sh; scripts/run_cuda_persistent_collision_q6_thermostat_0216.sh; scripts/run_cuda_persistent_collision_q6_thermostat_ordered_0217.sh; scripts/run_cuda_q6_tg_batched_cg_0197.sh; scripts/run_cuda_q6_tg_batched_cg_0198.sh; scripts/run_cuda_q6_tg_device_scalar_0196.sh; ...,src_mpcd_cuda_env_flags_0287.csv | src_mpcd_cuda_env_flags_0292.csv | src_mpcd_cuda_env_flags_0303_resampling.csv | src_mpcd_cuda_env_flags_0314_resampling.csv
MPCD_CUDA_Q6_LEGACY_HOST_SCALAR_CG,env_flag,CUDA Q6 — prototype/chantiers futurs,debug/comparaison,booléen/env truthy sauf mention contraire,false/off sauf activation par scripts validés,Contrôle les prototypes CUDA Q6; Q6 CUDA reste un chantier séparé.,Ne se place pas dans params.kv; à passer dans l’environnement du shell ou dans les scripts de validation/démo.,scripts/run_cuda_persistent_cell_workspace_q6_0226.sh; scripts/run_cuda_persistent_collision_q6_thermostat_0216.sh; scripts/run_cuda_persistent_collision_q6_thermostat_ordered_0217.sh; scripts/run_cuda_q6_tg_batched_cg_0197.sh; scripts/run_cuda_q6_tg_batched_cg_0198.sh; scripts/run_cuda_q6_tg_device_scalar_0196.sh; ...,src_mpcd_cuda_env_flags_0287.csv | src_mpcd_cuda_env_flags_0292.csv | src_mpcd_cuda_env_flags_0303_resampling.csv | src_mpcd_cuda_env_flags_0314_resampling.csv
MPCD_CUDA_Q6_LEGACY_MEAN_REMOVAL_RESIDUAL_NORM,env_flag,CUDA Q6 — prototype/chantiers futurs,debug/comparaison,booléen/env truthy sauf mention contraire,false/off sauf activation par scripts validés,Contrôle les prototypes CUDA Q6; Q6 CUDA reste un chantier séparé.,Ne se place pas dans params.kv; à passer dans l’environnement du shell ou dans les scripts de validation/démo.,scripts/run_cuda_persistent_cell_workspace_q6_0226.sh; scripts/run_cuda_persistent_collision_q6_thermostat_0216.sh; scripts/run_cuda_persistent_collision_q6_thermostat_ordered_0217.sh; scripts/run_cuda_q6_tg_batched_cg_0197.sh; scripts/run_cuda_q6_tg_batched_cg_0198.sh; scripts/run_cuda_q6_tg_device_scalar_0196.sh; ...,src_mpcd_cuda_env_flags_0287.csv | src_mpcd_cuda_env_flags_0292.csv | src_mpcd_cuda_env_flags_0303_resampling.csv | src_mpcd_cuda_env_flags_0314_resampling.csv
MPCD_CUDA_Q6_RESIDUAL_NORM_SHORTCUT,env_flag,CUDA Q6 — prototype/chantiers futurs,"prototype/préservé, hors jalon SRC classic 0286",booléen/env truthy sauf mention contraire,false/off sauf activation par scripts validés,Contrôle les prototypes CUDA Q6; Q6 CUDA reste un chantier séparé.,Ne se place pas dans params.kv; à passer dans l’environnement du shell ou dans les scripts de validation/démo.,scripts/run_cuda_persistent_cell_workspace_q6_0226.sh; scripts/run_cuda_persistent_collision_q6_thermostat_0216.sh; scripts/run_cuda_persistent_collision_q6_thermostat_ordered_0217.sh; scripts/run_cuda_q6_tg_batched_cg_0197.sh; scripts/run_cuda_q6_tg_batched_cg_0198.sh; scripts/run_cuda_q6_tg_device_scalar_0196.sh; ...,src_mpcd_cuda_env_flags_0287.csv | src_mpcd_cuda_env_flags_0292.csv | src_mpcd_cuda_env_flags_0303_resampling.csv | src_mpcd_cuda_env_flags_0314_resampling.csv
MPCD_CUDA_Q6_TIMING,env_flag,CUDA Q6 — prototype/chantiers futurs,diagnostic/profilage,booléen/env truthy sauf mention contraire,false/off,Contrôle les prototypes CUDA Q6; Q6 CUDA reste un chantier séparé.,Ne se place pas dans params.kv; à passer dans l’environnement du shell ou dans les scripts de validation/démo.,scripts/run_cuda_persistent_cell_workspace_q6_0226.sh; scripts/run_cuda_persistent_collision_q6_thermostat_0216.sh; scripts/run_cuda_persistent_collision_q6_thermostat_ordered_0217.sh; scripts/run_cuda_q6_tg_batched_cg_0197.sh; scripts/run_cuda_q6_tg_batched_cg_0198.sh; scripts/run_cuda_q6_tg_device_scalar_0196.sh; ...,src_mpcd_cuda_env_flags_0287.csv | src_mpcd_cuda_env_flags_0292.csv | src_mpcd_cuda_env_flags_0303_resampling.csv | src_mpcd_cuda_env_flags_0314_resampling.csv
MPCD_Q6_PROFILE,env_flag,CUDA Q6 — prototype/chantiers futurs,diagnostic/profilage,booléen/env truthy sauf mention contraire,false/off,Contrôle les prototypes CUDA Q6; Q6 CUDA reste un chantier séparé.,Ne se place pas dans params.kv; à passer dans l’environnement du shell ou dans les scripts de validation/démo.,src/q6_projection_adapter.cpp,src_mpcd_cuda_env_flags_0287.csv | src_mpcd_cuda_env_flags_0292.csv | src_mpcd_cuda_env_flags_0303_resampling.csv | src_mpcd_cuda_env_flags_0314_resampling.csv
MPCD_CUDA_CLASSIC_SRC_IO_FULLFACE_RESIDENT_0263,env_flag,CUDA SRC classic — inlet/outlet full-face,validé 0286,booléen/env truthy sauf mention contraire,false/off sauf activation par scripts validés,Active le chemin résident inlet/outlet full-face SRC classic CUDA.,Ne se place pas dans params.kv; à passer dans l’environnement du shell ou dans les scripts de validation/démo.,doc/GPU_PATCH_0263D_INACTIVE_RESERVOIR_FIX.md; doc/GPU_PATCH_0263_IO_FULLFACE_RESIDENT.md; doc/GPU_PATCH_0268_IO_FULLFACE_RESERVOIR_POOL.md; scripts/run_cuda_classic_src_io_fullface_resident_0263.sh; scripts/run_cuda_classic_src_io_segmented_resident_0264.sh; scripts/run_cuda_persistent_src_thermostat_circle_0284.sh; ...,src_mpcd_cuda_env_flags_0287.csv | src_mpcd_cuda_env_flags_0292.csv | src_mpcd_cuda_env_flags_0303_resampling.csv | src_mpcd_cuda_env_flags_0314_resampling.csv
MPCD_CUDA_CLASSIC_SRC_IO_FULLFACE_RESIDENT_0263_STRICT,env_flag,CUDA SRC classic — inlet/outlet full-face,validé 0286,booléen/env truthy sauf mention contraire,souvent true dans validateurs; dépend du module,Active le chemin résident inlet/outlet full-face SRC classic CUDA.,Ne se place pas dans params.kv; à passer dans l’environnement du shell ou dans les scripts de validation/démo.,scripts/run_cuda_classic_src_io_fullface_resident_0263.sh; scripts/run_cuda_classic_src_io_segmented_resident_0264.sh; scripts/run_cuda_persistent_src_thermostat_circle_io_0285.sh; scripts/run_cuda_persistent_src_thermostat_io_fullface_0279.sh; scripts/run_cuda_persistent_src_thermostat_io_fullface_0279b.sh; scripts/run_cuda_persistent_src_thermostat_io_segmented_0280.sh; ...,src_mpcd_cuda_env_flags_0287.csv | src_mpcd_cuda_env_flags_0292.csv | src_mpcd_cuda_env_flags_0303_resampling.csv | src_mpcd_cuda_env_flags_0314_resampling.csv
MPCD_CUDA_CLASSIC_SRC_IO_FULLFACE_RESIDENT_0263_THREADS,env_flag,CUDA SRC classic — inlet/outlet full-face,validé 0286,entier,256 le plus souvent,Active le chemin résident inlet/outlet full-face SRC classic CUDA.,Ne se place pas dans params.kv; à passer dans l’environnement du shell ou dans les scripts de validation/démo.,src/cuda_classic_src_io_resident_0263.cu,src_mpcd_cuda_env_flags_0287.csv | src_mpcd_cuda_env_flags_0292.csv | src_mpcd_cuda_env_flags_0303_resampling.csv | src_mpcd_cuda_env_flags_0314_resampling.csv
MPCD_CUDA_CLASSIC_SRC_IO_RESIDENT_0268_DISABLE_POOL,env_flag,CUDA SRC classic — inlet/outlet full-face,réglage performance/interne,booléen/env truthy sauf mention contraire,false/off,Variable interne de contrôle du backend CUDA.,Ne se place pas dans params.kv; à passer dans l’environnement du shell ou dans les scripts de validation/démo.,doc/GPU_PATCH_0268_IO_FULLFACE_RESERVOIR_POOL.md; doc/GPU_PATCH_0269A_IO_SEGMENTED_RESERVOIR_POOL.md; src/cuda_classic_src_io_resident_0263.cu,src_mpcd_cuda_env_flags_0287.csv | src_mpcd_cuda_env_flags_0292.csv | src_mpcd_cuda_env_flags_0303_resampling.csv | src_mpcd_cuda_env_flags_0314_resampling.csv
MPCD_CUDA_CLASSIC_SRC_IO_RESIDENT_0268_INSERT_THREADS,env_flag,CUDA SRC classic — inlet/outlet full-face,réglage performance/interne,entier,256 le plus souvent,Nombre de threads CUDA par bloc pour le noyau associé.,Ne se place pas dans params.kv; à passer dans l’environnement du shell ou dans les scripts de validation/démo.,doc/GPU_PATCH_0268_IO_FULLFACE_RESERVOIR_POOL.md; src/cuda_classic_src_io_resident_0263.cu,src_mpcd_cuda_env_flags_0287.csv | src_mpcd_cuda_env_flags_0292.csv | src_mpcd_cuda_env_flags_0303_resampling.csv | src_mpcd_cuda_env_flags_0314_resampling.csv
MPCD_CUDA_CLASSIC_SRC_IO_RESIDENT_0268_POOL_THREADS,env_flag,CUDA SRC classic — inlet/outlet full-face,réglage performance/interne,entier,256 le plus souvent,Nombre de threads CUDA par bloc pour le noyau associé.,Ne se place pas dans params.kv; à passer dans l’environnement du shell ou dans les scripts de validation/démo.,doc/GPU_PATCH_0268_IO_FULLFACE_RESERVOIR_POOL.md; src/cuda_classic_src_io_resident_0263.cu,src_mpcd_cuda_env_flags_0287.csv | src_mpcd_cuda_env_flags_0292.csv | src_mpcd_cuda_env_flags_0303_resampling.csv | src_mpcd_cuda_env_flags_0314_resampling.csv
MPCD_CUDA_INLET_OUTLET_FULLFACE_0249A,env_flag,CUDA SRC classic — inlet/outlet full-face,interne/runtime,booléen/env truthy sauf mention contraire,false/off sauf activation par scripts validés,Variable interne de contrôle du backend CUDA.,Ne se place pas dans params.kv; à passer dans l’environnement du shell ou dans les scripts de validation/démo.,doc/GPU_PATCH_0249A.md; scripts/run_cuda_boundary_cell_moments_0250.sh; scripts/run_cuda_classic_src_io_fullface_resident_0263.sh; scripts/run_cuda_classic_src_io_segmented_resident_0264.sh; scripts/run_cuda_classic_src_mode_0259.sh; scripts/run_cuda_classic_src_periodic_resident_0260.sh; ...,src_mpcd_cuda_env_flags_0287.csv | src_mpcd_cuda_env_flags_0292.csv | src_mpcd_cuda_env_flags_0303_resampling.csv | src_mpcd_cuda_env_flags_0314_resampling.csv
MPCD_CUDA_INLET_OUTLET_FULLFACE_0249A_THREADS,env_flag,CUDA SRC classic — inlet/outlet full-face,réglage performance/interne,entier,256 le plus souvent,Nombre de threads CUDA par bloc pour le noyau associé.,Ne se place pas dans params.kv; à passer dans l’environnement du shell ou dans les scripts de validation/démo.,scripts/run_cuda_boundary_cell_moments_0250.sh; scripts/run_cuda_classic_src_mode_0259.sh; scripts/run_cuda_inlet_outlet_fullface_0249a.sh; scripts/run_cuda_inlet_outlet_segmented_0249b.sh; scripts/run_cuda_persistent_cell_state_0251.sh; scripts/run_cuda_persistent_src_collision_min_download_0257.sh; ...,src_mpcd_cuda_env_flags_0287.csv | src_mpcd_cuda_env_flags_0292.csv | src_mpcd_cuda_env_flags_0303_resampling.csv | src_mpcd_cuda_env_flags_0314_resampling.csv
MPCD_CUDA_RESIDENT_PROFILE_0268,env_flag,CUDA SRC classic — inlet/outlet full-face,diagnostic/profilage,booléen/env truthy sauf mention contraire,false/off,Active des sorties de profiling/instrumentation.,Ne se place pas dans params.kv; à passer dans l’environnement du shell ou dans les scripts de validation/démo.,scripts/run_cuda_classic_src_resident_perf_0268.sh,src_mpcd_cuda_env_flags_0287.csv | src_mpcd_cuda_env_flags_0292.csv | src_mpcd_cuda_env_flags_0303_resampling.csv | src_mpcd_cuda_env_flags_0314_resampling.csv
MPCD_CUDA_CLASSIC_SRC_IO_RESIDENT_0269_DISABLE_SEGMENTED_POOL,env_flag,CUDA SRC classic — inlet/outlet segmenté,réglage performance/interne,booléen/env truthy sauf mention contraire,false/off,Variable interne de contrôle du backend CUDA.,Ne se place pas dans params.kv; à passer dans l’environnement du shell ou dans les scripts de validation/démo.,doc/GPU_PATCH_0269A_IO_SEGMENTED_RESERVOIR_POOL.md; src/cuda_classic_src_io_resident_0263.cu,src_mpcd_cuda_env_flags_0287.csv | src_mpcd_cuda_env_flags_0292.csv | src_mpcd_cuda_env_flags_0303_resampling.csv | src_mpcd_cuda_env_flags_0314_resampling.csv
MPCD_CUDA_CLASSIC_SRC_IO_RESIDENT_0269_POOL_THREADS,env_flag,CUDA SRC classic — inlet/outlet segmenté,réglage performance/interne,entier,256 le plus souvent,Nombre de threads CUDA par bloc pour le noyau associé.,Ne se place pas dans params.kv; à passer dans l’environnement du shell ou dans les scripts de validation/démo.,src/cuda_classic_src_io_resident_0263.cu,src_mpcd_cuda_env_flags_0287.csv | src_mpcd_cuda_env_flags_0292.csv | src_mpcd_cuda_env_flags_0303_resampling.csv | src_mpcd_cuda_env_flags_0314_resampling.csv
MPCD_CUDA_CLASSIC_SRC_IO_RESIDENT_0269_SEGMENTED_INSERT_THREADS,env_flag,CUDA SRC classic — inlet/outlet segmenté,réglage performance/interne,entier,256 le plus souvent,Nombre de threads CUDA par bloc pour le noyau associé.,Ne se place pas dans params.kv; à passer dans l’environnement du shell ou dans les scripts de validation/démo.,src/cuda_classic_src_io_resident_0263.cu,src_mpcd_cuda_env_flags_0287.csv | src_mpcd_cuda_env_flags_0292.csv | src_mpcd_cuda_env_flags_0303_resampling.csv | src_mpcd_cuda_env_flags_0314_resampling.csv
MPCD_CUDA_CLASSIC_SRC_IO_SEGMENTED_RESIDENT_0264,env_flag,CUDA SRC classic — inlet/outlet segmenté,validé 0286,booléen/env truthy sauf mention contraire,false/off sauf activation par scripts validés,Active le chemin résident inlet/outlet segmenté SRC classic CUDA.,Ne se place pas dans params.kv; à passer dans l’environnement du shell ou dans les scripts de validation/démo.,doc/GPU_PATCH_0264_IO_SEGMENTED_RESIDENT.md; doc/GPU_PATCH_0280B_CUDA_THERMOSTAT_IO_SEGMENTED_RUNNERFIX.md; doc/GPU_PATCH_0280_CUDA_THERMOSTAT_IO_SEGMENTED.md; scripts/run_cuda_classic_src_io_segmented_resident_0264.sh; scripts/run_cuda_persistent_src_thermostat_circle_0284.sh; scripts/run_cuda_persistent_src_thermostat_circle_io_0285.sh; ...,src_mpcd_cuda_env_flags_0287.csv | src_mpcd_cuda_env_flags_0292.csv | src_mpcd_cuda_env_flags_0303_resampling.csv | src_mpcd_cuda_env_flags_0314_resampling.csv
MPCD_CUDA_CLASSIC_SRC_IO_SEGMENTED_RESIDENT_0264_STRICT,env_flag,CUDA SRC classic — inlet/outlet segmenté,validé 0286,booléen/env truthy sauf mention contraire,souvent true dans validateurs; dépend du module,Active le chemin résident inlet/outlet segmenté SRC classic CUDA.,Ne se place pas dans params.kv; à passer dans l’environnement du shell ou dans les scripts de validation/démo.,doc/GPU_PATCH_0264_IO_SEGMENTED_RESIDENT.md; scripts/run_cuda_classic_src_io_segmented_resident_0264.sh; scripts/run_cuda_persistent_src_thermostat_io_segmented_0280.sh; scripts/run_cuda_persistent_src_thermostat_io_segmented_0280b.sh; scripts/run_cuda_persistent_src_thermostat_io_segmented_0280c.sh; scripts/src_gpu_demo_common_0283.sh; ...,src_mpcd_cuda_env_flags_0287.csv | src_mpcd_cuda_env_flags_0292.csv | src_mpcd_cuda_env_flags_0303_resampling.csv | src_mpcd_cuda_env_flags_0314_resampling.csv
MPCD_CUDA_CLASSIC_SRC_IO_SEGMENTED_RESIDENT_0264_THREADS,env_flag,CUDA SRC classic — inlet/outlet segmenté,validé 0286,entier,256 le plus souvent,Active le chemin résident inlet/outlet segmenté SRC classic CUDA.,Ne se place pas dans params.kv; à passer dans l’environnement du shell ou dans les scripts de validation/démo.,src/cuda_classic_src_io_resident_0263.cu,src_mpcd_cuda_env_flags_0287.csv | src_mpcd_cuda_env_flags_0292.csv | src_mpcd_cuda_env_flags_0303_resampling.csv | src_mpcd_cuda_env_flags_0314_resampling.csv
MPCD_CUDA_INLET_OUTLET_SEGMENTED_0249B,env_flag,CUDA SRC classic — inlet/outlet segmenté,interne/runtime,booléen/env truthy sauf mention contraire,false/off sauf activation par scripts validés,Variable interne de contrôle du backend CUDA.,Ne se place pas dans params.kv; à passer dans l’environnement du shell ou dans les scripts de validation/démo.,scripts/run_cuda_boundary_cell_moments_0250.sh; scripts/run_cuda_classic_src_io_fullface_resident_0263.sh; scripts/run_cuda_classic_src_io_segmented_resident_0264.sh; scripts/run_cuda_classic_src_mode_0259.sh; scripts/run_cuda_classic_src_periodic_resident_0260.sh; scripts/run_cuda_classic_src_solid_resident_0262.sh; ...,src_mpcd_cuda_env_flags_0287.csv | src_mpcd_cuda_env_flags_0292.csv | src_mpcd_cuda_env_flags_0303_resampling.csv | src_mpcd_cuda_env_flags_0314_resampling.csv
MPCD_CUDA_INLET_OUTLET_SEGMENTED_0249B_THREADS,env_flag,CUDA SRC classic — inlet/outlet segmenté,réglage performance/interne,entier,256 le plus souvent,Nombre de threads CUDA par bloc pour le noyau associé.,Ne se place pas dans params.kv; à passer dans l’environnement du shell ou dans les scripts de validation/démo.,scripts/run_cuda_boundary_cell_moments_0250.sh; scripts/run_cuda_classic_src_mode_0259.sh; scripts/run_cuda_inlet_outlet_segmented_0249b.sh; scripts/run_cuda_persistent_cell_state_0251.sh; scripts/run_cuda_persistent_src_collision_min_download_0257.sh; scripts/run_cuda_persistent_src_collision_piston_0255.sh; ...,src_mpcd_cuda_env_flags_0287.csv | src_mpcd_cuda_env_flags_0292.csv | src_mpcd_cuda_env_flags_0303_resampling.csv | src_mpcd_cuda_env_flags_0314_resampling.csv
MPCD_CUDA_RESIDENT_PROFILE_0269A,env_flag,CUDA SRC classic — inlet/outlet segmenté,diagnostic/profilage,booléen/env truthy sauf mention contraire,false/off,Active des sorties de profiling/instrumentation.,Ne se place pas dans params.kv; à passer dans l’environnement du shell ou dans les scripts de validation/démo.,scripts/run_cuda_classic_src_resident_perf_0269a.sh,src_mpcd_cuda_env_flags_0287.csv | src_mpcd_cuda_env_flags_0292.csv | src_mpcd_cuda_env_flags_0303_resampling.csv | src_mpcd_cuda_env_flags_0314_resampling.csv
MPCD_CUDA_PERSISTENT_SRC_COLLISION_PISTON_0255,env_flag,CUDA SRC classic — piston/mobile wall,interne/runtime,booléen/env truthy sauf mention contraire,false/off sauf activation par scripts validés,Variable interne de contrôle du backend CUDA.,Ne se place pas dans params.kv; à passer dans l’environnement du shell ou dans les scripts de validation/démo.,doc/GPU_PATCH_0255.md; scripts/run_cuda_classic_src_mode_0259.sh; scripts/run_cuda_persistent_src_collision_min_download_0257.sh; scripts/run_cuda_persistent_src_collision_piston_0255.sh; scripts/run_cuda_persistent_src_collision_stack_0256.sh; scripts/run_cuda_persistent_src_collision_thermostat_0258.sh; ...,src_mpcd_cuda_env_flags_0287.csv | src_mpcd_cuda_env_flags_0292.csv | src_mpcd_cuda_env_flags_0303_resampling.csv | src_mpcd_cuda_env_flags_0314_resampling.csv
MPCD_CUDA_STREAMING_PISTON_0247B,env_flag,CUDA SRC classic — piston/mobile wall,interne/runtime,booléen/env truthy sauf mention contraire,false/off sauf activation par scripts validés,Variable interne de contrôle du backend CUDA.,Ne se place pas dans params.kv; à passer dans l’environnement du shell ou dans les scripts de validation/démo.,doc/GPU_PATCH_0247B.md; scripts/run_cuda_boundary_cell_moments_0250.sh; scripts/run_cuda_boundary_stack_0248.sh; scripts/run_cuda_classic_src_io_fullface_resident_0263.sh; scripts/run_cuda_classic_src_io_segmented_resident_0264.sh; scripts/run_cuda_classic_src_mode_0259.sh; ...,src_mpcd_cuda_env_flags_0287.csv | src_mpcd_cuda_env_flags_0292.csv | src_mpcd_cuda_env_flags_0303_resampling.csv | src_mpcd_cuda_env_flags_0314_resampling.csv
MPCD_CUDA_STREAMING_PISTON_0247B_DOWNLOAD_ALL,env_flag,CUDA SRC classic — piston/mobile wall,réglage performance/interne,booléen/env truthy sauf mention contraire,false/off sauf activation par scripts validés,Variable interne de contrôle du backend CUDA.,Ne se place pas dans params.kv; à passer dans l’environnement du shell ou dans les scripts de validation/démo.,scripts/run_src_mpcd_cuda_primary_0275.sh,src_mpcd_cuda_env_flags_0287.csv | src_mpcd_cuda_env_flags_0292.csv | src_mpcd_cuda_env_flags_0303_resampling.csv | src_mpcd_cuda_env_flags_0314_resampling.csv
MPCD_CUDA_STREAMING_PISTON_0247B_THREADS,env_flag,CUDA SRC classic — piston/mobile wall,réglage performance/interne,entier,256 le plus souvent,Nombre de threads CUDA par bloc pour le noyau associé.,Ne se place pas dans params.kv; à passer dans l’environnement du shell ou dans les scripts de validation/démo.,scripts/run_cuda_boundary_cell_moments_0250.sh; scripts/run_cuda_boundary_stack_0248.sh; scripts/run_cuda_classic_src_mode_0259.sh; scripts/run_cuda_inlet_outlet_fullface_0249a.sh; scripts/run_cuda_inlet_outlet_segmented_0249b.sh; scripts/run_cuda_persistent_cell_state_0251.sh; ...,src_mpcd_cuda_env_flags_0287.csv | src_mpcd_cuda_env_flags_0292.csv | src_mpcd_cuda_env_flags_0303_resampling.csv | src_mpcd_cuda_env_flags_0314_resampling.csv
MPCD_CUDA_STREAMING_PERIODIC_0245_DOWNLOAD_ALL,env_flag,CUDA SRC classic — périodique,réglage performance/interne,booléen/env truthy sauf mention contraire,false/off sauf activation par scripts validés,Variable interne de contrôle du backend CUDA.,Ne se place pas dans params.kv; à passer dans l’environnement du shell ou dans les scripts de validation/démo.,doc/GPU_PATCH_0260.md; scripts/run_cuda_classic_src_periodic_resident_0260.sh; scripts/run_cuda_classic_src_solid_resident_0262.sh; scripts/run_cuda_classic_src_wall_resident_0261.sh; scripts/run_cuda_persistent_src_thermostat_circle_0284.sh; scripts/run_cuda_persistent_src_thermostat_circle_io_0285.sh; ...,src_mpcd_cuda_env_flags_0287.csv | src_mpcd_cuda_env_flags_0292.csv | src_mpcd_cuda_env_flags_0303_resampling.csv | src_mpcd_cuda_env_flags_0314_resampling.csv
MPCD_CUDA_STREAMING_PERIODIC_0245_THREADS,env_flag,CUDA SRC classic — périodique,réglage performance/interne,entier,256 le plus souvent,Nombre de threads CUDA par bloc pour le noyau associé.,Ne se place pas dans params.kv; à passer dans l’environnement du shell ou dans les scripts de validation/démo.,doc/GPU_PATCH_0245.md; scripts/run_cuda_boundary_cell_moments_0250.sh; scripts/run_cuda_boundary_stack_0248.sh; scripts/run_cuda_classic_src_mode_0259.sh; scripts/run_cuda_classic_src_periodic_resident_0260.sh; scripts/run_cuda_inlet_outlet_fullface_0249a.sh; ...,src_mpcd_cuda_env_flags_0287.csv | src_mpcd_cuda_env_flags_0292.csv | src_mpcd_cuda_env_flags_0303_resampling.csv | src_mpcd_cuda_env_flags_0314_resampling.csv
MPCD_CUDA_CLASSIC_SRC_WALL_RESIDENT_0261,env_flag,CUDA SRC classic — wall-simple,validé 0286,booléen/env truthy sauf mention contraire,false/off sauf activation par scripts validés,Active le chemin résident wall-simple SRC classic CUDA.,Ne se place pas dans params.kv; à passer dans l’environnement du shell ou dans les scripts de validation/démo.,doc/GPU_PATCH_0261.md; doc/GPU_PATCH_0262_RESIDENTFIX.md; doc/GPU_PATCH_0270_WALL_RESIDENT_BOUNDARY_SKIP.md; doc/GPU_PATCH_0274_FUSED_STREAM_DEPOSIT.md; scripts/run_cuda_classic_src_io_fullface_resident_0263.sh; scripts/run_cuda_classic_src_io_segmented_resident_0264.sh; ...,src_mpcd_cuda_env_flags_0287.csv | src_mpcd_cuda_env_flags_0292.csv | src_mpcd_cuda_env_flags_0303_resampling.csv | src_mpcd_cuda_env_flags_0314_resampling.csv
MPCD_CUDA_CLASSIC_SRC_WALL_RESIDENT_0270_DISABLE_BOUNDARY_SKIP,env_flag,CUDA SRC classic — wall-simple,réglage performance/interne,booléen/env truthy sauf mention contraire,false/off,Variable interne de contrôle du backend CUDA.,Ne se place pas dans params.kv; à passer dans l’environnement du shell ou dans les scripts de validation/démo.,doc/GPU_PATCH_0270_WALL_RESIDENT_BOUNDARY_SKIP.md; src/src_mpcd_base.cpp,src_mpcd_cuda_env_flags_0287.csv | src_mpcd_cuda_env_flags_0292.csv | src_mpcd_cuda_env_flags_0303_resampling.csv | src_mpcd_cuda_env_flags_0314_resampling.csv
MPCD_CUDA_CLASSIC_SRC_WALL_RESIDENT_0271_DISABLE_FAST_DIAGNOSTICS,env_flag,CUDA SRC classic — wall-simple,réglage performance/interne,booléen/env truthy sauf mention contraire,false/off,Variable interne de contrôle du backend CUDA.,Ne se place pas dans params.kv; à passer dans l’environnement du shell ou dans les scripts de validation/démo.,doc/GPU_PATCH_0271_WALL_PERIODIC_FIXED_OVERHEAD.md; src/cuda_streaming_wall_simple_0246.cu,src_mpcd_cuda_env_flags_0287.csv | src_mpcd_cuda_env_flags_0292.csv | src_mpcd_cuda_env_flags_0303_resampling.csv | src_mpcd_cuda_env_flags_0314_resampling.csv
MPCD_CUDA_CLASSIC_SRC_WALL_RESIDENT_0271_FAST_DIAGNOSTICS,env_flag,CUDA SRC classic — wall-simple,interne/runtime,booléen/env truthy sauf mention contraire,false/off sauf activation par scripts validés,Variable interne de contrôle du backend CUDA.,Ne se place pas dans params.kv; à passer dans l’environnement du shell ou dans les scripts de validation/démo.,doc/GPU_PATCH_0271_WALL_PERIODIC_FIXED_OVERHEAD.md; doc/GPU_PATCH_0274_FUSED_STREAM_DEPOSIT.md; scripts/run_cuda_classic_src_resident_perf_0271.sh; scripts/run_cuda_classic_src_resident_perf_0272.sh; scripts/run_cuda_classic_src_resident_perf_0273.sh; scripts/run_cuda_classic_src_resident_perf_0274.sh; ...,src_mpcd_cuda_env_flags_0287.csv | src_mpcd_cuda_env_flags_0292.csv | src_mpcd_cuda_env_flags_0303_resampling.csv | src_mpcd_cuda_env_flags_0314_resampling.csv
MPCD_CUDA_STREAMING_WALL_SIMPLE_0246,env_flag,CUDA SRC classic — wall-simple,interne/runtime,booléen/env truthy sauf mention contraire,false/off sauf activation par scripts validés,Variable interne de contrôle du backend CUDA.,Ne se place pas dans params.kv; à passer dans l’environnement du shell ou dans les scripts de validation/démo.,doc/GPU_PATCH_0246.md; scripts/run_cuda_boundary_cell_moments_0250.sh; scripts/run_cuda_boundary_stack_0248.sh; scripts/run_cuda_classic_src_io_fullface_resident_0263.sh; scripts/run_cuda_classic_src_io_segmented_resident_0264.sh; scripts/run_cuda_classic_src_mode_0259.sh; ...,src_mpcd_cuda_env_flags_0287.csv | src_mpcd_cuda_env_flags_0292.csv | src_mpcd_cuda_env_flags_0303_resampling.csv | src_mpcd_cuda_env_flags_0314_resampling.csv
MPCD_CUDA_STREAMING_WALL_SIMPLE_0246_DOWNLOAD_ALL,env_flag,CUDA SRC classic — wall-simple,réglage performance/interne,booléen/env truthy sauf mention contraire,false/off sauf activation par scripts validés,Variable interne de contrôle du backend CUDA.,Ne se place pas dans params.kv; à passer dans l’environnement du shell ou dans les scripts de validation/démo.,doc/GPU_PATCH_0261.md; scripts/run_cuda_classic_src_solid_resident_0262.sh; scripts/run_cuda_classic_src_wall_resident_0261.sh; scripts/run_cuda_persistent_src_thermostat_circle_0284.sh; scripts/run_cuda_persistent_src_thermostat_circle_io_0285.sh; scripts/run_cuda_persistent_src_thermostat_io_fullface_0279.sh; ...,src_mpcd_cuda_env_flags_0287.csv | src_mpcd_cuda_env_flags_0292.csv | src_mpcd_cuda_env_flags_0303_resampling.csv | src_mpcd_cuda_env_flags_0314_resampling.csv
MPCD_CUDA_STREAMING_WALL_SIMPLE_0246_THREADS,env_flag,CUDA SRC classic — wall-simple,réglage performance/interne,entier,256 le plus souvent,Nombre de threads CUDA par bloc pour le noyau associé.,Ne se place pas dans params.kv; à passer dans l’environnement du shell ou dans les scripts de validation/démo.,scripts/run_cuda_boundary_cell_moments_0250.sh; scripts/run_cuda_boundary_stack_0248.sh; scripts/run_cuda_classic_src_mode_0259.sh; scripts/run_cuda_classic_src_solid_resident_0262.sh; scripts/run_cuda_classic_src_wall_resident_0261.sh; scripts/run_cuda_inlet_outlet_fullface_0249a.sh; ...,src_mpcd_cuda_env_flags_0287.csv | src_mpcd_cuda_env_flags_0292.csv | src_mpcd_cuda_env_flags_0303_resampling.csv | src_mpcd_cuda_env_flags_0314_resampling.csv
MPCD_CUDA_PERSISTENT_SRC_COLLISION_ACTIVE_STRICT,env_flag,CUDA collision SRC,debug/comparaison,booléen/env truthy sauf mention contraire,souvent true dans validateurs; dépend du module,Active le mode strict: erreur si le chemin CUDA demandé ne s’applique pas.,Ne se place pas dans params.kv; à passer dans l’environnement du shell ou dans les scripts de validation/démo.,scripts/run_cuda_classic_src_io_fullface_resident_0263.sh; scripts/run_cuda_classic_src_io_segmented_resident_0264.sh; scripts/run_cuda_classic_src_mode_0259.sh; scripts/run_cuda_classic_src_periodic_resident_0260.sh; scripts/run_cuda_classic_src_solid_resident_0262.sh; scripts/run_cuda_classic_src_wall_resident_0261.sh; ...,src_mpcd_cuda_env_flags_0287.csv | src_mpcd_cuda_env_flags_0292.csv | src_mpcd_cuda_env_flags_0303_resampling.csv | src_mpcd_cuda_env_flags_0314_resampling.csv
MPCD_CUDA_PERSISTENT_SRC_COLLISION_DEVICE_ROTATION_0272,env_flag,CUDA collision SRC,interne/runtime | propagé scripts Darcy 0426,booléen/env truthy sauf mention contraire,false/off sauf activation par scripts validés,Variable interne de contrôle du backend CUDA.,Ne se place pas dans params.kv; à passer dans l’environnement du shell ou dans les scripts de validation/démo. | 0426 : intégré au bloc fastflags Darcy pour éviter le backend collision/thermostat lent dans les cas chi/segments.,doc/GPU_PATCH_0272_COLLISION_OVERHEAD.md; doc/GPU_PATCH_0274_FUSED_STREAM_DEPOSIT.md; scripts/run_cuda_classic_src_resident_perf_0272.sh; scripts/run_cuda_classic_src_resident_perf_0273.sh; scripts/run_cuda_classic_src_resident_perf_0274.sh; scripts/run_src_mpcd_cuda_primary_0275.sh; ... | scripts/run_src_classic_cuda_darcy_chi_lr_segments_0411.sh; scripts/run_src_classic_cuda_darcy_chi_naca_periodic_0414.sh; scripts/run_src_classic_cuda_darcy_chi_vonkarman_periodic_0416.sh; scripts/run_src_classic_cuda_darcy_chi_backward_step_0425.sh; doc/README_0426_DARCY_FASTFLAGS.md,src_mpcd_cuda_env_flags_0287.csv | src_mpcd_cuda_env_flags_0292.csv | src_mpcd_cuda_env_flags_0303_resampling.csv | src_mpcd_cuda_env_flags_0314_resampling.csv | src_mpcd_env_flags_inventory_consolidated_0365.csv + compléments Darcy/Brinkman/livevis 0411-0426
MPCD_CUDA_PERSISTENT_SRC_COLLISION_DISABLE_DEVICE_ROTATION_0272,env_flag,CUDA collision SRC,réglage performance/interne,booléen/env truthy sauf mention contraire,false/off,Variable interne de contrôle du backend CUDA.,Ne se place pas dans params.kv; à passer dans l’environnement du shell ou dans les scripts de validation/démo.,doc/GPU_PATCH_0272_COLLISION_OVERHEAD.md; src/cuda_persistent_mpcd_step.cu,src_mpcd_cuda_env_flags_0287.csv | src_mpcd_cuda_env_flags_0292.csv | src_mpcd_cuda_env_flags_0303_resampling.csv | src_mpcd_cuda_env_flags_0314_resampling.csv
MPCD_CUDA_PERSISTENT_SRC_COLLISION_DISABLE_EXPLICIT_GAMMA_ROLE_FASTPATH_0273,env_flag,CUDA collision SRC,réglage performance/interne,booléen/env truthy sauf mention contraire,false/off,Variable interne de contrôle du backend CUDA.,Ne se place pas dans params.kv; à passer dans l’environnement du shell ou dans les scripts de validation/démo.,doc/GPU_PATCH_0273_COLLISION_WRAPPER_OVERHEAD.md; scripts/run_cuda_classic_src_resident_perf_0273.sh; scripts/run_cuda_classic_src_resident_perf_0274.sh; src/src_collision.cpp,src_mpcd_cuda_env_flags_0287.csv | src_mpcd_cuda_env_flags_0292.csv | src_mpcd_cuda_env_flags_0303_resampling.csv | src_mpcd_cuda_env_flags_0314_resampling.csv
MPCD_CUDA_PERSISTENT_SRC_COLLISION_DISABLE_FUSED_STREAM_DEPOSIT_0274,env_flag,CUDA collision SRC,réglage performance/interne,booléen/env truthy sauf mention contraire,false/off,Variable interne de contrôle du backend CUDA.,Ne se place pas dans params.kv; à passer dans l’environnement du shell ou dans les scripts de validation/démo.,doc/GPU_PATCH_0274_FUSED_STREAM_DEPOSIT.md; doc/GPU_PATCH_0275_CUDA_PRIMARY_BACKEND.md; scripts/run_cuda_classic_src_resident_perf_0274.sh; src/src_collision.cpp; src/src_mpcd_base.cpp,src_mpcd_cuda_env_flags_0287.csv | src_mpcd_cuda_env_flags_0292.csv | src_mpcd_cuda_env_flags_0303_resampling.csv | src_mpcd_cuda_env_flags_0314_resampling.csv
MPCD_CUDA_PERSISTENT_SRC_COLLISION_DISABLE_LAZY_KERNEL_CHECK_0273,env_flag,CUDA collision SRC,réglage performance/interne,booléen/env truthy sauf mention contraire,false/off,Variable interne de contrôle du backend CUDA.,Ne se place pas dans params.kv; à passer dans l’environnement du shell ou dans les scripts de validation/démo.,doc/GPU_PATCH_0273_COLLISION_WRAPPER_OVERHEAD.md; src/cuda_persistent_mpcd_step.cu,src_mpcd_cuda_env_flags_0287.csv | src_mpcd_cuda_env_flags_0292.csv | src_mpcd_cuda_env_flags_0303_resampling.csv | src_mpcd_cuda_env_flags_0314_resampling.csv
MPCD_CUDA_PERSISTENT_SRC_COLLISION_DISABLE_SKIP_FINAL_SYNC_0272,env_flag,CUDA collision SRC,réglage performance/interne,booléen/env truthy sauf mention contraire,false/off,Variable interne de contrôle du backend CUDA.,Ne se place pas dans params.kv; à passer dans l’environnement du shell ou dans les scripts de validation/démo.,doc/GPU_PATCH_0272_COLLISION_OVERHEAD.md; src/cuda_persistent_mpcd_step.cu,src_mpcd_cuda_env_flags_0287.csv | src_mpcd_cuda_env_flags_0292.csv | src_mpcd_cuda_env_flags_0303_resampling.csv | src_mpcd_cuda_env_flags_0314_resampling.csv
MPCD_CUDA_PERSISTENT_SRC_COLLISION_DISABLE_SKIP_SETUP_SYNC_0273,env_flag,CUDA collision SRC,réglage performance/interne,booléen/env truthy sauf mention contraire,false/off,Variable interne de contrôle du backend CUDA.,Ne se place pas dans params.kv; à passer dans l’environnement du shell ou dans les scripts de validation/démo.,doc/GPU_PATCH_0273_COLLISION_WRAPPER_OVERHEAD.md; src/cuda_persistent_mpcd_step.cu,src_mpcd_cuda_env_flags_0287.csv | src_mpcd_cuda_env_flags_0292.csv | src_mpcd_cuda_env_flags_0303_resampling.csv | src_mpcd_cuda_env_flags_0314_resampling.csv
MPCD_CUDA_PERSISTENT_SRC_COLLISION_DISABLE_SKIP_WORKSPACE_DOWNLOAD_0272,env_flag,CUDA collision SRC,réglage performance/interne,booléen/env truthy sauf mention contraire,false/off,Variable interne de contrôle du backend CUDA.,Ne se place pas dans params.kv; à passer dans l’environnement du shell ou dans les scripts de validation/démo.,doc/GPU_PATCH_0272_COLLISION_OVERHEAD.md; src/cuda_persistent_mpcd_step.cu,src_mpcd_cuda_env_flags_0287.csv | src_mpcd_cuda_env_flags_0292.csv | src_mpcd_cuda_env_flags_0303_resampling.csv | src_mpcd_cuda_env_flags_0314_resampling.csv
MPCD_CUDA_PERSISTENT_SRC_COLLISION_FUSED_STREAM_DEPOSIT_0274,env_flag,CUDA collision SRC,interne/runtime | propagé scripts Darcy 0426,booléen/env truthy sauf mention contraire,false/off sauf activation par scripts validés,Variable interne de contrôle du backend CUDA.,Ne se place pas dans params.kv; à passer dans l’environnement du shell ou dans les scripts de validation/démo. | 0426 : intégré au bloc fastflags Darcy pour éviter le backend collision/thermostat lent dans les cas chi/segments.,doc/GPU_PATCH_0274_FUSED_STREAM_DEPOSIT.md; scripts/run_cuda_classic_src_resident_perf_0274.sh; scripts/run_src_mpcd_cuda_primary_0275.sh; scripts/src_gpu_demo_common_0283.sh; src/src_collision.cpp; src/src_mpcd_base.cpp | scripts/run_src_classic_cuda_darcy_chi_lr_segments_0411.sh; scripts/run_src_classic_cuda_darcy_chi_naca_periodic_0414.sh; scripts/run_src_classic_cuda_darcy_chi_vonkarman_periodic_0416.sh; scripts/run_src_classic_cuda_darcy_chi_backward_step_0425.sh; doc/README_0426_DARCY_FASTFLAGS.md,src_mpcd_cuda_env_flags_0287.csv | src_mpcd_cuda_env_flags_0292.csv | src_mpcd_cuda_env_flags_0303_resampling.csv | src_mpcd_cuda_env_flags_0314_resampling.csv | src_mpcd_env_flags_inventory_consolidated_0365.csv + compléments Darcy/Brinkman/livevis 0411-0426
MPCD_CUDA_PERSISTENT_SRC_COLLISION_LAZY_KERNEL_CHECK_0273,env_flag,CUDA collision SRC,réglage performance/interne | propagé scripts Darcy 0426,booléen/env truthy sauf mention contraire,false/off sauf activation par scripts validés,Variable interne de contrôle du backend CUDA.,Ne se place pas dans params.kv; à passer dans l’environnement du shell ou dans les scripts de validation/démo. | 0426 : intégré au bloc fastflags Darcy pour éviter le backend collision/thermostat lent dans les cas chi/segments.,doc/GPU_PATCH_0273_COLLISION_WRAPPER_OVERHEAD.md; doc/GPU_PATCH_0274_FUSED_STREAM_DEPOSIT.md; scripts/run_cuda_classic_src_resident_perf_0273.sh; scripts/run_cuda_classic_src_resident_perf_0274.sh; scripts/run_src_mpcd_cuda_primary_0275.sh; scripts/src_gpu_demo_common_0283.sh; ... | scripts/run_src_classic_cuda_darcy_chi_lr_segments_0411.sh; scripts/run_src_classic_cuda_darcy_chi_naca_periodic_0414.sh; scripts/run_src_classic_cuda_darcy_chi_vonkarman_periodic_0416.sh; scripts/run_src_classic_cuda_darcy_chi_backward_step_0425.sh; doc/README_0426_DARCY_FASTFLAGS.md,src_mpcd_cuda_env_flags_0287.csv | src_mpcd_cuda_env_flags_0292.csv | src_mpcd_cuda_env_flags_0303_resampling.csv | src_mpcd_cuda_env_flags_0314_resampling.csv | src_mpcd_env_flags_inventory_consolidated_0365.csv + compléments Darcy/Brinkman/livevis 0411-0426
MPCD_CUDA_PERSISTENT_SRC_COLLISION_MINIMAL_DOWNLOAD_0257,env_flag,CUDA collision SRC,réglage performance/interne,booléen/env truthy sauf mention contraire,false/off sauf activation par scripts validés,Variable interne de contrôle du backend CUDA.,Ne se place pas dans params.kv; à passer dans l’environnement du shell ou dans les scripts de validation/démo.,doc/GPU_PATCH_0257.md; doc/GPU_PATCH_0261.md; scripts/run_cuda_classic_src_io_fullface_resident_0263.sh; scripts/run_cuda_classic_src_io_segmented_resident_0264.sh; scripts/run_cuda_classic_src_mode_0259.sh; scripts/run_cuda_classic_src_periodic_resident_0260.sh; ...,src_mpcd_cuda_env_flags_0287.csv | src_mpcd_cuda_env_flags_0292.csv | src_mpcd_cuda_env_flags_0303_resampling.csv | src_mpcd_cuda_env_flags_0314_resampling.csv
MPCD_CUDA_PERSISTENT_SRC_COLLISION_SHARED_0251_STRICT,env_flag,CUDA collision SRC,debug/comparaison,booléen/env truthy sauf mention contraire,souvent true dans validateurs; dépend du module,Active le mode strict: erreur si le chemin CUDA demandé ne s’applique pas.,Ne se place pas dans params.kv; à passer dans l’environnement du shell ou dans les scripts de validation/démo.,doc/GPU_PATCH_0252.md; scripts/run_cuda_classic_src_io_fullface_resident_0263.sh; scripts/run_cuda_classic_src_io_segmented_resident_0264.sh; scripts/run_cuda_classic_src_mode_0259.sh; scripts/run_cuda_classic_src_solid_resident_0262.sh; scripts/run_cuda_classic_src_wall_resident_0261.sh; ...,src_mpcd_cuda_env_flags_0287.csv | src_mpcd_cuda_env_flags_0292.csv | src_mpcd_cuda_env_flags_0303_resampling.csv | src_mpcd_cuda_env_flags_0314_resampling.csv
MPCD_CUDA_PERSISTENT_SRC_COLLISION_SKIP_FINAL_SYNC_0272,env_flag,CUDA collision SRC,réglage performance/interne | propagé scripts Darcy 0426,booléen/env truthy sauf mention contraire,false/off sauf activation par scripts validés,Variable interne de contrôle du backend CUDA.,Ne se place pas dans params.kv; à passer dans l’environnement du shell ou dans les scripts de validation/démo. | 0426 : intégré au bloc fastflags Darcy pour éviter le backend collision/thermostat lent dans les cas chi/segments.,doc/GPU_PATCH_0272_COLLISION_OVERHEAD.md; doc/GPU_PATCH_0274_FUSED_STREAM_DEPOSIT.md; scripts/run_cuda_classic_src_resident_perf_0272.sh; scripts/run_cuda_classic_src_resident_perf_0273.sh; scripts/run_cuda_classic_src_resident_perf_0274.sh; scripts/run_src_mpcd_cuda_primary_0275.sh; ... | scripts/run_src_classic_cuda_darcy_chi_lr_segments_0411.sh; scripts/run_src_classic_cuda_darcy_chi_naca_periodic_0414.sh; scripts/run_src_classic_cuda_darcy_chi_vonkarman_periodic_0416.sh; scripts/run_src_classic_cuda_darcy_chi_backward_step_0425.sh; doc/README_0426_DARCY_FASTFLAGS.md,src_mpcd_cuda_env_flags_0287.csv | src_mpcd_cuda_env_flags_0292.csv | src_mpcd_cuda_env_flags_0303_resampling.csv | src_mpcd_cuda_env_flags_0314_resampling.csv | src_mpcd_env_flags_inventory_consolidated_0365.csv + compléments Darcy/Brinkman/livevis 0411-0426
MPCD_CUDA_PERSISTENT_SRC_COLLISION_SKIP_SETUP_SYNC_0273,env_flag,CUDA collision SRC,réglage performance/interne | propagé scripts Darcy 0426,booléen/env truthy sauf mention contraire,false/off sauf activation par scripts validés,Variable interne de contrôle du backend CUDA.,Ne se place pas dans params.kv; à passer dans l’environnement du shell ou dans les scripts de validation/démo. | 0426 : intégré au bloc fastflags Darcy pour éviter le backend collision/thermostat lent dans les cas chi/segments.,doc/GPU_PATCH_0273_COLLISION_WRAPPER_OVERHEAD.md; doc/GPU_PATCH_0274_FUSED_STREAM_DEPOSIT.md; scripts/run_cuda_classic_src_resident_perf_0273.sh; scripts/run_cuda_classic_src_resident_perf_0274.sh; scripts/run_src_mpcd_cuda_primary_0275.sh; scripts/src_gpu_demo_common_0283.sh; ... | scripts/run_src_classic_cuda_darcy_chi_lr_segments_0411.sh; scripts/run_src_classic_cuda_darcy_chi_naca_periodic_0414.sh; scripts/run_src_classic_cuda_darcy_chi_vonkarman_periodic_0416.sh; scripts/run_src_classic_cuda_darcy_chi_backward_step_0425.sh; doc/README_0426_DARCY_FASTFLAGS.md,src_mpcd_cuda_env_flags_0287.csv | src_mpcd_cuda_env_flags_0292.csv | src_mpcd_cuda_env_flags_0303_resampling.csv | src_mpcd_cuda_env_flags_0314_resampling.csv | src_mpcd_env_flags_inventory_consolidated_0365.csv + compléments Darcy/Brinkman/livevis 0411-0426
MPCD_CUDA_PERSISTENT_SRC_COLLISION_SKIP_WORKSPACE_DOWNLOAD_0272,env_flag,CUDA collision SRC,réglage performance/interne | propagé scripts Darcy 0426,booléen/env truthy sauf mention contraire,false/off sauf activation par scripts validés,Variable interne de contrôle du backend CUDA.,Ne se place pas dans params.kv; à passer dans l’environnement du shell ou dans les scripts de validation/démo. | 0426 : intégré au bloc fastflags Darcy pour éviter le backend collision/thermostat lent dans les cas chi/segments.,doc/GPU_PATCH_0272B_COLLISION_CELLCOUNT_FIX.md; doc/GPU_PATCH_0272_COLLISION_OVERHEAD.md; doc/GPU_PATCH_0274_FUSED_STREAM_DEPOSIT.md; scripts/run_cuda_classic_src_resident_perf_0272.sh; scripts/run_cuda_classic_src_resident_perf_0273.sh; scripts/run_cuda_classic_src_resident_perf_0274.sh; ... | scripts/run_src_classic_cuda_darcy_chi_lr_segments_0411.sh; scripts/run_src_classic_cuda_darcy_chi_naca_periodic_0414.sh; scripts/run_src_classic_cuda_darcy_chi_vonkarman_periodic_0416.sh; scripts/run_src_classic_cuda_darcy_chi_backward_step_0425.sh; doc/README_0426_DARCY_FASTFLAGS.md,src_mpcd_cuda_env_flags_0287.csv | src_mpcd_cuda_env_flags_0292.csv | src_mpcd_cuda_env_flags_0303_resampling.csv | src_mpcd_cuda_env_flags_0314_resampling.csv | src_mpcd_env_flags_inventory_consolidated_0365.csv + compléments Darcy/Brinkman/livevis 0411-0426
MPCD_CUDA_PERSISTENT_SRC_COLLISION_STRICT,env_flag,CUDA collision SRC,debug/comparaison,booléen/env truthy sauf mention contraire,souvent true dans validateurs; dépend du module,Active le mode strict: erreur si le chemin CUDA demandé ne s’applique pas.,Ne se place pas dans params.kv; à passer dans l’environnement du shell ou dans les scripts de validation/démo.,scripts/run_cuda_classic_src_io_fullface_resident_0263.sh; scripts/run_cuda_classic_src_io_segmented_resident_0264.sh; scripts/run_cuda_classic_src_mode_0259.sh; scripts/run_cuda_classic_src_periodic_resident_0260.sh; scripts/run_cuda_classic_src_solid_resident_0262.sh; scripts/run_cuda_classic_src_wall_resident_0261.sh; ...,src_mpcd_cuda_env_flags_0287.csv | src_mpcd_cuda_env_flags_0292.csv | src_mpcd_cuda_env_flags_0303_resampling.csv | src_mpcd_cuda_env_flags_0314_resampling.csv
MPCD_CUDA_PERSISTENT_SRC_COLLISION_USE,env_flag,CUDA collision SRC,interne/runtime,booléen/env truthy sauf mention contraire,false/off sauf activation par scripts validés,Variable interne de contrôle du backend CUDA.,Ne se place pas dans params.kv; à passer dans l’environnement du shell ou dans les scripts de validation/démo.,doc/GPU_PATCH_0244.md; doc/GPU_PATCH_0252.md; doc/GPU_PATCH_0280B_CUDA_THERMOSTAT_IO_SEGMENTED_RUNNERFIX.md; scripts/run_cuda_boundary_cell_moments_0250.sh; scripts/run_cuda_boundary_stack_0248.sh; scripts/run_cuda_classic_src_io_fullface_resident_0263.sh; ...,src_mpcd_cuda_env_flags_0287.csv | src_mpcd_cuda_env_flags_0292.csv | src_mpcd_cuda_env_flags_0303_resampling.csv | src_mpcd_cuda_env_flags_0314_resampling.csv
MPCD_CUDA_PERSISTENT_SRC_COLLISION_WALL_SIMPLE_0253,env_flag,CUDA collision SRC,interne/runtime,booléen/env truthy sauf mention contraire,false/off sauf activation par scripts validés,Variable interne de contrôle du backend CUDA.,Ne se place pas dans params.kv; à passer dans l’environnement du shell ou dans les scripts de validation/démo.,doc/GPU_PATCH_0253.md; doc/GPU_PATCH_0280B_CUDA_THERMOSTAT_IO_SEGMENTED_RUNNERFIX.md; scripts/run_cuda_classic_src_io_fullface_resident_0263.sh; scripts/run_cuda_classic_src_io_segmented_resident_0264.sh; scripts/run_cuda_classic_src_mode_0259.sh; scripts/run_cuda_classic_src_solid_resident_0262.sh; ...,src_mpcd_cuda_env_flags_0287.csv | src_mpcd_cuda_env_flags_0292.csv | src_mpcd_cuda_env_flags_0303_resampling.csv | src_mpcd_cuda_env_flags_0314_resampling.csv
MPCD_CUDA_SRC_COLLISION_ACTIVE_STRICT,env_flag,CUDA collision SRC,debug/comparaison,booléen/env truthy sauf mention contraire,souvent true dans validateurs; dépend du module,Active le mode strict: erreur si le chemin CUDA demandé ne s’applique pas.,Ne se place pas dans params.kv; à passer dans l’environnement du shell ou dans les scripts de validation/démo.,src/src_collision.cpp,src_mpcd_cuda_env_flags_0287.csv | src_mpcd_cuda_env_flags_0292.csv | src_mpcd_cuda_env_flags_0303_resampling.csv | src_mpcd_cuda_env_flags_0314_resampling.csv
MPCD_CUDA_SRC_COLLISION_SHADOW,env_flag,CUDA collision SRC,debug/comparaison,booléen/env truthy sauf mention contraire,false/off sauf activation par scripts validés,Active comparaison shadow CUDA/CPU pour validation.,Ne se place pas dans params.kv; à passer dans l’environnement du shell ou dans les scripts de validation/démo.,scripts/run_cuda_persistent_collision_q6_thermostat_0216.sh; scripts/run_cuda_persistent_collision_q6_thermostat_ordered_0217.sh; scripts/run_cuda_src_collision_shadow_0210.sh; src/src_collision.cpp,src_mpcd_cuda_env_flags_0287.csv | src_mpcd_cuda_env_flags_0292.csv | src_mpcd_cuda_env_flags_0303_resampling.csv | src_mpcd_cuda_env_flags_0314_resampling.csv
MPCD_CUDA_SRC_COLLISION_SHADOW_EVERY,env_flag,CUDA collision SRC,debug/comparaison,entier,false/off sauf activation par scripts validés,Active comparaison shadow CUDA/CPU pour validation.,Ne se place pas dans params.kv; à passer dans l’environnement du shell ou dans les scripts de validation/démo.,src/src_collision.cpp,src_mpcd_cuda_env_flags_0287.csv | src_mpcd_cuda_env_flags_0292.csv | src_mpcd_cuda_env_flags_0303_resampling.csv | src_mpcd_cuda_env_flags_0314_resampling.csv
MPCD_CUDA_SRC_COLLISION_SHADOW_STRICT,env_flag,CUDA collision SRC,debug/comparaison,booléen/env truthy sauf mention contraire,souvent true dans validateurs; dépend du module,Active le mode strict: erreur si le chemin CUDA demandé ne s’applique pas.,Ne se place pas dans params.kv; à passer dans l’environnement du shell ou dans les scripts de validation/démo.,src/src_collision.cpp,src_mpcd_cuda_env_flags_0287.csv | src_mpcd_cuda_env_flags_0292.csv | src_mpcd_cuda_env_flags_0303_resampling.csv | src_mpcd_cuda_env_flags_0314_resampling.csv
MPCD_CUDA_SRC_COLLISION_SHADOW_TOL,env_flag,CUDA collision SRC,debug/comparaison,double,false/off sauf activation par scripts validés,Active comparaison shadow CUDA/CPU pour validation.,Ne se place pas dans params.kv; à passer dans l’environnement du shell ou dans les scripts de validation/démo.,scripts/run_cuda_src_collision_shadow_0210.sh; src/src_collision.cpp,src_mpcd_cuda_env_flags_0287.csv | src_mpcd_cuda_env_flags_0292.csv | src_mpcd_cuda_env_flags_0303_resampling.csv | src_mpcd_cuda_env_flags_0314_resampling.csv
MPCD_CUDA_SRC_COLLISION_THREADS_PER_BLOCK,env_flag,CUDA collision SRC,réglage performance/interne,entier,256 le plus souvent,Nombre de threads CUDA par bloc pour le noyau associé.,Ne se place pas dans params.kv; à passer dans l’environnement du shell ou dans les scripts de validation/démo.,scripts/run_cuda_src_collision_active_0211.sh; scripts/run_cuda_src_collision_shadow_0210.sh; src/src_collision.cpp,src_mpcd_cuda_env_flags_0287.csv | src_mpcd_cuda_env_flags_0292.csv | src_mpcd_cuda_env_flags_0303_resampling.csv | src_mpcd_cuda_env_flags_0314_resampling.csv
MPCD_CUDA_SRC_COLLISION_USE,env_flag,CUDA collision SRC,interne/runtime,booléen/env truthy sauf mention contraire,false/off sauf activation par scripts validés,Variable interne de contrôle du backend CUDA.,Ne se place pas dans params.kv; à passer dans l’environnement du shell ou dans les scripts de validation/démo.,doc/GPU_PATCH_0244.md; scripts/run_cuda_boundary_cell_moments_0250.sh; scripts/run_cuda_boundary_stack_0248.sh; scripts/run_cuda_classic_src_io_fullface_resident_0263.sh; scripts/run_cuda_classic_src_io_segmented_resident_0264.sh; scripts/run_cuda_classic_src_mode_0259.sh; ...,src_mpcd_cuda_env_flags_0287.csv | src_mpcd_cuda_env_flags_0292.csv | src_mpcd_cuda_env_flags_0303_resampling.csv | src_mpcd_cuda_env_flags_0314_resampling.csv
MPCD_CUDA_CELL_MOMENTS_ALL_FLUID_FASTPATH,env_flag,CUDA moments/workspace cellule,réglage performance/interne,booléen/env truthy sauf mention contraire,false/off sauf activation par scripts validés,Variable interne de contrôle du backend CUDA.,Ne se place pas dans params.kv; à passer dans l’environnement du shell ou dans les scripts de validation/démo.,scripts/run_cuda_boundary_cell_moments_0250.sh; scripts/run_cuda_cell_moments_fastpath_0202.sh; scripts/run_cuda_persistent_cell_state_0251.sh; scripts/run_cuda_persistent_src_collision_0252.sh; scripts/run_cuda_persistent_src_collision_min_download_0257.sh; scripts/run_cuda_persistent_src_collision_piston_0255.sh; ...,src_mpcd_cuda_env_flags_0287.csv | src_mpcd_cuda_env_flags_0292.csv | src_mpcd_cuda_env_flags_0303_resampling.csv | src_mpcd_cuda_env_flags_0314_resampling.csv
MPCD_CUDA_CELL_MOMENTS_PERSISTENT_STATE_0251,env_flag,CUDA moments/workspace cellule,interne/runtime,booléen/env truthy sauf mention contraire,false/off sauf activation par scripts validés,Variable interne de contrôle du backend CUDA.,Ne se place pas dans params.kv; à passer dans l’environnement du shell ou dans les scripts de validation/démo.,doc/GPU_PATCH_0251.md; scripts/run_cuda_classic_src_mode_0259.sh; scripts/run_cuda_persistent_cell_state_0251.sh; scripts/run_cuda_persistent_src_collision_0252.sh; scripts/run_cuda_persistent_src_collision_min_download_0257.sh; scripts/run_cuda_persistent_src_collision_piston_0255.sh; ...,src_mpcd_cuda_env_flags_0287.csv | src_mpcd_cuda_env_flags_0292.csv | src_mpcd_cuda_env_flags_0303_resampling.csv | src_mpcd_cuda_env_flags_0314_resampling.csv
MPCD_CUDA_CELL_MOMENTS_REUSE_BUFFERS,env_flag,CUDA moments/workspace cellule,interne/runtime,booléen/env truthy sauf mention contraire,false/off sauf activation par scripts validés,Variable interne de contrôle du backend CUDA.,Ne se place pas dans params.kv; à passer dans l’environnement du shell ou dans les scripts de validation/démo.,scripts/run_cuda_boundary_cell_moments_0250.sh; scripts/run_cuda_cell_moments_fastpath_0202.sh; scripts/run_cuda_persistent_cell_state_0251.sh; scripts/run_cuda_persistent_src_collision_0252.sh; scripts/run_cuda_persistent_src_collision_min_download_0257.sh; scripts/run_cuda_persistent_src_collision_piston_0255.sh; ...,src_mpcd_cuda_env_flags_0287.csv | src_mpcd_cuda_env_flags_0292.csv | src_mpcd_cuda_env_flags_0303_resampling.csv | src_mpcd_cuda_env_flags_0314_resampling.csv
MPCD_CUDA_CELL_MOMENTS_SHADOW,env_flag,CUDA moments/workspace cellule,debug/comparaison,booléen/env truthy sauf mention contraire,false/off sauf activation par scripts validés,Active comparaison shadow CUDA/CPU pour validation.,Ne se place pas dans params.kv; à passer dans l’environnement du shell ou dans les scripts de validation/démo.,scripts/run_cuda_boundary_cell_moments_0250.sh; scripts/run_cuda_cell_moments_active_0201.sh; scripts/run_cuda_cell_moments_fastpath_0202.sh; scripts/run_cuda_cell_moments_shadow_0200.sh; scripts/run_cuda_cell_thermostat_active_0207.sh; scripts/run_cuda_cell_thermostat_shadow_0206.sh; ...,src_mpcd_cuda_env_flags_0287.csv | src_mpcd_cuda_env_flags_0292.csv | src_mpcd_cuda_env_flags_0303_resampling.csv | src_mpcd_cuda_env_flags_0314_resampling.csv
MPCD_CUDA_CELL_MOMENTS_SHADOW_EVERY,env_flag,CUDA moments/workspace cellule,debug/comparaison,entier,false/off sauf activation par scripts validés,Active comparaison shadow CUDA/CPU pour validation.,Ne se place pas dans params.kv; à passer dans l’environnement du shell ou dans les scripts de validation/démo.,scripts/run_cuda_cell_moments_shadow_0200.sh; src/src_collision.cpp,src_mpcd_cuda_env_flags_0287.csv | src_mpcd_cuda_env_flags_0292.csv | src_mpcd_cuda_env_flags_0303_resampling.csv | src_mpcd_cuda_env_flags_0314_resampling.csv
MPCD_CUDA_CELL_MOMENTS_SHADOW_STRICT,env_flag,CUDA moments/workspace cellule,debug/comparaison,booléen/env truthy sauf mention contraire,souvent true dans validateurs; dépend du module,Active le mode strict: erreur si le chemin CUDA demandé ne s’applique pas.,Ne se place pas dans params.kv; à passer dans l’environnement du shell ou dans les scripts de validation/démo.,scripts/run_cuda_cell_moments_shadow_0200.sh; src/src_collision.cpp,src_mpcd_cuda_env_flags_0287.csv | src_mpcd_cuda_env_flags_0292.csv | src_mpcd_cuda_env_flags_0303_resampling.csv | src_mpcd_cuda_env_flags_0314_resampling.csv
MPCD_CUDA_CELL_MOMENTS_SHADOW_TOL,env_flag,CUDA moments/workspace cellule,debug/comparaison,double,false/off sauf activation par scripts validés,Active comparaison shadow CUDA/CPU pour validation.,Ne se place pas dans params.kv; à passer dans l’environnement du shell ou dans les scripts de validation/démo.,scripts/run_cuda_cell_moments_shadow_0200.sh; src/src_collision.cpp,src_mpcd_cuda_env_flags_0287.csv | src_mpcd_cuda_env_flags_0292.csv | src_mpcd_cuda_env_flags_0303_resampling.csv | src_mpcd_cuda_env_flags_0314_resampling.csv
MPCD_CUDA_CELL_MOMENTS_THREADS_PER_BLOCK,env_flag,CUDA moments/workspace cellule,réglage performance/interne,entier,256 le plus souvent,Nombre de threads CUDA par bloc pour le noyau associé.,Ne se place pas dans params.kv; à passer dans l’environnement du shell ou dans les scripts de validation/démo.,scripts/run_cuda_boundary_cell_moments_0250.sh; scripts/run_cuda_persistent_cell_state_0251.sh; scripts/run_cuda_persistent_src_collision_0252.sh; scripts/run_cuda_persistent_src_collision_min_download_0257.sh; scripts/run_cuda_persistent_src_collision_piston_0255.sh; scripts/run_cuda_persistent_src_collision_solid_0254.sh; ...,src_mpcd_cuda_env_flags_0287.csv | src_mpcd_cuda_env_flags_0292.csv | src_mpcd_cuda_env_flags_0303_resampling.csv | src_mpcd_cuda_env_flags_0314_resampling.csv
MPCD_CUDA_CELL_MOMENTS_UNIFORM_MASS_FASTPATH,env_flag,CUDA moments/workspace cellule,réglage performance/interne,booléen/env truthy sauf mention contraire,false/off sauf activation par scripts validés,Variable interne de contrôle du backend CUDA.,Ne se place pas dans params.kv; à passer dans l’environnement du shell ou dans les scripts de validation/démo.,scripts/run_cuda_boundary_cell_moments_0250.sh; scripts/run_cuda_cell_moments_fastpath_0202.sh; scripts/run_cuda_persistent_cell_state_0251.sh; scripts/run_cuda_persistent_src_collision_0252.sh; scripts/run_cuda_persistent_src_collision_min_download_0257.sh; scripts/run_cuda_persistent_src_collision_piston_0255.sh; ...,src_mpcd_cuda_env_flags_0287.csv | src_mpcd_cuda_env_flags_0292.csv | src_mpcd_cuda_env_flags_0303_resampling.csv | src_mpcd_cuda_env_flags_0314_resampling.csv
MPCD_CUDA_CELL_MOMENTS_USE,env_flag,CUDA moments/workspace cellule,interne/runtime,booléen/env truthy sauf mention contraire,false/off sauf activation par scripts validés,Variable interne de contrôle du backend CUDA.,Ne se place pas dans params.kv; à passer dans l’environnement du shell ou dans les scripts de validation/démo.,doc/GPU_PATCH_0244.md; doc/GPU_PATCH_0250.md; doc/GPU_PATCH_0251.md; scripts/build_src_mpcd_cuda_0201.sh; scripts/build_src_mpcd_cuda_0202.sh; scripts/build_src_mpcd_cuda_0250.sh; ...,src_mpcd_cuda_env_flags_0287.csv | src_mpcd_cuda_env_flags_0292.csv | src_mpcd_cuda_env_flags_0303_resampling.csv | src_mpcd_cuda_env_flags_0314_resampling.csv
MPCD_CUDA_PERSISTENT_CELL_WORKSPACE_STRICT,env_flag,CUDA moments/workspace cellule,debug/comparaison,booléen/env truthy sauf mention contraire,souvent true dans validateurs; dépend du module,Active le mode strict: erreur si le chemin CUDA demandé ne s’applique pas.,Ne se place pas dans params.kv; à passer dans l’environnement du shell ou dans les scripts de validation/démo.,src/src_collision.cpp,src_mpcd_cuda_env_flags_0287.csv | src_mpcd_cuda_env_flags_0292.csv | src_mpcd_cuda_env_flags_0303_resampling.csv | src_mpcd_cuda_env_flags_0314_resampling.csv
MPCD_CUDA_PERSISTENT_CELL_WORKSPACE_USE,env_flag,CUDA moments/workspace cellule,interne/runtime | propagé scripts Darcy 0426,booléen/env truthy sauf mention contraire,false/off sauf activation par scripts validés,Variable interne de contrôle du backend CUDA.,Ne se place pas dans params.kv; à passer dans l’environnement du shell ou dans les scripts de validation/démo. | 0426 : intégré au bloc fastflags Darcy pour éviter le backend collision/thermostat lent dans les cas chi/segments.,doc/GPU_PATCH_0244.md; scripts/run_cuda_boundary_cell_moments_0250.sh; scripts/run_cuda_boundary_stack_0248.sh; scripts/run_cuda_classic_src_io_fullface_resident_0263.sh; scripts/run_cuda_classic_src_io_segmented_resident_0264.sh; scripts/run_cuda_classic_src_mode_0259.sh; ... | scripts/run_src_classic_cuda_darcy_chi_lr_segments_0411.sh; scripts/run_src_classic_cuda_darcy_chi_naca_periodic_0414.sh; scripts/run_src_classic_cuda_darcy_chi_vonkarman_periodic_0416.sh; scripts/run_src_classic_cuda_darcy_chi_backward_step_0425.sh; doc/README_0426_DARCY_FASTFLAGS.md,src_mpcd_cuda_env_flags_0287.csv | src_mpcd_cuda_env_flags_0292.csv | src_mpcd_cuda_env_flags_0303_resampling.csv | src_mpcd_cuda_env_flags_0314_resampling.csv | src_mpcd_env_flags_inventory_consolidated_0365.csv + compléments Darcy/Brinkman/livevis 0411-0426
MPCD_CUDA_CLASSIC_SRC_WALL_CIRCLE_RESIDENT_MINIMAL_DOWNLOAD_0338,env_flag,CUDA performance / wall+circle resident 0318,ajout 0338c; opt-in; validé classic wall+circle non-VIZ et VIZ,booléen/env truthy,false/off,"Active le pont 0338 pour le chemin wall+circle résident 0318 : immersed_circle reconnaît 0318 comme résident, supprime le download cercle et autorise src_collision à consommer l’état partagé CUDA 0251 frais.",À activer avec MPCD_CUDA_CLASSIC_SRC_WALL_CIRCLE_RESIDENT_0318=1 pour le cas classic wall+circle validé. Ne pas généraliser sans validation Q6/resampling/viriel; préserver les miroirs host lorsque ces voies hybrides sont actives.,src/cuda_persistent_mpcd_step.cu; src/cuda_immersed_circle_0284.cu; src/src_collision.cpp; doc/host_device_authority_0340.md,src_mpcd_cuda_livevis_inventory_0314_to_0339a.csv | src_mpcd_cuda_livevis_inventory_0314_to_0342a.csv
DUMP_ROLE_FILTER,env_flag,"CUDA resampling post-SRC — diagnostics, split-safety et optimisation inactive",script 0314,alias script utilisateur,fluid dans scripts visuels 0309+,Alias script vers dumpRoleFilter.,fluid produit des dumps compacts de visualisation; all reste restart-compatible.,doc/GPU_RESAMPLING_CUDA_0304..0314; scripts/run_cuda_resampling_*; src/cuda_resampling_*; src/cuda_classic_src_io_resident_0263.cu,src_mpcd_cuda_env_flags_0314_resampling.csv | src_mpcd_cuda_livevis_inventory_0314_to_0339a.csv | src_mpcd_cuda_livevis_inventory_0314_to_0342a.csv | src_mpcd_cuda_resampling_env_flags_delta_0314.csv | src_mpcd_cuda_resampling_env_flags_delta_0314_to_0337_livevis.csv
INACTIVE_SLOTS,env_flag,"CUDA resampling post-SRC — diagnostics, split-safety et optimisation inactive",script/demo/audit,alias script utilisateur,selon script; éviter les millions,Nombre de slots Inactive préalloués dans les scripts et audits.,N’est pas une clé params.kv directe universelle; transmis par les générateurs d’état/scripts.,doc/GPU_RESAMPLING_CUDA_0304..0314; scripts/run_cuda_resampling_*; src/cuda_resampling_*; src/cuda_classic_src_io_resident_0263.cu,src_mpcd_cuda_env_flags_0314_resampling.csv | src_mpcd_cuda_livevis_inventory_0314_to_0339a.csv | src_mpcd_cuda_livevis_inventory_0314_to_0342a.csv | src_mpcd_cuda_resampling_env_flags_delta_0314.csv | src_mpcd_cuda_resampling_env_flags_delta_0314_to_0337_livevis.csv
MPCD_CUDA_INACTIVE_TAIL_POOL_0313,env_flag,"CUDA resampling post-SRC — diagnostics, split-safety et optimisation inactive",ajout 0313,booléen/env truthy,true/on,Active le fast path de collecte de slots inactifs en queue de tableau.,Fallback exact conservé par défaut si la fenêtre ne suffit pas.,doc/GPU_RESAMPLING_CUDA_0304..0314; scripts/run_cuda_resampling_*; src/cuda_resampling_*; src/cuda_classic_src_io_resident_0263.cu,src_mpcd_cuda_env_flags_0314_resampling.csv | src_mpcd_cuda_livevis_inventory_0314_to_0339a.csv | src_mpcd_cuda_livevis_inventory_0314_to_0342a.csv | src_mpcd_cuda_resampling_env_flags_delta_0314.csv | src_mpcd_cuda_resampling_env_flags_delta_0314_to_0337_livevis.csv
MPCD_CUDA_INACTIVE_TAIL_POOL_MAX_SCAN_0313,env_flag,"CUDA resampling post-SRC — diagnostics, split-safety et optimisation inactive",ajout 0313,entier,262144,Taille maximale de fenêtre scannée dans la queue inactive.,Borne le coût du fast path avant fallback.,doc/GPU_RESAMPLING_CUDA_0304..0314; scripts/run_cuda_resampling_*; src/cuda_resampling_*; src/cuda_classic_src_io_resident_0263.cu,src_mpcd_cuda_env_flags_0314_resampling.csv | src_mpcd_cuda_livevis_inventory_0314_to_0339a.csv | src_mpcd_cuda_livevis_inventory_0314_to_0342a.csv | src_mpcd_cuda_resampling_env_flags_delta_0314.csv | src_mpcd_cuda_resampling_env_flags_delta_0314_to_0337_livevis.csv
MPCD_CUDA_INACTIVE_TAIL_POOL_MIN_SCAN_0313,env_flag,"CUDA resampling post-SRC — diagnostics, split-safety et optimisation inactive",ajout 0313,entier,8192,Taille minimale de fenêtre scannée dans la queue inactive.,Paramètre de performance; ne change pas la physique.,doc/GPU_RESAMPLING_CUDA_0304..0314; scripts/run_cuda_resampling_*; src/cuda_resampling_*; src/cuda_classic_src_io_resident_0263.cu,src_mpcd_cuda_env_flags_0314_resampling.csv | src_mpcd_cuda_livevis_inventory_0314_to_0339a.csv | src_mpcd_cuda_livevis_inventory_0314_to_0342a.csv | src_mpcd_cuda_resampling_env_flags_delta_0314.csv | src_mpcd_cuda_resampling_env_flags_delta_0314_to_0337_livevis.csv
MPCD_CUDA_INACTIVE_TAIL_POOL_NO_FALLBACK_0313,env_flag,"CUDA resampling post-SRC — diagnostics, split-safety et optimisation inactive",ajout 0313,booléen/env truthy,false/off,Désactive le fallback complet si activé.,À réserver aux audits; le nominal garde le fallback exact.,doc/GPU_RESAMPLING_CUDA_0304..0314; scripts/run_cuda_resampling_*; src/cuda_resampling_*; src/cuda_classic_src_io_resident_0263.cu,src_mpcd_cuda_env_flags_0314_resampling.csv | src_mpcd_cuda_livevis_inventory_0314_to_0339a.csv | src_mpcd_cuda_livevis_inventory_0314_to_0342a.csv | src_mpcd_cuda_resampling_env_flags_delta_0314.csv | src_mpcd_cuda_resampling_env_flags_delta_0314_to_0337_livevis.csv
MPCD_CUDA_INACTIVE_TAIL_POOL_SCAN_MULT_0313,env_flag,"CUDA resampling post-SRC — diagnostics, split-safety et optimisation inactive",ajout 0313,réel/entier,4,Facteur multiplicatif entre besoin estimé de slots et fenêtre scannée.,Augmenter si le fallback complet se déclenche trop souvent.,doc/GPU_RESAMPLING_CUDA_0304..0314; scripts/run_cuda_resampling_*; src/cuda_resampling_*; src/cuda_classic_src_io_resident_0263.cu,src_mpcd_cuda_env_flags_0314_resampling.csv | src_mpcd_cuda_livevis_inventory_0314_to_0339a.csv | src_mpcd_cuda_livevis_inventory_0314_to_0342a.csv | src_mpcd_cuda_resampling_env_flags_delta_0314.csv | src_mpcd_cuda_resampling_env_flags_delta_0314_to_0337_livevis.csv
MPCD_CUDA_RESAMPLING_ADAPTIVE_FLAG_0304,env_flag,"CUDA resampling post-SRC — diagnostics, split-safety et optimisation inactive",ajout 0304,booléen/env truthy,false/off,Active le diagnostic post-SRC de support faible/vide sur grille physique non shiftée.,Écrit/complète cuda_resampling_adaptive_flag_0304.csv; diagnostic passif.,doc/GPU_RESAMPLING_CUDA_0304..0314; scripts/run_cuda_resampling_*; src/cuda_resampling_*; src/cuda_classic_src_io_resident_0263.cu,src_mpcd_cuda_env_flags_0314_resampling.csv | src_mpcd_cuda_livevis_inventory_0314_to_0339a.csv | src_mpcd_cuda_livevis_inventory_0314_to_0342a.csv | src_mpcd_cuda_resampling_env_flags_delta_0314.csv | src_mpcd_cuda_resampling_env_flags_delta_0314_to_0337_livevis.csv
MPCD_CUDA_RESAMPLING_ADAPTIVE_FLAG_0304_EVERY,env_flag,"CUDA resampling post-SRC — diagnostics, split-safety et optimisation inactive",ajout 0304,entier,1 à 20 selon script,Cadence du diagnostic flag 0304.,"Plus la cadence est faible, plus la détection low-N/empty est fréquente.",doc/GPU_RESAMPLING_CUDA_0304..0314; scripts/run_cuda_resampling_*; src/cuda_resampling_*; src/cuda_classic_src_io_resident_0263.cu,src_mpcd_cuda_env_flags_0314_resampling.csv | src_mpcd_cuda_livevis_inventory_0314_to_0339a.csv | src_mpcd_cuda_livevis_inventory_0314_to_0342a.csv | src_mpcd_cuda_resampling_env_flags_delta_0314.csv | src_mpcd_cuda_resampling_env_flags_delta_0314_to_0337_livevis.csv
MPCD_CUDA_RESAMPLING_ADAPTIVE_FLAG_0304_TRIGGER_EMPTY,env_flag,"CUDA resampling post-SRC — diagnostics, split-safety et optimisation inactive",ajout 0304,booléen/env truthy,true dans les diagnostics,Active la détection des cellules humides vides.,Utile comme brique commune pour guard adaptatif ou refill futur.,doc/GPU_RESAMPLING_CUDA_0304..0314; scripts/run_cuda_resampling_*; src/cuda_resampling_*; src/cuda_classic_src_io_resident_0263.cu,src_mpcd_cuda_env_flags_0314_resampling.csv | src_mpcd_cuda_livevis_inventory_0314_to_0339a.csv | src_mpcd_cuda_livevis_inventory_0314_to_0342a.csv | src_mpcd_cuda_resampling_env_flags_delta_0314.csv | src_mpcd_cuda_resampling_env_flags_delta_0314_to_0337_livevis.csv
MPCD_CUDA_RESAMPLING_ADAPTIVE_FLAG_0304_TRIGGER_NMIN,env_flag,"CUDA resampling post-SRC — diagnostics, split-safety et optimisation inactive",ajout 0304,entier,6 dans les scripts de diagnostic,Seuil de population cellulaire low-N utilisé par le flag.,Ne déclenche pas de correction avant scheduler adaptatif futur.,doc/GPU_RESAMPLING_CUDA_0304..0314; scripts/run_cuda_resampling_*; src/cuda_resampling_*; src/cuda_classic_src_io_resident_0263.cu,src_mpcd_cuda_env_flags_0314_resampling.csv | src_mpcd_cuda_livevis_inventory_0314_to_0339a.csv | src_mpcd_cuda_livevis_inventory_0314_to_0342a.csv | src_mpcd_cuda_resampling_env_flags_delta_0314.csv | src_mpcd_cuda_resampling_env_flags_delta_0314_to_0337_livevis.csv
MPCD_CUDA_RESAMPLING_GEOMETRY_DIAG_0305_HIGH_U,env_flag,"CUDA resampling post-SRC — diagnostics, split-safety et optimisation inactive",ajout 0305,réel,1.0,Seuil de vitesse cellulaire élevée pour la classification géométrique 0305.,Classe les cellules bulk/wall/solid/open/corner adjacent.,doc/GPU_RESAMPLING_CUDA_0304..0314; scripts/run_cuda_resampling_*; src/cuda_resampling_*; src/cuda_classic_src_io_resident_0263.cu,src_mpcd_cuda_env_flags_0314_resampling.csv | src_mpcd_cuda_livevis_inventory_0314_to_0339a.csv | src_mpcd_cuda_livevis_inventory_0314_to_0342a.csv | src_mpcd_cuda_resampling_env_flags_delta_0314.csv | src_mpcd_cuda_resampling_env_flags_delta_0314_to_0337_livevis.csv
MPCD_CUDA_RESAMPLING_OUTLIER_0306_U_THRESHOLD,env_flag,"CUDA resampling post-SRC — diagnostics, split-safety et optimisation inactive",ajout 0306,réel,1.0,Seuil |U| pour déclarer une cellule outlier dans les diagnostics 0306.,Alimente cuda_resampling_outlier_diagnostics_0306_worst_cells.csv.,doc/GPU_RESAMPLING_CUDA_0304..0314; scripts/run_cuda_resampling_*; src/cuda_resampling_*; src/cuda_classic_src_io_resident_0263.cu,src_mpcd_cuda_env_flags_0314_resampling.csv | src_mpcd_cuda_livevis_inventory_0314_to_0339a.csv | src_mpcd_cuda_livevis_inventory_0314_to_0342a.csv | src_mpcd_cuda_resampling_env_flags_delta_0314.csv | src_mpcd_cuda_resampling_env_flags_delta_0314_to_0337_livevis.csv
MPCD_CUDA_RESAMPLING_SOLID_ADJACENT_DONOR_MIN_MASS_0307,env_flag,"CUDA resampling post-SRC — diagnostics, split-safety et optimisation inactive",ajout 0307,réel,1.0 en mode cautious,Masse donneur minimale renforcée pour les cellules solid-adjacent.,Utilisé en mode solid_cautious; non nécessaire dans le mode nominal 0308.,doc/GPU_RESAMPLING_CUDA_0304..0314; scripts/run_cuda_resampling_*; src/cuda_resampling_*; src/cuda_classic_src_io_resident_0263.cu,src_mpcd_cuda_env_flags_0314_resampling.csv | src_mpcd_cuda_livevis_inventory_0314_to_0339a.csv | src_mpcd_cuda_livevis_inventory_0314_to_0342a.csv | src_mpcd_cuda_resampling_env_flags_delta_0314.csv | src_mpcd_cuda_resampling_env_flags_delta_0314_to_0337_livevis.csv
MPCD_CUDA_RESAMPLING_SOLID_ADJACENT_SPLIT_MODE_0307,env_flag,"CUDA resampling post-SRC — diagnostics, split-safety et optimisation inactive",ajout 0307,"entier/enum 0 normal, 1 cautious, 2 off",0 nominal,Contrôle le split dans les cellules solid-adjacent.,Le mode normal avec split-safety suffit pour le nominal; cautious/off restent diagnostiques.,doc/GPU_RESAMPLING_CUDA_0304..0314; scripts/run_cuda_resampling_*; src/cuda_resampling_*; src/cuda_classic_src_io_resident_0263.cu,src_mpcd_cuda_env_flags_0314_resampling.csv | src_mpcd_cuda_livevis_inventory_0314_to_0339a.csv | src_mpcd_cuda_livevis_inventory_0314_to_0342a.csv | src_mpcd_cuda_resampling_env_flags_delta_0314.csv | src_mpcd_cuda_resampling_env_flags_delta_0314_to_0337_livevis.csv
MPCD_CUDA_RESAMPLING_SPLIT_DONOR_MIN_MASS_0307,env_flag,"CUDA resampling post-SRC — diagnostics, split-safety et optimisation inactive",ajout 0307; nominal 0308,réel,0.5,Masse minimale du donneur pour autoriser un split.,Empêche les splits issus de particules trop légères.,doc/GPU_RESAMPLING_CUDA_0304..0314; scripts/run_cuda_resampling_*; src/cuda_resampling_*; src/cuda_classic_src_io_resident_0263.cu,src_mpcd_cuda_env_flags_0314_resampling.csv | src_mpcd_cuda_livevis_inventory_0314_to_0339a.csv | src_mpcd_cuda_livevis_inventory_0314_to_0342a.csv | src_mpcd_cuda_resampling_env_flags_delta_0314.csv | src_mpcd_cuda_resampling_env_flags_delta_0314_to_0337_livevis.csv
MPCD_CUDA_RESAMPLING_SPLIT_NEW_PARTICLE_MIN_MASS_0307,env_flag,"CUDA resampling post-SRC — diagnostics, split-safety et optimisation inactive",ajout 0307; nominal 0308,réel,0.25,Masse minimale de la particule créée par split et du donneur après split.,Valeur validée pour couper les outliers de masse/vitesse.,doc/GPU_RESAMPLING_CUDA_0304..0314; scripts/run_cuda_resampling_*; src/cuda_resampling_*; src/cuda_classic_src_io_resident_0263.cu,src_mpcd_cuda_env_flags_0314_resampling.csv | src_mpcd_cuda_livevis_inventory_0314_to_0339a.csv | src_mpcd_cuda_livevis_inventory_0314_to_0342a.csv | src_mpcd_cuda_resampling_env_flags_delta_0314.csv | src_mpcd_cuda_resampling_env_flags_delta_0314_to_0337_livevis.csv
MPCD_CUDA_RESAMPLING_SPLIT_PREFER_MAX_MASS_DONOR_0307,env_flag,"CUDA resampling post-SRC — diagnostics, split-safety et optimisation inactive",ajout 0307; nominal 0308,booléen/env truthy,true,Choisit préférentiellement le donneur le plus massif pour un split.,Réduit le risque de resplit de particules déjà allégées.,doc/GPU_RESAMPLING_CUDA_0304..0314; scripts/run_cuda_resampling_*; src/cuda_resampling_*; src/cuda_classic_src_io_resident_0263.cu,src_mpcd_cuda_env_flags_0314_resampling.csv | src_mpcd_cuda_livevis_inventory_0314_to_0339a.csv | src_mpcd_cuda_livevis_inventory_0314_to_0342a.csv | src_mpcd_cuda_resampling_env_flags_delta_0314.csv | src_mpcd_cuda_resampling_env_flags_delta_0314_to_0337_livevis.csv
MPCD_CUDA_RESAMPLING_SPLIT_SAFETY_0307,env_flag,"CUDA resampling post-SRC — diagnostics, split-safety et optimisation inactive",ajout 0307; nominal 0308,booléen/env truthy,true dans scripts resampling nominal 0308+,Active la prévention des cascades de split créant des particules de masse dégénérée.,Doit rester activé avec le resampling CUDA nominal.,doc/GPU_RESAMPLING_CUDA_0304..0314; scripts/run_cuda_resampling_*; src/cuda_resampling_*; src/cuda_classic_src_io_resident_0263.cu,src_mpcd_cuda_env_flags_0314_resampling.csv | src_mpcd_cuda_livevis_inventory_0314_to_0339a.csv | src_mpcd_cuda_livevis_inventory_0314_to_0342a.csv | src_mpcd_cuda_resampling_env_flags_delta_0314.csv | src_mpcd_cuda_resampling_env_flags_delta_0314_to_0337_livevis.csv
MPCD_CUDA_RESAMPLING_TINY_MASS_THRESHOLD_0307,env_flag,"CUDA resampling post-SRC — diagnostics, split-safety et optimisation inactive",ajout 0307,réel,0.1 ou valeur script,Seuil de diagnostic des particules ou splits de masse très faible.,Produit les compteurs splitFromMassBelow*_0307.,doc/GPU_RESAMPLING_CUDA_0304..0314; scripts/run_cuda_resampling_*; src/cuda_resampling_*; src/cuda_classic_src_io_resident_0263.cu,src_mpcd_cuda_env_flags_0314_resampling.csv | src_mpcd_cuda_livevis_inventory_0314_to_0339a.csv | src_mpcd_cuda_livevis_inventory_0314_to_0342a.csv | src_mpcd_cuda_resampling_env_flags_delta_0314.csv | src_mpcd_cuda_resampling_env_flags_delta_0314_to_0337_livevis.csv
SUMMARY_ROLE_FILTER,env_flag,"CUDA resampling post-SRC — diagnostics, split-safety et optimisation inactive",script 0314,alias script utilisateur,fluid dans scripts visuels 0309+,Alias script vers summaryRoleFilter.,fluid évite de résumer inutilement les slots Inactive.,doc/GPU_RESAMPLING_CUDA_0304..0314; scripts/run_cuda_resampling_*; src/cuda_resampling_*; src/cuda_classic_src_io_resident_0263.cu,src_mpcd_cuda_env_flags_0314_resampling.csv | src_mpcd_cuda_livevis_inventory_0314_to_0339a.csv | src_mpcd_cuda_livevis_inventory_0314_to_0342a.csv | src_mpcd_cuda_resampling_env_flags_delta_0314.csv | src_mpcd_cuda_resampling_env_flags_delta_0314_to_0337_livevis.csv
MPCD_CUDA_RESAMPLING_MASS_RECONDITION_0296,env_flag,CUDA resampling post-SRC — survey et guard,ajout 0295-0303,booléen/env truthy,false/off,Active le reconditionnement conservatif des masses sans changement de support.,Post-SRC; conserve masse et impulsion cellulaire.,doc/GPU_RESAMPLING_CUDA_0295..0303; scripts/run_cuda_resampling_*; src/cuda_resampling_*,src_mpcd_cuda_env_flags_0303_resampling.csv | src_mpcd_cuda_env_flags_0314_resampling.csv | src_mpcd_cuda_livevis_inventory_0314_to_0339a.csv | src_mpcd_cuda_livevis_inventory_0314_to_0342a.csv | src_mpcd_cuda_resampling_env_flags_delta_0303.csv | src_mpcd_cuda_resampling_env_flags_delta_0314.csv | src_mpcd_cuda_resampling_env_flags_delta_0314_to_0337_livevis.csv
MPCD_CUDA_RESAMPLING_MASS_RECONDITION_0296_EVERY,env_flag,CUDA resampling post-SRC — survey et guard,ajout 0295-0303,entier,10 ou 20,Cadence du reconditionnement de masse 0296.,Utilisé dans les scripts 0296/0303.,doc/GPU_RESAMPLING_CUDA_0295..0303; scripts/run_cuda_resampling_*; src/cuda_resampling_*,src_mpcd_cuda_env_flags_0303_resampling.csv | src_mpcd_cuda_env_flags_0314_resampling.csv | src_mpcd_cuda_livevis_inventory_0314_to_0339a.csv | src_mpcd_cuda_livevis_inventory_0314_to_0342a.csv | src_mpcd_cuda_resampling_env_flags_delta_0303.csv | src_mpcd_cuda_resampling_env_flags_delta_0314.csv | src_mpcd_cuda_resampling_env_flags_delta_0314_to_0337_livevis.csv
MPCD_CUDA_RESAMPLING_MASS_RECONDITION_0296_STRENGTH,env_flag,CUDA resampling post-SRC — survey et guard,ajout 0295-0303,double,1.0,Force du rapprochement des masses vers M_c/N_c.,0 passif; 1 homogénéisation complète dans les cellules traitées.,doc/GPU_RESAMPLING_CUDA_0295..0303; scripts/run_cuda_resampling_*; src/cuda_resampling_*,src_mpcd_cuda_env_flags_0303_resampling.csv | src_mpcd_cuda_env_flags_0314_resampling.csv | src_mpcd_cuda_livevis_inventory_0314_to_0339a.csv | src_mpcd_cuda_livevis_inventory_0314_to_0342a.csv | src_mpcd_cuda_resampling_env_flags_delta_0303.csv | src_mpcd_cuda_resampling_env_flags_delta_0314.csv | src_mpcd_cuda_resampling_env_flags_delta_0314_to_0337_livevis.csv
MPCD_CUDA_RESAMPLING_MOMENT_RESTORE_0298,env_flag,CUDA resampling post-SRC — survey et guard,ajout 0295-0303,booléen/env truthy,true en guard actif,Active la restauration de l’énergie cinétique relative cellulaire.,Contrôle K_rel après split/merge.,doc/GPU_RESAMPLING_CUDA_0295..0303; scripts/run_cuda_resampling_*; src/cuda_resampling_*,src_mpcd_cuda_env_flags_0303_resampling.csv | src_mpcd_cuda_env_flags_0314_resampling.csv | src_mpcd_cuda_livevis_inventory_0314_to_0339a.csv | src_mpcd_cuda_livevis_inventory_0314_to_0342a.csv | src_mpcd_cuda_resampling_env_flags_delta_0303.csv | src_mpcd_cuda_resampling_env_flags_delta_0314.csv | src_mpcd_cuda_resampling_env_flags_delta_0314_to_0337_livevis.csv
MPCD_CUDA_RESAMPLING_MOMENT_RESTORE_0298_ABS_TOL,env_flag,CUDA resampling post-SRC — survey et guard,ajout 0295-0303,double,1e-14,Tolérance absolue de restauration K_rel.,Diagnostic et évitement des divisions par bruit.,doc/GPU_RESAMPLING_CUDA_0295..0303; scripts/run_cuda_resampling_*; src/cuda_resampling_*,src_mpcd_cuda_env_flags_0303_resampling.csv | src_mpcd_cuda_env_flags_0314_resampling.csv | src_mpcd_cuda_livevis_inventory_0314_to_0339a.csv | src_mpcd_cuda_livevis_inventory_0314_to_0342a.csv | src_mpcd_cuda_resampling_env_flags_delta_0303.csv | src_mpcd_cuda_resampling_env_flags_delta_0314.csv | src_mpcd_cuda_resampling_env_flags_delta_0314_to_0337_livevis.csv
MPCD_CUDA_RESAMPLING_MOMENT_RESTORE_0298_MAX_SCALE,env_flag,CUDA resampling post-SRC — survey et guard,ajout 0295-0303,double,4.0,Borne du facteur de rescale des vitesses relatives.,Garde-fou contre les corrections thermiques extrêmes.,doc/GPU_RESAMPLING_CUDA_0295..0303; scripts/run_cuda_resampling_*; src/cuda_resampling_*,src_mpcd_cuda_env_flags_0303_resampling.csv | src_mpcd_cuda_env_flags_0314_resampling.csv | src_mpcd_cuda_livevis_inventory_0314_to_0339a.csv | src_mpcd_cuda_livevis_inventory_0314_to_0342a.csv | src_mpcd_cuda_resampling_env_flags_delta_0303.csv | src_mpcd_cuda_resampling_env_flags_delta_0314.csv | src_mpcd_cuda_resampling_env_flags_delta_0314_to_0337_livevis.csv
MPCD_CUDA_RESAMPLING_MOMENT_RESTORE_0298_REL_TOL,env_flag,CUDA resampling post-SRC — survey et guard,ajout 0295-0303,double,1e-12,Tolérance relative de restauration K_rel.,Diagnostic et évitement des rescale non significatifs.,doc/GPU_RESAMPLING_CUDA_0295..0303; scripts/run_cuda_resampling_*; src/cuda_resampling_*,src_mpcd_cuda_env_flags_0303_resampling.csv | src_mpcd_cuda_env_flags_0314_resampling.csv | src_mpcd_cuda_livevis_inventory_0314_to_0339a.csv | src_mpcd_cuda_livevis_inventory_0314_to_0342a.csv | src_mpcd_cuda_resampling_env_flags_delta_0303.csv | src_mpcd_cuda_resampling_env_flags_delta_0314.csv | src_mpcd_cuda_resampling_env_flags_delta_0314_to_0337_livevis.csv
MPCD_CUDA_RESAMPLING_POPULATION_GUARD_0297,env_flag,CUDA resampling post-SRC — survey et guard,ajout 0295-0303,booléen/env truthy,false/off,Active le population guard local par split/merge représentatif.,Post-SRC; doit être utilisé avec restauration 0298 en mode actif.,doc/GPU_RESAMPLING_CUDA_0295..0303; scripts/run_cuda_resampling_*; src/cuda_resampling_*,src_mpcd_cuda_env_flags_0303_resampling.csv | src_mpcd_cuda_env_flags_0314_resampling.csv | src_mpcd_cuda_livevis_inventory_0314_to_0339a.csv | src_mpcd_cuda_livevis_inventory_0314_to_0342a.csv | src_mpcd_cuda_resampling_env_flags_delta_0303.csv | src_mpcd_cuda_resampling_env_flags_delta_0314.csv | src_mpcd_cuda_resampling_env_flags_delta_0314_to_0337_livevis.csv
MPCD_CUDA_RESAMPLING_POPULATION_GUARD_0297_EVERY,env_flag,CUDA resampling post-SRC — survey et guard,ajout 0295-0303,entier,20 nominal,Cadence du guard 0297.,Validation backward step: 20.,doc/GPU_RESAMPLING_CUDA_0295..0303; scripts/run_cuda_resampling_*; src/cuda_resampling_*,src_mpcd_cuda_env_flags_0303_resampling.csv | src_mpcd_cuda_env_flags_0314_resampling.csv | src_mpcd_cuda_livevis_inventory_0314_to_0339a.csv | src_mpcd_cuda_livevis_inventory_0314_to_0342a.csv | src_mpcd_cuda_resampling_env_flags_delta_0303.csv | src_mpcd_cuda_resampling_env_flags_delta_0314.csv | src_mpcd_cuda_resampling_env_flags_delta_0314_to_0337_livevis.csv
MPCD_CUDA_RESAMPLING_POPULATION_GUARD_0297_NMAX,env_flag,CUDA resampling post-SRC — survey et guard,ajout 0295-0303,entier,32 nominal,Borne riche de population cellulaire.,Triplet nominal validé: 12:20:32.,doc/GPU_RESAMPLING_CUDA_0295..0303; scripts/run_cuda_resampling_*; src/cuda_resampling_*,src_mpcd_cuda_env_flags_0303_resampling.csv | src_mpcd_cuda_env_flags_0314_resampling.csv | src_mpcd_cuda_livevis_inventory_0314_to_0339a.csv | src_mpcd_cuda_livevis_inventory_0314_to_0342a.csv | src_mpcd_cuda_resampling_env_flags_delta_0303.csv | src_mpcd_cuda_resampling_env_flags_delta_0314.csv | src_mpcd_cuda_resampling_env_flags_delta_0314_to_0337_livevis.csv
MPCD_CUDA_RESAMPLING_POPULATION_GUARD_0297_NMIN,env_flag,CUDA resampling post-SRC — survey et guard,ajout 0295-0303,entier,12 nominal,Borne pauvre de population cellulaire.,Triplet nominal validé: 12:20:32.,doc/GPU_RESAMPLING_CUDA_0295..0303; scripts/run_cuda_resampling_*; src/cuda_resampling_*,src_mpcd_cuda_env_flags_0303_resampling.csv | src_mpcd_cuda_env_flags_0314_resampling.csv | src_mpcd_cuda_livevis_inventory_0314_to_0339a.csv | src_mpcd_cuda_livevis_inventory_0314_to_0342a.csv | src_mpcd_cuda_resampling_env_flags_delta_0303.csv | src_mpcd_cuda_resampling_env_flags_delta_0314.csv | src_mpcd_cuda_resampling_env_flags_delta_0314_to_0337_livevis.csv
MPCD_CUDA_RESAMPLING_POPULATION_GUARD_0297_NTARGET,env_flag,CUDA resampling post-SRC — survey et guard,ajout 0295-0303,entier,20 nominal,Population cible.,Doit rester cohérent avec gamma nominal.,doc/GPU_RESAMPLING_CUDA_0295..0303; scripts/run_cuda_resampling_*; src/cuda_resampling_*,src_mpcd_cuda_env_flags_0303_resampling.csv | src_mpcd_cuda_env_flags_0314_resampling.csv | src_mpcd_cuda_livevis_inventory_0314_to_0339a.csv | src_mpcd_cuda_livevis_inventory_0314_to_0342a.csv | src_mpcd_cuda_resampling_env_flags_delta_0303.csv | src_mpcd_cuda_resampling_env_flags_delta_0314.csv | src_mpcd_cuda_resampling_env_flags_delta_0314_to_0337_livevis.csv
MPCD_CUDA_RESAMPLING_POPULATION_GUARD_0297_SPLIT_FRACTION,env_flag,CUDA resampling post-SRC — survey et guard,ajout 0295-0303,double,0.5,Fraction de masse prélevée au donneur lors du split représentatif.,Conserve masse et impulsion locale avant restauration énergétique.,doc/GPU_RESAMPLING_CUDA_0295..0303; scripts/run_cuda_resampling_*; src/cuda_resampling_*,src_mpcd_cuda_env_flags_0303_resampling.csv | src_mpcd_cuda_env_flags_0314_resampling.csv | src_mpcd_cuda_livevis_inventory_0314_to_0339a.csv | src_mpcd_cuda_livevis_inventory_0314_to_0342a.csv | src_mpcd_cuda_resampling_env_flags_delta_0303.csv | src_mpcd_cuda_resampling_env_flags_delta_0314.csv | src_mpcd_cuda_resampling_env_flags_delta_0314_to_0337_livevis.csv
MPCD_CUDA_RESAMPLING_POPULATION_GUARD_0299_BOUNDARY_AWARE,env_flag,CUDA resampling post-SRC — survey et guard,ajout 0295-0303,booléen/env truthy,true/on dans scripts 0300+,Active le filtrage boundary-aware des cellules candidates.,Évite de mélanger support-control interne et réservoir hard inlet/outlet.,doc/GPU_RESAMPLING_CUDA_0295..0303; scripts/run_cuda_resampling_*; src/cuda_resampling_*,src_mpcd_cuda_env_flags_0303_resampling.csv | src_mpcd_cuda_env_flags_0314_resampling.csv | src_mpcd_cuda_livevis_inventory_0314_to_0339a.csv | src_mpcd_cuda_livevis_inventory_0314_to_0342a.csv | src_mpcd_cuda_resampling_env_flags_delta_0303.csv | src_mpcd_cuda_resampling_env_flags_delta_0314.csv | src_mpcd_cuda_resampling_env_flags_delta_0314_to_0337_livevis.csv
MPCD_CUDA_RESAMPLING_POPULATION_GUARD_0299_BOUNDARY_HALO_CELLS,env_flag,CUDA resampling post-SRC — survey et guard,ajout 0295-0303,entier,0,Épaisseur exclue près des parois simples.,0 par défaut pour conserver les zones de cisaillement.,doc/GPU_RESAMPLING_CUDA_0295..0303; scripts/run_cuda_resampling_*; src/cuda_resampling_*,src_mpcd_cuda_env_flags_0303_resampling.csv | src_mpcd_cuda_env_flags_0314_resampling.csv | src_mpcd_cuda_livevis_inventory_0314_to_0339a.csv | src_mpcd_cuda_livevis_inventory_0314_to_0342a.csv | src_mpcd_cuda_resampling_env_flags_delta_0303.csv | src_mpcd_cuda_resampling_env_flags_delta_0314.csv | src_mpcd_cuda_resampling_env_flags_delta_0314_to_0337_livevis.csv
MPCD_CUDA_RESAMPLING_POPULATION_GUARD_0299_OPEN_BOUNDARY_HALO_CELLS,env_flag,CUDA resampling post-SRC — survey et guard,ajout 0295-0303,entier,1,Épaisseur exclue près des ouvertures.,Nominalement 1 cellule.,doc/GPU_RESAMPLING_CUDA_0295..0303; scripts/run_cuda_resampling_*; src/cuda_resampling_*,src_mpcd_cuda_env_flags_0303_resampling.csv | src_mpcd_cuda_env_flags_0314_resampling.csv | src_mpcd_cuda_livevis_inventory_0314_to_0339a.csv | src_mpcd_cuda_livevis_inventory_0314_to_0342a.csv | src_mpcd_cuda_resampling_env_flags_delta_0303.csv | src_mpcd_cuda_resampling_env_flags_delta_0314.csv | src_mpcd_cuda_resampling_env_flags_delta_0314_to_0337_livevis.csv
MPCD_CUDA_RESAMPLING_POPULATION_GUARD_0299_SOLID_HALO_CELLS,env_flag,CUDA resampling post-SRC — survey et guard,ajout 0295-0303,entier,0,Épaisseur exclue près des solides immergés.,0 par défaut; peut être augmenté pour tests prudents.,doc/GPU_RESAMPLING_CUDA_0295..0303; scripts/run_cuda_resampling_*; src/cuda_resampling_*,src_mpcd_cuda_env_flags_0303_resampling.csv | src_mpcd_cuda_env_flags_0314_resampling.csv | src_mpcd_cuda_livevis_inventory_0314_to_0339a.csv | src_mpcd_cuda_livevis_inventory_0314_to_0342a.csv | src_mpcd_cuda_resampling_env_flags_delta_0303.csv | src_mpcd_cuda_resampling_env_flags_delta_0314.csv | src_mpcd_cuda_resampling_env_flags_delta_0314_to_0337_livevis.csv
MPCD_CUDA_RESAMPLING_SUPPORT_SURVEY_0295,env_flag,CUDA resampling post-SRC — survey et guard,ajout 0295-0303,booléen/env truthy,false/off sauf scripts 0295+,Active le survey CUDA post-SRC non-mutant du support particulaire.,Écrit cuda_resampling_support_survey_0295.csv; ne modifie pas l’état.,doc/GPU_RESAMPLING_CUDA_0295..0303; scripts/run_cuda_resampling_*; src/cuda_resampling_*,src_mpcd_cuda_env_flags_0303_resampling.csv | src_mpcd_cuda_env_flags_0314_resampling.csv | src_mpcd_cuda_livevis_inventory_0314_to_0339a.csv | src_mpcd_cuda_livevis_inventory_0314_to_0342a.csv | src_mpcd_cuda_resampling_env_flags_delta_0303.csv | src_mpcd_cuda_resampling_env_flags_delta_0314.csv | src_mpcd_cuda_resampling_env_flags_delta_0314_to_0337_livevis.csv
MPCD_CUDA_RESAMPLING_SUPPORT_SURVEY_0295_EVERY,env_flag,CUDA resampling post-SRC — survey et guard,ajout 0295-0303,entier,10 ou cadence script,Cadence du survey 0295.,0 ou absent désactive selon script; utilisé après SRC sur grille physique.,doc/GPU_RESAMPLING_CUDA_0295..0303; scripts/run_cuda_resampling_*; src/cuda_resampling_*,src_mpcd_cuda_env_flags_0303_resampling.csv | src_mpcd_cuda_env_flags_0314_resampling.csv | src_mpcd_cuda_livevis_inventory_0314_to_0339a.csv | src_mpcd_cuda_livevis_inventory_0314_to_0342a.csv | src_mpcd_cuda_resampling_env_flags_delta_0303.csv | src_mpcd_cuda_resampling_env_flags_delta_0314.csv | src_mpcd_cuda_resampling_env_flags_delta_0314_to_0337_livevis.csv
MPCD_CUDA_RESAMPLING_SUPPORT_SURVEY_0295_MODE,env_flag,CUDA resampling post-SRC — survey et guard,ajout 0295-0303,string,full,"Mode diagnostic: csv_only, sync_only, alloc_only, deposit_only, full.",Utilisé pour bisection VK 0295; pas nécessaire en production.,doc/GPU_RESAMPLING_CUDA_0295..0303; scripts/run_cuda_resampling_*; src/cuda_resampling_*,src_mpcd_cuda_env_flags_0303_resampling.csv | src_mpcd_cuda_env_flags_0314_resampling.csv | src_mpcd_cuda_livevis_inventory_0314_to_0339a.csv | src_mpcd_cuda_livevis_inventory_0314_to_0342a.csv | src_mpcd_cuda_resampling_env_flags_delta_0303.csv | src_mpcd_cuda_resampling_env_flags_delta_0314.csv | src_mpcd_cuda_resampling_env_flags_delta_0314_to_0337_livevis.csv
MPCD_CUDA_RESAMPLING_EXTRACTION_STRICT,env_flag,CUDA resampling — prototype/préservé,debug/comparaison,booléen/env truthy sauf mention contraire,souvent true dans validateurs; dépend du module,Contrôle les prototypes CUDA de resampling; ne fait pas partie du SRC classic full CUDA 0286.,Ne se place pas dans params.kv; à passer dans l’environnement du shell ou dans les scripts de validation/démo.,scripts/run_cuda_noq6_persistent_resampling_0238.sh; scripts/run_cuda_resampling_extraction_insertion_active_0237.sh; src/weighted_resampling.cpp,src_mpcd_cuda_env_flags_0287.csv | src_mpcd_cuda_env_flags_0292.csv | src_mpcd_cuda_env_flags_0303_resampling.csv | src_mpcd_cuda_env_flags_0314_resampling.csv
MPCD_CUDA_RESAMPLING_EXTRACTION_USE,env_flag,CUDA resampling — prototype/préservé,"prototype/préservé, hors jalon SRC classic 0286",booléen/env truthy sauf mention contraire,false/off sauf activation par scripts validés,Contrôle les prototypes CUDA de resampling; ne fait pas partie du SRC classic full CUDA 0286.,Ne se place pas dans params.kv; à passer dans l’environnement du shell ou dans les scripts de validation/démo.,scripts/run_cuda_boundary_cell_moments_0250.sh; scripts/run_cuda_boundary_stack_0248.sh; scripts/run_cuda_classic_src_mode_0259.sh; scripts/run_cuda_immersed_rectangle_0247a.sh; scripts/run_cuda_inlet_outlet_fullface_0249a.sh; scripts/run_cuda_inlet_outlet_segmented_0249b.sh; ...,src_mpcd_cuda_env_flags_0287.csv | src_mpcd_cuda_env_flags_0292.csv | src_mpcd_cuda_env_flags_0303_resampling.csv | src_mpcd_cuda_env_flags_0314_resampling.csv
MPCD_CUDA_RESAMPLING_INSERTION_STRICT,env_flag,CUDA resampling — prototype/préservé,debug/comparaison,booléen/env truthy sauf mention contraire,souvent true dans validateurs; dépend du module,Contrôle les prototypes CUDA de resampling; ne fait pas partie du SRC classic full CUDA 0286.,Ne se place pas dans params.kv; à passer dans l’environnement du shell ou dans les scripts de validation/démo.,scripts/run_cuda_noq6_persistent_resampling_0238.sh; scripts/run_cuda_resampling_extraction_insertion_active_0237.sh; scripts/run_cuda_resampling_insertion_active_0236.sh; src/weighted_resampling.cpp,src_mpcd_cuda_env_flags_0287.csv | src_mpcd_cuda_env_flags_0292.csv | src_mpcd_cuda_env_flags_0303_resampling.csv | src_mpcd_cuda_env_flags_0314_resampling.csv
MPCD_CUDA_RESAMPLING_INSERTION_USE,env_flag,CUDA resampling — prototype/préservé,"prototype/préservé, hors jalon SRC classic 0286",booléen/env truthy sauf mention contraire,false/off sauf activation par scripts validés,Contrôle les prototypes CUDA de resampling; ne fait pas partie du SRC classic full CUDA 0286.,Ne se place pas dans params.kv; à passer dans l’environnement du shell ou dans les scripts de validation/démo.,scripts/run_cuda_boundary_cell_moments_0250.sh; scripts/run_cuda_boundary_stack_0248.sh; scripts/run_cuda_classic_src_mode_0259.sh; scripts/run_cuda_immersed_rectangle_0247a.sh; scripts/run_cuda_inlet_outlet_fullface_0249a.sh; scripts/run_cuda_inlet_outlet_segmented_0249b.sh; ...,src_mpcd_cuda_env_flags_0287.csv | src_mpcd_cuda_env_flags_0292.csv | src_mpcd_cuda_env_flags_0303_resampling.csv | src_mpcd_cuda_env_flags_0314_resampling.csv
MPCD_CUDA_RESAMPLING_PERSISTENT_0240,env_flag,CUDA resampling — prototype/préservé,"prototype/préservé, hors jalon SRC classic 0286",booléen/env truthy sauf mention contraire,false/off sauf activation par scripts validés,Contrôle les prototypes CUDA de resampling; ne fait pas partie du SRC classic full CUDA 0286.,Ne se place pas dans params.kv; à passer dans l’environnement du shell ou dans les scripts de validation/démo.,doc/GPU_PATCH_0240.md; doc/GPU_PATCH_0241.md; doc/GPU_PATCH_0244.md; scripts/run_cuda_boundary_cell_moments_0250.sh; scripts/run_cuda_boundary_stack_0248.sh; scripts/run_cuda_classic_src_io_fullface_resident_0263.sh; ...,src_mpcd_cuda_env_flags_0287.csv | src_mpcd_cuda_env_flags_0292.csv | src_mpcd_cuda_env_flags_0303_resampling.csv | src_mpcd_cuda_env_flags_0314_resampling.csv
MPCD_CUDA_RESAMPLING_PERSISTENT_0240_MIN_PARTICLES,env_flag,CUDA resampling — prototype/préservé,"prototype/préservé, hors jalon SRC classic 0286",entier,false/off sauf activation par scripts validés,Contrôle les prototypes CUDA de resampling; ne fait pas partie du SRC classic full CUDA 0286.,Ne se place pas dans params.kv; à passer dans l’environnement du shell ou dans les scripts de validation/démo.,doc/GPU_PATCH_0240.md; scripts/run_cuda_boundary_cell_moments_0250.sh; scripts/run_cuda_boundary_stack_0248.sh; scripts/run_cuda_classic_src_mode_0259.sh; scripts/run_cuda_immersed_rectangle_0247a.sh; scripts/run_cuda_inlet_outlet_fullface_0249a.sh; ...,src_mpcd_cuda_env_flags_0287.csv | src_mpcd_cuda_env_flags_0292.csv | src_mpcd_cuda_env_flags_0303_resampling.csv | src_mpcd_cuda_env_flags_0314_resampling.csv
MPCD_CUDA_RESAMPLING_PERSISTENT_ACTIVE_PATH_0241_STRICT,env_flag,CUDA resampling — prototype/préservé,debug/comparaison,booléen/env truthy sauf mention contraire,souvent true dans validateurs; dépend du module,Contrôle les prototypes CUDA de resampling; ne fait pas partie du SRC classic full CUDA 0286.,Ne se place pas dans params.kv; à passer dans l’environnement du shell ou dans les scripts de validation/démo.,doc/GPU_PATCH_0241.md; scripts/run_cuda_boundary_cell_moments_0250.sh; scripts/run_cuda_boundary_stack_0248.sh; scripts/run_cuda_classic_src_mode_0259.sh; scripts/run_cuda_immersed_rectangle_0247a.sh; scripts/run_cuda_inlet_outlet_fullface_0249a.sh; ...,src_mpcd_cuda_env_flags_0287.csv | src_mpcd_cuda_env_flags_0292.csv | src_mpcd_cuda_env_flags_0303_resampling.csv | src_mpcd_cuda_env_flags_0314_resampling.csv
MPCD_CUDA_RESAMPLING_PERSISTENT_ACTIVE_PATH_0242_DOWNLOAD_ALL,env_flag,CUDA resampling — prototype/préservé,"prototype/préservé, hors jalon SRC classic 0286",booléen/env truthy sauf mention contraire,false/off sauf activation par scripts validés,Contrôle les prototypes CUDA de resampling; ne fait pas partie du SRC classic full CUDA 0286.,Ne se place pas dans params.kv; à passer dans l’environnement du shell ou dans les scripts de validation/démo.,doc/GPU_PATCH_0242.md; doc/GPU_PATCH_0243.md; doc/GPU_PATCH_0244.md; scripts/run_cuda_boundary_cell_moments_0250.sh; scripts/run_cuda_boundary_stack_0248.sh; scripts/run_cuda_classic_src_mode_0259.sh; ...,src_mpcd_cuda_env_flags_0287.csv | src_mpcd_cuda_env_flags_0292.csv | src_mpcd_cuda_env_flags_0303_resampling.csv | src_mpcd_cuda_env_flags_0314_resampling.csv
MPCD_CUDA_RESAMPLING_PERSISTENT_ACTIVE_PATH_0242_HOST_SHADOW_AUTHORITATIVE,env_flag,CUDA resampling — prototype/préservé,debug/comparaison,booléen/env truthy sauf mention contraire,false/off sauf activation par scripts validés,Contrôle les prototypes CUDA de resampling; ne fait pas partie du SRC classic full CUDA 0286.,Ne se place pas dans params.kv; à passer dans l’environnement du shell ou dans les scripts de validation/démo.,doc/GPU_PATCH_0242.md; doc/GPU_PATCH_0243.md; doc/GPU_PATCH_0244.md; scripts/run_cuda_boundary_cell_moments_0250.sh; scripts/run_cuda_boundary_stack_0248.sh; scripts/run_cuda_classic_src_mode_0259.sh; ...,src_mpcd_cuda_env_flags_0287.csv | src_mpcd_cuda_env_flags_0292.csv | src_mpcd_cuda_env_flags_0303_resampling.csv | src_mpcd_cuda_env_flags_0314_resampling.csv
MPCD_CUDA_RESAMPLING_PERSISTENT_ACTIVE_PATH_0242_UPLOAD_MODE,env_flag,CUDA resampling — prototype/préservé,"prototype/préservé, hors jalon SRC classic 0286",string,false/off sauf activation par scripts validés,Contrôle les prototypes CUDA de resampling; ne fait pas partie du SRC classic full CUDA 0286.,Ne se place pas dans params.kv; à passer dans l’environnement du shell ou dans les scripts de validation/démo.,doc/GPU_PATCH_0242.md; doc/GPU_PATCH_0243.md; doc/GPU_PATCH_0244.md; scripts/run_cuda_boundary_cell_moments_0250.sh; scripts/run_cuda_boundary_stack_0248.sh; scripts/run_cuda_classic_src_mode_0259.sh; ...,src_mpcd_cuda_env_flags_0287.csv | src_mpcd_cuda_env_flags_0292.csv | src_mpcd_cuda_env_flags_0303_resampling.csv | src_mpcd_cuda_env_flags_0314_resampling.csv
MPCD_CUDA_RESAMPLING_PERSISTENT_ACTIVE_PATH_0243_STRICT_ROLES_ONLY,env_flag,CUDA resampling — prototype/préservé,debug/comparaison,booléen/env truthy sauf mention contraire,souvent true dans validateurs; dépend du module,Contrôle les prototypes CUDA de resampling; ne fait pas partie du SRC classic full CUDA 0286.,Ne se place pas dans params.kv; à passer dans l’environnement du shell ou dans les scripts de validation/démo.,src/cuda_resampling_persistent_active_path_0240.cpp,src_mpcd_cuda_env_flags_0287.csv | src_mpcd_cuda_env_flags_0292.csv | src_mpcd_cuda_env_flags_0303_resampling.csv | src_mpcd_cuda_env_flags_0314_resampling.csv
MPCD_CUDA_RESAMPLING_SHADOW,env_flag,CUDA resampling — prototype/préservé,debug/comparaison,booléen/env truthy sauf mention contraire,false/off sauf activation par scripts validés,Contrôle les prototypes CUDA de resampling; ne fait pas partie du SRC classic full CUDA 0286.,Ne se place pas dans params.kv; à passer dans l’environnement du shell ou dans les scripts de validation/démo.,scripts/run_cuda_resampling_shadow_0229.sh; scripts/run_cuda_resampling_shadow_0230.sh; scripts/run_cuda_resampling_shadow_0231.sh; scripts/run_cuda_resampling_transfer_shadow_0234.sh; scripts/run_cuda_resampling_transfer_shadow_0235.sh; src/weighted_resampling.cpp,src_mpcd_cuda_env_flags_0287.csv | src_mpcd_cuda_env_flags_0292.csv | src_mpcd_cuda_env_flags_0303_resampling.csv | src_mpcd_cuda_env_flags_0314_resampling.csv
MPCD_CUDA_RESAMPLING_SHADOW_COMPARE_PLAN,env_flag,CUDA resampling — prototype/préservé,debug/comparaison,booléen/env truthy sauf mention contraire,false/off sauf activation par scripts validés,Contrôle les prototypes CUDA de resampling; ne fait pas partie du SRC classic full CUDA 0286.,Ne se place pas dans params.kv; à passer dans l’environnement du shell ou dans les scripts de validation/démo.,scripts/run_cuda_resampling_shadow_0231.sh; scripts/run_cuda_resampling_transfer_shadow_0234.sh; scripts/run_cuda_resampling_transfer_shadow_0235.sh; src/weighted_resampling.cpp,src_mpcd_cuda_env_flags_0287.csv | src_mpcd_cuda_env_flags_0292.csv | src_mpcd_cuda_env_flags_0303_resampling.csv | src_mpcd_cuda_env_flags_0314_resampling.csv
MPCD_CUDA_RESAMPLING_SHADOW_CSV,env_flag,CUDA resampling — prototype/préservé,debug/comparaison,string,false/off sauf activation par scripts validés,Contrôle les prototypes CUDA de resampling; ne fait pas partie du SRC classic full CUDA 0286.,Ne se place pas dans params.kv; à passer dans l’environnement du shell ou dans les scripts de validation/démo.,scripts/run_cuda_resampling_shadow_0229.sh; scripts/run_cuda_resampling_shadow_0230.sh; scripts/run_cuda_resampling_shadow_0231.sh; scripts/run_cuda_resampling_transfer_shadow_0234.sh; scripts/run_cuda_resampling_transfer_shadow_0235.sh; src/weighted_resampling.cpp,src_mpcd_cuda_env_flags_0287.csv | src_mpcd_cuda_env_flags_0292.csv | src_mpcd_cuda_env_flags_0303_resampling.csv | src_mpcd_cuda_env_flags_0314_resampling.csv
MPCD_CUDA_RESAMPLING_SHADOW_STRICT,env_flag,CUDA resampling — prototype/préservé,debug/comparaison,booléen/env truthy sauf mention contraire,souvent true dans validateurs; dépend du module,Contrôle les prototypes CUDA de resampling; ne fait pas partie du SRC classic full CUDA 0286.,Ne se place pas dans params.kv; à passer dans l’environnement du shell ou dans les scripts de validation/démo.,scripts/run_cuda_resampling_shadow_0229.sh; scripts/run_cuda_resampling_shadow_0230.sh; scripts/run_cuda_resampling_shadow_0231.sh; scripts/run_cuda_resampling_transfer_shadow_0234.sh; scripts/run_cuda_resampling_transfer_shadow_0235.sh; src/weighted_resampling.cpp,src_mpcd_cuda_env_flags_0287.csv | src_mpcd_cuda_env_flags_0292.csv | src_mpcd_cuda_env_flags_0303_resampling.csv | src_mpcd_cuda_env_flags_0314_resampling.csv
MPCD_CUDA_RESAMPLING_TRANSFER_SHADOW,env_flag,CUDA resampling — prototype/préservé,debug/comparaison,booléen/env truthy sauf mention contraire,false/off sauf activation par scripts validés,Contrôle les prototypes CUDA de resampling; ne fait pas partie du SRC classic full CUDA 0286.,Ne se place pas dans params.kv; à passer dans l’environnement du shell ou dans les scripts de validation/démo.,scripts/run_cuda_resampling_transfer_shadow_0234.sh; scripts/run_cuda_resampling_transfer_shadow_0235.sh; src/weighted_resampling.cpp,src_mpcd_cuda_env_flags_0287.csv | src_mpcd_cuda_env_flags_0292.csv | src_mpcd_cuda_env_flags_0303_resampling.csv | src_mpcd_cuda_env_flags_0314_resampling.csv
MPCD_CUDA_RESAMPLING_TRANSFER_SHADOW_CSV,env_flag,CUDA resampling — prototype/préservé,debug/comparaison,string,false/off sauf activation par scripts validés,Contrôle les prototypes CUDA de resampling; ne fait pas partie du SRC classic full CUDA 0286.,Ne se place pas dans params.kv; à passer dans l’environnement du shell ou dans les scripts de validation/démo.,scripts/run_cuda_resampling_transfer_shadow_0234.sh; scripts/run_cuda_resampling_transfer_shadow_0235.sh; src/weighted_resampling.cpp,src_mpcd_cuda_env_flags_0287.csv | src_mpcd_cuda_env_flags_0292.csv | src_mpcd_cuda_env_flags_0303_resampling.csv | src_mpcd_cuda_env_flags_0314_resampling.csv
MPCD_CUDA_RESAMPLING_TRANSFER_SHADOW_MAX_TRANSFERS,env_flag,CUDA resampling — prototype/préservé,debug/comparaison,entier,false/off sauf activation par scripts validés,Contrôle les prototypes CUDA de resampling; ne fait pas partie du SRC classic full CUDA 0286.,Ne se place pas dans params.kv; à passer dans l’environnement du shell ou dans les scripts de validation/démo.,scripts/run_cuda_resampling_transfer_shadow_0234.sh; scripts/run_cuda_resampling_transfer_shadow_0235.sh; src/weighted_resampling.cpp,src_mpcd_cuda_env_flags_0287.csv | src_mpcd_cuda_env_flags_0292.csv | src_mpcd_cuda_env_flags_0303_resampling.csv | src_mpcd_cuda_env_flags_0314_resampling.csv
MPCD_CUDA_RESAMPLING_TRANSFER_SHADOW_STRICT,env_flag,CUDA resampling — prototype/préservé,debug/comparaison,booléen/env truthy sauf mention contraire,souvent true dans validateurs; dépend du module,Contrôle les prototypes CUDA de resampling; ne fait pas partie du SRC classic full CUDA 0286.,Ne se place pas dans params.kv; à passer dans l’environnement du shell ou dans les scripts de validation/démo.,scripts/run_cuda_resampling_transfer_shadow_0234.sh; scripts/run_cuda_resampling_transfer_shadow_0235.sh; src/weighted_resampling.cpp,src_mpcd_cuda_env_flags_0287.csv | src_mpcd_cuda_env_flags_0292.csv | src_mpcd_cuda_env_flags_0303_resampling.csv | src_mpcd_cuda_env_flags_0314_resampling.csv
MPCD_CUDA_RESAMPLING_TRANSFER_SHADOW_UNIQUE_RECEIVER,env_flag,CUDA resampling — prototype/préservé,debug/comparaison,booléen/env truthy sauf mention contraire,false/off sauf activation par scripts validés,Contrôle les prototypes CUDA de resampling; ne fait pas partie du SRC classic full CUDA 0286.,Ne se place pas dans params.kv; à passer dans l’environnement du shell ou dans les scripts de validation/démo.,scripts/run_cuda_resampling_transfer_shadow_0235.sh; src/weighted_resampling.cpp,src_mpcd_cuda_env_flags_0287.csv | src_mpcd_cuda_env_flags_0292.csv | src_mpcd_cuda_env_flags_0303_resampling.csv | src_mpcd_cuda_env_flags_0314_resampling.csv
MPCD_CUDA_IMMERSED_CIRCLE_0284_THREADS,env_flag,CUDA solide immergé — cercle,validé 0286,entier,256 le plus souvent,Active/paramètre le support CUDA du cercle solide 0284.,Ne se place pas dans params.kv; à passer dans l’environnement du shell ou dans les scripts de validation/démo.,scripts/run_cuda_persistent_src_thermostat_circle_0284.sh; scripts/run_cuda_persistent_src_thermostat_circle_io_0285.sh; src/cuda_immersed_circle_0284.cu,src_mpcd_cuda_env_flags_0287.csv | src_mpcd_cuda_env_flags_0292.csv | src_mpcd_cuda_env_flags_0303_resampling.csv | src_mpcd_cuda_env_flags_0314_resampling.csv
MPCD_CUDA_PERSISTENT_SRC_COLLISION_IMMERSED_CIRCLE_0284,env_flag,CUDA solide immergé — cercle,validé 0286,booléen/env truthy sauf mention contraire,false/off sauf activation par scripts validés,Active/paramètre le support CUDA du cercle solide 0284.,Ne se place pas dans params.kv; à passer dans l’environnement du shell ou dans les scripts de validation/démo.,doc/GPU_PATCH_0284_CUDA_IMMERSED_CIRCLE_PERIODIC.md; scripts/run_cuda_persistent_src_thermostat_circle_0284.sh; scripts/run_cuda_persistent_src_thermostat_circle_io_0285.sh; scripts/run_demo_src_classic_cuda_von_karman_cylinder_0285.sh; src/src_collision.cpp,src_mpcd_cuda_env_flags_0287.csv | src_mpcd_cuda_env_flags_0292.csv | src_mpcd_cuda_env_flags_0303_resampling.csv | src_mpcd_cuda_env_flags_0314_resampling.csv
MPCD_CUDA_IMMERSED_RECTANGLE_0247,env_flag,CUDA solide immergé — rectangle,interne/runtime,booléen/env truthy sauf mention contraire,false/off sauf activation par scripts validés,Active/paramètre le support CUDA rectangle/step.,Ne se place pas dans params.kv; à passer dans l’environnement du shell ou dans les scripts de validation/démo.,doc/GPU_PATCH_0247A.md; scripts/run_cuda_boundary_cell_moments_0250.sh; scripts/run_cuda_boundary_stack_0248.sh; scripts/run_cuda_classic_src_io_fullface_resident_0263.sh; scripts/run_cuda_classic_src_io_segmented_resident_0264.sh; scripts/run_cuda_classic_src_mode_0259.sh; ...,src_mpcd_cuda_env_flags_0287.csv | src_mpcd_cuda_env_flags_0292.csv | src_mpcd_cuda_env_flags_0303_resampling.csv | src_mpcd_cuda_env_flags_0314_resampling.csv
MPCD_CUDA_IMMERSED_RECTANGLE_0247_DOWNLOAD_ALL,env_flag,CUDA solide immergé — rectangle,réglage performance/interne,booléen/env truthy sauf mention contraire,false/off sauf activation par scripts validés,Active/paramètre le support CUDA rectangle/step.,Ne se place pas dans params.kv; à passer dans l’environnement du shell ou dans les scripts de validation/démo.,doc/GPU_PATCH_0262.md; scripts/run_cuda_classic_src_io_fullface_resident_0263.sh; scripts/run_cuda_classic_src_io_segmented_resident_0264.sh; scripts/run_cuda_classic_src_solid_resident_0262.sh; scripts/run_cuda_persistent_src_thermostat_circle_0284.sh; scripts/run_cuda_persistent_src_thermostat_circle_io_0285.sh; ...,src_mpcd_cuda_env_flags_0287.csv | src_mpcd_cuda_env_flags_0292.csv | src_mpcd_cuda_env_flags_0303_resampling.csv | src_mpcd_cuda_env_flags_0314_resampling.csv
MPCD_CUDA_IMMERSED_RECTANGLE_0247_THREADS,env_flag,CUDA solide immergé — rectangle,réglage performance/interne,entier,256 le plus souvent,Active/paramètre le support CUDA rectangle/step.,Ne se place pas dans params.kv; à passer dans l’environnement du shell ou dans les scripts de validation/démo.,doc/GPU_PATCH_0247A.md; scripts/run_cuda_boundary_cell_moments_0250.sh; scripts/run_cuda_boundary_stack_0248.sh; scripts/run_cuda_classic_src_io_fullface_resident_0263.sh; scripts/run_cuda_classic_src_io_segmented_resident_0264.sh; scripts/run_cuda_classic_src_mode_0259.sh; ...,src_mpcd_cuda_env_flags_0287.csv | src_mpcd_cuda_env_flags_0292.csv | src_mpcd_cuda_env_flags_0303_resampling.csv | src_mpcd_cuda_env_flags_0314_resampling.csv
MPCD_CUDA_PERSISTENT_SRC_COLLISION_IMMERSED_RECT_0254,env_flag,CUDA solide immergé — rectangle,interne/runtime,booléen/env truthy sauf mention contraire,false/off sauf activation par scripts validés,Active/paramètre le support CUDA rectangle/step.,Ne se place pas dans params.kv; à passer dans l’environnement du shell ou dans les scripts de validation/démo.,doc/GPU_PATCH_0254.md; scripts/run_cuda_classic_src_io_fullface_resident_0263.sh; scripts/run_cuda_classic_src_io_segmented_resident_0264.sh; scripts/run_cuda_classic_src_mode_0259.sh; scripts/run_cuda_classic_src_solid_resident_0262.sh; scripts/run_cuda_persistent_src_collision_min_download_0257.sh; ...,src_mpcd_cuda_env_flags_0287.csv | src_mpcd_cuda_env_flags_0292.csv | src_mpcd_cuda_env_flags_0303_resampling.csv | src_mpcd_cuda_env_flags_0314_resampling.csv
MPCD_CUDA_CLASSIC_SRC_WALL_CIRCLE_RESIDENT_DISABLE_MINIMAL_DOWNLOAD_0338,env_flag,CUDA sécurité / wall+circle resident 0318,ajout 0338c; debug/rollback,booléen/env truthy,false/off,Désactive explicitement le pont minimal-download 0338 même si le flag d’activation est présent.,Garde-fou pour comparaison flag ON/OFF et rollback rapide.,src/cuda_persistent_mpcd_step.cu,src_mpcd_cuda_livevis_inventory_0314_to_0339a.csv | src_mpcd_cuda_livevis_inventory_0314_to_0342a.csv
MPCD_CUDA_PERSISTENT_SRC_THERMOSTAT_CONSUME_STRICT,env_flag,CUDA thermostat,debug/comparaison,booléen/env truthy sauf mention contraire,souvent true dans validateurs; dépend du module,Active le mode strict: erreur si le chemin CUDA demandé ne s’applique pas.,Ne se place pas dans params.kv; à passer dans l’environnement du shell ou dans les scripts de validation/démo.,scripts/run_cuda_classic_src_mode_0259.sh; scripts/run_cuda_classic_src_periodic_resident_0260.sh; scripts/run_cuda_persistent_src_thermostat_circle_0284.sh; scripts/run_cuda_persistent_src_thermostat_circle_io_0285.sh; scripts/run_cuda_persistent_src_thermostat_io_fullface_0279.sh; scripts/run_cuda_persistent_src_thermostat_io_fullface_0279b.sh; ...,src_mpcd_cuda_env_flags_0287.csv | src_mpcd_cuda_env_flags_0292.csv | src_mpcd_cuda_env_flags_0303_resampling.csv | src_mpcd_cuda_env_flags_0314_resampling.csv
MPCD_CUDA_PERSISTENT_SRC_THERMOSTAT_SHARED_0251_0260,env_flag,CUDA thermostat,validé 0286,booléen/env truthy sauf mention contraire,false/off sauf activation par scripts validés,Consomme l’état particulaire partagé pour le thermostat fusionné.,Ne se place pas dans params.kv; à passer dans l’environnement du shell ou dans les scripts de validation/démo. | Ne se place pas dans params.kv; à passer dans l’environnement du shell ou dans les scripts de validation/démo. 0291b: ce flag choisit seulement le backend/chemin CUDA; thermostatEnable=false dans params.kv désactive physiquement le thermostat même si ce flag vaut 1.,doc/GPU_PATCH_0260.md; doc/GPU_PATCH_0280B_CUDA_THERMOSTAT_IO_SEGMENTED_RUNNERFIX.md; doc/GPU_PATCH_0280_CUDA_THERMOSTAT_IO_SEGMENTED.md; scripts/run_cuda_classic_src_io_fullface_resident_0263.sh; scripts/run_cuda_classic_src_io_segmented_resident_0264.sh; scripts/run_cuda_classic_src_periodic_resident_0260.sh; ... | doc/GPU_PATCH_0260.md; doc/GPU_PATCH_0280B_CUDA_THERMOSTAT_IO_SEGMENTED_RUNNERFIX.md; doc/GPU_PATCH_0280_CUDA_THERMOSTAT_IO_SEGMENTED.md; scripts/run_cuda_classic_src_io_fullface_resident_0263.sh; scripts/run_cuda_classic_src_io_segmented_resident_0264.sh; scripts/run_cuda_classic_src_periodic_resident_0260.sh; ...; doc/GPU_PATCH_0291B_THERMOSTAT_ENABLE_GATE.md,src_mpcd_cuda_env_flags_0287.csv | src_mpcd_cuda_env_flags_0292.csv | src_mpcd_cuda_env_flags_0303_resampling.csv | src_mpcd_cuda_env_flags_0314_resampling.csv
MPCD_CUDA_PERSISTENT_SRC_THERMOSTAT_SHARED_0251_0260_STRICT,env_flag,CUDA thermostat,validé 0286,booléen/env truthy sauf mention contraire,souvent true dans validateurs; dépend du module,Consomme l’état particulaire partagé pour le thermostat fusionné.,Ne se place pas dans params.kv; à passer dans l’environnement du shell ou dans les scripts de validation/démo.,scripts/run_cuda_classic_src_periodic_resident_0260.sh; scripts/run_cuda_persistent_src_thermostat_io_segmented_0280.sh; scripts/run_cuda_persistent_src_thermostat_io_segmented_0280b.sh; scripts/run_cuda_persistent_src_thermostat_io_segmented_0280c.sh; scripts/src_gpu_demo_common_0283.sh; src/src_collision.cpp,src_mpcd_cuda_env_flags_0287.csv | src_mpcd_cuda_env_flags_0292.csv | src_mpcd_cuda_env_flags_0303_resampling.csv | src_mpcd_cuda_env_flags_0314_resampling.csv
MPCD_CUDA_PERSISTENT_SRC_THERMOSTAT_STRICT,env_flag,CUDA thermostat,debug/comparaison,booléen/env truthy sauf mention contraire,souvent true dans validateurs; dépend du module,Active le mode strict: erreur si le chemin CUDA demandé ne s’applique pas.,Ne se place pas dans params.kv; à passer dans l’environnement du shell ou dans les scripts de validation/démo.,scripts/run_cuda_classic_src_mode_0259.sh; scripts/run_cuda_classic_src_periodic_resident_0260.sh; scripts/run_cuda_persistent_src_thermostat_circle_0284.sh; scripts/run_cuda_persistent_src_thermostat_circle_io_0285.sh; scripts/run_cuda_persistent_src_thermostat_io_fullface_0279.sh; scripts/run_cuda_persistent_src_thermostat_io_fullface_0279b.sh; ...,src_mpcd_cuda_env_flags_0287.csv | src_mpcd_cuda_env_flags_0292.csv | src_mpcd_cuda_env_flags_0303_resampling.csv | src_mpcd_cuda_env_flags_0314_resampling.csv
MPCD_CUDA_PERSISTENT_SRC_THERMOSTAT_USE,env_flag,CUDA thermostat,validé 0286,booléen/env truthy sauf mention contraire,false/off sauf activation par scripts validés,Active le thermostat CUDA persistant/fusionné selon le chemin.,Ne se place pas dans params.kv; à passer dans l’environnement du shell ou dans les scripts de validation/démo. | Ne se place pas dans params.kv; à passer dans l’environnement du shell ou dans les scripts de validation/démo. 0291b: ce flag choisit seulement le backend/chemin CUDA; thermostatEnable=false dans params.kv désactive physiquement le thermostat même si ce flag vaut 1.,doc/GPU_PATCH_0244.md; doc/GPU_PATCH_0278_CUDA_THERMOSTAT_PISTON.md; doc/GPU_PATCH_0280B_CUDA_THERMOSTAT_IO_SEGMENTED_RUNNERFIX.md; doc/GPU_PATCH_0280C_CUDA_THERMOSTAT_IO_RESIDENT_SUPPORT.md; scripts/run_cuda_boundary_cell_moments_0250.sh; scripts/run_cuda_boundary_stack_0248.sh; ... | doc/GPU_PATCH_0244.md; doc/GPU_PATCH_0278_CUDA_THERMOSTAT_PISTON.md; doc/GPU_PATCH_0280B_CUDA_THERMOSTAT_IO_SEGMENTED_RUNNERFIX.md; doc/GPU_PATCH_0280C_CUDA_THERMOSTAT_IO_RESIDENT_SUPPORT.md; scripts/run_cuda_boundary_cell_moments_0250.sh; scripts/run_cuda_boundary_stack_0248.sh; ...; doc/GPU_PATCH_0291B_THERMOSTAT_ENABLE_GATE.md,src_mpcd_cuda_env_flags_0287.csv | src_mpcd_cuda_env_flags_0292.csv | src_mpcd_cuda_env_flags_0303_resampling.csv | src_mpcd_cuda_env_flags_0314_resampling.csv
MPCD_CUDA_THERMOSTAT_PERSISTENT_0258,env_flag,CUDA thermostat,interne/runtime,booléen/env truthy sauf mention contraire,false/off sauf activation par scripts validés,Variable interne de contrôle du backend CUDA.,Ne se place pas dans params.kv; à passer dans l’environnement du shell ou dans les scripts de validation/démo.,doc/GPU_PATCH_0258.md; scripts/run_cuda_classic_src_io_fullface_resident_0263.sh; scripts/run_cuda_classic_src_io_segmented_resident_0264.sh; scripts/run_cuda_classic_src_mode_0259.sh; scripts/run_cuda_classic_src_periodic_resident_0260.sh; scripts/run_cuda_classic_src_solid_resident_0262.sh; ...,src_mpcd_cuda_env_flags_0287.csv | src_mpcd_cuda_env_flags_0292.csv | src_mpcd_cuda_env_flags_0303_resampling.csv | src_mpcd_cuda_env_flags_0314_resampling.csv
MPCD_CUDA_THERMOSTAT_PERSISTENT_0258_METADATA_CACHE,env_flag,CUDA thermostat,interne/runtime,booléen/env truthy sauf mention contraire,false/off sauf activation par scripts validés,Variable interne de contrôle du backend CUDA.,Ne se place pas dans params.kv; à passer dans l’environnement du shell ou dans les scripts de validation/démo.,scripts/run_cuda_classic_src_mode_0259.sh; scripts/run_cuda_persistent_src_collision_thermostat_0258.sh; scripts/run_cuda_persistent_src_thermostat_piston_0278.sh; src/thermostat.cpp,src_mpcd_cuda_env_flags_0287.csv | src_mpcd_cuda_env_flags_0292.csv | src_mpcd_cuda_env_flags_0303_resampling.csv | src_mpcd_cuda_env_flags_0314_resampling.csv
MPCD_CUDA_THERMOSTAT_PERSISTENT_0258_STRICT,env_flag,CUDA thermostat,debug/comparaison,booléen/env truthy sauf mention contraire,souvent true dans validateurs; dépend du module,Active le mode strict: erreur si le chemin CUDA demandé ne s’applique pas.,Ne se place pas dans params.kv; à passer dans l’environnement du shell ou dans les scripts de validation/démo.,scripts/run_cuda_classic_src_mode_0259.sh; scripts/run_cuda_persistent_src_collision_thermostat_0258.sh; scripts/run_cuda_persistent_src_thermostat_piston_0278.sh; src/thermostat.cpp,src_mpcd_cuda_env_flags_0287.csv | src_mpcd_cuda_env_flags_0292.csv | src_mpcd_cuda_env_flags_0303_resampling.csv | src_mpcd_cuda_env_flags_0314_resampling.csv
MPCD_CUDA_THERMOSTAT_SHADOW,env_flag,CUDA thermostat,debug/comparaison,booléen/env truthy sauf mention contraire,false/off sauf activation par scripts validés,Active comparaison shadow CUDA/CPU pour validation.,Ne se place pas dans params.kv; à passer dans l’environnement du shell ou dans les scripts de validation/démo.,scripts/run_cuda_cell_thermostat_active_0207.sh; scripts/run_cuda_cell_thermostat_shadow_0206.sh; scripts/run_cuda_persistent_collision_q6_thermostat_0216.sh; scripts/run_cuda_persistent_collision_q6_thermostat_ordered_0217.sh; scripts/run_cuda_src_collision_shadow_0210.sh; scripts/run_cuda_tg_full_gpu_stack_0208.sh; ...,src_mpcd_cuda_env_flags_0287.csv | src_mpcd_cuda_env_flags_0292.csv | src_mpcd_cuda_env_flags_0303_resampling.csv | src_mpcd_cuda_env_flags_0314_resampling.csv
MPCD_CUDA_THERMOSTAT_SHADOW_DIAG_TOL,env_flag,CUDA thermostat,debug/comparaison,double,false/off sauf activation par scripts validés,Active comparaison shadow CUDA/CPU pour validation.,Ne se place pas dans params.kv; à passer dans l’environnement du shell ou dans les scripts de validation/démo.,scripts/run_cuda_cell_thermostat_shadow_0206.sh; src/thermostat.cpp,src_mpcd_cuda_env_flags_0287.csv | src_mpcd_cuda_env_flags_0292.csv | src_mpcd_cuda_env_flags_0303_resampling.csv | src_mpcd_cuda_env_flags_0314_resampling.csv
MPCD_CUDA_THERMOSTAT_SHADOW_EVERY,env_flag,CUDA thermostat,debug/comparaison,entier,false/off sauf activation par scripts validés,Active comparaison shadow CUDA/CPU pour validation.,Ne se place pas dans params.kv; à passer dans l’environnement du shell ou dans les scripts de validation/démo.,src/thermostat.cpp,src_mpcd_cuda_env_flags_0287.csv | src_mpcd_cuda_env_flags_0292.csv | src_mpcd_cuda_env_flags_0303_resampling.csv | src_mpcd_cuda_env_flags_0314_resampling.csv
MPCD_CUDA_THERMOSTAT_SHADOW_STRICT,env_flag,CUDA thermostat,debug/comparaison,booléen/env truthy sauf mention contraire,souvent true dans validateurs; dépend du module,Active le mode strict: erreur si le chemin CUDA demandé ne s’applique pas.,Ne se place pas dans params.kv; à passer dans l’environnement du shell ou dans les scripts de validation/démo.,src/thermostat.cpp,src_mpcd_cuda_env_flags_0287.csv | src_mpcd_cuda_env_flags_0292.csv | src_mpcd_cuda_env_flags_0303_resampling.csv | src_mpcd_cuda_env_flags_0314_resampling.csv
MPCD_CUDA_THERMOSTAT_SHADOW_TOL,env_flag,CUDA thermostat,debug/comparaison,double,false/off sauf activation par scripts validés,Active comparaison shadow CUDA/CPU pour validation.,Ne se place pas dans params.kv; à passer dans l’environnement du shell ou dans les scripts de validation/démo.,scripts/run_cuda_cell_thermostat_shadow_0206.sh; src/thermostat.cpp,src_mpcd_cuda_env_flags_0287.csv | src_mpcd_cuda_env_flags_0292.csv | src_mpcd_cuda_env_flags_0303_resampling.csv | src_mpcd_cuda_env_flags_0314_resampling.csv
MPCD_CUDA_THERMOSTAT_THREADS_PER_BLOCK,env_flag,CUDA thermostat,réglage performance/interne,entier,256 le plus souvent,Nombre de threads CUDA par bloc pour le noyau associé.,Ne se place pas dans params.kv; à passer dans l’environnement du shell ou dans les scripts de validation/démo.,scripts/run_cuda_cell_thermostat_active_0207.sh; scripts/run_cuda_cell_thermostat_shadow_0206.sh; scripts/run_cuda_persistent_collision_q6_thermostat_ordered_0217.sh; scripts/run_cuda_tg_full_gpu_stack_0208.sh; src/thermostat.cpp,src_mpcd_cuda_env_flags_0287.csv | src_mpcd_cuda_env_flags_0292.csv | src_mpcd_cuda_env_flags_0303_resampling.csv | src_mpcd_cuda_env_flags_0314_resampling.csv
MPCD_CUDA_THERMOSTAT_USE,env_flag,CUDA thermostat,interne/runtime,booléen/env truthy sauf mention contraire,false/off sauf activation par scripts validés,Variable interne de contrôle du backend CUDA.,Ne se place pas dans params.kv; à passer dans l’environnement du shell ou dans les scripts de validation/démo.,doc/GPU_PATCH_0244.md; doc/GPU_PATCH_0258.md; scripts/run_cuda_boundary_cell_moments_0250.sh; scripts/run_cuda_boundary_stack_0248.sh; scripts/run_cuda_cell_thermostat_active_0207.sh; scripts/run_cuda_classic_src_io_fullface_resident_0263.sh; ...,src_mpcd_cuda_env_flags_0287.csv | src_mpcd_cuda_env_flags_0292.csv | src_mpcd_cuda_env_flags_0303_resampling.csv | src_mpcd_cuda_env_flags_0314_resampling.csv
MPCD_CUDA_PERSISTENT_PARTICLE_STATE_STRICT,env_flag,CUDA état particulaire persistant,debug/comparaison,booléen/env truthy sauf mention contraire,souvent true dans validateurs; dépend du module,Active le mode strict: erreur si le chemin CUDA demandé ne s’applique pas.,Ne se place pas dans params.kv; à passer dans l’environnement du shell ou dans les scripts de validation/démo.,src/src_collision.cpp,src_mpcd_cuda_env_flags_0287.csv | src_mpcd_cuda_env_flags_0292.csv | src_mpcd_cuda_env_flags_0303_resampling.csv | src_mpcd_cuda_env_flags_0314_resampling.csv
MPCD_CUDA_PERSISTENT_PARTICLE_STATE_USE,env_flag,CUDA état particulaire persistant,interne/runtime | propagé scripts Darcy 0426,booléen/env truthy sauf mention contraire,false/off sauf activation par scripts validés,Variable interne de contrôle du backend CUDA.,Ne se place pas dans params.kv; à passer dans l’environnement du shell ou dans les scripts de validation/démo. | 0426 : intégré au bloc fastflags Darcy pour éviter le backend collision/thermostat lent dans les cas chi/segments.,doc/GPU_PATCH_0244.md; scripts/run_cuda_boundary_cell_moments_0250.sh; scripts/run_cuda_boundary_stack_0248.sh; scripts/run_cuda_classic_src_io_fullface_resident_0263.sh; scripts/run_cuda_classic_src_io_segmented_resident_0264.sh; scripts/run_cuda_classic_src_mode_0259.sh; ... | scripts/run_src_classic_cuda_darcy_chi_lr_segments_0411.sh; scripts/run_src_classic_cuda_darcy_chi_naca_periodic_0414.sh; scripts/run_src_classic_cuda_darcy_chi_vonkarman_periodic_0416.sh; scripts/run_src_classic_cuda_darcy_chi_backward_step_0425.sh; doc/README_0426_DARCY_FASTFLAGS.md,src_mpcd_cuda_env_flags_0287.csv | src_mpcd_cuda_env_flags_0292.csv | src_mpcd_cuda_env_flags_0303_resampling.csv | src_mpcd_cuda_env_flags_0314_resampling.csv | src_mpcd_env_flags_inventory_consolidated_0365.csv + compléments Darcy/Brinkman/livevis 0411-0426
MPCD_CUDA_IMMERSED_CIRCLE_FAST_DIAGNOSTICS_0330,env_flag,Diagnostics rapides immersed circle CUDA,ajout 0330/0331,booléen/env truthy,false/off,Active un retour diagnostic plus léger pour le cylindre CUDA.,N’affecte pas la physique; seulement les compteurs/diagnostics. Utile pour benchmark mais à désactiver pour oracle hits complets.,src/cuda_immersed_circle_0284.cu; scripts/run_vk_periodic_cylinder_oracle_cuda.sh,src_mpcd_cuda_env_flags_added_0331_to_0337_livevis.csv | src_mpcd_cuda_livevis_inventory_0314_to_0339a.csv | src_mpcd_cuda_livevis_inventory_0314_to_0342a.csv | src_mpcd_cuda_resampling_env_flags_delta_0314_to_0337_livevis.csv
SRC_GPU_IMMERSED_CIRCLE_FAST_DIAG_0330,env_flag,Diagnostics rapides immersed circle CUDA,utilisé validations 0331+,booléen/env truthy,0 dans validations sûres,Contrôle côté script les diagnostics rapides du cylindre.,À 0 pour valider les hits cylindre complets; à 1 pour réduire le coût diagnostic si disponible.,scripts/run_vk_periodic_cylinder_oracle_cuda.sh; src/cuda_immersed_circle_0284.cu,src_mpcd_cuda_env_flags_added_0331_to_0337_livevis.csv | src_mpcd_cuda_livevis_inventory_0314_to_0339a.csv | src_mpcd_cuda_livevis_inventory_0314_to_0342a.csv | src_mpcd_cuda_resampling_env_flags_delta_0314_to_0337_livevis.csv
SRC_GPU_WALL_FAST_DIAG_0320,env_flag,Diagnostics rapides wall CUDA,utilisé validations 0331+,booléen/env truthy,0 dans validations sûres,Contrôle côté script les diagnostics rapides wall.,Désactivé dans les oracles lorsque l’on veut des hits complets. Peut être activé pour réduire les retours diagnostics.,scripts/run_vk_periodic_cylinder_oracle_cuda.sh; src/cuda_streaming_wall_simple_0246.cu,src_mpcd_cuda_env_flags_added_0331_to_0337_livevis.csv | src_mpcd_cuda_livevis_inventory_0314_to_0339a.csv | src_mpcd_cuda_livevis_inventory_0314_to_0342a.csv | src_mpcd_cuda_resampling_env_flags_delta_0314_to_0337_livevis.csv
SRC_LIVE_VIS_CUDA_FIELD,env_flag,Live visualization CUDA field renderer,ajout 0337a,booléen/env truthy,0 code; 1 scripts 0337,Active le rendu de champ sur GPU avec téléchargement RGBA compact.,Chemin recommandé pour visualiser resampling sans host mirror lent. Transfert typique 300×80×4 octets/frame. | 0342a: le chemin CUDA field utilise désormais SRC_LIVE_VIS_COLORMAP pour la projection scalaire -> RGBA.,include/cuda_live_field_0337.h; src/cuda_live_field_0337.cu; src/main_src_mpcd_base.cpp,src_mpcd_cuda_env_flags_added_0331_to_0337_livevis.csv | src_mpcd_cuda_livevis_inventory_0314_to_0339a.csv | src_mpcd_cuda_livevis_inventory_0314_to_0342a.csv | src_mpcd_cuda_resampling_env_flags_delta_0314_to_0337_livevis.csv
SRC_LIVE_VIS_COLORMAP,env_flag,Live visualization colormap,ajout 0342a,enum: blue_red | gray | thermal,blue_red,"Colormap consommé par le renderer livevis, y compris le chemin CUDA field 0337.",Mis à jour dans le processus lors de la relecture de livevis_control.kv lorsque la clé colormap change. Alias acceptés: grey/grayscale/greyscale -> gray; heat/hot -> thermal.,src/cuda_live_field_0337.cu; src/live_visualization_0335.cpp; doc/livevis_colormap_control_0342a.md,src_mpcd_cuda_livevis_inventory_0314_to_0342a.csv
SRC_LIVE_VIS_RESAMPLING_HOST_MIRROR,env_flag,Live visualization fallback resampling,ajout 0335d,booléen/env truthy,0 scripts 0337; 1 fallback manuel,Force une voie hôte visible pour le resampling.,Fiable mais lente. À utiliser si CUDA_FIELD échoue ou pour debug.,scripts/run_vk_full_periodic_livevis_0335a.sh; src/live_visualization_0335.cpp,src_mpcd_cuda_env_flags_added_0331_to_0337_livevis.csv | src_mpcd_cuda_livevis_inventory_0314_to_0339a.csv | src_mpcd_cuda_livevis_inventory_0314_to_0342a.csv | src_mpcd_cuda_resampling_env_flags_delta_0314_to_0337_livevis.csv
SRC_LIVE_VIS_FORCE_HOST_MIRROR,env_flag,Live visualization fallback/debug,ajout 0335c,booléen/env truthy,0,Force la visualisation à utiliser un miroir hôte.,Debug uniquement; plus lent que CUDA_FIELD.,src/main_src_mpcd_base.cpp; scripts/run_*_0337_livevis.sh,src_mpcd_cuda_env_flags_added_0331_to_0337_livevis.csv | src_mpcd_cuda_livevis_inventory_0314_to_0339a.csv | src_mpcd_cuda_livevis_inventory_0314_to_0342a.csv | src_mpcd_cuda_resampling_env_flags_delta_0314_to_0337_livevis.csv
MPCD_LIVE_VIS_FIELD,env_flag,Live visualization runtime,mis à jour 0361,string: mêmes valeurs que SRC_LIVE_VIS_FIELD,fallback si SRC_LIVE_VIS_FIELD absent,Alias/fallback historique pour choisir le champ live.,Utilisé par live_visualization_0335.cpp comme fallback MPCD_* pour la plupart des contrôles livevis.,src/live_visualization_0335.cpp; src/cuda_live_field_0337.cu; include/cuda_live_field_0337.h; src/main_src_mpcd_base.cpp; doc/livevis_field_N_0361.md; doc/livevis_field_minmax_0363.md; doc/livevis_quiver_overlay_0364.md; doc/livevis_quiver_smoothing_0365.md,session_0361_0365_livevis
MPCD_LIVE_VIS_QUIVER_MIN_SPEED,env_flag,Live visualization runtime,ajout 0364,double >= 0,0,Seuil minimal de vitesse sous lequel les segments quiver ne sont pas dessinés.,,src/live_visualization_0335.cpp; src/cuda_live_field_0337.cu; include/cuda_live_field_0337.h; src/main_src_mpcd_base.cpp; doc/livevis_field_N_0361.md; doc/livevis_field_minmax_0363.md; doc/livevis_quiver_overlay_0364.md; doc/livevis_quiver_smoothing_0365.md,session_0361_0365_livevis
MPCD_LIVE_VIS_QUIVER_NX,env_flag,Live visualization runtime,ajout 0364,entier >= 1,60,Nombre de colonnes de la grille vectorielle quiver décimée.,"Un coût faible est obtenu en gardant une grille décimée, par exemple 60x32.",src/live_visualization_0335.cpp; src/cuda_live_field_0337.cu; include/cuda_live_field_0337.h; src/main_src_mpcd_base.cpp; doc/livevis_field_N_0361.md; doc/livevis_field_minmax_0363.md; doc/livevis_quiver_overlay_0364.md; doc/livevis_quiver_smoothing_0365.md,session_0361_0365_livevis
MPCD_LIVE_VIS_QUIVER_NY,env_flag,Live visualization runtime,ajout 0364,entier >= 1,32,Nombre de lignes de la grille vectorielle quiver décimée.,"Un coût faible est obtenu en gardant une grille décimée, par exemple 60x32.",src/live_visualization_0335.cpp; src/cuda_live_field_0337.cu; include/cuda_live_field_0337.h; src/main_src_mpcd_base.cpp; doc/livevis_field_N_0361.md; doc/livevis_field_minmax_0363.md; doc/livevis_quiver_overlay_0364.md; doc/livevis_quiver_smoothing_0365.md,session_0361_0365_livevis
MPCD_LIVE_VIS_QUIVER_SCALE,env_flag,Live visualization runtime,ajout 0364,double,-1,"Gain manuel des segments vitesse, en pixels par unité de vitesse.",Valeur <0: désactive l’overlay quiver; valeur >=0: active l’overlay.,src/live_visualization_0335.cpp; src/cuda_live_field_0337.cu; include/cuda_live_field_0337.h; src/main_src_mpcd_base.cpp; doc/livevis_field_N_0361.md; doc/livevis_field_minmax_0363.md; doc/livevis_quiver_overlay_0364.md; doc/livevis_quiver_smoothing_0365.md,session_0361_0365_livevis
MPCD_LIVE_VIS_QUIVER_SMOOTH_PASSES,env_flag,Live visualization runtime,ajout 0365,entier; -1 ou >=0,-1,Nombre de passes de lissage 3x3 appliquées aux vecteurs quiver sur la grille décimée.,<0 réutilise smoothPasses; 0 désactive le lissage des vecteurs; >0 fixe le nombre de passes.,src/live_visualization_0335.cpp; src/cuda_live_field_0337.cu; include/cuda_live_field_0337.h; src/main_src_mpcd_base.cpp; doc/livevis_field_N_0361.md; doc/livevis_field_minmax_0363.md; doc/livevis_quiver_overlay_0364.md; doc/livevis_quiver_smoothing_0365.md,session_0361_0365_livevis
SRC_LIVE_VIS_ALPHA,env_flag,Live visualization runtime,ajout 0335c,"double [0,1]",0.08 scripts 0337,Lissage temporel du rendu CPU fallback.,Le chemin CUDA field rend directement une image compacte; alpha est surtout utile au fallback CPU.,src/live_visualization_0335.cpp; scripts/run_*_0337_livevis.sh,src_mpcd_cuda_env_flags_added_0331_to_0337_livevis.csv | src_mpcd_cuda_livevis_inventory_0314_to_0339a.csv | src_mpcd_cuda_livevis_inventory_0314_to_0342a.csv | src_mpcd_cuda_resampling_env_flags_delta_0314_to_0337_livevis.csv
SRC_LIVE_VIS_CLIP,env_flag,Live visualization runtime,ajout 0335c,double; <=0 auto,-1 auto,Échelle de saturation/clip couleur.,Valeur fixe utile pour comparer plusieurs runs; auto utile pour inspection rapide. | 0341a: valeur initiale seulement; peut être modifiée à chaud via livevis_control.kv si SRC_LIVE_VIS_CONTROL_FILE est défini.,src/live_visualization_0335.cpp; src/cuda_live_field_0337.cu; scripts/run_*_0337_livevis.sh | src/live_visualization_0335.cpp; src/main_src_mpcd_base.cpp; doc/livevis_runtime_control_0341a.md,src_mpcd_cuda_env_flags_added_0331_to_0337_livevis.csv | src_mpcd_cuda_livevis_inventory_0314_to_0339a.csv | src_mpcd_cuda_livevis_inventory_0314_to_0342a.csv | src_mpcd_cuda_resampling_env_flags_delta_0314_to_0337_livevis.csv
SRC_LIVE_VIS_ENABLE,env_flag,Live visualization runtime,ajout 0335,booléen/env truthy,false/off; 1 dans scripts livevis 0337,Active la fenêtre livevis au runtime.,N’affecte pas les builds/runs production si absent. Les scripts 0337 livevis l’activent par défaut.,src/main_src_mpcd_base.cpp; scripts/run_*_0337_livevis.sh; doc/README_live_visualization_0335a.md,src_mpcd_cuda_env_flags_added_0331_to_0337_livevis.csv | src_mpcd_cuda_livevis_inventory_0314_to_0339a.csv | src_mpcd_cuda_livevis_inventory_0314_to_0342a.csv | src_mpcd_cuda_resampling_env_flags_delta_0314_to_0337_livevis.csv
SRC_LIVE_VIS_EVERY,env_flag,Live visualization runtime,ajout 0335 | mis à jour 0339a,entier > 0,10 code; 20 scripts 0337,Cadence d’affichage en nombre de steps.,Augmenter pour réduire le coût d’affichage. | 0339a: export effectif issu de LIVE_VIS_EVERY dans les scripts livevis; défaut script recommandé 25.,src/main_src_mpcd_base.cpp; scripts/run_*_0337_livevis.sh,src_mpcd_cuda_env_flags_added_0331_to_0337_livevis.csv | src_mpcd_cuda_livevis_inventory_0314_to_0339a.csv | src_mpcd_cuda_livevis_inventory_0314_to_0342a.csv | src_mpcd_cuda_resampling_env_flags_delta_0314_to_0337_livevis.csv
SRC_LIVE_VIS_FIELD,env_flag,Live visualization runtime,ajout 0335/0337 | mis à jour 0361,string: ux|uy|speed|vorticity|omega|curl|mass|density|N|n|count|population|particle_count|cell_count|chi|topo_chi|alpha|darcy_alpha|darcy_power|darcy|brinkman_power,ux dans code; dépend des scripts,Choisit le champ scalaire rendu dans la fenêtre live. 0361 ajoute le vrai comptage particulaire N/count.,"Par défaut scripts: VK/TG=vorticity, Poiseuille=ux, step/box=speed. | 0341a: valeur initiale seulement; peut être modifiée à chaud via livevis_control.kv si SRC_LIVE_VIS_CONTROL_FILE est défini. | N/count compte les particules fluides par cellule live; distinct de mass/density si masses non unitaires.",src/live_visualization_0335.cpp; src/cuda_live_field_0337.cu; scripts/run_*_0337_livevis.sh | src/live_visualization_0335.cpp; src/main_src_mpcd_base.cpp; doc/livevis_runtime_control_0341a.md | src/live_visualization_0335.cpp; src/cuda_live_field_0337.cu; include/cuda_live_field_0337.h; src/main_src_mpcd_base.cpp; doc/livevis_field_N_0361.md; doc/livevis_field_minmax_0363.md; doc/livevis_quiver_overlay_0364.md; doc/livevis_quiver_smoothing_0365.md,src_mpcd_cuda_env_flags_added_0331_to_0337_livevis.csv | src_mpcd_cuda_livevis_inventory_0314_to_0339a.csv | src_mpcd_cuda_livevis_inventory_0314_to_0342a.csv | src_mpcd_cuda_resampling_env_flags_delta_0314_to_0337_livevis.csv | session_0361_0365_livevis
SRC_LIVE_VIS_GAIN,env_flag,Live visualization runtime,ajout 0335c/0337,double > 0,1.0,Gain visuel appliqué à la colormap.,Réduire si l’image est saturée rouge/bleu; augmenter pour renforcer le contraste. | 0341a: valeur initiale seulement; peut être modifiée à chaud via livevis_control.kv si SRC_LIVE_VIS_CONTROL_FILE est défini.,src/live_visualization_0335.cpp; src/cuda_live_field_0337.cu; scripts/run_*_0337_livevis.sh | src/live_visualization_0335.cpp; src/main_src_mpcd_base.cpp; doc/livevis_runtime_control_0341a.md,src_mpcd_cuda_env_flags_added_0331_to_0337_livevis.csv | src_mpcd_cuda_livevis_inventory_0314_to_0339a.csv | src_mpcd_cuda_livevis_inventory_0314_to_0342a.csv | src_mpcd_cuda_resampling_env_flags_delta_0314_to_0337_livevis.csv
SRC_LIVE_VIS_LOG_SOURCE,env_flag,Live visualization runtime,ajout 0335c; amélioré 0337d | mis à jour 0339a | mis à jour 0363/0364/0365,booléen/env truthy,0,Active les logs de source livevis; affiche désormais min/max/scale et quiver/qscale/qsmooth quand disponibles.,"Depuis 0337d, le statut se réécrit sur la même ligne au lieu d’empiler les logs. | 0339a: export effectif issu de LIVE_VIS_LOG_SOURCE; défaut script recommandé 0. | 0363 ajoute min/max/scale/minmax_s; 0364 ajoute quiver/qscale; 0365 ajoute qsmooth.",src/live_visualization_0335.cpp; scripts/run_*_0337_livevis.sh | src/live_visualization_0335.cpp; src/cuda_live_field_0337.cu; include/cuda_live_field_0337.h; src/main_src_mpcd_base.cpp; doc/livevis_field_N_0361.md; doc/livevis_field_minmax_0363.md; doc/livevis_quiver_overlay_0364.md; doc/livevis_quiver_smoothing_0365.md,src_mpcd_cuda_env_flags_added_0331_to_0337_livevis.csv | src_mpcd_cuda_livevis_inventory_0314_to_0339a.csv | src_mpcd_cuda_livevis_inventory_0314_to_0342a.csv | src_mpcd_cuda_resampling_env_flags_delta_0314_to_0337_livevis.csv | session_0361_0365_livevis
SRC_LIVE_VIS_NX,env_flag,Live visualization runtime,ajout 0335/0337,entier >= 16,300 scripts 0337,Résolution x de la grille/champ live.,Plus élevé = plus fin mais plus coûteux. 300×80 validé comme compromis.,src/main_src_mpcd_base.cpp; src/cuda_live_field_0337.cu; scripts/run_*_0337_livevis.sh,src_mpcd_cuda_env_flags_added_0331_to_0337_livevis.csv | src_mpcd_cuda_livevis_inventory_0314_to_0339a.csv | src_mpcd_cuda_livevis_inventory_0314_to_0342a.csv | src_mpcd_cuda_resampling_env_flags_delta_0314_to_0337_livevis.csv
SRC_LIVE_VIS_NY,env_flag,Live visualization runtime,ajout 0335/0337,entier >= 16,80 scripts 0337,Résolution y de la grille/champ live.,Plus élevé = plus fin mais plus coûteux. 300×80 validé comme compromis.,src/main_src_mpcd_base.cpp; src/cuda_live_field_0337.cu; scripts/run_*_0337_livevis.sh,src_mpcd_cuda_env_flags_added_0331_to_0337_livevis.csv | src_mpcd_cuda_livevis_inventory_0314_to_0339a.csv | src_mpcd_cuda_livevis_inventory_0314_to_0342a.csv | src_mpcd_cuda_resampling_env_flags_delta_0314_to_0337_livevis.csv
SRC_LIVE_VIS_QUANTILE,env_flag,Live visualization runtime,ajout 0335c,"double dans (0,1]",0.995,Quantile d’échelle auto du rendu CPU fallback.,Limite l’effet du bruit particulaire et des outliers.,src/live_visualization_0335.cpp; scripts/run_*_0337_livevis.sh,src_mpcd_cuda_env_flags_added_0331_to_0337_livevis.csv | src_mpcd_cuda_livevis_inventory_0314_to_0339a.csv | src_mpcd_cuda_livevis_inventory_0314_to_0342a.csv | src_mpcd_cuda_resampling_env_flags_delta_0314_to_0337_livevis.csv
SRC_LIVE_VIS_QUIVER_MIN_SPEED,env_flag,Live visualization runtime,ajout 0364,double >= 0,0,Seuil minimal de vitesse sous lequel les segments quiver ne sont pas dessinés.,,src/live_visualization_0335.cpp; src/cuda_live_field_0337.cu; include/cuda_live_field_0337.h; src/main_src_mpcd_base.cpp; doc/livevis_field_N_0361.md; doc/livevis_field_minmax_0363.md; doc/livevis_quiver_overlay_0364.md; doc/livevis_quiver_smoothing_0365.md,session_0361_0365_livevis
SRC_LIVE_VIS_QUIVER_NX,env_flag,Live visualization runtime,ajout 0364,entier >= 1,60,Nombre de colonnes de la grille vectorielle quiver décimée.,"Un coût faible est obtenu en gardant une grille décimée, par exemple 60x32.",src/live_visualization_0335.cpp; src/cuda_live_field_0337.cu; include/cuda_live_field_0337.h; src/main_src_mpcd_base.cpp; doc/livevis_field_N_0361.md; doc/livevis_field_minmax_0363.md; doc/livevis_quiver_overlay_0364.md; doc/livevis_quiver_smoothing_0365.md,session_0361_0365_livevis
SRC_LIVE_VIS_QUIVER_NY,env_flag,Live visualization runtime,ajout 0364,entier >= 1,32,Nombre de lignes de la grille vectorielle quiver décimée.,"Un coût faible est obtenu en gardant une grille décimée, par exemple 60x32.",src/live_visualization_0335.cpp; src/cuda_live_field_0337.cu; include/cuda_live_field_0337.h; src/main_src_mpcd_base.cpp; doc/livevis_field_N_0361.md; doc/livevis_field_minmax_0363.md; doc/livevis_quiver_overlay_0364.md; doc/livevis_quiver_smoothing_0365.md,session_0361_0365_livevis
SRC_LIVE_VIS_QUIVER_SCALE,env_flag,Live visualization runtime,ajout 0364,double,-1,"Gain manuel des segments vitesse, en pixels par unité de vitesse.",Valeur <0: désactive l’overlay quiver; valeur >=0: active l’overlay.,src/live_visualization_0335.cpp; src/cuda_live_field_0337.cu; include/cuda_live_field_0337.h; src/main_src_mpcd_base.cpp; doc/livevis_field_N_0361.md; doc/livevis_field_minmax_0363.md; doc/livevis_quiver_overlay_0364.md; doc/livevis_quiver_smoothing_0365.md,session_0361_0365_livevis
SRC_LIVE_VIS_QUIVER_SMOOTH_PASSES,env_flag,Live visualization runtime,ajout 0365,entier; -1 ou >=0,-1,Nombre de passes de lissage 3x3 appliquées aux vecteurs quiver sur la grille décimée.,<0 réutilise smoothPasses; 0 désactive le lissage des vecteurs; >0 fixe le nombre de passes.,src/live_visualization_0335.cpp; src/cuda_live_field_0337.cu; include/cuda_live_field_0337.h; src/main_src_mpcd_base.cpp; doc/livevis_field_N_0361.md; doc/livevis_field_minmax_0363.md; doc/livevis_quiver_overlay_0364.md; doc/livevis_quiver_smoothing_0365.md,session_0361_0365_livevis
SRC_LIVE_VIS_SMOOTH_PASSES,env_flag,Live visualization runtime,ajout 0335c/0337,entier >= 0,1 scripts 0337,Nombre de passes de lissage spatial du champ live.,Vorticité: souvent 1 ou 2; champs vitesse: 0 ou 1. | 0341a: valeur initiale seulement; peut être modifiée à chaud via livevis_control.kv si SRC_LIVE_VIS_CONTROL_FILE est défini.,src/live_visualization_0335.cpp; src/cuda_live_field_0337.cu; scripts/run_*_0337_livevis.sh | src/live_visualization_0335.cpp; src/main_src_mpcd_base.cpp; doc/livevis_runtime_control_0341a.md,src_mpcd_cuda_env_flags_added_0331_to_0337_livevis.csv | src_mpcd_cuda_livevis_inventory_0314_to_0339a.csv | src_mpcd_cuda_livevis_inventory_0314_to_0342a.csv | src_mpcd_cuda_resampling_env_flags_delta_0314_to_0337_livevis.csv
SRC_LIVE_VIS_VSYNC,env_flag,Live visualization runtime,ajout 0335,booléen/int,0 scripts 0337,Contrôle vsync de la fenêtre GLFW.,0 recommandé pour ne pas brider la simulation; 1 utile si affichage trop rapide.,src/live_visualization_0335.cpp; scripts/run_*_0337_livevis.sh,src_mpcd_cuda_env_flags_added_0331_to_0337_livevis.csv | src_mpcd_cuda_livevis_inventory_0314_to_0339a.csv | src_mpcd_cuda_livevis_inventory_0314_to_0342a.csv | src_mpcd_cuda_resampling_env_flags_delta_0314_to_0337_livevis.csv
SRC_LIVE_VIS_WINDOW_SCALE,env_flag,Live visualization runtime,ajout 0335,entier >= 1,1,Facteur d’échelle de la fenêtre OpenGL.,N’affecte pas la physique ni la grille de calcul.,src/live_visualization_0335.cpp; scripts/run_*_0337_livevis.sh,src_mpcd_cuda_env_flags_added_0331_to_0337_livevis.csv | src_mpcd_cuda_livevis_inventory_0314_to_0339a.csv | src_mpcd_cuda_livevis_inventory_0314_to_0342a.csv | src_mpcd_cuda_resampling_env_flags_delta_0314_to_0337_livevis.csv
SRC_LIVE_VIS_CONTROL_EVERY,env_flag,Live visualization runtime control,ajout 0341a,entier >= 1,1,Stride de relecture du fichier de contrôle sur les opportunités d’affichage livevis.,"Avec LIVE_VIS_EVERY=25 et CONTROL_EVERY=1, le fichier est relu à chaque frame livevis.",src/live_visualization_0335.cpp; scripts/run_portable_*0337_livevis*.sh,src_mpcd_cuda_livevis_inventory_0314_to_0342a.csv
SRC_LIVE_VIS_CONTROL_FILE,env_flag,Live visualization runtime control,ajout 0341a; propagé scripts 0341b/0341d,chemin fichier .kv,vide/off si non fourni,Chemin du fichier livevis_control.kv relu à chaud par le binaire pour modifier field/clip/gain/smoothPasses/colormap sans redémarrage.,Le chemin recommandé est fourni par les scripts depuis LIVE_VIS_CONTROL_FILE_EFFECTIVE. Les logs de reload sont écrits dans le fichier .time.,src/live_visualization_0335.cpp; scripts/run_portable_*0337_livevis*.sh; doc/livevis_runtime_control_0341a.md; doc/livevis_runtime_control_0341b_scripts.md,src_mpcd_cuda_livevis_inventory_0314_to_0342a.csv
SRC_LIVE_VIS_CONTROL_LOG,env_flag,Live visualization runtime control,ajout 0341a,booléen/env truthy,1 dans scripts 0341b/0341d,Active les lignes de diagnostic [livevis0335] control reload dans stderr/.time.,Très utile pour vérifier que le fichier est bien relu et que field/clip/gain/smoothPasses/colormap changent.,src/live_visualization_0335.cpp; scripts/run_portable_*0337_livevis*.sh,src_mpcd_cuda_livevis_inventory_0314_to_0342a.csv
SRC_LIVE_VIS_CUDA_SNAPSHOT,env_flag,Live visualization snapshot expérimental,ajout 0336a; gardé expérimental,booléen/env truthy,0,Tente un snapshot compact des particules depuis l’état CUDA partagé.,Non fiable après resampling dans les tests 0336a; ne pas utiliser par défaut.,src/live_visualization_0335.cpp; src/cuda_shared_particle_state_0251.cpp; doc/README_livevis_cuda_field_0337a.md,src_mpcd_cuda_env_flags_added_0331_to_0337_livevis.csv | src_mpcd_cuda_livevis_inventory_0314_to_0339a.csv | src_mpcd_cuda_livevis_inventory_0314_to_0342a.csv | src_mpcd_cuda_resampling_env_flags_delta_0314_to_0337_livevis.csv
MPCD_CUDA_IMMERSED_CIRCLE_0284,env_flag,Obstacle immersed circle CUDA,validé 0286 | confirmé 0334a,booléen/env truthy,false/off sauf scripts VK,Active le traitement CUDA du cylindre immergé.,Ne se place pas dans params.kv; à passer dans l’environnement du shell ou dans les scripts de validation/démo. | 0334a : peut consommer l’état CUDA résident partagé et éviter les upload/download particulaires à chaque step.,scripts/run_cuda_persistent_src_thermostat_circle_0284.sh; scripts/run_cuda_persistent_src_thermostat_circle_io_0285.sh; scripts/run_demo_src_classic_cuda_von_karman_cylinder_0285.sh; src/cuda_immersed_circle_0284.cu | src/cuda_immersed_circle_0284.cu; doc/README_full_periodic_circle_resident_0334a.md,src_mpcd_cuda_env_flags_0287.csv | src_mpcd_cuda_env_flags_0292.csv | src_mpcd_cuda_env_flags_0303_resampling.csv | src_mpcd_cuda_env_flags_0314_resampling.csv | src_mpcd_cuda_env_flags_added_0331_to_0337_livevis.csv | src_mpcd_cuda_livevis_inventory_0314_to_0339a.csv | src_mpcd_cuda_livevis_inventory_0314_to_0342a.csv | src_mpcd_cuda_resampling_env_flags_delta_0314_to_0337_livevis.csv
MPCD_CUDA_IMMERSED_CIRCLE_0284_DOWNLOAD_ALL,env_flag,Obstacle immersed circle CUDA,validé 0286 | existant; à éviter en production,booléen/env truthy,false/off,Force un téléchargement complet après le cylindre 0284.,Ne se place pas dans params.kv; à passer dans l’environnement du shell ou dans les scripts de validation/démo. | Très coûteux; utile seulement pour diagnostic comparatif. Incompatible avec l’objectif chemin résident.,scripts/run_cuda_persistent_src_thermostat_circle_0284.sh; scripts/run_cuda_persistent_src_thermostat_circle_io_0285.sh; scripts/run_demo_src_classic_cuda_von_karman_cylinder_0285.sh; src/cuda_immersed_circle_0284.cu | src/cuda_immersed_circle_0284.cu,src_mpcd_cuda_env_flags_0287.csv | src_mpcd_cuda_env_flags_0292.csv | src_mpcd_cuda_env_flags_0303_resampling.csv | src_mpcd_cuda_env_flags_0314_resampling.csv | src_mpcd_cuda_env_flags_added_0331_to_0337_livevis.csv | src_mpcd_cuda_livevis_inventory_0314_to_0339a.csv | src_mpcd_cuda_livevis_inventory_0314_to_0342a.csv | src_mpcd_cuda_resampling_env_flags_delta_0314_to_0337_livevis.csv
MPCD_CUDA_RESIDENT_PROFILE_0266,env_flag,Profilage / instrumentation,diagnostic/profilage,booléen/env truthy sauf mention contraire,false/off,Active des sorties de profiling/instrumentation.,Ne se place pas dans params.kv; à passer dans l’environnement du shell ou dans les scripts de validation/démo.,doc/GPU_PATCH_0266_RESIDENT_PERFORMANCE_INSTRUMENTATION.md; scripts/run_cuda_classic_src_resident_perf_0266.sh; scripts/run_cuda_classic_src_resident_perf_0267.sh; scripts/run_cuda_classic_src_resident_perf_0268.sh; scripts/run_cuda_classic_src_resident_perf_0269a.sh; scripts/run_cuda_classic_src_resident_perf_0270.sh; ...,src_mpcd_cuda_env_flags_0287.csv | src_mpcd_cuda_env_flags_0292.csv | src_mpcd_cuda_env_flags_0303_resampling.csv | src_mpcd_cuda_env_flags_0314_resampling.csv
MPCD_CUDA_RESIDENT_PROFILE_0267,env_flag,Profilage / instrumentation,diagnostic/profilage,booléen/env truthy sauf mention contraire,false/off,Active des sorties de profiling/instrumentation.,Ne se place pas dans params.kv; à passer dans l’environnement du shell ou dans les scripts de validation/démo.,scripts/run_cuda_classic_src_resident_perf_0267.sh,src_mpcd_cuda_env_flags_0287.csv | src_mpcd_cuda_env_flags_0292.csv | src_mpcd_cuda_env_flags_0303_resampling.csv | src_mpcd_cuda_env_flags_0314_resampling.csv
MPCD_CUDA_RESIDENT_PROFILE_0270,env_flag,Profilage / instrumentation,diagnostic/profilage,booléen/env truthy sauf mention contraire,false/off,Active des sorties de profiling/instrumentation.,Ne se place pas dans params.kv; à passer dans l’environnement du shell ou dans les scripts de validation/démo.,scripts/run_cuda_classic_src_resident_perf_0270.sh,src_mpcd_cuda_env_flags_0287.csv | src_mpcd_cuda_env_flags_0292.csv | src_mpcd_cuda_env_flags_0303_resampling.csv | src_mpcd_cuda_env_flags_0314_resampling.csv
MPCD_CUDA_RESIDENT_PROFILE_0271,env_flag,Profilage / instrumentation,diagnostic/profilage,booléen/env truthy sauf mention contraire,false/off,Active des sorties de profiling/instrumentation.,Ne se place pas dans params.kv; à passer dans l’environnement du shell ou dans les scripts de validation/démo.,scripts/run_cuda_classic_src_resident_perf_0271.sh; scripts/run_cuda_classic_src_resident_perf_0272.sh; scripts/run_cuda_classic_src_resident_perf_0273.sh; scripts/run_cuda_classic_src_resident_perf_0274.sh,src_mpcd_cuda_env_flags_0287.csv | src_mpcd_cuda_env_flags_0292.csv | src_mpcd_cuda_env_flags_0303_resampling.csv | src_mpcd_cuda_env_flags_0314_resampling.csv
MPCD_CUDA_RESIDENT_PROFILE_0272,env_flag,Profilage / instrumentation,diagnostic/profilage,booléen/env truthy sauf mention contraire,false/off,Active des sorties de profiling/instrumentation.,Ne se place pas dans params.kv; à passer dans l’environnement du shell ou dans les scripts de validation/démo.,scripts/run_cuda_classic_src_resident_perf_0272.sh,src_mpcd_cuda_env_flags_0287.csv | src_mpcd_cuda_env_flags_0292.csv | src_mpcd_cuda_env_flags_0303_resampling.csv | src_mpcd_cuda_env_flags_0314_resampling.csv
MPCD_CUDA_RESIDENT_PROFILE_0273,env_flag,Profilage / instrumentation,diagnostic/profilage,booléen/env truthy sauf mention contraire,false/off,Active des sorties de profiling/instrumentation.,Ne se place pas dans params.kv; à passer dans l’environnement du shell ou dans les scripts de validation/démo.,scripts/run_cuda_classic_src_resident_perf_0273.sh,src_mpcd_cuda_env_flags_0287.csv | src_mpcd_cuda_env_flags_0292.csv | src_mpcd_cuda_env_flags_0303_resampling.csv | src_mpcd_cuda_env_flags_0314_resampling.csv
MPCD_CUDA_RESIDENT_PROFILE_0274,env_flag,Profilage / instrumentation,diagnostic/profilage,booléen/env truthy sauf mention contraire,false/off,Active des sorties de profiling/instrumentation.,Ne se place pas dans params.kv; à passer dans l’environnement du shell ou dans les scripts de validation/démo.,scripts/run_cuda_classic_src_resident_perf_0274.sh,src_mpcd_cuda_env_flags_0287.csv | src_mpcd_cuda_env_flags_0292.csv | src_mpcd_cuda_env_flags_0303_resampling.csv | src_mpcd_cuda_env_flags_0314_resampling.csv
MPCD_DEPOSIT_PROFILE,env_flag,Profilage / instrumentation,diagnostic/profilage,booléen/env truthy sauf mention contraire,false/off,Active des sorties de profiling/instrumentation.,Ne se place pas dans params.kv; à passer dans l’environnement du shell ou dans les scripts de validation/démo.,src/weighted_resampling.cpp,src_mpcd_cuda_env_flags_0287.csv | src_mpcd_cuda_env_flags_0292.csv | src_mpcd_cuda_env_flags_0303_resampling.csv | src_mpcd_cuda_env_flags_0314_resampling.csv
MPCD_ELLIPTIC_PROFILE,env_flag,Profilage / instrumentation,diagnostic/profilage,booléen/env truthy sauf mention contraire,false/off,Active des sorties de profiling/instrumentation.,Ne se place pas dans params.kv; à passer dans l’environnement du shell ou dans les scripts de validation/démo.,src/elliptic_projection.cpp,src_mpcd_cuda_env_flags_0287.csv | src_mpcd_cuda_env_flags_0292.csv | src_mpcd_cuda_env_flags_0303_resampling.csv | src_mpcd_cuda_env_flags_0314_resampling.csv
MPCD_INTERNAL_PROFILES,env_flag,Profilage / instrumentation,diagnostic/profilage | propagé scripts Darcy 0426,booléen/env truthy sauf mention contraire,false/off,Active des sorties de profiling/instrumentation.,Ne se place pas dans params.kv; à passer dans l’environnement du shell ou dans les scripts de validation/démo. | 0426 : intégré au bloc fastflags Darcy pour éviter le backend collision/thermostat lent dans les cas chi/segments.,doc/GPU_PATCH_0266_RESIDENT_PERFORMANCE_INSTRUMENTATION.md; scripts/audit_openmp_light_final_0182.py; scripts/run_cuda_classic_src_resident_perf_0266.sh; scripts/run_cuda_classic_src_resident_perf_0267.sh; scripts/run_cuda_classic_src_resident_perf_0268.sh; scripts/run_cuda_classic_src_resident_perf_0269a.sh; ... | scripts/run_src_classic_cuda_darcy_chi_lr_segments_0411.sh; scripts/run_src_classic_cuda_darcy_chi_naca_periodic_0414.sh; scripts/run_src_classic_cuda_darcy_chi_vonkarman_periodic_0416.sh; scripts/run_src_classic_cuda_darcy_chi_backward_step_0425.sh; doc/README_0426_DARCY_FASTFLAGS.md,src_mpcd_cuda_env_flags_0287.csv | src_mpcd_cuda_env_flags_0292.csv | src_mpcd_cuda_env_flags_0303_resampling.csv | src_mpcd_cuda_env_flags_0314_resampling.csv | src_mpcd_env_flags_inventory_consolidated_0365.csv + compléments Darcy/Brinkman/livevis 0411-0426
MPCD_MASS_GUARD_PROFILE,env_flag,Profilage / instrumentation,diagnostic/profilage,booléen/env truthy sauf mention contraire,false/off,Active des sorties de profiling/instrumentation.,Ne se place pas dans params.kv; à passer dans l’environnement du shell ou dans les scripts de validation/démo.,src/weighted_resampling.cpp,src_mpcd_cuda_env_flags_0287.csv | src_mpcd_cuda_env_flags_0292.csv | src_mpcd_cuda_env_flags_0303_resampling.csv | src_mpcd_cuda_env_flags_0314_resampling.csv
MPCD_POP_GUARD_PROFILE,env_flag,Profilage / instrumentation,diagnostic/profilage,booléen/env truthy sauf mention contraire,false/off,Active des sorties de profiling/instrumentation.,Ne se place pas dans params.kv; à passer dans l’environnement du shell ou dans les scripts de validation/démo.,src/weighted_resampling.cpp,src_mpcd_cuda_env_flags_0287.csv | src_mpcd_cuda_env_flags_0292.csv | src_mpcd_cuda_env_flags_0303_resampling.csv | src_mpcd_cuda_env_flags_0314_resampling.csv
MPCD_PROFILE_PHASE,env_flag,Profilage / instrumentation,diagnostic/profilage,booléen/env truthy sauf mention contraire,false/off,Active des sorties de profiling/instrumentation.,Ne se place pas dans params.kv; à passer dans l’environnement du shell ou dans les scripts de validation/démo.,src/src_mpcd_base.cpp,src_mpcd_cuda_env_flags_0287.csv | src_mpcd_cuda_env_flags_0292.csv | src_mpcd_cuda_env_flags_0303_resampling.csv | src_mpcd_cuda_env_flags_0314_resampling.csv
MPCD_CUDA_CLASSIC_SRC_PERIODIC_RESIDENT_0260,env_flag,SRC classic CUDA résident,validé 0286 | existant; confirmé 0334a,booléen/env truthy,false/off sauf scripts CUDA,Active le chemin classic SRC CUDA résident périodique.,"Ne se place pas dans params.kv; à passer dans l’environnement du shell ou dans les scripts de validation/démo. | Depuis 0334a, il peut rester compatible avec immersed circle; ne doit pas forcer un fallback CPU en présence d’un cylindre.",doc/GPU_PATCH_0260.md; doc/GPU_PATCH_0262_RESIDENTFIX.md; doc/GPU_PATCH_0274_FUSED_STREAM_DEPOSIT.md; scripts/run_cuda_classic_src_io_fullface_resident_0263.sh; scripts/run_cuda_classic_src_io_segmented_resident_0264.sh; scripts/run_cuda_classic_src_periodic_resident_0260.sh; ... | src/src_mpcd_base.cpp; src/cuda_streaming_periodic_0245.cu; doc/README_full_periodic_circle_resident_0334a.md,src_mpcd_cuda_env_flags_0287.csv | src_mpcd_cuda_env_flags_0292.csv | src_mpcd_cuda_env_flags_0303_resampling.csv | src_mpcd_cuda_env_flags_0314_resampling.csv | src_mpcd_cuda_env_flags_added_0331_to_0337_livevis.csv | src_mpcd_cuda_livevis_inventory_0314_to_0339a.csv | src_mpcd_cuda_livevis_inventory_0314_to_0342a.csv | src_mpcd_cuda_resampling_env_flags_delta_0314_to_0337_livevis.csv
OUTLET_FORCED_LAYER_CELLS,env_flag,Scripts démo 0283/0291 — inlet/outlet,contrôle utilisateur script,entier,3 dans la démo boîte; défaut noyau 1,Écrit openBoundaryOutletForcedLayerCells dans params.kv.,Épaisseur de la couche outlet utilisée pour forced_flux/equilibrium_flux.,scripts/run_demo_src_classic_cuda_box_same_face_io_0283.sh; doc/GPU_PATCH_0291_EXPLICIT_OUTLET_REGIMES.md,src_mpcd_cuda_env_flags_0292.csv | src_mpcd_cuda_env_flags_0303_resampling.csv | src_mpcd_cuda_env_flags_0314_resampling.csv
OUTLET_FORCED_MASS_FLUX,env_flag,Scripts démo 0283/0291 — inlet/outlet,contrôle utilisateur script,double,0.0,Écrit openBoundaryOutletForcedMassFlux dans params.kv.,Utilisé avec OUTLET_MODE=forced_flux; extraction découplée de l’inlet.,scripts/run_demo_src_classic_cuda_box_same_face_io_0283.sh; doc/GPU_PATCH_0291_EXPLICIT_OUTLET_REGIMES.md,src_mpcd_cuda_env_flags_0292.csv | src_mpcd_cuda_env_flags_0303_resampling.csv | src_mpcd_cuda_env_flags_0314_resampling.csv
OUTLET_FORCED_MASS_PER_STEP,env_flag,Scripts démo 0283/0291 — inlet/outlet,contrôle utilisateur script,double,0.0,Écrit openBoundaryOutletForcedMassPerStep dans params.kv.,Prioritaire sur le flux massique par temps si positif; les paramètres particulaires restent prioritaires sur la masse.,scripts/run_demo_src_classic_cuda_box_same_face_io_0283.sh; doc/GPU_PATCH_0291_EXPLICIT_OUTLET_REGIMES.md,src_mpcd_cuda_env_flags_0292.csv | src_mpcd_cuda_env_flags_0303_resampling.csv | src_mpcd_cuda_env_flags_0314_resampling.csv
OUTLET_FORCED_PARTICLE_FLUX,env_flag,Scripts démo 0283/0291 — inlet/outlet,contrôle utilisateur script,double,0.0,Écrit openBoundaryOutletForcedParticleFlux dans params.kv.,Utilisé avec OUTLET_MODE=forced_flux; les flux particulaires sont prioritaires sur les flux massiques.,scripts/run_demo_src_classic_cuda_box_same_face_io_0283.sh; doc/GPU_PATCH_0291_EXPLICIT_OUTLET_REGIMES.md,src_mpcd_cuda_env_flags_0292.csv | src_mpcd_cuda_env_flags_0303_resampling.csv | src_mpcd_cuda_env_flags_0314_resampling.csv
OUTLET_FORCED_PARTICLES_PER_STEP,env_flag,Scripts démo 0283/0291 — inlet/outlet,contrôle utilisateur script,entier,0,Écrit openBoundaryOutletForcedParticlesPerStep dans params.kv.,Paramètre simple pour régler une extraction forcée indépendante de l’inlet.,scripts/run_demo_src_classic_cuda_box_same_face_io_0283.sh; doc/GPU_PATCH_0291_EXPLICIT_OUTLET_REGIMES.md,src_mpcd_cuda_env_flags_0292.csv | src_mpcd_cuda_env_flags_0303_resampling.csv | src_mpcd_cuda_env_flags_0314_resampling.csv
OUTLET_MODE,env_flag,Scripts démo 0283/0291 — inlet/outlet,contrôle utilisateur script,string,neumann dans scripts mis à jour,Écrit openBoundaryOutletMode dans params.kv pour les démos inlet/outlet.,"Valeurs utiles: neumann, equilibrium_flux, forced_flux. Paramètre script, pas lu directement par le noyau C++ si absent du .kv.",scripts/run_demo_src_classic_cuda_box_same_face_io_0283.sh; doc/GPU_PATCH_0291_EXPLICIT_OUTLET_REGIMES.md,src_mpcd_cuda_env_flags_0292.csv | src_mpcd_cuda_env_flags_0303_resampling.csv | src_mpcd_cuda_env_flags_0314_resampling.csv
THERMOSTAT_ENABLE,env_flag,Scripts démo 0283/0291b — thermostat,contrôle utilisateur script,booléen/env truthy,1 dans les démos CUDA isothermes; 0 désactive,Écrit thermostatEnable dans params.kv et active/désactive les flags CUDA thermostat cohérents.,0291b: thermostatEnable devient le commutateur physique unique CPU/GPU; utile pour distinguer aspiration isotherme et libre/adiabatique.,scripts/src_gpu_demo_common_0283.sh; scripts/run_demo_src_classic_cuda_box_same_face_io_0283.sh; doc/GPU_PATCH_0291B_THERMOSTAT_ENABLE_GATE.md,src_mpcd_cuda_env_flags_0292.csv | src_mpcd_cuda_env_flags_0303_resampling.csv | src_mpcd_cuda_env_flags_0314_resampling.csv
MPCD_CUDA_STREAMING_PERIODIC_0245,env_flag,Streaming CUDA résident,interne/runtime | confirmé 0334a,booléen/env truthy,false/off sauf scripts CUDA,Active le streaming périodique CUDA.,Ne se place pas dans params.kv; à passer dans l’environnement du shell ou dans les scripts de validation/démo. | 0334a : supporte le cas full-periodic + immersed circle sans téléchargement hôte par step.,doc/GPU_PATCH_0245.md; scripts/run_cuda_boundary_cell_moments_0250.sh; scripts/run_cuda_boundary_stack_0248.sh; scripts/run_cuda_classic_src_io_fullface_resident_0263.sh; scripts/run_cuda_classic_src_io_segmented_resident_0264.sh; scripts/run_cuda_classic_src_mode_0259.sh; ... | src/cuda_streaming_periodic_0245.cu; doc/README_full_periodic_circle_resident_0334a.md,src_mpcd_cuda_env_flags_0287.csv | src_mpcd_cuda_env_flags_0292.csv | src_mpcd_cuda_env_flags_0303_resampling.csv | src_mpcd_cuda_env_flags_0314_resampling.csv | src_mpcd_cuda_env_flags_added_0331_to_0337_livevis.csv | src_mpcd_cuda_livevis_inventory_0314_to_0339a.csv | src_mpcd_cuda_livevis_inventory_0314_to_0342a.csv | src_mpcd_cuda_resampling_env_flags_delta_0314_to_0337_livevis.csv
MPCD_CUDA_CLASSIC_SRC_WALL_CIRCLE_RESIDENT_0318,env_flag,Sécurité VK / chemin wall+circle résident,existant 0318; quarantainé 0331,booléen/env truthy,false/off,Demande l’ancien chemin résident combiné wall+circle 0318.,Chemin conservé uniquement pour diagnostic; ne s’active plus sans le garde UNSAFE. Le chemin validé par défaut utilise le resident classic safe/no0318. | 0338c: le chemin performant validé est 0318 + MPCD_CUDA_CLASSIC_SRC_WALL_CIRCLE_RESIDENT_MINIMAL_DOWNLOAD_0338=1; 0318 seul reste à traiter comme chemin historique/quarantainé selon scripts.,src/src_mpcd_base.cpp; src/cuda_streaming_wall_simple_0246.cu; doc/README_safe_no0318*,src_mpcd_cuda_env_flags_added_0331_to_0337_livevis.csv | src_mpcd_cuda_livevis_inventory_0314_to_0339a.csv | src_mpcd_cuda_livevis_inventory_0314_to_0342a.csv | src_mpcd_cuda_resampling_env_flags_delta_0314_to_0337_livevis.csv
MPCD_CUDA_CLASSIC_SRC_WALL_CIRCLE_RESIDENT_0318_UNSAFE_ENABLE,env_flag,Sécurité VK / chemin wall+circle résident,ajout 0331,booléen/env truthy,false/off,Garde explicite pour autoriser le chemin 0318 unsafe.,Doit rester à 0 pour les runs de production/validation. À 1 seulement pour reproduire l’ancien chemin fautif ou diagnostiquer.,src/src_mpcd_base.cpp; doc/README_safe_no0318*,src_mpcd_cuda_env_flags_added_0331_to_0337_livevis.csv | src_mpcd_cuda_livevis_inventory_0314_to_0339a.csv | src_mpcd_cuda_livevis_inventory_0314_to_0342a.csv | src_mpcd_cuda_resampling_env_flags_delta_0314_to_0337_livevis.csv
MPCD_CUDA_PERSISTENT_SRC_COLLISION_SHARED_0251,env_flag,État particulaire CUDA partagé,interne/runtime | existant; réutilisé 0334/0337,booléen/env truthy,false/off sauf chemin résident,Active/réutilise l’état particulaire CUDA partagé pour les étapes SRC résidentes.,"Ne se place pas dans params.kv; à passer dans l’environnement du shell ou dans les scripts de validation/démo. | Base du chemin resident et du live renderer CUDA; la fraîcheur après resampling doit être traitée avec prudence. | 0338c: pour wall+circle 0318 + minimal-download, src_collision peut autoriser le pont shared-state/thermostat 0251 afin de consommer l’état GPU frais produit par immersed_circle, sans ré-upload particulaire privé.",doc/GPU_PATCH_0252.md; doc/GPU_PATCH_0261.md; doc/GPU_PATCH_0280B_CUDA_THERMOSTAT_IO_SEGMENTED_RUNNERFIX.md; scripts/run_cuda_classic_src_io_fullface_resident_0263.sh; scripts/run_cuda_classic_src_io_segmented_resident_0264.sh; scripts/run_cuda_classic_src_mode_0259.sh; ... | src/cuda_shared_particle_state_0251.cpp; src/main_src_mpcd_base.cpp; src/cuda_live_field_0337.cu,src_mpcd_cuda_env_flags_0287.csv | src_mpcd_cuda_env_flags_0292.csv | src_mpcd_cuda_env_flags_0303_resampling.csv | src_mpcd_cuda_env_flags_0314_resampling.csv | src_mpcd_cuda_env_flags_added_0331_to_0337_livevis.csv | src_mpcd_cuda_livevis_inventory_0314_to_0339a.csv | src_mpcd_cuda_livevis_inventory_0314_to_0342a.csv | src_mpcd_cuda_resampling_env_flags_delta_0314_to_0337_livevis.csv
MPCD_DARCY_FASTFLAGS_ENABLE,env_flag,Darcy/Brinkman CUDA résident — fastflags,ajout 0426,booléen/env truthy,1,Active le bloc commun 0426 de drapeaux rapides dans les scripts Darcy de démonstration.,Mettre à 0 pour diagnostic/ablation. La correction 0426 a ramené le backward step Darcy/chiVP segmenté au coût du chemin résident rapide.,scripts/run_src_classic_cuda_darcy_chi_lr_segments_0411.sh; scripts/run_src_classic_cuda_darcy_chi_naca_periodic_0414.sh; scripts/run_src_classic_cuda_darcy_chi_vonkarman_periodic_0416.sh; scripts/run_src_classic_cuda_darcy_chi_backward_step_0425.sh; doc/README_0426_DARCY_FASTFLAGS.md,src_mpcd_env_flags_inventory_consolidated_0365.csv + compléments Darcy/Brinkman/livevis 0411-0426
MPCD_CUDA_PERSISTENT_SRC_COLLISION_FAST_THERMOSTAT_DIAG_0321,env_flag,CUDA collision SRC résidente — diagnostic thermostat,ajout 0321; propagé Darcy 0426,booléen/env truthy,1,Utilise le diagnostic thermostat rapide dans le chemin collision/thermostat résident.,Propagé aux scripts Darcy 0426 ; son absence contribuait au chemin lent observé dans les runs segmentés.,scripts/run_src_classic_cuda_darcy_chi_lr_segments_0411.sh; scripts/run_src_classic_cuda_darcy_chi_naca_periodic_0414.sh; scripts/run_src_classic_cuda_darcy_chi_vonkarman_periodic_0416.sh; scripts/run_src_classic_cuda_darcy_chi_backward_step_0425.sh; doc/README_0426_DARCY_FASTFLAGS.md,src_mpcd_env_flags_inventory_consolidated_0365.csv + compléments Darcy/Brinkman/livevis 0411-0426
MPCD_CUDA_PERSISTENT_SRC_COLLISION_SKIP_HOST_CELLID_FILL_0327,env_flag,CUDA collision SRC résidente — réduction transferts hôte,ajout 0327; propagé Darcy 0426,booléen/env truthy,1,Évite le remplissage hôte des cell-id lorsque le chemin résident peut réutiliser les métadonnées.,Fastflag 0426 pour scripts Darcy ; réduire upload/setup dans les cas chi/segments.,scripts/run_src_classic_cuda_darcy_chi_lr_segments_0411.sh; scripts/run_src_classic_cuda_darcy_chi_naca_periodic_0414.sh; scripts/run_src_classic_cuda_darcy_chi_vonkarman_periodic_0416.sh; scripts/run_src_classic_cuda_darcy_chi_backward_step_0425.sh; doc/README_0426_DARCY_FASTFLAGS.md,src_mpcd_env_flags_inventory_consolidated_0365.csv + compléments Darcy/Brinkman/livevis 0411-0426
MPCD_CUDA_PERSISTENT_SRC_COLLISION_SKIP_WALL_VP_DIAG_0319,env_flag,CUDA collision SRC résidente — diagnostic wallVP,ajout 0319; propagé Darcy 0426,booléen/env truthy,1,Désactive le diagnostic wallVP coûteux dans les chemins où il n’est pas requis.,Fastflag 0426 pour scripts Darcy ; utile pour éviter le bloc géométrique/VP inutile pendant les démos Darcy.,scripts/run_src_classic_cuda_darcy_chi_lr_segments_0411.sh; scripts/run_src_classic_cuda_darcy_chi_naca_periodic_0414.sh; scripts/run_src_classic_cuda_darcy_chi_vonkarman_periodic_0416.sh; scripts/run_src_classic_cuda_darcy_chi_backward_step_0425.sh; doc/README_0426_DARCY_FASTFLAGS.md,src_mpcd_env_flags_inventory_consolidated_0365.csv + compléments Darcy/Brinkman/livevis 0411-0426
MPCD_LIVE_VIS_ENABLE,env_flag,Live visualization runtime,mis à jour 0426,booléen/env truthy,copie de LIVE_VIS_ENABLE/SRC_LIVE_VIS_ENABLE,Alias historique/runtime pour activer ou désactiver la visualisation temps réel.,Exporté explicitement par les scripts Darcy et livevis ; garder synchronisé avec SRC_LIVE_VIS_ENABLE.,scripts/run_src_classic_cuda_darcy_chi_lr_segments_0411.sh; scripts/run_src_classic_cuda_darcy_chi_naca_periodic_0414.sh; scripts/run_src_classic_cuda_darcy_chi_vonkarman_periodic_0416.sh; scripts/run_src_classic_cuda_darcy_chi_backward_step_0425.sh; doc/README_0426_DARCY_FASTFLAGS.md,src_mpcd_env_flags_inventory_consolidated_0365.csv + compléments Darcy/Brinkman/livevis 0411-0426
SRC_LIVE_VIS_HOLD_ON_EXIT,env_flag,Live visualization runtime,ajout 0421; propagé Darcy 0425/0426,booléen/env truthy,1 dans scripts interactifs; 0 recommandé en batch,Conserve la fenêtre livevis ouverte à la fin du run lorsque la visualisation est active.,Introduit pour inspection interactive ; désactiver en campagnes automatiques afin que le script termine.,scripts/run_src_classic_cuda_darcy_chi_lr_segments_0411.sh; scripts/run_src_classic_cuda_darcy_chi_naca_periodic_0414.sh; scripts/run_src_classic_cuda_darcy_chi_vonkarman_periodic_0416.sh; scripts/run_src_classic_cuda_darcy_chi_backward_step_0425.sh; doc/README_0426_DARCY_FASTFLAGS.md,src_mpcd_env_flags_inventory_consolidated_0365.csv + compléments Darcy/Brinkman/livevis 0411-0426
OMP_NUM_THREADS,env_flag,OpenMP runtime,documenté 0426,entier positif,THREADS du script,Nombre de threads OpenMP utilisés par le binaire hôte et certaines phases CPU.,Les scripts Darcy exportent explicitement OMP_NUM_THREADS pour reproductibilité.,scripts/run_src_classic_cuda_darcy_chi_lr_segments_0411.sh; scripts/run_src_classic_cuda_darcy_chi_naca_periodic_0414.sh; scripts/run_src_classic_cuda_darcy_chi_vonkarman_periodic_0416.sh; scripts/run_src_classic_cuda_darcy_chi_backward_step_0425.sh; doc/README_0426_DARCY_FASTFLAGS.md,src_mpcd_env_flags_inventory_consolidated_0365.csv + compléments Darcy/Brinkman/livevis 0411-0426
OMP_PROC_BIND,env_flag,OpenMP runtime,documenté 0426,chaîne OpenMP,close,Politique de liaison des threads OpenMP.,Exporté par les scripts de démonstration pour réduire les variations de runtime.,scripts/run_src_classic_cuda_darcy_chi_lr_segments_0411.sh; scripts/run_src_classic_cuda_darcy_chi_naca_periodic_0414.sh; scripts/run_src_classic_cuda_darcy_chi_vonkarman_periodic_0416.sh; scripts/run_src_classic_cuda_darcy_chi_backward_step_0425.sh; doc/README_0426_DARCY_FASTFLAGS.md,src_mpcd_env_flags_inventory_consolidated_0365.csv + compléments Darcy/Brinkman/livevis 0411-0426
OMP_PLACES,env_flag,OpenMP runtime,documenté 0426,chaîne OpenMP,cores,Ensemble de lieux de placement OpenMP.,Exporté par les scripts de démonstration pour stabiliser les mesures.,scripts/run_src_classic_cuda_darcy_chi_lr_segments_0411.sh; scripts/run_src_classic_cuda_darcy_chi_naca_periodic_0414.sh; scripts/run_src_classic_cuda_darcy_chi_vonkarman_periodic_0416.sh; scripts/run_src_classic_cuda_darcy_chi_backward_step_0425.sh; doc/README_0426_DARCY_FASTFLAGS.md,src_mpcd_env_flags_inventory_consolidated_0365.csv + compléments Darcy/Brinkman/livevis 0411-0426
OMP_DYNAMIC,env_flag,OpenMP runtime,documenté 0426,booléen OpenMP,false,Autorise ou non l’ajustement dynamique du nombre de threads OpenMP.,Désactivé par les scripts pour garder des timings reproductibles.,scripts/run_src_classic_cuda_darcy_chi_lr_segments_0411.sh; scripts/run_src_classic_cuda_darcy_chi_naca_periodic_0414.sh; scripts/run_src_classic_cuda_darcy_chi_vonkarman_periodic_0416.sh; scripts/run_src_classic_cuda_darcy_chi_backward_step_0425.sh; doc/README_0426_DARCY_FASTFLAGS.md,src_mpcd_env_flags_inventory_consolidated_0365.csv + compléments Darcy/Brinkman/livevis 0411-0426
MPCD_FILTERED_FIELD_RECORDING_0432,env_flag,Filtered field recording 0432a,ajout 0432a,booléen/env truthy,false/off,Active le recorder observation-only de champs filtrés.,Indispensable pour produire des dumps filtrés; recordEnable=true dans livevis_control.kv ne suffit pas si ce flag est absent. Alias SRC_FILTERED_FIELD_RECORDING_0432 accepté.,src/filtered_field_recorder_0432.cpp; src/live_visualization_0335.cpp; doc/README_0432A_FILTERED_FIELD_RECORDING_STRICT.md,session_0432_filtered_recording
SRC_FILTERED_FIELD_RECORDING_0432,env_flag,Filtered field recording 0432a,ajout 0432a,booléen/env truthy,false/off,Alias SRC_* pour activer le recorder observation-only de champs filtrés.,Même rôle que MPCD_FILTERED_FIELD_RECORDING_0432; utile dans les scripts livevis SRC.,src/filtered_field_recorder_0432.cpp; src/live_visualization_0335.cpp; doc/README_0432A_FILTERED_FIELD_RECORDING_STRICT.md,session_0432_filtered_recording
SRC_FILTERED_FIELD_TAU,env_flag,Filtered field recording 0432a,ajout 0432a,double >= 0,0.0,Initialise filterTau du recorder avant éventuelle surcharge par livevis_control.kv.,tau=0 désactive l’EMA; la clé control-file filterTau a priorité lors des reloads.,src/filtered_field_recorder_0432.cpp; src/live_visualization_0335.cpp; doc/README_0432A_FILTERED_FIELD_RECORDING_STRICT.md,session_0432_filtered_recording
MPCD_FILTERED_FIELD_TAU,env_flag,Filtered field recording 0432a,ajout 0432a,double >= 0,0.0,Fallback MPCD_* pour initialiser filterTau du recorder.,Utilisé si SRC_FILTERED_FIELD_TAU est absent; la clé control-file filterTau peut ensuite surcharger.,src/filtered_field_recorder_0432.cpp; src/live_visualization_0335.cpp; doc/README_0432A_FILTERED_FIELD_RECORDING_STRICT.md,session_0432_filtered_recording
SRC_FILTERED_FIELD_SAMPLE_EVERY,env_flag,Filtered field recording 0432a,ajout 0432a,entier >= 1,1,Initialise la cadence d’échantillonnage du recorder.,Cadence de sample des champs conservatifs; la clé control-file filterSampleEvery peut surcharger.,src/filtered_field_recorder_0432.cpp; src/live_visualization_0335.cpp; doc/README_0432A_FILTERED_FIELD_RECORDING_STRICT.md,session_0432_filtered_recording
MPCD_FILTERED_FIELD_SAMPLE_EVERY,env_flag,Filtered field recording 0432a,ajout 0432a,entier >= 1,1,Fallback MPCD_* pour la cadence d’échantillonnage du recorder.,Utilisé si SRC_FILTERED_FIELD_SAMPLE_EVERY est absent.,src/filtered_field_recorder_0432.cpp; src/live_visualization_0335.cpp; doc/README_0432A_FILTERED_FIELD_RECORDING_STRICT.md,session_0432_filtered_recording
SRC_FILTERED_FIELD_RECORD_EVERY,env_flag,Filtered field recording 0432a,ajout 0432a,entier >= 1,25,Initialise la cadence d’écriture des dumps filtrés.,La clé control-file recordEvery peut surcharger avant verrouillage de session.,src/filtered_field_recorder_0432.cpp; src/live_visualization_0335.cpp; doc/README_0432A_FILTERED_FIELD_RECORDING_STRICT.md,session_0432_filtered_recording
MPCD_FILTERED_FIELD_RECORD_EVERY,env_flag,Filtered field recording 0432a,ajout 0432a,entier >= 1,25,Fallback MPCD_* pour la cadence d’écriture des dumps filtrés.,Utilisé si SRC_FILTERED_FIELD_RECORD_EVERY est absent.,src/filtered_field_recorder_0432.cpp; src/live_visualization_0335.cpp; doc/README_0432A_FILTERED_FIELD_RECORDING_STRICT.md,session_0432_filtered_recording
SRC_FILTERED_FIELD_RECORD_FIELDS,env_flag,Filtered field recording 0432a,ajout 0432a,liste CSV de champs,current,Initialise la liste des champs à enregistrer.,"Exemples: current,ux,uy,rho,Y1. La clé control-file recordFields peut surcharger avant session.",src/filtered_field_recorder_0432.cpp; src/live_visualization_0335.cpp; doc/README_0432A_FILTERED_FIELD_RECORDING_STRICT.md,session_0432_filtered_recording
MPCD_FILTERED_FIELD_RECORD_FIELDS,env_flag,Filtered field recording 0432a,ajout 0432a,liste CSV de champs,current,Fallback MPCD_* pour la liste des champs à enregistrer.,Utilisé si SRC_FILTERED_FIELD_RECORD_FIELDS est absent.,src/filtered_field_recorder_0432.cpp; src/live_visualization_0335.cpp; doc/README_0432A_FILTERED_FIELD_RECORDING_STRICT.md,session_0432_filtered_recording
MPCD_LIVE_VIS_EVERY,env_flag,Live visualization runtime,ajout 0335 | mis à jour 0339a | alias/fallback MPCD_* recensé 0432a,entier > 0,10 code; 20 scripts 0337,Alias/fallback MPCD_* de SRC_LIVE_VIS_EVERY. Cadence d’affichage en nombre de steps.,Augmenter pour réduire le coût d’affichage. | 0339a: export effectif issu de LIVE_VIS_EVERY dans les scripts livevis; défaut script recommandé 25. | Ajouté à l’inventaire car utilisé comme fallback par live_visualization_0335.cpp et/ou filtered_field_recorder_0432.cpp.,src/main_src_mpcd_base.cpp; scripts/run_*_0337_livevis.sh; src/live_visualization_0335.cpp; src/filtered_field_recorder_0432.cpp,src_mpcd_cuda_env_flags_added_0331_to_0337_livevis.csv | src_mpcd_cuda_livevis_inventory_0314_to_0339a.csv | src_mpcd_cuda_livevis_inventory_0314_to_0342a.csv | src_mpcd_cuda_resampling_env_flags_delta_0314_to_0337_livevis.csv | session_0432_filtered_recording
MPCD_LIVE_VIS_NX,env_flag,Live visualization runtime,ajout 0335/0337 | alias/fallback MPCD_* recensé 0432a,entier >= 16,300 scripts 0337,Alias/fallback MPCD_* de SRC_LIVE_VIS_NX. Résolution x de la grille/champ live.,Plus élevé = plus fin mais plus coûteux. 300×80 validé comme compromis. | Ajouté à l’inventaire car utilisé comme fallback par live_visualization_0335.cpp et/ou filtered_field_recorder_0432.cpp.,src/main_src_mpcd_base.cpp; src/cuda_live_field_0337.cu; scripts/run_*_0337_livevis.sh; src/live_visualization_0335.cpp; src/filtered_field_recorder_0432.cpp,src_mpcd_cuda_env_flags_added_0331_to_0337_livevis.csv | src_mpcd_cuda_livevis_inventory_0314_to_0339a.csv | src_mpcd_cuda_livevis_inventory_0314_to_0342a.csv | src_mpcd_cuda_resampling_env_flags_delta_0314_to_0337_livevis.csv | session_0432_filtered_recording
MPCD_LIVE_VIS_NY,env_flag,Live visualization runtime,ajout 0335/0337 | alias/fallback MPCD_* recensé 0432a,entier >= 16,80 scripts 0337,Alias/fallback MPCD_* de SRC_LIVE_VIS_NY. Résolution y de la grille/champ live.,Plus élevé = plus fin mais plus coûteux. 300×80 validé comme compromis. | Ajouté à l’inventaire car utilisé comme fallback par live_visualization_0335.cpp et/ou filtered_field_recorder_0432.cpp.,src/main_src_mpcd_base.cpp; src/cuda_live_field_0337.cu; scripts/run_*_0337_livevis.sh; src/live_visualization_0335.cpp; src/filtered_field_recorder_0432.cpp,src_mpcd_cuda_env_flags_added_0331_to_0337_livevis.csv | src_mpcd_cuda_livevis_inventory_0314_to_0339a.csv | src_mpcd_cuda_livevis_inventory_0314_to_0342a.csv | src_mpcd_cuda_resampling_env_flags_delta_0314_to_0337_livevis.csv | session_0432_filtered_recording
MPCD_LIVE_VIS_COLORMAP,env_flag,Live visualization colormap,ajout 0342a | alias/fallback MPCD_* recensé 0432a,enum: blue_red | gray | thermal,blue_red,"Alias/fallback MPCD_* de SRC_LIVE_VIS_COLORMAP. Colormap consommé par le renderer livevis, y compris le chemin CUDA field 0337.",Mis à jour dans le processus lors de la relecture de livevis_control.kv lorsque la clé colormap change. Alias acceptés: grey/grayscale/greyscale -> gray; heat/hot -> thermal. | Ajouté à l’inventaire car utilisé comme fallback par live_visualization_0335.cpp et/ou filtered_field_recorder_0432.cpp.,src/cuda_live_field_0337.cu; src/live_visualization_0335.cpp; doc/livevis_colormap_control_0342a.md; src/live_visualization_0335.cpp; src/filtered_field_recorder_0432.cpp,src_mpcd_cuda_livevis_inventory_0314_to_0342a.csv | session_0432_filtered_recording
MPCD_LIVE_VIS_ALPHA,env_flag,Live visualization runtime,ajout 0335c | alias/fallback MPCD_* recensé 0432a,"double [0,1]",0.08 scripts 0337,Alias/fallback MPCD_* de SRC_LIVE_VIS_ALPHA. Lissage temporel du rendu CPU fallback.,Le chemin CUDA field rend directement une image compacte; alpha est surtout utile au fallback CPU. | Ajouté à l’inventaire car utilisé comme fallback par live_visualization_0335.cpp et/ou filtered_field_recorder_0432.cpp.,src/live_visualization_0335.cpp; scripts/run_*_0337_livevis.sh; src/live_visualization_0335.cpp; src/filtered_field_recorder_0432.cpp,src_mpcd_cuda_env_flags_added_0331_to_0337_livevis.csv | src_mpcd_cuda_livevis_inventory_0314_to_0339a.csv | src_mpcd_cuda_livevis_inventory_0314_to_0342a.csv | src_mpcd_cuda_resampling_env_flags_delta_0314_to_0337_livevis.csv | session_0432_filtered_recording
MPCD_LIVE_VIS_CLIP,env_flag,Live visualization runtime,ajout 0335c | alias/fallback MPCD_* recensé 0432a,double; <=0 auto,-1 auto,Alias/fallback MPCD_* de SRC_LIVE_VIS_CLIP. Échelle de saturation/clip couleur.,Valeur fixe utile pour comparer plusieurs runs; auto utile pour inspection rapide. | 0341a: valeur initiale seulement; peut être modifiée à chaud via livevis_control.kv si SRC_LIVE_VIS_CONTROL_FILE est défini. | Ajouté à l’inventaire car utilisé comme fallback par live_visualization_0335.cpp et/ou filtered_field_recorder_0432.cpp.,src/live_visualization_0335.cpp; src/cuda_live_field_0337.cu; scripts/run_*_0337_livevis.sh | src/live_visualization_0335.cpp; src/main_src_mpcd_base.cpp; doc/livevis_runtime_control_0341a.md; src/live_visualization_0335.cpp; src/filtered_field_recorder_0432.cpp,src_mpcd_cuda_env_flags_added_0331_to_0337_livevis.csv | src_mpcd_cuda_livevis_inventory_0314_to_0339a.csv | src_mpcd_cuda_livevis_inventory_0314_to_0342a.csv | src_mpcd_cuda_resampling_env_flags_delta_0314_to_0337_livevis.csv | session_0432_filtered_recording
MPCD_LIVE_VIS_QUANTILE,env_flag,Live visualization runtime,ajout 0335c | alias/fallback MPCD_* recensé 0432a,"double dans (0,1]",0.995,Alias/fallback MPCD_* de SRC_LIVE_VIS_QUANTILE. Quantile d’échelle auto du rendu CPU fallback.,Limite l’effet du bruit particulaire et des outliers. | Ajouté à l’inventaire car utilisé comme fallback par live_visualization_0335.cpp et/ou filtered_field_recorder_0432.cpp.,src/live_visualization_0335.cpp; scripts/run_*_0337_livevis.sh; src/live_visualization_0335.cpp; src/filtered_field_recorder_0432.cpp,src_mpcd_cuda_env_flags_added_0331_to_0337_livevis.csv | src_mpcd_cuda_livevis_inventory_0314_to_0339a.csv | src_mpcd_cuda_livevis_inventory_0314_to_0342a.csv | src_mpcd_cuda_resampling_env_flags_delta_0314_to_0337_livevis.csv | session_0432_filtered_recording
MPCD_LIVE_VIS_GAIN,env_flag,Live visualization runtime,ajout 0335c/0337 | alias/fallback MPCD_* recensé 0432a,double > 0,1.0,Alias/fallback MPCD_* de SRC_LIVE_VIS_GAIN. Gain visuel appliqué à la colormap.,Réduire si l’image est saturée rouge/bleu; augmenter pour renforcer le contraste. | 0341a: valeur initiale seulement; peut être modifiée à chaud via livevis_control.kv si SRC_LIVE_VIS_CONTROL_FILE est défini. | Ajouté à l’inventaire car utilisé comme fallback par live_visualization_0335.cpp et/ou filtered_field_recorder_0432.cpp.,src/live_visualization_0335.cpp; src/cuda_live_field_0337.cu; scripts/run_*_0337_livevis.sh | src/live_visualization_0335.cpp; src/main_src_mpcd_base.cpp; doc/livevis_runtime_control_0341a.md; src/live_visualization_0335.cpp; src/filtered_field_recorder_0432.cpp,src_mpcd_cuda_env_flags_added_0331_to_0337_livevis.csv | src_mpcd_cuda_livevis_inventory_0314_to_0339a.csv | src_mpcd_cuda_livevis_inventory_0314_to_0342a.csv | src_mpcd_cuda_resampling_env_flags_delta_0314_to_0337_livevis.csv | session_0432_filtered_recording
MPCD_LIVE_VIS_SMOOTH_PASSES,env_flag,Live visualization runtime,ajout 0335c/0337 | alias/fallback MPCD_* recensé 0432a,entier >= 0,1 scripts 0337,Alias/fallback MPCD_* de SRC_LIVE_VIS_SMOOTH_PASSES. Nombre de passes de lissage spatial du champ live.,Vorticité: souvent 1 ou 2; champs vitesse: 0 ou 1. | 0341a: valeur initiale seulement; peut être modifiée à chaud via livevis_control.kv si SRC_LIVE_VIS_CONTROL_FILE est défini. | Ajouté à l’inventaire car utilisé comme fallback par live_visualization_0335.cpp et/ou filtered_field_recorder_0432.cpp.,src/live_visualization_0335.cpp; src/cuda_live_field_0337.cu; scripts/run_*_0337_livevis.sh | src/live_visualization_0335.cpp; src/main_src_mpcd_base.cpp; doc/livevis_runtime_control_0341a.md; src/live_visualization_0335.cpp; src/filtered_field_recorder_0432.cpp,src_mpcd_cuda_env_flags_added_0331_to_0337_livevis.csv | src_mpcd_cuda_livevis_inventory_0314_to_0339a.csv | src_mpcd_cuda_livevis_inventory_0314_to_0342a.csv | src_mpcd_cuda_resampling_env_flags_delta_0314_to_0337_livevis.csv | session_0432_filtered_recording
MPCD_LIVE_VIS_CONTROL_FILE,env_flag,Live visualization runtime control,ajout 0341a; propagé scripts 0341b/0341d | alias/fallback MPCD_* recensé 0432a,chemin fichier .kv,vide/off si non fourni,Alias/fallback MPCD_* de SRC_LIVE_VIS_CONTROL_FILE. Chemin du fichier livevis_control.kv relu à chaud par le binaire pour modifier field/clip/gain/smoothPasses/colormap sans redémarrage.,Le chemin recommandé est fourni par les scripts depuis LIVE_VIS_CONTROL_FILE_EFFECTIVE. Les logs de reload sont écrits dans le fichier .time. | Ajouté à l’inventaire car utilisé comme fallback par live_visualization_0335.cpp et/ou filtered_field_recorder_0432.cpp.,src/live_visualization_0335.cpp; scripts/run_portable_*0337_livevis*.sh; doc/livevis_runtime_control_0341a.md; doc/livevis_runtime_control_0341b_scripts.md; src/live_visualization_0335.cpp; src/filtered_field_recorder_0432.cpp,src_mpcd_cuda_livevis_inventory_0314_to_0342a.csv | session_0432_filtered_recording
MPCD_LIVE_VIS_CONTROL_EVERY,env_flag,Live visualization runtime control,ajout 0341a | alias/fallback MPCD_* recensé 0432a,entier >= 1,1,Alias/fallback MPCD_* de SRC_LIVE_VIS_CONTROL_EVERY. Stride de relecture du fichier de contrôle sur les opportunités d’affichage livevis.,"Avec LIVE_VIS_EVERY=25 et CONTROL_EVERY=1, le fichier est relu à chaque frame livevis. | Ajouté à l’inventaire car utilisé comme fallback par live_visualization_0335.cpp et/ou filtered_field_recorder_0432.cpp.",src/live_visualization_0335.cpp; scripts/run_portable_*0337_livevis*.sh; src/live_visualization_0335.cpp; src/filtered_field_recorder_0432.cpp,src_mpcd_cuda_livevis_inventory_0314_to_0342a.csv | session_0432_filtered_recording
MPCD_LIVE_VIS_CONTROL_LOG,env_flag,Live visualization runtime control,ajout 0341a | alias/fallback MPCD_* recensé 0432a,booléen/env truthy,1 dans scripts 0341b/0341d,Alias/fallback MPCD_* de SRC_LIVE_VIS_CONTROL_LOG. Active les lignes de diagnostic [livevis0335] control reload dans stderr/.time.,Très utile pour vérifier que le fichier est bien relu et que field/clip/gain/smoothPasses/colormap changent. | Ajouté à l’inventaire car utilisé comme fallback par live_visualization_0335.cpp et/ou filtered_field_recorder_0432.cpp.,src/live_visualization_0335.cpp; scripts/run_portable_*0337_livevis*.sh; src/live_visualization_0335.cpp; src/filtered_field_recorder_0432.cpp,src_mpcd_cuda_livevis_inventory_0314_to_0342a.csv | session_0432_filtered_recording
MPCD_LIVE_VIS_WINDOW_SCALE,env_flag,Live visualization runtime,ajout 0335 | alias/fallback MPCD_* recensé 0432a,entier >= 1,1,Alias/fallback MPCD_* de SRC_LIVE_VIS_WINDOW_SCALE. Facteur d’échelle de la fenêtre OpenGL.,N’affecte pas la physique ni la grille de calcul. | Ajouté à l’inventaire car utilisé comme fallback par live_visualization_0335.cpp et/ou filtered_field_recorder_0432.cpp.,src/live_visualization_0335.cpp; scripts/run_*_0337_livevis.sh; src/live_visualization_0335.cpp; src/filtered_field_recorder_0432.cpp,src_mpcd_cuda_env_flags_added_0331_to_0337_livevis.csv | src_mpcd_cuda_livevis_inventory_0314_to_0339a.csv | src_mpcd_cuda_livevis_inventory_0314_to_0342a.csv | src_mpcd_cuda_resampling_env_flags_delta_0314_to_0337_livevis.csv | session_0432_filtered_recording
MPCD_LIVE_VIS_NO_SOLID_OVERLAY,env_flag,Live visualization runtime,alias/fallback MPCD_* recensé 0432a,voir alias SRC_* correspondant,voir alias SRC_* correspondant,Alias/fallback MPCD_* livevis.,Utilisé comme fallback runtime par live_visualization_0335.cpp et/ou filtered_field_recorder_0432.cpp.,src/live_visualization_0335.cpp; src/filtered_field_recorder_0432.cpp,session_0432_filtered_recording
MPCD_LIVE_VIS_VSYNC,env_flag,Live visualization runtime,ajout 0335 | alias/fallback MPCD_* recensé 0432a,booléen/int,0 scripts 0337,Alias/fallback MPCD_* de SRC_LIVE_VIS_VSYNC. Contrôle vsync de la fenêtre GLFW.,0 recommandé pour ne pas brider la simulation; 1 utile si affichage trop rapide. | Ajouté à l’inventaire car utilisé comme fallback par live_visualization_0335.cpp et/ou filtered_field_recorder_0432.cpp.,src/live_visualization_0335.cpp; scripts/run_*_0337_livevis.sh; src/live_visualization_0335.cpp; src/filtered_field_recorder_0432.cpp,src_mpcd_cuda_env_flags_added_0331_to_0337_livevis.csv | src_mpcd_cuda_livevis_inventory_0314_to_0339a.csv | src_mpcd_cuda_livevis_inventory_0314_to_0342a.csv | src_mpcd_cuda_resampling_env_flags_delta_0314_to_0337_livevis.csv | session_0432_filtered_recording
MPCD_LIVE_VIS_HOLD_ON_EXIT,env_flag,Live visualization runtime,ajout 0421; propagé Darcy 0425/0426 | alias/fallback MPCD_* recensé 0432a,booléen/env truthy,1 dans scripts interactifs; 0 recommandé en batch,Alias/fallback MPCD_* de SRC_LIVE_VIS_HOLD_ON_EXIT. Conserve la fenêtre livevis ouverte à la fin du run lorsque la visualisation est active.,Introduit pour inspection interactive ; désactiver en campagnes automatiques afin que le script termine. | Ajouté à l’inventaire car utilisé comme fallback par live_visualization_0335.cpp et/ou filtered_field_recorder_0432.cpp.,scripts/run_src_classic_cuda_darcy_chi_lr_segments_0411.sh; scripts/run_src_classic_cuda_darcy_chi_naca_periodic_0414.sh; scripts/run_src_classic_cuda_darcy_chi_vonkarman_periodic_0416.sh; scripts/run_src_classic_cuda_darcy_chi_backward_step_0425.sh; doc/README_0426_DARCY_FASTFLAGS.md; src/live_visualization_0335.cpp; src/filtered_field_recorder_0432.cpp,src_mpcd_env_flags_inventory_consolidated_0365.csv + compléments Darcy/Brinkman/livevis 0411-0426 | session_0432_filtered_recording
