name,entry_type,category,status,expected_type,default,values_constraints,canonical_field_target,aliases,effect_role,remarks,sources,source_inventory
livevis_control.kv:clip,control_file_key,Clé fichier contrôle livevis,ajout 0341a,double; <=0 active comportement auto/default selon renderer,initialisé depuis LIVE_VIS_CLIP,,,,Change à chaud l’échelle de saturation/clip du champ affiché.,"Pour le renderer CUDA, clip<=0 utilise le défaut interne dépendant du champ.",src/live_visualization_0335.cpp; src/cuda_live_field_0337.cu,src_mpcd_cuda_livevis_inventory_0314_to_0342a.csv
livevis_control.kv:colormap,control_file_key,Clé fichier contrôle livevis,ajout 0342a,blue_red | gray | thermal,initialisé depuis LIVE_VIS_COLORMAP,,,,Change à chaud le colormap utilisé pour convertir le champ scalaire en RGBA.,N’affecte que la visualisation. Alias: grey/grayscale/greyscale -> gray; heat/hot -> thermal.,src/live_visualization_0335.cpp; src/cuda_live_field_0337.cu; doc/livevis_colormap_control_0342a.md,src_mpcd_cuda_livevis_inventory_0314_to_0342a.csv
livevis_control.kv:field,control_file_key,Clé fichier contrôle livevis,ajout 0341a | mis à jour 0361 | étendu 0493x9d courbure p3,ux | uy | vx | vy | speed | density | mass | N | n | count | population | particle_count | cell_count | vorticity | omega | curl | chi | topo_chi | alpha | darcy_alpha | darcy_power | darcy | brinkman_power | curvature | kappa | curvature_x9b | kappa_x9b | curvature_p1 | kappa_p1 | curvature_x9c | kappa_x9c | curvature_p3 | kappa_p3,initialisé depuis LIVE_VIS_FIELD/SRC_LIVE_VIS_FIELD,voir Type attendu,,,Change à chaud le champ scalaire affiché.,omega et curl sont des alias de vorticity dans le renderer CUDA 0341a. | N/count affiche le nombre de particules fluides par cellule live. | 0493x9d: curvature/kappa affichent le champ p3 de production; les alias x9b/p1 conservent le baseline une passe et x9c/p3 le champ trois passes. Le cutoff x9r ne modifie pas le champ LiveVis brut.,src/live_visualization_0335.cpp; src/cuda_live_field_0337.cu | src/live_visualization_0335.cpp; src/cuda_live_field_0337.cu; include/cuda_live_field_0337.h; src/main_src_mpcd_base.cpp; doc/livevis_field_N_0361.md; doc/livevis_field_minmax_0363.md; doc/livevis_quiver_overlay_0364.md; doc/livevis_quiver_smoothing_0365.md; src/cuda_q6_resident_0400.cu; README_0493X9D_ACTIVE_LAPLACE.md; README_0493X9R_CAPILLARY_RESOLUTION_CUTOFF.md,src_mpcd_cuda_livevis_inventory_0314_to_0342a.csv | session_0361_0365_livevis | cycle_0493x9_surface_tension_20260819
livevis_control.kv:gain,control_file_key,Clé fichier contrôle livevis,ajout 0341a,double > 0,initialisé depuis LIVE_VIS_GAIN,,,,Change à chaud le gain multiplicatif de visualisation.,Borné côté binaire à un minimum numérique positif.,src/live_visualization_0335.cpp; src/cuda_live_field_0337.cu,src_mpcd_cuda_livevis_inventory_0314_to_0342a.csv
livevis_control.kv:quiverMinSpeed,control_file_key,Clé fichier contrôle livevis,ajout 0364,double >= 0,0,,,,Change à chaud le seuil minimal de vitesse pour dessiner les segments.,,src/live_visualization_0335.cpp; src/cuda_live_field_0337.cu; include/cuda_live_field_0337.h; src/main_src_mpcd_base.cpp; doc/livevis_field_N_0361.md; doc/livevis_field_minmax_0363.md; doc/livevis_quiver_overlay_0364.md; doc/livevis_quiver_smoothing_0365.md,session_0361_0365_livevis
livevis_control.kv:quiverNx,control_file_key,Clé fichier contrôle livevis,ajout 0364,entier >= 1,60,,,,Change à chaud le nombre de colonnes de la grille quiver.,,src/live_visualization_0335.cpp; src/cuda_live_field_0337.cu; include/cuda_live_field_0337.h; src/main_src_mpcd_base.cpp; doc/livevis_field_N_0361.md; doc/livevis_field_minmax_0363.md; doc/livevis_quiver_overlay_0364.md; doc/livevis_quiver_smoothing_0365.md,session_0361_0365_livevis
livevis_control.kv:quiverNy,control_file_key,Clé fichier contrôle livevis,ajout 0364,entier >= 1,32,,,,Change à chaud le nombre de lignes de la grille quiver.,,src/live_visualization_0335.cpp; src/cuda_live_field_0337.cu; include/cuda_live_field_0337.h; src/main_src_mpcd_base.cpp; doc/livevis_field_N_0361.md; doc/livevis_field_minmax_0363.md; doc/livevis_quiver_overlay_0364.md; doc/livevis_quiver_smoothing_0365.md,session_0361_0365_livevis
livevis_control.kv:quiverScale,control_file_key,Clé fichier contrôle livevis,ajout 0364,double,-1,,,,Change à chaud le gain manuel des segments vitesse.,<0 désactive l’overlay; >=0 l’active.,src/live_visualization_0335.cpp; src/cuda_live_field_0337.cu; include/cuda_live_field_0337.h; src/main_src_mpcd_base.cpp; doc/livevis_field_N_0361.md; doc/livevis_field_minmax_0363.md; doc/livevis_quiver_overlay_0364.md; doc/livevis_quiver_smoothing_0365.md,session_0361_0365_livevis
livevis_control.kv:quiverSmoothPasses,control_file_key,Clé fichier contrôle livevis,ajout 0365,entier; -1 ou >=0,-1,,,,Change à chaud le lissage des vecteurs quiver.,<0 réutilise smoothPasses; utile pour field=N non lissé avec vecteurs lissés.,src/live_visualization_0335.cpp; src/cuda_live_field_0337.cu; include/cuda_live_field_0337.h; src/main_src_mpcd_base.cpp; doc/livevis_field_N_0361.md; doc/livevis_field_minmax_0363.md; doc/livevis_quiver_overlay_0364.md; doc/livevis_quiver_smoothing_0365.md,session_0361_0365_livevis
livevis_control.kv:smoothPasses,control_file_key,Clé fichier contrôle livevis,ajout 0341a,entier >= 0,initialisé depuis LIVE_VIS_SMOOTH_PASSES,,,,Change à chaud le nombre de passes de lissage du champ affiché.,Augmenter fortement cette valeur peut augmenter le coût du renderer livevis.,src/live_visualization_0335.cpp; src/cuda_live_field_0337.cu,src_mpcd_cuda_livevis_inventory_0314_to_0342a.csv
DUMP_ROLE_FILTER,param_or_script_alias,Alias script,ajout 0314,all|fluid,fluid dans scripts visual 0309+,,,,Alias exporté par les scripts vers dumpRoleFilter.,"Paramètre de script, pas toujours une clé directe.",,src_mpcd_cuda_livevis_inventory_0314_to_0339a.csv | src_mpcd_cuda_livevis_inventory_0314_to_0342a.csv
SUMMARY_ROLE_FILTER,param_or_script_alias,Alias script,ajout 0314,all|fluid,fluid dans scripts visual 0309+,,,,Alias exporté par les scripts vers summaryRoleFilter.,"Paramètre de script, pas toujours une clé directe.",,src_mpcd_cuda_livevis_inventory_0314_to_0339a.csv | src_mpcd_cuda_livevis_inventory_0314_to_0342a.csv
BIN,param_or_script_alias,Alias script / binaire,mis à jour 0337 livevis,chemin exécutable,build/src_mpcd_base_cuda_q6_resident_livevis_0486 dans les runners 0493w4–0493w8,,,,Binaire exécuté par les scripts portables livevis.,Peut être surchargé; independent_masked requiert le binaire CUDA Q6 résident 0486 ou un build équivalent.,scripts/run_ok_injection_type1_into_type2_empty.sh; scripts/run_0493w8_tg_mono_dual_equivalence.sh,src_mpcd_cuda_livevis_inventory_0314_to_0339a.csv | src_mpcd_cuda_livevis_inventory_0314_to_0342a.csv | mise à jour 0493w8 / commit caa5b6b
AUTO_BUILD,param_or_script_alias,Alias script / build,mis à jour 0337 livevis,booléen,1,,,,Autorise le script à compiler automatiquement le binaire manquant.,"Dans les scripts livevis, le build automatique passe MPCD_ENABLE_LIVE_VIS=1.",,src_mpcd_cuda_livevis_inventory_0314_to_0339a.csv | src_mpcd_cuda_livevis_inventory_0314_to_0342a.csv
RUN_MODES,param_or_script_alias,Alias script / cas de run,existant; utilisé scripts portables,liste de modes: src; src-q6; src-resampling; src-q6-resampling,dépend du runner; src src-q6 pour les comparaisons injection/TG,,,,"Choisit les branches d’ablation SRC, Q6 et resampling exécutées par les runners.",0493w4–0493w8: Q6 et resampling restent deux axes indépendants; la qualification Q6 initiale garde le resampling désactivé.,scripts/run_ok_injection_type1_into_type2_empty.sh; scripts/run_0493w8_tg_mono_dual_equivalence.sh,src_mpcd_cuda_livevis_inventory_0314_to_0339a.csv | src_mpcd_cuda_livevis_inventory_0314_to_0342a.csv | mise à jour 0493w8 / commit caa5b6b
LIVE_VIS_ALPHA,param_or_script_alias,Alias script livevis 0337,ajout 0337 | précisé 0436b,double,0.08,,,,Lissage temporel visuel.,Principalement utile au fallback CPU. | 0436b: alpha est une persistance temporelle de displayScalar indépendante de smoothPasses; un changement de field ou particleTypeFilter force un reset d’une frame si le correctif 0436b est appliqué.,src/live_visualization_0335.cpp,src_mpcd_cuda_livevis_inventory_0314_to_0339a.csv | src_mpcd_cuda_livevis_inventory_0314_to_0342a.csv | session_0436_particle_type_filter_livevis
LIVE_VIS_CLIP,param_or_script_alias,Alias script livevis 0337,ajout 0337,double; <=0 auto,-1,,,,Échelle de saturation couleur.,Exemples: ux clip 0.2–0.5; vorticity clip 5–20 selon cas. | 0341b/0341d: sert aussi à initialiser le fichier livevis_control.kv généré par les scripts.,scripts/run_portable_*0337_livevis*.sh,src_mpcd_cuda_livevis_inventory_0314_to_0339a.csv | src_mpcd_cuda_livevis_inventory_0314_to_0342a.csv
LIVE_VIS_CUDA_FIELD,param_or_script_alias,Alias script livevis 0337,ajout 0337a,booléen,1,,,,Active le renderer CUDA de champ.,Mode recommandé par défaut pour classic et resampling livevis. | 0339a: Défaut conservé : renderer CUDA field actif.,,src_mpcd_cuda_livevis_inventory_0314_to_0339a.csv | src_mpcd_cuda_livevis_inventory_0314_to_0342a.csv
LIVE_VIS_CUDA_SNAPSHOT,param_or_script_alias,Alias script livevis 0337,ajout 0336/0337,booléen,0,,,,Active le snapshot compact expérimental.,Non fiable après resampling; garder à 0 sauf diagnostic.,,src_mpcd_cuda_livevis_inventory_0314_to_0339a.csv | src_mpcd_cuda_livevis_inventory_0314_to_0342a.csv
LIVE_VIS_ENABLE,param_or_script_alias,Alias script livevis 0337,ajout 0337,booléen,1,,,,Active la visualisation dans les scripts portables livevis.,Exporté vers SRC_LIVE_VIS_ENABLE. Mettre 0 pour exécuter sans fenêtre.,,src_mpcd_cuda_livevis_inventory_0314_to_0339a.csv | src_mpcd_cuda_livevis_inventory_0314_to_0342a.csv
LIVE_VIS_EVERY,param_or_script_alias,Alias script livevis 0337,ajout 0337 | mis à jour 0339a | mis à jour 0433a,entier >0,25,,,,"Cadence de visualisation live : une frame toutes les N étapes. | Depuis 0433a, cette cadence est aussi la valeur suivie par recordEvery quand recordEvery est absent ou <=0.","Exporté vers SRC_LIVE_VIS_EVERY. | 0339a: défaut réduit à 25 pour limiter le coût livevis; mesures indicatives 500 steps: every1≈45.4s, every25≈32.8–38.7s selon bruit. Override possible par environnement. | 0433a: initialise SRC_LIVE_VIS_EVERY au démarrage; peut ensuite être remplacé à chaud par livevis_control.kv:liveEvery/every/visualEvery.",src/live_visualization_0335.cpp; src/filtered_field_recorder_0432.cpp,src_mpcd_cuda_livevis_inventory_0314_to_0339a.csv | src_mpcd_cuda_livevis_inventory_0314_to_0342a.csv | session_0433a_wysiwyr
LIVE_VIS_FIELD,param_or_script_alias,Alias script livevis 0337,ajout 0337,ux|uy|speed|vorticity|mass|density,dépend du script,,,,Champ affiché par défaut dans la fenêtre live.,"Par défaut: VK/TG=vorticity, Poiseuille=ux, backward-step/box=speed. | 0341b/0341d: sert aussi à initialiser le fichier livevis_control.kv généré par les scripts.",scripts/run_portable_*0337_livevis*.sh,src_mpcd_cuda_livevis_inventory_0314_to_0339a.csv | src_mpcd_cuda_livevis_inventory_0314_to_0342a.csv
LIVE_VIS_FORCE_HOST_MIRROR,param_or_script_alias,Alias script livevis 0337,ajout 0335c,booléen,0,,,,Force le miroir hôte pour visualisation.,Debug seulement. | 0339a: Défaut conservé : éviter le host mirror forcé livevis.,,src_mpcd_cuda_livevis_inventory_0314_to_0339a.csv | src_mpcd_cuda_livevis_inventory_0314_to_0342a.csv
LIVE_VIS_GAIN,param_or_script_alias,Alias script livevis 0337,ajout 0337,double >0,1.0,,,,Gain couleur.,Réduire si la colormap est saturée; augmenter si le contraste est faible. | 0341b/0341d: sert aussi à initialiser le fichier livevis_control.kv généré par les scripts.,scripts/run_portable_*0337_livevis*.sh,src_mpcd_cuda_livevis_inventory_0314_to_0339a.csv | src_mpcd_cuda_livevis_inventory_0314_to_0342a.csv
LIVE_VIS_LOG_SOURCE,param_or_script_alias,Alias script livevis 0337,ajout 0337d | mis à jour 0339a,booléen,0,,,,Contrôle le log de source/fallback livevis.,Exporté vers SRC_LIVE_VIS_LOG_SOURCE; depuis 0337d ne spamme plus le terminal. | 0339a: défaut réduit à 0 pour éviter le bruit de logs; remettre à 1 pour debug.,,src_mpcd_cuda_livevis_inventory_0314_to_0339a.csv | src_mpcd_cuda_livevis_inventory_0314_to_0342a.csv
LIVE_VIS_NX,param_or_script_alias,Alias script livevis 0337,ajout 0337,entier,300,,,,Résolution x du champ livevis.,Exporté vers SRC_LIVE_VIS_NX.,,src_mpcd_cuda_livevis_inventory_0314_to_0339a.csv | src_mpcd_cuda_livevis_inventory_0314_to_0342a.csv
LIVE_VIS_NY,param_or_script_alias,Alias script livevis 0337,ajout 0337,entier,80,,,,Résolution y du champ livevis.,Exporté vers SRC_LIVE_VIS_NY.,,src_mpcd_cuda_livevis_inventory_0314_to_0339a.csv | src_mpcd_cuda_livevis_inventory_0314_to_0342a.csv
LIVE_VIS_QUANTILE,param_or_script_alias,Alias script livevis 0337,ajout 0337,"double dans (0,1]",0.995,,,,Quantile auto de mise à l’échelle.,Limiter les outliers dans le fallback CPU.,,src_mpcd_cuda_livevis_inventory_0314_to_0339a.csv | src_mpcd_cuda_livevis_inventory_0314_to_0342a.csv
LIVE_VIS_RESAMPLING_HOST_MIRROR,param_or_script_alias,Alias script livevis 0337,ajout 0335d/0337,booléen,0,,,,Force le fallback hôte en resampling.,Fiable mais lent; garder à 0 avec CUDA_FIELD=1. | 0339a: Défaut conservé : éviter le host mirror resampling livevis.,,src_mpcd_cuda_livevis_inventory_0314_to_0339a.csv | src_mpcd_cuda_livevis_inventory_0314_to_0342a.csv
LIVE_VIS_SMOOTH_PASSES,param_or_script_alias,Alias script livevis 0337,ajout 0337,entier >=0,1,,,,Lissage spatial du rendu.,Vorticity utilise souvent 1–2 passes. | 0341b/0341d: sert aussi à initialiser le fichier livevis_control.kv généré par les scripts.,scripts/run_portable_*0337_livevis*.sh,src_mpcd_cuda_livevis_inventory_0314_to_0339a.csv | src_mpcd_cuda_livevis_inventory_0314_to_0342a.csv
LIVE_VIS_VSYNC,param_or_script_alias,Alias script livevis 0337,ajout 0337,booléen/int,0,,,,Vsync GLFW.,0 recommandé pour ne pas brider le calcul.,,src_mpcd_cuda_livevis_inventory_0314_to_0339a.csv | src_mpcd_cuda_livevis_inventory_0314_to_0342a.csv
LIVE_VIS_WINDOW_SCALE,param_or_script_alias,Alias script livevis 0337,ajout 0337,entier >=1,1,,,,Facteur d’échelle de la fenêtre.,N’affecte pas la simulation.,,src_mpcd_cuda_livevis_inventory_0314_to_0339a.csv | src_mpcd_cuda_livevis_inventory_0314_to_0342a.csv
LIVE_VIS_COLORMAP,param_or_script_alias,Alias script livevis colormap,ajout 0342a,enum: blue_red | gray | thermal,blue_red,,,,Colormap initial exporté en SRC_LIVE_VIS_COLORMAP et écrit dans le fichier livevis_control.kv créé par les scripts.,Peut ensuite être changé à chaud via la clé colormap du fichier de contrôle.,scripts/run_portable_*0337_livevis*.sh; doc/livevis_colormap_control_0342a.md,src_mpcd_cuda_livevis_inventory_0314_to_0342a.csv
LIVE_VIS_QUIVER_MIN_SPEED,param_or_script_alias,Alias script livevis quiver,ajout 0364,double >= 0,0,,,,Alias script exportable vers SRC_LIVE_VIS_QUIVER_MIN_SPEED.,,src/live_visualization_0335.cpp; src/cuda_live_field_0337.cu; include/cuda_live_field_0337.h; src/main_src_mpcd_base.cpp; doc/livevis_field_N_0361.md; doc/livevis_field_minmax_0363.md; doc/livevis_quiver_overlay_0364.md; doc/livevis_quiver_smoothing_0365.md,session_0361_0365_livevis
LIVE_VIS_QUIVER_NX,param_or_script_alias,Alias script livevis quiver,ajout 0364,entier >= 1,60,,,,Alias script exportable vers SRC_LIVE_VIS_QUIVER_NX.,,src/live_visualization_0335.cpp; src/cuda_live_field_0337.cu; include/cuda_live_field_0337.h; src/main_src_mpcd_base.cpp; doc/livevis_field_N_0361.md; doc/livevis_field_minmax_0363.md; doc/livevis_quiver_overlay_0364.md; doc/livevis_quiver_smoothing_0365.md,session_0361_0365_livevis
LIVE_VIS_QUIVER_NY,param_or_script_alias,Alias script livevis quiver,ajout 0364,entier >= 1,32,,,,Alias script exportable vers SRC_LIVE_VIS_QUIVER_NY.,,src/live_visualization_0335.cpp; src/cuda_live_field_0337.cu; include/cuda_live_field_0337.h; src/main_src_mpcd_base.cpp; doc/livevis_field_N_0361.md; doc/livevis_field_minmax_0363.md; doc/livevis_quiver_overlay_0364.md; doc/livevis_quiver_smoothing_0365.md,session_0361_0365_livevis
LIVE_VIS_QUIVER_SCALE,param_or_script_alias,Alias script livevis quiver,ajout 0364,double,-1,,,,Alias script exportable vers SRC_LIVE_VIS_QUIVER_SCALE.,<0 désactive l’overlay.,src/live_visualization_0335.cpp; src/cuda_live_field_0337.cu; include/cuda_live_field_0337.h; src/main_src_mpcd_base.cpp; doc/livevis_field_N_0361.md; doc/livevis_field_minmax_0363.md; doc/livevis_quiver_overlay_0364.md; doc/livevis_quiver_smoothing_0365.md,session_0361_0365_livevis
LIVE_VIS_QUIVER_SMOOTH_PASSES,param_or_script_alias,Alias script livevis quiver,ajout 0365,entier; -1 ou >=0,-1,,,,Alias script exportable vers SRC_LIVE_VIS_QUIVER_SMOOTH_PASSES.,<0 réutilise smoothPasses.,src/live_visualization_0335.cpp; src/cuda_live_field_0337.cu; include/cuda_live_field_0337.h; src/main_src_mpcd_base.cpp; doc/livevis_field_N_0361.md; doc/livevis_field_minmax_0363.md; doc/livevis_quiver_overlay_0364.md; doc/livevis_quiver_smoothing_0365.md,session_0361_0365_livevis
LIVE_VIS_CONTROL_BASENAME,param_or_script_alias,Alias script livevis runtime control,ajout 0341d,nom de fichier,livevis_control.kv,,,,"Nom du fichier utilisé avec LIVE_VIS_CONTROL_DIR ou, par défaut, dans le run_root.","Permet de distinguer plusieurs contrôles, par exemple vk_io.kv, tg_hole.kv, poiseuille.kv.",scripts/run_portable_*0337_livevis*.sh; doc/livevis_runtime_control_0341b_scripts.md,src_mpcd_cuda_livevis_inventory_0314_to_0342a.csv
LIVE_VIS_CONTROL_DIR,param_or_script_alias,Alias script livevis runtime control,ajout 0341d,chemin répertoire,vide,,,,Répertoire dans lequel créer le fichier de contrôle lorsque LIVE_VIS_CONTROL_FILE est vide.,Combiné avec LIVE_VIS_CONTROL_BASENAME. Exemple: LIVE_VIS_CONTROL_DIR=. LIVE_VIS_CONTROL_BASENAME=livevis_control.kv.,scripts/run_portable_*0337_livevis*.sh; doc/livevis_runtime_control_0341b_scripts.md,src_mpcd_cuda_livevis_inventory_0314_to_0342a.csv
LIVE_VIS_CONTROL_ENABLE,param_or_script_alias,Alias script livevis runtime control,ajout 0341b; export explicite 0341c,booléen shell,1,,,,Active la création/export du fichier de contrôle livevis dans les scripts portables.,"À 0, aucun fichier de contrôle n’est préparé et SRC_LIVE_VIS_CONTROL_FILE peut rester vide.",scripts/run_portable_*0337_livevis*.sh; doc/livevis_runtime_control_0341b_scripts.md,src_mpcd_cuda_livevis_inventory_0314_to_0342a.csv
LIVE_VIS_CONTROL_EVERY,param_or_script_alias,Alias script livevis runtime control,ajout 0341b; export explicite 0341c,entier >= 1,1,,,,Valeur script exportée en SRC_LIVE_VIS_CONTROL_EVERY.,Contrôle la fréquence de relecture côté binaire.,scripts/run_portable_*0337_livevis*.sh,src_mpcd_cuda_livevis_inventory_0314_to_0342a.csv
LIVE_VIS_CONTROL_FILE,param_or_script_alias,Alias script livevis runtime control,ajout 0341b; clarifié 0341d,chemin fichier .kv,vide,,,,Chemin explicite du fichier de contrôle livevis. Prioritaire sur LIVE_VIS_CONTROL_DIR et le chemin par défaut run_root.,"Utiliser ce paramètre, et non LIVE_VIS_CONTROL_FILE_EFFECTIVE, pour imposer un fichier tel que ./livevis_control.kv. Recommandé si CLEAN_RUN_ROOT=1 et que l’on veut un fichier persistant hors run_root.",scripts/run_portable_*0337_livevis*.sh; doc/livevis_runtime_control_0341b_scripts.md,src_mpcd_cuda_livevis_inventory_0314_to_0342a.csv
LIVE_VIS_CONTROL_LOG,param_or_script_alias,Alias script livevis runtime control,ajout 0341b; export explicite 0341c,booléen shell,1,,,,Valeur script exportée en SRC_LIVE_VIS_CONTROL_LOG.,Les logs livevis sont dans le .time car le stderr du binaire y est redirigé par le script.,scripts/run_portable_*0337_livevis*.sh,src_mpcd_cuda_livevis_inventory_0314_to_0342a.csv
LIVE_VIS_CONTROL_FILE_EFFECTIVE,param_or_script_alias,Alias script livevis runtime control interne,ajout 0341b; export explicite 0341c; clarifié 0341d,chemin fichier .kv résolu,résolu automatiquement,,,,Chemin effectivement transmis au binaire via SRC_LIVE_VIS_CONTROL_FILE.,"Variable interne/résolue: ne pas la fixer manuellement. Ordre de résolution 0341d: LIVE_VIS_CONTROL_FILE, sinon LIVE_VIS_CONTROL_DIR+LIVE_VIS_CONTROL_BASENAME, sinon run_root/LIVE_VIS_CONTROL_BASENAME.",scripts/run_portable_*0337_livevis*.sh; doc/livevis_runtime_control_0341b_scripts.md,src_mpcd_cuda_livevis_inventory_0314_to_0342a.csv
INACTIVE_SLOTS_RESAMPLING,param_or_script_alias,Alias script livevis/benchmark,confirmé 0337,entier,750000 pour certains scripts,,,,Nombre de slots inactifs pour les cas resampling.,N’affecte pas le SRC classic si RUN_MODES=classic; utile pour réservoir resampling.,,src_mpcd_cuda_livevis_inventory_0314_to_0339a.csv | src_mpcd_cuda_livevis_inventory_0314_to_0342a.csv
INACTIVE_SLOTS,param_or_script_alias,Capacité particulaire,consolidé 0311-0312,entier,50k-120k selon cas; pas de défaut universel,,,,Nombre de slots Inactive préalloués par les générateurs/scripts.,La réserve peut être grande sans être écrite dans les dumps si dumpRoleFilter=fluid.,,src_mpcd_cuda_livevis_inventory_0314_to_0339a.csv | src_mpcd_cuda_livevis_inventory_0314_to_0342a.csv
dumpRoleFilter,param_or_script_alias,Dumps et post-traitement,ajout 0314,all|fluid,all dans le cœur; fluid dans scripts visuels,,,,Contrôle si les dumps .smpcd écrivent tous les slots ou seulement les particules Fluid.,fluid accélère visualisation/post-traitement mais ne doit pas être utilisé pour un restart complet.,,src_mpcd_cuda_livevis_inventory_0314_to_0339a.csv | src_mpcd_cuda_livevis_inventory_0314_to_0342a.csv
summaryRoleFilter,param_or_script_alias,Summaries runtime,ajout 0314,all|fluid,all dans le cœur; fluid dans scripts visuels,,,,Contrôle si les summaries parcourent tous les slots ou un état compact fluide.,fluid réduit le coût lorsque INACTIVE_SLOTS est grand.,,src_mpcd_cuda_livevis_inventory_0314_to_0339a.csv | src_mpcd_cuda_livevis_inventory_0314_to_0342a.csv
srcClassicCudaModeEnable,params_canonical_field,CUDA — mode SRC classic,existant catalogue 0292,booléen,false,booléen: true/1/yes/on ou false/0/no/off,srcClassicCudaModeEnable,classicSrcCudaModeEnable; classicSrcModeEnable; classicSrcCudaMode,"Sélecteur .kv du chemin SRC/MPCD classic, séparé de la fermeture liquide.",Force le mode SRC classic complet: advection/streaming + shift + collision/rotation + thermostat. Court-circuite les fermetures Q6/resampling/viriel dans le driver; à utiliser pour les démos/validations classic CUDA 0275–0286.,simulation_params.h; params_io_base.cpp; doc/GPU_SRC_CLASSIC_CUDA_STATUS_0286.md,src_mpcd_params_catalogue_0292_cuda.csv
bcBottom,params_canonical_field,Conditions limites,existant catalogue 0292,enum string,periodic,periodic; solid; specular; bounceback; inlet/input; outlet/output/open,bcBottom,boundaryBottom,Mode de condition limite sur la face basse.,Les périodiques doivent être appariés bas/haut.,simulation_params.h; params_io_base.cpp,src_mpcd_params_catalogue_0292_cuda.csv
bcLeft,params_canonical_field,Conditions limites,existant catalogue 0292,enum string,periodic,periodic; solid; specular; bounceback; inlet/input; outlet/output/open,bcLeft,boundaryLeft,Mode de condition limite sur la face gauche.,Les périodiques doivent être appariés gauche/droite.,simulation_params.h; params_io_base.cpp,src_mpcd_params_catalogue_0292_cuda.csv
bcRight,params_canonical_field,Conditions limites,existant catalogue 0292,enum string,periodic,periodic; solid; specular; bounceback; inlet/input; outlet/output/open,bcRight,boundaryRight,Mode de condition limite sur la face droite.,Les périodiques doivent être appariés gauche/droite.,simulation_params.h; params_io_base.cpp,src_mpcd_params_catalogue_0292_cuda.csv
bcTop,params_canonical_field,Conditions limites,existant catalogue 0292,enum string,periodic,periodic; solid; specular; bounceback; inlet/input; outlet/output/open,bcTop,boundaryTop,Mode de condition limite sur la face haute.,Les périodiques doivent être appariés bas/haut.,simulation_params.h; params_io_base.cpp,src_mpcd_params_catalogue_0292_cuda.csv
bcX,params_canonical_field,Conditions limites,existant catalogue 0292,enum string,(non stocké),periodic; solid; specular; bounceback; inlet/input; outlet/output/open,bcX,,Définit simultanément les modes gauche et droit.,"Alias de paire; appliqué à bcLeft et bcRight, puis les clés par face peuvent surcharger.",simulation_params.h; params_io_base.cpp,src_mpcd_params_catalogue_0292_cuda.csv
bcY,params_canonical_field,Conditions limites,existant catalogue 0292,enum string,(non stocké),periodic; solid; specular; bounceback; inlet/input; outlet/output/open,bcY,,Définit simultanément les modes bas et haut.,"Alias de paire; appliqué à bcBottom et bcTop, puis les clés par face peuvent surcharger.",simulation_params.h; params_io_base.cpp,src_mpcd_params_catalogue_0292_cuda.csv
fluidXMax0,params_canonical_field,Domaine actif mobile,existant catalogue 0292,double,-1.0,-1 hérite de Lx; sinon > fluidXMin0 et <= Lx,fluidXMax0,,Borne x maximale initiale du domaine fluide actif.,"Si une frontière x est périodique, le domaine x doit être complet et statique.",simulation_params.h; params_io_base.cpp,src_mpcd_params_catalogue_0292_cuda.csv
fluidXMaxVelocity,params_canonical_field,Domaine actif mobile,existant catalogue 0292,double,0.0,nombre réel fini,fluidXMaxVelocity,,Vitesse imposée de la borne x maximale du domaine actif.,Incompatible avec une paire périodique x si non nul.,simulation_params.h; params_io_base.cpp,src_mpcd_params_catalogue_0292_cuda.csv
fluidXMin0,params_canonical_field,Domaine actif mobile,existant catalogue 0292,double,0.0,">= 0, dans [0,Lx]",fluidXMin0,,Borne x minimale initiale du domaine fluide actif.,Le domaine actif doit rester inclus dans la boîte numérique.,simulation_params.h; params_io_base.cpp,src_mpcd_params_catalogue_0292_cuda.csv
fluidXMinVelocity,params_canonical_field,Domaine actif mobile,existant catalogue 0292,double,0.0,nombre réel fini,fluidXMinVelocity,,Vitesse imposée de la borne x minimale du domaine actif.,Incompatible avec une paire périodique x si non nul.,simulation_params.h; params_io_base.cpp,src_mpcd_params_catalogue_0292_cuda.csv
fluidYMax0,params_canonical_field,Domaine actif mobile,existant catalogue 0292,double,-1.0,-1 hérite de Ly; sinon > fluidYMin0 et <= Ly,fluidYMax0,fluidYTop0,Borne y maximale initiale du domaine fluide actif.,"Si une frontière y est périodique, le domaine y doit être complet et statique.",simulation_params.h; params_io_base.cpp,src_mpcd_params_catalogue_0292_cuda.csv
fluidYMaxVelocity,params_canonical_field,Domaine actif mobile,existant catalogue 0292,double,0.0,nombre réel fini,fluidYMaxVelocity,fluidYTopVelocity,Vitesse imposée de la borne y maximale du domaine actif.,Incompatible avec une paire périodique y si non nul.,simulation_params.h; params_io_base.cpp,src_mpcd_params_catalogue_0292_cuda.csv
fluidYMin0,params_canonical_field,Domaine actif mobile,existant catalogue 0292,double,0.0,">= 0, dans [0,Ly]",fluidYMin0,,Borne y minimale initiale du domaine fluide actif.,Le domaine actif doit rester inclus dans la boîte numérique.,simulation_params.h; params_io_base.cpp,src_mpcd_params_catalogue_0292_cuda.csv
fluidYMinVelocity,params_canonical_field,Domaine actif mobile,existant catalogue 0292,double,0.0,nombre réel fini,fluidYMinVelocity,,Vitesse imposée de la borne y minimale du domaine actif.,Incompatible avec une paire périodique y si non nul.,simulation_params.h; params_io_base.cpp,src_mpcd_params_catalogue_0292_cuda.csv
Lx,params_canonical_field,Domaine et grille,existant catalogue 0292,double,1.0,> 0,Lx,,Longueur du domaine numérique en x.,,simulation_params.h; params_io_base.cpp,src_mpcd_params_catalogue_0292_cuda.csv
Ly,params_canonical_field,Domaine et grille,existant catalogue 0292,double,1.0,> 0,Ly,,Longueur du domaine numérique en y.,,simulation_params.h; params_io_base.cpp,src_mpcd_params_catalogue_0292_cuda.csv
Nx,params_canonical_field,Domaine et grille,existant catalogue 0292,entier,32,> 0,Nx,,Nombre de cellules MPCD/projection en x.,,simulation_params.h; params_io_base.cpp,src_mpcd_params_catalogue_0292_cuda.csv
Ny,params_canonical_field,Domaine et grille,existant catalogue 0292,entier,32,> 0,Ny,,Nombre de cellules MPCD/projection en y.,,simulation_params.h; params_io_base.cpp,src_mpcd_params_catalogue_0292_cuda.csv
inletInjectionMode,params_canonical_field,Entrées/sorties — injection,existant catalogue 0292,enum string,cuda_recycle,cuda_recycle; thin_slab; hard_cell_density; hard_density; hard; cell_density,inletInjectionMode,,Mode historique de réinjection/recyclage des particules à l’entrée.,Validé seulement si une frontière inlet/outlet est présente.,simulation_params.h; params_io_base.cpp,src_mpcd_params_catalogue_0292_cuda.csv
inletKBT,params_canonical_field,Entrées/sorties — injection,existant catalogue 0292,double,-1.0,négatif => hérite de kBT; sinon >0 recommandé,inletKBT,,Température cinétique imposée aux particules injectées.,"Si inletThermalNoise>0 et inletKBT<0, kBT doit être >0.",simulation_params.h; params_io_base.cpp,src_mpcd_params_catalogue_0292_cuda.csv
inletRandomizeTangential,params_canonical_field,Entrées/sorties — injection,existant catalogue 0292,booléen,true,booléen: true/1/yes/on ou false/0/no/off,inletRandomizeTangential,inletRandomizeTransverse; inletRandomizeY; injectRandomY,Randomise la coordonnée tangentielle des particules injectées.,,simulation_params.h; params_io_base.cpp,src_mpcd_params_catalogue_0292_cuda.csv
inletReinjectBackflow,params_canonical_field,Entrées/sorties — injection,existant catalogue 0292,booléen,true,booléen: true/1/yes/on ou false/0/no/off,inletReinjectBackflow,reinjectBackflow,Réinjecte les particules traversant une entrée dans le mauvais sens au lieu de les laisser sortir.,,simulation_params.h; params_io_base.cpp,src_mpcd_params_catalogue_0292_cuda.csv
inletSlabCells,params_canonical_field,Entrées/sorties — injection,existant catalogue 0292,double,1.0,> 0,inletSlabCells,inletInjectionSlabCells,Épaisseur de la dalle d’injection en nombre de cellules locales.,Utilisé dans les modes de recyclage/injection en slab.,simulation_params.h; params_io_base.cpp,src_mpcd_params_catalogue_0292_cuda.csv
inletThermalNoise,params_canonical_field,Entrées/sorties — injection,existant catalogue 0292,double,1.0,>= 0,inletThermalNoise,,Amplitude du bruit thermique Maxwellien ajouté à l’inlet; 0 donne une vitesse déterministe.,,simulation_params.h; params_io_base.cpp,src_mpcd_params_catalogue_0292_cuda.csv
openBoundaryOutletForcedLayerCells,params_canonical_field,Entrées/sorties — modes outlet,existant catalogue 0292,entier,1,>= 1,openBoundaryOutletForcedLayerCells,,"Épaisseur de la zone d’extraction forcée, en nombre de cellules à partir de la face outlet.",Utilisé en forced_flux/equilibrium_flux pour sélectionner l’épaisseur de couche outlet où la masse/les particules peuvent être extraites. Les scripts de démo peuvent choisir 3 par défaut.,simulation_params.h; params_io_base.cpp; cuda_classic_src_io_resident_0263.cu; patch 0291,src_mpcd_params_catalogue_0292_cuda.csv
openBoundaryOutletForcedMassFlux,params_canonical_field,Entrées/sorties — modes outlet,existant catalogue 0292,double,0.0,>= 0; unités masse / temps simulation,openBoundaryOutletForcedMassFlux,,"Flux de masse sortant imposé par l’utilisateur, découplé du flux inlet.",Utilisé si openBoundaryOutletMode=forced_flux et aucun flux particulaire prioritaire n’est donné. Masse extraite par step = flux * dt.,simulation_params.h; params_io_base.cpp; cuda_classic_src_io_resident_0263.cu; patch 0291,src_mpcd_params_catalogue_0292_cuda.csv
openBoundaryOutletForcedMassPerStep,params_canonical_field,Entrées/sorties — modes outlet,existant catalogue 0292,double,0.0,>= 0; masse / step,openBoundaryOutletForcedMassPerStep,,Masse cible à extraire à chaque step dans la couche outlet.,Utilisé si openBoundaryOutletMode=forced_flux et si aucun flux particulaire prioritaire n’est donné. Prioritaire sur openBoundaryOutletForcedMassFlux pour la masse.,simulation_params.h; params_io_base.cpp; cuda_classic_src_io_resident_0263.cu; patch 0291,src_mpcd_params_catalogue_0292_cuda.csv
openBoundaryOutletForcedParticleFlux,params_canonical_field,Entrées/sorties — modes outlet,existant catalogue 0292,double,0.0,>= 0; particules / temps simulation,openBoundaryOutletForcedParticleFlux,,"Flux particulaire sortant imposé par l’utilisateur, découplé du flux inlet.","Utilisé si openBoundaryOutletMode=forced_flux. Nombre extrait par step = flux * dt, arrondi selon l’implémentation. Les paramètres particulaires sont prioritaires sur les paramètres massiques.",simulation_params.h; params_io_base.cpp; cuda_classic_src_io_resident_0263.cu; patch 0291,src_mpcd_params_catalogue_0292_cuda.csv
openBoundaryOutletForcedParticlesPerStep,params_canonical_field,Entrées/sorties — modes outlet,existant catalogue 0292,entier,0,>= 0; particules / step,openBoundaryOutletForcedParticlesPerStep,,Nombre cible de particules à extraire à chaque step dans la couche outlet.,Utilisé si openBoundaryOutletMode=forced_flux. Prioritaire sur openBoundaryOutletForcedParticleFlux et sur les paramètres massiques. 0 désactive l’extraction forcée si aucun autre flux positif n’est donné.,simulation_params.h; params_io_base.cpp; cuda_classic_src_io_resident_0263.cu; patch 0291,src_mpcd_params_catalogue_0292_cuda.csv
openBoundaryOutletMode,params_canonical_field,Entrées/sorties — modes outlet,existant catalogue 0292 | sémantique Neumann mise à jour 0493x8r-x8t,enum string,balanced_flux historique Q6; utiliser explicitement neumann/equilibrium_flux/forced_flux pour SRC classic 0291+,SRC classic 0291+: neumann; equilibrium_flux; forced_flux. Q6/open-boundary historique: balanced_flux; prescribed_flux; balanced; prescribed; dirichlet; neumann; free; zero_gradient; zero_normal_gradient; hybrid; neumann_feedback; hybrid_feedback.,openBoundaryOutletMode,openOutletBoundaryMode; outletBoundaryMode; q6q9OutletBoundaryMode,"Choisit le régime de sortie: sortie passive, extraction équilibrée ou extraction forcée utilisateur pour SRC classic; conserve aussi les politiques Q6 open-boundary historiques.","SRC classic CUDA 0291+: appliqué aux outlets full-face et segmentés. forced_flux est indépendant de l’inlet et nécessite un paramètre openBoundaryOutletForced* positif. equilibrium_flux tente une extraction équilibrante couplée au gain net du step. neumann laisse sortir passivement. Les modes Q6 historiques restent disponibles pour la projection open-boundary. | 0493x8r-x8t: neumann sur Q6-G-F est une sortie pression passive: vitesse prédicteur extrapolée à gradient normal nul, phi=0 à la face ouverte, correction finale de flux libre; le chemin particulaire reconstruit un bain cinétique local côté sortie.",simulation_params.h; params_io_base.cpp; cuda_classic_src_io_resident_0263.cu; patches 0291/0291b; src/cuda_q6_resident_0400.cu; src/cuda_classic_src_io_resident_0263.cu; apply_0493x8r_neumann_pressure_outlet.py; 0493x8q-x8t,src_mpcd_params_catalogue_0292_cuda.csv | cycle_0493x8k_x8t + 0493x9d_x9r_surface_tension_20260819
inletVelocitySpatialProfile,params_canonical_field,Entrées/sorties — profil spatial,existant catalogue 0292 | étendu 0493x8k entrée segmentée locale,enum string,uniform,uniform; poiseuille_y; poiseuille_y_mean; poiseuille_y_max; flat_taper_y; flat_taper_y_mean,inletVelocitySpatialProfile,inletSpatialProfile; inletProfile; openBoundaryVelocityProfile,Profil spatial de vitesse/flux imposé sur les entrées.,"Les tirets sont normalisés en underscores. | 0493x8k: pour une ouverture segmentée, poiseuille_y_max/poiseuille_y_mean sont évalués dans la coordonnée locale du segment; la vitesse normale est nulle aux extrémités et le même profil alimente injection particulaire et flux Q6-G-F.",simulation_params.h; params_io_base.cpp; src/cuda_classic_src_io_resident_0263.cu; src/cuda_q6_resident_0400.cu; scripts/run_0493x8k_segmented_local_poiseuille.sh,src_mpcd_params_catalogue_0292_cuda.csv | cycle_0493x8k_x8t + 0493x9d_x9r_surface_tension_20260819
inletVelocityWallTaperCells,params_canonical_field,Entrées/sorties — profil spatial,existant catalogue 0292,double,2.0,>= 0,inletVelocityWallTaperCells,inletWallTaperCells; openBoundaryVelocityWallTaperCells,"Largeur du lissage/taper près des murs, exprimée en cellules.",Utilisé par les profils flat_taper_y.,simulation_params.h; params_io_base.cpp,src_mpcd_params_catalogue_0292_cuda.csv
inletVelocityRampEnable,params_canonical_field,Entrées/sorties — rampe,existant catalogue 0292,booléen,false,booléen: true/1/yes/on ou false/0/no/off,inletVelocityRampEnable,inletRampEnable,Active une rampe temporelle multiplicative sur les vitesses/flux d’entrée.,,simulation_params.h; params_io_base.cpp,src_mpcd_params_catalogue_0292_cuda.csv
inletVelocityRampEndTime,params_canonical_field,Entrées/sorties — rampe,existant catalogue 0292,double,0.0,nombre réel fini,inletVelocityRampEndTime,inletRampEndTime,Temps de fin de la rampe d’entrée.,"Si rampe active, EndTime >= StartTime.",simulation_params.h; params_io_base.cpp,src_mpcd_params_catalogue_0292_cuda.csv
inletVelocityRampFinalFactor,params_canonical_field,Entrées/sorties — rampe,existant catalogue 0292,double,1.0,nombre réel fini,inletVelocityRampFinalFactor,inletRampFinalFactor,Facteur multiplicatif final de vitesse/flux d’entrée.,Si rampe active.,simulation_params.h; params_io_base.cpp,src_mpcd_params_catalogue_0292_cuda.csv
inletVelocityRampInitialFactor,params_canonical_field,Entrées/sorties — rampe,existant catalogue 0292,double,0.0,nombre réel fini,inletVelocityRampInitialFactor,inletRampInitialFactor,Facteur multiplicatif initial de vitesse/flux d’entrée.,Si rampe active.,simulation_params.h; params_io_base.cpp,src_mpcd_params_catalogue_0292_cuda.csv
inletVelocityRampProfile,params_canonical_field,Entrées/sorties — rampe,existant catalogue 0292,enum string,linear,linear; smoothstep,inletVelocityRampProfile,inletRampProfile,Loi d’interpolation temporelle de la rampe.,Si rampe active.,simulation_params.h; params_io_base.cpp,src_mpcd_params_catalogue_0292_cuda.csv
inletVelocityRampStartTime,params_canonical_field,Entrées/sorties — rampe,existant catalogue 0292,double,0.0,nombre réel fini,inletVelocityRampStartTime,inletRampStartTime,Temps de début de la rampe d’entrée.,"Si rampe active, EndTime >= StartTime.",simulation_params.h; params_io_base.cpp,src_mpcd_params_catalogue_0292_cuda.csv
inletHardCellThermalRescale,params_canonical_field,Entrées/sorties — réservoir dur,existant catalogue 0292,booléen,true,booléen: true/1/yes/on ou false/0/no/off,inletHardCellThermalRescale,,Rescale les fluctuations thermiques de la cellule d’entrée.,Mode hard_cell_density.,simulation_params.h; params_io_base.cpp,src_mpcd_params_catalogue_0292_cuda.csv
inletHardCellVelocityMean,params_canonical_field,Entrées/sorties — réservoir dur,existant catalogue 0292,booléen,true,booléen: true/1/yes/on ou false/0/no/off,inletHardCellVelocityMean,,Recentre les vitesses injectées pour imposer exactement la moyenne de cellule.,Mode hard_cell_density.,simulation_params.h; params_io_base.cpp,src_mpcd_params_catalogue_0292_cuda.csv
inletReservoirCells,params_canonical_field,Entrées/sorties — réservoir dur,existant catalogue 0292,entier,1,> 0 si hard_cell_density,inletReservoirCells,inletDensityCells,Épaisseur du réservoir d’entrée en nombre de cellules.,Utilisé par le mode hard_cell_density.,simulation_params.h; params_io_base.cpp,src_mpcd_params_catalogue_0292_cuda.csv
inletReservoirMode,params_canonical_field,Entrées/sorties — réservoir dur,existant catalogue 0292,enum string,recycle,recycle; cuda_recycle; thin_slab; hard_cell_density; hard_density; hard; cell_density; default,inletReservoirMode,,Mode de réservoir d’entrée; les alias cuda_recycle/thin_slab sont normalisés vers recycle.,hard_cell_density exige inletReservoirCells>0 et inletTargetOccupancy>0.,simulation_params.h; params_io_base.cpp,src_mpcd_params_catalogue_0292_cuda.csv
inletTargetOccupancy,params_canonical_field,Entrées/sorties — réservoir dur,existant catalogue 0292,entier,0,> 0 si hard_cell_density,inletTargetOccupancy,inletTargetN; inletGamma,Nombre cible de particules par cellule de réservoir dur.,Souvent choisi égal à gamma.,simulation_params.h; params_io_base.cpp,src_mpcd_params_catalogue_0292_cuda.csv
openBoundarySegmentCount,params_canonical_field,Entrées/sorties — segments,existant catalogue 0292,entier,0,0 si désactivé; 1..16 si activé,openBoundarySegmentCount,,Nombre de segments ouverts définis.,Limite codée: 16 segments.,simulation_params.h; params_io_base.cpp,src_mpcd_params_catalogue_0292_cuda.csv
openBoundarySegmentK,params_canonical_field,Entrées/sorties — segments,existant catalogue 0292,record,(aucun),"face mode sMin sMax ux uy type mass; face={left,right,bottom,top}; mode=inlet/input/outlet/output/open; 0<=sMin<sMax<=1; mass>0",openBoundarySegmentK,openBoundarySegment0 ... openBoundarySegment{N-1},Déclaration d’un segment relatif sur une face solide/specular/bounceback.,N=openBoundarySegmentCount. Les segments d’une même face ne doivent pas se chevaucher.,simulation_params.h; params_io_base.cpp,src_mpcd_params_catalogue_0292_cuda.csv
openBoundarySegmentsEnable,params_canonical_field,Entrées/sorties — segments,existant catalogue 0292,booléen,false,booléen: true/1/yes/on ou false/0/no/off,openBoundarySegmentsEnable,,Active les segments compacts inlet/outlet sur des faces autrement wall-like.,"Si true, openBoundarySegmentCount>0 et chaque openBoundarySegmentK requis.",simulation_params.h; params_io_base.cpp,src_mpcd_params_catalogue_0292_cuda.csv
openBoundaryOutletFeedbackGain,params_canonical_field,Entrées/sorties — sortie Q6,existant catalogue 0292,double,0.0,"[0,1]",openBoundaryOutletFeedbackGain,outletFeedbackGain; openOutletFeedbackGain; openBoundaryOutletMassFeedbackGain,Gain du feedback global outlet-only sur le déséquilibre de flux.,Utilisé uniquement en mode hybrid/neumann_feedback/hybrid_feedback.,simulation_params.h; params_io_base.cpp,src_mpcd_params_catalogue_0292_cuda.csv
openBoundaryOutletHybridBlend,params_canonical_field,Entrées/sorties — sortie Q6,existant catalogue 0292,double,0.0,"[0,1]",openBoundaryOutletHybridBlend,outletHybridBlend; openOutletHybridBlend,Mélange entre profil local Neumann et profil équilibré.,"Utilisé uniquement en mode hybrid; pour sorties segmentées hybrid, doit rester 0.",simulation_params.h; params_io_base.cpp,src_mpcd_params_catalogue_0292_cuda.csv
inletUx,params_canonical_field,Entrées/sorties — vitesse,existant catalogue 0292,double,(non stocké),nombre réel fini,inletUx,inletVelocityX,Alias global pour la composante x de vitesse d’entrée.,Applique la même valeur à inletUxLeft/Right/Bottom/Top.,simulation_params.h; params_io_base.cpp,src_mpcd_params_catalogue_0292_cuda.csv
inletUxBottom,params_canonical_field,Entrées/sorties — vitesse,existant catalogue 0292,double,0.0,nombre réel fini,inletUxBottom,,Composante x de la vitesse prescrite sur l’entrée bottom.,Utilisé par les faces inlet et les segments d’inlet selon le cas.,simulation_params.h; params_io_base.cpp,src_mpcd_params_catalogue_0292_cuda.csv
inletUxLeft,params_canonical_field,Entrées/sorties — vitesse,existant catalogue 0292,double,0.0,nombre réel fini,inletUxLeft,,Composante x de la vitesse prescrite sur l’entrée left.,Utilisé par les faces inlet et les segments d’inlet selon le cas.,simulation_params.h; params_io_base.cpp,src_mpcd_params_catalogue_0292_cuda.csv
inletUxRight,params_canonical_field,Entrées/sorties — vitesse,existant catalogue 0292,double,0.0,nombre réel fini,inletUxRight,,Composante x de la vitesse prescrite sur l’entrée right.,Utilisé par les faces inlet et les segments d’inlet selon le cas.,simulation_params.h; params_io_base.cpp,src_mpcd_params_catalogue_0292_cuda.csv
inletUxTop,params_canonical_field,Entrées/sorties — vitesse,existant catalogue 0292,double,0.0,nombre réel fini,inletUxTop,,Composante x de la vitesse prescrite sur l’entrée top.,Utilisé par les faces inlet et les segments d’inlet selon le cas.,simulation_params.h; params_io_base.cpp,src_mpcd_params_catalogue_0292_cuda.csv
inletUy,params_canonical_field,Entrées/sorties — vitesse,existant catalogue 0292,double,(non stocké),nombre réel fini,inletUy,inletVelocityY,Alias global pour la composante y de vitesse d’entrée.,Applique la même valeur à inletUyLeft/Right/Bottom/Top.,simulation_params.h; params_io_base.cpp,src_mpcd_params_catalogue_0292_cuda.csv
inletUyBottom,params_canonical_field,Entrées/sorties — vitesse,existant catalogue 0292,double,0.0,nombre réel fini,inletUyBottom,,Composante y de la vitesse prescrite sur l’entrée bottom.,Utilisé par les faces inlet et les segments d’inlet selon le cas.,simulation_params.h; params_io_base.cpp,src_mpcd_params_catalogue_0292_cuda.csv
inletUyLeft,params_canonical_field,Entrées/sorties — vitesse,existant catalogue 0292,double,0.0,nombre réel fini,inletUyLeft,,Composante y de la vitesse prescrite sur l’entrée left.,Utilisé par les faces inlet et les segments d’inlet selon le cas.,simulation_params.h; params_io_base.cpp,src_mpcd_params_catalogue_0292_cuda.csv
inletUyRight,params_canonical_field,Entrées/sorties — vitesse,existant catalogue 0292,double,0.0,nombre réel fini,inletUyRight,,Composante y de la vitesse prescrite sur l’entrée right.,Utilisé par les faces inlet et les segments d’inlet selon le cas.,simulation_params.h; params_io_base.cpp,src_mpcd_params_catalogue_0292_cuda.csv
inletUyTop,params_canonical_field,Entrées/sorties — vitesse,existant catalogue 0292,double,0.0,nombre réel fini,inletUyTop,,Composante y de la vitesse prescrite sur l’entrée top.,Utilisé par les faces inlet et les segments d’inlet selon le cas.,simulation_params.h; params_io_base.cpp,src_mpcd_params_catalogue_0292_cuda.csv
taylorGreenForcingAmplitude,params_canonical_field,Forçage Taylor–Green,existant catalogue 0292,double,0.0,>= 0,taylorGreenForcingAmplitude,tgForcingAmplitude; tgForceAmplitude,Amplitude A du forçage Taylor–Green.,Utilisé seulement si taylorGreenForcingEnable=true.,simulation_params.h; params_io_base.cpp,src_mpcd_params_catalogue_0292_cuda.csv
taylorGreenForcingEnable,params_canonical_field,Forçage Taylor–Green,existant catalogue 0292,booléen,false,booléen: true/1/yes/on ou false/0/no/off,taylorGreenForcingEnable,tgForcingEnable,Active un forçage corporel périodique divergence-free de type Taylor–Green.,Restreint aux domaines périodiques x et y.,simulation_params.h; params_io_base.cpp,src_mpcd_params_catalogue_0292_cuda.csv
taylorGreenForcingModeX,params_canonical_field,Forçage Taylor–Green,existant catalogue 0292,entier,1,> 0,taylorGreenForcingModeX,tgForcingModeX,Nombre d’onde entier en x du forçage Taylor–Green.,Utilisé seulement si taylorGreenForcingEnable=true.,simulation_params.h; params_io_base.cpp,src_mpcd_params_catalogue_0292_cuda.csv
taylorGreenForcingModeY,params_canonical_field,Forçage Taylor–Green,existant catalogue 0292,entier,1,> 0,taylorGreenForcingModeY,tgForcingModeY,Nombre d’onde entier en y du forçage Taylor–Green.,Utilisé seulement si taylorGreenForcingEnable=true.,simulation_params.h; params_io_base.cpp,src_mpcd_params_catalogue_0292_cuda.csv
bodyAccelerationX,params_canonical_field,Forçage et contrôle d’écoulement,existant catalogue 0292,double,0.0,nombre réel fini,bodyAccelerationX,bodyForceX,Accélération volumique uniforme appliquée en x avant streaming.,,simulation_params.h; params_io_base.cpp,src_mpcd_params_catalogue_0292_cuda.csv
bodyAccelerationY,params_canonical_field,Forçage et contrôle d’écoulement,existant catalogue 0292,double,0.0,nombre réel fini,bodyAccelerationY,bodyForceY,Accélération volumique uniforme appliquée en y avant streaming.,,simulation_params.h; params_io_base.cpp,src_mpcd_params_catalogue_0292_cuda.csv
keepMeanFlowEnable,params_canonical_field,Forçage et contrôle d’écoulement,existant catalogue 0292,booléen,false,booléen: true/1/yes/on ou false/0/no/off,keepMeanFlowEnable,keepMeanFlow,Active un correcteur global de vitesse moyenne après SRC/Q6/thermostat.,,simulation_params.h; params_io_base.cpp,src_mpcd_params_catalogue_0292_cuda.csv
targetMeanUx,params_canonical_field,Forçage et contrôle d’écoulement,existant catalogue 0292,double,0.0,nombre réel fini,targetMeanUx,meanFlowUx; U0,Vitesse moyenne cible en x.,Pris en compte si keepMeanFlowEnable=true.,simulation_params.h; params_io_base.cpp,src_mpcd_params_catalogue_0292_cuda.csv
targetMeanUy,params_canonical_field,Forçage et contrôle d’écoulement,existant catalogue 0292,double,0.0,nombre réel fini,targetMeanUy,meanFlowUy,Vitesse moyenne cible en y.,Pris en compte si keepMeanFlowEnable=true.,simulation_params.h; params_io_base.cpp,src_mpcd_params_catalogue_0292_cuda.csv
dumpStateEvery,params_canonical_field,I/O et exécution,existant catalogue 0292,entier,0,entier >= 0; 0 désactive les dumps périodiques,dumpStateEvery,,Cadence d’écriture des états .smpcd pour post-traitement.,,simulation_params.h; params_io_base.cpp,src_mpcd_params_catalogue_0292_cuda.csv
inputState,params_canonical_field,I/O et exécution,existant catalogue 0292,chemin,(obligatoire),chaîne non vide,inputState,,Fichier d’état initial .smpcd lu par l’exécutable.,Toujours obligatoire.,simulation_params.h; params_io_base.cpp,src_mpcd_params_catalogue_0292_cuda.csv
numThreads,params_canonical_field,I/O et exécution,existant catalogue 0292,entier,0,entier >= 0; 0 laisse OpenMP décider,numThreads,,Force omp_set_num_threads(numThreads).,Pris en compte seulement si le binaire est compilé avec OpenMP.,simulation_params.h; params_io_base.cpp,src_mpcd_params_catalogue_0292_cuda.csv
outputDir,params_canonical_field,I/O et exécution,existant catalogue 0292,chemin,run_base,chaîne non vide,outputDir,,"Répertoire de sortie du run: summaries, dumps et fichiers associés.",,simulation_params.h; params_io_base.cpp,src_mpcd_params_catalogue_0292_cuda.csv
summaryEvery,params_canonical_field,I/O et exécution,existant catalogue 0292,entier,10,entier > 0,summaryEvery,,Cadence d’écriture de summary_runtime.csv et d’affichage de progression.,,simulation_params.h; params_io_base.cpp,src_mpcd_params_catalogue_0292_cuda.csv
wallAccommodation,params_canonical_field,Parois,existant catalogue 0292,double,1.0,"[0,1]",wallAccommodation,,"Coefficient d’accommodation de paroi: 0 glissant/specular-like, 1 couplage thermique complet.",,simulation_params.h; params_io_base.cpp,src_mpcd_params_catalogue_0292_cuda.csv
wallKBT,params_canonical_field,Parois,existant catalogue 0292,double,-1.0,négatif => hérite de kBT; sinon >0 si couplage actif,wallKBT,,Température cinétique de paroi.,"Si paroi active et accommodation>0, kBT doit être >0 si wallKBT/wallVpKBT sont négatifs.",simulation_params.h; params_io_base.cpp,src_mpcd_params_catalogue_0292_cuda.csv
wallThermalNoise,params_canonical_field,Parois,existant catalogue 0292,double,1.0,>= 0,wallThermalNoise,,Amplitude du bruit thermique de paroi; 0 donne un couplage déterministe.,,simulation_params.h; params_io_base.cpp,src_mpcd_params_catalogue_0292_cuda.csv
wallVpEnable,params_canonical_field,Parois,existant catalogue 0292,booléen,false,booléen: true/1/yes/on ou false/0/no/off,wallVpEnable,,Active explicitement le couplage virtual-particle de paroi legacy.,,simulation_params.h; params_io_base.cpp,src_mpcd_params_catalogue_0292_cuda.csv
wallVpGamma,params_canonical_field,Parois,existant catalogue 0292,double,0.0,>= 0; 0 infère l’occupation moyenne réelle,wallVpGamma,,Population virtuelle de paroi dans une cellule de collision entièrement solide.,,simulation_params.h; params_io_base.cpp,src_mpcd_params_catalogue_0292_cuda.csv
wallVpKBT,params_canonical_field,Parois,existant catalogue 0292,double,-1.0,alias legacy thermique; négatif => hérite de kBT; 0 invalide si actif,wallVpKBT,,Ancien paramètre de température de paroi VP.,Utilisé comme fallback si wallKBT n’est pas positif.,simulation_params.h; params_io_base.cpp,src_mpcd_params_catalogue_0292_cuda.csv
wallVpMass,params_canonical_field,Parois,existant catalogue 0292,double,1.0,> 0,wallVpMass,,Masse des particules virtuelles/agrégat de paroi.,,simulation_params.h; params_io_base.cpp,src_mpcd_params_catalogue_0292_cuda.csv
wallVpMode,params_canonical_field,Parois,existant catalogue 0292,enum string,thermal,thermal; deterministic_thermal; stochastic_fraction,wallVpMode,,Mode de couplage thermique de paroi; stochastic_fraction est accepté comme alias legacy.,,simulation_params.h; params_io_base.cpp,src_mpcd_params_catalogue_0292_cuda.csv
wallVpUxBottom,params_canonical_field,Parois — vitesses,existant catalogue 0292,double,0.0,nombre réel fini,wallVpUxBottom,wallUxBottom,Composante x de la vitesse de paroi sur la face bottom.,,simulation_params.h; params_io_base.cpp,src_mpcd_params_catalogue_0292_cuda.csv
wallVpUxLeft,params_canonical_field,Parois — vitesses,existant catalogue 0292,double,0.0,nombre réel fini,wallVpUxLeft,wallUxLeft,Composante x de la vitesse de paroi sur la face left.,,simulation_params.h; params_io_base.cpp,src_mpcd_params_catalogue_0292_cuda.csv
wallVpUxRight,params_canonical_field,Parois — vitesses,existant catalogue 0292,double,0.0,nombre réel fini,wallVpUxRight,wallUxRight,Composante x de la vitesse de paroi sur la face right.,,simulation_params.h; params_io_base.cpp,src_mpcd_params_catalogue_0292_cuda.csv
wallVpUxTop,params_canonical_field,Parois — vitesses,existant catalogue 0292,double,0.0,nombre réel fini,wallVpUxTop,wallUxTop,Composante x de la vitesse de paroi sur la face top.,,simulation_params.h; params_io_base.cpp,src_mpcd_params_catalogue_0292_cuda.csv
wallVpUyBottom,params_canonical_field,Parois — vitesses,existant catalogue 0292,double,0.0,nombre réel fini,wallVpUyBottom,wallUyBottom,Composante y de la vitesse de paroi sur la face bottom.,,simulation_params.h; params_io_base.cpp,src_mpcd_params_catalogue_0292_cuda.csv
wallVpUyLeft,params_canonical_field,Parois — vitesses,existant catalogue 0292,double,0.0,nombre réel fini,wallVpUyLeft,wallUyLeft,Composante y de la vitesse de paroi sur la face left.,,simulation_params.h; params_io_base.cpp,src_mpcd_params_catalogue_0292_cuda.csv
wallVpUyRight,params_canonical_field,Parois — vitesses,existant catalogue 0292,double,0.0,nombre réel fini,wallVpUyRight,wallUyRight,Composante y de la vitesse de paroi sur la face right.,,simulation_params.h; params_io_base.cpp,src_mpcd_params_catalogue_0292_cuda.csv
wallVpUyTop,params_canonical_field,Parois — vitesses,existant catalogue 0292,double,0.0,nombre réel fini,wallVpUyTop,wallUyTop,Composante y de la vitesse de paroi sur la face top.,,simulation_params.h; params_io_base.cpp,src_mpcd_params_catalogue_0292_cuda.csv
projectionEnable,params_canonical_field,Projection Q6 / elliptique,existant catalogue 0292,booléen,false,booléen: true/1/yes/on ou false/0/no/off,projectionEnable,,Active la projection incompressible Q6.,,simulation_params.h; params_io_base.cpp,src_mpcd_params_catalogue_0292_cuda.csv
projectionMaxIterations,params_canonical_field,Projection Q6 / elliptique,existant catalogue 0292,entier,300,>=0,projectionMaxIterations,,Nombre maximal d’itérations CG.,Si projectionEnable=true.,simulation_params.h; params_io_base.cpp,src_mpcd_params_catalogue_0292_cuda.csv
projectionMomentumCorrectionEnable,params_canonical_field,Projection Q6 / elliptique,existant catalogue 0292,booléen,true,booléen: true/1/yes/on ou false/0/no/off,projectionMomentumCorrectionEnable,,Active la correction globale de quantité de mouvement après projection.,,simulation_params.h; params_io_base.cpp,src_mpcd_params_catalogue_0292_cuda.csv
projectionOperator,params_canonical_field,Projection Q6 / elliptique,existant catalogue 0292,enum string,periodic_fv_cg,periodic_fv_cg; channel_fv_cg; auto_fv_cg; elliptic_fv_cg,projectionOperator,,Opérateur elliptique/div-grad utilisé par la projection.,Si projectionEnable=true.,simulation_params.h; params_io_base.cpp,src_mpcd_params_catalogue_0292_cuda.csv
projectionTolerance,params_canonical_field,Projection Q6 / elliptique,existant catalogue 0292,double,1.0e-10,>0,projectionTolerance,,Tolérance relative/numérique du solveur de projection.,Défaut canonique SimulationParams=1.0e-10. La campagne finale x7q/x7i TG/Poiseuille/bend/IO et le dam-break de non-régression utilisent 1.0e-5; le CG x7j respecte ce même critère sans réduction host à chaque itération.,simulation_params.h; params_io_base.cpp; scripts/run_0493x5b_liquid_gas_free_surface_dam_break.sh; README_0493X6G_PHASE_GAS_PRESSURE.md,catalogue 0292 | validation Q6-g-f 0493x7q
q6ProjectionStrength,params_canonical_field,Projection Q6 / elliptique,existant catalogue 0292,double,1.0,"[0,1]",q6ProjectionStrength,projectionStrength,Sous-relaxation de la correction fluide-fluide Q6.,Si projectionEnable=true.,simulation_params.h; params_io_base.cpp,src_mpcd_params_catalogue_0292_cuda.csv
projectionAllowUnmaskedImmersedSolid,params_canonical_field,Projection Q6 / solide immergé,existant catalogue 0292,booléen,false,booléen: true/1/yes/on ou false/0/no/off,projectionAllowUnmaskedImmersedSolid,,Autorise explicitement Q6 avec solide immergé non masqué.,À réserver aux tests/debug.,simulation_params.h; params_io_base.cpp,src_mpcd_params_catalogue_0292_cuda.csv
projectionImmersedSolidCloseCutFaces,params_canonical_field,Projection Q6 / solide immergé,existant catalogue 0292,booléen,true,booléen: true/1/yes/on ou false/0/no/off,projectionImmersedSolidCloseCutFaces,,Ferme les faces coupées par le solide immergé dans la projection.,,simulation_params.h; params_io_base.cpp,src_mpcd_params_catalogue_0292_cuda.csv
projectionImmersedSolidFluidFractionThreshold,params_canonical_field,Projection Q6 / solide immergé,existant catalogue 0292,double,0.5,"[0,1]",projectionImmersedSolidFluidFractionThreshold,,Seuil de fraction fluide pour classer/masquer les cellules solides.,Si projectionEnable=true.,simulation_params.h; params_io_base.cpp,src_mpcd_params_catalogue_0292_cuda.csv
projectionImmersedSolidMaskEnable,params_canonical_field,Projection Q6 / solide immergé,existant catalogue 0292,booléen,false,booléen: true/1/yes/on ou false/0/no/off,projectionImmersedSolidMaskEnable,,Active le masque solide immergé dans la projection.,"Q6 + immersedSolidEnable exige true, sauf debug explicite.",simulation_params.h; params_io_base.cpp,src_mpcd_params_catalogue_0292_cuda.csv
projectionBackend,params_canonical_field,Projection Q6 — backend,existant catalogue 0292,enum string,cpu,cpu; auto; cuda,projectionBackend,q6ProjectionBackend; gpuProjectionBackend,Sélection expérimentale du backend de projection Q6.,"Concerne seulement projectionEnable=true. Dans le jalon 0286, Q6 CUDA reste un chantier séparé: les cas SRC classic full CUDA doivent garder projectionEnable=false.",simulation_params.h; params_io_base.cpp; cuda_q6_backend.cu,src_mpcd_params_catalogue_0292_cuda.csv
resamplingTargetCellMass,params_canonical_field,Resampling pondéré — cible,existant catalogue 0292,double,0.0,>=0; 0 => infère la masse moyenne courante,resamplingTargetCellMass,weightedResamplingTargetCellMass,Masse cible par cellule pour diagnostics/remap resampling.,,simulation_params.h; params_io_base.cpp,src_mpcd_params_catalogue_0292_cuda.csv
resamplingLatentActivationEnable,params_canonical_field,Resampling pondéré — latent,existant catalogue 0292,booléen,false,booléen: true/1/yes/on ou false/0/no/off,resamplingLatentActivationEnable,resamplingLatentToFluidEnable,Active la conversion Latent -> Fluid pour remplir les cellules pauvres/vides.,,simulation_params.h; params_io_base.cpp,src_mpcd_params_catalogue_0292_cuda.csv
resamplingLatentActivationMaxPerCell,params_canonical_field,Resampling pondéré — latent,existant catalogue 0292,entier,1,>0 si activation latente active,resamplingLatentActivationMaxPerCell,,Nombre maximal d’activations latentes par cellule.,,simulation_params.h; params_io_base.cpp,src_mpcd_params_catalogue_0292_cuda.csv
resamplingLatentActivationParticleMass,params_canonical_field,Resampling pondéré — latent,existant catalogue 0292,double,0.0,>=0; 0 => targetCellMass/maxPerCell,resamplingLatentActivationParticleMass,resamplingLatentParticleMass,Masse attribuée aux particules activées depuis latent.,,simulation_params.h; params_io_base.cpp,src_mpcd_params_catalogue_0292_cuda.csv
resamplingActiveFluidFractionThreshold,params_canonical_field,Resampling pondéré — masque wet,existant catalogue 0292,double,0.5,"[0,1]",resamplingActiveFluidFractionThreshold,,Seuil de fraction fluide active pour considérer une cellule éligible.,,simulation_params.h; params_io_base.cpp,src_mpcd_params_catalogue_0292_cuda.csv
resamplingWetCellMassThreshold,params_canonical_field,Resampling pondéré — masque wet,existant catalogue 0292,double,0.0,>=0,resamplingWetCellMassThreshold,resamplingWetMassThreshold,Seuil de masse minimale d’une cellule wet.,,simulation_params.h; params_io_base.cpp,src_mpcd_params_catalogue_0292_cuda.csv
resamplingWetMaskMode,params_canonical_field,Resampling pondéré — masque wet,existant catalogue 0292,enum string,active_domain,active_domain; occupied,resamplingWetMaskMode,,Définition des cellules wet/actives pour le resampling.,Les tirets sont normalisés en underscores.,simulation_params.h; params_io_base.cpp,src_mpcd_params_catalogue_0292_cuda.csv
resamplingMassGuardEnable,params_canonical_field,Resampling pondéré — masse,existant catalogue 0292,booléen,false,booléen: true/1/yes/on ou false/0/no/off,resamplingMassGuardEnable,resamplingMassSafetyEnable,Active le garde de bornes de masse particulaire.,Exige resamplingRemapEnable=true.,simulation_params.h; params_io_base.cpp,src_mpcd_params_catalogue_0292_cuda.csv
resamplingMassRenormalizationPeriod,params_canonical_field,Resampling pondéré — masse,existant catalogue 0292,entier,1,>=0; 0 désactive remap/guard de masse,resamplingMassRenormalizationPeriod,resamplingMassRenormalisationPeriod; resamplingRemapPeriod; resamplingMassRemapPeriod,Période K de renormalisation/remap de masse.,,simulation_params.h; params_io_base.cpp,src_mpcd_params_catalogue_0292_cuda.csv
resamplingParticleMassMax,params_canonical_field,Resampling pondéré — masse,existant catalogue 0292,double,4.0,> resamplingParticleMassMin,resamplingParticleMassMax,resamplingMassMax,Borne supérieure de masse particulaire.,,simulation_params.h; params_io_base.cpp,src_mpcd_params_catalogue_0292_cuda.csv
resamplingParticleMassMin,params_canonical_field,Resampling pondéré — masse,existant catalogue 0292,double,0.25,>=0,resamplingParticleMassMin,resamplingMassMin,Borne inférieure de masse particulaire.,,simulation_params.h; params_io_base.cpp,src_mpcd_params_catalogue_0292_cuda.csv
resamplingPopulationMaxExtractionsPerCell,params_canonical_field,Resampling pondéré — population,existant catalogue 0292,entier,64,>=0,resamplingPopulationMaxExtractionsPerCell,resamplingNMaxExtractionsPerCell,Limite d’extractions par cellule et par step.,Si resamplingEnable=true.,simulation_params.h; params_io_base.cpp,src_mpcd_params_catalogue_0292_cuda.csv
resamplingPopulationMaxExtractionsPerStep,params_canonical_field,Resampling pondéré — population,existant catalogue 0292,entier,200000,>=0,resamplingPopulationMaxExtractionsPerStep,resamplingNMaxExtractionsPerStep,Limite globale d’extractions par step.,Si resamplingEnable=true.,simulation_params.h; params_io_base.cpp,src_mpcd_params_catalogue_0292_cuda.csv
resamplingPopulationMaxSplitsPerCell,params_canonical_field,Resampling pondéré — population,existant catalogue 0292,entier,16,>=0,resamplingPopulationMaxSplitsPerCell,resamplingNMaxSplitsPerCell,Limite de splits par cellule et par step.,Si resamplingEnable=true.,simulation_params.h; params_io_base.cpp,src_mpcd_params_catalogue_0292_cuda.csv
resamplingPopulationMaxSplitsPerStep,params_canonical_field,Resampling pondéré — population,existant catalogue 0292,entier,200000,>=0,resamplingPopulationMaxSplitsPerStep,resamplingNMaxSplitsPerStep,Limite globale de splits par step.,Si resamplingEnable=true.,simulation_params.h; params_io_base.cpp,src_mpcd_params_catalogue_0292_cuda.csv
resamplingPopulationNMax,params_canonical_field,Resampling pondéré — population,existant catalogue 0292,entier,0,>=0; 0 avec les deux autres bornes => inférence,resamplingPopulationNMax,resamplingNMax,Borne haute de population par cellule.,"Si explicite, NMin<NTarget<NMax.",simulation_params.h; params_io_base.cpp,src_mpcd_params_catalogue_0292_cuda.csv
resamplingPopulationNMaxFraction,params_canonical_field,Resampling pondéré — population,existant catalogue 0292,double,1.30,>=1,resamplingPopulationNMaxFraction,resamplingNMaxFraction,Fraction utilisée pour inférer NMax.,Si resamplingEnable=true.,simulation_params.h; params_io_base.cpp,src_mpcd_params_catalogue_0292_cuda.csv
resamplingPopulationNMin,params_canonical_field,Resampling pondéré — population,existant catalogue 0292,entier,0,>=0; 0 avec les deux autres bornes => inférence,resamplingPopulationNMin,resamplingNMin,Borne basse de population par cellule.,"Si explicite, NMin<NTarget<NMax.",simulation_params.h; params_io_base.cpp,src_mpcd_params_catalogue_0292_cuda.csv
resamplingPopulationNMinFraction,params_canonical_field,Resampling pondéré — population,existant catalogue 0292,double,0.70,"(0,1]",resamplingPopulationNMinFraction,resamplingNMinFraction,Fraction utilisée pour inférer NMin.,Si resamplingEnable=true.,simulation_params.h; params_io_base.cpp,src_mpcd_params_catalogue_0292_cuda.csv
resamplingPopulationNTarget,params_canonical_field,Resampling pondéré — population,existant catalogue 0292,entier,0,>=0; 0 avec les deux autres bornes => inférence,resamplingPopulationNTarget,resamplingNTarget,Population cible par cellule.,"Si explicite, NMin<NTarget<NMax.",simulation_params.h; params_io_base.cpp,src_mpcd_params_catalogue_0292_cuda.csv
resamplingPoorCellMassFraction,params_canonical_field,Resampling pondéré — seuils pauvre/riche,existant catalogue 0292,double,0.5,>=0,resamplingPoorCellMassFraction,resamplingPoorMassFraction,Fraction de masse cible sous laquelle une cellule est pauvre.,,simulation_params.h; params_io_base.cpp,src_mpcd_params_catalogue_0292_cuda.csv
resamplingRichCellMassFraction,params_canonical_field,Resampling pondéré — seuils pauvre/riche,existant catalogue 0292,double,1.5,> resamplingPoorCellMassFraction,resamplingRichCellMassFraction,resamplingRichMassFraction,Fraction de masse cible au-dessus de laquelle une cellule est riche.,,simulation_params.h; params_io_base.cpp,src_mpcd_params_catalogue_0292_cuda.csv
resamplingEnable,params_canonical_field,Resampling pondéré — switches,existant catalogue 0292,booléen,false,booléen: true/1/yes/on ou false/0/no/off,resamplingEnable,weightedResamplingEnable,Switch maître de toutes les opérations de rôle/changement de population.,,simulation_params.h; params_io_base.cpp,src_mpcd_params_catalogue_0292_cuda.csv
resamplingExtractionEnable,params_canonical_field,Resampling pondéré — switches,existant catalogue 0292,booléen,false,booléen: true/1/yes/on ou false/0/no/off,resamplingExtractionEnable,,Active l’extraction Fluid -> Inactive depuis cellules riches.,"Si insertion=true, extraction doit être true.",simulation_params.h; params_io_base.cpp,src_mpcd_params_catalogue_0292_cuda.csv
resamplingInsertionEnable,params_canonical_field,Resampling pondéré — switches,existant catalogue 0292,booléen,false,booléen: true/1/yes/on ou false/0/no/off,resamplingInsertionEnable,,Active l’insertion Inactive -> Fluid vers cellules pauvres.,Exige resamplingExtractionEnable=true.,simulation_params.h; params_io_base.cpp,src_mpcd_params_catalogue_0292_cuda.csv
resamplingRemapEnable,params_canonical_field,Resampling pondéré — switches,existant catalogue 0292,booléen,false,booléen: true/1/yes/on ou false/0/no/off,resamplingRemapEnable,,Active le remap/renormalisation locale de masse.,,simulation_params.h; params_io_base.cpp,src_mpcd_params_catalogue_0292_cuda.csv
resamplingThermalRenormalizationEnable,params_canonical_field,Resampling pondéré — switches,existant catalogue 0292,booléen,false,booléen: true/1/yes/on ou false/0/no/off,resamplingThermalRenormalizationEnable,resamplingThermalRenormalisationEnable,Active la correction thermique liée au resampling.,,simulation_params.h; params_io_base.cpp,src_mpcd_params_catalogue_0292_cuda.csv
closedCapacityInletMassFluxEnable,params_canonical_field,Réponse capacité fermée / viriel,existant catalogue 0292,booléen,false,booléen: true/1/yes/on ou false/0/no/off,closedCapacityInletMassFluxEnable,,Active une loi de flux de masse d’entrée pilotée par capacité.,Si réponse active.,simulation_params.h; params_io_base.cpp,src_mpcd_params_catalogue_0292_cuda.csv
closedCapacityInletMassFluxMultiplier,params_canonical_field,Réponse capacité fermée / viriel,existant catalogue 0292,double,1.0,>=0,closedCapacityInletMassFluxMultiplier,,Multiplicateur du flux de masse inlet piloté par capacité.,Si réponse active.,simulation_params.h; params_io_base.cpp,src_mpcd_params_catalogue_0292_cuda.csv
closedCapacityMassGuardDisableOnOverfill,params_canonical_field,Réponse capacité fermée / viriel,existant catalogue 0292,booléen,true,booléen: true/1/yes/on ou false/0/no/off,closedCapacityMassGuardDisableOnOverfill,,Désactive le mass guard lorsque l’overfill est détecté.,Si réponse active.,simulation_params.h; params_io_base.cpp,src_mpcd_params_catalogue_0292_cuda.csv
closedCapacityMassRemapEta,params_canonical_field,Réponse capacité fermée / viriel,existant catalogue 0292,double,0.005,>0,closedCapacityMassRemapEta,,Paramètre eta d’atténuation du remap de masse en surcapacité.,Si réponse active.,simulation_params.h; params_io_base.cpp,src_mpcd_params_catalogue_0292_cuda.csv
closedCapacityMassRemapPower,params_canonical_field,Réponse capacité fermée / viriel,existant catalogue 0292,double,2.0,>0,closedCapacityMassRemapPower,,Puissance de la loi d’atténuation du remap de masse.,Si réponse active.,simulation_params.h; params_io_base.cpp,src_mpcd_params_catalogue_0292_cuda.csv
closedCapacityQ6Eta,params_canonical_field,Réponse capacité fermée / viriel,existant catalogue 0292,double,0.005,>0,closedCapacityQ6Eta,,Paramètre eta de réduction de la projection Q6 en surcapacité.,Si réponse active.,simulation_params.h; params_io_base.cpp,src_mpcd_params_catalogue_0292_cuda.csv
closedCapacityQ6Power,params_canonical_field,Réponse capacité fermée / viriel,existant catalogue 0292,double,2.0,>0,closedCapacityQ6Power,,Puissance de la loi de réduction Q6.,Si réponse active.,simulation_params.h; params_io_base.cpp,src_mpcd_params_catalogue_0292_cuda.csv
closedCapacityReferenceCellMass,params_canonical_field,Réponse capacité fermée / viriel,existant catalogue 0292,double,0.0,>=0; 0 => inférer,closedCapacityReferenceCellMass,,Masse de référence par cellule fluide.,"Si réponse active, il faut pouvoir inférer via ce champ, resamplingTargetCellMass ou inletTargetOccupancy.",simulation_params.h; params_io_base.cpp,src_mpcd_params_catalogue_0292_cuda.csv
closedCapacityReferenceParticleMass,params_canonical_field,Réponse capacité fermée / viriel,existant catalogue 0292,double,1.0,>0,closedCapacityReferenceParticleMass,,Masse particulaire de référence.,Utilisé pour inférer la masse cellule depuis inletTargetOccupancy.,simulation_params.h; params_io_base.cpp,src_mpcd_params_catalogue_0292_cuda.csv
closedCapacityResponseEnable,params_canonical_field,Réponse capacité fermée / viriel,existant catalogue 0292,booléen,false,booléen: true/1/yes/on ou false/0/no/off,closedCapacityResponseEnable,,Active la réponse à la surcapacité/overfill en domaine fermé.,,simulation_params.h; params_io_base.cpp,src_mpcd_params_catalogue_0292_cuda.csv
closedCapacityVirialBaseK,params_canonical_field,Réponse capacité fermée / viriel,existant catalogue 0292,double,0.0,>=0,closedCapacityVirialBaseK,,Raideur virielle de base.,Si réponse active.,simulation_params.h; params_io_base.cpp,src_mpcd_params_catalogue_0292_cuda.csv
closedCapacityVirialEta,params_canonical_field,Réponse capacité fermée / viriel,existant catalogue 0292,double,0.005,>0,closedCapacityVirialEta,,Paramètre eta de la loi virielle.,Si réponse active.,simulation_params.h; params_io_base.cpp,src_mpcd_params_catalogue_0292_cuda.csv
closedCapacityVirialGain,params_canonical_field,Réponse capacité fermée / viriel,existant catalogue 0292,double,20.0,>=0,closedCapacityVirialGain,,Gain de la composante virielle pilotée par l’overfill.,Si réponse active.,simulation_params.h; params_io_base.cpp,src_mpcd_params_catalogue_0292_cuda.csv
closedCapacityVirialKickEnable,params_canonical_field,Réponse capacité fermée / viriel,existant catalogue 0292,booléen,false,booléen: true/1/yes/on ou false/0/no/off,closedCapacityVirialKickEnable,,Active le kick viriel faible lié à la surcapacité.,Si réponse active.,simulation_params.h; params_io_base.cpp,src_mpcd_params_catalogue_0292_cuda.csv
closedCapacityVirialKickStrength,params_canonical_field,Réponse capacité fermée / viriel,existant catalogue 0292,double,1.0,>=0,closedCapacityVirialKickStrength,,Intensité multiplicative du kick viriel.,Si réponse active et kick viriel actif.,simulation_params.h; params_io_base.cpp,src_mpcd_params_catalogue_0292_cuda.csv
closedCapacityVirialMomentumCorrectionEnable,params_canonical_field,Réponse capacité fermée / viriel,existant catalogue 0292,booléen,true,booléen: true/1/yes/on ou false/0/no/off,closedCapacityVirialMomentumCorrectionEnable,,Corrige globalement le moment après kick viriel.,Si réponse active et kick viriel actif.,simulation_params.h; params_io_base.cpp,src_mpcd_params_catalogue_0292_cuda.csv
closedCapacityVirialPower,params_canonical_field,Réponse capacité fermée / viriel,existant catalogue 0292,double,2.0,>0,closedCapacityVirialPower,,Puissance de la loi virielle.,Si réponse active.,simulation_params.h; params_io_base.cpp,src_mpcd_params_catalogue_0292_cuda.csv
immersedSolidEnable,params_canonical_field,Solide immergé,existant catalogue 0292,booléen,false,booléen: true/1/yes/on ou false/0/no/off,immersedSolidEnable,immersedCircleEnable,Active un solide immergé analytique.,,simulation_params.h; params_io_base.cpp,src_mpcd_params_catalogue_0292_cuda.csv
immersedSolidFractionSamples,params_canonical_field,Solide immergé,existant catalogue 0292,entier,4,> 0,immersedSolidFractionSamples,immersedCircleFractionSamples,Nombre d’échantillons pour estimer la fraction fluide/solide des cellules.,,simulation_params.h; params_io_base.cpp,src_mpcd_params_catalogue_0292_cuda.csv
immersedSolidShape,params_canonical_field,Solide immergé,existant catalogue 0292,enum string,circle,circle; disk; disc; rectangle; rect; box; step,immersedSolidShape,,Forme du solide immergé.,immersedCircleEnable sans shape force circle.,simulation_params.h; params_io_base.cpp,src_mpcd_params_catalogue_0292_cuda.csv
immersedSolidCx,params_canonical_field,Solide immergé — cercle,existant catalogue 0292,double,0.5,nombre réel fini,immersedSolidCx,immersedCircleCx,Abscisse initiale du centre du cercle.,Le cercle doit rester dans le domaine actif au début et à la fin.,simulation_params.h; params_io_base.cpp,src_mpcd_params_catalogue_0292_cuda.csv
immersedSolidCy,params_canonical_field,Solide immergé — cercle,existant catalogue 0292,double,0.5,nombre réel fini,immersedSolidCy,immersedCircleCy,Ordonnée initiale du centre du cercle.,Le cercle doit rester dans le domaine actif au début et à la fin.,simulation_params.h; params_io_base.cpp,src_mpcd_params_catalogue_0292_cuda.csv
immersedSolidR,params_canonical_field,Solide immergé — cercle,existant catalogue 0292,double,0.1,> 0 si shape=circle/disk/disc,immersedSolidR,immersedCircleR,Rayon du cercle immergé.,,simulation_params.h; params_io_base.cpp,src_mpcd_params_catalogue_0292_cuda.csv
immersedSolidOmega,params_canonical_field,Solide immergé — mouvement,existant catalogue 0292,double,0.0,nombre réel fini,immersedSolidOmega,immersedCircleOmega,"Vitesse angulaire du cercle, positive antihoraire.",Implémenté seulement pour le cercle; rectangle exige Omega=0.,simulation_params.h; params_io_base.cpp,src_mpcd_params_catalogue_0292_cuda.csv
immersedSolidVx,params_canonical_field,Solide immergé — mouvement,existant catalogue 0292,double,0.0,nombre réel fini,immersedSolidVx,immersedCircleVx,Vitesse de translation du solide en x.,Q6 avec masque immergé impose actuellement Vx=Vy=Omega=0.,simulation_params.h; params_io_base.cpp,src_mpcd_params_catalogue_0292_cuda.csv
immersedSolidVy,params_canonical_field,Solide immergé — mouvement,existant catalogue 0292,double,0.0,nombre réel fini,immersedSolidVy,immersedCircleVy,Vitesse de translation du solide en y.,Q6 avec masque immergé impose actuellement Vx=Vy=Omega=0.,simulation_params.h; params_io_base.cpp,src_mpcd_params_catalogue_0292_cuda.csv
immersedSolidWallUx,params_canonical_field,Solide immergé — mouvement,existant catalogue 0292,double,0.0,nombre réel fini,immersedSolidWallUx,immersedCircleWallUx,Offset uniforme de vitesse de paroi du solide en x.,,simulation_params.h; params_io_base.cpp,src_mpcd_params_catalogue_0292_cuda.csv
immersedSolidWallUy,params_canonical_field,Solide immergé — mouvement,existant catalogue 0292,double,0.0,nombre réel fini,immersedSolidWallUy,immersedCircleWallUy,Offset uniforme de vitesse de paroi du solide en y.,,simulation_params.h; params_io_base.cpp,src_mpcd_params_catalogue_0292_cuda.csv
immersedSolidXMax,params_canonical_field,Solide immergé — rectangle,existant catalogue 0292,double,0.25,nombre réel fini,immersedSolidXMax,,Borne x maximale du rectangle.,Rectangle: XMax>XMin; doit rester dans le domaine actif.,simulation_params.h; params_io_base.cpp,src_mpcd_params_catalogue_0292_cuda.csv
immersedSolidXMin,params_canonical_field,Solide immergé — rectangle,existant catalogue 0292,double,0.0,nombre réel fini,immersedSolidXMin,,Borne x minimale du rectangle.,Rectangle: XMax>XMin; doit rester dans le domaine actif.,simulation_params.h; params_io_base.cpp,src_mpcd_params_catalogue_0292_cuda.csv
immersedSolidYMax,params_canonical_field,Solide immergé — rectangle,existant catalogue 0292,double,0.50,nombre réel fini,immersedSolidYMax,,Borne y maximale du rectangle.,Rectangle: YMax>YMin; doit rester dans le domaine actif.,simulation_params.h; params_io_base.cpp,src_mpcd_params_catalogue_0292_cuda.csv
immersedSolidYMin,params_canonical_field,Solide immergé — rectangle,existant catalogue 0292,double,0.0,nombre réel fini,immersedSolidYMin,,Borne y minimale du rectangle.,Rectangle: YMax>YMin; doit rester dans le domaine actif.,simulation_params.h; params_io_base.cpp,src_mpcd_params_catalogue_0292_cuda.csv
dt,params_canonical_field,Temps et collision SRC,existant catalogue 0292,double,1.0e-3,> 0,dt,,Pas de temps MPCD/SRD.,,simulation_params.h; params_io_base.cpp,src_mpcd_params_catalogue_0292_cuda.csv
gridShiftEnable,params_canonical_field,Temps et collision SRC,existant catalogue 0292,booléen,true,booléen: true/1/yes/on ou false/0/no/off,gridShiftEnable,,Active le décalage aléatoire de grille avant collision.,,simulation_params.h; params_io_base.cpp,src_mpcd_params_catalogue_0292_cuda.csv
nSteps,params_canonical_field,Temps et collision SRC,existant catalogue 0292,entier,1000,>= 0,nSteps,,Nombre de pas de temps simulés.,,simulation_params.h; params_io_base.cpp,src_mpcd_params_catalogue_0292_cuda.csv
randomRotationSign,params_canonical_field,Temps et collision SRC,existant catalogue 0292,booléen,true,booléen: true/1/yes/on ou false/0/no/off,randomRotationSign,,Active le signe aléatoire de la rotation collisionnelle.,,simulation_params.h; params_io_base.cpp,src_mpcd_params_catalogue_0292_cuda.csv
rngSeed,params_canonical_field,Temps et collision SRC,existant catalogue 0292,uint64,12345,entier non signé 64 bits,rngSeed,,Graine de génération pseudo-aléatoire.,,simulation_params.h; params_io_base.cpp,src_mpcd_params_catalogue_0292_cuda.csv
rotationAngle,params_canonical_field,Temps et collision SRC,existant catalogue 0292,double,2.0943951023931953 rad,réel non NaN; alphaDeg converti en radians,rotationAngle,alphaDeg,Angle de rotation SRD/MPCD.,,simulation_params.h; params_io_base.cpp,src_mpcd_params_catalogue_0292_cuda.csv
kBT,params_canonical_field,Thermostat,existant catalogue 0292,double,0.0,>=0 usuel; doit être >0 quand hérité par thermostat/paroi/inlet bruité,kBT,,Température cinétique globale de référence.,Référence thermique globale.,simulation_params.h; params_io_base.cpp,src_mpcd_params_catalogue_0292_cuda.csv
thermostatEnable,params_canonical_field,Thermostat,existant catalogue 0292,booléen,false,booléen: true/1/yes/on ou false/0/no/off,thermostatEnable,,Active le thermostat mass-aware par cellule. Pilote effectivement le thermostat quel que soit le backend CPU/GPU.,"0291b: commutateur physique unique du thermostat. Si false, le thermostat est désactivé en CPU et en GPU; les variables CUDA ne peuvent plus forcer un thermostat fusionné.",simulation_params.h; params_io_base.cpp; src_collision.cpp; patch 0291b,src_mpcd_params_catalogue_0292_cuda.csv
thermostatEpsilon,params_canonical_field,Thermostat,existant catalogue 0292,double,1.0e-30,>0 si thermostatEnable=true,thermostatEpsilon,,Seuil numérique anti-division par zéro du thermostat.,,simulation_params.h; params_io_base.cpp,src_mpcd_params_catalogue_0292_cuda.csv
thermostatEvery,params_canonical_field,Thermostat,existant catalogue 0292,entier,1,>0 si thermostatEnable=true,thermostatEvery,,Cadence du thermostat en pas de temps.,,simulation_params.h; params_io_base.cpp,src_mpcd_params_catalogue_0292_cuda.csv
thermostatMinParticles,params_canonical_field,Thermostat,existant catalogue 0292,entier,3,>=2 si thermostatEnable=true,thermostatMinParticles,,Nombre minimal de particules d’une cellule pour thermostat.,,simulation_params.h; params_io_base.cpp,src_mpcd_params_catalogue_0292_cuda.csv
thermostatMode,params_canonical_field,Thermostat,existant catalogue 0292,enum string,cell_relative_rescale,cell_relative_rescale,thermostatMode,,Mode de thermostat: rescale des vitesses relatives au centre de masse cellulaire.,Si thermostatEnable=true.,simulation_params.h; params_io_base.cpp,src_mpcd_params_catalogue_0292_cuda.csv
thermostatTargetKBT,params_canonical_field,Thermostat,existant catalogue 0292,double,-1.0,négatif => hérite de kBT; sinon >0; 0 invalide si actif,thermostatTargetKBT,,Température cinétique cible du thermostat.,"Si thermostatEnable=true et valeur négative, kBT doit être >0.",simulation_params.h; params_io_base.cpp,src_mpcd_params_catalogue_0292_cuda.csv
classicSrcCudaMode,params_key,CUDA — mode SRC classic,alias accepté,booléen,false,booléen: true/1/yes/on ou false/0/no/off,srcClassicCudaModeEnable,,"Active le mode SRC classic complet; en CUDA 0286, le chemin classic full CUDA est la voie principale validée.",,simulation_params.h; params_io_base.cpp,src_mpcd_params_cles_acceptees_0292_cuda.csv
classicSrcCudaModeEnable,params_key,CUDA — mode SRC classic,alias accepté,booléen,false,booléen: true/1/yes/on ou false/0/no/off,srcClassicCudaModeEnable,,"Active le mode SRC classic complet; en CUDA 0286, le chemin classic full CUDA est la voie principale validée.",,simulation_params.h; params_io_base.cpp,src_mpcd_params_cles_acceptees_0292_cuda.csv
classicSrcModeEnable,params_key,CUDA — mode SRC classic,alias accepté,booléen,false,booléen: true/1/yes/on ou false/0/no/off,srcClassicCudaModeEnable,,"Active le mode SRC classic complet; en CUDA 0286, le chemin classic full CUDA est la voie principale validée.",,simulation_params.h; params_io_base.cpp,src_mpcd_params_cles_acceptees_0292_cuda.csv
srcClassicCudaModeEnable,params_key,CUDA — mode SRC classic,canonique,booléen,false,booléen: true/1/yes/on ou false/0/no/off,srcClassicCudaModeEnable,,"Active le mode SRC classic complet; en CUDA 0286, le chemin classic full CUDA est la voie principale validée.",,simulation_params.h; params_io_base.cpp,src_mpcd_params_cles_acceptees_0292_cuda.csv
bcBottom,params_key,Conditions limites,canonique,enum string,periodic,periodic; solid; specular; bounceback; inlet/input; outlet/output/open,bcBottom,,Mode de condition limite sur la face basse.,,simulation_params.h; params_io_base.cpp,src_mpcd_params_cles_acceptees_0292_cuda.csv
bcLeft,params_key,Conditions limites,canonique,enum string,periodic,periodic; solid; specular; bounceback; inlet/input; outlet/output/open,bcLeft,,Mode de condition limite sur la face gauche.,,simulation_params.h; params_io_base.cpp,src_mpcd_params_cles_acceptees_0292_cuda.csv
bcRight,params_key,Conditions limites,canonique,enum string,periodic,periodic; solid; specular; bounceback; inlet/input; outlet/output/open,bcRight,,Mode de condition limite sur la face droite.,,simulation_params.h; params_io_base.cpp,src_mpcd_params_cles_acceptees_0292_cuda.csv
bcTop,params_key,Conditions limites,canonique,enum string,periodic,periodic; solid; specular; bounceback; inlet/input; outlet/output/open,bcTop,,Mode de condition limite sur la face haute.,,simulation_params.h; params_io_base.cpp,src_mpcd_params_cles_acceptees_0292_cuda.csv
bcX,params_key,Conditions limites,canonique,enum string,(non stocké),periodic; solid; specular; bounceback; inlet/input; outlet/output/open,bcX,,Définit simultanément les modes gauche et droit.,,simulation_params.h; params_io_base.cpp,src_mpcd_params_cles_acceptees_0292_cuda.csv
bcY,params_key,Conditions limites,canonique,enum string,(non stocké),periodic; solid; specular; bounceback; inlet/input; outlet/output/open,bcY,,Définit simultanément les modes bas et haut.,,simulation_params.h; params_io_base.cpp,src_mpcd_params_cles_acceptees_0292_cuda.csv
boundaryBottom,params_key,Conditions limites,alias accepté,enum string,periodic,periodic; solid; specular; bounceback; inlet/input; outlet/output/open,bcBottom,,Mode de condition limite sur la face basse.,,simulation_params.h; params_io_base.cpp,src_mpcd_params_cles_acceptees_0292_cuda.csv
boundaryLeft,params_key,Conditions limites,alias accepté,enum string,periodic,periodic; solid; specular; bounceback; inlet/input; outlet/output/open,bcLeft,,Mode de condition limite sur la face gauche.,,simulation_params.h; params_io_base.cpp,src_mpcd_params_cles_acceptees_0292_cuda.csv
boundaryRight,params_key,Conditions limites,alias accepté,enum string,periodic,periodic; solid; specular; bounceback; inlet/input; outlet/output/open,bcRight,,Mode de condition limite sur la face droite.,,simulation_params.h; params_io_base.cpp,src_mpcd_params_cles_acceptees_0292_cuda.csv
boundaryTop,params_key,Conditions limites,alias accepté,enum string,periodic,periodic; solid; specular; bounceback; inlet/input; outlet/output/open,bcTop,,Mode de condition limite sur la face haute.,,simulation_params.h; params_io_base.cpp,src_mpcd_params_cles_acceptees_0292_cuda.csv
fluidXMax0,params_key,Domaine actif mobile,canonique,double,-1.0,-1 hérite de Lx; sinon > fluidXMin0 et <= Lx,fluidXMax0,,Borne x maximale initiale du domaine fluide actif.,,simulation_params.h; params_io_base.cpp,src_mpcd_params_cles_acceptees_0292_cuda.csv
fluidXMaxVelocity,params_key,Domaine actif mobile,canonique,double,0.0,nombre réel fini,fluidXMaxVelocity,,Vitesse imposée de la borne x maximale du domaine actif.,,simulation_params.h; params_io_base.cpp,src_mpcd_params_cles_acceptees_0292_cuda.csv
fluidXMin0,params_key,Domaine actif mobile,canonique,double,0.0,">= 0, dans [0,Lx]",fluidXMin0,,Borne x minimale initiale du domaine fluide actif.,,simulation_params.h; params_io_base.cpp,src_mpcd_params_cles_acceptees_0292_cuda.csv
fluidXMinVelocity,params_key,Domaine actif mobile,canonique,double,0.0,nombre réel fini,fluidXMinVelocity,,Vitesse imposée de la borne x minimale du domaine actif.,,simulation_params.h; params_io_base.cpp,src_mpcd_params_cles_acceptees_0292_cuda.csv
fluidYMax0,params_key,Domaine actif mobile,canonique,double,-1.0,-1 hérite de Ly; sinon > fluidYMin0 et <= Ly,fluidYMax0,,Borne y maximale initiale du domaine fluide actif.,,simulation_params.h; params_io_base.cpp,src_mpcd_params_cles_acceptees_0292_cuda.csv
fluidYMaxVelocity,params_key,Domaine actif mobile,canonique,double,0.0,nombre réel fini,fluidYMaxVelocity,,Vitesse imposée de la borne y maximale du domaine actif.,,simulation_params.h; params_io_base.cpp,src_mpcd_params_cles_acceptees_0292_cuda.csv
fluidYMin0,params_key,Domaine actif mobile,canonique,double,0.0,">= 0, dans [0,Ly]",fluidYMin0,,Borne y minimale initiale du domaine fluide actif.,,simulation_params.h; params_io_base.cpp,src_mpcd_params_cles_acceptees_0292_cuda.csv
fluidYMinVelocity,params_key,Domaine actif mobile,canonique,double,0.0,nombre réel fini,fluidYMinVelocity,,Vitesse imposée de la borne y minimale du domaine actif.,,simulation_params.h; params_io_base.cpp,src_mpcd_params_cles_acceptees_0292_cuda.csv
fluidYTop0,params_key,Domaine actif mobile,alias accepté,double,-1.0,-1 hérite de Ly; sinon > fluidYMin0 et <= Ly,fluidYMax0,,Borne y maximale initiale du domaine fluide actif.,,simulation_params.h; params_io_base.cpp,src_mpcd_params_cles_acceptees_0292_cuda.csv
fluidYTopVelocity,params_key,Domaine actif mobile,alias accepté,double,0.0,nombre réel fini,fluidYMaxVelocity,,Vitesse imposée de la borne y maximale du domaine actif.,,simulation_params.h; params_io_base.cpp,src_mpcd_params_cles_acceptees_0292_cuda.csv
Lx,params_key,Domaine et grille,canonique,double,1.0,> 0,Lx,,Longueur du domaine numérique en x.,,simulation_params.h; params_io_base.cpp,src_mpcd_params_cles_acceptees_0292_cuda.csv
Ly,params_key,Domaine et grille,canonique,double,1.0,> 0,Ly,,Longueur du domaine numérique en y.,,simulation_params.h; params_io_base.cpp,src_mpcd_params_cles_acceptees_0292_cuda.csv
Nx,params_key,Domaine et grille,canonique,entier,32,> 0,Nx,,Nombre de cellules MPCD/projection en x.,,simulation_params.h; params_io_base.cpp,src_mpcd_params_cles_acceptees_0292_cuda.csv
Ny,params_key,Domaine et grille,canonique,entier,32,> 0,Ny,,Nombre de cellules MPCD/projection en y.,,simulation_params.h; params_io_base.cpp,src_mpcd_params_cles_acceptees_0292_cuda.csv
injectRandomY,params_key,Entrées/sorties — injection,alias accepté,booléen,true,booléen: true/1/yes/on ou false/0/no/off,inletRandomizeTangential,,Randomise la coordonnée tangentielle des particules injectées.,,simulation_params.h; params_io_base.cpp,src_mpcd_params_cles_acceptees_0292_cuda.csv
inletInjectionMode,params_key,Entrées/sorties — injection,canonique,enum string,cuda_recycle,cuda_recycle; thin_slab; hard_cell_density; hard_density; hard; cell_density,inletInjectionMode,,Mode historique de réinjection/recyclage des particules à l’entrée.,,simulation_params.h; params_io_base.cpp,src_mpcd_params_cles_acceptees_0292_cuda.csv
inletInjectionSlabCells,params_key,Entrées/sorties — injection,alias accepté,double,1.0,> 0,inletSlabCells,,Épaisseur de la dalle d’injection en nombre de cellules locales.,,simulation_params.h; params_io_base.cpp,src_mpcd_params_cles_acceptees_0292_cuda.csv
inletKBT,params_key,Entrées/sorties — injection,canonique,double,-1.0,négatif => hérite de kBT; sinon >0 recommandé,inletKBT,,Température cinétique imposée aux particules injectées.,,simulation_params.h; params_io_base.cpp,src_mpcd_params_cles_acceptees_0292_cuda.csv
inletRandomizeTangential,params_key,Entrées/sorties — injection,canonique,booléen,true,booléen: true/1/yes/on ou false/0/no/off,inletRandomizeTangential,,Randomise la coordonnée tangentielle des particules injectées.,,simulation_params.h; params_io_base.cpp,src_mpcd_params_cles_acceptees_0292_cuda.csv
inletRandomizeTransverse,params_key,Entrées/sorties — injection,alias accepté,booléen,true,booléen: true/1/yes/on ou false/0/no/off,inletRandomizeTangential,,Randomise la coordonnée tangentielle des particules injectées.,,simulation_params.h; params_io_base.cpp,src_mpcd_params_cles_acceptees_0292_cuda.csv
inletRandomizeY,params_key,Entrées/sorties — injection,alias accepté,booléen,true,booléen: true/1/yes/on ou false/0/no/off,inletRandomizeTangential,,Randomise la coordonnée tangentielle des particules injectées.,,simulation_params.h; params_io_base.cpp,src_mpcd_params_cles_acceptees_0292_cuda.csv
inletReinjectBackflow,params_key,Entrées/sorties — injection,canonique,booléen,true,booléen: true/1/yes/on ou false/0/no/off,inletReinjectBackflow,,Réinjecte les particules traversant une entrée dans le mauvais sens au lieu de les laisser sortir.,,simulation_params.h; params_io_base.cpp,src_mpcd_params_cles_acceptees_0292_cuda.csv
inletSlabCells,params_key,Entrées/sorties — injection,canonique,double,1.0,> 0,inletSlabCells,,Épaisseur de la dalle d’injection en nombre de cellules locales.,,simulation_params.h; params_io_base.cpp,src_mpcd_params_cles_acceptees_0292_cuda.csv
inletThermalNoise,params_key,Entrées/sorties — injection,canonique,double,1.0,>= 0,inletThermalNoise,,Amplitude du bruit thermique Maxwellien ajouté à l’inlet; 0 donne une vitesse déterministe.,,simulation_params.h; params_io_base.cpp,src_mpcd_params_cles_acceptees_0292_cuda.csv
reinjectBackflow,params_key,Entrées/sorties — injection,alias accepté,booléen,true,booléen: true/1/yes/on ou false/0/no/off,inletReinjectBackflow,,Réinjecte les particules traversant une entrée dans le mauvais sens au lieu de les laisser sortir.,,simulation_params.h; params_io_base.cpp,src_mpcd_params_cles_acceptees_0292_cuda.csv
openBoundaryOutletForcedLayerCells,params_key,Entrées/sorties — modes outlet,canonique,entier,1,>= 1,openBoundaryOutletForcedLayerCells,,"Épaisseur de la zone d’extraction forcée, en nombre de cellules à partir de la face outlet.",,simulation_params.h; params_io_base.cpp,src_mpcd_params_cles_acceptees_0292_cuda.csv
openBoundaryOutletForcedMassFlux,params_key,Entrées/sorties — modes outlet,canonique,double,0.0,>= 0; unités masse / temps simulation,openBoundaryOutletForcedMassFlux,,"Flux de masse sortant imposé par l’utilisateur, découplé du flux inlet.",,simulation_params.h; params_io_base.cpp,src_mpcd_params_cles_acceptees_0292_cuda.csv
openBoundaryOutletForcedMassPerStep,params_key,Entrées/sorties — modes outlet,canonique,double,0.0,>= 0; masse / step,openBoundaryOutletForcedMassPerStep,,Masse cible à extraire à chaque step dans la couche outlet.,,simulation_params.h; params_io_base.cpp,src_mpcd_params_cles_acceptees_0292_cuda.csv
openBoundaryOutletForcedParticleFlux,params_key,Entrées/sorties — modes outlet,canonique,double,0.0,>= 0; particules / temps simulation,openBoundaryOutletForcedParticleFlux,,"Flux particulaire sortant imposé par l’utilisateur, découplé du flux inlet.",,simulation_params.h; params_io_base.cpp,src_mpcd_params_cles_acceptees_0292_cuda.csv
openBoundaryOutletForcedParticlesPerStep,params_key,Entrées/sorties — modes outlet,canonique,entier,0,>= 0; particules / step,openBoundaryOutletForcedParticlesPerStep,,Nombre cible de particules à extraire à chaque step dans la couche outlet.,,simulation_params.h; params_io_base.cpp,src_mpcd_params_cles_acceptees_0292_cuda.csv
openBoundaryOutletMode,params_key,Entrées/sorties — modes outlet,canonique | sémantique Neumann mise à jour 0493x8r-x8t,enum string,balanced_flux historique Q6; expliciter neumann pour SRC classic,SRC classic 0291+: neumann; equilibrium_flux; forced_flux. Q6 historique: balanced_flux; prescribed_flux; balanced; prescribed; dirichlet; free; zero_gradient; zero_normal_gradient; hybrid; neumann_feedback; hybrid_feedback.,openBoundaryOutletMode,,"Régime outlet: sortie passive, extraction équilibrée ou extraction forcée; conserve les modes Q6 historiques.","0493x8r-x8t: neumann sur Q6-G-F est une sortie pression passive: vitesse prédicteur extrapolée à gradient normal nul, phi=0 à la face ouverte, correction finale de flux libre; le chemin particulaire reconstruit un bain cinétique local côté sortie.",simulation_params.h; params_io_base.cpp; src/cuda_q6_resident_0400.cu; src/cuda_classic_src_io_resident_0263.cu; apply_0493x8r_neumann_pressure_outlet.py; 0493x8q-x8t,src_mpcd_params_cles_acceptees_0292_cuda.csv | cycle_0493x8k_x8t + 0493x9d_x9r_surface_tension_20260819
openOutletBoundaryMode,params_key,Entrées/sorties — modes outlet,alias accepté | sémantique Neumann mise à jour 0493x8r-x8t,enum string,balanced_flux historique Q6; expliciter neumann pour SRC classic,SRC classic 0291+: neumann; equilibrium_flux; forced_flux. Q6 historique: balanced_flux; prescribed_flux; balanced; prescribed; dirichlet; free; zero_gradient; zero_normal_gradient; hybrid; neumann_feedback; hybrid_feedback.,openBoundaryOutletMode,,"Régime outlet: sortie passive, extraction équilibrée ou extraction forcée; conserve les modes Q6 historiques.","0493x8r-x8t: neumann sur Q6-G-F est une sortie pression passive: vitesse prédicteur extrapolée à gradient normal nul, phi=0 à la face ouverte, correction finale de flux libre; le chemin particulaire reconstruit un bain cinétique local côté sortie.",simulation_params.h; params_io_base.cpp; src/cuda_q6_resident_0400.cu; src/cuda_classic_src_io_resident_0263.cu; apply_0493x8r_neumann_pressure_outlet.py; 0493x8q-x8t,src_mpcd_params_cles_acceptees_0292_cuda.csv | cycle_0493x8k_x8t + 0493x9d_x9r_surface_tension_20260819
outletBoundaryMode,params_key,Entrées/sorties — modes outlet,alias accepté | sémantique Neumann mise à jour 0493x8r-x8t,enum string,balanced_flux historique Q6; expliciter neumann pour SRC classic,SRC classic 0291+: neumann; equilibrium_flux; forced_flux. Q6 historique: balanced_flux; prescribed_flux; balanced; prescribed; dirichlet; free; zero_gradient; zero_normal_gradient; hybrid; neumann_feedback; hybrid_feedback.,openBoundaryOutletMode,,"Régime outlet: sortie passive, extraction équilibrée ou extraction forcée; conserve les modes Q6 historiques.","0493x8r-x8t: neumann sur Q6-G-F est une sortie pression passive: vitesse prédicteur extrapolée à gradient normal nul, phi=0 à la face ouverte, correction finale de flux libre; le chemin particulaire reconstruit un bain cinétique local côté sortie.",simulation_params.h; params_io_base.cpp; src/cuda_q6_resident_0400.cu; src/cuda_classic_src_io_resident_0263.cu; apply_0493x8r_neumann_pressure_outlet.py; 0493x8q-x8t,src_mpcd_params_cles_acceptees_0292_cuda.csv | cycle_0493x8k_x8t + 0493x9d_x9r_surface_tension_20260819
q6q9OutletBoundaryMode,params_key,Entrées/sorties — modes outlet,alias accepté | sémantique Neumann mise à jour 0493x8r-x8t,enum string,balanced_flux historique Q6; expliciter neumann pour SRC classic,SRC classic 0291+: neumann; equilibrium_flux; forced_flux. Q6 historique: balanced_flux; prescribed_flux; balanced; prescribed; dirichlet; free; zero_gradient; zero_normal_gradient; hybrid; neumann_feedback; hybrid_feedback.,openBoundaryOutletMode,,"Régime outlet: sortie passive, extraction équilibrée ou extraction forcée; conserve les modes Q6 historiques.","0493x8r-x8t: neumann sur Q6-G-F est une sortie pression passive: vitesse prédicteur extrapolée à gradient normal nul, phi=0 à la face ouverte, correction finale de flux libre; le chemin particulaire reconstruit un bain cinétique local côté sortie.",simulation_params.h; params_io_base.cpp; src/cuda_q6_resident_0400.cu; src/cuda_classic_src_io_resident_0263.cu; apply_0493x8r_neumann_pressure_outlet.py; 0493x8q-x8t,src_mpcd_params_cles_acceptees_0292_cuda.csv | cycle_0493x8k_x8t + 0493x9d_x9r_surface_tension_20260819
inletProfile,params_key,Entrées/sorties — profil spatial,alias accepté | étendu 0493x8k entrée segmentée locale,enum string,uniform,uniform; poiseuille_y; poiseuille_y_mean; poiseuille_y_max; flat_taper_y; flat_taper_y_mean,inletVelocitySpatialProfile,,Profil spatial de vitesse/flux imposé sur les entrées.,"0493x8k: pour une ouverture segmentée, poiseuille_y_max/poiseuille_y_mean sont évalués dans la coordonnée locale du segment; la vitesse normale est nulle aux extrémités et le même profil alimente injection particulaire et flux Q6-G-F.",simulation_params.h; params_io_base.cpp; src/cuda_classic_src_io_resident_0263.cu; src/cuda_q6_resident_0400.cu; scripts/run_0493x8k_segmented_local_poiseuille.sh,src_mpcd_params_cles_acceptees_0292_cuda.csv | cycle_0493x8k_x8t + 0493x9d_x9r_surface_tension_20260819
inletSpatialProfile,params_key,Entrées/sorties — profil spatial,alias accepté | étendu 0493x8k entrée segmentée locale,enum string,uniform,uniform; poiseuille_y; poiseuille_y_mean; poiseuille_y_max; flat_taper_y; flat_taper_y_mean,inletVelocitySpatialProfile,,Profil spatial de vitesse/flux imposé sur les entrées.,"0493x8k: pour une ouverture segmentée, poiseuille_y_max/poiseuille_y_mean sont évalués dans la coordonnée locale du segment; la vitesse normale est nulle aux extrémités et le même profil alimente injection particulaire et flux Q6-G-F.",simulation_params.h; params_io_base.cpp; src/cuda_classic_src_io_resident_0263.cu; src/cuda_q6_resident_0400.cu; scripts/run_0493x8k_segmented_local_poiseuille.sh,src_mpcd_params_cles_acceptees_0292_cuda.csv | cycle_0493x8k_x8t + 0493x9d_x9r_surface_tension_20260819
inletVelocitySpatialProfile,params_key,Entrées/sorties — profil spatial,canonique | étendu 0493x8k entrée segmentée locale,enum string,uniform,uniform; poiseuille_y; poiseuille_y_mean; poiseuille_y_max; flat_taper_y; flat_taper_y_mean,inletVelocitySpatialProfile,,Profil spatial de vitesse/flux imposé sur les entrées.,"0493x8k: pour une ouverture segmentée, poiseuille_y_max/poiseuille_y_mean sont évalués dans la coordonnée locale du segment; la vitesse normale est nulle aux extrémités et le même profil alimente injection particulaire et flux Q6-G-F.",simulation_params.h; params_io_base.cpp; src/cuda_classic_src_io_resident_0263.cu; src/cuda_q6_resident_0400.cu; scripts/run_0493x8k_segmented_local_poiseuille.sh,src_mpcd_params_cles_acceptees_0292_cuda.csv | cycle_0493x8k_x8t + 0493x9d_x9r_surface_tension_20260819
inletVelocityWallTaperCells,params_key,Entrées/sorties — profil spatial,canonique,double,2.0,>= 0,inletVelocityWallTaperCells,,"Largeur du lissage/taper près des murs, exprimée en cellules.",,simulation_params.h; params_io_base.cpp,src_mpcd_params_cles_acceptees_0292_cuda.csv
inletWallTaperCells,params_key,Entrées/sorties — profil spatial,alias accepté,double,2.0,>= 0,inletVelocityWallTaperCells,,"Largeur du lissage/taper près des murs, exprimée en cellules.",,simulation_params.h; params_io_base.cpp,src_mpcd_params_cles_acceptees_0292_cuda.csv
openBoundaryVelocityProfile,params_key,Entrées/sorties — profil spatial,alias accepté | étendu 0493x8k entrée segmentée locale,enum string,uniform,uniform; poiseuille_y; poiseuille_y_mean; poiseuille_y_max; flat_taper_y; flat_taper_y_mean,inletVelocitySpatialProfile,,Profil spatial de vitesse/flux imposé sur les entrées.,"0493x8k: pour une ouverture segmentée, poiseuille_y_max/poiseuille_y_mean sont évalués dans la coordonnée locale du segment; la vitesse normale est nulle aux extrémités et le même profil alimente injection particulaire et flux Q6-G-F.",simulation_params.h; params_io_base.cpp; src/cuda_classic_src_io_resident_0263.cu; src/cuda_q6_resident_0400.cu; scripts/run_0493x8k_segmented_local_poiseuille.sh,src_mpcd_params_cles_acceptees_0292_cuda.csv | cycle_0493x8k_x8t + 0493x9d_x9r_surface_tension_20260819
openBoundaryVelocityWallTaperCells,params_key,Entrées/sorties — profil spatial,alias accepté,double,2.0,>= 0,inletVelocityWallTaperCells,,"Largeur du lissage/taper près des murs, exprimée en cellules.",,simulation_params.h; params_io_base.cpp,src_mpcd_params_cles_acceptees_0292_cuda.csv
inletRampEnable,params_key,Entrées/sorties — rampe,alias accepté,booléen,false,booléen: true/1/yes/on ou false/0/no/off,inletVelocityRampEnable,,Active une rampe temporelle multiplicative sur les vitesses/flux d’entrée.,,simulation_params.h; params_io_base.cpp,src_mpcd_params_cles_acceptees_0292_cuda.csv
inletRampEndTime,params_key,Entrées/sorties — rampe,alias accepté,double,0.0,nombre réel fini,inletVelocityRampEndTime,,Temps de fin de la rampe d’entrée.,,simulation_params.h; params_io_base.cpp,src_mpcd_params_cles_acceptees_0292_cuda.csv
inletRampFinalFactor,params_key,Entrées/sorties — rampe,alias accepté,double,1.0,nombre réel fini,inletVelocityRampFinalFactor,,Facteur multiplicatif final de vitesse/flux d’entrée.,,simulation_params.h; params_io_base.cpp,src_mpcd_params_cles_acceptees_0292_cuda.csv
inletRampInitialFactor,params_key,Entrées/sorties — rampe,alias accepté,double,0.0,nombre réel fini,inletVelocityRampInitialFactor,,Facteur multiplicatif initial de vitesse/flux d’entrée.,,simulation_params.h; params_io_base.cpp,src_mpcd_params_cles_acceptees_0292_cuda.csv
inletRampProfile,params_key,Entrées/sorties — rampe,alias accepté,enum string,linear,linear; smoothstep,inletVelocityRampProfile,,Loi d’interpolation temporelle de la rampe.,,simulation_params.h; params_io_base.cpp,src_mpcd_params_cles_acceptees_0292_cuda.csv
inletRampStartTime,params_key,Entrées/sorties — rampe,alias accepté,double,0.0,nombre réel fini,inletVelocityRampStartTime,,Temps de début de la rampe d’entrée.,,simulation_params.h; params_io_base.cpp,src_mpcd_params_cles_acceptees_0292_cuda.csv
inletVelocityRampEnable,params_key,Entrées/sorties — rampe,canonique,booléen,false,booléen: true/1/yes/on ou false/0/no/off,inletVelocityRampEnable,,Active une rampe temporelle multiplicative sur les vitesses/flux d’entrée.,,simulation_params.h; params_io_base.cpp,src_mpcd_params_cles_acceptees_0292_cuda.csv
inletVelocityRampEndTime,params_key,Entrées/sorties — rampe,canonique,double,0.0,nombre réel fini,inletVelocityRampEndTime,,Temps de fin de la rampe d’entrée.,,simulation_params.h; params_io_base.cpp,src_mpcd_params_cles_acceptees_0292_cuda.csv
inletVelocityRampFinalFactor,params_key,Entrées/sorties — rampe,canonique,double,1.0,nombre réel fini,inletVelocityRampFinalFactor,,Facteur multiplicatif final de vitesse/flux d’entrée.,,simulation_params.h; params_io_base.cpp,src_mpcd_params_cles_acceptees_0292_cuda.csv
inletVelocityRampInitialFactor,params_key,Entrées/sorties — rampe,canonique,double,0.0,nombre réel fini,inletVelocityRampInitialFactor,,Facteur multiplicatif initial de vitesse/flux d’entrée.,,simulation_params.h; params_io_base.cpp,src_mpcd_params_cles_acceptees_0292_cuda.csv
inletVelocityRampProfile,params_key,Entrées/sorties — rampe,canonique,enum string,linear,linear; smoothstep,inletVelocityRampProfile,,Loi d’interpolation temporelle de la rampe.,,simulation_params.h; params_io_base.cpp,src_mpcd_params_cles_acceptees_0292_cuda.csv
inletVelocityRampStartTime,params_key,Entrées/sorties — rampe,canonique,double,0.0,nombre réel fini,inletVelocityRampStartTime,,Temps de début de la rampe d’entrée.,,simulation_params.h; params_io_base.cpp,src_mpcd_params_cles_acceptees_0292_cuda.csv
inletDensityCells,params_key,Entrées/sorties — réservoir dur,alias accepté,entier,1,> 0 si hard_cell_density,inletReservoirCells,,Épaisseur du réservoir d’entrée en nombre de cellules.,,simulation_params.h; params_io_base.cpp,src_mpcd_params_cles_acceptees_0292_cuda.csv
inletGamma,params_key,Entrées/sorties — réservoir dur,alias accepté,entier,0,> 0 si hard_cell_density,inletTargetOccupancy,,Nombre cible de particules par cellule de réservoir dur.,,simulation_params.h; params_io_base.cpp,src_mpcd_params_cles_acceptees_0292_cuda.csv
inletHardCellThermalRescale,params_key,Entrées/sorties — réservoir dur,canonique,booléen,true,booléen: true/1/yes/on ou false/0/no/off,inletHardCellThermalRescale,,Rescale les fluctuations thermiques de la cellule d’entrée.,,simulation_params.h; params_io_base.cpp,src_mpcd_params_cles_acceptees_0292_cuda.csv
inletHardCellVelocityMean,params_key,Entrées/sorties — réservoir dur,canonique,booléen,true,booléen: true/1/yes/on ou false/0/no/off,inletHardCellVelocityMean,,Recentre les vitesses injectées pour imposer exactement la moyenne de cellule.,,simulation_params.h; params_io_base.cpp,src_mpcd_params_cles_acceptees_0292_cuda.csv
inletReservoirCells,params_key,Entrées/sorties — réservoir dur,canonique,entier,1,> 0 si hard_cell_density,inletReservoirCells,,Épaisseur du réservoir d’entrée en nombre de cellules.,,simulation_params.h; params_io_base.cpp,src_mpcd_params_cles_acceptees_0292_cuda.csv
inletReservoirMode,params_key,Entrées/sorties — réservoir dur,canonique,enum string,recycle,recycle; cuda_recycle; thin_slab; hard_cell_density; hard_density; hard; cell_density; default,inletReservoirMode,,Mode de réservoir d’entrée; les alias cuda_recycle/thin_slab sont normalisés vers recycle.,,simulation_params.h; params_io_base.cpp,src_mpcd_params_cles_acceptees_0292_cuda.csv
inletTargetN,params_key,Entrées/sorties — réservoir dur,alias accepté,entier,0,> 0 si hard_cell_density,inletTargetOccupancy,,Nombre cible de particules par cellule de réservoir dur.,,simulation_params.h; params_io_base.cpp,src_mpcd_params_cles_acceptees_0292_cuda.csv
inletTargetOccupancy,params_key,Entrées/sorties — réservoir dur,canonique,entier,0,> 0 si hard_cell_density,inletTargetOccupancy,,Nombre cible de particules par cellule de réservoir dur.,,simulation_params.h; params_io_base.cpp,src_mpcd_params_cles_acceptees_0292_cuda.csv
openBoundarySegmentCount,params_key,Entrées/sorties — segments,canonique,entier,0,0 si désactivé; 1..16 si activé,openBoundarySegmentCount,,Nombre de segments ouverts définis.,,simulation_params.h; params_io_base.cpp,src_mpcd_params_cles_acceptees_0292_cuda.csv
openBoundarySegmentK,params_key,Entrées/sorties — segments,groupe dynamique,record,(aucun),"face mode sMin sMax ux uy type mass; face={left,right,bottom,top}; mode=inlet/input/outlet/output/open; 0<=sMin<sMax<=1; mass>0",openBoundarySegmentK,,Déclaration d’un segment relatif sur une face solide/specular/bounceback.,,simulation_params.h; params_io_base.cpp,src_mpcd_params_cles_acceptees_0292_cuda.csv
openBoundarySegmentsEnable,params_key,Entrées/sorties — segments,canonique,booléen,false,booléen: true/1/yes/on ou false/0/no/off,openBoundarySegmentsEnable,,Active les segments compacts inlet/outlet sur des faces autrement wall-like.,,simulation_params.h; params_io_base.cpp,src_mpcd_params_cles_acceptees_0292_cuda.csv
openBoundaryOutletFeedbackGain,params_key,Entrées/sorties — sortie Q6,canonique,double,0.0,"[0,1]",openBoundaryOutletFeedbackGain,,Gain du feedback global outlet-only sur le déséquilibre de flux.,,simulation_params.h; params_io_base.cpp,src_mpcd_params_cles_acceptees_0292_cuda.csv
openBoundaryOutletHybridBlend,params_key,Entrées/sorties — sortie Q6,canonique,double,0.0,"[0,1]",openBoundaryOutletHybridBlend,,Mélange entre profil local Neumann et profil équilibré.,,simulation_params.h; params_io_base.cpp,src_mpcd_params_cles_acceptees_0292_cuda.csv
openBoundaryOutletMassFeedbackGain,params_key,Entrées/sorties — sortie Q6,alias accepté,double,0.0,"[0,1]",openBoundaryOutletFeedbackGain,,Gain du feedback global outlet-only sur le déséquilibre de flux.,,simulation_params.h; params_io_base.cpp,src_mpcd_params_cles_acceptees_0292_cuda.csv
openOutletFeedbackGain,params_key,Entrées/sorties — sortie Q6,alias accepté,double,0.0,"[0,1]",openBoundaryOutletFeedbackGain,,Gain du feedback global outlet-only sur le déséquilibre de flux.,,simulation_params.h; params_io_base.cpp,src_mpcd_params_cles_acceptees_0292_cuda.csv
openOutletHybridBlend,params_key,Entrées/sorties — sortie Q6,alias accepté,double,0.0,"[0,1]",openBoundaryOutletHybridBlend,,Mélange entre profil local Neumann et profil équilibré.,,simulation_params.h; params_io_base.cpp,src_mpcd_params_cles_acceptees_0292_cuda.csv
outletFeedbackGain,params_key,Entrées/sorties — sortie Q6,alias accepté,double,0.0,"[0,1]",openBoundaryOutletFeedbackGain,,Gain du feedback global outlet-only sur le déséquilibre de flux.,,simulation_params.h; params_io_base.cpp,src_mpcd_params_cles_acceptees_0292_cuda.csv
outletHybridBlend,params_key,Entrées/sorties — sortie Q6,alias accepté,double,0.0,"[0,1]",openBoundaryOutletHybridBlend,,Mélange entre profil local Neumann et profil équilibré.,,simulation_params.h; params_io_base.cpp,src_mpcd_params_cles_acceptees_0292_cuda.csv
inletUx,params_key,Entrées/sorties — vitesse,canonique,double,(non stocké),nombre réel fini,inletUx,,Alias global pour la composante x de vitesse d’entrée.,,simulation_params.h; params_io_base.cpp,src_mpcd_params_cles_acceptees_0292_cuda.csv
inletUxBottom,params_key,Entrées/sorties — vitesse,canonique,double,0.0,nombre réel fini,inletUxBottom,,Composante x de la vitesse prescrite sur l’entrée bottom.,,simulation_params.h; params_io_base.cpp,src_mpcd_params_cles_acceptees_0292_cuda.csv
inletUxLeft,params_key,Entrées/sorties — vitesse,canonique,double,0.0,nombre réel fini,inletUxLeft,,Composante x de la vitesse prescrite sur l’entrée left.,,simulation_params.h; params_io_base.cpp,src_mpcd_params_cles_acceptees_0292_cuda.csv
inletUxRight,params_key,Entrées/sorties — vitesse,canonique,double,0.0,nombre réel fini,inletUxRight,,Composante x de la vitesse prescrite sur l’entrée right.,,simulation_params.h; params_io_base.cpp,src_mpcd_params_cles_acceptees_0292_cuda.csv
inletUxTop,params_key,Entrées/sorties — vitesse,canonique,double,0.0,nombre réel fini,inletUxTop,,Composante x de la vitesse prescrite sur l’entrée top.,,simulation_params.h; params_io_base.cpp,src_mpcd_params_cles_acceptees_0292_cuda.csv
inletUy,params_key,Entrées/sorties — vitesse,canonique,double,(non stocké),nombre réel fini,inletUy,,Alias global pour la composante y de vitesse d’entrée.,,simulation_params.h; params_io_base.cpp,src_mpcd_params_cles_acceptees_0292_cuda.csv
inletUyBottom,params_key,Entrées/sorties — vitesse,canonique,double,0.0,nombre réel fini,inletUyBottom,,Composante y de la vitesse prescrite sur l’entrée bottom.,,simulation_params.h; params_io_base.cpp,src_mpcd_params_cles_acceptees_0292_cuda.csv
inletUyLeft,params_key,Entrées/sorties — vitesse,canonique,double,0.0,nombre réel fini,inletUyLeft,,Composante y de la vitesse prescrite sur l’entrée left.,,simulation_params.h; params_io_base.cpp,src_mpcd_params_cles_acceptees_0292_cuda.csv
inletUyRight,params_key,Entrées/sorties — vitesse,canonique,double,0.0,nombre réel fini,inletUyRight,,Composante y de la vitesse prescrite sur l’entrée right.,,simulation_params.h; params_io_base.cpp,src_mpcd_params_cles_acceptees_0292_cuda.csv
inletUyTop,params_key,Entrées/sorties — vitesse,canonique,double,0.0,nombre réel fini,inletUyTop,,Composante y de la vitesse prescrite sur l’entrée top.,,simulation_params.h; params_io_base.cpp,src_mpcd_params_cles_acceptees_0292_cuda.csv
inletVelocityX,params_key,Entrées/sorties — vitesse,alias accepté,double,(non stocké),nombre réel fini,inletUx,,Alias global pour la composante x de vitesse d’entrée.,,simulation_params.h; params_io_base.cpp,src_mpcd_params_cles_acceptees_0292_cuda.csv
inletVelocityY,params_key,Entrées/sorties — vitesse,alias accepté,double,(non stocké),nombre réel fini,inletUy,,Alias global pour la composante y de vitesse d’entrée.,,simulation_params.h; params_io_base.cpp,src_mpcd_params_cles_acceptees_0292_cuda.csv
taylorGreenForcingAmplitude,params_key,Forçage Taylor–Green,canonique,double,0.0,>= 0,taylorGreenForcingAmplitude,,Amplitude A du forçage Taylor–Green.,,simulation_params.h; params_io_base.cpp,src_mpcd_params_cles_acceptees_0292_cuda.csv
taylorGreenForcingEnable,params_key,Forçage Taylor–Green,canonique,booléen,false,booléen: true/1/yes/on ou false/0/no/off,taylorGreenForcingEnable,,Active un forçage corporel périodique divergence-free de type Taylor–Green.,,simulation_params.h; params_io_base.cpp,src_mpcd_params_cles_acceptees_0292_cuda.csv
taylorGreenForcingModeX,params_key,Forçage Taylor–Green,canonique,entier,1,> 0,taylorGreenForcingModeX,,Nombre d’onde entier en x du forçage Taylor–Green.,,simulation_params.h; params_io_base.cpp,src_mpcd_params_cles_acceptees_0292_cuda.csv
taylorGreenForcingModeY,params_key,Forçage Taylor–Green,canonique,entier,1,> 0,taylorGreenForcingModeY,,Nombre d’onde entier en y du forçage Taylor–Green.,,simulation_params.h; params_io_base.cpp,src_mpcd_params_cles_acceptees_0292_cuda.csv
tgForceAmplitude,params_key,Forçage Taylor–Green,alias accepté,double,0.0,>= 0,taylorGreenForcingAmplitude,,Amplitude A du forçage Taylor–Green.,,simulation_params.h; params_io_base.cpp,src_mpcd_params_cles_acceptees_0292_cuda.csv
tgForcingAmplitude,params_key,Forçage Taylor–Green,alias accepté,double,0.0,>= 0,taylorGreenForcingAmplitude,,Amplitude A du forçage Taylor–Green.,,simulation_params.h; params_io_base.cpp,src_mpcd_params_cles_acceptees_0292_cuda.csv
tgForcingEnable,params_key,Forçage Taylor–Green,alias accepté,booléen,false,booléen: true/1/yes/on ou false/0/no/off,taylorGreenForcingEnable,,Active un forçage corporel périodique divergence-free de type Taylor–Green.,,simulation_params.h; params_io_base.cpp,src_mpcd_params_cles_acceptees_0292_cuda.csv
tgForcingModeX,params_key,Forçage Taylor–Green,alias accepté,entier,1,> 0,taylorGreenForcingModeX,,Nombre d’onde entier en x du forçage Taylor–Green.,,simulation_params.h; params_io_base.cpp,src_mpcd_params_cles_acceptees_0292_cuda.csv
tgForcingModeY,params_key,Forçage Taylor–Green,alias accepté,entier,1,> 0,taylorGreenForcingModeY,,Nombre d’onde entier en y du forçage Taylor–Green.,,simulation_params.h; params_io_base.cpp,src_mpcd_params_cles_acceptees_0292_cuda.csv
bodyAccelerationX,params_key,Forçage et contrôle d’écoulement,canonique,double,0.0,nombre réel fini,bodyAccelerationX,,Accélération volumique uniforme appliquée en x avant streaming.,,simulation_params.h; params_io_base.cpp,src_mpcd_params_cles_acceptees_0292_cuda.csv
bodyAccelerationY,params_key,Forçage et contrôle d’écoulement,canonique,double,0.0,nombre réel fini,bodyAccelerationY,,Accélération volumique uniforme appliquée en y avant streaming.,,simulation_params.h; params_io_base.cpp,src_mpcd_params_cles_acceptees_0292_cuda.csv
bodyForceX,params_key,Forçage et contrôle d’écoulement,alias accepté,double,0.0,nombre réel fini,bodyAccelerationX,,Accélération volumique uniforme appliquée en x avant streaming.,,simulation_params.h; params_io_base.cpp,src_mpcd_params_cles_acceptees_0292_cuda.csv
bodyForceY,params_key,Forçage et contrôle d’écoulement,alias accepté,double,0.0,nombre réel fini,bodyAccelerationY,,Accélération volumique uniforme appliquée en y avant streaming.,,simulation_params.h; params_io_base.cpp,src_mpcd_params_cles_acceptees_0292_cuda.csv
keepMeanFlow,params_key,Forçage et contrôle d’écoulement,alias accepté,booléen,false,booléen: true/1/yes/on ou false/0/no/off,keepMeanFlowEnable,,Active un correcteur global de vitesse moyenne après SRC/Q6/thermostat.,,simulation_params.h; params_io_base.cpp,src_mpcd_params_cles_acceptees_0292_cuda.csv
keepMeanFlowEnable,params_key,Forçage et contrôle d’écoulement,canonique,booléen,false,booléen: true/1/yes/on ou false/0/no/off,keepMeanFlowEnable,,Active un correcteur global de vitesse moyenne après SRC/Q6/thermostat.,,simulation_params.h; params_io_base.cpp,src_mpcd_params_cles_acceptees_0292_cuda.csv
meanFlowUx,params_key,Forçage et contrôle d’écoulement,alias accepté,double,0.0,nombre réel fini,targetMeanUx,,Vitesse moyenne cible en x.,,simulation_params.h; params_io_base.cpp,src_mpcd_params_cles_acceptees_0292_cuda.csv
meanFlowUy,params_key,Forçage et contrôle d’écoulement,alias accepté,double,0.0,nombre réel fini,targetMeanUy,,Vitesse moyenne cible en y.,,simulation_params.h; params_io_base.cpp,src_mpcd_params_cles_acceptees_0292_cuda.csv
targetMeanUx,params_key,Forçage et contrôle d’écoulement,canonique,double,0.0,nombre réel fini,targetMeanUx,,Vitesse moyenne cible en x.,,simulation_params.h; params_io_base.cpp,src_mpcd_params_cles_acceptees_0292_cuda.csv
targetMeanUy,params_key,Forçage et contrôle d’écoulement,canonique,double,0.0,nombre réel fini,targetMeanUy,,Vitesse moyenne cible en y.,,simulation_params.h; params_io_base.cpp,src_mpcd_params_cles_acceptees_0292_cuda.csv
U0,params_key,Forçage et contrôle d’écoulement,alias accepté,double,0.0,nombre réel fini,targetMeanUx,,Vitesse moyenne cible en x.,,simulation_params.h; params_io_base.cpp,src_mpcd_params_cles_acceptees_0292_cuda.csv
dumpStateEvery,params_key,I/O et exécution,canonique,entier,0,entier >= 0; 0 désactive les dumps périodiques,dumpStateEvery,,Cadence d’écriture des états .smpcd pour post-traitement.,,simulation_params.h; params_io_base.cpp,src_mpcd_params_cles_acceptees_0292_cuda.csv
inputState,params_key,I/O et exécution,canonique,chemin,(obligatoire),chaîne non vide,inputState,,Fichier d’état initial .smpcd lu par l’exécutable.,,simulation_params.h; params_io_base.cpp,src_mpcd_params_cles_acceptees_0292_cuda.csv
numThreads,params_key,I/O et exécution,canonique,entier,0,entier >= 0; 0 laisse OpenMP décider,numThreads,,Force omp_set_num_threads(numThreads).,,simulation_params.h; params_io_base.cpp,src_mpcd_params_cles_acceptees_0292_cuda.csv
outputDir,params_key,I/O et exécution,canonique,chemin,run_base,chaîne non vide,outputDir,,"Répertoire de sortie du run: summaries, dumps et fichiers associés.",,simulation_params.h; params_io_base.cpp,src_mpcd_params_cles_acceptees_0292_cuda.csv
summaryEvery,params_key,I/O et exécution,canonique,entier,10,entier > 0,summaryEvery,,Cadence d’écriture de summary_runtime.csv et d’affichage de progression.,,simulation_params.h; params_io_base.cpp,src_mpcd_params_cles_acceptees_0292_cuda.csv
wallAccommodation,params_key,Parois,canonique,double,1.0,"[0,1]",wallAccommodation,,"Coefficient d’accommodation de paroi: 0 glissant/specular-like, 1 couplage thermique complet.",,simulation_params.h; params_io_base.cpp,src_mpcd_params_cles_acceptees_0292_cuda.csv
wallKBT,params_key,Parois,canonique,double,-1.0,négatif => hérite de kBT; sinon >0 si couplage actif,wallKBT,,Température cinétique de paroi.,,simulation_params.h; params_io_base.cpp,src_mpcd_params_cles_acceptees_0292_cuda.csv
wallThermalNoise,params_key,Parois,canonique,double,1.0,>= 0,wallThermalNoise,,Amplitude du bruit thermique de paroi; 0 donne un couplage déterministe.,,simulation_params.h; params_io_base.cpp,src_mpcd_params_cles_acceptees_0292_cuda.csv
wallVpEnable,params_key,Parois,canonique,booléen,false,booléen: true/1/yes/on ou false/0/no/off,wallVpEnable,,Active explicitement le couplage virtual-particle de paroi legacy.,,simulation_params.h; params_io_base.cpp,src_mpcd_params_cles_acceptees_0292_cuda.csv
wallVpGamma,params_key,Parois,canonique,double,0.0,>= 0; 0 infère l’occupation moyenne réelle,wallVpGamma,,Population virtuelle de paroi dans une cellule de collision entièrement solide.,,simulation_params.h; params_io_base.cpp,src_mpcd_params_cles_acceptees_0292_cuda.csv
wallVpKBT,params_key,Parois,canonique,double,-1.0,alias legacy thermique; négatif => hérite de kBT; 0 invalide si actif,wallVpKBT,,Ancien paramètre de température de paroi VP.,,simulation_params.h; params_io_base.cpp,src_mpcd_params_cles_acceptees_0292_cuda.csv
wallVpMass,params_key,Parois,canonique,double,1.0,> 0,wallVpMass,,Masse des particules virtuelles/agrégat de paroi.,,simulation_params.h; params_io_base.cpp,src_mpcd_params_cles_acceptees_0292_cuda.csv
wallVpMode,params_key,Parois,canonique,enum string,thermal,thermal; deterministic_thermal; stochastic_fraction,wallVpMode,,Mode de couplage thermique de paroi; stochastic_fraction est accepté comme alias legacy.,,simulation_params.h; params_io_base.cpp,src_mpcd_params_cles_acceptees_0292_cuda.csv
wallUxBottom,params_key,Parois — vitesses,alias accepté,double,0.0,nombre réel fini,wallVpUxBottom,,Composante x de la vitesse de paroi sur la face bottom.,,simulation_params.h; params_io_base.cpp,src_mpcd_params_cles_acceptees_0292_cuda.csv
wallUxLeft,params_key,Parois — vitesses,alias accepté,double,0.0,nombre réel fini,wallVpUxLeft,,Composante x de la vitesse de paroi sur la face left.,,simulation_params.h; params_io_base.cpp,src_mpcd_params_cles_acceptees_0292_cuda.csv
wallUxRight,params_key,Parois — vitesses,alias accepté,double,0.0,nombre réel fini,wallVpUxRight,,Composante x de la vitesse de paroi sur la face right.,,simulation_params.h; params_io_base.cpp,src_mpcd_params_cles_acceptees_0292_cuda.csv
wallUxTop,params_key,Parois — vitesses,alias accepté,double,0.0,nombre réel fini,wallVpUxTop,,Composante x de la vitesse de paroi sur la face top.,,simulation_params.h; params_io_base.cpp,src_mpcd_params_cles_acceptees_0292_cuda.csv
wallUyBottom,params_key,Parois — vitesses,alias accepté,double,0.0,nombre réel fini,wallVpUyBottom,,Composante y de la vitesse de paroi sur la face bottom.,,simulation_params.h; params_io_base.cpp,src_mpcd_params_cles_acceptees_0292_cuda.csv
wallUyLeft,params_key,Parois — vitesses,alias accepté,double,0.0,nombre réel fini,wallVpUyLeft,,Composante y de la vitesse de paroi sur la face left.,,simulation_params.h; params_io_base.cpp,src_mpcd_params_cles_acceptees_0292_cuda.csv
wallUyRight,params_key,Parois — vitesses,alias accepté,double,0.0,nombre réel fini,wallVpUyRight,,Composante y de la vitesse de paroi sur la face right.,,simulation_params.h; params_io_base.cpp,src_mpcd_params_cles_acceptees_0292_cuda.csv
wallUyTop,params_key,Parois — vitesses,alias accepté,double,0.0,nombre réel fini,wallVpUyTop,,Composante y de la vitesse de paroi sur la face top.,,simulation_params.h; params_io_base.cpp,src_mpcd_params_cles_acceptees_0292_cuda.csv
wallVpUxBottom,params_key,Parois — vitesses,canonique,double,0.0,nombre réel fini,wallVpUxBottom,,Composante x de la vitesse de paroi sur la face bottom.,,simulation_params.h; params_io_base.cpp,src_mpcd_params_cles_acceptees_0292_cuda.csv
wallVpUxLeft,params_key,Parois — vitesses,canonique,double,0.0,nombre réel fini,wallVpUxLeft,,Composante x de la vitesse de paroi sur la face left.,,simulation_params.h; params_io_base.cpp,src_mpcd_params_cles_acceptees_0292_cuda.csv
wallVpUxRight,params_key,Parois — vitesses,canonique,double,0.0,nombre réel fini,wallVpUxRight,,Composante x de la vitesse de paroi sur la face right.,,simulation_params.h; params_io_base.cpp,src_mpcd_params_cles_acceptees_0292_cuda.csv
wallVpUxTop,params_key,Parois — vitesses,canonique,double,0.0,nombre réel fini,wallVpUxTop,,Composante x de la vitesse de paroi sur la face top.,,simulation_params.h; params_io_base.cpp,src_mpcd_params_cles_acceptees_0292_cuda.csv
wallVpUyBottom,params_key,Parois — vitesses,canonique,double,0.0,nombre réel fini,wallVpUyBottom,,Composante y de la vitesse de paroi sur la face bottom.,,simulation_params.h; params_io_base.cpp,src_mpcd_params_cles_acceptees_0292_cuda.csv
wallVpUyLeft,params_key,Parois — vitesses,canonique,double,0.0,nombre réel fini,wallVpUyLeft,,Composante y de la vitesse de paroi sur la face left.,,simulation_params.h; params_io_base.cpp,src_mpcd_params_cles_acceptees_0292_cuda.csv
wallVpUyRight,params_key,Parois — vitesses,canonique,double,0.0,nombre réel fini,wallVpUyRight,,Composante y de la vitesse de paroi sur la face right.,,simulation_params.h; params_io_base.cpp,src_mpcd_params_cles_acceptees_0292_cuda.csv
wallVpUyTop,params_key,Parois — vitesses,canonique,double,0.0,nombre réel fini,wallVpUyTop,,Composante y de la vitesse de paroi sur la face top.,,simulation_params.h; params_io_base.cpp,src_mpcd_params_cles_acceptees_0292_cuda.csv
projectionEnable,params_key,Projection Q6 / elliptique,canonique,booléen,false,booléen: true/1/yes/on ou false/0/no/off,projectionEnable,,Active la projection incompressible Q6.,,simulation_params.h; params_io_base.cpp,src_mpcd_params_cles_acceptees_0292_cuda.csv
projectionMaxIterations,params_key,Projection Q6 / elliptique,canonique,entier,300,>=0,projectionMaxIterations,,Nombre maximal d’itérations CG.,,simulation_params.h; params_io_base.cpp,src_mpcd_params_cles_acceptees_0292_cuda.csv
projectionMomentumCorrectionEnable,params_key,Projection Q6 / elliptique,canonique,booléen,true,booléen: true/1/yes/on ou false/0/no/off,projectionMomentumCorrectionEnable,,Active la correction globale de quantité de mouvement après projection.,,simulation_params.h; params_io_base.cpp,src_mpcd_params_cles_acceptees_0292_cuda.csv
projectionOperator,params_key,Projection Q6 / elliptique,canonique,enum string,periodic_fv_cg,periodic_fv_cg; channel_fv_cg; auto_fv_cg; elliptic_fv_cg,projectionOperator,,Opérateur elliptique/div-grad utilisé par la projection.,,simulation_params.h; params_io_base.cpp,src_mpcd_params_cles_acceptees_0292_cuda.csv
projectionStrength,params_key,Projection Q6 / elliptique,alias accepté,double,1.0,"[0,1]",q6ProjectionStrength,,Sous-relaxation de la correction fluide-fluide Q6.,,simulation_params.h; params_io_base.cpp,src_mpcd_params_cles_acceptees_0292_cuda.csv
projectionTolerance,params_key,Projection Q6 / elliptique,canonique,double,1.0e-10,>0,projectionTolerance,,Tolérance relative/numérique du solveur de projection.,Défaut canonique SimulationParams=1.0e-10. La campagne finale x7q/x7i TG/Poiseuille/bend/IO et le dam-break de non-régression utilisent 1.0e-5; le CG x7j respecte ce même critère sans réduction host à chaque itération.,simulation_params.h; params_io_base.cpp; scripts/run_0493x5b_liquid_gas_free_surface_dam_break.sh; README_0493X6G_PHASE_GAS_PRESSURE.md,catalogue 0292 | validation Q6-g-f 0493x7q
q6ProjectionStrength,params_key,Projection Q6 / elliptique,canonique,double,1.0,"[0,1]",q6ProjectionStrength,,Sous-relaxation de la correction fluide-fluide Q6.,,simulation_params.h; params_io_base.cpp,src_mpcd_params_cles_acceptees_0292_cuda.csv
projectionAllowUnmaskedImmersedSolid,params_key,Projection Q6 / solide immergé,canonique,booléen,false,booléen: true/1/yes/on ou false/0/no/off,projectionAllowUnmaskedImmersedSolid,,Autorise explicitement Q6 avec solide immergé non masqué.,,simulation_params.h; params_io_base.cpp,src_mpcd_params_cles_acceptees_0292_cuda.csv
projectionImmersedSolidCloseCutFaces,params_key,Projection Q6 / solide immergé,canonique,booléen,true,booléen: true/1/yes/on ou false/0/no/off,projectionImmersedSolidCloseCutFaces,,Ferme les faces coupées par le solide immergé dans la projection.,,simulation_params.h; params_io_base.cpp,src_mpcd_params_cles_acceptees_0292_cuda.csv
projectionImmersedSolidFluidFractionThreshold,params_key,Projection Q6 / solide immergé,canonique,double,0.5,"[0,1]",projectionImmersedSolidFluidFractionThreshold,,Seuil de fraction fluide pour classer/masquer les cellules solides.,,simulation_params.h; params_io_base.cpp,src_mpcd_params_cles_acceptees_0292_cuda.csv
projectionImmersedSolidMaskEnable,params_key,Projection Q6 / solide immergé,canonique,booléen,false,booléen: true/1/yes/on ou false/0/no/off,projectionImmersedSolidMaskEnable,,Active le masque solide immergé dans la projection.,,simulation_params.h; params_io_base.cpp,src_mpcd_params_cles_acceptees_0292_cuda.csv
gpuProjectionBackend,params_key,Projection Q6 — backend,alias accepté,enum string,cpu,cpu; auto; cuda,projectionBackend,,Sélectionne le backend de projection Q6; hors SRC classic full CUDA.,,simulation_params.h; params_io_base.cpp,src_mpcd_params_cles_acceptees_0292_cuda.csv
projectionBackend,params_key,Projection Q6 — backend,canonique,enum string,cpu,cpu; auto; cuda,projectionBackend,,Sélectionne le backend de projection Q6; hors SRC classic full CUDA.,,simulation_params.h; params_io_base.cpp,src_mpcd_params_cles_acceptees_0292_cuda.csv
q6ProjectionBackend,params_key,Projection Q6 — backend,alias accepté,enum string,cpu,cpu; auto; cuda,projectionBackend,,Sélectionne le backend de projection Q6; hors SRC classic full CUDA.,,simulation_params.h; params_io_base.cpp,src_mpcd_params_cles_acceptees_0292_cuda.csv
resamplingTargetCellMass,params_key,Resampling pondéré — cible,canonique,double,0.0,>=0; 0 => infère la masse moyenne courante,resamplingTargetCellMass,,Masse cible par cellule pour diagnostics/remap resampling.,,simulation_params.h; params_io_base.cpp,src_mpcd_params_cles_acceptees_0292_cuda.csv
weightedResamplingTargetCellMass,params_key,Resampling pondéré — cible,alias accepté,double,0.0,>=0; 0 => infère la masse moyenne courante,resamplingTargetCellMass,,Masse cible par cellule pour diagnostics/remap resampling.,,simulation_params.h; params_io_base.cpp,src_mpcd_params_cles_acceptees_0292_cuda.csv
resamplingLatentActivationEnable,params_key,Resampling pondéré — latent,canonique,booléen,false,booléen: true/1/yes/on ou false/0/no/off,resamplingLatentActivationEnable,,Active la conversion Latent -> Fluid pour remplir les cellules pauvres/vides.,,simulation_params.h; params_io_base.cpp,src_mpcd_params_cles_acceptees_0292_cuda.csv
resamplingLatentActivationMaxPerCell,params_key,Resampling pondéré — latent,canonique,entier,1,>0 si activation latente active,resamplingLatentActivationMaxPerCell,,Nombre maximal d’activations latentes par cellule.,,simulation_params.h; params_io_base.cpp,src_mpcd_params_cles_acceptees_0292_cuda.csv
resamplingLatentActivationParticleMass,params_key,Resampling pondéré — latent,canonique,double,0.0,>=0; 0 => targetCellMass/maxPerCell,resamplingLatentActivationParticleMass,,Masse attribuée aux particules activées depuis latent.,,simulation_params.h; params_io_base.cpp,src_mpcd_params_cles_acceptees_0292_cuda.csv
resamplingLatentParticleMass,params_key,Resampling pondéré — latent,alias accepté,double,0.0,>=0; 0 => targetCellMass/maxPerCell,resamplingLatentActivationParticleMass,,Masse attribuée aux particules activées depuis latent.,,simulation_params.h; params_io_base.cpp,src_mpcd_params_cles_acceptees_0292_cuda.csv
resamplingLatentToFluidEnable,params_key,Resampling pondéré — latent,alias accepté,booléen,false,booléen: true/1/yes/on ou false/0/no/off,resamplingLatentActivationEnable,,Active la conversion Latent -> Fluid pour remplir les cellules pauvres/vides.,,simulation_params.h; params_io_base.cpp,src_mpcd_params_cles_acceptees_0292_cuda.csv
resamplingActiveFluidFractionThreshold,params_key,Resampling pondéré — masque wet,canonique,double,0.5,"[0,1]",resamplingActiveFluidFractionThreshold,,Seuil de fraction fluide active pour considérer une cellule éligible.,,simulation_params.h; params_io_base.cpp,src_mpcd_params_cles_acceptees_0292_cuda.csv
resamplingWetCellMassThreshold,params_key,Resampling pondéré — masque wet,canonique,double,0.0,>=0,resamplingWetCellMassThreshold,,Seuil de masse minimale d’une cellule wet.,,simulation_params.h; params_io_base.cpp,src_mpcd_params_cles_acceptees_0292_cuda.csv
resamplingWetMaskMode,params_key,Resampling pondéré — masque wet,canonique,enum string,active_domain,active_domain; occupied,resamplingWetMaskMode,,Définition des cellules wet/actives pour le resampling.,,simulation_params.h; params_io_base.cpp,src_mpcd_params_cles_acceptees_0292_cuda.csv
resamplingWetMassThreshold,params_key,Resampling pondéré — masque wet,alias accepté,double,0.0,>=0,resamplingWetCellMassThreshold,,Seuil de masse minimale d’une cellule wet.,,simulation_params.h; params_io_base.cpp,src_mpcd_params_cles_acceptees_0292_cuda.csv
resamplingMassGuardEnable,params_key,Resampling pondéré — masse,canonique,booléen,false,booléen: true/1/yes/on ou false/0/no/off,resamplingMassGuardEnable,,Active le garde de bornes de masse particulaire.,,simulation_params.h; params_io_base.cpp,src_mpcd_params_cles_acceptees_0292_cuda.csv
resamplingMassMax,params_key,Resampling pondéré — masse,alias accepté,double,4.0,> resamplingParticleMassMin,resamplingParticleMassMax,,Borne supérieure de masse particulaire.,,simulation_params.h; params_io_base.cpp,src_mpcd_params_cles_acceptees_0292_cuda.csv
resamplingMassMin,params_key,Resampling pondéré — masse,alias accepté,double,0.25,>=0,resamplingParticleMassMin,,Borne inférieure de masse particulaire.,,simulation_params.h; params_io_base.cpp,src_mpcd_params_cles_acceptees_0292_cuda.csv
resamplingMassRemapPeriod,params_key,Resampling pondéré — masse,alias accepté,entier,1,>=0; 0 désactive remap/guard de masse,resamplingMassRenormalizationPeriod,,Période K de renormalisation/remap de masse.,,simulation_params.h; params_io_base.cpp,src_mpcd_params_cles_acceptees_0292_cuda.csv
resamplingMassRenormalisationPeriod,params_key,Resampling pondéré — masse,alias accepté,entier,1,>=0; 0 désactive remap/guard de masse,resamplingMassRenormalizationPeriod,,Période K de renormalisation/remap de masse.,,simulation_params.h; params_io_base.cpp,src_mpcd_params_cles_acceptees_0292_cuda.csv
resamplingMassRenormalizationPeriod,params_key,Resampling pondéré — masse,canonique,entier,1,>=0; 0 désactive remap/guard de masse,resamplingMassRenormalizationPeriod,,Période K de renormalisation/remap de masse.,,simulation_params.h; params_io_base.cpp,src_mpcd_params_cles_acceptees_0292_cuda.csv
resamplingMassSafetyEnable,params_key,Resampling pondéré — masse,alias accepté,booléen,false,booléen: true/1/yes/on ou false/0/no/off,resamplingMassGuardEnable,,Active le garde de bornes de masse particulaire.,,simulation_params.h; params_io_base.cpp,src_mpcd_params_cles_acceptees_0292_cuda.csv
resamplingParticleMassMax,params_key,Resampling pondéré — masse,canonique,double,4.0,> resamplingParticleMassMin,resamplingParticleMassMax,,Borne supérieure de masse particulaire.,,simulation_params.h; params_io_base.cpp,src_mpcd_params_cles_acceptees_0292_cuda.csv
resamplingParticleMassMin,params_key,Resampling pondéré — masse,canonique,double,0.25,>=0,resamplingParticleMassMin,,Borne inférieure de masse particulaire.,,simulation_params.h; params_io_base.cpp,src_mpcd_params_cles_acceptees_0292_cuda.csv
resamplingRemapPeriod,params_key,Resampling pondéré — masse,alias accepté,entier,1,>=0; 0 désactive remap/guard de masse,resamplingMassRenormalizationPeriod,,Période K de renormalisation/remap de masse.,,simulation_params.h; params_io_base.cpp,src_mpcd_params_cles_acceptees_0292_cuda.csv
resamplingNMax,params_key,Resampling pondéré — population,alias accepté,entier,0,>=0; 0 avec les deux autres bornes => inférence,resamplingPopulationNMax,,Borne haute de population par cellule.,,simulation_params.h; params_io_base.cpp,src_mpcd_params_cles_acceptees_0292_cuda.csv
resamplingNMaxExtractionsPerCell,params_key,Resampling pondéré — population,alias accepté,entier,64,>=0,resamplingPopulationMaxExtractionsPerCell,,Limite d’extractions par cellule et par step.,,simulation_params.h; params_io_base.cpp,src_mpcd_params_cles_acceptees_0292_cuda.csv
resamplingNMaxExtractionsPerStep,params_key,Resampling pondéré — population,alias accepté,entier,200000,>=0,resamplingPopulationMaxExtractionsPerStep,,Limite globale d’extractions par step.,,simulation_params.h; params_io_base.cpp,src_mpcd_params_cles_acceptees_0292_cuda.csv
resamplingNMaxFraction,params_key,Resampling pondéré — population,alias accepté,double,1.30,>=1,resamplingPopulationNMaxFraction,,Fraction utilisée pour inférer NMax.,,simulation_params.h; params_io_base.cpp,src_mpcd_params_cles_acceptees_0292_cuda.csv
resamplingNMaxSplitsPerCell,params_key,Resampling pondéré — population,alias accepté,entier,16,>=0,resamplingPopulationMaxSplitsPerCell,,Limite de splits par cellule et par step.,,simulation_params.h; params_io_base.cpp,src_mpcd_params_cles_acceptees_0292_cuda.csv
resamplingNMaxSplitsPerStep,params_key,Resampling pondéré — population,alias accepté,entier,200000,>=0,resamplingPopulationMaxSplitsPerStep,,Limite globale de splits par step.,,simulation_params.h; params_io_base.cpp,src_mpcd_params_cles_acceptees_0292_cuda.csv
resamplingNMin,params_key,Resampling pondéré — population,alias accepté,entier,0,>=0; 0 avec les deux autres bornes => inférence,resamplingPopulationNMin,,Borne basse de population par cellule.,,simulation_params.h; params_io_base.cpp,src_mpcd_params_cles_acceptees_0292_cuda.csv
resamplingNMinFraction,params_key,Resampling pondéré — population,alias accepté,double,0.70,"(0,1]",resamplingPopulationNMinFraction,,Fraction utilisée pour inférer NMin.,,simulation_params.h; params_io_base.cpp,src_mpcd_params_cles_acceptees_0292_cuda.csv
resamplingNTarget,params_key,Resampling pondéré — population,alias accepté,entier,0,>=0; 0 avec les deux autres bornes => inférence,resamplingPopulationNTarget,,Population cible par cellule.,,simulation_params.h; params_io_base.cpp,src_mpcd_params_cles_acceptees_0292_cuda.csv
resamplingPopulationMaxExtractionsPerCell,params_key,Resampling pondéré — population,canonique,entier,64,>=0,resamplingPopulationMaxExtractionsPerCell,,Limite d’extractions par cellule et par step.,,simulation_params.h; params_io_base.cpp,src_mpcd_params_cles_acceptees_0292_cuda.csv
resamplingPopulationMaxExtractionsPerStep,params_key,Resampling pondéré — population,canonique,entier,200000,>=0,resamplingPopulationMaxExtractionsPerStep,,Limite globale d’extractions par step.,,simulation_params.h; params_io_base.cpp,src_mpcd_params_cles_acceptees_0292_cuda.csv
resamplingPopulationMaxSplitsPerCell,params_key,Resampling pondéré — population,canonique,entier,16,>=0,resamplingPopulationMaxSplitsPerCell,,Limite de splits par cellule et par step.,,simulation_params.h; params_io_base.cpp,src_mpcd_params_cles_acceptees_0292_cuda.csv
resamplingPopulationMaxSplitsPerStep,params_key,Resampling pondéré — population,canonique,entier,200000,>=0,resamplingPopulationMaxSplitsPerStep,,Limite globale de splits par step.,,simulation_params.h; params_io_base.cpp,src_mpcd_params_cles_acceptees_0292_cuda.csv
resamplingPopulationNMax,params_key,Resampling pondéré — population,canonique,entier,0,>=0; 0 avec les deux autres bornes => inférence,resamplingPopulationNMax,,Borne haute de population par cellule.,,simulation_params.h; params_io_base.cpp,src_mpcd_params_cles_acceptees_0292_cuda.csv
resamplingPopulationNMaxFraction,params_key,Resampling pondéré — population,canonique,double,1.30,>=1,resamplingPopulationNMaxFraction,,Fraction utilisée pour inférer NMax.,,simulation_params.h; params_io_base.cpp,src_mpcd_params_cles_acceptees_0292_cuda.csv
resamplingPopulationNMin,params_key,Resampling pondéré — population,canonique,entier,0,>=0; 0 avec les deux autres bornes => inférence,resamplingPopulationNMin,,Borne basse de population par cellule.,,simulation_params.h; params_io_base.cpp,src_mpcd_params_cles_acceptees_0292_cuda.csv
resamplingPopulationNMinFraction,params_key,Resampling pondéré — population,canonique,double,0.70,"(0,1]",resamplingPopulationNMinFraction,,Fraction utilisée pour inférer NMin.,,simulation_params.h; params_io_base.cpp,src_mpcd_params_cles_acceptees_0292_cuda.csv
resamplingPopulationNTarget,params_key,Resampling pondéré — population,canonique,entier,0,>=0; 0 avec les deux autres bornes => inférence,resamplingPopulationNTarget,,Population cible par cellule.,,simulation_params.h; params_io_base.cpp,src_mpcd_params_cles_acceptees_0292_cuda.csv
resamplingPoorCellMassFraction,params_key,Resampling pondéré — seuils pauvre/riche,canonique,double,0.5,>=0,resamplingPoorCellMassFraction,,Fraction de masse cible sous laquelle une cellule est pauvre.,,simulation_params.h; params_io_base.cpp,src_mpcd_params_cles_acceptees_0292_cuda.csv
resamplingPoorMassFraction,params_key,Resampling pondéré — seuils pauvre/riche,alias accepté,double,0.5,>=0,resamplingPoorCellMassFraction,,Fraction de masse cible sous laquelle une cellule est pauvre.,,simulation_params.h; params_io_base.cpp,src_mpcd_params_cles_acceptees_0292_cuda.csv
resamplingRichCellMassFraction,params_key,Resampling pondéré — seuils pauvre/riche,canonique,double,1.5,> resamplingPoorCellMassFraction,resamplingRichCellMassFraction,,Fraction de masse cible au-dessus de laquelle une cellule est riche.,,simulation_params.h; params_io_base.cpp,src_mpcd_params_cles_acceptees_0292_cuda.csv
resamplingRichMassFraction,params_key,Resampling pondéré — seuils pauvre/riche,alias accepté,double,1.5,> resamplingPoorCellMassFraction,resamplingRichCellMassFraction,,Fraction de masse cible au-dessus de laquelle une cellule est riche.,,simulation_params.h; params_io_base.cpp,src_mpcd_params_cles_acceptees_0292_cuda.csv
resamplingEnable,params_key,Resampling pondéré — switches,canonique,booléen,false,booléen: true/1/yes/on ou false/0/no/off,resamplingEnable,,Switch maître de toutes les opérations de rôle/changement de population.,,simulation_params.h; params_io_base.cpp,src_mpcd_params_cles_acceptees_0292_cuda.csv
resamplingExtractionEnable,params_key,Resampling pondéré — switches,canonique,booléen,false,booléen: true/1/yes/on ou false/0/no/off,resamplingExtractionEnable,,Active l’extraction Fluid -> Inactive depuis cellules riches.,,simulation_params.h; params_io_base.cpp,src_mpcd_params_cles_acceptees_0292_cuda.csv
resamplingInsertionEnable,params_key,Resampling pondéré — switches,canonique,booléen,false,booléen: true/1/yes/on ou false/0/no/off,resamplingInsertionEnable,,Active l’insertion Inactive -> Fluid vers cellules pauvres.,,simulation_params.h; params_io_base.cpp,src_mpcd_params_cles_acceptees_0292_cuda.csv
resamplingRemapEnable,params_key,Resampling pondéré — switches,canonique,booléen,false,booléen: true/1/yes/on ou false/0/no/off,resamplingRemapEnable,,Active le remap/renormalisation locale de masse.,,simulation_params.h; params_io_base.cpp,src_mpcd_params_cles_acceptees_0292_cuda.csv
resamplingThermalRenormalisationEnable,params_key,Resampling pondéré — switches,alias accepté,booléen,false,booléen: true/1/yes/on ou false/0/no/off,resamplingThermalRenormalizationEnable,,Active la correction thermique liée au resampling.,,simulation_params.h; params_io_base.cpp,src_mpcd_params_cles_acceptees_0292_cuda.csv
resamplingThermalRenormalizationEnable,params_key,Resampling pondéré — switches,canonique,booléen,false,booléen: true/1/yes/on ou false/0/no/off,resamplingThermalRenormalizationEnable,,Active la correction thermique liée au resampling.,,simulation_params.h; params_io_base.cpp,src_mpcd_params_cles_acceptees_0292_cuda.csv
weightedResamplingEnable,params_key,Resampling pondéré — switches,alias accepté,booléen,false,booléen: true/1/yes/on ou false/0/no/off,resamplingEnable,,Switch maître de toutes les opérations de rôle/changement de population.,,simulation_params.h; params_io_base.cpp,src_mpcd_params_cles_acceptees_0292_cuda.csv
closedCapacityInletMassFluxEnable,params_key,Réponse capacité fermée / viriel,canonique,booléen,false,booléen: true/1/yes/on ou false/0/no/off,closedCapacityInletMassFluxEnable,,Active une loi de flux de masse d’entrée pilotée par capacité.,,simulation_params.h; params_io_base.cpp,src_mpcd_params_cles_acceptees_0292_cuda.csv
closedCapacityInletMassFluxMultiplier,params_key,Réponse capacité fermée / viriel,canonique,double,1.0,>=0,closedCapacityInletMassFluxMultiplier,,Multiplicateur du flux de masse inlet piloté par capacité.,,simulation_params.h; params_io_base.cpp,src_mpcd_params_cles_acceptees_0292_cuda.csv
closedCapacityMassGuardDisableOnOverfill,params_key,Réponse capacité fermée / viriel,canonique,booléen,true,booléen: true/1/yes/on ou false/0/no/off,closedCapacityMassGuardDisableOnOverfill,,Désactive le mass guard lorsque l’overfill est détecté.,,simulation_params.h; params_io_base.cpp,src_mpcd_params_cles_acceptees_0292_cuda.csv
closedCapacityMassRemapEta,params_key,Réponse capacité fermée / viriel,canonique,double,0.005,>0,closedCapacityMassRemapEta,,Paramètre eta d’atténuation du remap de masse en surcapacité.,,simulation_params.h; params_io_base.cpp,src_mpcd_params_cles_acceptees_0292_cuda.csv
closedCapacityMassRemapPower,params_key,Réponse capacité fermée / viriel,canonique,double,2.0,>0,closedCapacityMassRemapPower,,Puissance de la loi d’atténuation du remap de masse.,,simulation_params.h; params_io_base.cpp,src_mpcd_params_cles_acceptees_0292_cuda.csv
closedCapacityQ6Eta,params_key,Réponse capacité fermée / viriel,canonique,double,0.005,>0,closedCapacityQ6Eta,,Paramètre eta de réduction de la projection Q6 en surcapacité.,,simulation_params.h; params_io_base.cpp,src_mpcd_params_cles_acceptees_0292_cuda.csv
closedCapacityQ6Power,params_key,Réponse capacité fermée / viriel,canonique,double,2.0,>0,closedCapacityQ6Power,,Puissance de la loi de réduction Q6.,,simulation_params.h; params_io_base.cpp,src_mpcd_params_cles_acceptees_0292_cuda.csv
closedCapacityReferenceCellMass,params_key,Réponse capacité fermée / viriel,canonique,double,0.0,>=0; 0 => inférer,closedCapacityReferenceCellMass,,Masse de référence par cellule fluide.,,simulation_params.h; params_io_base.cpp,src_mpcd_params_cles_acceptees_0292_cuda.csv
closedCapacityReferenceParticleMass,params_key,Réponse capacité fermée / viriel,canonique,double,1.0,>0,closedCapacityReferenceParticleMass,,Masse particulaire de référence.,,simulation_params.h; params_io_base.cpp,src_mpcd_params_cles_acceptees_0292_cuda.csv
closedCapacityResponseEnable,params_key,Réponse capacité fermée / viriel,canonique,booléen,false,booléen: true/1/yes/on ou false/0/no/off,closedCapacityResponseEnable,,Active la réponse à la surcapacité/overfill en domaine fermé.,,simulation_params.h; params_io_base.cpp,src_mpcd_params_cles_acceptees_0292_cuda.csv
closedCapacityVirialBaseK,params_key,Réponse capacité fermée / viriel,groupe dynamique,double,0.0,>=0,closedCapacityVirialBaseK,,Raideur virielle de base.,,simulation_params.h; params_io_base.cpp,src_mpcd_params_cles_acceptees_0292_cuda.csv
closedCapacityVirialEta,params_key,Réponse capacité fermée / viriel,canonique,double,0.005,>0,closedCapacityVirialEta,,Paramètre eta de la loi virielle.,,simulation_params.h; params_io_base.cpp,src_mpcd_params_cles_acceptees_0292_cuda.csv
closedCapacityVirialGain,params_key,Réponse capacité fermée / viriel,canonique,double,20.0,>=0,closedCapacityVirialGain,,Gain de la composante virielle pilotée par l’overfill.,,simulation_params.h; params_io_base.cpp,src_mpcd_params_cles_acceptees_0292_cuda.csv
closedCapacityVirialKickEnable,params_key,Réponse capacité fermée / viriel,canonique,booléen,false,booléen: true/1/yes/on ou false/0/no/off,closedCapacityVirialKickEnable,,Active le kick viriel faible lié à la surcapacité.,,simulation_params.h; params_io_base.cpp,src_mpcd_params_cles_acceptees_0292_cuda.csv
closedCapacityVirialKickStrength,params_key,Réponse capacité fermée / viriel,canonique,double,1.0,>=0,closedCapacityVirialKickStrength,,Intensité multiplicative du kick viriel.,,simulation_params.h; params_io_base.cpp,src_mpcd_params_cles_acceptees_0292_cuda.csv
closedCapacityVirialMomentumCorrectionEnable,params_key,Réponse capacité fermée / viriel,canonique,booléen,true,booléen: true/1/yes/on ou false/0/no/off,closedCapacityVirialMomentumCorrectionEnable,,Corrige globalement le moment après kick viriel.,,simulation_params.h; params_io_base.cpp,src_mpcd_params_cles_acceptees_0292_cuda.csv
closedCapacityVirialPower,params_key,Réponse capacité fermée / viriel,canonique,double,2.0,>0,closedCapacityVirialPower,,Puissance de la loi virielle.,,simulation_params.h; params_io_base.cpp,src_mpcd_params_cles_acceptees_0292_cuda.csv
immersedCircleEnable,params_key,Solide immergé,alias accepté,booléen,false,booléen: true/1/yes/on ou false/0/no/off,immersedSolidEnable,,Active un solide immergé analytique.,,simulation_params.h; params_io_base.cpp,src_mpcd_params_cles_acceptees_0292_cuda.csv
immersedCircleFractionSamples,params_key,Solide immergé,alias accepté,entier,4,> 0,immersedSolidFractionSamples,,Nombre d’échantillons pour estimer la fraction fluide/solide des cellules.,,simulation_params.h; params_io_base.cpp,src_mpcd_params_cles_acceptees_0292_cuda.csv
immersedSolidEnable,params_key,Solide immergé,canonique,booléen,false,booléen: true/1/yes/on ou false/0/no/off,immersedSolidEnable,,Active un solide immergé analytique.,,simulation_params.h; params_io_base.cpp,src_mpcd_params_cles_acceptees_0292_cuda.csv
immersedSolidFractionSamples,params_key,Solide immergé,canonique,entier,4,> 0,immersedSolidFractionSamples,,Nombre d’échantillons pour estimer la fraction fluide/solide des cellules.,,simulation_params.h; params_io_base.cpp,src_mpcd_params_cles_acceptees_0292_cuda.csv
immersedSolidShape,params_key,Solide immergé,canonique,enum string,circle,circle; disk; disc; rectangle; rect; box; step,immersedSolidShape,,Forme du solide immergé.,,simulation_params.h; params_io_base.cpp,src_mpcd_params_cles_acceptees_0292_cuda.csv
immersedCircleCx,params_key,Solide immergé — cercle,alias accepté,double,0.5,nombre réel fini,immersedSolidCx,,Abscisse initiale du centre du cercle.,,simulation_params.h; params_io_base.cpp,src_mpcd_params_cles_acceptees_0292_cuda.csv
immersedCircleCy,params_key,Solide immergé — cercle,alias accepté,double,0.5,nombre réel fini,immersedSolidCy,,Ordonnée initiale du centre du cercle.,,simulation_params.h; params_io_base.cpp,src_mpcd_params_cles_acceptees_0292_cuda.csv
immersedCircleR,params_key,Solide immergé — cercle,alias accepté,double,0.1,> 0 si shape=circle/disk/disc,immersedSolidR,,Rayon du cercle immergé.,,simulation_params.h; params_io_base.cpp,src_mpcd_params_cles_acceptees_0292_cuda.csv
immersedSolidCx,params_key,Solide immergé — cercle,canonique,double,0.5,nombre réel fini,immersedSolidCx,,Abscisse initiale du centre du cercle.,,simulation_params.h; params_io_base.cpp,src_mpcd_params_cles_acceptees_0292_cuda.csv
immersedSolidCy,params_key,Solide immergé — cercle,canonique,double,0.5,nombre réel fini,immersedSolidCy,,Ordonnée initiale du centre du cercle.,,simulation_params.h; params_io_base.cpp,src_mpcd_params_cles_acceptees_0292_cuda.csv
immersedSolidR,params_key,Solide immergé — cercle,canonique,double,0.1,> 0 si shape=circle/disk/disc,immersedSolidR,,Rayon du cercle immergé.,,simulation_params.h; params_io_base.cpp,src_mpcd_params_cles_acceptees_0292_cuda.csv
immersedCircleOmega,params_key,Solide immergé — mouvement,alias accepté,double,0.0,nombre réel fini,immersedSolidOmega,,"Vitesse angulaire du cercle, positive antihoraire.",,simulation_params.h; params_io_base.cpp,src_mpcd_params_cles_acceptees_0292_cuda.csv
immersedCircleVx,params_key,Solide immergé — mouvement,alias accepté,double,0.0,nombre réel fini,immersedSolidVx,,Vitesse de translation du solide en x.,,simulation_params.h; params_io_base.cpp,src_mpcd_params_cles_acceptees_0292_cuda.csv
immersedCircleVy,params_key,Solide immergé — mouvement,alias accepté,double,0.0,nombre réel fini,immersedSolidVy,,Vitesse de translation du solide en y.,,simulation_params.h; params_io_base.cpp,src_mpcd_params_cles_acceptees_0292_cuda.csv
immersedCircleWallUx,params_key,Solide immergé — mouvement,alias accepté,double,0.0,nombre réel fini,immersedSolidWallUx,,Offset uniforme de vitesse de paroi du solide en x.,,simulation_params.h; params_io_base.cpp,src_mpcd_params_cles_acceptees_0292_cuda.csv
immersedCircleWallUy,params_key,Solide immergé — mouvement,alias accepté,double,0.0,nombre réel fini,immersedSolidWallUy,,Offset uniforme de vitesse de paroi du solide en y.,,simulation_params.h; params_io_base.cpp,src_mpcd_params_cles_acceptees_0292_cuda.csv
immersedSolidOmega,params_key,Solide immergé — mouvement,canonique,double,0.0,nombre réel fini,immersedSolidOmega,,"Vitesse angulaire du cercle, positive antihoraire.",,simulation_params.h; params_io_base.cpp,src_mpcd_params_cles_acceptees_0292_cuda.csv
immersedSolidVx,params_key,Solide immergé — mouvement,canonique,double,0.0,nombre réel fini,immersedSolidVx,,Vitesse de translation du solide en x.,,simulation_params.h; params_io_base.cpp,src_mpcd_params_cles_acceptees_0292_cuda.csv
immersedSolidVy,params_key,Solide immergé — mouvement,canonique,double,0.0,nombre réel fini,immersedSolidVy,,Vitesse de translation du solide en y.,,simulation_params.h; params_io_base.cpp,src_mpcd_params_cles_acceptees_0292_cuda.csv
immersedSolidWallUx,params_key,Solide immergé — mouvement,canonique,double,0.0,nombre réel fini,immersedSolidWallUx,,Offset uniforme de vitesse de paroi du solide en x.,,simulation_params.h; params_io_base.cpp,src_mpcd_params_cles_acceptees_0292_cuda.csv
immersedSolidWallUy,params_key,Solide immergé — mouvement,canonique,double,0.0,nombre réel fini,immersedSolidWallUy,,Offset uniforme de vitesse de paroi du solide en y.,,simulation_params.h; params_io_base.cpp,src_mpcd_params_cles_acceptees_0292_cuda.csv
immersedSolidXMax,params_key,Solide immergé — rectangle,canonique,double,0.25,nombre réel fini,immersedSolidXMax,,Borne x maximale du rectangle.,,simulation_params.h; params_io_base.cpp,src_mpcd_params_cles_acceptees_0292_cuda.csv
immersedSolidXMin,params_key,Solide immergé — rectangle,canonique,double,0.0,nombre réel fini,immersedSolidXMin,,Borne x minimale du rectangle.,,simulation_params.h; params_io_base.cpp,src_mpcd_params_cles_acceptees_0292_cuda.csv
immersedSolidYMax,params_key,Solide immergé — rectangle,canonique,double,0.50,nombre réel fini,immersedSolidYMax,,Borne y maximale du rectangle.,,simulation_params.h; params_io_base.cpp,src_mpcd_params_cles_acceptees_0292_cuda.csv
immersedSolidYMin,params_key,Solide immergé — rectangle,canonique,double,0.0,nombre réel fini,immersedSolidYMin,,Borne y minimale du rectangle.,,simulation_params.h; params_io_base.cpp,src_mpcd_params_cles_acceptees_0292_cuda.csv
alphaDeg,params_key,Temps et collision SRC,alias accepté,double,2.0943951023931953 rad,réel non NaN; alphaDeg converti en radians,rotationAngle,,Angle de rotation SRD/MPCD.,,simulation_params.h; params_io_base.cpp,src_mpcd_params_cles_acceptees_0292_cuda.csv
dt,params_key,Temps et collision SRC,canonique,double,1.0e-3,> 0,dt,,Pas de temps MPCD/SRD.,,simulation_params.h; params_io_base.cpp,src_mpcd_params_cles_acceptees_0292_cuda.csv
gridShiftEnable,params_key,Temps et collision SRC,canonique,booléen,true,booléen: true/1/yes/on ou false/0/no/off,gridShiftEnable,,Active le décalage aléatoire de grille avant collision.,,simulation_params.h; params_io_base.cpp,src_mpcd_params_cles_acceptees_0292_cuda.csv
nSteps,params_key,Temps et collision SRC,canonique,entier,1000,>= 0,nSteps,,Nombre de pas de temps simulés.,,simulation_params.h; params_io_base.cpp,src_mpcd_params_cles_acceptees_0292_cuda.csv
randomRotationSign,params_key,Temps et collision SRC,canonique,booléen,true,booléen: true/1/yes/on ou false/0/no/off,randomRotationSign,,Active le signe aléatoire de la rotation collisionnelle.,,simulation_params.h; params_io_base.cpp,src_mpcd_params_cles_acceptees_0292_cuda.csv
rngSeed,params_key,Temps et collision SRC,canonique,uint64,12345,entier non signé 64 bits,rngSeed,,Graine de génération pseudo-aléatoire.,,simulation_params.h; params_io_base.cpp,src_mpcd_params_cles_acceptees_0292_cuda.csv
rotationAngle,params_key,Temps et collision SRC,canonique,double,2.0943951023931953 rad,réel non NaN; alphaDeg converti en radians,rotationAngle,,Angle de rotation SRD/MPCD.,,simulation_params.h; params_io_base.cpp,src_mpcd_params_cles_acceptees_0292_cuda.csv
kBT,params_key,Thermostat,canonique,double,0.0,>=0 usuel; doit être >0 quand hérité par thermostat/paroi/inlet bruité,kBT,,Température cinétique globale de référence.,,simulation_params.h; params_io_base.cpp,src_mpcd_params_cles_acceptees_0292_cuda.csv
thermostatEnable,params_key,Thermostat,canonique,booléen,false,booléen: true/1/yes/on ou false/0/no/off,thermostatEnable,,Active/désactive physiquement le thermostat en CPU et en GPU; 0291b empêche les flags CUDA de forcer le thermostat si false.,,simulation_params.h; params_io_base.cpp,src_mpcd_params_cles_acceptees_0292_cuda.csv
thermostatEpsilon,params_key,Thermostat,canonique,double,1.0e-30,>0 si thermostatEnable=true,thermostatEpsilon,,Seuil numérique anti-division par zéro du thermostat.,,simulation_params.h; params_io_base.cpp,src_mpcd_params_cles_acceptees_0292_cuda.csv
thermostatEvery,params_key,Thermostat,canonique,entier,1,>0 si thermostatEnable=true,thermostatEvery,,Cadence du thermostat en pas de temps.,,simulation_params.h; params_io_base.cpp,src_mpcd_params_cles_acceptees_0292_cuda.csv
thermostatMinParticles,params_key,Thermostat,canonique,entier,3,>=2 si thermostatEnable=true,thermostatMinParticles,,Nombre minimal de particules d’une cellule pour thermostat.,,simulation_params.h; params_io_base.cpp,src_mpcd_params_cles_acceptees_0292_cuda.csv
thermostatMode,params_key,Thermostat,canonique,enum string,cell_relative_rescale,cell_relative_rescale,thermostatMode,,Mode de thermostat: rescale des vitesses relatives au centre de masse cellulaire.,,simulation_params.h; params_io_base.cpp,src_mpcd_params_cles_acceptees_0292_cuda.csv
thermostatTargetKBT,params_key,Thermostat,canonique,double,-1.0,négatif => hérite de kBT; sinon >0; 0 invalide si actif,thermostatTargetKBT,,Température cinétique cible du thermostat.,,simulation_params.h; params_io_base.cpp,src_mpcd_params_cles_acceptees_0292_cuda.csv
DUMP_ROLE_FILTER,params_or_script_alias,Alias script,ajout 0314,all|fluid,fluid dans scripts visual 0309+,,,,Alias exporté par les scripts vers dumpRoleFilter.,"Paramètre de script, pas toujours une clé directe.",,src_mpcd_cuda_resampling_params_delta_0314.csv | src_mpcd_cuda_resampling_params_delta_0314_to_0337_livevis.csv
SUMMARY_ROLE_FILTER,params_or_script_alias,Alias script,ajout 0314,all|fluid,fluid dans scripts visual 0309+,,,,Alias exporté par les scripts vers summaryRoleFilter.,"Paramètre de script, pas toujours une clé directe.",,src_mpcd_cuda_resampling_params_delta_0314.csv | src_mpcd_cuda_resampling_params_delta_0314_to_0337_livevis.csv
BIN,params_or_script_alias,Alias script / binaire,mis à jour 0337 livevis,chemin exécutable,build/src_mpcd_base_cuda_q6_resident_livevis_0486 dans les runners 0493w4–0493w8,,,,Binaire exécuté par les scripts portables livevis.,Peut être surchargé; independent_masked requiert le binaire CUDA Q6 résident 0486 ou un build équivalent.,scripts/run_ok_injection_type1_into_type2_empty.sh; scripts/run_0493w8_tg_mono_dual_equivalence.sh,src_mpcd_cuda_params_added_0337_livevis.csv | src_mpcd_cuda_resampling_params_delta_0314_to_0337_livevis.csv | mise à jour 0493w8 / commit caa5b6b
AUTO_BUILD,params_or_script_alias,Alias script / build,mis à jour 0337 livevis,booléen,1,,,,Autorise le script à compiler automatiquement le binaire manquant.,"Dans les scripts livevis, le build automatique passe MPCD_ENABLE_LIVE_VIS=1.",,src_mpcd_cuda_params_added_0337_livevis.csv | src_mpcd_cuda_resampling_params_delta_0314_to_0337_livevis.csv
RUN_MODES,params_or_script_alias,Alias script / cas de run,existant; utilisé scripts portables,liste de modes: src; src-q6; src-resampling; src-q6-resampling,dépend du runner; src src-q6 pour les comparaisons injection/TG,,,,"Choisit les branches d’ablation SRC, Q6 et resampling exécutées par les runners.",0493w4–0493w8: Q6 et resampling restent deux axes indépendants; la qualification Q6 initiale garde le resampling désactivé.,scripts/run_ok_injection_type1_into_type2_empty.sh; scripts/run_0493w8_tg_mono_dual_equivalence.sh,src_mpcd_cuda_params_added_0337_livevis.csv | src_mpcd_cuda_resampling_params_delta_0314_to_0337_livevis.csv | mise à jour 0493w8 / commit caa5b6b
LIVE_VIS_ALPHA,params_or_script_alias,Alias script livevis 0337,ajout 0337 | précisé 0436b,double,0.08,,,,Lissage temporel visuel.,Principalement utile au fallback CPU. | 0436b: alpha est une persistance temporelle de displayScalar indépendante de smoothPasses; un changement de field ou particleTypeFilter force un reset d’une frame si le correctif 0436b est appliqué.,src/live_visualization_0335.cpp,src_mpcd_cuda_params_added_0337_livevis.csv | src_mpcd_cuda_resampling_params_delta_0314_to_0337_livevis.csv | session_0436_particle_type_filter_livevis
LIVE_VIS_CLIP,params_or_script_alias,Alias script livevis 0337,ajout 0337,double; <=0 auto,-1,,,,Échelle de saturation couleur.,Exemples: ux clip 0.2–0.5; vorticity clip 5–20 selon cas.,,src_mpcd_cuda_params_added_0337_livevis.csv | src_mpcd_cuda_resampling_params_delta_0314_to_0337_livevis.csv
LIVE_VIS_CUDA_FIELD,params_or_script_alias,Alias script livevis 0337,ajout 0337a,booléen,1,,,,Active le renderer CUDA de champ.,Mode recommandé par défaut pour classic et resampling livevis.,,src_mpcd_cuda_params_added_0337_livevis.csv | src_mpcd_cuda_resampling_params_delta_0314_to_0337_livevis.csv
LIVE_VIS_CUDA_SNAPSHOT,params_or_script_alias,Alias script livevis 0337,ajout 0336/0337,booléen,0,,,,Active le snapshot compact expérimental.,Non fiable après resampling; garder à 0 sauf diagnostic.,,src_mpcd_cuda_params_added_0337_livevis.csv | src_mpcd_cuda_resampling_params_delta_0314_to_0337_livevis.csv
LIVE_VIS_ENABLE,params_or_script_alias,Alias script livevis 0337,ajout 0337,booléen,1,,,,Active la visualisation dans les scripts portables livevis.,Exporté vers SRC_LIVE_VIS_ENABLE. Mettre 0 pour exécuter sans fenêtre.,,src_mpcd_cuda_params_added_0337_livevis.csv | src_mpcd_cuda_resampling_params_delta_0314_to_0337_livevis.csv
LIVE_VIS_EVERY,params_or_script_alias,Alias script livevis 0337,ajout 0337 | mis à jour 0433a,entier >0,20,,,,"Cadence de rendu livevis. | Depuis 0433a, cette cadence est aussi la valeur suivie par recordEvery quand recordEvery est absent ou <=0.",Exporté vers SRC_LIVE_VIS_EVERY. | 0433a: initialise SRC_LIVE_VIS_EVERY au démarrage; peut ensuite être remplacé à chaud par livevis_control.kv:liveEvery/every/visualEvery.,src/live_visualization_0335.cpp; src/filtered_field_recorder_0432.cpp,src_mpcd_cuda_params_added_0337_livevis.csv | src_mpcd_cuda_resampling_params_delta_0314_to_0337_livevis.csv | session_0433a_wysiwyr
LIVE_VIS_FIELD,params_or_script_alias,Alias script livevis 0337,ajout 0337,ux|uy|speed|vorticity|mass|density,dépend du script,,,,Champ affiché par défaut dans la fenêtre live.,"Par défaut: VK/TG=vorticity, Poiseuille=ux, backward-step/box=speed.",,src_mpcd_cuda_params_added_0337_livevis.csv | src_mpcd_cuda_resampling_params_delta_0314_to_0337_livevis.csv
LIVE_VIS_FORCE_HOST_MIRROR,params_or_script_alias,Alias script livevis 0337,ajout 0335c,booléen,0,,,,Force le miroir hôte pour visualisation.,Debug seulement.,,src_mpcd_cuda_params_added_0337_livevis.csv | src_mpcd_cuda_resampling_params_delta_0314_to_0337_livevis.csv
LIVE_VIS_GAIN,params_or_script_alias,Alias script livevis 0337,ajout 0337,double >0,1.0,,,,Gain couleur.,Réduire si la colormap est saturée; augmenter si le contraste est faible.,,src_mpcd_cuda_params_added_0337_livevis.csv | src_mpcd_cuda_resampling_params_delta_0314_to_0337_livevis.csv
LIVE_VIS_LOG_SOURCE,params_or_script_alias,Alias script livevis 0337,ajout 0337d,booléen,0,,,,Affiche le statut source livevis sur une ligne.,Exporté vers SRC_LIVE_VIS_LOG_SOURCE; depuis 0337d ne spamme plus le terminal.,,src_mpcd_cuda_params_added_0337_livevis.csv | src_mpcd_cuda_resampling_params_delta_0314_to_0337_livevis.csv
LIVE_VIS_NX,params_or_script_alias,Alias script livevis 0337,ajout 0337,entier,300,,,,Résolution x du champ livevis.,Exporté vers SRC_LIVE_VIS_NX.,,src_mpcd_cuda_params_added_0337_livevis.csv | src_mpcd_cuda_resampling_params_delta_0314_to_0337_livevis.csv
LIVE_VIS_NY,params_or_script_alias,Alias script livevis 0337,ajout 0337,entier,80,,,,Résolution y du champ livevis.,Exporté vers SRC_LIVE_VIS_NY.,,src_mpcd_cuda_params_added_0337_livevis.csv | src_mpcd_cuda_resampling_params_delta_0314_to_0337_livevis.csv
LIVE_VIS_QUANTILE,params_or_script_alias,Alias script livevis 0337,ajout 0337,"double dans (0,1]",0.995,,,,Quantile auto de mise à l’échelle.,Limiter les outliers dans le fallback CPU.,,src_mpcd_cuda_params_added_0337_livevis.csv | src_mpcd_cuda_resampling_params_delta_0314_to_0337_livevis.csv
LIVE_VIS_RESAMPLING_HOST_MIRROR,params_or_script_alias,Alias script livevis 0337,ajout 0335d/0337,booléen,0,,,,Force le fallback hôte en resampling.,Fiable mais lent; garder à 0 avec CUDA_FIELD=1.,,src_mpcd_cuda_params_added_0337_livevis.csv | src_mpcd_cuda_resampling_params_delta_0314_to_0337_livevis.csv
LIVE_VIS_SMOOTH_PASSES,params_or_script_alias,Alias script livevis 0337,ajout 0337,entier >=0,1,,,,Lissage spatial du rendu.,Vorticity utilise souvent 1–2 passes.,,src_mpcd_cuda_params_added_0337_livevis.csv | src_mpcd_cuda_resampling_params_delta_0314_to_0337_livevis.csv
LIVE_VIS_VSYNC,params_or_script_alias,Alias script livevis 0337,ajout 0337,booléen/int,0,,,,Vsync GLFW.,0 recommandé pour ne pas brider le calcul.,,src_mpcd_cuda_params_added_0337_livevis.csv | src_mpcd_cuda_resampling_params_delta_0314_to_0337_livevis.csv
LIVE_VIS_WINDOW_SCALE,params_or_script_alias,Alias script livevis 0337,ajout 0337,entier >=1,1,,,,Facteur d’échelle de la fenêtre.,N’affecte pas la simulation.,,src_mpcd_cuda_params_added_0337_livevis.csv | src_mpcd_cuda_resampling_params_delta_0314_to_0337_livevis.csv
INACTIVE_SLOTS_RESAMPLING,params_or_script_alias,Alias script livevis/benchmark,confirmé 0337,entier,750000 pour certains scripts,,,,Nombre de slots inactifs pour les cas resampling.,N’affecte pas le SRC classic si RUN_MODES=classic; utile pour réservoir resampling.,,src_mpcd_cuda_params_added_0337_livevis.csv | src_mpcd_cuda_resampling_params_delta_0314_to_0337_livevis.csv
INACTIVE_SLOTS,params_or_script_alias,Capacité particulaire,consolidé 0311-0312,entier,50k-120k selon cas; pas de défaut universel,,,,Nombre de slots Inactive préalloués par les générateurs/scripts.,La réserve peut être grande sans être écrite dans les dumps si dumpRoleFilter=fluid.,,src_mpcd_cuda_resampling_params_delta_0314.csv | src_mpcd_cuda_resampling_params_delta_0314_to_0337_livevis.csv
dumpRoleFilter,params_or_script_alias,Dumps et post-traitement,ajout 0314,all|fluid,all dans le cœur; fluid dans scripts visuels,,,,Contrôle si les dumps .smpcd écrivent tous les slots ou seulement les particules Fluid.,fluid accélère visualisation/post-traitement mais ne doit pas être utilisé pour un restart complet.,,src_mpcd_cuda_resampling_params_delta_0314.csv | src_mpcd_cuda_resampling_params_delta_0314_to_0337_livevis.csv
summaryRoleFilter,params_or_script_alias,Summaries runtime,ajout 0314,all|fluid,all dans le cœur; fluid dans scripts visuels,,,,Contrôle si les summaries parcourent tous les slots ou un état compact fluide.,fluid réduit le coût lorsque INACTIVE_SLOTS est grand.,,src_mpcd_cuda_resampling_params_delta_0314.csv | src_mpcd_cuda_resampling_params_delta_0314_to_0337_livevis.csv
darcyBrinkmanEnable,kv_param,Darcy/Brinkman — activation,ajout 0343; complété 0426,booléen,false,true/false,DarcyBrinkmanConfig.enabled,,Active le module de pénalisation Darcy--Brinkman piloté par chi.,"Le test darcyOff 0425/0426 a montré que le coût lent observé venait des flags CUDA, pas de ce booléen seul.",scripts/run_src_classic_cuda_darcy_chi_lr_segments_0411.sh; scripts/run_src_classic_cuda_darcy_chi_naca_periodic_0414.sh; scripts/run_src_classic_cuda_darcy_chi_vonkarman_periodic_0416.sh; scripts/run_src_classic_cuda_darcy_chi_backward_step_0425.sh; doc/README_0426_DARCY_FASTFLAGS.md,src_mpcd_params_inventory_consolidated_0365.csv + compléments Darcy/Brinkman/livevis 0411-0426
darcyChiMode,kv_param,Darcy/Brinkman — champ chi,ajout 0345,chaîne,analytic,analytic|file,DarcyBrinkmanConfig.chiMode,,Sélectionne un chi analytique ou un champ chi externe lu depuis fichier.,Le mode file est la voie recommandée pour géométries arbitraires et optimisation externe.,scripts/run_src_classic_cuda_darcy_chi_lr_segments_0411.sh; scripts/run_src_classic_cuda_darcy_chi_naca_periodic_0414.sh; scripts/run_src_classic_cuda_darcy_chi_vonkarman_periodic_0416.sh; scripts/run_src_classic_cuda_darcy_chi_backward_step_0425.sh; doc/README_0426_DARCY_FASTFLAGS.md,src_mpcd_params_inventory_consolidated_0365.csv + compléments Darcy/Brinkman/livevis 0411-0426
darcyChiFile,kv_param,Darcy/Brinkman — champ chi,ajout 0345,chemin fichier,,fichier .f32/.png selon script; doit correspondre à darcyChiNx/Ny,DarcyBrinkmanConfig.chiFile,"CHI_FILE,DARCY_CHI_FILE",Chemin du champ chi externe utilisé par le solveur.,"Convention : chi=1 fluide libre, chi=0 solide/poreux.",scripts/run_src_classic_cuda_darcy_chi_lr_segments_0411.sh; scripts/run_src_classic_cuda_darcy_chi_naca_periodic_0414.sh; scripts/run_src_classic_cuda_darcy_chi_vonkarman_periodic_0416.sh; scripts/run_src_classic_cuda_darcy_chi_backward_step_0425.sh; doc/README_0426_DARCY_FASTFLAGS.md,src_mpcd_params_inventory_consolidated_0365.csv + compléments Darcy/Brinkman/livevis 0411-0426
darcyChiFileFormat,kv_param,Darcy/Brinkman — champ chi,ajout 0345,chaîne,float32,float32; autres formats selon lecteurs disponibles,DarcyBrinkmanConfig.chiFileFormat,"CHI_FILE_FORMAT,DARCY_CHI_FILE_FORMAT",Format de stockage du champ chi externe.,Les scripts de démonstration utilisent majoritairement float32 row-major.,scripts/run_src_classic_cuda_darcy_chi_lr_segments_0411.sh; scripts/run_src_classic_cuda_darcy_chi_naca_periodic_0414.sh; scripts/run_src_classic_cuda_darcy_chi_vonkarman_periodic_0416.sh; scripts/run_src_classic_cuda_darcy_chi_backward_step_0425.sh; doc/README_0426_DARCY_FASTFLAGS.md,src_mpcd_params_inventory_consolidated_0365.csv + compléments Darcy/Brinkman/livevis 0411-0426
darcyChiNx,kv_param,Darcy/Brinkman — champ chi,ajout 0345,entier,Nx,>0; doit correspondre à la grille,DarcyBrinkmanConfig.darcyChiNx,,Dimension x du champ chi externe.,Doit rester cohérente avec la grille de simulation.,scripts/run_src_classic_cuda_darcy_chi_lr_segments_0411.sh; scripts/run_src_classic_cuda_darcy_chi_naca_periodic_0414.sh; scripts/run_src_classic_cuda_darcy_chi_vonkarman_periodic_0416.sh; scripts/run_src_classic_cuda_darcy_chi_backward_step_0425.sh; doc/README_0426_DARCY_FASTFLAGS.md,src_mpcd_params_inventory_consolidated_0365.csv + compléments Darcy/Brinkman/livevis 0411-0426
darcyChiNy,kv_param,Darcy/Brinkman — champ chi,ajout 0345,entier,Ny,>0; doit correspondre à la grille,DarcyBrinkmanConfig.darcyChiNy,,Dimension y du champ chi externe.,Doit rester cohérente avec la grille de simulation.,scripts/run_src_classic_cuda_darcy_chi_lr_segments_0411.sh; scripts/run_src_classic_cuda_darcy_chi_naca_periodic_0414.sh; scripts/run_src_classic_cuda_darcy_chi_vonkarman_periodic_0416.sh; scripts/run_src_classic_cuda_darcy_chi_backward_step_0425.sh; doc/README_0426_DARCY_FASTFLAGS.md,src_mpcd_params_inventory_consolidated_0365.csv + compléments Darcy/Brinkman/livevis 0411-0426
darcyAlphaMin,kv_param,Darcy/Brinkman — interpolation alpha,ajout 0343,double,0.0,>=0,DarcyBrinkmanConfig.alphaMin,"ALPHA_MIN,DARCY_ALPHA_MIN",Valeur minimale de la résistance alpha dans le fluide libre.,Typiquement 0 pour ne pas freiner le fluide chi=1.,scripts/run_src_classic_cuda_darcy_chi_lr_segments_0411.sh; scripts/run_src_classic_cuda_darcy_chi_naca_periodic_0414.sh; scripts/run_src_classic_cuda_darcy_chi_vonkarman_periodic_0416.sh; scripts/run_src_classic_cuda_darcy_chi_backward_step_0425.sh; doc/README_0426_DARCY_FASTFLAGS.md,src_mpcd_params_inventory_consolidated_0365.csv + compléments Darcy/Brinkman/livevis 0411-0426
darcyAlphaMax,kv_param,Darcy/Brinkman — interpolation alpha,ajout 0343; complété 0425/0426,double,"variable : 80, 8000, 800000 selon script",>=0,DarcyBrinkmanConfig.alphaMax,"ALPHA,DARCY_ALPHA_MAX",Valeur maximale de résistance dans les zones chi≈0.,0425 backward step validé avec alphaMax=8e5 dans mean_outward_bath+chiVP après fastflags.,scripts/run_src_classic_cuda_darcy_chi_lr_segments_0411.sh; scripts/run_src_classic_cuda_darcy_chi_naca_periodic_0414.sh; scripts/run_src_classic_cuda_darcy_chi_vonkarman_periodic_0416.sh; scripts/run_src_classic_cuda_darcy_chi_backward_step_0425.sh; doc/README_0426_DARCY_FASTFLAGS.md,src_mpcd_params_inventory_consolidated_0365.csv + compléments Darcy/Brinkman/livevis 0411-0426
darcyQ,kv_param,Darcy/Brinkman — interpolation alpha,ajout 0343,double,0.1,>0,DarcyBrinkmanConfig.q,DARCY_Q,Paramètre de raideur de l’interpolation Borrvall--Petersson alpha(chi).,Plus petit q accentue la transition solide/fluide.,scripts/run_src_classic_cuda_darcy_chi_lr_segments_0411.sh; scripts/run_src_classic_cuda_darcy_chi_naca_periodic_0414.sh; scripts/run_src_classic_cuda_darcy_chi_vonkarman_periodic_0416.sh; scripts/run_src_classic_cuda_darcy_chi_backward_step_0425.sh; doc/README_0426_DARCY_FASTFLAGS.md,src_mpcd_params_inventory_consolidated_0365.csv + compléments Darcy/Brinkman/livevis 0411-0426
darcyUSolidX,kv_param,Darcy/Brinkman — vitesse solide,ajout 0343,double,0.0,réel,DarcyBrinkmanConfig.uSolidX,DARCY_USOLID_X,Composante x de la vitesse cible solide vers laquelle le frein Darcy relaxe.,,scripts/run_src_classic_cuda_darcy_chi_lr_segments_0411.sh; scripts/run_src_classic_cuda_darcy_chi_naca_periodic_0414.sh; scripts/run_src_classic_cuda_darcy_chi_vonkarman_periodic_0416.sh; scripts/run_src_classic_cuda_darcy_chi_backward_step_0425.sh; doc/README_0426_DARCY_FASTFLAGS.md,src_mpcd_params_inventory_consolidated_0365.csv + compléments Darcy/Brinkman/livevis 0411-0426
darcyUSolidY,kv_param,Darcy/Brinkman — vitesse solide,ajout 0343,double,0.0,réel,DarcyBrinkmanConfig.uSolidY,DARCY_USOLID_Y,Composante y de la vitesse cible solide vers laquelle le frein Darcy relaxe.,,scripts/run_src_classic_cuda_darcy_chi_lr_segments_0411.sh; scripts/run_src_classic_cuda_darcy_chi_naca_periodic_0414.sh; scripts/run_src_classic_cuda_darcy_chi_vonkarman_periodic_0416.sh; scripts/run_src_classic_cuda_darcy_chi_backward_step_0425.sh; doc/README_0426_DARCY_FASTFLAGS.md,src_mpcd_params_inventory_consolidated_0365.csv + compléments Darcy/Brinkman/livevis 0411-0426
darcyCostEvery,kv_param,Darcy/Brinkman — diagnostics,ajout 0343,entier,summaryEvery,>=1; grande valeur pour quasi-désactiver la cadence,DarcyBrinkmanConfig.costEvery,DARCY_COST_EVERY,Cadence d’écriture du fichier darcy_cost_0343.csv.,L’ablation 0425 a montré que ce n’était pas le poste dominant du ralentissement.,scripts/run_src_classic_cuda_darcy_chi_lr_segments_0411.sh; scripts/run_src_classic_cuda_darcy_chi_naca_periodic_0414.sh; scripts/run_src_classic_cuda_darcy_chi_vonkarman_periodic_0416.sh; scripts/run_src_classic_cuda_darcy_chi_backward_step_0425.sh; doc/README_0426_DARCY_FASTFLAGS.md,src_mpcd_params_inventory_consolidated_0365.csv + compléments Darcy/Brinkman/livevis 0411-0426
darcyCostFilename,kv_param,Darcy/Brinkman — diagnostics,ajout 0343,nom fichier,darcy_cost_0343.csv,chemin relatif outputDir,DarcyBrinkmanConfig.costFilename,,"Nom du CSV de diagnostics Darcy : puissance, fuite solide, moyenne chi/alpha, etc.",,scripts/run_src_classic_cuda_darcy_chi_lr_segments_0411.sh; scripts/run_src_classic_cuda_darcy_chi_naca_periodic_0414.sh; scripts/run_src_classic_cuda_darcy_chi_vonkarman_periodic_0416.sh; scripts/run_src_classic_cuda_darcy_chi_backward_step_0425.sh; doc/README_0426_DARCY_FASTFLAGS.md,src_mpcd_params_inventory_consolidated_0365.csv + compléments Darcy/Brinkman/livevis 0411-0426
darcyThreadsPerBlock,kv_param,Darcy/Brinkman — CUDA,ajout 0343,entier,256,multiple raisonnable de warp,DarcyBrinkmanConfig.threadsPerBlock,DARCY_THREADS_PER_BLOCK,Taille de bloc CUDA utilisée par les kernels Darcy.,,scripts/run_src_classic_cuda_darcy_chi_lr_segments_0411.sh; scripts/run_src_classic_cuda_darcy_chi_naca_periodic_0414.sh; scripts/run_src_classic_cuda_darcy_chi_vonkarman_periodic_0416.sh; scripts/run_src_classic_cuda_darcy_chi_backward_step_0425.sh; doc/README_0426_DARCY_FASTFLAGS.md,src_mpcd_params_inventory_consolidated_0365.csv + compléments Darcy/Brinkman/livevis 0411-0426
darcyInitialDeactivateBelowChi,kv_param,Darcy/Brinkman — état initial chi,ajout 0418,double,-1 ou 0.05 selon script,<0 désactive; sinon seuil chi,DarcyBrinkmanConfig.initialDeactivateBelowChi,DARCY_INITIAL_DEACTIVATE_BELOW_CHI,Désactive initialement les particules situées dans les cellules de chi inférieur au seuil.,Valeur 0.05 retenue pour backward step afin d’éviter une masse fluide initiale dans le solide.,scripts/run_src_classic_cuda_darcy_chi_lr_segments_0411.sh; scripts/run_src_classic_cuda_darcy_chi_naca_periodic_0414.sh; scripts/run_src_classic_cuda_darcy_chi_vonkarman_periodic_0416.sh; scripts/run_src_classic_cuda_darcy_chi_backward_step_0425.sh; doc/README_0426_DARCY_FASTFLAGS.md,src_mpcd_params_inventory_consolidated_0365.csv + compléments Darcy/Brinkman/livevis 0411-0426
darcyBrinkmanForcingMode,kv_param,Darcy/Brinkman — mode de forcing,ajout 0418-0420,chaîne,mean ou mean_outward_bath,mean|outward_bath|mean_outward_bath selon build,DarcyBrinkmanConfig.forcingMode,DARCY_BRINKMAN_FORCING_MODE,"Sélectionne le schéma de kick : moyenne cellulaire, bain orienté par grad chi, ou combinaison.",Le mode mean_outward_bath est le candidat solide-aware retenu pour backward step.,scripts/run_src_classic_cuda_darcy_chi_lr_segments_0411.sh; scripts/run_src_classic_cuda_darcy_chi_naca_periodic_0414.sh; scripts/run_src_classic_cuda_darcy_chi_vonkarman_periodic_0416.sh; scripts/run_src_classic_cuda_darcy_chi_backward_step_0425.sh; doc/README_0426_DARCY_FASTFLAGS.md,src_mpcd_params_inventory_consolidated_0365.csv + compléments Darcy/Brinkman/livevis 0411-0426
darcyChiCollisionVpEnable,kv_param,Darcy/Brinkman — chiVP collision,ajout 0422; complété 0424/0425,booléen,false ou true selon script,true/false,DarcyChiCollisionVpConfig.darcyChiCollisionVpEnable,DARCY_CHI_COLLISION_VP_ENABLE,Active les moments virtuels de collision dérivés de chi.,Pas de particules persistantes : contribution effective au centre de masse de collision.,scripts/run_src_classic_cuda_darcy_chi_lr_segments_0411.sh; scripts/run_src_classic_cuda_darcy_chi_naca_periodic_0414.sh; scripts/run_src_classic_cuda_darcy_chi_vonkarman_periodic_0416.sh; scripts/run_src_classic_cuda_darcy_chi_backward_step_0425.sh; doc/README_0426_DARCY_FASTFLAGS.md,src_mpcd_params_inventory_consolidated_0365.csv + compléments Darcy/Brinkman/livevis 0411-0426
darcyChiCollisionVpMode,kv_param,Darcy/Brinkman — chiVP collision,ajout 0422; complété 0424/0425,chaîne,interface_band,interface_band,DarcyChiCollisionVpConfig.darcyChiCollisionVpMode,DARCY_CHI_COLLISION_VP_MODE,Sélectionne la zone chi utilisée pour les moments virtuels.,Mode nominal : bande d’interface.,scripts/run_src_classic_cuda_darcy_chi_lr_segments_0411.sh; scripts/run_src_classic_cuda_darcy_chi_naca_periodic_0414.sh; scripts/run_src_classic_cuda_darcy_chi_vonkarman_periodic_0416.sh; scripts/run_src_classic_cuda_darcy_chi_backward_step_0425.sh; doc/README_0426_DARCY_FASTFLAGS.md,src_mpcd_params_inventory_consolidated_0365.csv + compléments Darcy/Brinkman/livevis 0411-0426
darcyChiCollisionVpGamma,kv_param,Darcy/Brinkman — chiVP collision,ajout 0422; complété 0424/0425,entier/double,-1,-1 hérite gamma nominal; sinon valeur explicite,DarcyChiCollisionVpConfig.darcyChiCollisionVpGamma,DARCY_CHI_COLLISION_VP_GAMMA,Occupation virtuelle de référence pour chiVP.,-1 utilisé dans les scripts pour rester cohérent avec GAMMA.,scripts/run_src_classic_cuda_darcy_chi_lr_segments_0411.sh; scripts/run_src_classic_cuda_darcy_chi_naca_periodic_0414.sh; scripts/run_src_classic_cuda_darcy_chi_vonkarman_periodic_0416.sh; scripts/run_src_classic_cuda_darcy_chi_backward_step_0425.sh; doc/README_0426_DARCY_FASTFLAGS.md,src_mpcd_params_inventory_consolidated_0365.csv + compléments Darcy/Brinkman/livevis 0411-0426
darcyChiCollisionVpMass,kv_param,Darcy/Brinkman — chiVP collision,ajout 0422; complété 0424/0425,double,1.0,>0,DarcyChiCollisionVpConfig.darcyChiCollisionVpMass,DARCY_CHI_COLLISION_VP_MASS,Masse unitaire virtuelle utilisée dans le moment effectif.,,scripts/run_src_classic_cuda_darcy_chi_lr_segments_0411.sh; scripts/run_src_classic_cuda_darcy_chi_naca_periodic_0414.sh; scripts/run_src_classic_cuda_darcy_chi_vonkarman_periodic_0416.sh; scripts/run_src_classic_cuda_darcy_chi_backward_step_0425.sh; doc/README_0426_DARCY_FASTFLAGS.md,src_mpcd_params_inventory_consolidated_0365.csv + compléments Darcy/Brinkman/livevis 0411-0426
darcyChiCollisionVpLayers,kv_param,Darcy/Brinkman — chiVP collision,ajout 0422; complété 0424/0425,entier,1,>=1,DarcyChiCollisionVpConfig.darcyChiCollisionVpLayers,DARCY_CHI_COLLISION_VP_LAYERS,Nombre de couches d’interface prises en compte.,,scripts/run_src_classic_cuda_darcy_chi_lr_segments_0411.sh; scripts/run_src_classic_cuda_darcy_chi_naca_periodic_0414.sh; scripts/run_src_classic_cuda_darcy_chi_vonkarman_periodic_0416.sh; scripts/run_src_classic_cuda_darcy_chi_backward_step_0425.sh; doc/README_0426_DARCY_FASTFLAGS.md,src_mpcd_params_inventory_consolidated_0365.csv + compléments Darcy/Brinkman/livevis 0411-0426
darcyChiCollisionVpThreshold,kv_param,Darcy/Brinkman — chiVP collision,ajout 0422; complété 0424/0425,double,0.5,0..1,DarcyChiCollisionVpConfig.darcyChiCollisionVpThreshold,DARCY_CHI_COLLISION_VP_THRESHOLD,Seuil chi pour détecter l’interface virtuelle.,,scripts/run_src_classic_cuda_darcy_chi_lr_segments_0411.sh; scripts/run_src_classic_cuda_darcy_chi_naca_periodic_0414.sh; scripts/run_src_classic_cuda_darcy_chi_vonkarman_periodic_0416.sh; scripts/run_src_classic_cuda_darcy_chi_backward_step_0425.sh; doc/README_0426_DARCY_FASTFLAGS.md,src_mpcd_params_inventory_consolidated_0365.csv + compléments Darcy/Brinkman/livevis 0411-0426
darcyChiCollisionVpStrength,kv_param,Darcy/Brinkman — chiVP collision,ajout 0422; complété 0424/0425,double,0.25 ou 1.0 selon script,>=0,DarcyChiCollisionVpConfig.darcyChiCollisionVpStrength,DARCY_CHI_COLLISION_VP_STRENGTH,Gain relatif de la contribution chiVP.,0.25 retenu après sweep Von Karman filtré et backward step 0425.,scripts/run_src_classic_cuda_darcy_chi_lr_segments_0411.sh; scripts/run_src_classic_cuda_darcy_chi_naca_periodic_0414.sh; scripts/run_src_classic_cuda_darcy_chi_vonkarman_periodic_0416.sh; scripts/run_src_classic_cuda_darcy_chi_backward_step_0425.sh; doc/README_0426_DARCY_FASTFLAGS.md,src_mpcd_params_inventory_consolidated_0365.csv + compléments Darcy/Brinkman/livevis 0411-0426
topoBenchmarkEnable,kv_param,Darcy/Brinkman — benchmark topo,ajout 0348a/0348b,booléen,true,true/false,TopoBenchmarkConfig.topoBenchmarkEnable,TOPO_BENCHMARK_ENABLE,Active le benchmark topologique optionnel.,"Observables proxy : à interpréter comme force de pénalisation volumique, pas effort pariétal exact.",scripts/run_src_classic_cuda_darcy_chi_lr_segments_0411.sh; scripts/run_src_classic_cuda_darcy_chi_naca_periodic_0414.sh; scripts/run_src_classic_cuda_darcy_chi_vonkarman_periodic_0416.sh; scripts/run_src_classic_cuda_darcy_chi_backward_step_0425.sh; doc/README_0426_DARCY_FASTFLAGS.md,src_mpcd_params_inventory_consolidated_0365.csv + compléments Darcy/Brinkman/livevis 0411-0426
topoBenchmarkEvery,kv_param,Darcy/Brinkman — benchmark topo,ajout 0348a/0348b,entier,darcyCostEvery,>=1,TopoBenchmarkConfig.topoBenchmarkEvery,TOPO_BENCHMARK_EVERY,Cadence d’écriture des observables topo.,"Observables proxy : à interpréter comme force de pénalisation volumique, pas effort pariétal exact.",scripts/run_src_classic_cuda_darcy_chi_lr_segments_0411.sh; scripts/run_src_classic_cuda_darcy_chi_naca_periodic_0414.sh; scripts/run_src_classic_cuda_darcy_chi_vonkarman_periodic_0416.sh; scripts/run_src_classic_cuda_darcy_chi_backward_step_0425.sh; doc/README_0426_DARCY_FASTFLAGS.md,src_mpcd_params_inventory_consolidated_0365.csv + compléments Darcy/Brinkman/livevis 0411-0426
topoBenchmarkFilename,kv_param,Darcy/Brinkman — benchmark topo,ajout 0348a/0348b,nom fichier,topo_benchmark_0348.csv,chemin relatif outputDir,TopoBenchmarkConfig.topoBenchmarkFilename,TOPO_BENCHMARK_FILENAME,Nom du CSV benchmark topo.,"Observables proxy : à interpréter comme force de pénalisation volumique, pas effort pariétal exact.",scripts/run_src_classic_cuda_darcy_chi_lr_segments_0411.sh; scripts/run_src_classic_cuda_darcy_chi_naca_periodic_0414.sh; scripts/run_src_classic_cuda_darcy_chi_vonkarman_periodic_0416.sh; scripts/run_src_classic_cuda_darcy_chi_backward_step_0425.sh; doc/README_0426_DARCY_FASTFLAGS.md,src_mpcd_params_inventory_consolidated_0365.csv + compléments Darcy/Brinkman/livevis 0411-0426
topoBenchmarkForceEnable,kv_param,Darcy/Brinkman — benchmark topo,ajout 0348a/0348b,booléen,true,true/false,TopoBenchmarkConfig.topoBenchmarkForceEnable,TOPO_BENCHMARK_FORCE_ENABLE,Active les observables de force Darcy cell-based.,"Observables proxy : à interpréter comme force de pénalisation volumique, pas effort pariétal exact.",scripts/run_src_classic_cuda_darcy_chi_lr_segments_0411.sh; scripts/run_src_classic_cuda_darcy_chi_naca_periodic_0414.sh; scripts/run_src_classic_cuda_darcy_chi_vonkarman_periodic_0416.sh; scripts/run_src_classic_cuda_darcy_chi_backward_step_0425.sh; doc/README_0426_DARCY_FASTFLAGS.md,src_mpcd_params_inventory_consolidated_0365.csv + compléments Darcy/Brinkman/livevis 0411-0426
topoBenchmarkDragLiftEnable,kv_param,Darcy/Brinkman — benchmark topo,ajout 0348a/0348b,booléen,true,true/false,TopoBenchmarkConfig.topoBenchmarkDragLiftEnable,TOPO_BENCHMARK_DRAG_LIFT_ENABLE,Active les projections drag/lift proxy.,"Observables proxy : à interpréter comme force de pénalisation volumique, pas effort pariétal exact.",scripts/run_src_classic_cuda_darcy_chi_lr_segments_0411.sh; scripts/run_src_classic_cuda_darcy_chi_naca_periodic_0414.sh; scripts/run_src_classic_cuda_darcy_chi_vonkarman_periodic_0416.sh; scripts/run_src_classic_cuda_darcy_chi_backward_step_0425.sh; doc/README_0426_DARCY_FASTFLAGS.md,src_mpcd_params_inventory_consolidated_0365.csv + compléments Darcy/Brinkman/livevis 0411-0426
topoBenchmarkFlowDirX,kv_param,Darcy/Brinkman — benchmark topo,ajout 0348a/0348b,double,1.0,vecteur direction,TopoBenchmarkConfig.topoBenchmarkFlowDirX,TOPO_BENCHMARK_FLOW_DIR_X,Composante x de la direction drag/écoulement.,"Observables proxy : à interpréter comme force de pénalisation volumique, pas effort pariétal exact.",scripts/run_src_classic_cuda_darcy_chi_lr_segments_0411.sh; scripts/run_src_classic_cuda_darcy_chi_naca_periodic_0414.sh; scripts/run_src_classic_cuda_darcy_chi_vonkarman_periodic_0416.sh; scripts/run_src_classic_cuda_darcy_chi_backward_step_0425.sh; doc/README_0426_DARCY_FASTFLAGS.md,src_mpcd_params_inventory_consolidated_0365.csv + compléments Darcy/Brinkman/livevis 0411-0426
topoBenchmarkFlowDirY,kv_param,Darcy/Brinkman — benchmark topo,ajout 0348a/0348b,double,0.0,vecteur direction,TopoBenchmarkConfig.topoBenchmarkFlowDirY,TOPO_BENCHMARK_FLOW_DIR_Y,Composante y de la direction drag/écoulement.,"Observables proxy : à interpréter comme force de pénalisation volumique, pas effort pariétal exact.",scripts/run_src_classic_cuda_darcy_chi_lr_segments_0411.sh; scripts/run_src_classic_cuda_darcy_chi_naca_periodic_0414.sh; scripts/run_src_classic_cuda_darcy_chi_vonkarman_periodic_0416.sh; scripts/run_src_classic_cuda_darcy_chi_backward_step_0425.sh; doc/README_0426_DARCY_FASTFLAGS.md,src_mpcd_params_inventory_consolidated_0365.csv + compléments Darcy/Brinkman/livevis 0411-0426
topoBenchmarkLiftDirX,kv_param,Darcy/Brinkman — benchmark topo,ajout 0348a/0348b,double,0.0,vecteur direction,TopoBenchmarkConfig.topoBenchmarkLiftDirX,TOPO_BENCHMARK_LIFT_DIR_X,Composante x de la direction lift.,"Observables proxy : à interpréter comme force de pénalisation volumique, pas effort pariétal exact.",scripts/run_src_classic_cuda_darcy_chi_lr_segments_0411.sh; scripts/run_src_classic_cuda_darcy_chi_naca_periodic_0414.sh; scripts/run_src_classic_cuda_darcy_chi_vonkarman_periodic_0416.sh; scripts/run_src_classic_cuda_darcy_chi_backward_step_0425.sh; doc/README_0426_DARCY_FASTFLAGS.md,src_mpcd_params_inventory_consolidated_0365.csv + compléments Darcy/Brinkman/livevis 0411-0426
topoBenchmarkLiftDirY,kv_param,Darcy/Brinkman — benchmark topo,ajout 0348a/0348b,double,1.0,vecteur direction,TopoBenchmarkConfig.topoBenchmarkLiftDirY,TOPO_BENCHMARK_LIFT_DIR_Y,Composante y de la direction lift.,"Observables proxy : à interpréter comme force de pénalisation volumique, pas effort pariétal exact.",scripts/run_src_classic_cuda_darcy_chi_lr_segments_0411.sh; scripts/run_src_classic_cuda_darcy_chi_naca_periodic_0414.sh; scripts/run_src_classic_cuda_darcy_chi_vonkarman_periodic_0416.sh; scripts/run_src_classic_cuda_darcy_chi_backward_step_0425.sh; doc/README_0426_DARCY_FASTFLAGS.md,src_mpcd_params_inventory_consolidated_0365.csv + compléments Darcy/Brinkman/livevis 0411-0426
openBoundarySegment0,kv_param,Inlet/outlet segmenté,ajout 0249b; documenté 0426,chaîne structurée,face mode sMin sMax ux uy type mass,"face in {left,right,top,bottom}; mode inlet/outlet",OpenBoundarySegments.segment[0],,Définit le premier segment ouvert en coordonnées relatives de face.,Utilisé dans LR segments et backward step Darcy pour éviter l’injection dans chi-solide.,scripts/run_src_classic_cuda_darcy_chi_lr_segments_0411.sh; scripts/run_src_classic_cuda_darcy_chi_naca_periodic_0414.sh; scripts/run_src_classic_cuda_darcy_chi_vonkarman_periodic_0416.sh; scripts/run_src_classic_cuda_darcy_chi_backward_step_0425.sh; doc/README_0426_DARCY_FASTFLAGS.md,src_mpcd_params_inventory_consolidated_0365.csv + compléments Darcy/Brinkman/livevis 0411-0426
openBoundarySegment1,kv_param,Inlet/outlet segmenté,ajout 0249b; documenté 0426,chaîne structurée,face mode sMin sMax ux uy type mass,"face in {left,right,top,bottom}; mode inlet/outlet",OpenBoundarySegments.segment[1],,Définit le second segment ouvert en coordonnées relatives de face.,Utilisé dans LR segments et backward step Darcy.,scripts/run_src_classic_cuda_darcy_chi_lr_segments_0411.sh; scripts/run_src_classic_cuda_darcy_chi_naca_periodic_0414.sh; scripts/run_src_classic_cuda_darcy_chi_vonkarman_periodic_0416.sh; scripts/run_src_classic_cuda_darcy_chi_backward_step_0425.sh; doc/README_0426_DARCY_FASTFLAGS.md,src_mpcd_params_inventory_consolidated_0365.csv + compléments Darcy/Brinkman/livevis 0411-0426
initialInactiveSlots,kv_param,État particulaire / pool inactif,documenté 0426,entier,0 ou fonction de gamma*Nx*Ny,>=0,StateInit.initialInactiveSlots,INACTIVE_SLOTS,Réserve des slots inactifs dans l’état initial pour injection/remplissage.,Particulièrement utile dans les scripts segmentés Darcy avec reservoir/inlet.,scripts/run_src_classic_cuda_darcy_chi_lr_segments_0411.sh; scripts/run_src_classic_cuda_darcy_chi_naca_periodic_0414.sh; scripts/run_src_classic_cuda_darcy_chi_vonkarman_periodic_0416.sh; scripts/run_src_classic_cuda_darcy_chi_backward_step_0425.sh; doc/README_0426_DARCY_FASTFLAGS.md,src_mpcd_params_inventory_consolidated_0365.csv + compléments Darcy/Brinkman/livevis 0411-0426
ALPHA,script_alias,Alias script Darcy,ajout/documenté 0426,double,DARCY_ALPHA_MAX ou valeur script,voir paramètre kv ou env flag associé,,,Alias de darcyAlphaMax dans les scripts de démonstration.,Les alias script sont résolus avant écriture du .kv ou export de l’environnement.,scripts/run_src_classic_cuda_darcy_chi_lr_segments_0411.sh; scripts/run_src_classic_cuda_darcy_chi_naca_periodic_0414.sh; scripts/run_src_classic_cuda_darcy_chi_vonkarman_periodic_0416.sh; scripts/run_src_classic_cuda_darcy_chi_backward_step_0425.sh; doc/README_0426_DARCY_FASTFLAGS.md,src_mpcd_params_inventory_consolidated_0365.csv + compléments Darcy/Brinkman/livevis 0411-0426
ALPHA_MIN,script_alias,Alias script Darcy,ajout/documenté 0426,double,DARCY_ALPHA_MIN ou 0.0,voir paramètre kv ou env flag associé,,,Alias de darcyAlphaMin.,Les alias script sont résolus avant écriture du .kv ou export de l’environnement.,scripts/run_src_classic_cuda_darcy_chi_lr_segments_0411.sh; scripts/run_src_classic_cuda_darcy_chi_naca_periodic_0414.sh; scripts/run_src_classic_cuda_darcy_chi_vonkarman_periodic_0416.sh; scripts/run_src_classic_cuda_darcy_chi_backward_step_0425.sh; doc/README_0426_DARCY_FASTFLAGS.md,src_mpcd_params_inventory_consolidated_0365.csv + compléments Darcy/Brinkman/livevis 0411-0426
CHI_FILE,script_alias,Alias script Darcy,ajout/documenté 0426,chemin fichier,DARCY_CHI_FILE ou chemin par défaut,voir paramètre kv ou env flag associé,,,Chemin du champ chi externe côté script.,Les alias script sont résolus avant écriture du .kv ou export de l’environnement.,scripts/run_src_classic_cuda_darcy_chi_lr_segments_0411.sh; scripts/run_src_classic_cuda_darcy_chi_naca_periodic_0414.sh; scripts/run_src_classic_cuda_darcy_chi_vonkarman_periodic_0416.sh; scripts/run_src_classic_cuda_darcy_chi_backward_step_0425.sh; doc/README_0426_DARCY_FASTFLAGS.md,src_mpcd_params_inventory_consolidated_0365.csv + compléments Darcy/Brinkman/livevis 0411-0426
CHI_FILE_FORMAT,script_alias,Alias script Darcy,ajout/documenté 0426,chaîne,DARCY_CHI_FILE_FORMAT ou float32,voir paramètre kv ou env flag associé,,,Format du champ chi externe côté script.,Les alias script sont résolus avant écriture du .kv ou export de l’environnement.,scripts/run_src_classic_cuda_darcy_chi_lr_segments_0411.sh; scripts/run_src_classic_cuda_darcy_chi_naca_periodic_0414.sh; scripts/run_src_classic_cuda_darcy_chi_vonkarman_periodic_0416.sh; scripts/run_src_classic_cuda_darcy_chi_backward_step_0425.sh; doc/README_0426_DARCY_FASTFLAGS.md,src_mpcd_params_inventory_consolidated_0365.csv + compléments Darcy/Brinkman/livevis 0411-0426
DARCY_BRINKMAN_FORCING_MODE,script_alias,Alias script Darcy,ajout/documenté 0426,chaîne,mean ou mean_outward_bath,voir paramètre kv ou env flag associé,,,Alias script de darcyBrinkmanForcingMode.,Les alias script sont résolus avant écriture du .kv ou export de l’environnement.,scripts/run_src_classic_cuda_darcy_chi_lr_segments_0411.sh; scripts/run_src_classic_cuda_darcy_chi_naca_periodic_0414.sh; scripts/run_src_classic_cuda_darcy_chi_vonkarman_periodic_0416.sh; scripts/run_src_classic_cuda_darcy_chi_backward_step_0425.sh; doc/README_0426_DARCY_FASTFLAGS.md,src_mpcd_params_inventory_consolidated_0365.csv + compléments Darcy/Brinkman/livevis 0411-0426
DARCY_INITIAL_DEACTIVATE_BELOW_CHI,script_alias,Alias script Darcy,ajout/documenté 0426,double,-1 ou 0.05,voir paramètre kv ou env flag associé,,,Alias script de darcyInitialDeactivateBelowChi.,Les alias script sont résolus avant écriture du .kv ou export de l’environnement.,scripts/run_src_classic_cuda_darcy_chi_lr_segments_0411.sh; scripts/run_src_classic_cuda_darcy_chi_naca_periodic_0414.sh; scripts/run_src_classic_cuda_darcy_chi_vonkarman_periodic_0416.sh; scripts/run_src_classic_cuda_darcy_chi_backward_step_0425.sh; doc/README_0426_DARCY_FASTFLAGS.md,src_mpcd_params_inventory_consolidated_0365.csv + compléments Darcy/Brinkman/livevis 0411-0426
DARCY_CHI_COLLISION_VP_ENABLE,script_alias,Alias script Darcy chiVP,ajout/documenté 0426,booléen,false ou true,voir paramètre kv ou env flag associé,,,Alias script de darcyChiCollisionVpEnable.,Les alias script sont résolus avant écriture du .kv ou export de l’environnement.,scripts/run_src_classic_cuda_darcy_chi_lr_segments_0411.sh; scripts/run_src_classic_cuda_darcy_chi_naca_periodic_0414.sh; scripts/run_src_classic_cuda_darcy_chi_vonkarman_periodic_0416.sh; scripts/run_src_classic_cuda_darcy_chi_backward_step_0425.sh; doc/README_0426_DARCY_FASTFLAGS.md,src_mpcd_params_inventory_consolidated_0365.csv + compléments Darcy/Brinkman/livevis 0411-0426
DARCY_CHI_COLLISION_VP_MODE,script_alias,Alias script Darcy chiVP,ajout/documenté 0426,chaîne,interface_band,voir paramètre kv ou env flag associé,,,Alias script de darcyChiCollisionVpMode.,Les alias script sont résolus avant écriture du .kv ou export de l’environnement.,scripts/run_src_classic_cuda_darcy_chi_lr_segments_0411.sh; scripts/run_src_classic_cuda_darcy_chi_naca_periodic_0414.sh; scripts/run_src_classic_cuda_darcy_chi_vonkarman_periodic_0416.sh; scripts/run_src_classic_cuda_darcy_chi_backward_step_0425.sh; doc/README_0426_DARCY_FASTFLAGS.md,src_mpcd_params_inventory_consolidated_0365.csv + compléments Darcy/Brinkman/livevis 0411-0426
DARCY_CHI_COLLISION_VP_GAMMA,script_alias,Alias script Darcy chiVP,ajout/documenté 0426,entier/double,-1,voir paramètre kv ou env flag associé,,,Alias script de darcyChiCollisionVpGamma.,Les alias script sont résolus avant écriture du .kv ou export de l’environnement.,scripts/run_src_classic_cuda_darcy_chi_lr_segments_0411.sh; scripts/run_src_classic_cuda_darcy_chi_naca_periodic_0414.sh; scripts/run_src_classic_cuda_darcy_chi_vonkarman_periodic_0416.sh; scripts/run_src_classic_cuda_darcy_chi_backward_step_0425.sh; doc/README_0426_DARCY_FASTFLAGS.md,src_mpcd_params_inventory_consolidated_0365.csv + compléments Darcy/Brinkman/livevis 0411-0426
DARCY_CHI_COLLISION_VP_MASS,script_alias,Alias script Darcy chiVP,ajout/documenté 0426,double,1.0,voir paramètre kv ou env flag associé,,,Alias script de darcyChiCollisionVpMass.,Les alias script sont résolus avant écriture du .kv ou export de l’environnement.,scripts/run_src_classic_cuda_darcy_chi_lr_segments_0411.sh; scripts/run_src_classic_cuda_darcy_chi_naca_periodic_0414.sh; scripts/run_src_classic_cuda_darcy_chi_vonkarman_periodic_0416.sh; scripts/run_src_classic_cuda_darcy_chi_backward_step_0425.sh; doc/README_0426_DARCY_FASTFLAGS.md,src_mpcd_params_inventory_consolidated_0365.csv + compléments Darcy/Brinkman/livevis 0411-0426
DARCY_CHI_COLLISION_VP_LAYERS,script_alias,Alias script Darcy chiVP,ajout/documenté 0426,entier,1,voir paramètre kv ou env flag associé,,,Alias script de darcyChiCollisionVpLayers.,Les alias script sont résolus avant écriture du .kv ou export de l’environnement.,scripts/run_src_classic_cuda_darcy_chi_lr_segments_0411.sh; scripts/run_src_classic_cuda_darcy_chi_naca_periodic_0414.sh; scripts/run_src_classic_cuda_darcy_chi_vonkarman_periodic_0416.sh; scripts/run_src_classic_cuda_darcy_chi_backward_step_0425.sh; doc/README_0426_DARCY_FASTFLAGS.md,src_mpcd_params_inventory_consolidated_0365.csv + compléments Darcy/Brinkman/livevis 0411-0426
DARCY_CHI_COLLISION_VP_THRESHOLD,script_alias,Alias script Darcy chiVP,ajout/documenté 0426,double,0.5,voir paramètre kv ou env flag associé,,,Alias script de darcyChiCollisionVpThreshold.,Les alias script sont résolus avant écriture du .kv ou export de l’environnement.,scripts/run_src_classic_cuda_darcy_chi_lr_segments_0411.sh; scripts/run_src_classic_cuda_darcy_chi_naca_periodic_0414.sh; scripts/run_src_classic_cuda_darcy_chi_vonkarman_periodic_0416.sh; scripts/run_src_classic_cuda_darcy_chi_backward_step_0425.sh; doc/README_0426_DARCY_FASTFLAGS.md,src_mpcd_params_inventory_consolidated_0365.csv + compléments Darcy/Brinkman/livevis 0411-0426
DARCY_CHI_COLLISION_VP_STRENGTH,script_alias,Alias script Darcy chiVP,ajout/documenté 0426,double,0.25 ou 1.0,voir paramètre kv ou env flag associé,,,Alias script de darcyChiCollisionVpStrength.,Les alias script sont résolus avant écriture du .kv ou export de l’environnement.,scripts/run_src_classic_cuda_darcy_chi_lr_segments_0411.sh; scripts/run_src_classic_cuda_darcy_chi_naca_periodic_0414.sh; scripts/run_src_classic_cuda_darcy_chi_vonkarman_periodic_0416.sh; scripts/run_src_classic_cuda_darcy_chi_backward_step_0425.sh; doc/README_0426_DARCY_FASTFLAGS.md,src_mpcd_params_inventory_consolidated_0365.csv + compléments Darcy/Brinkman/livevis 0411-0426
DARCY_COST_EVERY,script_alias,Alias script Darcy diagnostics,ajout/documenté 0426,entier,SUMMARY_EVERY,voir paramètre kv ou env flag associé,,,Alias script de darcyCostEvery.,Les alias script sont résolus avant écriture du .kv ou export de l’environnement.,scripts/run_src_classic_cuda_darcy_chi_lr_segments_0411.sh; scripts/run_src_classic_cuda_darcy_chi_naca_periodic_0414.sh; scripts/run_src_classic_cuda_darcy_chi_vonkarman_periodic_0416.sh; scripts/run_src_classic_cuda_darcy_chi_backward_step_0425.sh; doc/README_0426_DARCY_FASTFLAGS.md,src_mpcd_params_inventory_consolidated_0365.csv + compléments Darcy/Brinkman/livevis 0411-0426
DARCY_THREADS_PER_BLOCK,script_alias,Alias script Darcy CUDA,ajout/documenté 0426,entier,256,voir paramètre kv ou env flag associé,,,Alias script de darcyThreadsPerBlock.,Les alias script sont résolus avant écriture du .kv ou export de l’environnement.,scripts/run_src_classic_cuda_darcy_chi_lr_segments_0411.sh; scripts/run_src_classic_cuda_darcy_chi_naca_periodic_0414.sh; scripts/run_src_classic_cuda_darcy_chi_vonkarman_periodic_0416.sh; scripts/run_src_classic_cuda_darcy_chi_backward_step_0425.sh; doc/README_0426_DARCY_FASTFLAGS.md,src_mpcd_params_inventory_consolidated_0365.csv + compléments Darcy/Brinkman/livevis 0411-0426
DARCY_Q,script_alias,Alias script Darcy,ajout/documenté 0426,double,0.1,voir paramètre kv ou env flag associé,,,Alias script de darcyQ.,Les alias script sont résolus avant écriture du .kv ou export de l’environnement.,scripts/run_src_classic_cuda_darcy_chi_lr_segments_0411.sh; scripts/run_src_classic_cuda_darcy_chi_naca_periodic_0414.sh; scripts/run_src_classic_cuda_darcy_chi_vonkarman_periodic_0416.sh; scripts/run_src_classic_cuda_darcy_chi_backward_step_0425.sh; doc/README_0426_DARCY_FASTFLAGS.md,src_mpcd_params_inventory_consolidated_0365.csv + compléments Darcy/Brinkman/livevis 0411-0426
DARCY_USOLID_X,script_alias,Alias script Darcy,ajout/documenté 0426,double,0.0,voir paramètre kv ou env flag associé,,,Alias script de darcyUSolidX.,Les alias script sont résolus avant écriture du .kv ou export de l’environnement.,scripts/run_src_classic_cuda_darcy_chi_lr_segments_0411.sh; scripts/run_src_classic_cuda_darcy_chi_naca_periodic_0414.sh; scripts/run_src_classic_cuda_darcy_chi_vonkarman_periodic_0416.sh; scripts/run_src_classic_cuda_darcy_chi_backward_step_0425.sh; doc/README_0426_DARCY_FASTFLAGS.md,src_mpcd_params_inventory_consolidated_0365.csv + compléments Darcy/Brinkman/livevis 0411-0426
DARCY_USOLID_Y,script_alias,Alias script Darcy,ajout/documenté 0426,double,0.0,voir paramètre kv ou env flag associé,,,Alias script de darcyUSolidY.,Les alias script sont résolus avant écriture du .kv ou export de l’environnement.,scripts/run_src_classic_cuda_darcy_chi_lr_segments_0411.sh; scripts/run_src_classic_cuda_darcy_chi_naca_periodic_0414.sh; scripts/run_src_classic_cuda_darcy_chi_vonkarman_periodic_0416.sh; scripts/run_src_classic_cuda_darcy_chi_backward_step_0425.sh; doc/README_0426_DARCY_FASTFLAGS.md,src_mpcd_params_inventory_consolidated_0365.csv + compléments Darcy/Brinkman/livevis 0411-0426
TOPO_BENCHMARK_ENABLE,script_alias,Alias script topo benchmark,ajout/documenté 0426,booléen,true,voir paramètre kv ou env flag associé,,,Alias script de topoBenchmarkEnable.,Les alias script sont résolus avant écriture du .kv ou export de l’environnement.,scripts/run_src_classic_cuda_darcy_chi_lr_segments_0411.sh; scripts/run_src_classic_cuda_darcy_chi_naca_periodic_0414.sh; scripts/run_src_classic_cuda_darcy_chi_vonkarman_periodic_0416.sh; scripts/run_src_classic_cuda_darcy_chi_backward_step_0425.sh; doc/README_0426_DARCY_FASTFLAGS.md,src_mpcd_params_inventory_consolidated_0365.csv + compléments Darcy/Brinkman/livevis 0411-0426
TOPO_BENCHMARK_EVERY,script_alias,Alias script topo benchmark,ajout/documenté 0426,entier,DARCY_COST_EVERY,voir paramètre kv ou env flag associé,,,Alias script de topoBenchmarkEvery.,Les alias script sont résolus avant écriture du .kv ou export de l’environnement.,scripts/run_src_classic_cuda_darcy_chi_lr_segments_0411.sh; scripts/run_src_classic_cuda_darcy_chi_naca_periodic_0414.sh; scripts/run_src_classic_cuda_darcy_chi_vonkarman_periodic_0416.sh; scripts/run_src_classic_cuda_darcy_chi_backward_step_0425.sh; doc/README_0426_DARCY_FASTFLAGS.md,src_mpcd_params_inventory_consolidated_0365.csv + compléments Darcy/Brinkman/livevis 0411-0426
TOPO_BENCHMARK_FILENAME,script_alias,Alias script topo benchmark,ajout/documenté 0426,nom fichier,topo_benchmark_0348.csv,voir paramètre kv ou env flag associé,,,Alias script de topoBenchmarkFilename.,Les alias script sont résolus avant écriture du .kv ou export de l’environnement.,scripts/run_src_classic_cuda_darcy_chi_lr_segments_0411.sh; scripts/run_src_classic_cuda_darcy_chi_naca_periodic_0414.sh; scripts/run_src_classic_cuda_darcy_chi_vonkarman_periodic_0416.sh; scripts/run_src_classic_cuda_darcy_chi_backward_step_0425.sh; doc/README_0426_DARCY_FASTFLAGS.md,src_mpcd_params_inventory_consolidated_0365.csv + compléments Darcy/Brinkman/livevis 0411-0426
TOPO_BENCHMARK_FORCE_ENABLE,script_alias,Alias script topo benchmark,ajout/documenté 0426,booléen,true,voir paramètre kv ou env flag associé,,,Alias script de topoBenchmarkForceEnable.,Les alias script sont résolus avant écriture du .kv ou export de l’environnement.,scripts/run_src_classic_cuda_darcy_chi_lr_segments_0411.sh; scripts/run_src_classic_cuda_darcy_chi_naca_periodic_0414.sh; scripts/run_src_classic_cuda_darcy_chi_vonkarman_periodic_0416.sh; scripts/run_src_classic_cuda_darcy_chi_backward_step_0425.sh; doc/README_0426_DARCY_FASTFLAGS.md,src_mpcd_params_inventory_consolidated_0365.csv + compléments Darcy/Brinkman/livevis 0411-0426
TOPO_BENCHMARK_DRAG_LIFT_ENABLE,script_alias,Alias script topo benchmark,ajout/documenté 0426,booléen,true,voir paramètre kv ou env flag associé,,,Alias script de topoBenchmarkDragLiftEnable.,Les alias script sont résolus avant écriture du .kv ou export de l’environnement.,scripts/run_src_classic_cuda_darcy_chi_lr_segments_0411.sh; scripts/run_src_classic_cuda_darcy_chi_naca_periodic_0414.sh; scripts/run_src_classic_cuda_darcy_chi_vonkarman_periodic_0416.sh; scripts/run_src_classic_cuda_darcy_chi_backward_step_0425.sh; doc/README_0426_DARCY_FASTFLAGS.md,src_mpcd_params_inventory_consolidated_0365.csv + compléments Darcy/Brinkman/livevis 0411-0426
TOPO_BENCHMARK_FLOW_DIR_X,script_alias,Alias script topo benchmark,ajout/documenté 0426,double,1.0,voir paramètre kv ou env flag associé,,,Alias script de topoBenchmarkFlowDirX.,Les alias script sont résolus avant écriture du .kv ou export de l’environnement.,scripts/run_src_classic_cuda_darcy_chi_lr_segments_0411.sh; scripts/run_src_classic_cuda_darcy_chi_naca_periodic_0414.sh; scripts/run_src_classic_cuda_darcy_chi_vonkarman_periodic_0416.sh; scripts/run_src_classic_cuda_darcy_chi_backward_step_0425.sh; doc/README_0426_DARCY_FASTFLAGS.md,src_mpcd_params_inventory_consolidated_0365.csv + compléments Darcy/Brinkman/livevis 0411-0426
TOPO_BENCHMARK_FLOW_DIR_Y,script_alias,Alias script topo benchmark,ajout/documenté 0426,double,0.0,voir paramètre kv ou env flag associé,,,Alias script de topoBenchmarkFlowDirY.,Les alias script sont résolus avant écriture du .kv ou export de l’environnement.,scripts/run_src_classic_cuda_darcy_chi_lr_segments_0411.sh; scripts/run_src_classic_cuda_darcy_chi_naca_periodic_0414.sh; scripts/run_src_classic_cuda_darcy_chi_vonkarman_periodic_0416.sh; scripts/run_src_classic_cuda_darcy_chi_backward_step_0425.sh; doc/README_0426_DARCY_FASTFLAGS.md,src_mpcd_params_inventory_consolidated_0365.csv + compléments Darcy/Brinkman/livevis 0411-0426
TOPO_BENCHMARK_LIFT_DIR_X,script_alias,Alias script topo benchmark,ajout/documenté 0426,double,0.0,voir paramètre kv ou env flag associé,,,Alias script de topoBenchmarkLiftDirX.,Les alias script sont résolus avant écriture du .kv ou export de l’environnement.,scripts/run_src_classic_cuda_darcy_chi_lr_segments_0411.sh; scripts/run_src_classic_cuda_darcy_chi_naca_periodic_0414.sh; scripts/run_src_classic_cuda_darcy_chi_vonkarman_periodic_0416.sh; scripts/run_src_classic_cuda_darcy_chi_backward_step_0425.sh; doc/README_0426_DARCY_FASTFLAGS.md,src_mpcd_params_inventory_consolidated_0365.csv + compléments Darcy/Brinkman/livevis 0411-0426
TOPO_BENCHMARK_LIFT_DIR_Y,script_alias,Alias script topo benchmark,ajout/documenté 0426,double,1.0,voir paramètre kv ou env flag associé,,,Alias script de topoBenchmarkLiftDirY.,Les alias script sont résolus avant écriture du .kv ou export de l’environnement.,scripts/run_src_classic_cuda_darcy_chi_lr_segments_0411.sh; scripts/run_src_classic_cuda_darcy_chi_naca_periodic_0414.sh; scripts/run_src_classic_cuda_darcy_chi_vonkarman_periodic_0416.sh; scripts/run_src_classic_cuda_darcy_chi_backward_step_0425.sh; doc/README_0426_DARCY_FASTFLAGS.md,src_mpcd_params_inventory_consolidated_0365.csv + compléments Darcy/Brinkman/livevis 0411-0426
REQUIRE_VALIDATED_SEGMENTED_RESIDENT,script_alias,Alias script sécurité CUDA,ajout/documenté 0426,booléen,1,voir paramètre kv ou env flag associé,,,Force le strict mode du chemin segmented resident 0264.,Les alias script sont résolus avant écriture du .kv ou export de l’environnement.,scripts/run_src_classic_cuda_darcy_chi_lr_segments_0411.sh; scripts/run_src_classic_cuda_darcy_chi_naca_periodic_0414.sh; scripts/run_src_classic_cuda_darcy_chi_vonkarman_periodic_0416.sh; scripts/run_src_classic_cuda_darcy_chi_backward_step_0425.sh; doc/README_0426_DARCY_FASTFLAGS.md,src_mpcd_params_inventory_consolidated_0365.csv + compléments Darcy/Brinkman/livevis 0411-0426
LIVE_VIS_HOLD_ON_EXIT,script_alias,Alias script livevis,ajout/documenté 0426,booléen,1,voir paramètre kv ou env flag associé,,,Alias script exporté vers SRC_LIVE_VIS_HOLD_ON_EXIT.,Les alias script sont résolus avant écriture du .kv ou export de l’environnement.,scripts/run_src_classic_cuda_darcy_chi_lr_segments_0411.sh; scripts/run_src_classic_cuda_darcy_chi_naca_periodic_0414.sh; scripts/run_src_classic_cuda_darcy_chi_vonkarman_periodic_0416.sh; scripts/run_src_classic_cuda_darcy_chi_backward_step_0425.sh; doc/README_0426_DARCY_FASTFLAGS.md,src_mpcd_params_inventory_consolidated_0365.csv + compléments Darcy/Brinkman/livevis 0411-0426
MPCD_DARCY_FASTFLAGS_ENABLE,script_alias,Alias script fastflags Darcy,ajout/documenté 0426,booléen,1,voir paramètre kv ou env flag associé,,,Active/désactive le bloc commun fastflags 0426 des scripts Darcy.,Les alias script sont résolus avant écriture du .kv ou export de l’environnement.,scripts/run_src_classic_cuda_darcy_chi_lr_segments_0411.sh; scripts/run_src_classic_cuda_darcy_chi_naca_periodic_0414.sh; scripts/run_src_classic_cuda_darcy_chi_vonkarman_periodic_0416.sh; scripts/run_src_classic_cuda_darcy_chi_backward_step_0425.sh; doc/README_0426_DARCY_FASTFLAGS.md,src_mpcd_params_inventory_consolidated_0365.csv + compléments Darcy/Brinkman/livevis 0411-0426
DARCY_ALPHA_MAX,script_alias,Alias script Darcy,ajout/documenté 0426,double,selon script,voir script,,,Valeur de repli utilisée par ALPHA pour écrire darcyAlphaMax.,Backward step validé avec ALPHA=800000.,scripts/run_src_classic_cuda_darcy_chi_lr_segments_0411.sh; scripts/run_src_classic_cuda_darcy_chi_naca_periodic_0414.sh; scripts/run_src_classic_cuda_darcy_chi_vonkarman_periodic_0416.sh; scripts/run_src_classic_cuda_darcy_chi_backward_step_0425.sh; doc/README_0426_DARCY_FASTFLAGS.md,src_mpcd_params_inventory_consolidated_0365.csv + compléments Darcy/Brinkman/livevis 0411-0426
DARCY_ALPHA_MIN,script_alias,Alias script Darcy,ajout/documenté 0426,double,0.0,voir script,,,Valeur de repli utilisée par ALPHA_MIN pour écrire darcyAlphaMin.,,scripts/run_src_classic_cuda_darcy_chi_lr_segments_0411.sh; scripts/run_src_classic_cuda_darcy_chi_naca_periodic_0414.sh; scripts/run_src_classic_cuda_darcy_chi_vonkarman_periodic_0416.sh; scripts/run_src_classic_cuda_darcy_chi_backward_step_0425.sh; doc/README_0426_DARCY_FASTFLAGS.md,src_mpcd_params_inventory_consolidated_0365.csv + compléments Darcy/Brinkman/livevis 0411-0426
DARCY_CHI_FILE,script_alias,Alias script Darcy,ajout/documenté 0426,chemin fichier,selon cas,voir script,,,Alias externe de CHI_FILE pour fournir un champ chi sans modifier le script.,,scripts/run_src_classic_cuda_darcy_chi_lr_segments_0411.sh; scripts/run_src_classic_cuda_darcy_chi_naca_periodic_0414.sh; scripts/run_src_classic_cuda_darcy_chi_vonkarman_periodic_0416.sh; scripts/run_src_classic_cuda_darcy_chi_backward_step_0425.sh; doc/README_0426_DARCY_FASTFLAGS.md,src_mpcd_params_inventory_consolidated_0365.csv + compléments Darcy/Brinkman/livevis 0411-0426
DARCY_CHI_FILE_FORMAT,script_alias,Alias script Darcy,ajout/documenté 0426,chaîne,float32,voir script,,,Alias externe de CHI_FILE_FORMAT.,,scripts/run_src_classic_cuda_darcy_chi_lr_segments_0411.sh; scripts/run_src_classic_cuda_darcy_chi_naca_periodic_0414.sh; scripts/run_src_classic_cuda_darcy_chi_vonkarman_periodic_0416.sh; scripts/run_src_classic_cuda_darcy_chi_backward_step_0425.sh; doc/README_0426_DARCY_FASTFLAGS.md,src_mpcd_params_inventory_consolidated_0365.csv + compléments Darcy/Brinkman/livevis 0411-0426
STATE_SOURCE,script_alias,Alias script état initial,ajout/documenté 0426,chemin fichier,selon cas,voir script,,,Chemin source de l’état .smpcd copié dans RUN_ROOT/init.,Utilisé dans les scripts 0411/0414/0416.,scripts/run_src_classic_cuda_darcy_chi_lr_segments_0411.sh; scripts/run_src_classic_cuda_darcy_chi_naca_periodic_0414.sh; scripts/run_src_classic_cuda_darcy_chi_vonkarman_periodic_0416.sh; scripts/run_src_classic_cuda_darcy_chi_backward_step_0425.sh; doc/README_0426_DARCY_FASTFLAGS.md,src_mpcd_params_inventory_consolidated_0365.csv + compléments Darcy/Brinkman/livevis 0411-0426
INPUT_STATE,script_alias,Alias script état initial,ajout/documenté 0426,chemin fichier,selon cas,voir script,,,Alias de STATE_SOURCE pour fournir l’état initial .smpcd.,Utilisé dans les scripts 0411/0414/0416.,scripts/run_src_classic_cuda_darcy_chi_lr_segments_0411.sh; scripts/run_src_classic_cuda_darcy_chi_naca_periodic_0414.sh; scripts/run_src_classic_cuda_darcy_chi_vonkarman_periodic_0416.sh; scripts/run_src_classic_cuda_darcy_chi_backward_step_0425.sh; doc/README_0426_DARCY_FASTFLAGS.md,src_mpcd_params_inventory_consolidated_0365.csv + compléments Darcy/Brinkman/livevis 0411-0426
WALL_KBT,script_alias,Alias script paroi/VP,ajout/documenté 0426,double,-1.0,voir script,,,"Température cible des parois/VP, écrite vers wallKBT.",-1 hérite du comportement par défaut/thermostat selon code.,scripts/run_src_classic_cuda_darcy_chi_lr_segments_0411.sh; scripts/run_src_classic_cuda_darcy_chi_naca_periodic_0414.sh; scripts/run_src_classic_cuda_darcy_chi_vonkarman_periodic_0416.sh; scripts/run_src_classic_cuda_darcy_chi_backward_step_0425.sh; doc/README_0426_DARCY_FASTFLAGS.md,src_mpcd_params_inventory_consolidated_0365.csv + compléments Darcy/Brinkman/livevis 0411-0426
STEP_XMIN,script_alias,Alias script géométrie/segments Darcy,ajout/documenté 0426,double/chaîne selon variable,0.0,voir script,,,Borne x minimale du rectangle solide step généré en chi.,,scripts/run_src_classic_cuda_darcy_chi_lr_segments_0411.sh; scripts/run_src_classic_cuda_darcy_chi_naca_periodic_0414.sh; scripts/run_src_classic_cuda_darcy_chi_vonkarman_periodic_0416.sh; scripts/run_src_classic_cuda_darcy_chi_backward_step_0425.sh; doc/README_0426_DARCY_FASTFLAGS.md,src_mpcd_params_inventory_consolidated_0365.csv + compléments Darcy/Brinkman/livevis 0411-0426
STEP_XMAX,script_alias,Alias script géométrie/segments Darcy,ajout/documenté 0426,double/chaîne selon variable,1.0,voir script,,,Borne x maximale du rectangle solide step généré en chi.,,scripts/run_src_classic_cuda_darcy_chi_lr_segments_0411.sh; scripts/run_src_classic_cuda_darcy_chi_naca_periodic_0414.sh; scripts/run_src_classic_cuda_darcy_chi_vonkarman_periodic_0416.sh; scripts/run_src_classic_cuda_darcy_chi_backward_step_0425.sh; doc/README_0426_DARCY_FASTFLAGS.md,src_mpcd_params_inventory_consolidated_0365.csv + compléments Darcy/Brinkman/livevis 0411-0426
STEP_YMIN,script_alias,Alias script géométrie/segments Darcy,ajout/documenté 0426,double/chaîne selon variable,0.0,voir script,,,Borne y minimale du rectangle solide step généré en chi.,,scripts/run_src_classic_cuda_darcy_chi_lr_segments_0411.sh; scripts/run_src_classic_cuda_darcy_chi_naca_periodic_0414.sh; scripts/run_src_classic_cuda_darcy_chi_vonkarman_periodic_0416.sh; scripts/run_src_classic_cuda_darcy_chi_backward_step_0425.sh; doc/README_0426_DARCY_FASTFLAGS.md,src_mpcd_params_inventory_consolidated_0365.csv + compléments Darcy/Brinkman/livevis 0411-0426
STEP_YMAX,script_alias,Alias script géométrie/segments Darcy,ajout/documenté 0426,double/chaîne selon variable,0.52,voir script,,,Borne y maximale du rectangle solide step généré en chi et borne inférieure de l’inlet segmenté.,,scripts/run_src_classic_cuda_darcy_chi_lr_segments_0411.sh; scripts/run_src_classic_cuda_darcy_chi_naca_periodic_0414.sh; scripts/run_src_classic_cuda_darcy_chi_vonkarman_periodic_0416.sh; scripts/run_src_classic_cuda_darcy_chi_backward_step_0425.sh; doc/README_0426_DARCY_FASTFLAGS.md,src_mpcd_params_inventory_consolidated_0365.csv + compléments Darcy/Brinkman/livevis 0411-0426
INLET_FACE,script_alias,Alias script géométrie/segments Darcy,ajout/documenté 0426,double/chaîne selon variable,left,voir script,,,Face portant le segment inlet.,,scripts/run_src_classic_cuda_darcy_chi_lr_segments_0411.sh; scripts/run_src_classic_cuda_darcy_chi_naca_periodic_0414.sh; scripts/run_src_classic_cuda_darcy_chi_vonkarman_periodic_0416.sh; scripts/run_src_classic_cuda_darcy_chi_backward_step_0425.sh; doc/README_0426_DARCY_FASTFLAGS.md,src_mpcd_params_inventory_consolidated_0365.csv + compléments Darcy/Brinkman/livevis 0411-0426
INLET_SMIN,script_alias,Alias script géométrie/segments Darcy,ajout/documenté 0426,double/chaîne selon variable,STEP_YMAX/Ly,voir script,,,Coordonnée relative minimale du segment inlet.,,scripts/run_src_classic_cuda_darcy_chi_lr_segments_0411.sh; scripts/run_src_classic_cuda_darcy_chi_naca_periodic_0414.sh; scripts/run_src_classic_cuda_darcy_chi_vonkarman_periodic_0416.sh; scripts/run_src_classic_cuda_darcy_chi_backward_step_0425.sh; doc/README_0426_DARCY_FASTFLAGS.md,src_mpcd_params_inventory_consolidated_0365.csv + compléments Darcy/Brinkman/livevis 0411-0426
INLET_SMAX,script_alias,Alias script géométrie/segments Darcy,ajout/documenté 0426,double/chaîne selon variable,1.0,voir script,,,Coordonnée relative maximale du segment inlet.,,scripts/run_src_classic_cuda_darcy_chi_lr_segments_0411.sh; scripts/run_src_classic_cuda_darcy_chi_naca_periodic_0414.sh; scripts/run_src_classic_cuda_darcy_chi_vonkarman_periodic_0416.sh; scripts/run_src_classic_cuda_darcy_chi_backward_step_0425.sh; doc/README_0426_DARCY_FASTFLAGS.md,src_mpcd_params_inventory_consolidated_0365.csv + compléments Darcy/Brinkman/livevis 0411-0426
OUTLET_FACE,script_alias,Alias script géométrie/segments Darcy,ajout/documenté 0426,double/chaîne selon variable,right,voir script,,,Face portant le segment outlet.,,scripts/run_src_classic_cuda_darcy_chi_lr_segments_0411.sh; scripts/run_src_classic_cuda_darcy_chi_naca_periodic_0414.sh; scripts/run_src_classic_cuda_darcy_chi_vonkarman_periodic_0416.sh; scripts/run_src_classic_cuda_darcy_chi_backward_step_0425.sh; doc/README_0426_DARCY_FASTFLAGS.md,src_mpcd_params_inventory_consolidated_0365.csv + compléments Darcy/Brinkman/livevis 0411-0426
OUTLET_SMIN,script_alias,Alias script géométrie/segments Darcy,ajout/documenté 0426,double/chaîne selon variable,0.0,voir script,,,Coordonnée relative minimale du segment outlet.,,scripts/run_src_classic_cuda_darcy_chi_lr_segments_0411.sh; scripts/run_src_classic_cuda_darcy_chi_naca_periodic_0414.sh; scripts/run_src_classic_cuda_darcy_chi_vonkarman_periodic_0416.sh; scripts/run_src_classic_cuda_darcy_chi_backward_step_0425.sh; doc/README_0426_DARCY_FASTFLAGS.md,src_mpcd_params_inventory_consolidated_0365.csv + compléments Darcy/Brinkman/livevis 0411-0426
OUTLET_SMAX,script_alias,Alias script géométrie/segments Darcy,ajout/documenté 0426,double/chaîne selon variable,1.0 ou 0.25 selon script,voir script,,,Coordonnée relative maximale du segment outlet.,,scripts/run_src_classic_cuda_darcy_chi_lr_segments_0411.sh; scripts/run_src_classic_cuda_darcy_chi_naca_periodic_0414.sh; scripts/run_src_classic_cuda_darcy_chi_vonkarman_periodic_0416.sh; scripts/run_src_classic_cuda_darcy_chi_backward_step_0425.sh; doc/README_0426_DARCY_FASTFLAGS.md,src_mpcd_params_inventory_consolidated_0365.csv + compléments Darcy/Brinkman/livevis 0411-0426
OUTLET_MODE,script_alias,Alias script géométrie/segments Darcy,ajout/documenté 0426,double/chaîne selon variable,hybrid/neumann selon script,voir script,,,Mode de sortie ouvert écrit vers openBoundaryOutletMode.,,scripts/run_src_classic_cuda_darcy_chi_lr_segments_0411.sh; scripts/run_src_classic_cuda_darcy_chi_naca_periodic_0414.sh; scripts/run_src_classic_cuda_darcy_chi_vonkarman_periodic_0416.sh; scripts/run_src_classic_cuda_darcy_chi_backward_step_0425.sh; doc/README_0426_DARCY_FASTFLAGS.md,src_mpcd_params_inventory_consolidated_0365.csv + compléments Darcy/Brinkman/livevis 0411-0426
UIN,script_alias,Alias script géométrie/segments Darcy,ajout/documenté 0426,double/chaîne selon variable,0.25,voir script,,,Vitesse imposée au segment inlet du backward step.,,scripts/run_src_classic_cuda_darcy_chi_lr_segments_0411.sh; scripts/run_src_classic_cuda_darcy_chi_naca_periodic_0414.sh; scripts/run_src_classic_cuda_darcy_chi_vonkarman_periodic_0416.sh; scripts/run_src_classic_cuda_darcy_chi_backward_step_0425.sh; doc/README_0426_DARCY_FASTFLAGS.md,src_mpcd_params_inventory_consolidated_0365.csv + compléments Darcy/Brinkman/livevis 0411-0426
UINIT,script_alias,Alias script géométrie/segments Darcy,ajout/documenté 0426,double/chaîne selon variable,cas dépendant,voir script,,,Vitesse moyenne initiale utilisée lors de la génération d’état.,,scripts/run_src_classic_cuda_darcy_chi_lr_segments_0411.sh; scripts/run_src_classic_cuda_darcy_chi_naca_periodic_0414.sh; scripts/run_src_classic_cuda_darcy_chi_vonkarman_periodic_0416.sh; scripts/run_src_classic_cuda_darcy_chi_backward_step_0425.sh; doc/README_0426_DARCY_FASTFLAGS.md,src_mpcd_params_inventory_consolidated_0365.csv + compléments Darcy/Brinkman/livevis 0411-0426
livevis_control.kv:liveGridNx,control_file_key,Clé fichier contrôle livevis / filtered recording,ajout 0432a,entier >= 16,initialisé depuis SRC_LIVE_VIS_NX/MPCD_LIVE_VIS_NX ou 300,>=16,,live_grid_nx | live_vis_nx | src_live_vis_nx,Change la résolution X de la grille livevis/recording pendant la preview.,"Si recordEnable=true, le changement de grille est ignoré jusqu’à arrêt de session; le recorder verrouille la valeur au démarrage.",src/filtered_field_recorder_0432.cpp; src/live_visualization_0335.cpp; doc/README_0432A_FILTERED_FIELD_RECORDING_STRICT.md,session_0432_filtered_recording
livevis_control.kv:liveGridNy,control_file_key,Clé fichier contrôle livevis / filtered recording,ajout 0432a,entier >= 16,initialisé depuis SRC_LIVE_VIS_NY/MPCD_LIVE_VIS_NY ou 80,>=16,,live_grid_ny | live_vis_ny | src_live_vis_ny,Change la résolution Y de la grille livevis/recording pendant la preview.,"Si recordEnable=true, le changement de grille est ignoré jusqu’à arrêt de session; le recorder verrouille la valeur au démarrage.",src/filtered_field_recorder_0432.cpp; src/live_visualization_0335.cpp; doc/README_0432A_FILTERED_FIELD_RECORDING_STRICT.md,session_0432_filtered_recording
livevis_control.kv:recordEnable,control_file_key,Clé fichier contrôle livevis / filtered recording,ajout 0432a,booléen/truthy,false,"true/false, 1/0, yes/no, on/off",,record_enable | filteredRecordEnable | filtered_record_enable,Déclenche le démarrage/arrêt d’une session de dumps filtrés.,N’a d’effet que si MPCD_FILTERED_FIELD_RECORDING_0432 ou SRC_FILTERED_FIELD_RECORDING_0432 est activé dans l’environnement.,src/filtered_field_recorder_0432.cpp; src/live_visualization_0335.cpp; doc/README_0432A_FILTERED_FIELD_RECORDING_STRICT.md,session_0432_filtered_recording
livevis_control.kv:recordSession,control_file_key,Clé fichier contrôle livevis / filtered recording,ajout 0432a,chaîne,session_<startStep>,nom de dossier recommandé sans séparateurs de chemin,,record_session,Nomme le sous-dossier de session sous outputDir/recordings/.,La valeur est verrouillée au passage recordEnable=false -> true.,src/filtered_field_recorder_0432.cpp; src/live_visualization_0335.cpp; doc/README_0432A_FILTERED_FIELD_RECORDING_STRICT.md,session_0432_filtered_recording
livevis_control.kv:recordFields,control_file_key,Clé fichier contrôle livevis / filtered recording,ajout 0432a,liste CSV de champs,current,rho|density|mass|rho1|rho2|Y1|Y2|ux|uy|speed|N|N1|N2|current,,record_fields,Sélectionne les champs écrits en .f32.,current est résolu au démarrage à partir du champ livevis courant; champs non supportés: erreur claire au démarrage de session.,src/filtered_field_recorder_0432.cpp; src/live_visualization_0335.cpp; doc/README_0432A_FILTERED_FIELD_RECORDING_STRICT.md,session_0432_filtered_recording
livevis_control.kv:recordEvery,control_file_key,Clé fichier contrôle livevis / filtered recording,ajout 0432a | mis à jour 0433a,entier; absent ou <=0 suit liveEvery; >0 override expert,suit liveEvery,absent ou <=0 -> recordEvery=liveEvery; >0 -> override explicite; verrouillé pendant la session,,record_every,Cadence d’écriture des fichiers de champs filtrés; par défaut alignée sur la cadence livevis runtime.,0433a: comportement WYSIWYR par défaut. recordEvery absent ou <=0 suit livevis_control.kv:liveEvery; recordEvery>0 reste un override expert et apparaît dans manifest.kv avec recordEverySource=override.,src/filtered_field_recorder_0432.cpp; src/live_visualization_0335.cpp; doc/README_0432A_FILTERED_FIELD_RECORDING_STRICT.md,session_0432_filtered_recording | session_0433a_wysiwyr
livevis_control.kv:recordFormat,control_file_key,Clé fichier contrôle livevis / filtered recording,ajout 0432a,f32 | float32,f32,0432a supporte f32/float32 uniquement,,record_format,Format des dumps de champs.,Un fichier brut float32 row-major par champ et par step enregistré; manifest.kv documente la grille et l’ordre.,src/filtered_field_recorder_0432.cpp; src/live_visualization_0335.cpp; doc/README_0432A_FILTERED_FIELD_RECORDING_STRICT.md,session_0432_filtered_recording
livevis_control.kv:filterMode,control_file_key,Clé fichier contrôle livevis / filtered recording,ajout 0432a,none | ema,none,ema applique un filtrage exponentiel sur les champs conservatifs,,filter_mode,Choisit le mode de filtrage temporel du recorder.,"Le filtrage est appliqué aux quantités conservatives rho/rho1/rho2/px/py/N/N1/N2, puis les champs dérivés sont reconstruits.",src/filtered_field_recorder_0432.cpp; src/live_visualization_0335.cpp; doc/README_0432A_FILTERED_FIELD_RECORDING_STRICT.md,session_0432_filtered_recording
livevis_control.kv:filterTau,control_file_key,Clé fichier contrôle livevis / filtered recording,ajout 0432a,double >= 0,initialisé depuis SRC_FILTERED_FIELD_TAU/MPCD_FILTERED_FIELD_TAU ou 0.0,>=0; 0 désactive l’EMA effective,,filter_tau,Temps caractéristique de l’EMA du recorder.,Verrouillé au démarrage de session; pertinent avec filterMode=ema.,src/filtered_field_recorder_0432.cpp; src/live_visualization_0335.cpp; doc/README_0432A_FILTERED_FIELD_RECORDING_STRICT.md,session_0432_filtered_recording
livevis_control.kv:filterSampleEvery,control_file_key,Clé fichier contrôle livevis / filtered recording,ajout 0432a,entier >= 1,initialisé depuis SRC_FILTERED_FIELD_SAMPLE_EVERY/MPCD_FILTERED_FIELD_SAMPLE_EVERY ou 1,>=1,,filter_sample_every,Cadence d’échantillonnage interne des champs conservatifs.,Peut être plus fréquente que recordEvery pour filtrer sans écrire à chaque sample; verrouillé pendant la session.,src/filtered_field_recorder_0432.cpp; src/live_visualization_0335.cpp; doc/README_0432A_FILTERED_FIELD_RECORDING_STRICT.md,session_0432_filtered_recording
livevis_control.kv:liveEvery,control_file_key,Clé fichier contrôle livevis / cadence WYSIWYR 0433a,ajout 0433a,entier >= 1,initialisé depuis SRC_LIVE_VIS_EVERY/MPCD_LIVE_VIS_EVERY; défaut code 10 si absent,>=1; relu à chaud via livevis_control.kv,LiveVisualization0335RuntimeControls::every,every; visualEvery; live_vis_every; src_live_vis_every; mpcd_live_vis_every,Cadence de production des frames livevis. Sert aussi de cadence par défaut des dumps filtrés quand recordEvery est absent ou <=0.,0433a: clé canonique pour le comportement WYSIWYR. La prise en compte dépend de la cadence de relecture du fichier de contrôle; l’enregistrement suit la cadence liveEvery par défaut.,src/live_visualization_0335.h; src/live_visualization_0335.cpp; src/filtered_field_recorder_0432.cpp,session_0433a_wysiwyr
livevis_control.kv:recordStride,control_file_key,Clé fichier contrôle livevis / filtered recording WYSIWYR 0433a,ajout 0433a,entier >= 1,absent,">=1; si présent, recordEvery=liveEvery*recordStride",FilteredFieldRecorder0432::Settings::recordEvery,record_stride,Override expert relatif à l’affichage: enregistre une frame affichée sur N.,recordStride=1 est équivalent au comportement WYSIWYR par défaut. recordStride>1 réduit les dumps sans redéfinir une cadence absolue indépendante de liveEvery; manifest.kv indique recordEverySource=override.,src/filtered_field_recorder_0432.cpp,session_0433a_wysiwyr
recordings/manifest.kv:recordEverySource,output_metadata_key,Métadonnée sortie filtered recording 0433a,ajout 0433a,liveEvery | override,calculé à l’ouverture de session,"liveEvery si recordEvery absent ou <=0; override si recordEvery, recordStride ou env RECORD_EVERY force la cadence",FilteredFieldRecorder0432::Settings::recordEveryExplicit,,Trace dans manifest.kv l’origine de la cadence effective d’enregistrement.,Utile pour vérifier le principe WYSIWYR: recordEverySource=liveEvery signifie que la cadence d’enregistrement suit la cadence livevis.,src/filtered_field_recorder_0432.cpp,session_0433a_wysiwyr
livevis_control.kv:alpha,control_file_key,Clé fichier contrôle livevis / persistance temporelle,documenté 0436b,"double [0,1]",0.08 historique si absent; 1.0 recommandé pour bascule immédiate,0=no update visuel effectif; 1=displayScalar=scalar; 0<alpha<1=relaxation temporelle,LiveVisualization0335RuntimeControls::alpha,SRC_LIVE_VIS_ALPHA; MPCD_LIVE_VIS_ALPHA,Contrôle le mélange temporel entre le champ courant scalar et le champ affiché displayScalar.,"Indépendant de smoothPasses: smoothPasses lisse spatialement scalar, alpha lisse temporellement displayScalar. 0436b: field/particleTypeFilter doit déclencher un hard reset d’une frame.",src/live_visualization_0335.cpp,session_0436_particle_type_filter_livevis
livevis_control.kv:particleTypeFilter,control_file_key,Clé fichier contrôle livevis / filtrage par type de particule,ajout 0436; reset affichage 0436b,entier,-1,-1=all; 0=type0; 1=type1; 2=type2; autres valeurs entières possibles si types étendus,LiveVisualization0335RuntimeControls::particleTypeFilter,SRC_LIVE_VIS_PARTICLE_TYPE_FILTER; MPCD_LIVE_VIS_PARTICLE_TYPE_FILTER; PARTICLE_TYPE_FILTER côté scripts 0434,"Filtre les particules avant accumulation livevis: rho/N/ux/uy/speed/vorticity, quiver CPU, et dumps filtrés 0432.","Visualisation/enregistrement uniquement: aucune modification solveur, collision, CL, resampling, Q6 ou viriel. Sur chemin CUDA live field, particleTypeFilter>=0 bascule vers un calcul compatible CPU/fallback pour préserver la sélection par type.",src/live_visualization_0335.h; src/live_visualization_0335.cpp; src/filtered_field_recorder_0432.cpp; include/cuda_live_field_0337.h; src/cuda_live_field_0337.cu; src/main_src_mpcd_base.cpp; scripts/run_0434_injection_type1_into_type2.sh; livevis_control.kv,session_0436_particle_type_filter_livevis
recordings/manifest.kv:particleTypeFilter,output_metadata_key,Métadonnée sortie filtered recording 0436,ajout 0436,entier,valeur verrouillée au démarrage/relock de session,-1=all; >=0 type particulaire filtré,,,Documente dans le manifest.kv la population effectivement utilisée pour les dumps .f32.,Permet de valider les triplets total/type1/type2 et de tracer rho(type1)+rho(type2)-rho(total).,src/filtered_field_recorder_0432.cpp,session_0436_particle_type_filter_livevis
PARTICLE_TYPE_FILTER,script_alias,Alias script livevis / filtrage type 0436,ajout runner 0436,entier,-1,-1=all; 0|1|2 selon type particulaire,livevis_control.kv:particleTypeFilter; SRC_LIVE_VIS_PARTICLE_TYPE_FILTER; MPCD_LIVE_VIS_PARTICLE_TYPE_FILTER,,Override de script qui patche livevis_control.kv et exporte les variables runtime pour forcer le filtre dans les runs 0434.,Utilisé dans la suite injection_type1_into_type2 pour générer des runs total/type1/type2 comparables.,scripts/run_0434_injection_type1_into_type2.sh,session_0436_particle_type_filter_livevis
FILTERED_RECORDING_ENABLE,script_alias,Alias script filtered recording 0434/0436,documenté 0436,booléen shell,0 ou valeur script,0=off; 1=on,MPCD_FILTERED_FIELD_RECORDING_0432/SRC_FILTERED_FIELD_RECORDING_0432; livevis_control.kv:recordEnable selon script,,Active les dumps filtrés .f32 dans les scripts homogènes 0434/0436.,"Quand recordEvery<=0, la cadence suit liveEvery avec le comportement WYSIWYR 0433a.",scripts/src_mpcd_run_common_0434.sh; scripts/run_0434_injection_type1_into_type2.sh; src/filtered_field_recorder_0432.cpp,session_0436_particle_type_filter_livevis
RECORD_FIELDS,script_alias,Alias script filtered recording 0434/0436,documenté 0436,liste CSV de champs,"rho,ux,uy dans les profils 0434 récents",voir livevis_control.kv:recordFields,livevis_control.kv:recordFields; SRC_FILTERED_FIELD_RECORD_FIELDS/MPCD_FILTERED_FIELD_RECORD_FIELDS,,Sélectionne les champs enregistrés par les dumps filtrés .f32.,"Pour les comparaisons type1/type2/total, utiliser au minimum rho,ux,uy; particleTypeFilter est tracé dans manifest.kv.",scripts/src_mpcd_run_common_0434.sh; src/filtered_field_recorder_0432.cpp,session_0436_particle_type_filter_livevis
INITIAL_DOMAIN_MODE,script_alias,Alias script état initial / injection empty refill 0434,option locale/proposée 0434; documenté 0436,full | empty,full,full=état initial rempli; empty=aucune particule fluide active et slots inactifs disponibles,,,Permet de démarrer un cas injection/fill avec domaine initialement vide pour tester le remplissage par réservoir/inlet.,"Option de script, non paramètre solveur. À garder séparée des validations strictes si le script n’est pas intégré/commité.",scripts/run_0434_injection_type1_into_type2.sh,session_0434_empty_initial_domain
EMPTY_INITIAL_SLOTS,script_alias,Alias script état initial / injection empty refill 0434,option locale/proposée 0434; documenté 0436,entier >=0,gamma*Nx*Ny si vide,nombre de slots inactifs initialement alloués,,,Dimensionne le pool initial inactif pour un domaine initialement vide.,À combiner avec MPCD_CUDA_INACTIVE_TAIL_POOL_0313=1 pour éviter de dépendre d’un realloc/scan hôte.,scripts/run_0434_injection_type1_into_type2.sh,session_0434_empty_initial_domain
EMPTY_INITIAL_TYPE,script_alias,Alias script état initial / injection empty refill 0434,option locale/proposée 0434; documenté 0436,entier type particulaire,BACKGROUND_TYPE,type assigné aux éventuels slots/particules générés par le profil empty selon script,,,Fixe le type associé au profil initial empty quand le générateur doit matérialiser une convention de type.,"Ne doit pas être confondu avec particleTypeFilter, qui est un filtre de visualisation.",scripts/run_0434_injection_type1_into_type2.sh,session_0434_empty_initial_domain
EMPTY_INITIAL_MASS,script_alias,Alias script état initial / injection empty refill 0434,option locale/proposée 0434; documenté 0436,double >0,PARTICLE_MASS,masse par particule si le générateur empty doit créer/initialiser des slots typés,,,Paramètre de génération d’état initial pour tests empty/fill.,Option script uniquement; pas d’effet si INITIAL_DOMAIN_MODE=full.,scripts/run_0434_injection_type1_into_type2.sh,session_0434_empty_initial_domain
bottomOpenXMax,params_key,Clés supprimées — migration vers segments 0143,supprimé 0143; rejet explicite; recensé 0490p,clé supprimée,(non applicable),Toujours rejetée; utiliser openBoundarySegmentsEnable/openBoundarySegmentCount/openBoundarySegmentK.,,,Clé params.kv lue par le parseur courant.,Ligne ajoutée par comparaison exhaustive du parseur params.kv au commit 36abd23 avec l’inventaire consolidé 0436b.,src/params_io_base.cpp (is_removed_open_aperture_key),delta parseur 0437–0490p / branche surf commit 36abd23
bottomOpenXMin,params_key,Clés supprimées — migration vers segments 0143,supprimé 0143; rejet explicite; recensé 0490p,clé supprimée,(non applicable),Toujours rejetée; utiliser openBoundarySegmentsEnable/openBoundarySegmentCount/openBoundarySegmentK.,,,Clé params.kv lue par le parseur courant.,Ligne ajoutée par comparaison exhaustive du parseur params.kv au commit 36abd23 avec l’inventaire consolidé 0436b.,src/params_io_base.cpp (is_removed_open_aperture_key),delta parseur 0437–0490p / branche surf commit 36abd23
cudaResamplingChiFilterEnable,params_key,CUDA resampling — filtre Darcy/chi,ajout filtre chi; recensé 0490p,booléen,true,true/1/yes/on ou false/0/no/off.,cudaResamplingChiFilterEnable,cudaResamplingDarcyChiFilterEnable,Exclut les cellules Darcy de chi faible des mutations/reconditionnements/refills.,Ligne ajoutée par comparaison exhaustive du parseur params.kv au commit 36abd23 avec l’inventaire consolidé 0436b.,include/simulation_params.h; src/params_io_base.cpp; src/cuda_resampling_population_guard_0297.cu; src/cuda_resampling_mass_recondition_0296.cu,delta parseur 0437–0490p / branche surf commit 36abd23
cudaResamplingChiMin,params_key,CUDA resampling — filtre Darcy/chi,ajout filtre chi; recensé 0490p,double,0.5,"fini; typiquement dans [0,1].",cudaResamplingChiMin,cudaResamplingDarcyChiMin,Seuil minimal de chi pour autoriser le resampling CUDA.,Ligne ajoutée par comparaison exhaustive du parseur params.kv au commit 36abd23 avec l’inventaire consolidé 0436b.,include/simulation_params.h; src/params_io_base.cpp; src/cuda_resampling_population_guard_0297.cu; src/cuda_resampling_mass_recondition_0296.cu,delta parseur 0437–0490p / branche surf commit 36abd23
cudaResamplingDarcyChiFilterEnable,params_key,CUDA resampling — filtre Darcy/chi,ajout filtre chi; recensé 0490p,booléen,true,true/1/yes/on ou false/0/no/off.,cudaResamplingChiFilterEnable,cudaResamplingChiFilterEnable,Alias accepté de cudaResamplingChiFilterEnable.,Ligne ajoutée par comparaison exhaustive du parseur params.kv au commit 36abd23 avec l’inventaire consolidé 0436b.,include/simulation_params.h; src/params_io_base.cpp; src/cuda_resampling_population_guard_0297.cu; src/cuda_resampling_mass_recondition_0296.cu,delta parseur 0437–0490p / branche surf commit 36abd23
cudaResamplingDarcyChiMin,params_key,CUDA resampling — filtre Darcy/chi,ajout filtre chi; recensé 0490p,double,0.5,"fini; typiquement dans [0,1].",cudaResamplingChiMin,cudaResamplingChiMin,Alias accepté de cudaResamplingChiMin.,Ligne ajoutée par comparaison exhaustive du parseur params.kv au commit 36abd23 avec l’inventaire consolidé 0436b.,include/simulation_params.h; src/params_io_base.cpp; src/cuda_resampling_population_guard_0297.cu; src/cuda_resampling_mass_recondition_0296.cu,delta parseur 0437–0490p / branche surf commit 36abd23
cudaResamplingEmptyRefillEnable,params_key,CUDA resampling — refill cellules vides 0319,ajout 0319; recensé 0490p,booléen,false,true/1/yes/on ou false/0/no/off.,cudaResamplingEmptyRefillEnable,,Active le refill CUDA des cellules humides vides depuis la mémoire cellulaire.,Ligne ajoutée par comparaison exhaustive du parseur params.kv au commit 36abd23 avec l’inventaire consolidé 0436b.,include/simulation_params.h; src/params_io_base.cpp; src/cuda_resampling_population_guard_0297.cu,delta parseur 0437–0490p / branche surf commit 36abd23
cudaResamplingEmptyRefillGamma,params_key,CUDA resampling — refill cellules vides 0319,ajout 0319; recensé 0490p,entier,0,entier; contraintes détaillées vérifiées par validate_simulation_params.,cudaResamplingEmptyRefillGamma,,Valeur gamma explicite pour la cible de refill; 0 utilise les fallbacks.,Ligne ajoutée par comparaison exhaustive du parseur params.kv au commit 36abd23 avec l’inventaire consolidé 0436b.,include/simulation_params.h; src/params_io_base.cpp; src/cuda_resampling_population_guard_0297.cu,delta parseur 0437–0490p / branche surf commit 36abd23
cudaResamplingEmptyRefillMemoryMaxAge,params_key,CUDA resampling — refill cellules vides 0319,ajout 0319; recensé 0490p,entier,1000,>=0.,cudaResamplingEmptyRefillMemoryMaxAge,,Âge maximal en pas de la mémoire cellulaire utilisée pour le refill.,Ligne ajoutée par comparaison exhaustive du parseur params.kv au commit 36abd23 avec l’inventaire consolidé 0436b.,include/simulation_params.h; src/params_io_base.cpp; src/cuda_resampling_population_guard_0297.cu,delta parseur 0437–0490p / branche surf commit 36abd23
cudaResamplingEmptyRefillReference,params_key,CUDA resampling — refill cellules vides 0319,ajout 0319; recensé 0490p,chaîne,ntarget,ntarget | gamma.,cudaResamplingEmptyRefillReference,,Choisit la référence de refill: ntarget ou gamma.,Ligne ajoutée par comparaison exhaustive du parseur params.kv au commit 36abd23 avec l’inventaire consolidé 0436b.,include/simulation_params.h; src/params_io_base.cpp; src/cuda_resampling_population_guard_0297.cu,delta parseur 0437–0490p / branche surf commit 36abd23
cudaResamplingEmptyRefillSpeciesCompositionEnable,params_key,Multi-espèces — refill,ajout 0490a–0490p,booléen,false,true/1/yes/on ou false/0/no/off.,cudaResamplingEmptyRefillSpeciesCompositionEnable,,Mémorise et restaure la composition multi-espèces des cellules temporairement vides.,Ligne ajoutée par comparaison exhaustive du parseur params.kv au commit 36abd23 avec l’inventaire consolidé 0436b.,include/simulation_params.h; src/params_io_base.cpp; README_0490F_MIXED_SPECIES_REFILL.md,delta parseur 0437–0490p / branche surf commit 36abd23
cudaResamplingEmptyRefillTargetFraction,params_key,CUDA resampling — refill cellules vides 0319,ajout 0319; recensé 0490p,double,0.5,>0.,cudaResamplingEmptyRefillTargetFraction,,Fraction de la population de référence utilisée comme cible de refill.,Ligne ajoutée par comparaison exhaustive du parseur params.kv au commit 36abd23 avec l’inventaire consolidé 0436b.,include/simulation_params.h; src/params_io_base.cpp; src/cuda_resampling_population_guard_0297.cu,delta parseur 0437–0490p / branche surf commit 36abd23
darcyBoxXMax,params_key,Darcy/chiVP — géométrie et aliases,ajout 0343/0418–0426; complété inventaire 0490p,double,0.0,nombre réel fini; contraintes détaillées vérifiées par validate_simulation_params.,darcyBoxXMax,,Borne x maximale de la boîte Darcy analytique.,Ligne ajoutée par comparaison exhaustive du parseur params.kv au commit 36abd23 avec l’inventaire consolidé 0436b.,include/simulation_params.h; src/params_io_base.cpp,delta parseur 0437–0490p / branche surf commit 36abd23
darcyBoxXMin,params_key,Darcy/chiVP — géométrie et aliases,ajout 0343/0418–0426; complété inventaire 0490p,double,0.0,nombre réel fini; contraintes détaillées vérifiées par validate_simulation_params.,darcyBoxXMin,,Borne x minimale de la boîte Darcy analytique.,Ligne ajoutée par comparaison exhaustive du parseur params.kv au commit 36abd23 avec l’inventaire consolidé 0436b.,include/simulation_params.h; src/params_io_base.cpp,delta parseur 0437–0490p / branche surf commit 36abd23
darcyBoxYMax,params_key,Darcy/chiVP — géométrie et aliases,ajout 0343/0418–0426; complété inventaire 0490p,double,0.0,nombre réel fini; contraintes détaillées vérifiées par validate_simulation_params.,darcyBoxYMax,,Borne y maximale de la boîte Darcy analytique.,Ligne ajoutée par comparaison exhaustive du parseur params.kv au commit 36abd23 avec l’inventaire consolidé 0436b.,include/simulation_params.h; src/params_io_base.cpp,delta parseur 0437–0490p / branche surf commit 36abd23
darcyBoxYMin,params_key,Darcy/chiVP — géométrie et aliases,ajout 0343/0418–0426; complété inventaire 0490p,double,0.0,nombre réel fini; contraintes détaillées vérifiées par validate_simulation_params.,darcyBoxYMin,,Borne y minimale de la boîte Darcy analytique.,Ligne ajoutée par comparaison exhaustive du parseur params.kv au commit 36abd23 avec l’inventaire consolidé 0436b.,include/simulation_params.h; src/params_io_base.cpp,delta parseur 0437–0490p / branche surf commit 36abd23
darcyCircleCx,params_key,Darcy/chiVP — géométrie et aliases,ajout 0343/0418–0426; complété inventaire 0490p,double,0.5,nombre réel fini; contraintes détaillées vérifiées par validate_simulation_params.,darcyCircleCx,,Coordonnée x du centre du cercle/cylindre Darcy analytique.,Ligne ajoutée par comparaison exhaustive du parseur params.kv au commit 36abd23 avec l’inventaire consolidé 0436b.,include/simulation_params.h; src/params_io_base.cpp,delta parseur 0437–0490p / branche surf commit 36abd23
darcyCircleCy,params_key,Darcy/chiVP — géométrie et aliases,ajout 0343/0418–0426; complété inventaire 0490p,double,0.5,nombre réel fini; contraintes détaillées vérifiées par validate_simulation_params.,darcyCircleCy,,Coordonnée y du centre du cercle/cylindre Darcy analytique.,Ligne ajoutée par comparaison exhaustive du parseur params.kv au commit 36abd23 avec l’inventaire consolidé 0436b.,include/simulation_params.h; src/params_io_base.cpp,delta parseur 0437–0490p / branche surf commit 36abd23
darcyCircleR,params_key,Darcy/chiVP — géométrie et aliases,ajout 0343/0418–0426; complété inventaire 0490p,double,0.1,>0 pour le mode circle/cylinder.,darcyCircleR,,Rayon du cercle/cylindre Darcy analytique.,Ligne ajoutée par comparaison exhaustive du parseur params.kv au commit 36abd23 avec l’inventaire consolidé 0436b.,include/simulation_params.h; src/params_io_base.cpp,delta parseur 0437–0490p / branche surf commit 36abd23
darcyCollisionVpEnable,params_key,Darcy/chiVP — géométrie et aliases,ajout 0343/0418–0426; complété inventaire 0490p,booléen,false,true/1/yes/on ou false/0/no/off.,darcyChiCollisionVpEnable,darcyChiCollisionVpEnable,Alias accepté de darcyChiCollisionVpEnable.,Ligne ajoutée par comparaison exhaustive du parseur params.kv au commit 36abd23 avec l’inventaire consolidé 0436b.,include/simulation_params.h; src/params_io_base.cpp,delta parseur 0437–0490p / branche surf commit 36abd23
darcyCollisionVpGamma,params_key,Darcy/chiVP — géométrie et aliases,ajout 0343/0418–0426; complété inventaire 0490p,double,-1.0,nombre réel fini; contraintes détaillées vérifiées par validate_simulation_params.,darcyChiCollisionVpGamma,darcyChiCollisionVpGamma,Alias accepté de darcyChiCollisionVpGamma.,Ligne ajoutée par comparaison exhaustive du parseur params.kv au commit 36abd23 avec l’inventaire consolidé 0436b.,include/simulation_params.h; src/params_io_base.cpp,delta parseur 0437–0490p / branche surf commit 36abd23
darcyCollisionVpLayers,params_key,Darcy/chiVP — géométrie et aliases,ajout 0343/0418–0426; complété inventaire 0490p,entier,1,entier; contraintes détaillées vérifiées par validate_simulation_params.,darcyChiCollisionVpLayers,darcyChiCollisionVpLayers,Alias accepté de darcyChiCollisionVpLayers.,Ligne ajoutée par comparaison exhaustive du parseur params.kv au commit 36abd23 avec l’inventaire consolidé 0436b.,include/simulation_params.h; src/params_io_base.cpp,delta parseur 0437–0490p / branche surf commit 36abd23
darcyCollisionVpMass,params_key,Darcy/chiVP — géométrie et aliases,ajout 0343/0418–0426; complété inventaire 0490p,double,1.0,nombre réel fini; contraintes détaillées vérifiées par validate_simulation_params.,darcyChiCollisionVpMass,darcyChiCollisionVpMass,Alias accepté de darcyChiCollisionVpMass.,Ligne ajoutée par comparaison exhaustive du parseur params.kv au commit 36abd23 avec l’inventaire consolidé 0436b.,include/simulation_params.h; src/params_io_base.cpp,delta parseur 0437–0490p / branche surf commit 36abd23
darcyCollisionVpMode,params_key,Darcy/chiVP — géométrie et aliases,ajout 0343/0418–0426; complété inventaire 0490p,chaîne,interface_band,,darcyChiCollisionVpMode,darcyChiCollisionVpMode,Alias accepté de darcyChiCollisionVpMode.,Ligne ajoutée par comparaison exhaustive du parseur params.kv au commit 36abd23 avec l’inventaire consolidé 0436b.,include/simulation_params.h; src/params_io_base.cpp,delta parseur 0437–0490p / branche surf commit 36abd23
darcyCollisionVpStrength,params_key,Darcy/chiVP — géométrie et aliases,ajout 0343/0418–0426; complété inventaire 0490p,double,1.0,nombre réel fini; contraintes détaillées vérifiées par validate_simulation_params.,darcyChiCollisionVpStrength,darcyChiCollisionVpStrength,Alias accepté de darcyChiCollisionVpStrength.,Ligne ajoutée par comparaison exhaustive du parseur params.kv au commit 36abd23 avec l’inventaire consolidé 0436b.,include/simulation_params.h; src/params_io_base.cpp,delta parseur 0437–0490p / branche surf commit 36abd23
darcyCollisionVpThreshold,params_key,Darcy/chiVP — géométrie et aliases,ajout 0343/0418–0426; complété inventaire 0490p,double,0.5,nombre réel fini; contraintes détaillées vérifiées par validate_simulation_params.,darcyChiCollisionVpThreshold,darcyChiCollisionVpThreshold,Alias accepté de darcyChiCollisionVpThreshold.,Ligne ajoutée par comparaison exhaustive du parseur params.kv au commit 36abd23 avec l’inventaire consolidé 0436b.,include/simulation_params.h; src/params_io_base.cpp,delta parseur 0437–0490p / branche surf commit 36abd23
darcyDeactivateInitialBelowChi,params_key,Darcy/chiVP — géométrie et aliases,ajout 0343/0418–0426; complété inventaire 0490p,double,-1.0,nombre réel fini; contraintes détaillées vérifiées par validate_simulation_params.,darcyInitialDeactivateBelowChi,darcyInitialDeactivateBelowChi,Alias de darcyInitialDeactivateBelowChi.,Ligne ajoutée par comparaison exhaustive du parseur params.kv au commit 36abd23 avec l’inventaire consolidé 0436b.,include/simulation_params.h; src/params_io_base.cpp,delta parseur 0437–0490p / branche surf commit 36abd23
darcyForcingMode,params_key,Darcy/chiVP — géométrie et aliases,ajout 0343/0418–0426; complété inventaire 0490p,chaîne,mean,,darcyBrinkmanForcingMode,darcyBrinkmanForcingMode,Alias de darcyBrinkmanForcingMode.,Ligne ajoutée par comparaison exhaustive du parseur params.kv au commit 36abd23 avec l’inventaire consolidé 0436b.,include/simulation_params.h; src/params_io_base.cpp,delta parseur 0437–0490p / branche surf commit 36abd23
darcyInterfaceWidth,params_key,Darcy/chiVP — géométrie et aliases,ajout 0343/0418–0426; complété inventaire 0490p,double,0.0,>=0.,darcyInterfaceWidth,,Largeur de lissage de l’interface analytique chi.,Ligne ajoutée par comparaison exhaustive du parseur params.kv au commit 36abd23 avec l’inventaire consolidé 0436b.,include/simulation_params.h; src/params_io_base.cpp,delta parseur 0437–0490p / branche surf commit 36abd23
darcyUniformChi,params_key,Darcy/chiVP — géométrie et aliases,ajout 0343/0418–0426; complété inventaire 0490p,double,1.0,nombre réel fini; contraintes détaillées vérifiées par validate_simulation_params.,darcyUniformChi,,Valeur uniforme de chi lorsque darcyChiMode=uniform.,Ligne ajoutée par comparaison exhaustive du parseur params.kv au commit 36abd23 avec l’inventaire consolidé 0436b.,include/simulation_params.h; src/params_io_base.cpp,delta parseur 0437–0490p / branche surf commit 36abd23
dumpParticleRoleFilter,params_key,Sorties compactes — aliases rôle,alias accepté; complété inventaire 0490p,chaîne,all,,dumpRoleFilter,dumpRoleFilter,Alias de dumpRoleFilter.,Ligne ajoutée par comparaison exhaustive du parseur params.kv au commit 36abd23 avec l’inventaire consolidé 0436b.,include/simulation_params.h; src/params_io_base.cpp,delta parseur 0437–0490p / branche surf commit 36abd23
inletBottomXMax,params_key,Clés supprimées — migration vers segments 0143,supprimé 0143; rejet explicite; recensé 0490p,clé supprimée,(non applicable),Toujours rejetée; utiliser openBoundarySegmentsEnable/openBoundarySegmentCount/openBoundarySegmentK.,,,Clé params.kv lue par le parseur courant.,Ligne ajoutée par comparaison exhaustive du parseur params.kv au commit 36abd23 avec l’inventaire consolidé 0436b.,src/params_io_base.cpp (is_removed_open_aperture_key),delta parseur 0437–0490p / branche surf commit 36abd23
inletBottomXMin,params_key,Clés supprimées — migration vers segments 0143,supprimé 0143; rejet explicite; recensé 0490p,clé supprimée,(non applicable),Toujours rejetée; utiliser openBoundarySegmentsEnable/openBoundarySegmentCount/openBoundarySegmentK.,,,Clé params.kv lue par le parseur courant.,Ligne ajoutée par comparaison exhaustive du parseur params.kv au commit 36abd23 avec l’inventaire consolidé 0436b.,src/params_io_base.cpp (is_removed_open_aperture_key),delta parseur 0437–0490p / branche surf commit 36abd23
inletLeftYMax,params_key,Clés supprimées — migration vers segments 0143,supprimé 0143; rejet explicite; recensé 0490p,clé supprimée,(non applicable),Toujours rejetée; utiliser openBoundarySegmentsEnable/openBoundarySegmentCount/openBoundarySegmentK.,,,Clé params.kv lue par le parseur courant.,Ligne ajoutée par comparaison exhaustive du parseur params.kv au commit 36abd23 avec l’inventaire consolidé 0436b.,src/params_io_base.cpp (is_removed_open_aperture_key),delta parseur 0437–0490p / branche surf commit 36abd23
inletLeftYMin,params_key,Clés supprimées — migration vers segments 0143,supprimé 0143; rejet explicite; recensé 0490p,clé supprimée,(non applicable),Toujours rejetée; utiliser openBoundarySegmentsEnable/openBoundarySegmentCount/openBoundarySegmentK.,,,Clé params.kv lue par le parseur courant.,Ligne ajoutée par comparaison exhaustive du parseur params.kv au commit 36abd23 avec l’inventaire consolidé 0436b.,src/params_io_base.cpp (is_removed_open_aperture_key),delta parseur 0437–0490p / branche surf commit 36abd23
ioApertureEnable,params_key,Clés supprimées — migration vers segments 0143,supprimé 0143; rejet explicite; recensé 0490p,clé supprimée,(non applicable),Toujours rejetée; utiliser openBoundarySegmentsEnable/openBoundarySegmentCount/openBoundarySegmentK.,,,Clé params.kv lue par le parseur courant.,Ligne ajoutée par comparaison exhaustive du parseur params.kv au commit 36abd23 avec l’inventaire consolidé 0436b.,src/params_io_base.cpp (is_removed_open_aperture_key),delta parseur 0437–0490p / branche surf commit 36abd23
leftOpenYMax,params_key,Clés supprimées — migration vers segments 0143,supprimé 0143; rejet explicite; recensé 0490p,clé supprimée,(non applicable),Toujours rejetée; utiliser openBoundarySegmentsEnable/openBoundarySegmentCount/openBoundarySegmentK.,,,Clé params.kv lue par le parseur courant.,Ligne ajoutée par comparaison exhaustive du parseur params.kv au commit 36abd23 avec l’inventaire consolidé 0436b.,src/params_io_base.cpp (is_removed_open_aperture_key),delta parseur 0437–0490p / branche surf commit 36abd23
leftOpenYMin,params_key,Clés supprimées — migration vers segments 0143,supprimé 0143; rejet explicite; recensé 0490p,clé supprimée,(non applicable),Toujours rejetée; utiliser openBoundarySegmentsEnable/openBoundarySegmentCount/openBoundarySegmentK.,,,Clé params.kv lue par le parseur courant.,Ligne ajoutée par comparaison exhaustive du parseur params.kv au commit 36abd23 avec l’inventaire consolidé 0436b.,src/params_io_base.cpp (is_removed_open_aperture_key),delta parseur 0437–0490p / branche surf commit 36abd23
openBoundaryApertureEnable,params_key,Clés supprimées — migration vers segments 0143,supprimé 0143; rejet explicite; recensé 0490p,clé supprimée,(non applicable),Toujours rejetée; utiliser openBoundarySegmentsEnable/openBoundarySegmentCount/openBoundarySegmentK.,,,Clé params.kv lue par le parseur courant.,Ligne ajoutée par comparaison exhaustive du parseur params.kv au commit 36abd23 avec l’inventaire consolidé 0436b.,src/params_io_base.cpp (is_removed_open_aperture_key),delta parseur 0437–0490p / branche surf commit 36abd23
openOutletForcedLayerCells,params_key,Entrées/sorties — aliases forced outlet,alias accepté; complété inventaire 0490p,entier,1,entier; contraintes détaillées vérifiées par validate_simulation_params.,openBoundaryOutletForcedLayerCells,openBoundaryOutletForcedLayerCells,Alias accepté de openBoundaryOutletForcedLayerCells.,Ligne ajoutée par comparaison exhaustive du parseur params.kv au commit 36abd23 avec l’inventaire consolidé 0436b.,include/simulation_params.h; src/params_io_base.cpp,delta parseur 0437–0490p / branche surf commit 36abd23
openOutletForcedMassFlux,params_key,Entrées/sorties — aliases forced outlet,alias accepté; complété inventaire 0490p,double,0.0,nombre réel fini; contraintes détaillées vérifiées par validate_simulation_params.,openBoundaryOutletForcedMassFlux,openBoundaryOutletForcedMassFlux,Alias accepté de openBoundaryOutletForcedMassFlux.,Ligne ajoutée par comparaison exhaustive du parseur params.kv au commit 36abd23 avec l’inventaire consolidé 0436b.,include/simulation_params.h; src/params_io_base.cpp,delta parseur 0437–0490p / branche surf commit 36abd23
openOutletForcedMassPerStep,params_key,Entrées/sorties — aliases forced outlet,alias accepté; complété inventaire 0490p,double,0.0,nombre réel fini; contraintes détaillées vérifiées par validate_simulation_params.,openBoundaryOutletForcedMassPerStep,openBoundaryOutletForcedMassPerStep,Alias accepté de openBoundaryOutletForcedMassPerStep.,Ligne ajoutée par comparaison exhaustive du parseur params.kv au commit 36abd23 avec l’inventaire consolidé 0436b.,include/simulation_params.h; src/params_io_base.cpp,delta parseur 0437–0490p / branche surf commit 36abd23
openOutletForcedParticleFlux,params_key,Entrées/sorties — aliases forced outlet,alias accepté; complété inventaire 0490p,double,0.0,nombre réel fini; contraintes détaillées vérifiées par validate_simulation_params.,openBoundaryOutletForcedParticleFlux,openBoundaryOutletForcedParticleFlux,Alias accepté de openBoundaryOutletForcedParticleFlux.,Ligne ajoutée par comparaison exhaustive du parseur params.kv au commit 36abd23 avec l’inventaire consolidé 0436b.,include/simulation_params.h; src/params_io_base.cpp,delta parseur 0437–0490p / branche surf commit 36abd23
openOutletForcedParticlesPerStep,params_key,Entrées/sorties — aliases forced outlet,alias accepté; complété inventaire 0490p,entier,0,entier; contraintes détaillées vérifiées par validate_simulation_params.,openBoundaryOutletForcedParticlesPerStep,openBoundaryOutletForcedParticlesPerStep,Alias accepté de openBoundaryOutletForcedParticlesPerStep.,Ligne ajoutée par comparaison exhaustive du parseur params.kv au commit 36abd23 avec l’inventaire consolidé 0436b.,include/simulation_params.h; src/params_io_base.cpp,delta parseur 0437–0490p / branche surf commit 36abd23
outletForcedLayerCells,params_key,Entrées/sorties — aliases forced outlet,alias accepté; complété inventaire 0490p,entier,1,entier; contraintes détaillées vérifiées par validate_simulation_params.,openBoundaryOutletForcedLayerCells,openBoundaryOutletForcedLayerCells,Alias accepté de openBoundaryOutletForcedLayerCells.,Ligne ajoutée par comparaison exhaustive du parseur params.kv au commit 36abd23 avec l’inventaire consolidé 0436b.,include/simulation_params.h; src/params_io_base.cpp,delta parseur 0437–0490p / branche surf commit 36abd23
outletForcedMassFlux,params_key,Entrées/sorties — aliases forced outlet,alias accepté; complété inventaire 0490p,double,0.0,nombre réel fini; contraintes détaillées vérifiées par validate_simulation_params.,openBoundaryOutletForcedMassFlux,openBoundaryOutletForcedMassFlux,Alias accepté de openBoundaryOutletForcedMassFlux.,Ligne ajoutée par comparaison exhaustive du parseur params.kv au commit 36abd23 avec l’inventaire consolidé 0436b.,include/simulation_params.h; src/params_io_base.cpp,delta parseur 0437–0490p / branche surf commit 36abd23
outletForcedMassPerStep,params_key,Entrées/sorties — aliases forced outlet,alias accepté; complété inventaire 0490p,double,0.0,nombre réel fini; contraintes détaillées vérifiées par validate_simulation_params.,openBoundaryOutletForcedMassPerStep,openBoundaryOutletForcedMassPerStep,Alias accepté de openBoundaryOutletForcedMassPerStep.,Ligne ajoutée par comparaison exhaustive du parseur params.kv au commit 36abd23 avec l’inventaire consolidé 0436b.,include/simulation_params.h; src/params_io_base.cpp,delta parseur 0437–0490p / branche surf commit 36abd23
outletForcedParticleFlux,params_key,Entrées/sorties — aliases forced outlet,alias accepté; complété inventaire 0490p,double,0.0,nombre réel fini; contraintes détaillées vérifiées par validate_simulation_params.,openBoundaryOutletForcedParticleFlux,openBoundaryOutletForcedParticleFlux,Alias accepté de openBoundaryOutletForcedParticleFlux.,Ligne ajoutée par comparaison exhaustive du parseur params.kv au commit 36abd23 avec l’inventaire consolidé 0436b.,include/simulation_params.h; src/params_io_base.cpp,delta parseur 0437–0490p / branche surf commit 36abd23
outletForcedParticlesPerStep,params_key,Entrées/sorties — aliases forced outlet,alias accepté; complété inventaire 0490p,entier,0,entier; contraintes détaillées vérifiées par validate_simulation_params.,openBoundaryOutletForcedParticlesPerStep,openBoundaryOutletForcedParticlesPerStep,Alias accepté de openBoundaryOutletForcedParticlesPerStep.,Ligne ajoutée par comparaison exhaustive du parseur params.kv au commit 36abd23 avec l’inventaire consolidé 0436b.,include/simulation_params.h; src/params_io_base.cpp,delta parseur 0437–0490p / branche surf commit 36abd23
outletRightYMax,params_key,Clés supprimées — migration vers segments 0143,supprimé 0143; rejet explicite; recensé 0490p,clé supprimée,(non applicable),Toujours rejetée; utiliser openBoundarySegmentsEnable/openBoundarySegmentCount/openBoundarySegmentK.,,,Clé params.kv lue par le parseur courant.,Ligne ajoutée par comparaison exhaustive du parseur params.kv au commit 36abd23 avec l’inventaire consolidé 0436b.,src/params_io_base.cpp (is_removed_open_aperture_key),delta parseur 0437–0490p / branche surf commit 36abd23
outletRightYMin,params_key,Clés supprimées — migration vers segments 0143,supprimé 0143; rejet explicite; recensé 0490p,clé supprimée,(non applicable),Toujours rejetée; utiliser openBoundarySegmentsEnable/openBoundarySegmentCount/openBoundarySegmentK.,,,Clé params.kv lue par le parseur courant.,Ligne ajoutée par comparaison exhaustive du parseur params.kv au commit 36abd23 avec l’inventaire consolidé 0436b.,src/params_io_base.cpp (is_removed_open_aperture_key),delta parseur 0437–0490p / branche surf commit 36abd23
outletSuctionLayerCells,params_key,Entrées/sorties — aliases forced outlet,alias accepté; complété inventaire 0490p,entier,1,entier; contraintes détaillées vérifiées par validate_simulation_params.,openBoundaryOutletForcedLayerCells,openBoundaryOutletForcedLayerCells,Alias accepté de openBoundaryOutletForcedLayerCells.,Ligne ajoutée par comparaison exhaustive du parseur params.kv au commit 36abd23 avec l’inventaire consolidé 0436b.,include/simulation_params.h; src/params_io_base.cpp,delta parseur 0437–0490p / branche surf commit 36abd23
outletSuctionMassFlux,params_key,Entrées/sorties — aliases forced outlet,alias accepté; complété inventaire 0490p,double,0.0,nombre réel fini; contraintes détaillées vérifiées par validate_simulation_params.,openBoundaryOutletForcedMassFlux,openBoundaryOutletForcedMassFlux,Alias accepté de openBoundaryOutletForcedMassFlux.,Ligne ajoutée par comparaison exhaustive du parseur params.kv au commit 36abd23 avec l’inventaire consolidé 0436b.,include/simulation_params.h; src/params_io_base.cpp,delta parseur 0437–0490p / branche surf commit 36abd23
outletSuctionMassPerStep,params_key,Entrées/sorties — aliases forced outlet,alias accepté; complété inventaire 0490p,double,0.0,nombre réel fini; contraintes détaillées vérifiées par validate_simulation_params.,openBoundaryOutletForcedMassPerStep,openBoundaryOutletForcedMassPerStep,Alias accepté de openBoundaryOutletForcedMassPerStep.,Ligne ajoutée par comparaison exhaustive du parseur params.kv au commit 36abd23 avec l’inventaire consolidé 0436b.,include/simulation_params.h; src/params_io_base.cpp,delta parseur 0437–0490p / branche surf commit 36abd23
outletSuctionParticleFlux,params_key,Entrées/sorties — aliases forced outlet,alias accepté; complété inventaire 0490p,double,0.0,nombre réel fini; contraintes détaillées vérifiées par validate_simulation_params.,openBoundaryOutletForcedParticleFlux,openBoundaryOutletForcedParticleFlux,Alias accepté de openBoundaryOutletForcedParticleFlux.,Ligne ajoutée par comparaison exhaustive du parseur params.kv au commit 36abd23 avec l’inventaire consolidé 0436b.,include/simulation_params.h; src/params_io_base.cpp,delta parseur 0437–0490p / branche surf commit 36abd23
outletSuctionParticlesPerStep,params_key,Entrées/sorties — aliases forced outlet,alias accepté; complété inventaire 0490p,entier,0,entier; contraintes détaillées vérifiées par validate_simulation_params.,openBoundaryOutletForcedParticlesPerStep,openBoundaryOutletForcedParticlesPerStep,Alias accepté de openBoundaryOutletForcedParticlesPerStep.,Ligne ajoutée par comparaison exhaustive du parseur params.kv au commit 36abd23 avec l’inventaire consolidé 0436b.,include/simulation_params.h; src/params_io_base.cpp,delta parseur 0437–0490p / branche surf commit 36abd23
outletTopXMax,params_key,Clés supprimées — migration vers segments 0143,supprimé 0143; rejet explicite; recensé 0490p,clé supprimée,(non applicable),Toujours rejetée; utiliser openBoundarySegmentsEnable/openBoundarySegmentCount/openBoundarySegmentK.,,,Clé params.kv lue par le parseur courant.,Ligne ajoutée par comparaison exhaustive du parseur params.kv au commit 36abd23 avec l’inventaire consolidé 0436b.,src/params_io_base.cpp (is_removed_open_aperture_key),delta parseur 0437–0490p / branche surf commit 36abd23
outletTopXMin,params_key,Clés supprimées — migration vers segments 0143,supprimé 0143; rejet explicite; recensé 0490p,clé supprimée,(non applicable),Toujours rejetée; utiliser openBoundarySegmentsEnable/openBoundarySegmentCount/openBoundarySegmentK.,,,Clé params.kv lue par le parseur courant.,Ligne ajoutée par comparaison exhaustive du parseur params.kv au commit 36abd23 avec l’inventaire consolidé 0436b.,src/params_io_base.cpp (is_removed_open_aperture_key),delta parseur 0437–0490p / branche surf commit 36abd23
rightOpenYMax,params_key,Clés supprimées — migration vers segments 0143,supprimé 0143; rejet explicite; recensé 0490p,clé supprimée,(non applicable),Toujours rejetée; utiliser openBoundarySegmentsEnable/openBoundarySegmentCount/openBoundarySegmentK.,,,Clé params.kv lue par le parseur courant.,Ligne ajoutée par comparaison exhaustive du parseur params.kv au commit 36abd23 avec l’inventaire consolidé 0436b.,src/params_io_base.cpp (is_removed_open_aperture_key),delta parseur 0437–0490p / branche surf commit 36abd23
rightOpenYMin,params_key,Clés supprimées — migration vers segments 0143,supprimé 0143; rejet explicite; recensé 0490p,clé supprimée,(non applicable),Toujours rejetée; utiliser openBoundarySegmentsEnable/openBoundarySegmentCount/openBoundarySegmentK.,,,Clé params.kv lue par le parseur courant.,Ligne ajoutée par comparaison exhaustive du parseur params.kv au commit 36abd23 avec l’inventaire consolidé 0436b.,src/params_io_base.cpp (is_removed_open_aperture_key),delta parseur 0437–0490p / branche surf commit 36abd23
speciesCellCudaComparisonFilename,params_key,Multi-espèces — dépôt et diagnostics,ajout 0490a–0490p,chaîne,species_cell_cuda_equivalence_0490h.csv,,speciesCellCudaComparisonFilename,,Nom du CSV d’équivalence dépôt CPU/CUDA 0490h.,Ligne ajoutée par comparaison exhaustive du parseur params.kv au commit 36abd23 avec l’inventaire consolidé 0436b.,include/simulation_params.h; src/params_io_base.cpp; README_0490H_CUDA_SPECIES_CELL_DEPOSIT.md,delta parseur 0437–0490p / branche surf commit 36abd23
speciesCellCudaComparisonTolerance,params_key,Multi-espèces — dépôt et diagnostics,ajout 0490a–0490p,double,1.0e-11,fini et >=0.,speciesCellCudaComparisonTolerance,,Tolérance absolue de l’équivalence dépôt CPU/CUDA.,Ligne ajoutée par comparaison exhaustive du parseur params.kv au commit 36abd23 avec l’inventaire consolidé 0436b.,include/simulation_params.h; src/params_io_base.cpp; README_0490H_CUDA_SPECIES_CELL_DEPOSIT.md,delta parseur 0437–0490p / branche surf commit 36abd23
speciesCellCudaDepositEnable,params_key,Multi-espèces — dépôt et diagnostics,ajout 0490a–0490p,booléen,false,true/1/yes/on ou false/0/no/off.,speciesCellCudaDepositEnable,,Active le dépôt CUDA résident N/M/P par cellule et espèce et sa comparaison de référence.,Ligne ajoutée par comparaison exhaustive du parseur params.kv au commit 36abd23 avec l’inventaire consolidé 0436b.,include/simulation_params.h; src/params_io_base.cpp; README_0490H_CUDA_SPECIES_CELL_DEPOSIT.md,delta parseur 0437–0490p / branche surf commit 36abd23
speciesCellCudaThreadsPerBlock,params_key,Multi-espèces — dépôt et diagnostics,ajout 0490a–0490p,entier,256,1…1024.,speciesCellCudaThreadsPerBlock,,Nombre de threads par bloc du dépôt CUDA par espèce.,Ligne ajoutée par comparaison exhaustive du parseur params.kv au commit 36abd23 avec l’inventaire consolidé 0436b.,include/simulation_params.h; src/params_io_base.cpp; README_0490H_CUDA_SPECIES_CELL_DEPOSIT.md,delta parseur 0437–0490p / branche surf commit 36abd23
speciesCellDiagnosticsEnable,params_key,Multi-espèces — dépôt et diagnostics,ajout 0490a–0490p,booléen,false,true/1/yes/on ou false/0/no/off.,speciesCellDiagnosticsEnable,,Active le dépôt CPU de référence par cellule et espèce.,Ligne ajoutée par comparaison exhaustive du parseur params.kv au commit 36abd23 avec l’inventaire consolidé 0436b.,include/simulation_params.h; src/params_io_base.cpp; README_0490B_SPECIES_CELL_DEPOSIT.md,delta parseur 0437–0490p / branche surf commit 36abd23
speciesCellDiagnosticsFilename,params_key,Multi-espèces — dépôt et diagnostics,ajout 0490a–0490p,chaîne,species_cell_runtime_0490b.csv,,speciesCellDiagnosticsFilename,,Nom du CSV CPU par cellule et espèce.,Ligne ajoutée par comparaison exhaustive du parseur params.kv au commit 36abd23 avec l’inventaire consolidé 0436b.,include/simulation_params.h; src/params_io_base.cpp; README_0490B_SPECIES_CELL_DEPOSIT.md,delta parseur 0437–0490p / branche surf commit 36abd23
speciesCount,params_key,Multi-espèces — registre,ajout 0490a–0490p,entier,0,>0 lorsque le registre est actif; exactement autant de déclarations speciesK.,speciesCount,,Nombre exact de déclarations species0…speciesN-1 attendues.,Ligne ajoutée par comparaison exhaustive du parseur params.kv au commit 36abd23 avec l’inventaire consolidé 0436b.,include/simulation_params.h; src/params_io_base.cpp; README_0490A_SPECIES_REGISTRY_SCAFFOLD.md,delta parseur 0437–0490p / branche surf commit 36abd23
speciesCudaResidentFastPathDiagnosticsFilename,params_key,Multi-espèces — dépôt et diagnostics,ajout 0490a–0490p,chaîne,cuda_species_resident_fast_path_0490m.csv,,speciesCudaResidentFastPathDiagnosticsFilename,,Nom du CSV du fast path résident multi-espèces.,Ligne ajoutée par comparaison exhaustive du parseur params.kv au commit 36abd23 avec l’inventaire consolidé 0436b.,include/simulation_params.h; src/params_io_base.cpp; README_0490M_CUDA_SPECIES_RESIDENT_FAST_PATH.md,delta parseur 0437–0490p / branche surf commit 36abd23
speciesCudaResidentMaintenanceDiagnosticsFilename,params_key,Multi-espèces — dépôt et diagnostics,ajout 0490a–0490p,chaîne,cuda_species_resident_maintenance_0490n.csv,,speciesCudaResidentMaintenanceDiagnosticsFilename,,Nom du CSV de maintenance résidente 0490n/0490p.,Ligne ajoutée par comparaison exhaustive du parseur params.kv au commit 36abd23 avec l’inventaire consolidé 0436b.,include/simulation_params.h; src/params_io_base.cpp; README_0490N_CUDA_SPECIES_RESIDENT_MAINTENANCE.md; README_0490P_DEVICE_CELL_POLICY_ZERO_CPU.md,delta parseur 0437–0490p / branche surf commit 36abd23
speciesDiagnosticsEnable,params_key,Multi-espèces — dépôt et diagnostics,ajout 0490a–0490p,booléen,false,true/1/yes/on ou false/0/no/off.,speciesDiagnosticsEnable,,Active le bilan global par espèce aux pas de summary.,Ligne ajoutée par comparaison exhaustive du parseur params.kv au commit 36abd23 avec l’inventaire consolidé 0436b.,include/simulation_params.h; src/params_io_base.cpp; README_0490A_SPECIES_REGISTRY_SCAFFOLD.md,delta parseur 0437–0490p / branche surf commit 36abd23
speciesDiagnosticsFilename,params_key,Multi-espèces — dépôt et diagnostics,ajout 0490a–0490p,chaîne,species_runtime_0490a.csv,,speciesDiagnosticsFilename,,Nom du CSV global par espèce.,Ligne ajoutée par comparaison exhaustive du parseur params.kv au commit 36abd23 avec l’inventaire consolidé 0436b.,include/simulation_params.h; src/params_io_base.cpp; README_0490A_SPECIES_REGISTRY_SCAFFOLD.md,delta parseur 0437–0490p / branche surf commit 36abd23
speciesK,params_key,Multi-espèces — registre,ajout 0490a–0490p,déclaration structurée,(aucune),"K=0…speciesCount-1; type unique uint32; phaseFamily=liquid|gas; coefficients finis. Pour independent_masked: q6StrengthDeclared dans [0,1] et referenceCellMassDeclared finie >0 pour chaque espèce.",speciesDefinitions,species0…speciesN-1,"Déclare une espèce: type, nom, famille de phase, coefficients Q6/fermeture et masse cellulaire de référence optionnelle.",Ligne ajoutée par comparaison exhaustive du parseur params.kv au commit 36abd23 avec l’inventaire consolidé 0436b. | 0493w5: la masse cellulaire de référence devient obligatoire pour construire le proxy d’occupation de independent_masked.,include/simulation_params.h; src/params_io_base.cpp; README_0490A_SPECIES_REGISTRY_SCAFFOLD.md; README_0493W5_INDEPENDENT_MASKED_Q6_STAGE1.md,delta parseur 0437–0490p / branche surf commit 36abd23 | mise à jour 0493w5–0493w8 / commit caa5b6b
speciesMassClosureCudaComparisonTolerance,params_key,Multi-espèces — fermeture de masse,ajout 0490a–0490p,double,1.0e-11,fini et >=0.,speciesMassClosureCudaComparisonTolerance,,Tolérance des comparaisons de masse cellulaire avant remap.,Ligne ajoutée par comparaison exhaustive du parseur params.kv au commit 36abd23 avec l’inventaire consolidé 0436b.,include/simulation_params.h; src/params_io_base.cpp; README_0490I_CUDA_SPECIES_MASS_CLOSURE.md,delta parseur 0437–0490p / branche surf commit 36abd23
speciesMassClosureCudaDiagnosticsFilename,params_key,Multi-espèces — dépôt et diagnostics,ajout 0490a–0490p,chaîne,cuda_species_mass_closure_0490i.csv,,speciesMassClosureCudaDiagnosticsFilename,,Nom du CSV de fermeture de masse CUDA.,Ligne ajoutée par comparaison exhaustive du parseur params.kv au commit 36abd23 avec l’inventaire consolidé 0436b.,include/simulation_params.h; src/params_io_base.cpp; README_0490I_CUDA_SPECIES_MASS_CLOSURE.md,delta parseur 0437–0490p / branche surf commit 36abd23
speciesRegistryEnable,params_key,Multi-espèces — registre,ajout 0490a–0490p,booléen,false,true/1/yes/on ou false/0/no/off.,speciesRegistryEnable,,Active le registre reliant les valeurs de type aux espèces et familles de phase.,Ligne ajoutée par comparaison exhaustive du parseur params.kv au commit 36abd23 avec l’inventaire consolidé 0436b.,include/simulation_params.h; src/params_io_base.cpp; README_0490A_SPECIES_REGISTRY_SCAFFOLD.md,delta parseur 0437–0490p / branche surf commit 36abd23
speciesRequireRegisteredTypes,params_key,Multi-espèces — registre,ajout 0490a–0490p,booléen,false,true/1/yes/on ou false/0/no/off.,speciesRequireRegisteredTypes,,Refuse tout type Fluid/Latent non enregistré; les slots Inactive sont exclus.,Ligne ajoutée par comparaison exhaustive du parseur params.kv au commit 36abd23 avec l’inventaire consolidé 0436b.,include/simulation_params.h; src/params_io_base.cpp; README_0490A_SPECIES_REGISTRY_SCAFFOLD.md,delta parseur 0437–0490p / branche surf commit 36abd23
speciesResamplingCudaResidentDepositsEnable,params_key,Multi-espèces — chemin CUDA résident,ajout 0490a–0490p,booléen,false,true/1/yes/on ou false/0/no/off.,speciesResamplingCudaResidentDepositsEnable,,Remplace les dépôts pondérés CPU par les dépôts résidents 0490h/0490n.,Ligne ajoutée par comparaison exhaustive du parseur params.kv au commit 36abd23 avec l’inventaire consolidé 0436b.,include/simulation_params.h; src/params_io_base.cpp; README_0490N_CUDA_SPECIES_RESIDENT_MAINTENANCE.md; README_0490P_DEVICE_CELL_POLICY_ZERO_CPU.md,delta parseur 0437–0490p / branche surf commit 36abd23
speciesResamplingCudaResidentFastPathEnable,params_key,Multi-espèces — chemin CUDA résident,ajout 0490a–0490p,booléen,false,true/1/yes/on ou false/0/no/off.,speciesResamplingCudaResidentFastPathEnable,,Active le passage direct plan CUDA vers matérialisation et mutation résidente 0490m.,Ligne ajoutée par comparaison exhaustive du parseur params.kv au commit 36abd23 avec l’inventaire consolidé 0436b.,include/simulation_params.h; src/params_io_base.cpp; README_0490M_CUDA_SPECIES_RESIDENT_FAST_PATH.md,delta parseur 0437–0490p / branche surf commit 36abd23
speciesResamplingCudaResidentMaintenanceStrict,params_key,Multi-espèces — chemin CUDA résident,ajout 0490a–0490p,booléen,false,true/1/yes/on ou false/0/no/off.,speciesResamplingCudaResidentMaintenanceStrict,,Interdit tout fallback CPU de maintenance et impose les composants résidents.,Ligne ajoutée par comparaison exhaustive du parseur params.kv au commit 36abd23 avec l’inventaire consolidé 0436b.,include/simulation_params.h; src/params_io_base.cpp; README_0490N_CUDA_SPECIES_RESIDENT_MAINTENANCE.md; README_0490P_DEVICE_CELL_POLICY_ZERO_CPU.md,delta parseur 0437–0490p / branche surf commit 36abd23
speciesResamplingCudaResidentPoolEnable,params_key,Multi-espèces — chemin CUDA résident,ajout 0490a–0490p,booléen,false,true/1/yes/on ou false/0/no/off.,speciesResamplingCudaResidentPoolEnable,,Remplace la reconstruction CPU du pool par les listes de rôles CUDA résidentes.,Ligne ajoutée par comparaison exhaustive du parseur params.kv au commit 36abd23 avec l’inventaire consolidé 0436b.,include/simulation_params.h; src/params_io_base.cpp; README_0490N_CUDA_SPECIES_RESIDENT_MAINTENANCE.md; README_0490P_DEVICE_CELL_POLICY_ZERO_CPU.md,delta parseur 0437–0490p / branche surf commit 36abd23
speciesResamplingCudaResidentValidationEnable,params_key,Multi-espèces — chemin CUDA résident,ajout 0490a–0490p,booléen,false,true/1/yes/on ou false/0/no/off.,speciesResamplingCudaResidentValidationEnable,,Active la porte stricte 0490l sans plan/opérations CPU de secours.,Ligne ajoutée par comparaison exhaustive du parseur params.kv au commit 36abd23 avec l’inventaire consolidé 0436b.,include/simulation_params.h; src/params_io_base.cpp; README_0490A_SPECIES_REGISTRY_SCAFFOLD.md,delta parseur 0437–0490p / branche surf commit 36abd23
speciesResamplingMassClosureCudaEnable,params_key,Multi-espèces — fermeture de masse,ajout 0490a–0490p,booléen,false,true/1/yes/on ou false/0/no/off.,speciesResamplingMassClosureCudaEnable,,Exécute la fermeture multi-espèces sur l’état CUDA partagé.,Ligne ajoutée par comparaison exhaustive du parseur params.kv au commit 36abd23 avec l’inventaire consolidé 0436b.,include/simulation_params.h; src/params_io_base.cpp; README_0490I_CUDA_SPECIES_MASS_CLOSURE.md,delta parseur 0437–0490p / branche surf commit 36abd23
speciesResamplingMassClosureEnable,params_key,Multi-espèces — fermeture de masse,ajout 0490a–0490p,booléen,false,true/1/yes/on ou false/0/no/off.,speciesResamplingMassClosureEnable,,Active la fermeture de masse dépendante de la composition.,Ligne ajoutée par comparaison exhaustive du parseur params.kv au commit 36abd23 avec l’inventaire consolidé 0436b.,include/simulation_params.h; src/params_io_base.cpp; README_0490I_CUDA_SPECIES_MASS_CLOSURE.md,delta parseur 0437–0490p / branche surf commit 36abd23
speciesResamplingPopulationGuardCudaEnable,params_key,Multi-espèces — garde de population,ajout 0490a–0490p,booléen,false,true/1/yes/on ou false/0/no/off.,speciesResamplingPopulationGuardCudaEnable,,Active la sélection d’espèce dans le garde de population CUDA 0297.,Ligne ajoutée par comparaison exhaustive du parseur params.kv au commit 36abd23 avec l’inventaire consolidé 0436b.,include/simulation_params.h; src/params_io_base.cpp; README_0490J_CUDA_SPECIES_POPULATION_GUARD.md,delta parseur 0437–0490p / branche surf commit 36abd23
speciesResamplingPopulationGuardEnable,params_key,Multi-espèces — garde de population,ajout 0490a–0490p,booléen,false,true/1/yes/on ou false/0/no/off.,speciesResamplingPopulationGuardEnable,,Active la sélection d’espèce du garde de population CPU.,Ligne ajoutée par comparaison exhaustive du parseur params.kv au commit 36abd23 avec l’inventaire consolidé 0436b.,include/simulation_params.h; src/params_io_base.cpp; README_0490E_SPECIES_POPULATION_GUARD.md,delta parseur 0437–0490p / branche surf commit 36abd23
speciesResamplingTransferCudaEnable,params_key,Multi-espèces — transferts donneur/receveur,ajout 0490a–0490p,booléen,false,true/1/yes/on ou false/0/no/off.,speciesResamplingTransferCudaEnable,,Active le plan natif CUDA de transferts contraints par type.,Ligne ajoutée par comparaison exhaustive du parseur params.kv au commit 36abd23 avec l’inventaire consolidé 0436b.,include/simulation_params.h; src/params_io_base.cpp; README_0490K_CUDA_SPECIES_TRANSFER_PLAN.md,delta parseur 0437–0490p / branche surf commit 36abd23
speciesResamplingTransferEnable,params_key,Multi-espèces — transferts donneur/receveur,ajout 0490a–0490p,booléen,false,true/1/yes/on ou false/0/no/off.,speciesResamplingTransferEnable,,Active le plan CPU de transferts donneur–receveur contraint par type.,Ligne ajoutée par comparaison exhaustive du parseur params.kv au commit 36abd23 avec l’inventaire consolidé 0436b.,include/simulation_params.h; src/params_io_base.cpp; README_0490G_SPECIES_DONOR_RECEIVER_TRANSFERS.md,delta parseur 0437–0490p / branche surf commit 36abd23
speciesTransferCudaComparisonTolerance,params_key,Multi-espèces — transferts donneur/receveur,ajout 0490a–0490p,double,1.0e-11,fini et >=0.,speciesTransferCudaComparisonTolerance,,Tolérance de comparaison du plan CPU/CUDA.,Ligne ajoutée par comparaison exhaustive du parseur params.kv au commit 36abd23 avec l’inventaire consolidé 0436b.,include/simulation_params.h; src/params_io_base.cpp; README_0490K_CUDA_SPECIES_TRANSFER_PLAN.md,delta parseur 0437–0490p / branche surf commit 36abd23
speciesTransferCudaDiagnosticsFilename,params_key,Multi-espèces — dépôt et diagnostics,ajout 0490a–0490p,chaîne,cuda_species_transfer_plan_0490k.csv,,speciesTransferCudaDiagnosticsFilename,,Nom du CSV de plan de transfert CUDA.,Ligne ajoutée par comparaison exhaustive du parseur params.kv au commit 36abd23 avec l’inventaire consolidé 0436b.,include/simulation_params.h; src/params_io_base.cpp; README_0490K_CUDA_SPECIES_TRANSFER_PLAN.md,delta parseur 0437–0490p / branche surf commit 36abd23
summaryParticleRoleFilter,params_key,Sorties compactes — aliases rôle,alias accepté; complété inventaire 0490p,chaîne,all,,summaryRoleFilter,summaryRoleFilter,Alias de summaryRoleFilter.,Ligne ajoutée par comparaison exhaustive du parseur params.kv au commit 36abd23 avec l’inventaire consolidé 0436b.,include/simulation_params.h; src/params_io_base.cpp,delta parseur 0437–0490p / branche surf commit 36abd23
topOpenXMax,params_key,Clés supprimées — migration vers segments 0143,supprimé 0143; rejet explicite; recensé 0490p,clé supprimée,(non applicable),Toujours rejetée; utiliser openBoundarySegmentsEnable/openBoundarySegmentCount/openBoundarySegmentK.,,,Clé params.kv lue par le parseur courant.,Ligne ajoutée par comparaison exhaustive du parseur params.kv au commit 36abd23 avec l’inventaire consolidé 0436b.,src/params_io_base.cpp (is_removed_open_aperture_key),delta parseur 0437–0490p / branche surf commit 36abd23
topOpenXMin,params_key,Clés supprimées — migration vers segments 0143,supprimé 0143; rejet explicite; recensé 0490p,clé supprimée,(non applicable),Toujours rejetée; utiliser openBoundarySegmentsEnable/openBoundarySegmentCount/openBoundarySegmentK.,,,Clé params.kv lue par le parseur courant.,Ligne ajoutée par comparaison exhaustive du parseur params.kv au commit 36abd23 avec l’inventaire consolidé 0436b.,src/params_io_base.cpp (is_removed_open_aperture_key),delta parseur 0437–0490p / branche surf commit 36abd23
topoChiCollisionVpEnable,params_key,Darcy/chiVP — géométrie et aliases,ajout 0343/0418–0426; complété inventaire 0490p,booléen,false,true/1/yes/on ou false/0/no/off.,darcyChiCollisionVpEnable,darcyChiCollisionVpEnable,Alias accepté de darcyChiCollisionVpEnable.,Ligne ajoutée par comparaison exhaustive du parseur params.kv au commit 36abd23 avec l’inventaire consolidé 0436b.,include/simulation_params.h; src/params_io_base.cpp,delta parseur 0437–0490p / branche surf commit 36abd23
topoChiCollisionVpGamma,params_key,Darcy/chiVP — géométrie et aliases,ajout 0343/0418–0426; complété inventaire 0490p,double,-1.0,nombre réel fini; contraintes détaillées vérifiées par validate_simulation_params.,darcyChiCollisionVpGamma,darcyChiCollisionVpGamma,Alias accepté de darcyChiCollisionVpGamma.,Ligne ajoutée par comparaison exhaustive du parseur params.kv au commit 36abd23 avec l’inventaire consolidé 0436b.,include/simulation_params.h; src/params_io_base.cpp,delta parseur 0437–0490p / branche surf commit 36abd23
topoChiCollisionVpLayers,params_key,Darcy/chiVP — géométrie et aliases,ajout 0343/0418–0426; complété inventaire 0490p,entier,1,entier; contraintes détaillées vérifiées par validate_simulation_params.,darcyChiCollisionVpLayers,darcyChiCollisionVpLayers,Alias accepté de darcyChiCollisionVpLayers.,Ligne ajoutée par comparaison exhaustive du parseur params.kv au commit 36abd23 avec l’inventaire consolidé 0436b.,include/simulation_params.h; src/params_io_base.cpp,delta parseur 0437–0490p / branche surf commit 36abd23
topoChiCollisionVpMass,params_key,Darcy/chiVP — géométrie et aliases,ajout 0343/0418–0426; complété inventaire 0490p,double,1.0,nombre réel fini; contraintes détaillées vérifiées par validate_simulation_params.,darcyChiCollisionVpMass,darcyChiCollisionVpMass,Alias accepté de darcyChiCollisionVpMass.,Ligne ajoutée par comparaison exhaustive du parseur params.kv au commit 36abd23 avec l’inventaire consolidé 0436b.,include/simulation_params.h; src/params_io_base.cpp,delta parseur 0437–0490p / branche surf commit 36abd23
topoChiCollisionVpMode,params_key,Darcy/chiVP — géométrie et aliases,ajout 0343/0418–0426; complété inventaire 0490p,chaîne,interface_band,,darcyChiCollisionVpMode,darcyChiCollisionVpMode,Alias accepté de darcyChiCollisionVpMode.,Ligne ajoutée par comparaison exhaustive du parseur params.kv au commit 36abd23 avec l’inventaire consolidé 0436b.,include/simulation_params.h; src/params_io_base.cpp,delta parseur 0437–0490p / branche surf commit 36abd23
topoChiCollisionVpStrength,params_key,Darcy/chiVP — géométrie et aliases,ajout 0343/0418–0426; complété inventaire 0490p,double,1.0,nombre réel fini; contraintes détaillées vérifiées par validate_simulation_params.,darcyChiCollisionVpStrength,darcyChiCollisionVpStrength,Alias accepté de darcyChiCollisionVpStrength.,Ligne ajoutée par comparaison exhaustive du parseur params.kv au commit 36abd23 avec l’inventaire consolidé 0436b.,include/simulation_params.h; src/params_io_base.cpp,delta parseur 0437–0490p / branche surf commit 36abd23
topoChiCollisionVpThreshold,params_key,Darcy/chiVP — géométrie et aliases,ajout 0343/0418–0426; complété inventaire 0490p,double,0.5,nombre réel fini; contraintes détaillées vérifiées par validate_simulation_params.,darcyChiCollisionVpThreshold,darcyChiCollisionVpThreshold,Alias accepté de darcyChiCollisionVpThreshold.,Ligne ajoutée par comparaison exhaustive du parseur params.kv au commit 36abd23 avec l’inventaire consolidé 0436b.,include/simulation_params.h; src/params_io_base.cpp,delta parseur 0437–0490p / branche surf commit 36abd23
topoDarcyEnable,params_key,Darcy/chiVP — géométrie et aliases,ajout 0343/0418–0426; complété inventaire 0490p,booléen,false,true/1/yes/on ou false/0/no/off.,darcyBrinkmanEnable,darcyBrinkmanEnable,Alias de darcyBrinkmanEnable.,Ligne ajoutée par comparaison exhaustive du parseur params.kv au commit 36abd23 avec l’inventaire consolidé 0436b.,include/simulation_params.h; src/params_io_base.cpp,delta parseur 0437–0490p / branche surf commit 36abd23
cudaResamplingChiFilterEnable,params_canonical_field,CUDA resampling — filtre Darcy/chi,ajout filtre chi; recensé 0490p,booléen,true,true/1/yes/on ou false/0/no/off.,cudaResamplingChiFilterEnable,cudaResamplingDarcyChiFilterEnable,Exclut les cellules Darcy de chi faible des mutations/reconditionnements/refills.,Champ canonique ajouté/recensé depuis l’inventaire 0436b. Les vecteurs speciesDefinitions/openBoundarySegments sont construits après le premier passage du parseur.,include/simulation_params.h; src/params_io_base.cpp; src/cuda_resampling_population_guard_0297.cu; src/cuda_resampling_mass_recondition_0296.cu,delta SimulationParams 0437–0490p / branche surf commit 36abd23
cudaResamplingChiMin,params_canonical_field,CUDA resampling — filtre Darcy/chi,ajout filtre chi; recensé 0490p,double,0.5,"fini; typiquement dans [0,1].",cudaResamplingChiMin,cudaResamplingDarcyChiMin,Seuil minimal de chi pour autoriser le resampling CUDA.,Champ canonique ajouté/recensé depuis l’inventaire 0436b. Les vecteurs speciesDefinitions/openBoundarySegments sont construits après le premier passage du parseur.,include/simulation_params.h; src/params_io_base.cpp; src/cuda_resampling_population_guard_0297.cu; src/cuda_resampling_mass_recondition_0296.cu,delta SimulationParams 0437–0490p / branche surf commit 36abd23
cudaResamplingEmptyRefillEnable,params_canonical_field,CUDA resampling — refill cellules vides 0319,ajout 0319; recensé 0490p,booléen,false,true/1/yes/on ou false/0/no/off.,cudaResamplingEmptyRefillEnable,,Active le refill CUDA des cellules humides vides depuis la mémoire cellulaire.,Champ canonique ajouté/recensé depuis l’inventaire 0436b. Les vecteurs speciesDefinitions/openBoundarySegments sont construits après le premier passage du parseur.,include/simulation_params.h; src/params_io_base.cpp; src/cuda_resampling_population_guard_0297.cu,delta SimulationParams 0437–0490p / branche surf commit 36abd23
cudaResamplingEmptyRefillGamma,params_canonical_field,CUDA resampling — refill cellules vides 0319,ajout 0319; recensé 0490p,entier,0,entier; contraintes détaillées vérifiées par validate_simulation_params.,cudaResamplingEmptyRefillGamma,,Valeur gamma explicite pour la cible de refill; 0 utilise les fallbacks.,Champ canonique ajouté/recensé depuis l’inventaire 0436b. Les vecteurs speciesDefinitions/openBoundarySegments sont construits après le premier passage du parseur.,include/simulation_params.h; src/params_io_base.cpp; src/cuda_resampling_population_guard_0297.cu,delta SimulationParams 0437–0490p / branche surf commit 36abd23
cudaResamplingEmptyRefillMemoryMaxAge,params_canonical_field,CUDA resampling — refill cellules vides 0319,ajout 0319; recensé 0490p,entier,1000,>=0.,cudaResamplingEmptyRefillMemoryMaxAge,,Âge maximal en pas de la mémoire cellulaire utilisée pour le refill.,Champ canonique ajouté/recensé depuis l’inventaire 0436b. Les vecteurs speciesDefinitions/openBoundarySegments sont construits après le premier passage du parseur.,include/simulation_params.h; src/params_io_base.cpp; src/cuda_resampling_population_guard_0297.cu,delta SimulationParams 0437–0490p / branche surf commit 36abd23
cudaResamplingEmptyRefillReference,params_canonical_field,CUDA resampling — refill cellules vides 0319,ajout 0319; recensé 0490p,chaîne,ntarget,ntarget | gamma.,cudaResamplingEmptyRefillReference,,Choisit la référence de refill: ntarget ou gamma.,Champ canonique ajouté/recensé depuis l’inventaire 0436b. Les vecteurs speciesDefinitions/openBoundarySegments sont construits après le premier passage du parseur.,include/simulation_params.h; src/params_io_base.cpp; src/cuda_resampling_population_guard_0297.cu,delta SimulationParams 0437–0490p / branche surf commit 36abd23
cudaResamplingEmptyRefillSpeciesCompositionEnable,params_canonical_field,Multi-espèces — refill,ajout 0490a–0490p,booléen,false,true/1/yes/on ou false/0/no/off.,cudaResamplingEmptyRefillSpeciesCompositionEnable,,Mémorise et restaure la composition multi-espèces des cellules temporairement vides.,Champ canonique ajouté/recensé depuis l’inventaire 0436b. Les vecteurs speciesDefinitions/openBoundarySegments sont construits après le premier passage du parseur.,include/simulation_params.h; src/params_io_base.cpp; README_0490F_MIXED_SPECIES_REFILL.md,delta SimulationParams 0437–0490p / branche surf commit 36abd23
cudaResamplingEmptyRefillTargetFraction,params_canonical_field,CUDA resampling — refill cellules vides 0319,ajout 0319; recensé 0490p,double,0.5,>0.,cudaResamplingEmptyRefillTargetFraction,,Fraction de la population de référence utilisée comme cible de refill.,Champ canonique ajouté/recensé depuis l’inventaire 0436b. Les vecteurs speciesDefinitions/openBoundarySegments sont construits après le premier passage du parseur.,include/simulation_params.h; src/params_io_base.cpp; src/cuda_resampling_population_guard_0297.cu,delta SimulationParams 0437–0490p / branche surf commit 36abd23
darcyBoxXMax,params_canonical_field,Darcy/chiVP — géométrie et aliases,ajout 0343/0418–0426; complété inventaire 0490p,double,0.0,nombre réel fini; contraintes détaillées vérifiées par validate_simulation_params.,darcyBoxXMax,,Borne x maximale de la boîte Darcy analytique.,Champ canonique ajouté/recensé depuis l’inventaire 0436b. Les vecteurs speciesDefinitions/openBoundarySegments sont construits après le premier passage du parseur.,include/simulation_params.h; src/params_io_base.cpp,delta SimulationParams 0437–0490p / branche surf commit 36abd23
darcyBoxXMin,params_canonical_field,Darcy/chiVP — géométrie et aliases,ajout 0343/0418–0426; complété inventaire 0490p,double,0.0,nombre réel fini; contraintes détaillées vérifiées par validate_simulation_params.,darcyBoxXMin,,Borne x minimale de la boîte Darcy analytique.,Champ canonique ajouté/recensé depuis l’inventaire 0436b. Les vecteurs speciesDefinitions/openBoundarySegments sont construits après le premier passage du parseur.,include/simulation_params.h; src/params_io_base.cpp,delta SimulationParams 0437–0490p / branche surf commit 36abd23
darcyBoxYMax,params_canonical_field,Darcy/chiVP — géométrie et aliases,ajout 0343/0418–0426; complété inventaire 0490p,double,0.0,nombre réel fini; contraintes détaillées vérifiées par validate_simulation_params.,darcyBoxYMax,,Borne y maximale de la boîte Darcy analytique.,Champ canonique ajouté/recensé depuis l’inventaire 0436b. Les vecteurs speciesDefinitions/openBoundarySegments sont construits après le premier passage du parseur.,include/simulation_params.h; src/params_io_base.cpp,delta SimulationParams 0437–0490p / branche surf commit 36abd23
darcyBoxYMin,params_canonical_field,Darcy/chiVP — géométrie et aliases,ajout 0343/0418–0426; complété inventaire 0490p,double,0.0,nombre réel fini; contraintes détaillées vérifiées par validate_simulation_params.,darcyBoxYMin,,Borne y minimale de la boîte Darcy analytique.,Champ canonique ajouté/recensé depuis l’inventaire 0436b. Les vecteurs speciesDefinitions/openBoundarySegments sont construits après le premier passage du parseur.,include/simulation_params.h; src/params_io_base.cpp,delta SimulationParams 0437–0490p / branche surf commit 36abd23
darcyCircleCx,params_canonical_field,Darcy/chiVP — géométrie et aliases,ajout 0343/0418–0426; complété inventaire 0490p,double,0.5,nombre réel fini; contraintes détaillées vérifiées par validate_simulation_params.,darcyCircleCx,,Coordonnée x du centre du cercle/cylindre Darcy analytique.,Champ canonique ajouté/recensé depuis l’inventaire 0436b. Les vecteurs speciesDefinitions/openBoundarySegments sont construits après le premier passage du parseur.,include/simulation_params.h; src/params_io_base.cpp,delta SimulationParams 0437–0490p / branche surf commit 36abd23
darcyCircleCy,params_canonical_field,Darcy/chiVP — géométrie et aliases,ajout 0343/0418–0426; complété inventaire 0490p,double,0.5,nombre réel fini; contraintes détaillées vérifiées par validate_simulation_params.,darcyCircleCy,,Coordonnée y du centre du cercle/cylindre Darcy analytique.,Champ canonique ajouté/recensé depuis l’inventaire 0436b. Les vecteurs speciesDefinitions/openBoundarySegments sont construits après le premier passage du parseur.,include/simulation_params.h; src/params_io_base.cpp,delta SimulationParams 0437–0490p / branche surf commit 36abd23
darcyCircleR,params_canonical_field,Darcy/chiVP — géométrie et aliases,ajout 0343/0418–0426; complété inventaire 0490p,double,0.1,>0 pour le mode circle/cylinder.,darcyCircleR,,Rayon du cercle/cylindre Darcy analytique.,Champ canonique ajouté/recensé depuis l’inventaire 0436b. Les vecteurs speciesDefinitions/openBoundarySegments sont construits après le premier passage du parseur.,include/simulation_params.h; src/params_io_base.cpp,delta SimulationParams 0437–0490p / branche surf commit 36abd23
darcyInterfaceWidth,params_canonical_field,Darcy/chiVP — géométrie et aliases,ajout 0343/0418–0426; complété inventaire 0490p,double,0.0,>=0.,darcyInterfaceWidth,,Largeur de lissage de l’interface analytique chi.,Champ canonique ajouté/recensé depuis l’inventaire 0436b. Les vecteurs speciesDefinitions/openBoundarySegments sont construits après le premier passage du parseur.,include/simulation_params.h; src/params_io_base.cpp,delta SimulationParams 0437–0490p / branche surf commit 36abd23
darcyUniformChi,params_canonical_field,Darcy/chiVP — géométrie et aliases,ajout 0343/0418–0426; complété inventaire 0490p,double,1.0,nombre réel fini; contraintes détaillées vérifiées par validate_simulation_params.,darcyUniformChi,,Valeur uniforme de chi lorsque darcyChiMode=uniform.,Champ canonique ajouté/recensé depuis l’inventaire 0436b. Les vecteurs speciesDefinitions/openBoundarySegments sont construits après le premier passage du parseur.,include/simulation_params.h; src/params_io_base.cpp,delta SimulationParams 0437–0490p / branche surf commit 36abd23
openBoundarySegments,params_canonical_field,Paramètres recensés après 0436b,alias accepté; complété inventaire 0490p,vecteur interne,(sans valeur stockée),,openBoundarySegments,,Champ canonique interne de SimulationParams utilisé par le parseur et le backend courant.,Champ canonique ajouté/recensé depuis l’inventaire 0436b. Les vecteurs speciesDefinitions/openBoundarySegments sont construits après le premier passage du parseur.,include/simulation_params.h; src/params_io_base.cpp,delta SimulationParams 0437–0490p / branche surf commit 36abd23
speciesCellCudaComparisonFilename,params_canonical_field,Multi-espèces — dépôt et diagnostics,ajout 0490a–0490p,chaîne,species_cell_cuda_equivalence_0490h.csv,,speciesCellCudaComparisonFilename,,Nom du CSV d’équivalence dépôt CPU/CUDA 0490h.,Champ canonique ajouté/recensé depuis l’inventaire 0436b. Les vecteurs speciesDefinitions/openBoundarySegments sont construits après le premier passage du parseur.,include/simulation_params.h; src/params_io_base.cpp; README_0490H_CUDA_SPECIES_CELL_DEPOSIT.md,delta SimulationParams 0437–0490p / branche surf commit 36abd23
speciesCellCudaComparisonTolerance,params_canonical_field,Multi-espèces — dépôt et diagnostics,ajout 0490a–0490p,double,1.0e-11,fini et >=0.,speciesCellCudaComparisonTolerance,,Tolérance absolue de l’équivalence dépôt CPU/CUDA.,Champ canonique ajouté/recensé depuis l’inventaire 0436b. Les vecteurs speciesDefinitions/openBoundarySegments sont construits après le premier passage du parseur.,include/simulation_params.h; src/params_io_base.cpp; README_0490H_CUDA_SPECIES_CELL_DEPOSIT.md,delta SimulationParams 0437–0490p / branche surf commit 36abd23
speciesCellCudaDepositEnable,params_canonical_field,Multi-espèces — dépôt et diagnostics,ajout 0490a–0490p,booléen,false,true/1/yes/on ou false/0/no/off.,speciesCellCudaDepositEnable,,Active le dépôt CUDA résident N/M/P par cellule et espèce et sa comparaison de référence.,Champ canonique ajouté/recensé depuis l’inventaire 0436b. Les vecteurs speciesDefinitions/openBoundarySegments sont construits après le premier passage du parseur.,include/simulation_params.h; src/params_io_base.cpp; README_0490H_CUDA_SPECIES_CELL_DEPOSIT.md,delta SimulationParams 0437–0490p / branche surf commit 36abd23
speciesCellCudaThreadsPerBlock,params_canonical_field,Multi-espèces — dépôt et diagnostics,ajout 0490a–0490p,entier,256,1…1024.,speciesCellCudaThreadsPerBlock,,Nombre de threads par bloc du dépôt CUDA par espèce.,Champ canonique ajouté/recensé depuis l’inventaire 0436b. Les vecteurs speciesDefinitions/openBoundarySegments sont construits après le premier passage du parseur.,include/simulation_params.h; src/params_io_base.cpp; README_0490H_CUDA_SPECIES_CELL_DEPOSIT.md,delta SimulationParams 0437–0490p / branche surf commit 36abd23
speciesCellDiagnosticsEnable,params_canonical_field,Multi-espèces — dépôt et diagnostics,ajout 0490a–0490p,booléen,false,true/1/yes/on ou false/0/no/off.,speciesCellDiagnosticsEnable,,Active le dépôt CPU de référence par cellule et espèce.,Champ canonique ajouté/recensé depuis l’inventaire 0436b. Les vecteurs speciesDefinitions/openBoundarySegments sont construits après le premier passage du parseur.,include/simulation_params.h; src/params_io_base.cpp; README_0490B_SPECIES_CELL_DEPOSIT.md,delta SimulationParams 0437–0490p / branche surf commit 36abd23
speciesCellDiagnosticsFilename,params_canonical_field,Multi-espèces — dépôt et diagnostics,ajout 0490a–0490p,chaîne,species_cell_runtime_0490b.csv,,speciesCellDiagnosticsFilename,,Nom du CSV CPU par cellule et espèce.,Champ canonique ajouté/recensé depuis l’inventaire 0436b. Les vecteurs speciesDefinitions/openBoundarySegments sont construits après le premier passage du parseur.,include/simulation_params.h; src/params_io_base.cpp; README_0490B_SPECIES_CELL_DEPOSIT.md,delta SimulationParams 0437–0490p / branche surf commit 36abd23
speciesCount,params_canonical_field,Multi-espèces — registre,ajout 0490a–0490p,entier,0,>0 lorsque le registre est actif; exactement autant de déclarations speciesK.,speciesCount,,Nombre exact de déclarations species0…speciesN-1 attendues.,Champ canonique ajouté/recensé depuis l’inventaire 0436b. Les vecteurs speciesDefinitions/openBoundarySegments sont construits après le premier passage du parseur.,include/simulation_params.h; src/params_io_base.cpp; README_0490A_SPECIES_REGISTRY_SCAFFOLD.md,delta SimulationParams 0437–0490p / branche surf commit 36abd23
speciesCudaResidentFastPathDiagnosticsFilename,params_canonical_field,Multi-espèces — dépôt et diagnostics,ajout 0490a–0490p,chaîne,cuda_species_resident_fast_path_0490m.csv,,speciesCudaResidentFastPathDiagnosticsFilename,,Nom du CSV du fast path résident multi-espèces.,Champ canonique ajouté/recensé depuis l’inventaire 0436b. Les vecteurs speciesDefinitions/openBoundarySegments sont construits après le premier passage du parseur.,include/simulation_params.h; src/params_io_base.cpp; README_0490M_CUDA_SPECIES_RESIDENT_FAST_PATH.md,delta SimulationParams 0437–0490p / branche surf commit 36abd23
speciesCudaResidentMaintenanceDiagnosticsFilename,params_canonical_field,Multi-espèces — dépôt et diagnostics,ajout 0490a–0490p,chaîne,cuda_species_resident_maintenance_0490n.csv,,speciesCudaResidentMaintenanceDiagnosticsFilename,,Nom du CSV de maintenance résidente 0490n/0490p.,Champ canonique ajouté/recensé depuis l’inventaire 0436b. Les vecteurs speciesDefinitions/openBoundarySegments sont construits après le premier passage du parseur.,include/simulation_params.h; src/params_io_base.cpp; README_0490N_CUDA_SPECIES_RESIDENT_MAINTENANCE.md; README_0490P_DEVICE_CELL_POLICY_ZERO_CPU.md,delta SimulationParams 0437–0490p / branche surf commit 36abd23
speciesDefinitions,params_canonical_field,Multi-espèces — registre,ajout 0490a–0490p,vecteur interne,(sans valeur stockée),,speciesDefinitions,,Champ canonique interne de SimulationParams utilisé par le parseur et le backend courant.,Champ canonique ajouté/recensé depuis l’inventaire 0436b. Les vecteurs speciesDefinitions/openBoundarySegments sont construits après le premier passage du parseur.,include/simulation_params.h; src/params_io_base.cpp; README_0490A_SPECIES_REGISTRY_SCAFFOLD.md,delta SimulationParams 0437–0490p / branche surf commit 36abd23
speciesDiagnosticsEnable,params_canonical_field,Multi-espèces — dépôt et diagnostics,ajout 0490a–0490p,booléen,false,true/1/yes/on ou false/0/no/off.,speciesDiagnosticsEnable,,Active le bilan global par espèce aux pas de summary.,Champ canonique ajouté/recensé depuis l’inventaire 0436b. Les vecteurs speciesDefinitions/openBoundarySegments sont construits après le premier passage du parseur.,include/simulation_params.h; src/params_io_base.cpp; README_0490A_SPECIES_REGISTRY_SCAFFOLD.md,delta SimulationParams 0437–0490p / branche surf commit 36abd23
speciesDiagnosticsFilename,params_canonical_field,Multi-espèces — dépôt et diagnostics,ajout 0490a–0490p,chaîne,species_runtime_0490a.csv,,speciesDiagnosticsFilename,,Nom du CSV global par espèce.,Champ canonique ajouté/recensé depuis l’inventaire 0436b. Les vecteurs speciesDefinitions/openBoundarySegments sont construits après le premier passage du parseur.,include/simulation_params.h; src/params_io_base.cpp; README_0490A_SPECIES_REGISTRY_SCAFFOLD.md,delta SimulationParams 0437–0490p / branche surf commit 36abd23
speciesMassClosureCudaComparisonTolerance,params_canonical_field,Multi-espèces — fermeture de masse,ajout 0490a–0490p,double,1.0e-11,fini et >=0.,speciesMassClosureCudaComparisonTolerance,,Tolérance des comparaisons de masse cellulaire avant remap.,Champ canonique ajouté/recensé depuis l’inventaire 0436b. Les vecteurs speciesDefinitions/openBoundarySegments sont construits après le premier passage du parseur.,include/simulation_params.h; src/params_io_base.cpp; README_0490I_CUDA_SPECIES_MASS_CLOSURE.md,delta SimulationParams 0437–0490p / branche surf commit 36abd23
speciesMassClosureCudaDiagnosticsFilename,params_canonical_field,Multi-espèces — dépôt et diagnostics,ajout 0490a–0490p,chaîne,cuda_species_mass_closure_0490i.csv,,speciesMassClosureCudaDiagnosticsFilename,,Nom du CSV de fermeture de masse CUDA.,Champ canonique ajouté/recensé depuis l’inventaire 0436b. Les vecteurs speciesDefinitions/openBoundarySegments sont construits après le premier passage du parseur.,include/simulation_params.h; src/params_io_base.cpp; README_0490I_CUDA_SPECIES_MASS_CLOSURE.md,delta SimulationParams 0437–0490p / branche surf commit 36abd23
speciesRegistryEnable,params_canonical_field,Multi-espèces — registre,ajout 0490a–0490p,booléen,false,true/1/yes/on ou false/0/no/off.,speciesRegistryEnable,,Active le registre reliant les valeurs de type aux espèces et familles de phase.,Champ canonique ajouté/recensé depuis l’inventaire 0436b. Les vecteurs speciesDefinitions/openBoundarySegments sont construits après le premier passage du parseur.,include/simulation_params.h; src/params_io_base.cpp; README_0490A_SPECIES_REGISTRY_SCAFFOLD.md,delta SimulationParams 0437–0490p / branche surf commit 36abd23
speciesRequireRegisteredTypes,params_canonical_field,Multi-espèces — registre,ajout 0490a–0490p,booléen,false,true/1/yes/on ou false/0/no/off.,speciesRequireRegisteredTypes,,Refuse tout type Fluid/Latent non enregistré; les slots Inactive sont exclus.,Champ canonique ajouté/recensé depuis l’inventaire 0436b. Les vecteurs speciesDefinitions/openBoundarySegments sont construits après le premier passage du parseur.,include/simulation_params.h; src/params_io_base.cpp; README_0490A_SPECIES_REGISTRY_SCAFFOLD.md,delta SimulationParams 0437–0490p / branche surf commit 36abd23
speciesResamplingCudaResidentDepositsEnable,params_canonical_field,Multi-espèces — chemin CUDA résident,ajout 0490a–0490p,booléen,false,true/1/yes/on ou false/0/no/off.,speciesResamplingCudaResidentDepositsEnable,,Remplace les dépôts pondérés CPU par les dépôts résidents 0490h/0490n.,Champ canonique ajouté/recensé depuis l’inventaire 0436b. Les vecteurs speciesDefinitions/openBoundarySegments sont construits après le premier passage du parseur.,include/simulation_params.h; src/params_io_base.cpp; README_0490N_CUDA_SPECIES_RESIDENT_MAINTENANCE.md; README_0490P_DEVICE_CELL_POLICY_ZERO_CPU.md,delta SimulationParams 0437–0490p / branche surf commit 36abd23
speciesResamplingCudaResidentFastPathEnable,params_canonical_field,Multi-espèces — chemin CUDA résident,ajout 0490a–0490p,booléen,false,true/1/yes/on ou false/0/no/off.,speciesResamplingCudaResidentFastPathEnable,,Active le passage direct plan CUDA vers matérialisation et mutation résidente 0490m.,Champ canonique ajouté/recensé depuis l’inventaire 0436b. Les vecteurs speciesDefinitions/openBoundarySegments sont construits après le premier passage du parseur.,include/simulation_params.h; src/params_io_base.cpp; README_0490M_CUDA_SPECIES_RESIDENT_FAST_PATH.md,delta SimulationParams 0437–0490p / branche surf commit 36abd23
speciesResamplingCudaResidentMaintenanceStrict,params_canonical_field,Multi-espèces — chemin CUDA résident,ajout 0490a–0490p,booléen,false,true/1/yes/on ou false/0/no/off.,speciesResamplingCudaResidentMaintenanceStrict,,Interdit tout fallback CPU de maintenance et impose les composants résidents.,Champ canonique ajouté/recensé depuis l’inventaire 0436b. Les vecteurs speciesDefinitions/openBoundarySegments sont construits après le premier passage du parseur.,include/simulation_params.h; src/params_io_base.cpp; README_0490N_CUDA_SPECIES_RESIDENT_MAINTENANCE.md; README_0490P_DEVICE_CELL_POLICY_ZERO_CPU.md,delta SimulationParams 0437–0490p / branche surf commit 36abd23
speciesResamplingCudaResidentPoolEnable,params_canonical_field,Multi-espèces — chemin CUDA résident,ajout 0490a–0490p,booléen,false,true/1/yes/on ou false/0/no/off.,speciesResamplingCudaResidentPoolEnable,,Remplace la reconstruction CPU du pool par les listes de rôles CUDA résidentes.,Champ canonique ajouté/recensé depuis l’inventaire 0436b. Les vecteurs speciesDefinitions/openBoundarySegments sont construits après le premier passage du parseur.,include/simulation_params.h; src/params_io_base.cpp; README_0490N_CUDA_SPECIES_RESIDENT_MAINTENANCE.md; README_0490P_DEVICE_CELL_POLICY_ZERO_CPU.md,delta SimulationParams 0437–0490p / branche surf commit 36abd23
speciesResamplingCudaResidentValidationEnable,params_canonical_field,Multi-espèces — chemin CUDA résident,ajout 0490a–0490p,booléen,false,true/1/yes/on ou false/0/no/off.,speciesResamplingCudaResidentValidationEnable,,Active la porte stricte 0490l sans plan/opérations CPU de secours.,Champ canonique ajouté/recensé depuis l’inventaire 0436b. Les vecteurs speciesDefinitions/openBoundarySegments sont construits après le premier passage du parseur.,include/simulation_params.h; src/params_io_base.cpp; README_0490A_SPECIES_REGISTRY_SCAFFOLD.md,delta SimulationParams 0437–0490p / branche surf commit 36abd23
speciesResamplingMassClosureCudaEnable,params_canonical_field,Multi-espèces — fermeture de masse,ajout 0490a–0490p,booléen,false,true/1/yes/on ou false/0/no/off.,speciesResamplingMassClosureCudaEnable,,Exécute la fermeture multi-espèces sur l’état CUDA partagé.,Champ canonique ajouté/recensé depuis l’inventaire 0436b. Les vecteurs speciesDefinitions/openBoundarySegments sont construits après le premier passage du parseur.,include/simulation_params.h; src/params_io_base.cpp; README_0490I_CUDA_SPECIES_MASS_CLOSURE.md,delta SimulationParams 0437–0490p / branche surf commit 36abd23
speciesResamplingMassClosureEnable,params_canonical_field,Multi-espèces — fermeture de masse,ajout 0490a–0490p,booléen,false,true/1/yes/on ou false/0/no/off.,speciesResamplingMassClosureEnable,,Active la fermeture de masse dépendante de la composition.,Champ canonique ajouté/recensé depuis l’inventaire 0436b. Les vecteurs speciesDefinitions/openBoundarySegments sont construits après le premier passage du parseur.,include/simulation_params.h; src/params_io_base.cpp; README_0490I_CUDA_SPECIES_MASS_CLOSURE.md,delta SimulationParams 0437–0490p / branche surf commit 36abd23
speciesResamplingPopulationGuardCudaEnable,params_canonical_field,Multi-espèces — garde de population,ajout 0490a–0490p,booléen,false,true/1/yes/on ou false/0/no/off.,speciesResamplingPopulationGuardCudaEnable,,Active la sélection d’espèce dans le garde de population CUDA 0297.,Champ canonique ajouté/recensé depuis l’inventaire 0436b. Les vecteurs speciesDefinitions/openBoundarySegments sont construits après le premier passage du parseur.,include/simulation_params.h; src/params_io_base.cpp; README_0490J_CUDA_SPECIES_POPULATION_GUARD.md,delta SimulationParams 0437–0490p / branche surf commit 36abd23
speciesResamplingPopulationGuardEnable,params_canonical_field,Multi-espèces — garde de population,ajout 0490a–0490p,booléen,false,true/1/yes/on ou false/0/no/off.,speciesResamplingPopulationGuardEnable,,Active la sélection d’espèce du garde de population CPU.,Champ canonique ajouté/recensé depuis l’inventaire 0436b. Les vecteurs speciesDefinitions/openBoundarySegments sont construits après le premier passage du parseur.,include/simulation_params.h; src/params_io_base.cpp; README_0490E_SPECIES_POPULATION_GUARD.md,delta SimulationParams 0437–0490p / branche surf commit 36abd23
speciesResamplingTransferCudaEnable,params_canonical_field,Multi-espèces — transferts donneur/receveur,ajout 0490a–0490p,booléen,false,true/1/yes/on ou false/0/no/off.,speciesResamplingTransferCudaEnable,,Active le plan natif CUDA de transferts contraints par type.,Champ canonique ajouté/recensé depuis l’inventaire 0436b. Les vecteurs speciesDefinitions/openBoundarySegments sont construits après le premier passage du parseur.,include/simulation_params.h; src/params_io_base.cpp; README_0490K_CUDA_SPECIES_TRANSFER_PLAN.md,delta SimulationParams 0437–0490p / branche surf commit 36abd23
speciesResamplingTransferEnable,params_canonical_field,Multi-espèces — transferts donneur/receveur,ajout 0490a–0490p,booléen,false,true/1/yes/on ou false/0/no/off.,speciesResamplingTransferEnable,,Active le plan CPU de transferts donneur–receveur contraint par type.,Champ canonique ajouté/recensé depuis l’inventaire 0436b. Les vecteurs speciesDefinitions/openBoundarySegments sont construits après le premier passage du parseur.,include/simulation_params.h; src/params_io_base.cpp; README_0490G_SPECIES_DONOR_RECEIVER_TRANSFERS.md,delta SimulationParams 0437–0490p / branche surf commit 36abd23
speciesTransferCudaComparisonTolerance,params_canonical_field,Multi-espèces — transferts donneur/receveur,ajout 0490a–0490p,double,1.0e-11,fini et >=0.,speciesTransferCudaComparisonTolerance,,Tolérance de comparaison du plan CPU/CUDA.,Champ canonique ajouté/recensé depuis l’inventaire 0436b. Les vecteurs speciesDefinitions/openBoundarySegments sont construits après le premier passage du parseur.,include/simulation_params.h; src/params_io_base.cpp; README_0490K_CUDA_SPECIES_TRANSFER_PLAN.md,delta SimulationParams 0437–0490p / branche surf commit 36abd23
speciesTransferCudaDiagnosticsFilename,params_canonical_field,Multi-espèces — dépôt et diagnostics,ajout 0490a–0490p,chaîne,cuda_species_transfer_plan_0490k.csv,,speciesTransferCudaDiagnosticsFilename,,Nom du CSV de plan de transfert CUDA.,Champ canonique ajouté/recensé depuis l’inventaire 0436b. Les vecteurs speciesDefinitions/openBoundarySegments sont construits après le premier passage du parseur.,include/simulation_params.h; src/params_io_base.cpp; README_0490K_CUDA_SPECIES_TRANSFER_PLAN.md,delta SimulationParams 0437–0490p / branche surf commit 36abd23
speciesQ6Enable,params_key,Multi-espèces — projection Q6,ajout 0491; étendu 0493w5–0493w8,booléen,false,true/1/yes/on ou false/0/no/off.,speciesQ6Enable,,Active la distribution ou les solveurs Q6 sensibles aux espèces.,Exige speciesRegistryEnable=true et une projection Q6 active; n’active ni Q6 ni le resampling implicitement.,include/simulation_params.h; src/params_io_base.cpp; include/q6_species_distribution_0491a.h; src/q6_species_distribution_0491a.cpp; src/cuda_q6_resident_0400.cu; README_0493W5_INDEPENDENT_MASKED_Q6_STAGE1.md; README_0493W6_INDEPENDENT_MASKED_POSTAPPLY_DIAGNOSTIC.md; README_0493W7_INDEPENDENT_MASKED_Q6_MULTIBC.md,delta params 0491–0493w8 / branche surf commit caa5b6b
speciesQ6Enable,params_canonical_field,Multi-espèces — projection Q6,ajout 0491; étendu 0493w5–0493w8,booléen,false,true/1/yes/on ou false/0/no/off.,speciesQ6Enable,,Active la distribution ou les solveurs Q6 sensibles aux espèces.,Exige speciesRegistryEnable=true et une projection Q6 active; n’active ni Q6 ni le resampling implicitement.,include/simulation_params.h; src/params_io_base.cpp; include/q6_species_distribution_0491a.h; src/q6_species_distribution_0491a.cpp; src/cuda_q6_resident_0400.cu; README_0493W5_INDEPENDENT_MASKED_Q6_STAGE1.md; README_0493W6_INDEPENDENT_MASKED_POSTAPPLY_DIAGNOSTIC.md; README_0493W7_INDEPENDENT_MASKED_Q6_MULTIBC.md,delta params 0491–0493w8 / branche surf commit caa5b6b
speciesQ6Mode,params_key,Multi-espèces — projection Q6,ajout 0491; étendu 0493w5–0493w8 puis 0493x5a–0493x6g,enum string,common,common; weighted; independent_masked; free_surface_masked.,speciesQ6Mode,,Sélectionne l’opérateur Q6 multi-espèces / surface libre.,"common/weighted conservent une projection barycentrique unique; independent_masked résout un problème masqué distinct par espèce. free_surface_masked (0493x5a+) projette le liquide sur un support de remplissage absolu; le chemin actuellement qualifié requiert q6ForceProjectionMode=prestream_single_fused, une boîte fermée statique et exactement une espèce projetée. x6f/x6g séparent ensuite interface alpha=0.5, carrier et valeur de pression interfaciale.",include/simulation_params.h; src/params_io_base.cpp; include/q6_species_distribution_0491a.h; src/q6_species_distribution_0491a.cpp; src/cuda_q6_resident_0400.cu; README_0493W5_INDEPENDENT_MASKED_Q6_STAGE1.md; README_0493W6_INDEPENDENT_MASKED_POSTAPPLY_DIAGNOSTIC.md; README_0493W7_INDEPENDENT_MASKED_Q6_MULTIBC.md; README_0493X5A_PARTIAL_LIQUID_FREE_SURFACE.md; README_0493X5B_LIQUID_GAS_FREE_SURFACE.md; README_0493X6F_PHASE_INTERFACE_STENCIL.md; README_0493X6G_PHASE_GAS_PRESSURE.md,delta params 0491–0493w8 / branche surf commit caa5b6b | mise à jour 0493x5a–0493x6g
speciesQ6Mode,params_canonical_field,Multi-espèces — projection Q6,ajout 0491; étendu 0493w5–0493w8 puis 0493x5a–0493x6g,enum string,common,common; weighted; independent_masked; free_surface_masked.,speciesQ6Mode,,Sélectionne l’opérateur Q6 multi-espèces / surface libre.,"common/weighted conservent une projection barycentrique unique; independent_masked résout un problème masqué distinct par espèce. free_surface_masked (0493x5a+) projette le liquide sur un support de remplissage absolu; le chemin actuellement qualifié requiert q6ForceProjectionMode=prestream_single_fused, une boîte fermée statique et exactement une espèce projetée. x6f/x6g séparent ensuite interface alpha=0.5, carrier et valeur de pression interfaciale.",include/simulation_params.h; src/params_io_base.cpp; include/q6_species_distribution_0491a.h; src/q6_species_distribution_0491a.cpp; src/cuda_q6_resident_0400.cu; README_0493W5_INDEPENDENT_MASKED_Q6_STAGE1.md; README_0493W6_INDEPENDENT_MASKED_POSTAPPLY_DIAGNOSTIC.md; README_0493W7_INDEPENDENT_MASKED_Q6_MULTIBC.md; README_0493X5A_PARTIAL_LIQUID_FREE_SURFACE.md; README_0493X5B_LIQUID_GAS_FREE_SURFACE.md; README_0493X6F_PHASE_INTERFACE_STENCIL.md; README_0493X6G_PHASE_GAS_PRESSURE.md,delta params 0491–0493w8 / branche surf commit caa5b6b | mise à jour 0493x5a–0493x6g
speciesQ6Sensitivity,params_key,Multi-espèces — projection Q6,ajout 0491; étendu 0493w5–0493w8,double,0.0,"fini dans [0,1].",speciesQ6Sensitivity,,Règle l’intensité de la différenciation des poids du mode weighted.,Sans effet sur independent_masked; eta=0 redonne common.,include/simulation_params.h; src/params_io_base.cpp; include/q6_species_distribution_0491a.h; src/q6_species_distribution_0491a.cpp; src/cuda_q6_resident_0400.cu; README_0493W5_INDEPENDENT_MASKED_Q6_STAGE1.md; README_0493W6_INDEPENDENT_MASKED_POSTAPPLY_DIAGNOSTIC.md; README_0493W7_INDEPENDENT_MASKED_Q6_MULTIBC.md,delta params 0491–0493w8 / branche surf commit caa5b6b
speciesQ6Sensitivity,params_canonical_field,Multi-espèces — projection Q6,ajout 0491; étendu 0493w5–0493w8,double,0.0,"fini dans [0,1].",speciesQ6Sensitivity,,Règle l’intensité de la différenciation des poids du mode weighted.,Sans effet sur independent_masked; eta=0 redonne common.,include/simulation_params.h; src/params_io_base.cpp; include/q6_species_distribution_0491a.h; src/q6_species_distribution_0491a.cpp; src/cuda_q6_resident_0400.cu; README_0493W5_INDEPENDENT_MASKED_Q6_STAGE1.md; README_0493W6_INDEPENDENT_MASKED_POSTAPPLY_DIAGNOSTIC.md; README_0493W7_INDEPENDENT_MASKED_Q6_MULTIBC.md,delta params 0491–0493w8 / branche surf commit caa5b6b
speciesQ6AlphaEpsilon,params_key,Multi-espèces — projection Q6,ajout 0491; étendu 0493w5–0493w8,double,1.0e-14,fini et >0.,speciesQ6AlphaEpsilon,,Seuil de dégénérescence de la moyenne de force Q6 dans le mode weighted.,Utilisé avec speciesQ6FallbackMode; ne définit pas le support independent_masked.,include/simulation_params.h; src/params_io_base.cpp; include/q6_species_distribution_0491a.h; src/q6_species_distribution_0491a.cpp; src/cuda_q6_resident_0400.cu; README_0493W5_INDEPENDENT_MASKED_Q6_STAGE1.md; README_0493W6_INDEPENDENT_MASKED_POSTAPPLY_DIAGNOSTIC.md; README_0493W7_INDEPENDENT_MASKED_Q6_MULTIBC.md,delta params 0491–0493w8 / branche surf commit caa5b6b
speciesQ6AlphaEpsilon,params_canonical_field,Multi-espèces — projection Q6,ajout 0491; étendu 0493w5–0493w8,double,1.0e-14,fini et >0.,speciesQ6AlphaEpsilon,,Seuil de dégénérescence de la moyenne de force Q6 dans le mode weighted.,Utilisé avec speciesQ6FallbackMode; ne définit pas le support independent_masked.,include/simulation_params.h; src/params_io_base.cpp; include/q6_species_distribution_0491a.h; src/q6_species_distribution_0491a.cpp; src/cuda_q6_resident_0400.cu; README_0493W5_INDEPENDENT_MASKED_Q6_STAGE1.md; README_0493W6_INDEPENDENT_MASKED_POSTAPPLY_DIAGNOSTIC.md; README_0493W7_INDEPENDENT_MASKED_Q6_MULTIBC.md,delta params 0491–0493w8 / branche surf commit caa5b6b
speciesQ6FallbackMode,params_key,Multi-espèces — projection Q6,ajout 0491; étendu 0493w5–0493w8,enum string,common,common; fatal.,speciesQ6FallbackMode,,Choisit le repli du mode weighted lorsque la normalisation est dégénérée.,Legacy weighted uniquement; independent_masked n’utilise aucun fallback=common.,include/simulation_params.h; src/params_io_base.cpp; include/q6_species_distribution_0491a.h; src/q6_species_distribution_0491a.cpp; src/cuda_q6_resident_0400.cu; README_0493W5_INDEPENDENT_MASKED_Q6_STAGE1.md; README_0493W6_INDEPENDENT_MASKED_POSTAPPLY_DIAGNOSTIC.md; README_0493W7_INDEPENDENT_MASKED_Q6_MULTIBC.md,delta params 0491–0493w8 / branche surf commit caa5b6b
speciesQ6FallbackMode,params_canonical_field,Multi-espèces — projection Q6,ajout 0491; étendu 0493w5–0493w8,enum string,common,common; fatal.,speciesQ6FallbackMode,,Choisit le repli du mode weighted lorsque la normalisation est dégénérée.,Legacy weighted uniquement; independent_masked n’utilise aucun fallback=common.,include/simulation_params.h; src/params_io_base.cpp; include/q6_species_distribution_0491a.h; src/q6_species_distribution_0491a.cpp; src/cuda_q6_resident_0400.cu; README_0493W5_INDEPENDENT_MASKED_Q6_STAGE1.md; README_0493W6_INDEPENDENT_MASKED_POSTAPPLY_DIAGNOSTIC.md; README_0493W7_INDEPENDENT_MASKED_Q6_MULTIBC.md,delta params 0491–0493w8 / branche surf commit caa5b6b
speciesQ6ComparisonTolerance,params_key,Multi-espèces — projection Q6,ajout 0491; étendu 0493w5–0493w8,double,1.0e-11,fini et >0.,speciesQ6ComparisonTolerance,,Tolérance des comparaisons CPU/CUDA et des contrats de qualification Q6 par espèce.,Ne modifie pas le solveur physique.,include/simulation_params.h; src/params_io_base.cpp; include/q6_species_distribution_0491a.h; src/q6_species_distribution_0491a.cpp; src/cuda_q6_resident_0400.cu; README_0493W5_INDEPENDENT_MASKED_Q6_STAGE1.md; README_0493W6_INDEPENDENT_MASKED_POSTAPPLY_DIAGNOSTIC.md; README_0493W7_INDEPENDENT_MASKED_Q6_MULTIBC.md,delta params 0491–0493w8 / branche surf commit caa5b6b
speciesQ6ComparisonTolerance,params_canonical_field,Multi-espèces — projection Q6,ajout 0491; étendu 0493w5–0493w8,double,1.0e-11,fini et >0.,speciesQ6ComparisonTolerance,,Tolérance des comparaisons CPU/CUDA et des contrats de qualification Q6 par espèce.,Ne modifie pas le solveur physique.,include/simulation_params.h; src/params_io_base.cpp; include/q6_species_distribution_0491a.h; src/q6_species_distribution_0491a.cpp; src/cuda_q6_resident_0400.cu; README_0493W5_INDEPENDENT_MASKED_Q6_STAGE1.md; README_0493W6_INDEPENDENT_MASKED_POSTAPPLY_DIAGNOSTIC.md; README_0493W7_INDEPENDENT_MASKED_Q6_MULTIBC.md,delta params 0491–0493w8 / branche surf commit caa5b6b
speciesQ6MinOccupancyFraction,params_key,Multi-espèces — projection Q6,ajout 0491; étendu 0493w5–w8 puis Q6-g-f jusqu’à 0493x7q,double,0.5,"fini dans [0,1].",speciesQ6MinOccupancyFraction,,Seuil de support des modes Q6 masqués; sens dépend du mode.,independent_masked: seuil relatif d’espèce. free_surface_masked: seuil absolu liquide M_liq/M_ref. Le défaut canonique reste 0.5; le profil Q6-g-f final utilise 0.10. x7m distingue explicitement ce support numérique de l’interface alpha=0.5 et supprime l’interface fictive lorsqu’aucun gaz n’est enregistré.,include/simulation_params.h; src/params_io_base.cpp; include/q6_species_distribution_0491a.h; src/q6_species_distribution_0491a.cpp; src/cuda_q6_resident_0400.cu; README_0493W5_INDEPENDENT_MASKED_Q6_STAGE1.md; README_0493W6_INDEPENDENT_MASKED_POSTAPPLY_DIAGNOSTIC.md; README_0493W7_INDEPENDENT_MASKED_Q6_MULTIBC.md; README_0493X5A_PARTIAL_LIQUID_FREE_SURFACE.md; README_0493X6F_PHASE_INTERFACE_STENCIL.md,mise à jour 0493x5a–0493x7q / Q6-g-f
speciesQ6MinOccupancyFraction,params_canonical_field,Multi-espèces — projection Q6,ajout 0491; étendu 0493w5–w8 puis Q6-g-f jusqu’à 0493x7q,double,0.5,"fini dans [0,1].",speciesQ6MinOccupancyFraction,,Seuil de support des modes Q6 masqués; sens dépend du mode.,independent_masked: seuil relatif d’espèce. free_surface_masked: seuil absolu liquide M_liq/M_ref. Le défaut canonique reste 0.5; le profil Q6-g-f final utilise 0.10. x7m distingue explicitement ce support numérique de l’interface alpha=0.5 et supprime l’interface fictive lorsqu’aucun gaz n’est enregistré.,include/simulation_params.h; src/params_io_base.cpp; include/q6_species_distribution_0491a.h; src/q6_species_distribution_0491a.cpp; src/cuda_q6_resident_0400.cu; README_0493W5_INDEPENDENT_MASKED_Q6_STAGE1.md; README_0493W6_INDEPENDENT_MASKED_POSTAPPLY_DIAGNOSTIC.md; README_0493W7_INDEPENDENT_MASKED_Q6_MULTIBC.md; README_0493X5A_PARTIAL_LIQUID_FREE_SURFACE.md; README_0493X6F_PHASE_INTERFACE_STENCIL.md,mise à jour 0493x5a–0493x7q / Q6-g-f
SPECIES_Q6_ENABLE,param_or_script_alias,Alias runner / Q6 multi-espèces,ajout/normalisé 0493w4–0493w8,booléen,true dans le runner injection; selon scénario TG,,,,Active speciesQ6Enable dans params.kv pour les modes contenant Q6.,N’active pas projectionEnable à lui seul.,scripts/run_ok_injection_type1_into_type2_empty.sh; scripts/run_0493w8_tg_mono_dual_equivalence.sh,delta runners 0493w4–0493w8 / branche surf commit caa5b6b
SPECIES_Q6_MODE,param_or_script_alias,Alias runner / Q6 multi-espèces,ajout/normalisé 0493w4–0493w8,common|weighted|independent_masked,weighted dans le runner partagé historique; independent_masked par override/qualification,,,,Écrit speciesQ6Mode dans params.kv.,Utiliser independent_masked pour liquide incompressible/gaz compressible; weighted reste reproductible.,scripts/run_ok_injection_type1_into_type2_empty.sh; scripts/run_0493w5_independent_masked_periodic_smoke.sh; scripts/run_0493w8_tg_mono_dual_equivalence.sh,delta runners 0493w4–0493w8 / branche surf commit caa5b6b
SPECIES_Q6_SENSITIVITY,param_or_script_alias,Alias runner / Q6 multi-espèces,ajout/normalisé 0493w4–0493w8,"double dans [0,1]",1.0 dans le runner injection,,,,Écrit speciesQ6Sensitivity.,"Pertinent pour weighted, sans effet sur independent_masked.",scripts/run_ok_injection_type1_into_type2_empty.sh,delta runners 0493w4–0493w8 / branche surf commit caa5b6b
SPECIES_Q6_FALLBACK_MODE,param_or_script_alias,Alias runner / Q6 multi-espèces,ajout/normalisé 0493w4–0493w8,common|fatal,common,,,,Écrit speciesQ6FallbackMode.,Legacy weighted uniquement.,scripts/run_ok_injection_type1_into_type2_empty.sh,delta runners 0493w4–0493w8 / branche surf commit caa5b6b
SPECIES_Q6_COMPARISON_TOLERANCE,param_or_script_alias,Alias runner / Q6 multi-espèces,ajout/normalisé 0493w4–0493w8,double >0,1.0e-11,,,,Écrit speciesQ6ComparisonTolerance.,Tolérance de qualification; ne modifie pas la physique.,scripts/run_ok_injection_type1_into_type2_empty.sh,delta runners 0493w4–0493w8 / branche surf commit caa5b6b
SPECIES_Q6_MIN_OCCUPANCY_FRACTION,param_or_script_alias,Alias runner / Q6 multi-espèces,ajout/normalisé 0493w4–0493w8,"double dans [0,1]",0.5 injection/smokes; 0.0 dual_identical,,,,Écrit speciesQ6MinOccupancyFraction.,Le seuil 0.5 est un défaut de test; 0.0 projette chaque type partout où sa masse locale est positive.,scripts/run_ok_injection_type1_into_type2_empty.sh; scripts/run_0493w5_independent_masked_periodic_smoke.sh; scripts/run_0493w8_tg_mono_dual_equivalence.sh,delta runners 0493w4–0493w8 / branche surf commit caa5b6b
INJECT_PHASE,param_or_script_alias,Alias runner / injection multi-espèces,ajout/normalisé 0493w4–0493w8,liquid|gas,liquid pour le wrapper type1_into_type2,,,,Sélectionne la famille physique et les défauts Q6/fermeture de l’espèce injectée.,Indépendant de l’identifiant numérique INJECT_TYPE.,scripts/run_ok_injection_type1_into_type2.sh; scripts/run_ok_injection_type1_into_type2_empty.sh,delta runners 0493w4–0493w8 / branche surf commit caa5b6b
BACKGROUND_PHASE,param_or_script_alias,Alias runner / injection multi-espèces,ajout/normalisé 0493w4–0493w8,liquid|gas,gas,,,,Sélectionne la famille physique de l’espèce de fond.,Indépendant de BACKGROUND_TYPE.,scripts/run_ok_injection_type1_into_type2.sh; scripts/run_ok_injection_type1_into_type2_empty.sh,delta runners 0493w4–0493w8 / branche surf commit caa5b6b
INJECT_Q6_STRENGTH,param_or_script_alias,Alias runner / injection multi-espèces,ajout/normalisé 0493w4–0493w8,double,1.0 pour liquid; 0.0 pour gas,,,,Définit q6StrengthDeclared de l’espèce injectée.,"En independent_masked, zéro garantit aucune correction directe.",scripts/run_ok_injection_type1_into_type2_empty.sh,delta runners 0493w4–0493w8 / branche surf commit caa5b6b
BACKGROUND_Q6_STRENGTH,param_or_script_alias,Alias runner / injection multi-espèces,ajout/normalisé 0493w4–0493w8,double,0.0 pour gas; 1.0 pour liquid,,,,Définit q6StrengthDeclared de l’espèce de fond.,Le cas liquide->gaz qualifié utilise 1/0.,scripts/run_ok_injection_type1_into_type2_empty.sh,delta runners 0493w4–0493w8 / branche surf commit caa5b6b
INJECT_MASS_CLOSURE_STRENGTH,param_or_script_alias,Alias runner / injection multi-espèces,ajout/normalisé 0493w4–0493w8,double,1.0 pour liquid; 0.0 pour gas,,,,Définit massClosureStrengthDeclared de l’espèce injectée.,Concerne le resampling; sans effet si resampling désactivé.,scripts/run_ok_injection_type1_into_type2_empty.sh,delta runners 0493w4–0493w8 / branche surf commit caa5b6b
BACKGROUND_MASS_CLOSURE_STRENGTH,param_or_script_alias,Alias runner / injection multi-espèces,ajout/normalisé 0493w4–0493w8,double,0.0 pour gas; 1.0 pour liquid,,,,Définit massClosureStrengthDeclared de l’espèce de fond.,Concerne le resampling; sans effet si resampling désactivé.,scripts/run_ok_injection_type1_into_type2_empty.sh,delta runners 0493w4–0493w8 / branche surf commit caa5b6b
INJECT_TO_BACKGROUND_MASS_RATIO,param_or_script_alias,Alias runner / injection multi-espèces,ajout/normalisé 0493w4–0493w8,double >0,100 liquid->gas; 0.01 gas->liquid; 10 sinon,,,,Fixe le rapport de masses particulaires injectée/fond et les masses cellulaires de référence dérivées.,Ne pas confondre avec la fraction volumique; le masque Q6 utilise mass/referenceCellMass.,scripts/run_ok_injection_type1_into_type2_empty.sh,delta runners 0493w4–0493w8 / branche surf commit caa5b6b
INITIAL_DOMAIN_MODE,param_or_script_alias,Alias runner / injection multi-espèces,ajout/normalisé 0493w4–0493w8,empty|full,empty dans le runner partagé; full dans le wrapper biphasique,,,,Choisit un domaine initialement vide avec pool ou rempli par l’espèce de fond.,,scripts/run_ok_injection_type1_into_type2.sh; scripts/run_ok_injection_type1_into_type2_empty.sh,delta runners 0493w4–0493w8 / branche surf commit caa5b6b
SCENARIO_EXPECTATION,param_or_script_alias,Alias runner / validation injection,ajout/normalisé 0493w4–0493w8,empty|two_species,cohérent avec INITIAL_DOMAIN_MODE,,,,Sélectionne le contrat du checker d’état et de diagnostic par espèce.,,scripts/run_ok_injection_type1_into_type2.sh; scripts/run_ok_injection_type1_into_type2_empty.sh; scripts/check_injection_species_0492b.py,delta runners 0493w4–0493w8 / branche surf commit caa5b6b
POSTCHECK_SPECIES_ENABLE,param_or_script_alias,Alias runner / validation injection,ajout/normalisé 0493w4–0493w8,booléen,true,,,,Active le checker runtime par espèce après le run.,Exige speciesDiagnosticsEnable=true.,scripts/run_ok_injection_type1_into_type2_empty.sh,delta runners 0493w4–0493w8 / branche surf commit caa5b6b
REQUIRE_MIXED_CELL_AT_END,param_or_script_alias,Alias runner / validation injection,ajout/normalisé 0493w4–0493w8,booléen,false,,,,Exige au moins une cellule contenant les deux types à la fin.,Exige speciesCellDiagnosticsEnable=true.,scripts/run_ok_injection_type1_into_type2_empty.sh,delta runners 0493w4–0493w8 / branche surf commit caa5b6b
LIVE_PROGRESS,param_or_script_alias,Alias runner / ergonomie,ajout/normalisé 0493w4–0493w8,booléen/int,1,,,,Active l’affichage d’avancement des runs lorsque le runner commun le permet.,Modalité de travail recommandée pour les campagnes longues.,scripts/run_ok_injection_type1_into_type2.sh; scripts/run_ok_injection_type1_into_type2_empty.sh; scripts/run_0493w8_tg_mono_dual_equivalence.sh,delta runners 0493w4–0493w8 / branche surf commit caa5b6b
PREFLIGHT_ONLY,param_or_script_alias,Alias runner / validation,ajout/normalisé 0493w4–0493w8,booléen/int,0,,,,Génère et valide les six branches sans exécuter les pas physiques.,,scripts/run_ok_injection_type1_into_type2.sh; scripts/run_0493w8_tg_mono_dual_equivalence.sh,delta runners 0493w4–0493w8 / branche surf commit caa5b6b
CLEAN_RUN_ROOT,param_or_script_alias,Alias runner / gestion des résultats,ajout/normalisé 0493w4–0493w8,booléen/int,1,,,,Supprime le run root avant une nouvelle campagne.,Mettre 0 pour ajouter des graines sans effacer les résultats existants.,scripts/run_0493w5_independent_masked_periodic_smoke.sh; scripts/run_0493w8_tg_mono_dual_equivalence.sh,delta runners 0493w4–0493w8 / branche surf commit caa5b6b
ANALYZE_ONLY,param_or_script_alias,Alias runner / analyse,ajout/normalisé 0493w4–0493w8,booléen/int,0,,,,Réutilise les résultats existants et lance uniquement l’analyseur.,Évite de recalculer les six branches après une correction du checker.,scripts/run_0493w8_tg_mono_dual_equivalence.sh,delta runners 0493w4–0493w8 / branche surf commit caa5b6b
SEEDS,param_or_script_alias,Alias runner / ensemble statistique,ajout/normalisé 0493w4–0493w8,liste d’entiers,493801,,,,Liste des graines TG à exécuter ou analyser.,Qualification finale: 493801 493802 493803.,scripts/run_0493w8_tg_mono_dual_equivalence.sh,delta runners 0493w4–0493w8 / branche surf commit caa5b6b
SCENARIOS,param_or_script_alias,Alias runner / matrice TG,ajout/normalisé 0493w4–0493w8,liste de noms,mono_legacy mono_independent dual_identical,,,,Sélectionne les scénarios de qualification TG.,,scripts/run_0493w8_tg_mono_dual_equivalence.sh,delta runners 0493w4–0493w8 / branche surf commit caa5b6b
PROJECTION_MOMENTUM_CORRECTION_ENABLE,param_or_script_alias,Alias runner / projection Q6,documenté 0493w8,booléen,false dans 0493w8,true/false,projectionMomentumCorrectionEnable,,Écrit projectionMomentumCorrectionEnable dans params.kv.,Désactivé dans les branches Q6 historique et independent_masked afin de comparer le même opérateur sans patch uniforme de moment.,scripts/run_0493w8_tg_mono_dual_equivalence.sh; README_0493W8_TG_MONO_DUAL_IDENTICAL_EQUIVALENCE.md,delta runner 0493w8 / branche surf commit caa5b6b
q6ForceProjectionMode,params_key,Projection Q6 / séquencement du forçage,ajout 0493x3; étendu x4; chemin Q6-g-f qualifié jusqu’à 0493x7q,enum string,legacy,legacy; prestream; prestream_single; prestream_single_fused.,q6ForceProjectionMode,,Choisit l’ordre force/Q6/streaming; prestream_single_fused projette la vitesse tentative incluant la force avant transport avec un seul solveur Q6 et fusion CUDA.,"legacy conserve l’ordre historique. prestream_single_fused est le chemin Q6-g-f qualifié sur TG, Poiseuille, bend/IO et dam-break; il inclut les sources déterministes (body/TG et, x7g, Darcy moyen) dans la vitesse tentative avant projection.",include/simulation_params.h; src/params_io_base.cpp; src/src_mpcd_base.cpp; src/cuda_q6_resident_0400.cu; README_0493X3_Q6_FORCE_PRESTREAM_TEST.md; README_0493X4A_Q6_FORCE_SINGLE_SOLVE.md; README_0493X4B_Q6_FORCE_CUDA_FUSION.md; README_0493X5A_PARTIAL_LIQUID_FREE_SURFACE.md; README_0493X7D_DENSITY_RELAXATION_TIME_GRID_REFINEMENT.md; README_0493X7E_X6G_X7D_COMBINATION.md,mise à jour 0493x3–0493x7q / Q6-g-f
q6ForceProjectionMode,params_canonical_field,Projection Q6 / séquencement du forçage,ajout 0493x3; étendu x4; chemin Q6-g-f qualifié jusqu’à 0493x7q,enum string,legacy,legacy; prestream; prestream_single; prestream_single_fused.,q6ForceProjectionMode,,Choisit l’ordre force/Q6/streaming; prestream_single_fused projette la vitesse tentative incluant la force avant transport avec un seul solveur Q6 et fusion CUDA.,"legacy conserve l’ordre historique. prestream_single_fused est le chemin Q6-g-f qualifié sur TG, Poiseuille, bend/IO et dam-break; il inclut les sources déterministes (body/TG et, x7g, Darcy moyen) dans la vitesse tentative avant projection.",include/simulation_params.h; src/params_io_base.cpp; src/src_mpcd_base.cpp; src/cuda_q6_resident_0400.cu; README_0493X3_Q6_FORCE_PRESTREAM_TEST.md; README_0493X4A_Q6_FORCE_SINGLE_SOLVE.md; README_0493X4B_Q6_FORCE_CUDA_FUSION.md; README_0493X5A_PARTIAL_LIQUID_FREE_SURFACE.md; README_0493X7D_DENSITY_RELAXATION_TIME_GRID_REFINEMENT.md; README_0493X7E_X6G_X7D_COMBINATION.md,mise à jour 0493x3–0493x7q / Q6-g-f
q6DensityRelaxationBeta,params_key,Projection Q6-g-f / restauration de densité,ajout 0493x7c; entrée legacy conservée; production x7q utilise tau_rho,double,0.0,"fini dans [0,1]; si >0, q6DensityRelaxationTime doit être 0",q6DensityRelaxationBeta,densityRelaxationBeta,Coefficient de relaxation de densité par pas; impose div(u_proj)=beta*(rawFill-1)/dt dans le bulk liquide.,Entrée par pas conservée pour ablation/compatibilité. La chaîne signed1/x7q utilise q6DensityRelaxationTime=0.25 et beta=0.,include/simulation_params.h; src/params_io_base.cpp; src/cuda_q6_resident_0400.cu; README_0493X7C_Q6_DENSITY_RELAXATION_RHS.md; scripts/run_0493x5a_partial_liquid_free_surface.sh; scripts/run_0493x5b_liquid_gas_free_surface_dam_break.sh,mise à jour 0493x7c–0493x7q / Q6-g-f
q6DensityRelaxationBeta,params_canonical_field,Projection Q6-g-f / restauration de densité,ajout 0493x7c; entrée legacy conservée; production x7q utilise tau_rho,double,0.0,"fini dans [0,1]; si >0, q6DensityRelaxationTime doit être 0",q6DensityRelaxationBeta,densityRelaxationBeta,Coefficient de relaxation de densité par pas; impose div(u_proj)=beta*(rawFill-1)/dt dans le bulk liquide.,Entrée par pas conservée pour ablation/compatibilité. La chaîne signed1/x7q utilise q6DensityRelaxationTime=0.25 et beta=0.,include/simulation_params.h; src/params_io_base.cpp; src/cuda_q6_resident_0400.cu; README_0493X7C_Q6_DENSITY_RELAXATION_RHS.md; scripts/run_0493x5a_partial_liquid_free_surface.sh; scripts/run_0493x5b_liquid_gas_free_surface_dam_break.sh,mise à jour 0493x7c–0493x7q / Q6-g-f
q6DensityRelaxationTime,params_key,Projection Q6-g-f / restauration de densité,ajout 0493x7d; entrée physique recommandée; qualifiée signed1/x7q,double,0.0,"fini >=0; si >0, q6DensityRelaxationBeta doit être 0 et betaEffectif=dt/tau doit rester dans [0,1]",q6DensityRelaxationTime,densityRelaxationTime; densityRelaxationTau,Constante de temps physique tau_rho de restauration de densité; impose div(u_proj)=(rawFill-1)/tau_rho dans le bulk liquide.,"Valeur de production qualifiée tau_rho=0.25. Avec le gate signé, la cible n’est appliquée qu’aux structures de défaut cohérentes; 0 désactive la restauration. Requiert CUDA Q6 actif; incompatible avec q6DensityRelaxationBeta>0.",include/simulation_params.h; src/params_io_base.cpp; src/cuda_q6_resident_0400.cu; scripts/src_mpcd_run_common_0434.sh; scripts/run_0493x7i_q6_g_f_physical_qualification.sh,mise à jour 0493x7c–0493x7q / Q6-g-f
q6DensityRelaxationTime,params_canonical_field,Projection Q6-g-f / restauration de densité,ajout 0493x7d; entrée physique recommandée; qualifiée signed1/x7q,double,0.0,"fini >=0; si >0, q6DensityRelaxationBeta doit être 0 et betaEffectif=dt/tau doit rester dans [0,1]",q6DensityRelaxationTime,densityRelaxationTime; densityRelaxationTau,Constante de temps physique tau_rho de restauration de densité; impose div(u_proj)=(rawFill-1)/tau_rho dans le bulk liquide.,"Valeur de production qualifiée tau_rho=0.25. Avec le gate signé, la cible n’est appliquée qu’aux structures de défaut cohérentes; 0 désactive la restauration. Requiert CUDA Q6 actif; incompatible avec q6DensityRelaxationBeta>0.",include/simulation_params.h; src/params_io_base.cpp; src/cuda_q6_resident_0400.cu; scripts/src_mpcd_run_common_0434.sh; scripts/run_0493x7i_q6_g_f_physical_qualification.sh,mise à jour 0493x7c–0493x7q / Q6-g-f
q6DensityRelaxationCompressionGateEnable,params_key,Projection Q6-g-f / restauration de densité signée,ajout 0493x7d-v2; qualifié signed1/x7q,booléen,false,si true: q6DensityRelaxationCompressionThresholdFill>0 et restauration de densité active,q6DensityRelaxationCompressionGateEnable,densityRelaxationCompressionGateEnable,Active l’admission cohérente de la branche positive: cellule et au moins un voisin de face au-dessus du seuil.,Le gate ne soustrait pas le seuil après admission: le défaut complet rawFill-1 alimente la cible. Profil final x7i: true.,include/simulation_params.h; src/params_io_base.cpp; src/cuda_q6_resident_0400.cu; scripts/src_mpcd_run_common_0434.sh,mise à jour 0493x7d-v2–0493x7q / Q6-g-f
q6DensityRelaxationCompressionGateEnable,params_canonical_field,Projection Q6-g-f / restauration de densité signée,ajout 0493x7d-v2; qualifié signed1/x7q,booléen,false,si true: q6DensityRelaxationCompressionThresholdFill>0 et restauration de densité active,q6DensityRelaxationCompressionGateEnable,densityRelaxationCompressionGateEnable,Active l’admission cohérente de la branche positive: cellule et au moins un voisin de face au-dessus du seuil.,Le gate ne soustrait pas le seuil après admission: le défaut complet rawFill-1 alimente la cible. Profil final x7i: true.,include/simulation_params.h; src/params_io_base.cpp; src/cuda_q6_resident_0400.cu; scripts/src_mpcd_run_common_0434.sh,mise à jour 0493x7d-v2–0493x7q / Q6-g-f
q6DensityRelaxationCompressionThresholdFill,params_key,Projection Q6-g-f / restauration de densité signée,ajout 0493x7d-v2; qualifié signed1/x7q,double,0.0,fini >=0; doit être >0 si compression gate actif,q6DensityRelaxationCompressionThresholdFill,densityRelaxationCompressionThresholdFill,Seuil du défaut positif de remplissage utilisé par le gate cohérent de compression.,"Les runners expriment le seuil en particules et écrivent thresholdParticles/gamma. Profil final: 3/gamma, soit 0.15 à gamma=20 et 0.30 à gamma=10.",include/simulation_params.h; src/params_io_base.cpp; src/cuda_q6_resident_0400.cu; scripts/src_mpcd_run_common_0434.sh,mise à jour 0493x7d-v2–0493x7q / Q6-g-f
q6DensityRelaxationCompressionThresholdFill,params_canonical_field,Projection Q6-g-f / restauration de densité signée,ajout 0493x7d-v2; qualifié signed1/x7q,double,0.0,fini >=0; doit être >0 si compression gate actif,q6DensityRelaxationCompressionThresholdFill,densityRelaxationCompressionThresholdFill,Seuil du défaut positif de remplissage utilisé par le gate cohérent de compression.,"Les runners expriment le seuil en particules et écrivent thresholdParticles/gamma. Profil final: 3/gamma, soit 0.15 à gamma=20 et 0.30 à gamma=10.",include/simulation_params.h; src/params_io_base.cpp; src/cuda_q6_resident_0400.cu; scripts/src_mpcd_run_common_0434.sh,mise à jour 0493x7d-v2–0493x7q / Q6-g-f
q6DensityRelaxationTractionThresholdFill,params_key,Projection Q6-g-f / restauration de densité signée,ajout 0493x7d-v2-signed1; qualifié x7q,double,0.0,fini >=0; doit être >0 si q6DensityRelaxationTractionGain>0,q6DensityRelaxationTractionThresholdFill,densityRelaxationTractionThresholdFill,Seuil en valeur absolue du défaut négatif pour la branche cohérente de traction/déplétion.,"Profil final: 6/gamma, soit 0.30 à gamma=20 et 0.60 à gamma=10.",include/simulation_params.h; src/params_io_base.cpp; src/cuda_q6_resident_0400.cu; scripts/src_mpcd_run_common_0434.sh,mise à jour 0493x7d-v2–0493x7q / Q6-g-f
q6DensityRelaxationTractionThresholdFill,params_canonical_field,Projection Q6-g-f / restauration de densité signée,ajout 0493x7d-v2-signed1; qualifié x7q,double,0.0,fini >=0; doit être >0 si q6DensityRelaxationTractionGain>0,q6DensityRelaxationTractionThresholdFill,densityRelaxationTractionThresholdFill,Seuil en valeur absolue du défaut négatif pour la branche cohérente de traction/déplétion.,"Profil final: 6/gamma, soit 0.30 à gamma=20 et 0.60 à gamma=10.",include/simulation_params.h; src/params_io_base.cpp; src/cuda_q6_resident_0400.cu; scripts/src_mpcd_run_common_0434.sh,mise à jour 0493x7d-v2–0493x7q / Q6-g-f
q6DensityRelaxationTractionGain,params_key,Projection Q6-g-f / restauration de densité signée,ajout 0493x7d-v2-signed1; qualifié x7q,double,0.0,"fini >=0; si >0: tractionThresholdFill>0, compression gate actif et restauration de densité active",q6DensityRelaxationTractionGain,densityRelaxationTractionGain,Multiplie la cible négative admise par le gate de traction; 0 est un no-op exact de cette branche.,Profil signed1/x7q qualifié: 1.0.,include/simulation_params.h; src/params_io_base.cpp; src/cuda_q6_resident_0400.cu; scripts/src_mpcd_run_common_0434.sh,mise à jour 0493x7d-v2–0493x7q / Q6-g-f
q6DensityRelaxationTractionGain,params_canonical_field,Projection Q6-g-f / restauration de densité signée,ajout 0493x7d-v2-signed1; qualifié x7q,double,0.0,"fini >=0; si >0: tractionThresholdFill>0, compression gate actif et restauration de densité active",q6DensityRelaxationTractionGain,densityRelaxationTractionGain,Multiplie la cible négative admise par le gate de traction; 0 est un no-op exact de cette branche.,Profil signed1/x7q qualifié: 1.0.,include/simulation_params.h; src/params_io_base.cpp; src/cuda_q6_resident_0400.cu; scripts/src_mpcd_run_common_0434.sh,mise à jour 0493x7d-v2–0493x7q / Q6-g-f
virialDensityKickEnable,params_key,Projection Q6-g-f / fermeture virielle continuum 0493x7a–x7b,ajout 0493x7a/x7b; omission d’inventaire corrigée 0493x7q,booléen,false,si true: projection Q6 CUDA active; incompatible avec la restauration density-RHS active,virialDensityKickEnable,virialEnable,Active le kick de densité viriel continuum avant/avec le chemin de projection Q6.,Fermeture opt-in distincte de la restauration signed1. x7q est volontairement inactif lorsque ce kick est demandé.,include/simulation_params.h; src/params_io_base.cpp; src/cuda_q6_resident_0400.cu,complément exhaustif parseur 0493x7q
virialDensityKickEnable,params_canonical_field,Projection Q6-g-f / fermeture virielle continuum 0493x7a–x7b,ajout 0493x7a/x7b; omission d’inventaire corrigée 0493x7q,booléen,false,si true: projection Q6 CUDA active; incompatible avec la restauration density-RHS active,virialDensityKickEnable,virialEnable,Active le kick de densité viriel continuum avant/avec le chemin de projection Q6.,Fermeture opt-in distincte de la restauration signed1. x7q est volontairement inactif lorsque ce kick est demandé.,include/simulation_params.h; src/params_io_base.cpp; src/cuda_q6_resident_0400.cu,complément exhaustif parseur 0493x7q
kVirial,params_key,Projection Q6-g-f / fermeture virielle continuum 0493x7a–x7b,ajout 0493x7a/x7b; omission d’inventaire corrigée 0493x7q,double,0.10666666666666667,fini >=0,kVirial,Kvirial,Module continuum du terme de pression/accélération virielle associé au défaut de remplissage.,Grandeur physique à ne pas rescaler avec Nx/Ny lors d’un raffinement à domaine physique fixé.,include/simulation_params.h; src/params_io_base.cpp; src/cuda_q6_resident_0400.cu,complément exhaustif parseur 0493x7q
kVirial,params_canonical_field,Projection Q6-g-f / fermeture virielle continuum 0493x7a–x7b,ajout 0493x7a/x7b; omission d’inventaire corrigée 0493x7q,double,0.10666666666666667,fini >=0,kVirial,Kvirial,Module continuum du terme de pression/accélération virielle associé au défaut de remplissage.,Grandeur physique à ne pas rescaler avec Nx/Ny lors d’un raffinement à domaine physique fixé.,include/simulation_params.h; src/params_io_base.cpp; src/cuda_q6_resident_0400.cu,complément exhaustif parseur 0493x7q
betaEOS,params_key,Projection Q6-g-f / fermeture virielle continuum 0493x7a–x7b,ajout 0493x7a/x7b; omission d’inventaire corrigée 0493x7q,double,0.05,fini >=0,betaEOS,virialBeta,Gain sans dimension de la fermeture EOS virielle continuum.,"Paramètre 0493x7b, désactivé physiquement tant que virialDensityKickEnable=false.",include/simulation_params.h; src/params_io_base.cpp; src/cuda_q6_resident_0400.cu,complément exhaustif parseur 0493x7q
betaEOS,params_canonical_field,Projection Q6-g-f / fermeture virielle continuum 0493x7a–x7b,ajout 0493x7a/x7b; omission d’inventaire corrigée 0493x7q,double,0.05,fini >=0,betaEOS,virialBeta,Gain sans dimension de la fermeture EOS virielle continuum.,"Paramètre 0493x7b, désactivé physiquement tant que virialDensityKickEnable=false.",include/simulation_params.h; src/params_io_base.cpp; src/cuda_q6_resident_0400.cu,complément exhaustif parseur 0493x7q
virialMomentumCorrectionEnable,params_key,Projection Q6-g-f / fermeture virielle continuum 0493x7a–x7b,ajout 0493x7a/x7b; omission d’inventaire corrigée 0493x7q,booléen,true,booléen,virialMomentumCorrectionEnable,,Active la correction globale de moment associée au kick viriel explicite.,Distincte de la fermeture périodique x7q; x7q exclut le chemin virialDensityKickEnable.,include/simulation_params.h; src/params_io_base.cpp; src/cuda_q6_resident_0400.cu,complément exhaustif parseur 0493x7q
virialMomentumCorrectionEnable,params_canonical_field,Projection Q6-g-f / fermeture virielle continuum 0493x7a–x7b,ajout 0493x7a/x7b; omission d’inventaire corrigée 0493x7q,booléen,true,booléen,virialMomentumCorrectionEnable,,Active la correction globale de moment associée au kick viriel explicite.,Distincte de la fermeture périodique x7q; x7q exclut le chemin virialDensityKickEnable.,include/simulation_params.h; src/params_io_base.cpp; src/cuda_q6_resident_0400.cu,complément exhaustif parseur 0493x7q
surfaceTensionSigma,params_canonical_field,Q6-G-F — tension superficielle / interface,ajout 0493x9d; validation quantitative x11c,double fini >= 0,0.0,>=0; 0 = no-op exact,surfaceTensionSigma,q6GfSurfaceTensionSigma,Coefficient de tension superficielle utilisé dans le saut de Laplace p_A-p_B=sigma*kappa sur l’interface Q6-G-F.,"0493x9d: kappa p3 interpolée au crossing alpha=0.5; phiGamma_cap=dt*sigma*kappa/rhoARef; aucune force CSF ni kick particulaire direct. 0493x11c: après soustraction appariée sigma=0, pente contrainte Δp_cap/(sigma<kappa>)=0.9587044; ondes capillaires: pente omega_num^2/omega_th^2=0.98842059. Aucune renormalisation empirique de sigma. sigma très élevé reste soumis à la stabilité temporelle.",include/simulation_params.h; src/params_io_base.cpp; src/cuda_q6_resident_0400.cu; README_0493X9D_ACTIVE_LAPLACE.md; scripts/analyze_0493x11a_young_laplace_paired.py; scripts/analyze_0493x11b_capillary_wave_earlyfit.py,cycle_0493x8k_x8t + 0493x9d_x9r + 0493x10q_x11c_surface_tension_20260822
surfaceTensionSigma,params_key,Q6-G-F — tension superficielle / interface,canonique | ajout 0493x9d; validation quantitative x11c,double fini >= 0,0.0,>=0; 0 = no-op exact,surfaceTensionSigma,,Coefficient de tension superficielle utilisé dans le saut de Laplace p_A-p_B=sigma*kappa sur l’interface Q6-G-F.,"0493x9d: kappa p3 interpolée au crossing alpha=0.5; phiGamma_cap=dt*sigma*kappa/rhoARef; aucune force CSF ni kick particulaire direct. 0493x11c: après soustraction appariée sigma=0, pente contrainte Δp_cap/(sigma<kappa>)=0.9587044; ondes capillaires: pente omega_num^2/omega_th^2=0.98842059. Aucune renormalisation empirique de sigma. sigma très élevé reste soumis à la stabilité temporelle.",include/simulation_params.h; src/params_io_base.cpp; src/cuda_q6_resident_0400.cu; README_0493X9D_ACTIVE_LAPLACE.md; scripts/analyze_0493x11a_young_laplace_paired.py; scripts/analyze_0493x11b_capillary_wave_earlyfit.py,cycle_0493x8k_x8t + 0493x9d_x9r + 0493x10q_x11c_surface_tension_20260822
q6GfSurfaceTensionSigma,params_key,Q6-G-F — tension superficielle / interface,alias accepté | ajout 0493x9d,double fini >= 0,0.0,>=0; 0 = no-op exact,surfaceTensionSigma,,Coefficient de tension superficielle utilisé dans le saut de Laplace p_A-p_B=sigma*kappa sur l’interface Q6-G-F.,Alias de surfaceTensionSigma. 0493x9d: la courbure p3 est interpolée au crossing alpha=0.5; phiGamma_cap=dt*sigma*kappa/rhoARef. Aucune force CSF ni kick particulaire direct. sigma très élevé peut imposer une raideur temporelle forte; valider dt.,include/simulation_params.h; src/params_io_base.cpp; src/cuda_q6_resident_0400.cu; README_0493X9D_ACTIVE_LAPLACE.md,cycle_0493x8k_x8t + 0493x9d_x9r_surface_tension_20260819
surfaceTensionMinRadiusCells,params_canonical_field,Q6-G-F — tension superficielle / interface,ajout 0493x9r; choix 3 conservé x10/x11,double fini >= 0,0.0,>=0; 0 = no-op; 3 retenu dans la chaîne x10/x11 actuelle,surfaceTensionMinRadiusCells,q6GfSurfaceTensionMinRadiusCells,Rayon minimal résolu en cellules pour la courbure utilisée uniquement dans sigma*kappa.,"0493x9r: kappaLimit=1/(N_R*min(dx,dy)); clip après interpolation de face; champ p3/LiveVis bruts. N_R=3 est conservé dans les validations x10/x11 et ne domine pas le bulk; ce n’est pas une constante physique universelle.",include/simulation_params.h; src/params_io_base.cpp; src/cuda_q6_resident_0400.cu; README_0493X9R_CAPILLARY_RESOLUTION_CUTOFF.md,cycle_0493x8k_x8t + 0493x9d_x9r + 0493x10q_x11c_surface_tension_20260822
surfaceTensionMinRadiusCells,params_key,Q6-G-F — tension superficielle / interface,canonique | ajout 0493x9r; choix 3 conservé x10/x11,double fini >= 0,0.0,>=0; 0 = no-op; 3 retenu dans la chaîne x10/x11 actuelle,surfaceTensionMinRadiusCells,,Rayon minimal résolu en cellules pour la courbure utilisée uniquement dans sigma*kappa.,"0493x9r: kappaLimit=1/(N_R*min(dx,dy)); clip après interpolation de face; champ p3/LiveVis bruts. N_R=3 est conservé dans les validations x10/x11 et ne domine pas le bulk; ce n’est pas une constante physique universelle.",include/simulation_params.h; src/params_io_base.cpp; src/cuda_q6_resident_0400.cu; README_0493X9R_CAPILLARY_RESOLUTION_CUTOFF.md,cycle_0493x8k_x8t + 0493x9d_x9r + 0493x10q_x11c_surface_tension_20260822
q6GfSurfaceTensionMinRadiusCells,params_key,Q6-G-F — tension superficielle / interface,alias accepté | ajout 0493x9r,double fini >= 0,0.0,>=0; 0 = no-op; recommandé actuel 3 pour les cas x9r,surfaceTensionMinRadiusCells,,Rayon minimal résolu en cellules pour la courbure utilisée uniquement dans sigma*kappa.,"Alias de surfaceTensionMinRadiusCells. 0493x9r: kappaLimit=1/(N_R*min(dx,dy)); clip appliqué après interpolation de face. Le champ de courbure résident et LiveVis restent bruts. N_R=3 est le compromis actuellement retenu; ce n’est pas une constante physique universelle.",include/simulation_params.h; src/params_io_base.cpp; src/cuda_q6_resident_0400.cu; README_0493X9R_CAPILLARY_RESOLUTION_CUTOFF.md,cycle_0493x8k_x8t + 0493x9d_x9r_surface_tension_20260819
phaseInterfaceASelector,params_canonical_field,Q6-G-F — sélection de phases,ajout 0493x9g,string canonique,family:liquid,family:liquid | family:gas | family:dispersed | family:unspecified | type:<uint32> | vacuum | wall; A ne peut pas être vacuum/wall; A/B ne doivent pas se recouvrir,phaseInterfaceASelector,capillaryPhaseASelector,"Sélectionne la phase A: côté alpha>=0.5, référence de masse, orientation A->B et espèce(s) projetée(s).",0493x9g: A sélectionne les espèces projetées avec masse de référence positive. Chaîne x10/x11 liquide-vide: A est explicitement le type liquide; la loi cinétique agit sur les particules de phase A.,include/simulation_params.h; src/params_io_base.cpp; src/cuda_q6_resident_0400.cu; 0493x9g_phase_pair_generalization_review.diff,cycle_0493x8k_x8t + 0493x9d_x9r + 0493x10q_x11c_surface_tension_20260822
phaseInterfaceASelector,params_key,Q6-G-F — sélection de phases,canonique | ajout 0493x9g,string canonique,family:liquid,family:liquid | family:gas | family:dispersed | family:unspecified | type:<uint32> | vacuum | wall; A ne peut pas être vacuum/wall; A/B ne doivent pas se recouvrir,phaseInterfaceASelector,,"Sélectionne la phase A: côté alpha>=0.5, référence de masse, orientation A->B et espèce(s) projetée(s).",0493x9g: A sélectionne les espèces projetées avec masse de référence positive. Chaîne x10/x11 liquide-vide: A est explicitement le type liquide; la loi cinétique agit sur les particules de phase A.,include/simulation_params.h; src/params_io_base.cpp; src/cuda_q6_resident_0400.cu; 0493x9g_phase_pair_generalization_review.diff,cycle_0493x8k_x8t + 0493x9d_x9r + 0493x10q_x11c_surface_tension_20260822
capillaryPhaseASelector,params_key,Q6-G-F — sélection de phases,alias accepté | ajout 0493x9g,string canonique,family:liquid,family:liquid | family:gas | family:dispersed | family:unspecified | type:<uint32> | vacuum | wall; A ne peut pas être vacuum/wall; A/B ne doivent pas se recouvrir,phaseInterfaceASelector,,"Sélectionne la phase A: côté alpha>=0.5, référence de masse, orientation A->B et espèce(s) projetée(s).",Alias de phaseInterfaceASelector. 0493x9g: phase A doit sélectionner des espèces enregistrées avec masse de référence positive.,include/simulation_params.h; src/params_io_base.cpp; src/cuda_q6_resident_0400.cu; 0493x9g_phase_pair_generalization_review.diff,cycle_0493x8k_x8t + 0493x9d_x9r_surface_tension_20260819
phaseInterfaceBSelector,params_canonical_field,Q6-G-F — sélection de phases,ajout 0493x9g; wall opérationnel géométriquement x9h,string canonique,family:gas,family:liquid | family:gas | family:dispersed | family:unspecified | type:<uint32> | vacuum | wall; A ne peut pas être vacuum/wall; A/B ne doivent pas se recouvrir,phaseInterfaceBSelector,capillaryPhaseBSelector,"Sélectionne le côté extérieur B de l’interface; peut fournir la pression gaz x6g, être vacuum, ou demander le provider géométrique wall.",0493x9g/x9h: B=vacuum opérationnel sans particules gaz; B=wall est géométrie seule. La qualification x10q/x11 de surface libre cinétique est liquide-vide; un vrai liquide-gaz couplé reste à qualifier.,include/simulation_params.h; src/params_io_base.cpp; src/cuda_q6_resident_0400.cu; 0493x9g_phase_pair_generalization_review.diff; 0493x9h_wall_geometry_provider_review.diff,cycle_0493x8k_x8t + 0493x9d_x9r + 0493x10q_x11c_surface_tension_20260822
phaseInterfaceBSelector,params_key,Q6-G-F — sélection de phases,canonique | ajout 0493x9g; wall opérationnel géométriquement x9h,string canonique,family:gas,family:liquid | family:gas | family:dispersed | family:unspecified | type:<uint32> | vacuum | wall; A ne peut pas être vacuum/wall; A/B ne doivent pas se recouvrir,phaseInterfaceBSelector,,"Sélectionne le côté extérieur B de l’interface; peut fournir la pression gaz x6g, être vacuum, ou demander le provider géométrique wall.",0493x9g/x9h: B=vacuum opérationnel sans particules gaz; B=wall est géométrie seule. La qualification x10q/x11 de surface libre cinétique est liquide-vide; un vrai liquide-gaz couplé reste à qualifier.,include/simulation_params.h; src/params_io_base.cpp; src/cuda_q6_resident_0400.cu; 0493x9g_phase_pair_generalization_review.diff; 0493x9h_wall_geometry_provider_review.diff,cycle_0493x8k_x8t + 0493x9d_x9r + 0493x10q_x11c_surface_tension_20260822
capillaryPhaseBSelector,params_key,Q6-G-F — sélection de phases,alias accepté | ajout 0493x9g; wall opérationnel géométriquement x9h,string canonique,family:gas,family:liquid | family:gas | family:dispersed | family:unspecified | type:<uint32> | vacuum | wall; A ne peut pas être vacuum/wall; A/B ne doivent pas se recouvrir,phaseInterfaceBSelector,,"Sélectionne le côté extérieur B de l’interface; peut fournir la pression gaz x6g, être vacuum, ou demander le provider géométrique wall.",Alias de phaseInterfaceBSelector. 0493x9g/x9h: B=vacuum est opérationnel sans particules gaz. B=wall est géométrie seule et ne doit pas être utilisé comme paire capillaire de mouillage; le mur est alors un troisième objet.,include/simulation_params.h; src/params_io_base.cpp; src/cuda_q6_resident_0400.cu; 0493x9g_phase_pair_generalization_review.diff; 0493x9h_wall_geometry_provider_review.diff,cycle_0493x8k_x8t + 0493x9d_x9r_surface_tension_20260819
phaseInterfaceContactAngleDegrees,params_canonical_field,Q6-G-F — mouillage,ajout 0493x9i; fermeture statique x9m qualifiée,double fini,-1.0,"-1 désactive; sinon [0,180] degrés; x9m qualifié seulement pour 0<theta<180",phaseInterfaceContactAngleDegrees,contactAngleDegrees; capillaryContactAngleDegrees,"Prescrit l’angle de contact mesuré à travers A, avec nAB·nWall=-cos(thetaA).","x9m reste la fermeture statique préférée via ancre hors support. Les validations x10/x11 de rétention/capillarité n’ajoutent pas de calibration du mouillage dynamique; ligne triple, solides mobiles et angles dynamiques restent ouverts.",include/simulation_params.h; src/params_io_base.cpp; src/cuda_q6_resident_0400.cu; README_0493X9I_CONTACT_ANGLE.md; 0493x9m_offsupport_anchor_review.diff,cycle_0493x8k_x8t + 0493x9d_x9r + 0493x10q_x11c_surface_tension_20260822
phaseInterfaceContactAngleDegrees,params_key,Q6-G-F — mouillage,canonique | ajout 0493x9i; fermeture statique x9m qualifiée,double fini,-1.0,"-1 désactive; sinon [0,180] degrés; x9m qualifié seulement pour 0<theta<180",phaseInterfaceContactAngleDegrees,,"Prescrit l’angle de contact mesuré à travers A, avec nAB·nWall=-cos(thetaA).","x9m reste la fermeture statique préférée via ancre hors support. Les validations x10/x11 de rétention/capillarité n’ajoutent pas de calibration du mouillage dynamique; ligne triple, solides mobiles et angles dynamiques restent ouverts.",include/simulation_params.h; src/params_io_base.cpp; src/cuda_q6_resident_0400.cu; README_0493X9I_CONTACT_ANGLE.md; 0493x9m_offsupport_anchor_review.diff,cycle_0493x8k_x8t + 0493x9d_x9r + 0493x10q_x11c_surface_tension_20260822
contactAngleDegrees,params_key,Q6-G-F — mouillage,alias accepté | ajout 0493x9i; fermeture statique x9m qualifiée,double fini,-1.0,"-1 désactive; sinon [0,180] degrés; x9m qualifié seulement pour 0<theta<180",phaseInterfaceContactAngleDegrees,,"Prescrit l’angle de contact mesuré à travers A, avec nAB·nWall=-cos(thetaA).",Alias de phaseInterfaceContactAngleDegrees. x9i introduit le contrat. x9m est la fermeture statique préférée actuelle via ancre hors support; dynamique de ligne triple non encore quantitativement qualifiée. La garde actuelle exige surfaceTensionSigma>0 lorsqu’un angle est actif.,include/simulation_params.h; src/params_io_base.cpp; src/cuda_q6_resident_0400.cu; README_0493X9I_CONTACT_ANGLE.md; 0493x9m_offsupport_anchor_review.diff,cycle_0493x8k_x8t + 0493x9d_x9r_surface_tension_20260819
capillaryContactAngleDegrees,params_key,Q6-G-F — mouillage,alias accepté | ajout 0493x9i; fermeture statique x9m qualifiée,double fini,-1.0,"-1 désactive; sinon [0,180] degrés; x9m qualifié seulement pour 0<theta<180",phaseInterfaceContactAngleDegrees,,"Prescrit l’angle de contact mesuré à travers A, avec nAB·nWall=-cos(thetaA).",Alias de phaseInterfaceContactAngleDegrees. x9i introduit le contrat. x9m est la fermeture statique préférée actuelle via ancre hors support; dynamique de ligne triple non encore quantitativement qualifiée. La garde actuelle exige surfaceTensionSigma>0 lorsqu’un angle est actif.,include/simulation_params.h; src/params_io_base.cpp; src/cuda_q6_resident_0400.cu; README_0493X9I_CONTACT_ANGLE.md; 0493x9m_offsupport_anchor_review.diff,cycle_0493x8k_x8t + 0493x9d_x9r_surface_tension_20260819
phaseInterfaceKineticReflectionFraction,params_canonical_field,Q6-G-F — interface cinétique / évaporation,ajout 0493x9t; r=1 qualifié x10q/x11; r<1 préparé non calibré,double fini,1.0 dans les runners x10/x11 qualifiés (défaut struct non réaudité ici),"[0,1]; r=1 réflexion complète; 0<r<1 réflexion Bernoulli de probabilité r; r=0 transmission complète",phaseInterfaceKineticReflectionFraction,KINETIC_REFLECTION_FRACTION (alias de runner),Probabilité de réfléchir une tentative de franchissement sortante relative g=(v-uGamma)·n>0; 1-r ouvre la voie de transmission/évaporation.,"x10h/x10q: la surface alpha=0.5 reste mobile; les non-donneurs g<=0 advectent librement. Premier jet validé avec r=1. r<1 est une accroche cinétique, pas encore une loi thermodynamique: pas de Hertz-Knudsen, chaleur latente, pression de vapeur ni bilan détaillé condensation/évaporation.",include/simulation_params.h; src/params_io_base.cpp; src/cuda_q6_resident_0400.cu; scripts/run_0493x10o_q6_thermal_interface_static_drop.sh; scripts/run_0493x10o_q6_thermal_interface_dripping.sh; scripts/run_0493x11b_capillary_wave_validation.sh,cycle_0493x8k_x8t + 0493x9d_x9r + 0493x10q_x11c_surface_tension_20260822
phaseInterfaceKineticReflectionFraction,params_key,Q6-G-F — interface cinétique / évaporation,canonique | ajout 0493x9t; r=1 qualifié x10q/x11; r<1 préparé non calibré,double fini,1.0 dans les runners x10/x11 qualifiés (défaut struct non réaudité ici),"[0,1]; r=1 réflexion complète; 0<r<1 réflexion Bernoulli de probabilité r; r=0 transmission complète",phaseInterfaceKineticReflectionFraction,,Probabilité de réfléchir une tentative de franchissement sortante relative g=(v-uGamma)·n>0; 1-r ouvre la voie de transmission/évaporation.,"x10h/x10q: la surface alpha=0.5 reste mobile; les non-donneurs g<=0 advectent librement. Premier jet validé avec r=1. r<1 est une accroche cinétique, pas encore une loi thermodynamique: pas de Hertz-Knudsen, chaleur latente, pression de vapeur ni bilan détaillé condensation/évaporation.",include/simulation_params.h; src/params_io_base.cpp; src/cuda_q6_resident_0400.cu; scripts/run_0493x10o_q6_thermal_interface_static_drop.sh; scripts/run_0493x10o_q6_thermal_interface_dripping.sh; scripts/run_0493x11b_capillary_wave_validation.sh,cycle_0493x8k_x8t + 0493x9d_x9r + 0493x10q_x11c_surface_tension_20260822
phaseInterfaceEvaporationTargetType,params_canonical_field,Q6-G-F — interface cinétique / évaporation,ajout 0493x9t; chemin transmission préparé; non qualifié thermodynamiquement,entier / identifiant de type particulaire,-1 dans les runners x10/x11 qualifiés,-1 = aucun type cible imposé dans les qualifications courantes; >=0 réserve un type cible au chemin transmis/évaporé,phaseInterfaceEvaporationTargetType,EVAPORATION_TARGET_TYPE (alias de runner),Type cible optionnel associé aux particules transmises par la loi cinétique lorsque r<1.,"La chaîne validée utilise -1 et r=1, donc aucun changement de phase n’est produit dans les benchmarks x10q/x11. À qualifier avec une phase vapeur, conservation d’énergie/chaleur latente et condensation réciproque avant usage physique quantitatif.",include/simulation_params.h; src/params_io_base.cpp; src/cuda_q6_resident_0400.cu; scripts/run_0493x10g_dripping_vk_validation.sh; scripts/run_0493x11b_capillary_wave_validation.sh,cycle_0493x8k_x8t + 0493x9d_x9r + 0493x10q_x11c_surface_tension_20260822
phaseInterfaceEvaporationTargetType,params_key,Q6-G-F — interface cinétique / évaporation,canonique | ajout 0493x9t; chemin transmission préparé; non qualifié thermodynamiquement,entier / identifiant de type particulaire,-1 dans les runners x10/x11 qualifiés,-1 = aucun type cible imposé dans les qualifications courantes; >=0 réserve un type cible au chemin transmis/évaporé,phaseInterfaceEvaporationTargetType,,Type cible optionnel associé aux particules transmises par la loi cinétique lorsque r<1.,"La chaîne validée utilise -1 et r=1, donc aucun changement de phase n’est produit dans les benchmarks x10q/x11. À qualifier avec une phase vapeur, conservation d’énergie/chaleur latente et condensation réciproque avant usage physique quantitatif.",include/simulation_params.h; src/params_io_base.cpp; src/cuda_q6_resident_0400.cu; scripts/run_0493x10g_dripping_vk_validation.sh; scripts/run_0493x11b_capillary_wave_validation.sh,cycle_0493x8k_x8t + 0493x9d_x9r + 0493x10q_x11c_surface_tension_20260822
