Variable environnement,Catégorie,Statut 0286,Type attendu,Défaut implicite,Effet / rôle,Remarques,Sources repérées
MPCD_BACKEND,Backend principal,principal utilisateur,string,cuda dans scripts/run_src_mpcd_cuda_primary_0275.sh; openmp si demandé explicitement,Choisit le lanceur primaire cuda/openmp.,Ne se place pas dans params.kv; à passer dans l’environnement du shell ou dans les scripts de validation/démo.,doc/GPU_PATCH_0275_CUDA_PRIMARY_BACKEND.md; scripts/run_src_mpcd_cuda_primary_0275.sh; scripts/run_src_mpcd_openmp_0275.sh
MPCD_RUNTIME_BACKEND,Backend principal,principal utilisateur,string,utilisé si MPCD_BACKEND absent; cuda par défaut dans runner primaire,Alias/fallback pour choisir cuda/openmp lorsque MPCD_BACKEND absent.,Ne se place pas dans params.kv; à passer dans l’environnement du shell ou dans les scripts de validation/démo.,doc/GPU_PATCH_0275_CUDA_PRIMARY_BACKEND.md; scripts/run_src_mpcd_cuda_primary_0275.sh
MPCD_CUDA_CLASSIC_SRC_SOLID_RESIDENT_0262,Autres variables internes,validé 0286,booléen/env truthy sauf mention contraire,false/off sauf activation par scripts validés,Active le chemin résident solide/rectangle SRC classic CUDA.,Ne se place pas dans params.kv; à passer dans l’environnement du shell ou dans les scripts de validation/démo.,doc/GPU_PATCH_0262.md; doc/GPU_PATCH_0262_RESIDENTFIX.md; doc/GPU_PATCH_0262_STREAMFIX.md; doc/GPU_PATCH_0277_CUDA_THERMOSTAT_SOLID_RECTANGLE.md; scripts/run_cuda_classic_src_io_fullface_resident_0263.sh; scripts/run_cuda_classic_src_io_segmented_resident_0264.sh; ...
MPCD_CUDA_CLASSIC_SRC_IO_FULLFACE_RESIDENT_0263,CUDA SRC classic — inlet/outlet full-face,validé 0286,booléen/env truthy sauf mention contraire,false/off sauf activation par scripts validés,Active le chemin résident inlet/outlet full-face SRC classic CUDA.,Ne se place pas dans params.kv; à passer dans l’environnement du shell ou dans les scripts de validation/démo.,doc/GPU_PATCH_0263D_INACTIVE_RESERVOIR_FIX.md; doc/GPU_PATCH_0263_IO_FULLFACE_RESIDENT.md; doc/GPU_PATCH_0268_IO_FULLFACE_RESERVOIR_POOL.md; scripts/run_cuda_classic_src_io_fullface_resident_0263.sh; scripts/run_cuda_classic_src_io_segmented_resident_0264.sh; scripts/run_cuda_persistent_src_thermostat_circle_0284.sh; ...
MPCD_CUDA_CLASSIC_SRC_IO_FULLFACE_RESIDENT_0263_STRICT,CUDA SRC classic — inlet/outlet full-face,validé 0286,booléen/env truthy sauf mention contraire,souvent true dans validateurs; dépend du module,Active le chemin résident inlet/outlet full-face SRC classic CUDA.,Ne se place pas dans params.kv; à passer dans l’environnement du shell ou dans les scripts de validation/démo.,scripts/run_cuda_classic_src_io_fullface_resident_0263.sh; scripts/run_cuda_classic_src_io_segmented_resident_0264.sh; scripts/run_cuda_persistent_src_thermostat_circle_io_0285.sh; scripts/run_cuda_persistent_src_thermostat_io_fullface_0279.sh; scripts/run_cuda_persistent_src_thermostat_io_fullface_0279b.sh; scripts/run_cuda_persistent_src_thermostat_io_segmented_0280.sh; ...
MPCD_CUDA_CLASSIC_SRC_IO_FULLFACE_RESIDENT_0263_THREADS,CUDA SRC classic — inlet/outlet full-face,validé 0286,entier,256 le plus souvent,Active le chemin résident inlet/outlet full-face SRC classic CUDA.,Ne se place pas dans params.kv; à passer dans l’environnement du shell ou dans les scripts de validation/démo.,src/cuda_classic_src_io_resident_0263.cu
MPCD_CUDA_CLASSIC_SRC_IO_SEGMENTED_RESIDENT_0264,CUDA SRC classic — inlet/outlet segmenté,validé 0286,booléen/env truthy sauf mention contraire,false/off sauf activation par scripts validés,Active le chemin résident inlet/outlet segmenté SRC classic CUDA.,Ne se place pas dans params.kv; à passer dans l’environnement du shell ou dans les scripts de validation/démo.,doc/GPU_PATCH_0264_IO_SEGMENTED_RESIDENT.md; doc/GPU_PATCH_0280B_CUDA_THERMOSTAT_IO_SEGMENTED_RUNNERFIX.md; doc/GPU_PATCH_0280_CUDA_THERMOSTAT_IO_SEGMENTED.md; scripts/run_cuda_classic_src_io_segmented_resident_0264.sh; scripts/run_cuda_persistent_src_thermostat_circle_0284.sh; scripts/run_cuda_persistent_src_thermostat_circle_io_0285.sh; ...
MPCD_CUDA_CLASSIC_SRC_IO_SEGMENTED_RESIDENT_0264_STRICT,CUDA SRC classic — inlet/outlet segmenté,validé 0286,booléen/env truthy sauf mention contraire,souvent true dans validateurs; dépend du module,Active le chemin résident inlet/outlet segmenté SRC classic CUDA.,Ne se place pas dans params.kv; à passer dans l’environnement du shell ou dans les scripts de validation/démo.,doc/GPU_PATCH_0264_IO_SEGMENTED_RESIDENT.md; scripts/run_cuda_classic_src_io_segmented_resident_0264.sh; scripts/run_cuda_persistent_src_thermostat_io_segmented_0280.sh; scripts/run_cuda_persistent_src_thermostat_io_segmented_0280b.sh; scripts/run_cuda_persistent_src_thermostat_io_segmented_0280c.sh; scripts/src_gpu_demo_common_0283.sh; ...
MPCD_CUDA_CLASSIC_SRC_IO_SEGMENTED_RESIDENT_0264_THREADS,CUDA SRC classic — inlet/outlet segmenté,validé 0286,entier,256 le plus souvent,Active le chemin résident inlet/outlet segmenté SRC classic CUDA.,Ne se place pas dans params.kv; à passer dans l’environnement du shell ou dans les scripts de validation/démo.,src/cuda_classic_src_io_resident_0263.cu
MPCD_CUDA_CLASSIC_SRC_PERIODIC_RESIDENT_0260,CUDA SRC classic — périodique,validé 0286,booléen/env truthy sauf mention contraire,false/off sauf activation par scripts validés,Active le chemin résident périodique SRC classic CUDA.,Ne se place pas dans params.kv; à passer dans l’environnement du shell ou dans les scripts de validation/démo.,doc/GPU_PATCH_0260.md; doc/GPU_PATCH_0262_RESIDENTFIX.md; doc/GPU_PATCH_0274_FUSED_STREAM_DEPOSIT.md; scripts/run_cuda_classic_src_io_fullface_resident_0263.sh; scripts/run_cuda_classic_src_io_segmented_resident_0264.sh; scripts/run_cuda_classic_src_periodic_resident_0260.sh; ...
MPCD_CUDA_CLASSIC_SRC_WALL_RESIDENT_0261,CUDA SRC classic — wall-simple,validé 0286,booléen/env truthy sauf mention contraire,false/off sauf activation par scripts validés,Active le chemin résident wall-simple SRC classic CUDA.,Ne se place pas dans params.kv; à passer dans l’environnement du shell ou dans les scripts de validation/démo.,doc/GPU_PATCH_0261.md; doc/GPU_PATCH_0262_RESIDENTFIX.md; doc/GPU_PATCH_0270_WALL_RESIDENT_BOUNDARY_SKIP.md; doc/GPU_PATCH_0274_FUSED_STREAM_DEPOSIT.md; scripts/run_cuda_classic_src_io_fullface_resident_0263.sh; scripts/run_cuda_classic_src_io_segmented_resident_0264.sh; ...
MPCD_CUDA_IMMERSED_CIRCLE_0284,CUDA solide immergé — cercle,validé 0286,booléen/env truthy sauf mention contraire,false/off sauf activation par scripts validés,Active/paramètre le support CUDA du cercle solide 0284.,Ne se place pas dans params.kv; à passer dans l’environnement du shell ou dans les scripts de validation/démo.,scripts/run_cuda_persistent_src_thermostat_circle_0284.sh; scripts/run_cuda_persistent_src_thermostat_circle_io_0285.sh; scripts/run_demo_src_classic_cuda_von_karman_cylinder_0285.sh; src/cuda_immersed_circle_0284.cu
MPCD_CUDA_IMMERSED_CIRCLE_0284_DOWNLOAD_ALL,CUDA solide immergé — cercle,validé 0286,booléen/env truthy sauf mention contraire,false/off sauf activation par scripts validés,Active/paramètre le support CUDA du cercle solide 0284.,Ne se place pas dans params.kv; à passer dans l’environnement du shell ou dans les scripts de validation/démo.,scripts/run_cuda_persistent_src_thermostat_circle_0284.sh; scripts/run_cuda_persistent_src_thermostat_circle_io_0285.sh; scripts/run_demo_src_classic_cuda_von_karman_cylinder_0285.sh; src/cuda_immersed_circle_0284.cu
MPCD_CUDA_IMMERSED_CIRCLE_0284_THREADS,CUDA solide immergé — cercle,validé 0286,entier,256 le plus souvent,Active/paramètre le support CUDA du cercle solide 0284.,Ne se place pas dans params.kv; à passer dans l’environnement du shell ou dans les scripts de validation/démo.,scripts/run_cuda_persistent_src_thermostat_circle_0284.sh; scripts/run_cuda_persistent_src_thermostat_circle_io_0285.sh; src/cuda_immersed_circle_0284.cu
MPCD_CUDA_PERSISTENT_SRC_COLLISION_IMMERSED_CIRCLE_0284,CUDA solide immergé — cercle,validé 0286,booléen/env truthy sauf mention contraire,false/off sauf activation par scripts validés,Active/paramètre le support CUDA du cercle solide 0284.,Ne se place pas dans params.kv; à passer dans l’environnement du shell ou dans les scripts de validation/démo.,doc/GPU_PATCH_0284_CUDA_IMMERSED_CIRCLE_PERIODIC.md; scripts/run_cuda_persistent_src_thermostat_circle_0284.sh; scripts/run_cuda_persistent_src_thermostat_circle_io_0285.sh; scripts/run_demo_src_classic_cuda_von_karman_cylinder_0285.sh; src/src_collision.cpp
MPCD_CUDA_PERSISTENT_SRC_THERMOSTAT_SHARED_0251_0260,CUDA thermostat,validé 0286,booléen/env truthy sauf mention contraire,false/off sauf activation par scripts validés,Consomme l’état particulaire partagé pour le thermostat fusionné.,Ne se place pas dans params.kv; à passer dans l’environnement du shell ou dans les scripts de validation/démo. 0291b: ce flag choisit seulement le backend/chemin CUDA; thermostatEnable=false dans params.kv désactive physiquement le thermostat même si ce flag vaut 1.,doc/GPU_PATCH_0260.md; doc/GPU_PATCH_0280B_CUDA_THERMOSTAT_IO_SEGMENTED_RUNNERFIX.md; doc/GPU_PATCH_0280_CUDA_THERMOSTAT_IO_SEGMENTED.md; scripts/run_cuda_classic_src_io_fullface_resident_0263.sh; scripts/run_cuda_classic_src_io_segmented_resident_0264.sh; scripts/run_cuda_classic_src_periodic_resident_0260.sh; ...; doc/GPU_PATCH_0291B_THERMOSTAT_ENABLE_GATE.md
MPCD_CUDA_PERSISTENT_SRC_THERMOSTAT_SHARED_0251_0260_STRICT,CUDA thermostat,validé 0286,booléen/env truthy sauf mention contraire,souvent true dans validateurs; dépend du module,Consomme l’état particulaire partagé pour le thermostat fusionné.,Ne se place pas dans params.kv; à passer dans l’environnement du shell ou dans les scripts de validation/démo.,scripts/run_cuda_classic_src_periodic_resident_0260.sh; scripts/run_cuda_persistent_src_thermostat_io_segmented_0280.sh; scripts/run_cuda_persistent_src_thermostat_io_segmented_0280b.sh; scripts/run_cuda_persistent_src_thermostat_io_segmented_0280c.sh; scripts/src_gpu_demo_common_0283.sh; src/src_collision.cpp
MPCD_CUDA_PERSISTENT_SRC_THERMOSTAT_USE,CUDA thermostat,validé 0286,booléen/env truthy sauf mention contraire,false/off sauf activation par scripts validés,Active le thermostat CUDA persistant/fusionné selon le chemin.,Ne se place pas dans params.kv; à passer dans l’environnement du shell ou dans les scripts de validation/démo. 0291b: ce flag choisit seulement le backend/chemin CUDA; thermostatEnable=false dans params.kv désactive physiquement le thermostat même si ce flag vaut 1.,doc/GPU_PATCH_0244.md; doc/GPU_PATCH_0278_CUDA_THERMOSTAT_PISTON.md; doc/GPU_PATCH_0280B_CUDA_THERMOSTAT_IO_SEGMENTED_RUNNERFIX.md; doc/GPU_PATCH_0280C_CUDA_THERMOSTAT_IO_RESIDENT_SUPPORT.md; scripts/run_cuda_boundary_cell_moments_0250.sh; scripts/run_cuda_boundary_stack_0248.sh; ...; doc/GPU_PATCH_0291B_THERMOSTAT_ENABLE_GATE.md
MPCD_CUDA_CLASSIC_SRC_IO_RESIDENT_0267_BOUNDARY_THREADS,Autres variables internes,réglage performance/interne,entier,256 le plus souvent,Nombre de threads CUDA par bloc pour le noyau associé.,Ne se place pas dans params.kv; à passer dans l’environnement du shell ou dans les scripts de validation/démo.,doc/GPU_PATCH_0267_IO_RESIDENT_BOUNDARY_PARALLEL.md; src/cuda_classic_src_io_resident_0263.cu
MPCD_CUDA_CLASSIC_SRC_RESIDENT_0271_ASYNC_STREAM,Autres variables internes,réglage performance/interne,booléen/env truthy sauf mention contraire,false/off sauf activation par scripts validés,Variable interne de contrôle du backend CUDA.,Ne se place pas dans params.kv; à passer dans l’environnement du shell ou dans les scripts de validation/démo.,doc/GPU_PATCH_0271_WALL_PERIODIC_FIXED_OVERHEAD.md; doc/GPU_PATCH_0274_FUSED_STREAM_DEPOSIT.md; scripts/run_cuda_classic_src_resident_perf_0271.sh; scripts/run_cuda_classic_src_resident_perf_0272.sh; scripts/run_cuda_classic_src_resident_perf_0273.sh; scripts/run_cuda_classic_src_resident_perf_0274.sh; ...
MPCD_CUDA_CLASSIC_SRC_RESIDENT_0271_DISABLE_ASYNC_STREAM,Autres variables internes,réglage performance/interne,booléen/env truthy sauf mention contraire,false/off,Variable interne de contrôle du backend CUDA.,Ne se place pas dans params.kv; à passer dans l’environnement du shell ou dans les scripts de validation/démo.,doc/GPU_PATCH_0271_WALL_PERIODIC_FIXED_OVERHEAD.md; src/cuda_streaming_periodic_0245.cu; src/cuda_streaming_wall_simple_0246.cu
MPCD_CUDA_PERSISTENT_THREADS_PER_BLOCK,Autres variables internes,réglage performance/interne,entier,256 le plus souvent,Nombre de threads CUDA par bloc pour le noyau associé.,Ne se place pas dans params.kv; à passer dans l’environnement du shell ou dans les scripts de validation/démo.,scripts/run_cuda_classic_src_io_fullface_resident_0263.sh; scripts/run_cuda_classic_src_io_segmented_resident_0264.sh; scripts/run_cuda_classic_src_mode_0259.sh; scripts/run_cuda_classic_src_periodic_resident_0260.sh; scripts/run_cuda_classic_src_solid_resident_0262.sh; scripts/run_cuda_classic_src_wall_resident_0261.sh; ...
MPCD_CUDA_CLASSIC_SRC_IO_RESIDENT_0268_DISABLE_POOL,CUDA SRC classic — inlet/outlet full-face,réglage performance/interne,booléen/env truthy sauf mention contraire,false/off,Variable interne de contrôle du backend CUDA.,Ne se place pas dans params.kv; à passer dans l’environnement du shell ou dans les scripts de validation/démo.,doc/GPU_PATCH_0268_IO_FULLFACE_RESERVOIR_POOL.md; doc/GPU_PATCH_0269A_IO_SEGMENTED_RESERVOIR_POOL.md; src/cuda_classic_src_io_resident_0263.cu
MPCD_CUDA_CLASSIC_SRC_IO_RESIDENT_0268_INSERT_THREADS,CUDA SRC classic — inlet/outlet full-face,réglage performance/interne,entier,256 le plus souvent,Nombre de threads CUDA par bloc pour le noyau associé.,Ne se place pas dans params.kv; à passer dans l’environnement du shell ou dans les scripts de validation/démo.,doc/GPU_PATCH_0268_IO_FULLFACE_RESERVOIR_POOL.md; src/cuda_classic_src_io_resident_0263.cu
MPCD_CUDA_CLASSIC_SRC_IO_RESIDENT_0268_POOL_THREADS,CUDA SRC classic — inlet/outlet full-face,réglage performance/interne,entier,256 le plus souvent,Nombre de threads CUDA par bloc pour le noyau associé.,Ne se place pas dans params.kv; à passer dans l’environnement du shell ou dans les scripts de validation/démo.,doc/GPU_PATCH_0268_IO_FULLFACE_RESERVOIR_POOL.md; src/cuda_classic_src_io_resident_0263.cu
MPCD_CUDA_INLET_OUTLET_FULLFACE_0249A_THREADS,CUDA SRC classic — inlet/outlet full-face,réglage performance/interne,entier,256 le plus souvent,Nombre de threads CUDA par bloc pour le noyau associé.,Ne se place pas dans params.kv; à passer dans l’environnement du shell ou dans les scripts de validation/démo.,scripts/run_cuda_boundary_cell_moments_0250.sh; scripts/run_cuda_classic_src_mode_0259.sh; scripts/run_cuda_inlet_outlet_fullface_0249a.sh; scripts/run_cuda_inlet_outlet_segmented_0249b.sh; scripts/run_cuda_persistent_cell_state_0251.sh; scripts/run_cuda_persistent_src_collision_min_download_0257.sh; ...
MPCD_CUDA_CLASSIC_SRC_IO_RESIDENT_0269_DISABLE_SEGMENTED_POOL,CUDA SRC classic — inlet/outlet segmenté,réglage performance/interne,booléen/env truthy sauf mention contraire,false/off,Variable interne de contrôle du backend CUDA.,Ne se place pas dans params.kv; à passer dans l’environnement du shell ou dans les scripts de validation/démo.,doc/GPU_PATCH_0269A_IO_SEGMENTED_RESERVOIR_POOL.md; src/cuda_classic_src_io_resident_0263.cu
MPCD_CUDA_CLASSIC_SRC_IO_RESIDENT_0269_POOL_THREADS,CUDA SRC classic — inlet/outlet segmenté,réglage performance/interne,entier,256 le plus souvent,Nombre de threads CUDA par bloc pour le noyau associé.,Ne se place pas dans params.kv; à passer dans l’environnement du shell ou dans les scripts de validation/démo.,src/cuda_classic_src_io_resident_0263.cu
MPCD_CUDA_CLASSIC_SRC_IO_RESIDENT_0269_SEGMENTED_INSERT_THREADS,CUDA SRC classic — inlet/outlet segmenté,réglage performance/interne,entier,256 le plus souvent,Nombre de threads CUDA par bloc pour le noyau associé.,Ne se place pas dans params.kv; à passer dans l’environnement du shell ou dans les scripts de validation/démo.,src/cuda_classic_src_io_resident_0263.cu
MPCD_CUDA_INLET_OUTLET_SEGMENTED_0249B_THREADS,CUDA SRC classic — inlet/outlet segmenté,réglage performance/interne,entier,256 le plus souvent,Nombre de threads CUDA par bloc pour le noyau associé.,Ne se place pas dans params.kv; à passer dans l’environnement du shell ou dans les scripts de validation/démo.,scripts/run_cuda_boundary_cell_moments_0250.sh; scripts/run_cuda_classic_src_mode_0259.sh; scripts/run_cuda_inlet_outlet_segmented_0249b.sh; scripts/run_cuda_persistent_cell_state_0251.sh; scripts/run_cuda_persistent_src_collision_min_download_0257.sh; scripts/run_cuda_persistent_src_collision_piston_0255.sh; ...
MPCD_CUDA_STREAMING_PISTON_0247B_DOWNLOAD_ALL,CUDA SRC classic — piston/mobile wall,réglage performance/interne,booléen/env truthy sauf mention contraire,false/off sauf activation par scripts validés,Variable interne de contrôle du backend CUDA.,Ne se place pas dans params.kv; à passer dans l’environnement du shell ou dans les scripts de validation/démo.,scripts/run_src_mpcd_cuda_primary_0275.sh
MPCD_CUDA_STREAMING_PISTON_0247B_THREADS,CUDA SRC classic — piston/mobile wall,réglage performance/interne,entier,256 le plus souvent,Nombre de threads CUDA par bloc pour le noyau associé.,Ne se place pas dans params.kv; à passer dans l’environnement du shell ou dans les scripts de validation/démo.,scripts/run_cuda_boundary_cell_moments_0250.sh; scripts/run_cuda_boundary_stack_0248.sh; scripts/run_cuda_classic_src_mode_0259.sh; scripts/run_cuda_inlet_outlet_fullface_0249a.sh; scripts/run_cuda_inlet_outlet_segmented_0249b.sh; scripts/run_cuda_persistent_cell_state_0251.sh; ...
MPCD_CUDA_STREAMING_PERIODIC_0245_DOWNLOAD_ALL,CUDA SRC classic — périodique,réglage performance/interne,booléen/env truthy sauf mention contraire,false/off sauf activation par scripts validés,Variable interne de contrôle du backend CUDA.,Ne se place pas dans params.kv; à passer dans l’environnement du shell ou dans les scripts de validation/démo.,doc/GPU_PATCH_0260.md; scripts/run_cuda_classic_src_periodic_resident_0260.sh; scripts/run_cuda_classic_src_solid_resident_0262.sh; scripts/run_cuda_classic_src_wall_resident_0261.sh; scripts/run_cuda_persistent_src_thermostat_circle_0284.sh; scripts/run_cuda_persistent_src_thermostat_circle_io_0285.sh; ...
MPCD_CUDA_STREAMING_PERIODIC_0245_THREADS,CUDA SRC classic — périodique,réglage performance/interne,entier,256 le plus souvent,Nombre de threads CUDA par bloc pour le noyau associé.,Ne se place pas dans params.kv; à passer dans l’environnement du shell ou dans les scripts de validation/démo.,doc/GPU_PATCH_0245.md; scripts/run_cuda_boundary_cell_moments_0250.sh; scripts/run_cuda_boundary_stack_0248.sh; scripts/run_cuda_classic_src_mode_0259.sh; scripts/run_cuda_classic_src_periodic_resident_0260.sh; scripts/run_cuda_inlet_outlet_fullface_0249a.sh; ...
MPCD_CUDA_CLASSIC_SRC_WALL_RESIDENT_0270_DISABLE_BOUNDARY_SKIP,CUDA SRC classic — wall-simple,réglage performance/interne,booléen/env truthy sauf mention contraire,false/off,Variable interne de contrôle du backend CUDA.,Ne se place pas dans params.kv; à passer dans l’environnement du shell ou dans les scripts de validation/démo.,doc/GPU_PATCH_0270_WALL_RESIDENT_BOUNDARY_SKIP.md; src/src_mpcd_base.cpp
MPCD_CUDA_CLASSIC_SRC_WALL_RESIDENT_0271_DISABLE_FAST_DIAGNOSTICS,CUDA SRC classic — wall-simple,réglage performance/interne,booléen/env truthy sauf mention contraire,false/off,Variable interne de contrôle du backend CUDA.,Ne se place pas dans params.kv; à passer dans l’environnement du shell ou dans les scripts de validation/démo.,doc/GPU_PATCH_0271_WALL_PERIODIC_FIXED_OVERHEAD.md; src/cuda_streaming_wall_simple_0246.cu
MPCD_CUDA_STREAMING_WALL_SIMPLE_0246_DOWNLOAD_ALL,CUDA SRC classic — wall-simple,réglage performance/interne,booléen/env truthy sauf mention contraire,false/off sauf activation par scripts validés,Variable interne de contrôle du backend CUDA.,Ne se place pas dans params.kv; à passer dans l’environnement du shell ou dans les scripts de validation/démo.,doc/GPU_PATCH_0261.md; scripts/run_cuda_classic_src_solid_resident_0262.sh; scripts/run_cuda_classic_src_wall_resident_0261.sh; scripts/run_cuda_persistent_src_thermostat_circle_0284.sh; scripts/run_cuda_persistent_src_thermostat_circle_io_0285.sh; scripts/run_cuda_persistent_src_thermostat_io_fullface_0279.sh; ...
MPCD_CUDA_STREAMING_WALL_SIMPLE_0246_THREADS,CUDA SRC classic — wall-simple,réglage performance/interne,entier,256 le plus souvent,Nombre de threads CUDA par bloc pour le noyau associé.,Ne se place pas dans params.kv; à passer dans l’environnement du shell ou dans les scripts de validation/démo.,scripts/run_cuda_boundary_cell_moments_0250.sh; scripts/run_cuda_boundary_stack_0248.sh; scripts/run_cuda_classic_src_mode_0259.sh; scripts/run_cuda_classic_src_solid_resident_0262.sh; scripts/run_cuda_classic_src_wall_resident_0261.sh; scripts/run_cuda_inlet_outlet_fullface_0249a.sh; ...
MPCD_CUDA_PERSISTENT_SRC_COLLISION_DISABLE_DEVICE_ROTATION_0272,CUDA collision SRC,réglage performance/interne,booléen/env truthy sauf mention contraire,false/off,Variable interne de contrôle du backend CUDA.,Ne se place pas dans params.kv; à passer dans l’environnement du shell ou dans les scripts de validation/démo.,doc/GPU_PATCH_0272_COLLISION_OVERHEAD.md; src/cuda_persistent_mpcd_step.cu
MPCD_CUDA_PERSISTENT_SRC_COLLISION_DISABLE_EXPLICIT_GAMMA_ROLE_FASTPATH_0273,CUDA collision SRC,réglage performance/interne,booléen/env truthy sauf mention contraire,false/off,Variable interne de contrôle du backend CUDA.,Ne se place pas dans params.kv; à passer dans l’environnement du shell ou dans les scripts de validation/démo.,doc/GPU_PATCH_0273_COLLISION_WRAPPER_OVERHEAD.md; scripts/run_cuda_classic_src_resident_perf_0273.sh; scripts/run_cuda_classic_src_resident_perf_0274.sh; src/src_collision.cpp
MPCD_CUDA_PERSISTENT_SRC_COLLISION_DISABLE_FUSED_STREAM_DEPOSIT_0274,CUDA collision SRC,réglage performance/interne,booléen/env truthy sauf mention contraire,false/off,Variable interne de contrôle du backend CUDA.,Ne se place pas dans params.kv; à passer dans l’environnement du shell ou dans les scripts de validation/démo.,doc/GPU_PATCH_0274_FUSED_STREAM_DEPOSIT.md; doc/GPU_PATCH_0275_CUDA_PRIMARY_BACKEND.md; scripts/run_cuda_classic_src_resident_perf_0274.sh; src/src_collision.cpp; src/src_mpcd_base.cpp
MPCD_CUDA_PERSISTENT_SRC_COLLISION_DISABLE_LAZY_KERNEL_CHECK_0273,CUDA collision SRC,réglage performance/interne,booléen/env truthy sauf mention contraire,false/off,Variable interne de contrôle du backend CUDA.,Ne se place pas dans params.kv; à passer dans l’environnement du shell ou dans les scripts de validation/démo.,doc/GPU_PATCH_0273_COLLISION_WRAPPER_OVERHEAD.md; src/cuda_persistent_mpcd_step.cu
MPCD_CUDA_PERSISTENT_SRC_COLLISION_DISABLE_SKIP_FINAL_SYNC_0272,CUDA collision SRC,réglage performance/interne,booléen/env truthy sauf mention contraire,false/off,Variable interne de contrôle du backend CUDA.,Ne se place pas dans params.kv; à passer dans l’environnement du shell ou dans les scripts de validation/démo.,doc/GPU_PATCH_0272_COLLISION_OVERHEAD.md; src/cuda_persistent_mpcd_step.cu
MPCD_CUDA_PERSISTENT_SRC_COLLISION_DISABLE_SKIP_SETUP_SYNC_0273,CUDA collision SRC,réglage performance/interne,booléen/env truthy sauf mention contraire,false/off,Variable interne de contrôle du backend CUDA.,Ne se place pas dans params.kv; à passer dans l’environnement du shell ou dans les scripts de validation/démo.,doc/GPU_PATCH_0273_COLLISION_WRAPPER_OVERHEAD.md; src/cuda_persistent_mpcd_step.cu
MPCD_CUDA_PERSISTENT_SRC_COLLISION_DISABLE_SKIP_WORKSPACE_DOWNLOAD_0272,CUDA collision SRC,réglage performance/interne,booléen/env truthy sauf mention contraire,false/off,Variable interne de contrôle du backend CUDA.,Ne se place pas dans params.kv; à passer dans l’environnement du shell ou dans les scripts de validation/démo.,doc/GPU_PATCH_0272_COLLISION_OVERHEAD.md; src/cuda_persistent_mpcd_step.cu
MPCD_CUDA_PERSISTENT_SRC_COLLISION_LAZY_KERNEL_CHECK_0273,CUDA collision SRC,réglage performance/interne,booléen/env truthy sauf mention contraire,false/off sauf activation par scripts validés,Variable interne de contrôle du backend CUDA.,Ne se place pas dans params.kv; à passer dans l’environnement du shell ou dans les scripts de validation/démo.,doc/GPU_PATCH_0273_COLLISION_WRAPPER_OVERHEAD.md; doc/GPU_PATCH_0274_FUSED_STREAM_DEPOSIT.md; scripts/run_cuda_classic_src_resident_perf_0273.sh; scripts/run_cuda_classic_src_resident_perf_0274.sh; scripts/run_src_mpcd_cuda_primary_0275.sh; scripts/src_gpu_demo_common_0283.sh; ...
MPCD_CUDA_PERSISTENT_SRC_COLLISION_MINIMAL_DOWNLOAD_0257,CUDA collision SRC,réglage performance/interne,booléen/env truthy sauf mention contraire,false/off sauf activation par scripts validés,Variable interne de contrôle du backend CUDA.,Ne se place pas dans params.kv; à passer dans l’environnement du shell ou dans les scripts de validation/démo.,doc/GPU_PATCH_0257.md; doc/GPU_PATCH_0261.md; scripts/run_cuda_classic_src_io_fullface_resident_0263.sh; scripts/run_cuda_classic_src_io_segmented_resident_0264.sh; scripts/run_cuda_classic_src_mode_0259.sh; scripts/run_cuda_classic_src_periodic_resident_0260.sh; ...
MPCD_CUDA_PERSISTENT_SRC_COLLISION_SKIP_FINAL_SYNC_0272,CUDA collision SRC,réglage performance/interne,booléen/env truthy sauf mention contraire,false/off sauf activation par scripts validés,Variable interne de contrôle du backend CUDA.,Ne se place pas dans params.kv; à passer dans l’environnement du shell ou dans les scripts de validation/démo.,doc/GPU_PATCH_0272_COLLISION_OVERHEAD.md; doc/GPU_PATCH_0274_FUSED_STREAM_DEPOSIT.md; scripts/run_cuda_classic_src_resident_perf_0272.sh; scripts/run_cuda_classic_src_resident_perf_0273.sh; scripts/run_cuda_classic_src_resident_perf_0274.sh; scripts/run_src_mpcd_cuda_primary_0275.sh; ...
MPCD_CUDA_PERSISTENT_SRC_COLLISION_SKIP_SETUP_SYNC_0273,CUDA collision SRC,réglage performance/interne,booléen/env truthy sauf mention contraire,false/off sauf activation par scripts validés,Variable interne de contrôle du backend CUDA.,Ne se place pas dans params.kv; à passer dans l’environnement du shell ou dans les scripts de validation/démo.,doc/GPU_PATCH_0273_COLLISION_WRAPPER_OVERHEAD.md; doc/GPU_PATCH_0274_FUSED_STREAM_DEPOSIT.md; scripts/run_cuda_classic_src_resident_perf_0273.sh; scripts/run_cuda_classic_src_resident_perf_0274.sh; scripts/run_src_mpcd_cuda_primary_0275.sh; scripts/src_gpu_demo_common_0283.sh; ...
MPCD_CUDA_PERSISTENT_SRC_COLLISION_SKIP_WORKSPACE_DOWNLOAD_0272,CUDA collision SRC,réglage performance/interne,booléen/env truthy sauf mention contraire,false/off sauf activation par scripts validés,Variable interne de contrôle du backend CUDA.,Ne se place pas dans params.kv; à passer dans l’environnement du shell ou dans les scripts de validation/démo.,doc/GPU_PATCH_0272B_COLLISION_CELLCOUNT_FIX.md; doc/GPU_PATCH_0272_COLLISION_OVERHEAD.md; doc/GPU_PATCH_0274_FUSED_STREAM_DEPOSIT.md; scripts/run_cuda_classic_src_resident_perf_0272.sh; scripts/run_cuda_classic_src_resident_perf_0273.sh; scripts/run_cuda_classic_src_resident_perf_0274.sh; ...
MPCD_CUDA_SRC_COLLISION_THREADS_PER_BLOCK,CUDA collision SRC,réglage performance/interne,entier,256 le plus souvent,Nombre de threads CUDA par bloc pour le noyau associé.,Ne se place pas dans params.kv; à passer dans l’environnement du shell ou dans les scripts de validation/démo.,scripts/run_cuda_src_collision_active_0211.sh; scripts/run_cuda_src_collision_shadow_0210.sh; src/src_collision.cpp
MPCD_CUDA_CELL_MOMENTS_ALL_FLUID_FASTPATH,CUDA moments/workspace cellule,réglage performance/interne,booléen/env truthy sauf mention contraire,false/off sauf activation par scripts validés,Variable interne de contrôle du backend CUDA.,Ne se place pas dans params.kv; à passer dans l’environnement du shell ou dans les scripts de validation/démo.,scripts/run_cuda_boundary_cell_moments_0250.sh; scripts/run_cuda_cell_moments_fastpath_0202.sh; scripts/run_cuda_persistent_cell_state_0251.sh; scripts/run_cuda_persistent_src_collision_0252.sh; scripts/run_cuda_persistent_src_collision_min_download_0257.sh; scripts/run_cuda_persistent_src_collision_piston_0255.sh; ...
MPCD_CUDA_CELL_MOMENTS_THREADS_PER_BLOCK,CUDA moments/workspace cellule,réglage performance/interne,entier,256 le plus souvent,Nombre de threads CUDA par bloc pour le noyau associé.,Ne se place pas dans params.kv; à passer dans l’environnement du shell ou dans les scripts de validation/démo.,scripts/run_cuda_boundary_cell_moments_0250.sh; scripts/run_cuda_persistent_cell_state_0251.sh; scripts/run_cuda_persistent_src_collision_0252.sh; scripts/run_cuda_persistent_src_collision_min_download_0257.sh; scripts/run_cuda_persistent_src_collision_piston_0255.sh; scripts/run_cuda_persistent_src_collision_solid_0254.sh; ...
MPCD_CUDA_CELL_MOMENTS_UNIFORM_MASS_FASTPATH,CUDA moments/workspace cellule,réglage performance/interne,booléen/env truthy sauf mention contraire,false/off sauf activation par scripts validés,Variable interne de contrôle du backend CUDA.,Ne se place pas dans params.kv; à passer dans l’environnement du shell ou dans les scripts de validation/démo.,scripts/run_cuda_boundary_cell_moments_0250.sh; scripts/run_cuda_cell_moments_fastpath_0202.sh; scripts/run_cuda_persistent_cell_state_0251.sh; scripts/run_cuda_persistent_src_collision_0252.sh; scripts/run_cuda_persistent_src_collision_min_download_0257.sh; scripts/run_cuda_persistent_src_collision_piston_0255.sh; ...
MPCD_CUDA_IMMERSED_RECTANGLE_0247_DOWNLOAD_ALL,CUDA solide immergé — rectangle,réglage performance/interne,booléen/env truthy sauf mention contraire,false/off sauf activation par scripts validés,Active/paramètre le support CUDA rectangle/step.,Ne se place pas dans params.kv; à passer dans l’environnement du shell ou dans les scripts de validation/démo.,doc/GPU_PATCH_0262.md; scripts/run_cuda_classic_src_io_fullface_resident_0263.sh; scripts/run_cuda_classic_src_io_segmented_resident_0264.sh; scripts/run_cuda_classic_src_solid_resident_0262.sh; scripts/run_cuda_persistent_src_thermostat_circle_0284.sh; scripts/run_cuda_persistent_src_thermostat_circle_io_0285.sh; ...
MPCD_CUDA_IMMERSED_RECTANGLE_0247_THREADS,CUDA solide immergé — rectangle,réglage performance/interne,entier,256 le plus souvent,Active/paramètre le support CUDA rectangle/step.,Ne se place pas dans params.kv; à passer dans l’environnement du shell ou dans les scripts de validation/démo.,doc/GPU_PATCH_0247A.md; scripts/run_cuda_boundary_cell_moments_0250.sh; scripts/run_cuda_boundary_stack_0248.sh; scripts/run_cuda_classic_src_io_fullface_resident_0263.sh; scripts/run_cuda_classic_src_io_segmented_resident_0264.sh; scripts/run_cuda_classic_src_mode_0259.sh; ...
MPCD_CUDA_THERMOSTAT_THREADS_PER_BLOCK,CUDA thermostat,réglage performance/interne,entier,256 le plus souvent,Nombre de threads CUDA par bloc pour le noyau associé.,Ne se place pas dans params.kv; à passer dans l’environnement du shell ou dans les scripts de validation/démo.,scripts/run_cuda_cell_thermostat_active_0207.sh; scripts/run_cuda_cell_thermostat_shadow_0206.sh; scripts/run_cuda_persistent_collision_q6_thermostat_ordered_0217.sh; scripts/run_cuda_tg_full_gpu_stack_0208.sh; src/thermostat.cpp
MPCD_CUDA_Q6_TIMING,CUDA Q6 — prototype/chantiers futurs,diagnostic/profilage,booléen/env truthy sauf mention contraire,false/off,Contrôle les prototypes CUDA Q6; Q6 CUDA reste un chantier séparé.,Ne se place pas dans params.kv; à passer dans l’environnement du shell ou dans les scripts de validation/démo.,scripts/run_cuda_persistent_cell_workspace_q6_0226.sh; scripts/run_cuda_persistent_collision_q6_thermostat_0216.sh; scripts/run_cuda_persistent_collision_q6_thermostat_ordered_0217.sh; scripts/run_cuda_q6_tg_batched_cg_0197.sh; scripts/run_cuda_q6_tg_batched_cg_0198.sh; scripts/run_cuda_q6_tg_device_scalar_0196.sh; ...
MPCD_Q6_PROFILE,CUDA Q6 — prototype/chantiers futurs,diagnostic/profilage,booléen/env truthy sauf mention contraire,false/off,Contrôle les prototypes CUDA Q6; Q6 CUDA reste un chantier séparé.,Ne se place pas dans params.kv; à passer dans l’environnement du shell ou dans les scripts de validation/démo.,src/q6_projection_adapter.cpp
MPCD_CUDA_RESIDENT_PROFILE_0268,CUDA SRC classic — inlet/outlet full-face,diagnostic/profilage,booléen/env truthy sauf mention contraire,false/off,Active des sorties de profiling/instrumentation.,Ne se place pas dans params.kv; à passer dans l’environnement du shell ou dans les scripts de validation/démo.,scripts/run_cuda_classic_src_resident_perf_0268.sh
MPCD_CUDA_RESIDENT_PROFILE_0269A,CUDA SRC classic — inlet/outlet segmenté,diagnostic/profilage,booléen/env truthy sauf mention contraire,false/off,Active des sorties de profiling/instrumentation.,Ne se place pas dans params.kv; à passer dans l’environnement du shell ou dans les scripts de validation/démo.,scripts/run_cuda_classic_src_resident_perf_0269a.sh
MPCD_CUDA_RESIDENT_PROFILE_0266,Profilage / instrumentation,diagnostic/profilage,booléen/env truthy sauf mention contraire,false/off,Active des sorties de profiling/instrumentation.,Ne se place pas dans params.kv; à passer dans l’environnement du shell ou dans les scripts de validation/démo.,doc/GPU_PATCH_0266_RESIDENT_PERFORMANCE_INSTRUMENTATION.md; scripts/run_cuda_classic_src_resident_perf_0266.sh; scripts/run_cuda_classic_src_resident_perf_0267.sh; scripts/run_cuda_classic_src_resident_perf_0268.sh; scripts/run_cuda_classic_src_resident_perf_0269a.sh; scripts/run_cuda_classic_src_resident_perf_0270.sh; ...
MPCD_CUDA_RESIDENT_PROFILE_0267,Profilage / instrumentation,diagnostic/profilage,booléen/env truthy sauf mention contraire,false/off,Active des sorties de profiling/instrumentation.,Ne se place pas dans params.kv; à passer dans l’environnement du shell ou dans les scripts de validation/démo.,scripts/run_cuda_classic_src_resident_perf_0267.sh
MPCD_CUDA_RESIDENT_PROFILE_0270,Profilage / instrumentation,diagnostic/profilage,booléen/env truthy sauf mention contraire,false/off,Active des sorties de profiling/instrumentation.,Ne se place pas dans params.kv; à passer dans l’environnement du shell ou dans les scripts de validation/démo.,scripts/run_cuda_classic_src_resident_perf_0270.sh
MPCD_CUDA_RESIDENT_PROFILE_0271,Profilage / instrumentation,diagnostic/profilage,booléen/env truthy sauf mention contraire,false/off,Active des sorties de profiling/instrumentation.,Ne se place pas dans params.kv; à passer dans l’environnement du shell ou dans les scripts de validation/démo.,scripts/run_cuda_classic_src_resident_perf_0271.sh; scripts/run_cuda_classic_src_resident_perf_0272.sh; scripts/run_cuda_classic_src_resident_perf_0273.sh; scripts/run_cuda_classic_src_resident_perf_0274.sh
MPCD_CUDA_RESIDENT_PROFILE_0272,Profilage / instrumentation,diagnostic/profilage,booléen/env truthy sauf mention contraire,false/off,Active des sorties de profiling/instrumentation.,Ne se place pas dans params.kv; à passer dans l’environnement du shell ou dans les scripts de validation/démo.,scripts/run_cuda_classic_src_resident_perf_0272.sh
MPCD_CUDA_RESIDENT_PROFILE_0273,Profilage / instrumentation,diagnostic/profilage,booléen/env truthy sauf mention contraire,false/off,Active des sorties de profiling/instrumentation.,Ne se place pas dans params.kv; à passer dans l’environnement du shell ou dans les scripts de validation/démo.,scripts/run_cuda_classic_src_resident_perf_0273.sh
MPCD_CUDA_RESIDENT_PROFILE_0274,Profilage / instrumentation,diagnostic/profilage,booléen/env truthy sauf mention contraire,false/off,Active des sorties de profiling/instrumentation.,Ne se place pas dans params.kv; à passer dans l’environnement du shell ou dans les scripts de validation/démo.,scripts/run_cuda_classic_src_resident_perf_0274.sh
MPCD_DEPOSIT_PROFILE,Profilage / instrumentation,diagnostic/profilage,booléen/env truthy sauf mention contraire,false/off,Active des sorties de profiling/instrumentation.,Ne se place pas dans params.kv; à passer dans l’environnement du shell ou dans les scripts de validation/démo.,src/weighted_resampling.cpp
MPCD_ELLIPTIC_PROFILE,Profilage / instrumentation,diagnostic/profilage,booléen/env truthy sauf mention contraire,false/off,Active des sorties de profiling/instrumentation.,Ne se place pas dans params.kv; à passer dans l’environnement du shell ou dans les scripts de validation/démo.,src/elliptic_projection.cpp
MPCD_INTERNAL_PROFILES,Profilage / instrumentation,diagnostic/profilage,booléen/env truthy sauf mention contraire,false/off,Active des sorties de profiling/instrumentation.,Ne se place pas dans params.kv; à passer dans l’environnement du shell ou dans les scripts de validation/démo.,doc/GPU_PATCH_0266_RESIDENT_PERFORMANCE_INSTRUMENTATION.md; scripts/audit_openmp_light_final_0182.py; scripts/run_cuda_classic_src_resident_perf_0266.sh; scripts/run_cuda_classic_src_resident_perf_0267.sh; scripts/run_cuda_classic_src_resident_perf_0268.sh; scripts/run_cuda_classic_src_resident_perf_0269a.sh; ...
MPCD_MASS_GUARD_PROFILE,Profilage / instrumentation,diagnostic/profilage,booléen/env truthy sauf mention contraire,false/off,Active des sorties de profiling/instrumentation.,Ne se place pas dans params.kv; à passer dans l’environnement du shell ou dans les scripts de validation/démo.,src/weighted_resampling.cpp
MPCD_POP_GUARD_PROFILE,Profilage / instrumentation,diagnostic/profilage,booléen/env truthy sauf mention contraire,false/off,Active des sorties de profiling/instrumentation.,Ne se place pas dans params.kv; à passer dans l’environnement du shell ou dans les scripts de validation/démo.,src/weighted_resampling.cpp
MPCD_PROFILE_PHASE,Profilage / instrumentation,diagnostic/profilage,booléen/env truthy sauf mention contraire,false/off,Active des sorties de profiling/instrumentation.,Ne se place pas dans params.kv; à passer dans l’environnement du shell ou dans les scripts de validation/démo.,src/src_mpcd_base.cpp
MPCD_CUDA_Q6_DEBUG_SYNC,CUDA Q6 — prototype/chantiers futurs,debug/comparaison,booléen/env truthy sauf mention contraire,false/off sauf activation par scripts validés,Contrôle les prototypes CUDA Q6; Q6 CUDA reste un chantier séparé.,Ne se place pas dans params.kv; à passer dans l’environnement du shell ou dans les scripts de validation/démo.,scripts/run_cuda_q6_tg_batched_cg_0197.sh; scripts/run_cuda_q6_tg_batched_cg_0198.sh; scripts/run_cuda_q6_tg_device_scalar_0196.sh; scripts/run_cuda_q6_tg_mean_removal_shortcut_0195.sh; scripts/run_cuda_q6_tg_reduction_0193.sh; scripts/run_cuda_q6_tg_reduction_modes_0194.sh; ...
MPCD_CUDA_Q6_LEGACY_HOST_SCALAR_CG,CUDA Q6 — prototype/chantiers futurs,debug/comparaison,booléen/env truthy sauf mention contraire,false/off sauf activation par scripts validés,Contrôle les prototypes CUDA Q6; Q6 CUDA reste un chantier séparé.,Ne se place pas dans params.kv; à passer dans l’environnement du shell ou dans les scripts de validation/démo.,scripts/run_cuda_persistent_cell_workspace_q6_0226.sh; scripts/run_cuda_persistent_collision_q6_thermostat_0216.sh; scripts/run_cuda_persistent_collision_q6_thermostat_ordered_0217.sh; scripts/run_cuda_q6_tg_batched_cg_0197.sh; scripts/run_cuda_q6_tg_batched_cg_0198.sh; scripts/run_cuda_q6_tg_device_scalar_0196.sh; ...
MPCD_CUDA_Q6_LEGACY_MEAN_REMOVAL_RESIDUAL_NORM,CUDA Q6 — prototype/chantiers futurs,debug/comparaison,booléen/env truthy sauf mention contraire,false/off sauf activation par scripts validés,Contrôle les prototypes CUDA Q6; Q6 CUDA reste un chantier séparé.,Ne se place pas dans params.kv; à passer dans l’environnement du shell ou dans les scripts de validation/démo.,scripts/run_cuda_persistent_cell_workspace_q6_0226.sh; scripts/run_cuda_persistent_collision_q6_thermostat_0216.sh; scripts/run_cuda_persistent_collision_q6_thermostat_ordered_0217.sh; scripts/run_cuda_q6_tg_batched_cg_0197.sh; scripts/run_cuda_q6_tg_batched_cg_0198.sh; scripts/run_cuda_q6_tg_device_scalar_0196.sh; ...
MPCD_CUDA_PERSISTENT_SRC_COLLISION_ACTIVE_STRICT,CUDA collision SRC,debug/comparaison,booléen/env truthy sauf mention contraire,souvent true dans validateurs; dépend du module,Active le mode strict: erreur si le chemin CUDA demandé ne s’applique pas.,Ne se place pas dans params.kv; à passer dans l’environnement du shell ou dans les scripts de validation/démo.,scripts/run_cuda_classic_src_io_fullface_resident_0263.sh; scripts/run_cuda_classic_src_io_segmented_resident_0264.sh; scripts/run_cuda_classic_src_mode_0259.sh; scripts/run_cuda_classic_src_periodic_resident_0260.sh; scripts/run_cuda_classic_src_solid_resident_0262.sh; scripts/run_cuda_classic_src_wall_resident_0261.sh; ...
MPCD_CUDA_PERSISTENT_SRC_COLLISION_SHARED_0251_STRICT,CUDA collision SRC,debug/comparaison,booléen/env truthy sauf mention contraire,souvent true dans validateurs; dépend du module,Active le mode strict: erreur si le chemin CUDA demandé ne s’applique pas.,Ne se place pas dans params.kv; à passer dans l’environnement du shell ou dans les scripts de validation/démo.,doc/GPU_PATCH_0252.md; scripts/run_cuda_classic_src_io_fullface_resident_0263.sh; scripts/run_cuda_classic_src_io_segmented_resident_0264.sh; scripts/run_cuda_classic_src_mode_0259.sh; scripts/run_cuda_classic_src_solid_resident_0262.sh; scripts/run_cuda_classic_src_wall_resident_0261.sh; ...
MPCD_CUDA_PERSISTENT_SRC_COLLISION_STRICT,CUDA collision SRC,debug/comparaison,booléen/env truthy sauf mention contraire,souvent true dans validateurs; dépend du module,Active le mode strict: erreur si le chemin CUDA demandé ne s’applique pas.,Ne se place pas dans params.kv; à passer dans l’environnement du shell ou dans les scripts de validation/démo.,scripts/run_cuda_classic_src_io_fullface_resident_0263.sh; scripts/run_cuda_classic_src_io_segmented_resident_0264.sh; scripts/run_cuda_classic_src_mode_0259.sh; scripts/run_cuda_classic_src_periodic_resident_0260.sh; scripts/run_cuda_classic_src_solid_resident_0262.sh; scripts/run_cuda_classic_src_wall_resident_0261.sh; ...
MPCD_CUDA_SRC_COLLISION_ACTIVE_STRICT,CUDA collision SRC,debug/comparaison,booléen/env truthy sauf mention contraire,souvent true dans validateurs; dépend du module,Active le mode strict: erreur si le chemin CUDA demandé ne s’applique pas.,Ne se place pas dans params.kv; à passer dans l’environnement du shell ou dans les scripts de validation/démo.,src/src_collision.cpp
MPCD_CUDA_SRC_COLLISION_SHADOW,CUDA collision SRC,debug/comparaison,booléen/env truthy sauf mention contraire,false/off sauf activation par scripts validés,Active comparaison shadow CUDA/CPU pour validation.,Ne se place pas dans params.kv; à passer dans l’environnement du shell ou dans les scripts de validation/démo.,scripts/run_cuda_persistent_collision_q6_thermostat_0216.sh; scripts/run_cuda_persistent_collision_q6_thermostat_ordered_0217.sh; scripts/run_cuda_src_collision_shadow_0210.sh; src/src_collision.cpp
MPCD_CUDA_SRC_COLLISION_SHADOW_EVERY,CUDA collision SRC,debug/comparaison,entier,false/off sauf activation par scripts validés,Active comparaison shadow CUDA/CPU pour validation.,Ne se place pas dans params.kv; à passer dans l’environnement du shell ou dans les scripts de validation/démo.,src/src_collision.cpp
MPCD_CUDA_SRC_COLLISION_SHADOW_STRICT,CUDA collision SRC,debug/comparaison,booléen/env truthy sauf mention contraire,souvent true dans validateurs; dépend du module,Active le mode strict: erreur si le chemin CUDA demandé ne s’applique pas.,Ne se place pas dans params.kv; à passer dans l’environnement du shell ou dans les scripts de validation/démo.,src/src_collision.cpp
MPCD_CUDA_SRC_COLLISION_SHADOW_TOL,CUDA collision SRC,debug/comparaison,double,false/off sauf activation par scripts validés,Active comparaison shadow CUDA/CPU pour validation.,Ne se place pas dans params.kv; à passer dans l’environnement du shell ou dans les scripts de validation/démo.,scripts/run_cuda_src_collision_shadow_0210.sh; src/src_collision.cpp
MPCD_CUDA_CELL_MOMENTS_SHADOW,CUDA moments/workspace cellule,debug/comparaison,booléen/env truthy sauf mention contraire,false/off sauf activation par scripts validés,Active comparaison shadow CUDA/CPU pour validation.,Ne se place pas dans params.kv; à passer dans l’environnement du shell ou dans les scripts de validation/démo.,scripts/run_cuda_boundary_cell_moments_0250.sh; scripts/run_cuda_cell_moments_active_0201.sh; scripts/run_cuda_cell_moments_fastpath_0202.sh; scripts/run_cuda_cell_moments_shadow_0200.sh; scripts/run_cuda_cell_thermostat_active_0207.sh; scripts/run_cuda_cell_thermostat_shadow_0206.sh; ...
MPCD_CUDA_CELL_MOMENTS_SHADOW_EVERY,CUDA moments/workspace cellule,debug/comparaison,entier,false/off sauf activation par scripts validés,Active comparaison shadow CUDA/CPU pour validation.,Ne se place pas dans params.kv; à passer dans l’environnement du shell ou dans les scripts de validation/démo.,scripts/run_cuda_cell_moments_shadow_0200.sh; src/src_collision.cpp
MPCD_CUDA_CELL_MOMENTS_SHADOW_STRICT,CUDA moments/workspace cellule,debug/comparaison,booléen/env truthy sauf mention contraire,souvent true dans validateurs; dépend du module,Active le mode strict: erreur si le chemin CUDA demandé ne s’applique pas.,Ne se place pas dans params.kv; à passer dans l’environnement du shell ou dans les scripts de validation/démo.,scripts/run_cuda_cell_moments_shadow_0200.sh; src/src_collision.cpp
MPCD_CUDA_CELL_MOMENTS_SHADOW_TOL,CUDA moments/workspace cellule,debug/comparaison,double,false/off sauf activation par scripts validés,Active comparaison shadow CUDA/CPU pour validation.,Ne se place pas dans params.kv; à passer dans l’environnement du shell ou dans les scripts de validation/démo.,scripts/run_cuda_cell_moments_shadow_0200.sh; src/src_collision.cpp
MPCD_CUDA_PERSISTENT_CELL_WORKSPACE_STRICT,CUDA moments/workspace cellule,debug/comparaison,booléen/env truthy sauf mention contraire,souvent true dans validateurs; dépend du module,Active le mode strict: erreur si le chemin CUDA demandé ne s’applique pas.,Ne se place pas dans params.kv; à passer dans l’environnement du shell ou dans les scripts de validation/démo.,src/src_collision.cpp
MPCD_CUDA_RESAMPLING_EXTRACTION_STRICT,CUDA resampling — prototype/préservé,debug/comparaison,booléen/env truthy sauf mention contraire,souvent true dans validateurs; dépend du module,Contrôle les prototypes CUDA de resampling; ne fait pas partie du SRC classic full CUDA 0286.,Ne se place pas dans params.kv; à passer dans l’environnement du shell ou dans les scripts de validation/démo.,scripts/run_cuda_noq6_persistent_resampling_0238.sh; scripts/run_cuda_resampling_extraction_insertion_active_0237.sh; src/weighted_resampling.cpp
MPCD_CUDA_RESAMPLING_INSERTION_STRICT,CUDA resampling — prototype/préservé,debug/comparaison,booléen/env truthy sauf mention contraire,souvent true dans validateurs; dépend du module,Contrôle les prototypes CUDA de resampling; ne fait pas partie du SRC classic full CUDA 0286.,Ne se place pas dans params.kv; à passer dans l’environnement du shell ou dans les scripts de validation/démo.,scripts/run_cuda_noq6_persistent_resampling_0238.sh; scripts/run_cuda_resampling_extraction_insertion_active_0237.sh; scripts/run_cuda_resampling_insertion_active_0236.sh; src/weighted_resampling.cpp
MPCD_CUDA_RESAMPLING_PERSISTENT_ACTIVE_PATH_0241_STRICT,CUDA resampling — prototype/préservé,debug/comparaison,booléen/env truthy sauf mention contraire,souvent true dans validateurs; dépend du module,Contrôle les prototypes CUDA de resampling; ne fait pas partie du SRC classic full CUDA 0286.,Ne se place pas dans params.kv; à passer dans l’environnement du shell ou dans les scripts de validation/démo.,doc/GPU_PATCH_0241.md; scripts/run_cuda_boundary_cell_moments_0250.sh; scripts/run_cuda_boundary_stack_0248.sh; scripts/run_cuda_classic_src_mode_0259.sh; scripts/run_cuda_immersed_rectangle_0247a.sh; scripts/run_cuda_inlet_outlet_fullface_0249a.sh; ...
MPCD_CUDA_RESAMPLING_PERSISTENT_ACTIVE_PATH_0242_HOST_SHADOW_AUTHORITATIVE,CUDA resampling — prototype/préservé,debug/comparaison,booléen/env truthy sauf mention contraire,false/off sauf activation par scripts validés,Contrôle les prototypes CUDA de resampling; ne fait pas partie du SRC classic full CUDA 0286.,Ne se place pas dans params.kv; à passer dans l’environnement du shell ou dans les scripts de validation/démo.,doc/GPU_PATCH_0242.md; doc/GPU_PATCH_0243.md; doc/GPU_PATCH_0244.md; scripts/run_cuda_boundary_cell_moments_0250.sh; scripts/run_cuda_boundary_stack_0248.sh; scripts/run_cuda_classic_src_mode_0259.sh; ...
MPCD_CUDA_RESAMPLING_PERSISTENT_ACTIVE_PATH_0243_STRICT_ROLES_ONLY,CUDA resampling — prototype/préservé,debug/comparaison,booléen/env truthy sauf mention contraire,souvent true dans validateurs; dépend du module,Contrôle les prototypes CUDA de resampling; ne fait pas partie du SRC classic full CUDA 0286.,Ne se place pas dans params.kv; à passer dans l’environnement du shell ou dans les scripts de validation/démo.,src/cuda_resampling_persistent_active_path_0240.cpp
MPCD_CUDA_RESAMPLING_SHADOW,CUDA resampling — prototype/préservé,debug/comparaison,booléen/env truthy sauf mention contraire,false/off sauf activation par scripts validés,Contrôle les prototypes CUDA de resampling; ne fait pas partie du SRC classic full CUDA 0286.,Ne se place pas dans params.kv; à passer dans l’environnement du shell ou dans les scripts de validation/démo.,scripts/run_cuda_resampling_shadow_0229.sh; scripts/run_cuda_resampling_shadow_0230.sh; scripts/run_cuda_resampling_shadow_0231.sh; scripts/run_cuda_resampling_transfer_shadow_0234.sh; scripts/run_cuda_resampling_transfer_shadow_0235.sh; src/weighted_resampling.cpp
MPCD_CUDA_RESAMPLING_SHADOW_COMPARE_PLAN,CUDA resampling — prototype/préservé,debug/comparaison,booléen/env truthy sauf mention contraire,false/off sauf activation par scripts validés,Contrôle les prototypes CUDA de resampling; ne fait pas partie du SRC classic full CUDA 0286.,Ne se place pas dans params.kv; à passer dans l’environnement du shell ou dans les scripts de validation/démo.,scripts/run_cuda_resampling_shadow_0231.sh; scripts/run_cuda_resampling_transfer_shadow_0234.sh; scripts/run_cuda_resampling_transfer_shadow_0235.sh; src/weighted_resampling.cpp
MPCD_CUDA_RESAMPLING_SHADOW_CSV,CUDA resampling — prototype/préservé,debug/comparaison,string,false/off sauf activation par scripts validés,Contrôle les prototypes CUDA de resampling; ne fait pas partie du SRC classic full CUDA 0286.,Ne se place pas dans params.kv; à passer dans l’environnement du shell ou dans les scripts de validation/démo.,scripts/run_cuda_resampling_shadow_0229.sh; scripts/run_cuda_resampling_shadow_0230.sh; scripts/run_cuda_resampling_shadow_0231.sh; scripts/run_cuda_resampling_transfer_shadow_0234.sh; scripts/run_cuda_resampling_transfer_shadow_0235.sh; src/weighted_resampling.cpp
MPCD_CUDA_RESAMPLING_SHADOW_STRICT,CUDA resampling — prototype/préservé,debug/comparaison,booléen/env truthy sauf mention contraire,souvent true dans validateurs; dépend du module,Contrôle les prototypes CUDA de resampling; ne fait pas partie du SRC classic full CUDA 0286.,Ne se place pas dans params.kv; à passer dans l’environnement du shell ou dans les scripts de validation/démo.,scripts/run_cuda_resampling_shadow_0229.sh; scripts/run_cuda_resampling_shadow_0230.sh; scripts/run_cuda_resampling_shadow_0231.sh; scripts/run_cuda_resampling_transfer_shadow_0234.sh; scripts/run_cuda_resampling_transfer_shadow_0235.sh; src/weighted_resampling.cpp
MPCD_CUDA_RESAMPLING_TRANSFER_SHADOW,CUDA resampling — prototype/préservé,debug/comparaison,booléen/env truthy sauf mention contraire,false/off sauf activation par scripts validés,Contrôle les prototypes CUDA de resampling; ne fait pas partie du SRC classic full CUDA 0286.,Ne se place pas dans params.kv; à passer dans l’environnement du shell ou dans les scripts de validation/démo.,scripts/run_cuda_resampling_transfer_shadow_0234.sh; scripts/run_cuda_resampling_transfer_shadow_0235.sh; src/weighted_resampling.cpp
MPCD_CUDA_RESAMPLING_TRANSFER_SHADOW_CSV,CUDA resampling — prototype/préservé,debug/comparaison,string,false/off sauf activation par scripts validés,Contrôle les prototypes CUDA de resampling; ne fait pas partie du SRC classic full CUDA 0286.,Ne se place pas dans params.kv; à passer dans l’environnement du shell ou dans les scripts de validation/démo.,scripts/run_cuda_resampling_transfer_shadow_0234.sh; scripts/run_cuda_resampling_transfer_shadow_0235.sh; src/weighted_resampling.cpp
MPCD_CUDA_RESAMPLING_TRANSFER_SHADOW_MAX_TRANSFERS,CUDA resampling — prototype/préservé,debug/comparaison,entier,false/off sauf activation par scripts validés,Contrôle les prototypes CUDA de resampling; ne fait pas partie du SRC classic full CUDA 0286.,Ne se place pas dans params.kv; à passer dans l’environnement du shell ou dans les scripts de validation/démo.,scripts/run_cuda_resampling_transfer_shadow_0234.sh; scripts/run_cuda_resampling_transfer_shadow_0235.sh; src/weighted_resampling.cpp
MPCD_CUDA_RESAMPLING_TRANSFER_SHADOW_STRICT,CUDA resampling — prototype/préservé,debug/comparaison,booléen/env truthy sauf mention contraire,souvent true dans validateurs; dépend du module,Contrôle les prototypes CUDA de resampling; ne fait pas partie du SRC classic full CUDA 0286.,Ne se place pas dans params.kv; à passer dans l’environnement du shell ou dans les scripts de validation/démo.,scripts/run_cuda_resampling_transfer_shadow_0234.sh; scripts/run_cuda_resampling_transfer_shadow_0235.sh; src/weighted_resampling.cpp
MPCD_CUDA_RESAMPLING_TRANSFER_SHADOW_UNIQUE_RECEIVER,CUDA resampling — prototype/préservé,debug/comparaison,booléen/env truthy sauf mention contraire,false/off sauf activation par scripts validés,Contrôle les prototypes CUDA de resampling; ne fait pas partie du SRC classic full CUDA 0286.,Ne se place pas dans params.kv; à passer dans l’environnement du shell ou dans les scripts de validation/démo.,scripts/run_cuda_resampling_transfer_shadow_0235.sh; src/weighted_resampling.cpp
MPCD_CUDA_PERSISTENT_SRC_THERMOSTAT_CONSUME_STRICT,CUDA thermostat,debug/comparaison,booléen/env truthy sauf mention contraire,souvent true dans validateurs; dépend du module,Active le mode strict: erreur si le chemin CUDA demandé ne s’applique pas.,Ne se place pas dans params.kv; à passer dans l’environnement du shell ou dans les scripts de validation/démo.,scripts/run_cuda_classic_src_mode_0259.sh; scripts/run_cuda_classic_src_periodic_resident_0260.sh; scripts/run_cuda_persistent_src_thermostat_circle_0284.sh; scripts/run_cuda_persistent_src_thermostat_circle_io_0285.sh; scripts/run_cuda_persistent_src_thermostat_io_fullface_0279.sh; scripts/run_cuda_persistent_src_thermostat_io_fullface_0279b.sh; ...
MPCD_CUDA_PERSISTENT_SRC_THERMOSTAT_STRICT,CUDA thermostat,debug/comparaison,booléen/env truthy sauf mention contraire,souvent true dans validateurs; dépend du module,Active le mode strict: erreur si le chemin CUDA demandé ne s’applique pas.,Ne se place pas dans params.kv; à passer dans l’environnement du shell ou dans les scripts de validation/démo.,scripts/run_cuda_classic_src_mode_0259.sh; scripts/run_cuda_classic_src_periodic_resident_0260.sh; scripts/run_cuda_persistent_src_thermostat_circle_0284.sh; scripts/run_cuda_persistent_src_thermostat_circle_io_0285.sh; scripts/run_cuda_persistent_src_thermostat_io_fullface_0279.sh; scripts/run_cuda_persistent_src_thermostat_io_fullface_0279b.sh; ...
MPCD_CUDA_THERMOSTAT_PERSISTENT_0258_STRICT,CUDA thermostat,debug/comparaison,booléen/env truthy sauf mention contraire,souvent true dans validateurs; dépend du module,Active le mode strict: erreur si le chemin CUDA demandé ne s’applique pas.,Ne se place pas dans params.kv; à passer dans l’environnement du shell ou dans les scripts de validation/démo.,scripts/run_cuda_classic_src_mode_0259.sh; scripts/run_cuda_persistent_src_collision_thermostat_0258.sh; scripts/run_cuda_persistent_src_thermostat_piston_0278.sh; src/thermostat.cpp
MPCD_CUDA_THERMOSTAT_SHADOW,CUDA thermostat,debug/comparaison,booléen/env truthy sauf mention contraire,false/off sauf activation par scripts validés,Active comparaison shadow CUDA/CPU pour validation.,Ne se place pas dans params.kv; à passer dans l’environnement du shell ou dans les scripts de validation/démo.,scripts/run_cuda_cell_thermostat_active_0207.sh; scripts/run_cuda_cell_thermostat_shadow_0206.sh; scripts/run_cuda_persistent_collision_q6_thermostat_0216.sh; scripts/run_cuda_persistent_collision_q6_thermostat_ordered_0217.sh; scripts/run_cuda_src_collision_shadow_0210.sh; scripts/run_cuda_tg_full_gpu_stack_0208.sh; ...
MPCD_CUDA_THERMOSTAT_SHADOW_DIAG_TOL,CUDA thermostat,debug/comparaison,double,false/off sauf activation par scripts validés,Active comparaison shadow CUDA/CPU pour validation.,Ne se place pas dans params.kv; à passer dans l’environnement du shell ou dans les scripts de validation/démo.,scripts/run_cuda_cell_thermostat_shadow_0206.sh; src/thermostat.cpp
MPCD_CUDA_THERMOSTAT_SHADOW_EVERY,CUDA thermostat,debug/comparaison,entier,false/off sauf activation par scripts validés,Active comparaison shadow CUDA/CPU pour validation.,Ne se place pas dans params.kv; à passer dans l’environnement du shell ou dans les scripts de validation/démo.,src/thermostat.cpp
MPCD_CUDA_THERMOSTAT_SHADOW_STRICT,CUDA thermostat,debug/comparaison,booléen/env truthy sauf mention contraire,souvent true dans validateurs; dépend du module,Active le mode strict: erreur si le chemin CUDA demandé ne s’applique pas.,Ne se place pas dans params.kv; à passer dans l’environnement du shell ou dans les scripts de validation/démo.,src/thermostat.cpp
MPCD_CUDA_THERMOSTAT_SHADOW_TOL,CUDA thermostat,debug/comparaison,double,false/off sauf activation par scripts validés,Active comparaison shadow CUDA/CPU pour validation.,Ne se place pas dans params.kv; à passer dans l’environnement du shell ou dans les scripts de validation/démo.,scripts/run_cuda_cell_thermostat_shadow_0206.sh; src/thermostat.cpp
MPCD_CUDA_PERSISTENT_PARTICLE_STATE_STRICT,CUDA état particulaire persistant,debug/comparaison,booléen/env truthy sauf mention contraire,souvent true dans validateurs; dépend du module,Active le mode strict: erreur si le chemin CUDA demandé ne s’applique pas.,Ne se place pas dans params.kv; à passer dans l’environnement du shell ou dans les scripts de validation/démo.,src/src_collision.cpp
MPCD_CUDA_Q6_DEVICE_SCALAR_BATCH,CUDA Q6 — prototype/chantiers futurs,"prototype/préservé, hors jalon SRC classic 0286",booléen/env truthy sauf mention contraire,false/off sauf activation par scripts validés,Contrôle les prototypes CUDA Q6; Q6 CUDA reste un chantier séparé.,Ne se place pas dans params.kv; à passer dans l’environnement du shell ou dans les scripts de validation/démo.,scripts/run_cuda_persistent_cell_workspace_q6_0226.sh; scripts/run_cuda_persistent_collision_q6_thermostat_0216.sh; scripts/run_cuda_persistent_collision_q6_thermostat_ordered_0217.sh; scripts/run_cuda_q6_tg_batched_cg_0197.sh; scripts/run_cuda_q6_tg_batched_cg_0198.sh; scripts/run_cuda_tg_combined_gpu_0203.sh; ...
MPCD_CUDA_Q6_DEVICE_SCALAR_CG,CUDA Q6 — prototype/chantiers futurs,"prototype/préservé, hors jalon SRC classic 0286",booléen/env truthy sauf mention contraire,false/off sauf activation par scripts validés,Contrôle les prototypes CUDA Q6; Q6 CUDA reste un chantier séparé.,Ne se place pas dans params.kv; à passer dans l’environnement du shell ou dans les scripts de validation/démo.,scripts/run_cuda_persistent_cell_workspace_q6_0226.sh; scripts/run_cuda_persistent_collision_q6_thermostat_0216.sh; scripts/run_cuda_persistent_collision_q6_thermostat_ordered_0217.sh; scripts/run_cuda_q6_tg_batched_cg_0197.sh; scripts/run_cuda_q6_tg_batched_cg_0198.sh; scripts/run_cuda_q6_tg_device_scalar_0196.sh; ...
MPCD_CUDA_Q6_DEVICE_SCALAR_REDUCTION,CUDA Q6 — prototype/chantiers futurs,"prototype/préservé, hors jalon SRC classic 0286",booléen/env truthy sauf mention contraire,false/off sauf activation par scripts validés,Contrôle les prototypes CUDA Q6; Q6 CUDA reste un chantier séparé.,Ne se place pas dans params.kv; à passer dans l’environnement du shell ou dans les scripts de validation/démo.,scripts/run_cuda_persistent_cell_workspace_q6_0226.sh; scripts/run_cuda_persistent_collision_q6_thermostat_0216.sh; scripts/run_cuda_persistent_collision_q6_thermostat_ordered_0217.sh; scripts/run_cuda_q6_tg_batched_cg_0197.sh; scripts/run_cuda_q6_tg_batched_cg_0198.sh; scripts/run_cuda_q6_tg_device_scalar_0196.sh; ...
MPCD_CUDA_Q6_DISABLE_PLAN_CACHE,CUDA Q6 — prototype/chantiers futurs,"prototype/préservé, hors jalon SRC classic 0286",booléen/env truthy sauf mention contraire,false/off,Contrôle les prototypes CUDA Q6; Q6 CUDA reste un chantier séparé.,Ne se place pas dans params.kv; à passer dans l’environnement du shell ou dans les scripts de validation/démo.,scripts/run_cuda_persistent_cell_workspace_q6_0226.sh; scripts/run_cuda_persistent_collision_q6_thermostat_0216.sh; scripts/run_cuda_persistent_collision_q6_thermostat_ordered_0217.sh; scripts/run_cuda_q6_tg_batched_cg_0197.sh; scripts/run_cuda_q6_tg_batched_cg_0198.sh; scripts/run_cuda_q6_tg_device_scalar_0196.sh; ...
MPCD_CUDA_Q6_HOST_BLOCK_SUM,CUDA Q6 — prototype/chantiers futurs,"prototype/préservé, hors jalon SRC classic 0286",booléen/env truthy sauf mention contraire,false/off sauf activation par scripts validés,Contrôle les prototypes CUDA Q6; Q6 CUDA reste un chantier séparé.,Ne se place pas dans params.kv; à passer dans l’environnement du shell ou dans les scripts de validation/démo.,scripts/run_cuda_persistent_cell_workspace_q6_0226.sh; scripts/run_cuda_persistent_collision_q6_thermostat_0216.sh; scripts/run_cuda_persistent_collision_q6_thermostat_ordered_0217.sh; scripts/run_cuda_q6_tg_batched_cg_0197.sh; scripts/run_cuda_q6_tg_batched_cg_0198.sh; scripts/run_cuda_q6_tg_device_scalar_0196.sh; ...
MPCD_CUDA_Q6_RESIDUAL_NORM_SHORTCUT,CUDA Q6 — prototype/chantiers futurs,"prototype/préservé, hors jalon SRC classic 0286",booléen/env truthy sauf mention contraire,false/off sauf activation par scripts validés,Contrôle les prototypes CUDA Q6; Q6 CUDA reste un chantier séparé.,Ne se place pas dans params.kv; à passer dans l’environnement du shell ou dans les scripts de validation/démo.,scripts/run_cuda_persistent_cell_workspace_q6_0226.sh; scripts/run_cuda_persistent_collision_q6_thermostat_0216.sh; scripts/run_cuda_persistent_collision_q6_thermostat_ordered_0217.sh; scripts/run_cuda_q6_tg_batched_cg_0197.sh; scripts/run_cuda_q6_tg_batched_cg_0198.sh; scripts/run_cuda_q6_tg_device_scalar_0196.sh; ...
MPCD_CUDA_RESAMPLING_EXTRACTION_USE,CUDA resampling — prototype/préservé,"prototype/préservé, hors jalon SRC classic 0286",booléen/env truthy sauf mention contraire,false/off sauf activation par scripts validés,Contrôle les prototypes CUDA de resampling; ne fait pas partie du SRC classic full CUDA 0286.,Ne se place pas dans params.kv; à passer dans l’environnement du shell ou dans les scripts de validation/démo.,scripts/run_cuda_boundary_cell_moments_0250.sh; scripts/run_cuda_boundary_stack_0248.sh; scripts/run_cuda_classic_src_mode_0259.sh; scripts/run_cuda_immersed_rectangle_0247a.sh; scripts/run_cuda_inlet_outlet_fullface_0249a.sh; scripts/run_cuda_inlet_outlet_segmented_0249b.sh; ...
MPCD_CUDA_RESAMPLING_INSERTION_USE,CUDA resampling — prototype/préservé,"prototype/préservé, hors jalon SRC classic 0286",booléen/env truthy sauf mention contraire,false/off sauf activation par scripts validés,Contrôle les prototypes CUDA de resampling; ne fait pas partie du SRC classic full CUDA 0286.,Ne se place pas dans params.kv; à passer dans l’environnement du shell ou dans les scripts de validation/démo.,scripts/run_cuda_boundary_cell_moments_0250.sh; scripts/run_cuda_boundary_stack_0248.sh; scripts/run_cuda_classic_src_mode_0259.sh; scripts/run_cuda_immersed_rectangle_0247a.sh; scripts/run_cuda_inlet_outlet_fullface_0249a.sh; scripts/run_cuda_inlet_outlet_segmented_0249b.sh; ...
MPCD_CUDA_RESAMPLING_PERSISTENT_0240,CUDA resampling — prototype/préservé,"prototype/préservé, hors jalon SRC classic 0286",booléen/env truthy sauf mention contraire,false/off sauf activation par scripts validés,Contrôle les prototypes CUDA de resampling; ne fait pas partie du SRC classic full CUDA 0286.,Ne se place pas dans params.kv; à passer dans l’environnement du shell ou dans les scripts de validation/démo.,doc/GPU_PATCH_0240.md; doc/GPU_PATCH_0241.md; doc/GPU_PATCH_0244.md; scripts/run_cuda_boundary_cell_moments_0250.sh; scripts/run_cuda_boundary_stack_0248.sh; scripts/run_cuda_classic_src_io_fullface_resident_0263.sh; ...
MPCD_CUDA_RESAMPLING_PERSISTENT_0240_MIN_PARTICLES,CUDA resampling — prototype/préservé,"prototype/préservé, hors jalon SRC classic 0286",entier,false/off sauf activation par scripts validés,Contrôle les prototypes CUDA de resampling; ne fait pas partie du SRC classic full CUDA 0286.,Ne se place pas dans params.kv; à passer dans l’environnement du shell ou dans les scripts de validation/démo.,doc/GPU_PATCH_0240.md; scripts/run_cuda_boundary_cell_moments_0250.sh; scripts/run_cuda_boundary_stack_0248.sh; scripts/run_cuda_classic_src_mode_0259.sh; scripts/run_cuda_immersed_rectangle_0247a.sh; scripts/run_cuda_inlet_outlet_fullface_0249a.sh; ...
MPCD_CUDA_RESAMPLING_PERSISTENT_ACTIVE_PATH_0242_DOWNLOAD_ALL,CUDA resampling — prototype/préservé,"prototype/préservé, hors jalon SRC classic 0286",booléen/env truthy sauf mention contraire,false/off sauf activation par scripts validés,Contrôle les prototypes CUDA de resampling; ne fait pas partie du SRC classic full CUDA 0286.,Ne se place pas dans params.kv; à passer dans l’environnement du shell ou dans les scripts de validation/démo.,doc/GPU_PATCH_0242.md; doc/GPU_PATCH_0243.md; doc/GPU_PATCH_0244.md; scripts/run_cuda_boundary_cell_moments_0250.sh; scripts/run_cuda_boundary_stack_0248.sh; scripts/run_cuda_classic_src_mode_0259.sh; ...
MPCD_CUDA_RESAMPLING_PERSISTENT_ACTIVE_PATH_0242_UPLOAD_MODE,CUDA resampling — prototype/préservé,"prototype/préservé, hors jalon SRC classic 0286",string,false/off sauf activation par scripts validés,Contrôle les prototypes CUDA de resampling; ne fait pas partie du SRC classic full CUDA 0286.,Ne se place pas dans params.kv; à passer dans l’environnement du shell ou dans les scripts de validation/démo.,doc/GPU_PATCH_0242.md; doc/GPU_PATCH_0243.md; doc/GPU_PATCH_0244.md; scripts/run_cuda_boundary_cell_moments_0250.sh; scripts/run_cuda_boundary_stack_0248.sh; scripts/run_cuda_classic_src_mode_0259.sh; ...
MPCD_CUDA_CLASSIC_SRC_IO_RESIDENT_0267_SERIAL_BOUNDARY,Autres variables internes,interne/runtime,booléen/env truthy sauf mention contraire,false/off sauf activation par scripts validés,Variable interne de contrôle du backend CUDA.,Ne se place pas dans params.kv; à passer dans l’environnement du shell ou dans les scripts de validation/démo.,doc/GPU_PATCH_0267_IO_RESIDENT_BOUNDARY_PARALLEL.md; doc/GPU_PATCH_0268_IO_FULLFACE_RESERVOIR_POOL.md; doc/GPU_PATCH_0269A_IO_SEGMENTED_RESERVOIR_POOL.md; src/cuda_classic_src_io_resident_0263.cu
MPCD_CUDA_PERSISTENT_PARTICLE_METADATA_CACHE,Autres variables internes,interne/runtime,booléen/env truthy sauf mention contraire,false/off sauf activation par scripts validés,Variable interne de contrôle du backend CUDA.,Ne se place pas dans params.kv; à passer dans l’environnement du shell ou dans les scripts de validation/démo.,scripts/run_cuda_boundary_cell_moments_0250.sh; scripts/run_cuda_boundary_stack_0248.sh; scripts/run_cuda_classic_src_io_fullface_resident_0263.sh; scripts/run_cuda_classic_src_io_segmented_resident_0264.sh; scripts/run_cuda_classic_src_mode_0259.sh; scripts/run_cuda_classic_src_periodic_resident_0260.sh; ...
MPCD_CUDA_PRIMARY_KEEP_TEMP,Backend principal,interne/runtime,booléen/env truthy sauf mention contraire,false/off sauf activation par scripts validés,Variable interne de contrôle du backend CUDA.,Ne se place pas dans params.kv; à passer dans l’environnement du shell ou dans les scripts de validation/démo.,doc/GPU_PATCH_0275_CUDA_PRIMARY_BACKEND.md; scripts/run_src_mpcd_cuda_primary_0275.sh
MPCD_CUDA_PRIMARY_VERBOSE,Backend principal,interne/runtime,booléen/env truthy sauf mention contraire,false/off sauf activation par scripts validés,Variable interne de contrôle du backend CUDA.,Ne se place pas dans params.kv; à passer dans l’environnement du shell ou dans les scripts de validation/démo.,doc/GPU_PATCH_0275_CUDA_PRIMARY_BACKEND.md; scripts/run_src_mpcd_cuda_primary_0275.sh
MPCD_CUDA_INLET_OUTLET_FULLFACE_0249A,CUDA SRC classic — inlet/outlet full-face,interne/runtime,booléen/env truthy sauf mention contraire,false/off sauf activation par scripts validés,Variable interne de contrôle du backend CUDA.,Ne se place pas dans params.kv; à passer dans l’environnement du shell ou dans les scripts de validation/démo.,doc/GPU_PATCH_0249A.md; scripts/run_cuda_boundary_cell_moments_0250.sh; scripts/run_cuda_classic_src_io_fullface_resident_0263.sh; scripts/run_cuda_classic_src_io_segmented_resident_0264.sh; scripts/run_cuda_classic_src_mode_0259.sh; scripts/run_cuda_classic_src_periodic_resident_0260.sh; ...
MPCD_CUDA_INLET_OUTLET_SEGMENTED_0249B,CUDA SRC classic — inlet/outlet segmenté,interne/runtime,booléen/env truthy sauf mention contraire,false/off sauf activation par scripts validés,Variable interne de contrôle du backend CUDA.,Ne se place pas dans params.kv; à passer dans l’environnement du shell ou dans les scripts de validation/démo.,scripts/run_cuda_boundary_cell_moments_0250.sh; scripts/run_cuda_classic_src_io_fullface_resident_0263.sh; scripts/run_cuda_classic_src_io_segmented_resident_0264.sh; scripts/run_cuda_classic_src_mode_0259.sh; scripts/run_cuda_classic_src_periodic_resident_0260.sh; scripts/run_cuda_classic_src_solid_resident_0262.sh; ...
MPCD_CUDA_PERSISTENT_SRC_COLLISION_PISTON_0255,CUDA SRC classic — piston/mobile wall,interne/runtime,booléen/env truthy sauf mention contraire,false/off sauf activation par scripts validés,Variable interne de contrôle du backend CUDA.,Ne se place pas dans params.kv; à passer dans l’environnement du shell ou dans les scripts de validation/démo.,doc/GPU_PATCH_0255.md; scripts/run_cuda_classic_src_mode_0259.sh; scripts/run_cuda_persistent_src_collision_min_download_0257.sh; scripts/run_cuda_persistent_src_collision_piston_0255.sh; scripts/run_cuda_persistent_src_collision_stack_0256.sh; scripts/run_cuda_persistent_src_collision_thermostat_0258.sh; ...
MPCD_CUDA_STREAMING_PISTON_0247B,CUDA SRC classic — piston/mobile wall,interne/runtime,booléen/env truthy sauf mention contraire,false/off sauf activation par scripts validés,Variable interne de contrôle du backend CUDA.,Ne se place pas dans params.kv; à passer dans l’environnement du shell ou dans les scripts de validation/démo.,doc/GPU_PATCH_0247B.md; scripts/run_cuda_boundary_cell_moments_0250.sh; scripts/run_cuda_boundary_stack_0248.sh; scripts/run_cuda_classic_src_io_fullface_resident_0263.sh; scripts/run_cuda_classic_src_io_segmented_resident_0264.sh; scripts/run_cuda_classic_src_mode_0259.sh; ...
MPCD_CUDA_STREAMING_PERIODIC_0245,CUDA SRC classic — périodique,interne/runtime,booléen/env truthy sauf mention contraire,false/off sauf activation par scripts validés,Variable interne de contrôle du backend CUDA.,Ne se place pas dans params.kv; à passer dans l’environnement du shell ou dans les scripts de validation/démo.,doc/GPU_PATCH_0245.md; scripts/run_cuda_boundary_cell_moments_0250.sh; scripts/run_cuda_boundary_stack_0248.sh; scripts/run_cuda_classic_src_io_fullface_resident_0263.sh; scripts/run_cuda_classic_src_io_segmented_resident_0264.sh; scripts/run_cuda_classic_src_mode_0259.sh; ...
MPCD_CUDA_CLASSIC_SRC_WALL_RESIDENT_0271_FAST_DIAGNOSTICS,CUDA SRC classic — wall-simple,interne/runtime,booléen/env truthy sauf mention contraire,false/off sauf activation par scripts validés,Variable interne de contrôle du backend CUDA.,Ne se place pas dans params.kv; à passer dans l’environnement du shell ou dans les scripts de validation/démo.,doc/GPU_PATCH_0271_WALL_PERIODIC_FIXED_OVERHEAD.md; doc/GPU_PATCH_0274_FUSED_STREAM_DEPOSIT.md; scripts/run_cuda_classic_src_resident_perf_0271.sh; scripts/run_cuda_classic_src_resident_perf_0272.sh; scripts/run_cuda_classic_src_resident_perf_0273.sh; scripts/run_cuda_classic_src_resident_perf_0274.sh; ...
MPCD_CUDA_STREAMING_WALL_SIMPLE_0246,CUDA SRC classic — wall-simple,interne/runtime,booléen/env truthy sauf mention contraire,false/off sauf activation par scripts validés,Variable interne de contrôle du backend CUDA.,Ne se place pas dans params.kv; à passer dans l’environnement du shell ou dans les scripts de validation/démo.,doc/GPU_PATCH_0246.md; scripts/run_cuda_boundary_cell_moments_0250.sh; scripts/run_cuda_boundary_stack_0248.sh; scripts/run_cuda_classic_src_io_fullface_resident_0263.sh; scripts/run_cuda_classic_src_io_segmented_resident_0264.sh; scripts/run_cuda_classic_src_mode_0259.sh; ...
MPCD_CUDA_PERSISTENT_SRC_COLLISION_DEVICE_ROTATION_0272,CUDA collision SRC,interne/runtime,booléen/env truthy sauf mention contraire,false/off sauf activation par scripts validés,Variable interne de contrôle du backend CUDA.,Ne se place pas dans params.kv; à passer dans l’environnement du shell ou dans les scripts de validation/démo.,doc/GPU_PATCH_0272_COLLISION_OVERHEAD.md; doc/GPU_PATCH_0274_FUSED_STREAM_DEPOSIT.md; scripts/run_cuda_classic_src_resident_perf_0272.sh; scripts/run_cuda_classic_src_resident_perf_0273.sh; scripts/run_cuda_classic_src_resident_perf_0274.sh; scripts/run_src_mpcd_cuda_primary_0275.sh; ...
MPCD_CUDA_PERSISTENT_SRC_COLLISION_FUSED_STREAM_DEPOSIT_0274,CUDA collision SRC,interne/runtime,booléen/env truthy sauf mention contraire,false/off sauf activation par scripts validés,Variable interne de contrôle du backend CUDA.,Ne se place pas dans params.kv; à passer dans l’environnement du shell ou dans les scripts de validation/démo.,doc/GPU_PATCH_0274_FUSED_STREAM_DEPOSIT.md; scripts/run_cuda_classic_src_resident_perf_0274.sh; scripts/run_src_mpcd_cuda_primary_0275.sh; scripts/src_gpu_demo_common_0283.sh; src/src_collision.cpp; src/src_mpcd_base.cpp
MPCD_CUDA_PERSISTENT_SRC_COLLISION_SHARED_0251,CUDA collision SRC,interne/runtime,booléen/env truthy sauf mention contraire,false/off sauf activation par scripts validés,Variable interne de contrôle du backend CUDA.,Ne se place pas dans params.kv; à passer dans l’environnement du shell ou dans les scripts de validation/démo.,doc/GPU_PATCH_0252.md; doc/GPU_PATCH_0261.md; doc/GPU_PATCH_0280B_CUDA_THERMOSTAT_IO_SEGMENTED_RUNNERFIX.md; scripts/run_cuda_classic_src_io_fullface_resident_0263.sh; scripts/run_cuda_classic_src_io_segmented_resident_0264.sh; scripts/run_cuda_classic_src_mode_0259.sh; ...
MPCD_CUDA_PERSISTENT_SRC_COLLISION_USE,CUDA collision SRC,interne/runtime,booléen/env truthy sauf mention contraire,false/off sauf activation par scripts validés,Variable interne de contrôle du backend CUDA.,Ne se place pas dans params.kv; à passer dans l’environnement du shell ou dans les scripts de validation/démo.,doc/GPU_PATCH_0244.md; doc/GPU_PATCH_0252.md; doc/GPU_PATCH_0280B_CUDA_THERMOSTAT_IO_SEGMENTED_RUNNERFIX.md; scripts/run_cuda_boundary_cell_moments_0250.sh; scripts/run_cuda_boundary_stack_0248.sh; scripts/run_cuda_classic_src_io_fullface_resident_0263.sh; ...
MPCD_CUDA_PERSISTENT_SRC_COLLISION_WALL_SIMPLE_0253,CUDA collision SRC,interne/runtime,booléen/env truthy sauf mention contraire,false/off sauf activation par scripts validés,Variable interne de contrôle du backend CUDA.,Ne se place pas dans params.kv; à passer dans l’environnement du shell ou dans les scripts de validation/démo.,doc/GPU_PATCH_0253.md; doc/GPU_PATCH_0280B_CUDA_THERMOSTAT_IO_SEGMENTED_RUNNERFIX.md; scripts/run_cuda_classic_src_io_fullface_resident_0263.sh; scripts/run_cuda_classic_src_io_segmented_resident_0264.sh; scripts/run_cuda_classic_src_mode_0259.sh; scripts/run_cuda_classic_src_solid_resident_0262.sh; ...
MPCD_CUDA_SRC_COLLISION_USE,CUDA collision SRC,interne/runtime,booléen/env truthy sauf mention contraire,false/off sauf activation par scripts validés,Variable interne de contrôle du backend CUDA.,Ne se place pas dans params.kv; à passer dans l’environnement du shell ou dans les scripts de validation/démo.,doc/GPU_PATCH_0244.md; scripts/run_cuda_boundary_cell_moments_0250.sh; scripts/run_cuda_boundary_stack_0248.sh; scripts/run_cuda_classic_src_io_fullface_resident_0263.sh; scripts/run_cuda_classic_src_io_segmented_resident_0264.sh; scripts/run_cuda_classic_src_mode_0259.sh; ...
MPCD_CUDA_CELL_MOMENTS_PERSISTENT_STATE_0251,CUDA moments/workspace cellule,interne/runtime,booléen/env truthy sauf mention contraire,false/off sauf activation par scripts validés,Variable interne de contrôle du backend CUDA.,Ne se place pas dans params.kv; à passer dans l’environnement du shell ou dans les scripts de validation/démo.,doc/GPU_PATCH_0251.md; scripts/run_cuda_classic_src_mode_0259.sh; scripts/run_cuda_persistent_cell_state_0251.sh; scripts/run_cuda_persistent_src_collision_0252.sh; scripts/run_cuda_persistent_src_collision_min_download_0257.sh; scripts/run_cuda_persistent_src_collision_piston_0255.sh; ...
MPCD_CUDA_CELL_MOMENTS_REUSE_BUFFERS,CUDA moments/workspace cellule,interne/runtime,booléen/env truthy sauf mention contraire,false/off sauf activation par scripts validés,Variable interne de contrôle du backend CUDA.,Ne se place pas dans params.kv; à passer dans l’environnement du shell ou dans les scripts de validation/démo.,scripts/run_cuda_boundary_cell_moments_0250.sh; scripts/run_cuda_cell_moments_fastpath_0202.sh; scripts/run_cuda_persistent_cell_state_0251.sh; scripts/run_cuda_persistent_src_collision_0252.sh; scripts/run_cuda_persistent_src_collision_min_download_0257.sh; scripts/run_cuda_persistent_src_collision_piston_0255.sh; ...
MPCD_CUDA_CELL_MOMENTS_USE,CUDA moments/workspace cellule,interne/runtime,booléen/env truthy sauf mention contraire,false/off sauf activation par scripts validés,Variable interne de contrôle du backend CUDA.,Ne se place pas dans params.kv; à passer dans l’environnement du shell ou dans les scripts de validation/démo.,doc/GPU_PATCH_0244.md; doc/GPU_PATCH_0250.md; doc/GPU_PATCH_0251.md; scripts/build_src_mpcd_cuda_0201.sh; scripts/build_src_mpcd_cuda_0202.sh; scripts/build_src_mpcd_cuda_0250.sh; ...
MPCD_CUDA_PERSISTENT_CELL_WORKSPACE_USE,CUDA moments/workspace cellule,interne/runtime,booléen/env truthy sauf mention contraire,false/off sauf activation par scripts validés,Variable interne de contrôle du backend CUDA.,Ne se place pas dans params.kv; à passer dans l’environnement du shell ou dans les scripts de validation/démo.,doc/GPU_PATCH_0244.md; scripts/run_cuda_boundary_cell_moments_0250.sh; scripts/run_cuda_boundary_stack_0248.sh; scripts/run_cuda_classic_src_io_fullface_resident_0263.sh; scripts/run_cuda_classic_src_io_segmented_resident_0264.sh; scripts/run_cuda_classic_src_mode_0259.sh; ...
MPCD_CUDA_IMMERSED_RECTANGLE_0247,CUDA solide immergé — rectangle,interne/runtime,booléen/env truthy sauf mention contraire,false/off sauf activation par scripts validés,Active/paramètre le support CUDA rectangle/step.,Ne se place pas dans params.kv; à passer dans l’environnement du shell ou dans les scripts de validation/démo.,doc/GPU_PATCH_0247A.md; scripts/run_cuda_boundary_cell_moments_0250.sh; scripts/run_cuda_boundary_stack_0248.sh; scripts/run_cuda_classic_src_io_fullface_resident_0263.sh; scripts/run_cuda_classic_src_io_segmented_resident_0264.sh; scripts/run_cuda_classic_src_mode_0259.sh; ...
MPCD_CUDA_PERSISTENT_SRC_COLLISION_IMMERSED_RECT_0254,CUDA solide immergé — rectangle,interne/runtime,booléen/env truthy sauf mention contraire,false/off sauf activation par scripts validés,Active/paramètre le support CUDA rectangle/step.,Ne se place pas dans params.kv; à passer dans l’environnement du shell ou dans les scripts de validation/démo.,doc/GPU_PATCH_0254.md; scripts/run_cuda_classic_src_io_fullface_resident_0263.sh; scripts/run_cuda_classic_src_io_segmented_resident_0264.sh; scripts/run_cuda_classic_src_mode_0259.sh; scripts/run_cuda_classic_src_solid_resident_0262.sh; scripts/run_cuda_persistent_src_collision_min_download_0257.sh; ...
MPCD_CUDA_THERMOSTAT_PERSISTENT_0258,CUDA thermostat,interne/runtime,booléen/env truthy sauf mention contraire,false/off sauf activation par scripts validés,Variable interne de contrôle du backend CUDA.,Ne se place pas dans params.kv; à passer dans l’environnement du shell ou dans les scripts de validation/démo.,doc/GPU_PATCH_0258.md; scripts/run_cuda_classic_src_io_fullface_resident_0263.sh; scripts/run_cuda_classic_src_io_segmented_resident_0264.sh; scripts/run_cuda_classic_src_mode_0259.sh; scripts/run_cuda_classic_src_periodic_resident_0260.sh; scripts/run_cuda_classic_src_solid_resident_0262.sh; ...
MPCD_CUDA_THERMOSTAT_PERSISTENT_0258_METADATA_CACHE,CUDA thermostat,interne/runtime,booléen/env truthy sauf mention contraire,false/off sauf activation par scripts validés,Variable interne de contrôle du backend CUDA.,Ne se place pas dans params.kv; à passer dans l’environnement du shell ou dans les scripts de validation/démo.,scripts/run_cuda_classic_src_mode_0259.sh; scripts/run_cuda_persistent_src_collision_thermostat_0258.sh; scripts/run_cuda_persistent_src_thermostat_piston_0278.sh; src/thermostat.cpp
MPCD_CUDA_THERMOSTAT_USE,CUDA thermostat,interne/runtime,booléen/env truthy sauf mention contraire,false/off sauf activation par scripts validés,Variable interne de contrôle du backend CUDA.,Ne se place pas dans params.kv; à passer dans l’environnement du shell ou dans les scripts de validation/démo.,doc/GPU_PATCH_0244.md; doc/GPU_PATCH_0258.md; scripts/run_cuda_boundary_cell_moments_0250.sh; scripts/run_cuda_boundary_stack_0248.sh; scripts/run_cuda_cell_thermostat_active_0207.sh; scripts/run_cuda_classic_src_io_fullface_resident_0263.sh; ...
MPCD_CUDA_PERSISTENT_PARTICLE_STATE_USE,CUDA état particulaire persistant,interne/runtime,booléen/env truthy sauf mention contraire,false/off sauf activation par scripts validés,Variable interne de contrôle du backend CUDA.,Ne se place pas dans params.kv; à passer dans l’environnement du shell ou dans les scripts de validation/démo.,doc/GPU_PATCH_0244.md; scripts/run_cuda_boundary_cell_moments_0250.sh; scripts/run_cuda_boundary_stack_0248.sh; scripts/run_cuda_classic_src_io_fullface_resident_0263.sh; scripts/run_cuda_classic_src_io_segmented_resident_0264.sh; scripts/run_cuda_classic_src_mode_0259.sh; ...
OUTLET_MODE,Scripts démo 0283/0291 — inlet/outlet,contrôle utilisateur script,string,neumann dans scripts mis à jour,Écrit openBoundaryOutletMode dans params.kv pour les démos inlet/outlet.,"Valeurs utiles: neumann, equilibrium_flux, forced_flux. Paramètre script, pas lu directement par le noyau C++ si absent du .kv.",scripts/run_demo_src_classic_cuda_box_same_face_io_0283.sh; doc/GPU_PATCH_0291_EXPLICIT_OUTLET_REGIMES.md
OUTLET_FORCED_MASS_FLUX,Scripts démo 0283/0291 — inlet/outlet,contrôle utilisateur script,double,0.0,Écrit openBoundaryOutletForcedMassFlux dans params.kv.,Utilisé avec OUTLET_MODE=forced_flux; extraction découplée de l’inlet.,scripts/run_demo_src_classic_cuda_box_same_face_io_0283.sh; doc/GPU_PATCH_0291_EXPLICIT_OUTLET_REGIMES.md
OUTLET_FORCED_MASS_PER_STEP,Scripts démo 0283/0291 — inlet/outlet,contrôle utilisateur script,double,0.0,Écrit openBoundaryOutletForcedMassPerStep dans params.kv.,Prioritaire sur le flux massique par temps si positif; les paramètres particulaires restent prioritaires sur la masse.,scripts/run_demo_src_classic_cuda_box_same_face_io_0283.sh; doc/GPU_PATCH_0291_EXPLICIT_OUTLET_REGIMES.md
OUTLET_FORCED_PARTICLE_FLUX,Scripts démo 0283/0291 — inlet/outlet,contrôle utilisateur script,double,0.0,Écrit openBoundaryOutletForcedParticleFlux dans params.kv.,Utilisé avec OUTLET_MODE=forced_flux; les flux particulaires sont prioritaires sur les flux massiques.,scripts/run_demo_src_classic_cuda_box_same_face_io_0283.sh; doc/GPU_PATCH_0291_EXPLICIT_OUTLET_REGIMES.md
OUTLET_FORCED_PARTICLES_PER_STEP,Scripts démo 0283/0291 — inlet/outlet,contrôle utilisateur script,entier,0,Écrit openBoundaryOutletForcedParticlesPerStep dans params.kv.,Paramètre simple pour régler une extraction forcée indépendante de l’inlet.,scripts/run_demo_src_classic_cuda_box_same_face_io_0283.sh; doc/GPU_PATCH_0291_EXPLICIT_OUTLET_REGIMES.md
OUTLET_FORCED_LAYER_CELLS,Scripts démo 0283/0291 — inlet/outlet,contrôle utilisateur script,entier,3 dans la démo boîte; défaut noyau 1,Écrit openBoundaryOutletForcedLayerCells dans params.kv.,Épaisseur de la couche outlet utilisée pour forced_flux/equilibrium_flux.,scripts/run_demo_src_classic_cuda_box_same_face_io_0283.sh; doc/GPU_PATCH_0291_EXPLICIT_OUTLET_REGIMES.md
THERMOSTAT_ENABLE,Scripts démo 0283/0291b — thermostat,contrôle utilisateur script,booléen/env truthy,1 dans les démos CUDA isothermes; 0 désactive,Écrit thermostatEnable dans params.kv et active/désactive les flags CUDA thermostat cohérents.,0291b: thermostatEnable devient le commutateur physique unique CPU/GPU; utile pour distinguer aspiration isotherme et libre/adiabatique.,scripts/src_gpu_demo_common_0283.sh; scripts/run_demo_src_classic_cuda_box_same_face_io_0283.sh; doc/GPU_PATCH_0291B_THERMOSTAT_ENABLE_GATE.md
MPCD_CUDA_RESAMPLING_SUPPORT_SURVEY_0295,CUDA resampling post-SRC — survey et guard,ajout 0295-0303,booléen/env truthy,false/off sauf scripts 0295+,Active le survey CUDA post-SRC non-mutant du support particulaire.,Écrit cuda_resampling_support_survey_0295.csv; ne modifie pas l’état.,doc/GPU_RESAMPLING_CUDA_0295..0303; scripts/run_cuda_resampling_*; src/cuda_resampling_*
MPCD_CUDA_RESAMPLING_SUPPORT_SURVEY_0295_EVERY,CUDA resampling post-SRC — survey et guard,ajout 0295-0303,entier,10 ou cadence script,Cadence du survey 0295.,0 ou absent désactive selon script; utilisé après SRC sur grille physique.,doc/GPU_RESAMPLING_CUDA_0295..0303; scripts/run_cuda_resampling_*; src/cuda_resampling_*
MPCD_CUDA_RESAMPLING_SUPPORT_SURVEY_0295_MODE,CUDA resampling post-SRC — survey et guard,ajout 0295-0303,string,full,"Mode diagnostic: csv_only, sync_only, alloc_only, deposit_only, full.",Utilisé pour bisection VK 0295; pas nécessaire en production.,doc/GPU_RESAMPLING_CUDA_0295..0303; scripts/run_cuda_resampling_*; src/cuda_resampling_*
MPCD_CUDA_RESAMPLING_MASS_RECONDITION_0296,CUDA resampling post-SRC — survey et guard,ajout 0295-0303,booléen/env truthy,false/off,Active le reconditionnement conservatif des masses sans changement de support.,Post-SRC; conserve masse et impulsion cellulaire.,doc/GPU_RESAMPLING_CUDA_0295..0303; scripts/run_cuda_resampling_*; src/cuda_resampling_*
MPCD_CUDA_RESAMPLING_MASS_RECONDITION_0296_EVERY,CUDA resampling post-SRC — survey et guard,ajout 0295-0303,entier,10 ou 20,Cadence du reconditionnement de masse 0296.,Utilisé dans les scripts 0296/0303.,doc/GPU_RESAMPLING_CUDA_0295..0303; scripts/run_cuda_resampling_*; src/cuda_resampling_*
MPCD_CUDA_RESAMPLING_MASS_RECONDITION_0296_STRENGTH,CUDA resampling post-SRC — survey et guard,ajout 0295-0303,double,1.0,Force du rapprochement des masses vers M_c/N_c.,0 passif; 1 homogénéisation complète dans les cellules traitées.,doc/GPU_RESAMPLING_CUDA_0295..0303; scripts/run_cuda_resampling_*; src/cuda_resampling_*
MPCD_CUDA_RESAMPLING_POPULATION_GUARD_0297,CUDA resampling post-SRC — survey et guard,ajout 0295-0303,booléen/env truthy,false/off,Active le population guard local par split/merge représentatif.,Post-SRC; doit être utilisé avec restauration 0298 en mode actif.,doc/GPU_RESAMPLING_CUDA_0295..0303; scripts/run_cuda_resampling_*; src/cuda_resampling_*
MPCD_CUDA_RESAMPLING_POPULATION_GUARD_0297_EVERY,CUDA resampling post-SRC — survey et guard,ajout 0295-0303,entier,20 nominal,Cadence du guard 0297.,Validation backward step: 20.,doc/GPU_RESAMPLING_CUDA_0295..0303; scripts/run_cuda_resampling_*; src/cuda_resampling_*
MPCD_CUDA_RESAMPLING_POPULATION_GUARD_0297_NMIN,CUDA resampling post-SRC — survey et guard,ajout 0295-0303,entier,12 nominal,Borne pauvre de population cellulaire.,Triplet nominal validé: 12:20:32.,doc/GPU_RESAMPLING_CUDA_0295..0303; scripts/run_cuda_resampling_*; src/cuda_resampling_*
MPCD_CUDA_RESAMPLING_POPULATION_GUARD_0297_NTARGET,CUDA resampling post-SRC — survey et guard,ajout 0295-0303,entier,20 nominal,Population cible.,Doit rester cohérent avec gamma nominal.,doc/GPU_RESAMPLING_CUDA_0295..0303; scripts/run_cuda_resampling_*; src/cuda_resampling_*
MPCD_CUDA_RESAMPLING_POPULATION_GUARD_0297_NMAX,CUDA resampling post-SRC — survey et guard,ajout 0295-0303,entier,32 nominal,Borne riche de population cellulaire.,Triplet nominal validé: 12:20:32.,doc/GPU_RESAMPLING_CUDA_0295..0303; scripts/run_cuda_resampling_*; src/cuda_resampling_*
MPCD_CUDA_RESAMPLING_POPULATION_GUARD_0297_SPLIT_FRACTION,CUDA resampling post-SRC — survey et guard,ajout 0295-0303,double,0.5,Fraction de masse prélevée au donneur lors du split représentatif.,Conserve masse et impulsion locale avant restauration énergétique.,doc/GPU_RESAMPLING_CUDA_0295..0303; scripts/run_cuda_resampling_*; src/cuda_resampling_*
MPCD_CUDA_RESAMPLING_MOMENT_RESTORE_0298,CUDA resampling post-SRC — survey et guard,ajout 0295-0303,booléen/env truthy,true en guard actif,Active la restauration de l’énergie cinétique relative cellulaire.,Contrôle K_rel après split/merge.,doc/GPU_RESAMPLING_CUDA_0295..0303; scripts/run_cuda_resampling_*; src/cuda_resampling_*
MPCD_CUDA_RESAMPLING_MOMENT_RESTORE_0298_MAX_SCALE,CUDA resampling post-SRC — survey et guard,ajout 0295-0303,double,4.0,Borne du facteur de rescale des vitesses relatives.,Garde-fou contre les corrections thermiques extrêmes.,doc/GPU_RESAMPLING_CUDA_0295..0303; scripts/run_cuda_resampling_*; src/cuda_resampling_*
MPCD_CUDA_RESAMPLING_MOMENT_RESTORE_0298_ABS_TOL,CUDA resampling post-SRC — survey et guard,ajout 0295-0303,double,1e-14,Tolérance absolue de restauration K_rel.,Diagnostic et évitement des divisions par bruit.,doc/GPU_RESAMPLING_CUDA_0295..0303; scripts/run_cuda_resampling_*; src/cuda_resampling_*
MPCD_CUDA_RESAMPLING_MOMENT_RESTORE_0298_REL_TOL,CUDA resampling post-SRC — survey et guard,ajout 0295-0303,double,1e-12,Tolérance relative de restauration K_rel.,Diagnostic et évitement des rescale non significatifs.,doc/GPU_RESAMPLING_CUDA_0295..0303; scripts/run_cuda_resampling_*; src/cuda_resampling_*
MPCD_CUDA_RESAMPLING_POPULATION_GUARD_0299_BOUNDARY_AWARE,CUDA resampling post-SRC — survey et guard,ajout 0295-0303,booléen/env truthy,true/on dans scripts 0300+,Active le filtrage boundary-aware des cellules candidates.,Évite de mélanger support-control interne et réservoir hard inlet/outlet.,doc/GPU_RESAMPLING_CUDA_0295..0303; scripts/run_cuda_resampling_*; src/cuda_resampling_*
MPCD_CUDA_RESAMPLING_POPULATION_GUARD_0299_OPEN_BOUNDARY_HALO_CELLS,CUDA resampling post-SRC — survey et guard,ajout 0295-0303,entier,1,Épaisseur exclue près des ouvertures.,Nominalement 1 cellule.,doc/GPU_RESAMPLING_CUDA_0295..0303; scripts/run_cuda_resampling_*; src/cuda_resampling_*
MPCD_CUDA_RESAMPLING_POPULATION_GUARD_0299_BOUNDARY_HALO_CELLS,CUDA resampling post-SRC — survey et guard,ajout 0295-0303,entier,0,Épaisseur exclue près des parois simples.,0 par défaut pour conserver les zones de cisaillement.,doc/GPU_RESAMPLING_CUDA_0295..0303; scripts/run_cuda_resampling_*; src/cuda_resampling_*
MPCD_CUDA_RESAMPLING_POPULATION_GUARD_0299_SOLID_HALO_CELLS,CUDA resampling post-SRC — survey et guard,ajout 0295-0303,entier,0,Épaisseur exclue près des solides immergés.,0 par défaut; peut être augmenté pour tests prudents.,doc/GPU_RESAMPLING_CUDA_0295..0303; scripts/run_cuda_resampling_*; src/cuda_resampling_*
MPCD_CUDA_RESAMPLING_ADAPTIVE_FLAG_0304,"CUDA resampling post-SRC — diagnostics, split-safety et optimisation inactive",ajout 0304,booléen/env truthy,false/off,Active le diagnostic post-SRC de support faible/vide sur grille physique non shiftée.,Écrit/complète cuda_resampling_adaptive_flag_0304.csv; diagnostic passif.,doc/GPU_RESAMPLING_CUDA_0304..0314; scripts/run_cuda_resampling_*; src/cuda_resampling_*; src/cuda_classic_src_io_resident_0263.cu
MPCD_CUDA_RESAMPLING_ADAPTIVE_FLAG_0304_EVERY,"CUDA resampling post-SRC — diagnostics, split-safety et optimisation inactive",ajout 0304,entier,1 à 20 selon script,Cadence du diagnostic flag 0304.,"Plus la cadence est faible, plus la détection low-N/empty est fréquente.",doc/GPU_RESAMPLING_CUDA_0304..0314; scripts/run_cuda_resampling_*; src/cuda_resampling_*; src/cuda_classic_src_io_resident_0263.cu
MPCD_CUDA_RESAMPLING_ADAPTIVE_FLAG_0304_TRIGGER_NMIN,"CUDA resampling post-SRC — diagnostics, split-safety et optimisation inactive",ajout 0304,entier,6 dans les scripts de diagnostic,Seuil de population cellulaire low-N utilisé par le flag.,Ne déclenche pas de correction avant scheduler adaptatif futur.,doc/GPU_RESAMPLING_CUDA_0304..0314; scripts/run_cuda_resampling_*; src/cuda_resampling_*; src/cuda_classic_src_io_resident_0263.cu
MPCD_CUDA_RESAMPLING_ADAPTIVE_FLAG_0304_TRIGGER_EMPTY,"CUDA resampling post-SRC — diagnostics, split-safety et optimisation inactive",ajout 0304,booléen/env truthy,true dans les diagnostics,Active la détection des cellules humides vides.,Utile comme brique commune pour guard adaptatif ou refill futur.,doc/GPU_RESAMPLING_CUDA_0304..0314; scripts/run_cuda_resampling_*; src/cuda_resampling_*; src/cuda_classic_src_io_resident_0263.cu
MPCD_CUDA_RESAMPLING_GEOMETRY_DIAG_0305_HIGH_U,"CUDA resampling post-SRC — diagnostics, split-safety et optimisation inactive",ajout 0305,réel,1.0,Seuil de vitesse cellulaire élevée pour la classification géométrique 0305.,Classe les cellules bulk/wall/solid/open/corner adjacent.,doc/GPU_RESAMPLING_CUDA_0304..0314; scripts/run_cuda_resampling_*; src/cuda_resampling_*; src/cuda_classic_src_io_resident_0263.cu
MPCD_CUDA_RESAMPLING_OUTLIER_0306_U_THRESHOLD,"CUDA resampling post-SRC — diagnostics, split-safety et optimisation inactive",ajout 0306,réel,1.0,Seuil |U| pour déclarer une cellule outlier dans les diagnostics 0306.,Alimente cuda_resampling_outlier_diagnostics_0306_worst_cells.csv.,doc/GPU_RESAMPLING_CUDA_0304..0314; scripts/run_cuda_resampling_*; src/cuda_resampling_*; src/cuda_classic_src_io_resident_0263.cu
MPCD_CUDA_RESAMPLING_SPLIT_SAFETY_0307,"CUDA resampling post-SRC — diagnostics, split-safety et optimisation inactive",ajout 0307; nominal 0308,booléen/env truthy,true dans scripts resampling nominal 0308+,Active la prévention des cascades de split créant des particules de masse dégénérée.,Doit rester activé avec le resampling CUDA nominal.,doc/GPU_RESAMPLING_CUDA_0304..0314; scripts/run_cuda_resampling_*; src/cuda_resampling_*; src/cuda_classic_src_io_resident_0263.cu
MPCD_CUDA_RESAMPLING_SPLIT_PREFER_MAX_MASS_DONOR_0307,"CUDA resampling post-SRC — diagnostics, split-safety et optimisation inactive",ajout 0307; nominal 0308,booléen/env truthy,true,Choisit préférentiellement le donneur le plus massif pour un split.,Réduit le risque de resplit de particules déjà allégées.,doc/GPU_RESAMPLING_CUDA_0304..0314; scripts/run_cuda_resampling_*; src/cuda_resampling_*; src/cuda_classic_src_io_resident_0263.cu
MPCD_CUDA_RESAMPLING_SPLIT_DONOR_MIN_MASS_0307,"CUDA resampling post-SRC — diagnostics, split-safety et optimisation inactive",ajout 0307; nominal 0308,réel,0.5,Masse minimale du donneur pour autoriser un split.,Empêche les splits issus de particules trop légères.,doc/GPU_RESAMPLING_CUDA_0304..0314; scripts/run_cuda_resampling_*; src/cuda_resampling_*; src/cuda_classic_src_io_resident_0263.cu
MPCD_CUDA_RESAMPLING_SPLIT_NEW_PARTICLE_MIN_MASS_0307,"CUDA resampling post-SRC — diagnostics, split-safety et optimisation inactive",ajout 0307; nominal 0308,réel,0.25,Masse minimale de la particule créée par split et du donneur après split.,Valeur validée pour couper les outliers de masse/vitesse.,doc/GPU_RESAMPLING_CUDA_0304..0314; scripts/run_cuda_resampling_*; src/cuda_resampling_*; src/cuda_classic_src_io_resident_0263.cu
MPCD_CUDA_RESAMPLING_SOLID_ADJACENT_SPLIT_MODE_0307,"CUDA resampling post-SRC — diagnostics, split-safety et optimisation inactive",ajout 0307,"entier/enum 0 normal, 1 cautious, 2 off",0 nominal,Contrôle le split dans les cellules solid-adjacent.,Le mode normal avec split-safety suffit pour le nominal; cautious/off restent diagnostiques.,doc/GPU_RESAMPLING_CUDA_0304..0314; scripts/run_cuda_resampling_*; src/cuda_resampling_*; src/cuda_classic_src_io_resident_0263.cu
MPCD_CUDA_RESAMPLING_SOLID_ADJACENT_DONOR_MIN_MASS_0307,"CUDA resampling post-SRC — diagnostics, split-safety et optimisation inactive",ajout 0307,réel,1.0 en mode cautious,Masse donneur minimale renforcée pour les cellules solid-adjacent.,Utilisé en mode solid_cautious; non nécessaire dans le mode nominal 0308.,doc/GPU_RESAMPLING_CUDA_0304..0314; scripts/run_cuda_resampling_*; src/cuda_resampling_*; src/cuda_classic_src_io_resident_0263.cu
MPCD_CUDA_RESAMPLING_TINY_MASS_THRESHOLD_0307,"CUDA resampling post-SRC — diagnostics, split-safety et optimisation inactive",ajout 0307,réel,0.1 ou valeur script,Seuil de diagnostic des particules ou splits de masse très faible.,Produit les compteurs splitFromMassBelow*_0307.,doc/GPU_RESAMPLING_CUDA_0304..0314; scripts/run_cuda_resampling_*; src/cuda_resampling_*; src/cuda_classic_src_io_resident_0263.cu
MPCD_CUDA_INACTIVE_TAIL_POOL_0313,"CUDA resampling post-SRC — diagnostics, split-safety et optimisation inactive",ajout 0313,booléen/env truthy,true/on,Active le fast path de collecte de slots inactifs en queue de tableau.,Fallback exact conservé par défaut si la fenêtre ne suffit pas.,doc/GPU_RESAMPLING_CUDA_0304..0314; scripts/run_cuda_resampling_*; src/cuda_resampling_*; src/cuda_classic_src_io_resident_0263.cu
MPCD_CUDA_INACTIVE_TAIL_POOL_MIN_SCAN_0313,"CUDA resampling post-SRC — diagnostics, split-safety et optimisation inactive",ajout 0313,entier,8192,Taille minimale de fenêtre scannée dans la queue inactive.,Paramètre de performance; ne change pas la physique.,doc/GPU_RESAMPLING_CUDA_0304..0314; scripts/run_cuda_resampling_*; src/cuda_resampling_*; src/cuda_classic_src_io_resident_0263.cu
MPCD_CUDA_INACTIVE_TAIL_POOL_MAX_SCAN_0313,"CUDA resampling post-SRC — diagnostics, split-safety et optimisation inactive",ajout 0313,entier,262144,Taille maximale de fenêtre scannée dans la queue inactive.,Borne le coût du fast path avant fallback.,doc/GPU_RESAMPLING_CUDA_0304..0314; scripts/run_cuda_resampling_*; src/cuda_resampling_*; src/cuda_classic_src_io_resident_0263.cu
MPCD_CUDA_INACTIVE_TAIL_POOL_SCAN_MULT_0313,"CUDA resampling post-SRC — diagnostics, split-safety et optimisation inactive",ajout 0313,réel/entier,4,Facteur multiplicatif entre besoin estimé de slots et fenêtre scannée.,Augmenter si le fallback complet se déclenche trop souvent.,doc/GPU_RESAMPLING_CUDA_0304..0314; scripts/run_cuda_resampling_*; src/cuda_resampling_*; src/cuda_classic_src_io_resident_0263.cu
MPCD_CUDA_INACTIVE_TAIL_POOL_NO_FALLBACK_0313,"CUDA resampling post-SRC — diagnostics, split-safety et optimisation inactive",ajout 0313,booléen/env truthy,false/off,Désactive le fallback complet si activé.,À réserver aux audits; le nominal garde le fallback exact.,doc/GPU_RESAMPLING_CUDA_0304..0314; scripts/run_cuda_resampling_*; src/cuda_resampling_*; src/cuda_classic_src_io_resident_0263.cu
INACTIVE_SLOTS,"CUDA resampling post-SRC — diagnostics, split-safety et optimisation inactive",script/demo/audit,alias script utilisateur,selon script; éviter les millions,Nombre de slots Inactive préalloués dans les scripts et audits.,N’est pas une clé params.kv directe universelle; transmis par les générateurs d’état/scripts.,doc/GPU_RESAMPLING_CUDA_0304..0314; scripts/run_cuda_resampling_*; src/cuda_resampling_*; src/cuda_classic_src_io_resident_0263.cu
DUMP_ROLE_FILTER,"CUDA resampling post-SRC — diagnostics, split-safety et optimisation inactive",script 0314,alias script utilisateur,fluid dans scripts visuels 0309+,Alias script vers dumpRoleFilter.,fluid produit des dumps compacts de visualisation; all reste restart-compatible.,doc/GPU_RESAMPLING_CUDA_0304..0314; scripts/run_cuda_resampling_*; src/cuda_resampling_*; src/cuda_classic_src_io_resident_0263.cu
SUMMARY_ROLE_FILTER,"CUDA resampling post-SRC — diagnostics, split-safety et optimisation inactive",script 0314,alias script utilisateur,fluid dans scripts visuels 0309+,Alias script vers summaryRoleFilter.,fluid évite de résumer inutilement les slots Inactive.,doc/GPU_RESAMPLING_CUDA_0304..0314; scripts/run_cuda_resampling_*; src/cuda_resampling_*; src/cuda_classic_src_io_resident_0263.cu
