name,entry_type,category,status,expected_type,default,values_constraints,canonical_field_target,aliases,effect_role,remarks,sources,source_inventory
livevis_control.kv:clip,control_file_key,Clé fichier contrôle livevis,ajout 0341a,double; <=0 active comportement auto/default selon renderer,initialisé depuis LIVE_VIS_CLIP,,,,Change à chaud l’échelle de saturation/clip du champ affiché.,"Pour le renderer CUDA, clip<=0 utilise le défaut interne dépendant du champ.",src/live_visualization_0335.cpp; src/cuda_live_field_0337.cu,src_mpcd_cuda_livevis_inventory_0314_to_0342a.csv
livevis_control.kv:colormap,control_file_key,Clé fichier contrôle livevis,ajout 0342a,blue_red | gray | thermal,initialisé depuis LIVE_VIS_COLORMAP,,,,Change à chaud le colormap utilisé pour convertir le champ scalaire en RGBA.,N’affecte que la visualisation. Alias: grey/grayscale/greyscale -> gray; heat/hot -> thermal.,src/live_visualization_0335.cpp; src/cuda_live_field_0337.cu; doc/livevis_colormap_control_0342a.md,src_mpcd_cuda_livevis_inventory_0314_to_0342a.csv
livevis_control.kv:field,control_file_key,Clé fichier contrôle livevis,ajout 0341a | mis à jour 0361,ux | uy | vx | vy | speed | density | mass | N | n | count | population | particle_count | cell_count | vorticity | omega | curl | chi | topo_chi | alpha | darcy_alpha | darcy_power | darcy | brinkman_power,initialisé depuis LIVE_VIS_FIELD/SRC_LIVE_VIS_FIELD,voir Type attendu,,,Change à chaud le champ scalaire affiché.,omega et curl sont des alias de vorticity dans le renderer CUDA 0341a. | N/count affiche le nombre de particules fluides par cellule live.,src/live_visualization_0335.cpp; src/cuda_live_field_0337.cu | src/live_visualization_0335.cpp; src/cuda_live_field_0337.cu; include/cuda_live_field_0337.h; src/main_src_mpcd_base.cpp; doc/livevis_field_N_0361.md; doc/livevis_field_minmax_0363.md; doc/livevis_quiver_overlay_0364.md; doc/livevis_quiver_smoothing_0365.md,src_mpcd_cuda_livevis_inventory_0314_to_0342a.csv | session_0361_0365_livevis
livevis_control.kv:gain,control_file_key,Clé fichier contrôle livevis,ajout 0341a,double > 0,initialisé depuis LIVE_VIS_GAIN,,,,Change à chaud le gain multiplicatif de visualisation.,Borné côté binaire à un minimum numérique positif.,src/live_visualization_0335.cpp; src/cuda_live_field_0337.cu,src_mpcd_cuda_livevis_inventory_0314_to_0342a.csv
livevis_control.kv:quiverMinSpeed,control_file_key,Clé fichier contrôle livevis,ajout 0364,double >= 0,0,,,,Change à chaud le seuil minimal de vitesse pour dessiner les segments.,,src/live_visualization_0335.cpp; src/cuda_live_field_0337.cu; include/cuda_live_field_0337.h; src/main_src_mpcd_base.cpp; doc/livevis_field_N_0361.md; doc/livevis_field_minmax_0363.md; doc/livevis_quiver_overlay_0364.md; doc/livevis_quiver_smoothing_0365.md,session_0361_0365_livevis
livevis_control.kv:quiverNx,control_file_key,Clé fichier contrôle livevis,ajout 0364,entier >= 1,60,,,,Change à chaud le nombre de colonnes de la grille quiver.,,src/live_visualization_0335.cpp; src/cuda_live_field_0337.cu; include/cuda_live_field_0337.h; src/main_src_mpcd_base.cpp; doc/livevis_field_N_0361.md; doc/livevis_field_minmax_0363.md; doc/livevis_quiver_overlay_0364.md; doc/livevis_quiver_smoothing_0365.md,session_0361_0365_livevis
livevis_control.kv:quiverNy,control_file_key,Clé fichier contrôle livevis,ajout 0364,entier >= 1,32,,,,Change à chaud le nombre de lignes de la grille quiver.,,src/live_visualization_0335.cpp; src/cuda_live_field_0337.cu; include/cuda_live_field_0337.h; src/main_src_mpcd_base.cpp; doc/livevis_field_N_0361.md; doc/livevis_field_minmax_0363.md; doc/livevis_quiver_overlay_0364.md; doc/livevis_quiver_smoothing_0365.md,session_0361_0365_livevis
livevis_control.kv:quiverScale,control_file_key,Clé fichier contrôle livevis,ajout 0364,double,-1,,,,Change à chaud le gain manuel des segments vitesse.,<0 désactive l’overlay; >=0 l’active.,src/live_visualization_0335.cpp; src/cuda_live_field_0337.cu; include/cuda_live_field_0337.h; src/main_src_mpcd_base.cpp; doc/livevis_field_N_0361.md; doc/livevis_field_minmax_0363.md; doc/livevis_quiver_overlay_0364.md; doc/livevis_quiver_smoothing_0365.md,session_0361_0365_livevis
livevis_control.kv:quiverSmoothPasses,control_file_key,Clé fichier contrôle livevis,ajout 0365,entier; -1 ou >=0,-1,,,,Change à chaud le lissage des vecteurs quiver.,<0 réutilise smoothPasses; utile pour field=N non lissé avec vecteurs lissés.,src/live_visualization_0335.cpp; src/cuda_live_field_0337.cu; include/cuda_live_field_0337.h; src/main_src_mpcd_base.cpp; doc/livevis_field_N_0361.md; doc/livevis_field_minmax_0363.md; doc/livevis_quiver_overlay_0364.md; doc/livevis_quiver_smoothing_0365.md,session_0361_0365_livevis
livevis_control.kv:smoothPasses,control_file_key,Clé fichier contrôle livevis,ajout 0341a,entier >= 0,initialisé depuis LIVE_VIS_SMOOTH_PASSES,,,,Change à chaud le nombre de passes de lissage du champ affiché.,Augmenter fortement cette valeur peut augmenter le coût du renderer livevis.,src/live_visualization_0335.cpp; src/cuda_live_field_0337.cu,src_mpcd_cuda_livevis_inventory_0314_to_0342a.csv
DUMP_ROLE_FILTER,param_or_script_alias,Alias script,ajout 0314,all|fluid,fluid dans scripts visual 0309+,,,,Alias exporté par les scripts vers dumpRoleFilter.,"Paramètre de script, pas toujours une clé directe.",,src_mpcd_cuda_livevis_inventory_0314_to_0339a.csv | src_mpcd_cuda_livevis_inventory_0314_to_0342a.csv
SUMMARY_ROLE_FILTER,param_or_script_alias,Alias script,ajout 0314,all|fluid,fluid dans scripts visual 0309+,,,,Alias exporté par les scripts vers summaryRoleFilter.,"Paramètre de script, pas toujours une clé directe.",,src_mpcd_cuda_livevis_inventory_0314_to_0339a.csv | src_mpcd_cuda_livevis_inventory_0314_to_0342a.csv
BIN,param_or_script_alias,Alias script / binaire,mis à jour 0337 livevis,chemin exécutable,build/src_mpcd_base_cuda_livevis_0337d dans scripts 0337,,,,Binaire exécuté par les scripts portables livevis.,Peut être surchargé pour tester un autre build; les scripts livevis nécessitent un binaire compilé avec MPCD_ENABLE_LIVE_VIS=1.,,src_mpcd_cuda_livevis_inventory_0314_to_0339a.csv | src_mpcd_cuda_livevis_inventory_0314_to_0342a.csv
AUTO_BUILD,param_or_script_alias,Alias script / build,mis à jour 0337 livevis,booléen,1,,,,Autorise le script à compiler automatiquement le binaire manquant.,"Dans les scripts livevis, le build automatique passe MPCD_ENABLE_LIVE_VIS=1.",,src_mpcd_cuda_livevis_inventory_0314_to_0339a.csv | src_mpcd_cuda_livevis_inventory_0314_to_0342a.csv
RUN_MODES,param_or_script_alias,Alias script / cas de run,existant; utilisé scripts portables,liste: classic resampling,resampling ou classic resampling selon script,,,,Choisit les modes exécutés par les scripts portables.,Peut lancer classic et resampling pour comparaison visuelle.,,src_mpcd_cuda_livevis_inventory_0314_to_0339a.csv | src_mpcd_cuda_livevis_inventory_0314_to_0342a.csv
LIVE_VIS_ALPHA,param_or_script_alias,Alias script livevis 0337,ajout 0337,double,0.08,,,,Lissage temporel visuel.,Principalement utile au fallback CPU.,,src_mpcd_cuda_livevis_inventory_0314_to_0339a.csv | src_mpcd_cuda_livevis_inventory_0314_to_0342a.csv
LIVE_VIS_CLIP,param_or_script_alias,Alias script livevis 0337,ajout 0337,double; <=0 auto,-1,,,,Échelle de saturation couleur.,Exemples: ux clip 0.2–0.5; vorticity clip 5–20 selon cas. | 0341b/0341d: sert aussi à initialiser le fichier livevis_control.kv généré par les scripts.,scripts/run_portable_*0337_livevis*.sh,src_mpcd_cuda_livevis_inventory_0314_to_0339a.csv | src_mpcd_cuda_livevis_inventory_0314_to_0342a.csv
LIVE_VIS_CUDA_FIELD,param_or_script_alias,Alias script livevis 0337,ajout 0337a,booléen,1,,,,Active le renderer CUDA de champ.,Mode recommandé par défaut pour classic et resampling livevis. | 0339a: Défaut conservé : renderer CUDA field actif.,,src_mpcd_cuda_livevis_inventory_0314_to_0339a.csv | src_mpcd_cuda_livevis_inventory_0314_to_0342a.csv
LIVE_VIS_CUDA_SNAPSHOT,param_or_script_alias,Alias script livevis 0337,ajout 0336/0337,booléen,0,,,,Active le snapshot compact expérimental.,Non fiable après resampling; garder à 0 sauf diagnostic.,,src_mpcd_cuda_livevis_inventory_0314_to_0339a.csv | src_mpcd_cuda_livevis_inventory_0314_to_0342a.csv
LIVE_VIS_ENABLE,param_or_script_alias,Alias script livevis 0337,ajout 0337,booléen,1,,,,Active la visualisation dans les scripts portables livevis.,Exporté vers SRC_LIVE_VIS_ENABLE. Mettre 0 pour exécuter sans fenêtre.,,src_mpcd_cuda_livevis_inventory_0314_to_0339a.csv | src_mpcd_cuda_livevis_inventory_0314_to_0342a.csv
LIVE_VIS_EVERY,param_or_script_alias,Alias script livevis 0337,ajout 0337 | mis à jour 0339a,entier >0,25,,,,Cadence de visualisation live : une frame toutes les N étapes.,"Exporté vers SRC_LIVE_VIS_EVERY. | 0339a: défaut réduit à 25 pour limiter le coût livevis; mesures indicatives 500 steps: every1≈45.4s, every25≈32.8–38.7s selon bruit. Override possible par environnement.",,src_mpcd_cuda_livevis_inventory_0314_to_0339a.csv | src_mpcd_cuda_livevis_inventory_0314_to_0342a.csv
LIVE_VIS_FIELD,param_or_script_alias,Alias script livevis 0337,ajout 0337,ux|uy|speed|vorticity|mass|density,dépend du script,,,,Champ affiché par défaut dans la fenêtre live.,"Par défaut: VK/TG=vorticity, Poiseuille=ux, backward-step/box=speed. | 0341b/0341d: sert aussi à initialiser le fichier livevis_control.kv généré par les scripts.",scripts/run_portable_*0337_livevis*.sh,src_mpcd_cuda_livevis_inventory_0314_to_0339a.csv | src_mpcd_cuda_livevis_inventory_0314_to_0342a.csv
LIVE_VIS_FORCE_HOST_MIRROR,param_or_script_alias,Alias script livevis 0337,ajout 0335c,booléen,0,,,,Force le miroir hôte pour visualisation.,Debug seulement. | 0339a: Défaut conservé : éviter le host mirror forcé livevis.,,src_mpcd_cuda_livevis_inventory_0314_to_0339a.csv | src_mpcd_cuda_livevis_inventory_0314_to_0342a.csv
LIVE_VIS_GAIN,param_or_script_alias,Alias script livevis 0337,ajout 0337,double >0,1.0,,,,Gain couleur.,Réduire si la colormap est saturée; augmenter si le contraste est faible. | 0341b/0341d: sert aussi à initialiser le fichier livevis_control.kv généré par les scripts.,scripts/run_portable_*0337_livevis*.sh,src_mpcd_cuda_livevis_inventory_0314_to_0339a.csv | src_mpcd_cuda_livevis_inventory_0314_to_0342a.csv
LIVE_VIS_LOG_SOURCE,param_or_script_alias,Alias script livevis 0337,ajout 0337d | mis à jour 0339a,booléen,0,,,,Contrôle le log de source/fallback livevis.,Exporté vers SRC_LIVE_VIS_LOG_SOURCE; depuis 0337d ne spamme plus le terminal. | 0339a: défaut réduit à 0 pour éviter le bruit de logs; remettre à 1 pour debug.,,src_mpcd_cuda_livevis_inventory_0314_to_0339a.csv | src_mpcd_cuda_livevis_inventory_0314_to_0342a.csv
LIVE_VIS_NX,param_or_script_alias,Alias script livevis 0337,ajout 0337,entier,300,,,,Résolution x du champ livevis.,Exporté vers SRC_LIVE_VIS_NX.,,src_mpcd_cuda_livevis_inventory_0314_to_0339a.csv | src_mpcd_cuda_livevis_inventory_0314_to_0342a.csv
LIVE_VIS_NY,param_or_script_alias,Alias script livevis 0337,ajout 0337,entier,80,,,,Résolution y du champ livevis.,Exporté vers SRC_LIVE_VIS_NY.,,src_mpcd_cuda_livevis_inventory_0314_to_0339a.csv | src_mpcd_cuda_livevis_inventory_0314_to_0342a.csv
LIVE_VIS_QUANTILE,param_or_script_alias,Alias script livevis 0337,ajout 0337,"double dans (0,1]",0.995,,,,Quantile auto de mise à l’échelle.,Limiter les outliers dans le fallback CPU.,,src_mpcd_cuda_livevis_inventory_0314_to_0339a.csv | src_mpcd_cuda_livevis_inventory_0314_to_0342a.csv
LIVE_VIS_RESAMPLING_HOST_MIRROR,param_or_script_alias,Alias script livevis 0337,ajout 0335d/0337,booléen,0,,,,Force le fallback hôte en resampling.,Fiable mais lent; garder à 0 avec CUDA_FIELD=1. | 0339a: Défaut conservé : éviter le host mirror resampling livevis.,,src_mpcd_cuda_livevis_inventory_0314_to_0339a.csv | src_mpcd_cuda_livevis_inventory_0314_to_0342a.csv
LIVE_VIS_SMOOTH_PASSES,param_or_script_alias,Alias script livevis 0337,ajout 0337,entier >=0,1,,,,Lissage spatial du rendu.,Vorticity utilise souvent 1–2 passes. | 0341b/0341d: sert aussi à initialiser le fichier livevis_control.kv généré par les scripts.,scripts/run_portable_*0337_livevis*.sh,src_mpcd_cuda_livevis_inventory_0314_to_0339a.csv | src_mpcd_cuda_livevis_inventory_0314_to_0342a.csv
LIVE_VIS_VSYNC,param_or_script_alias,Alias script livevis 0337,ajout 0337,booléen/int,0,,,,Vsync GLFW.,0 recommandé pour ne pas brider le calcul.,,src_mpcd_cuda_livevis_inventory_0314_to_0339a.csv | src_mpcd_cuda_livevis_inventory_0314_to_0342a.csv
LIVE_VIS_WINDOW_SCALE,param_or_script_alias,Alias script livevis 0337,ajout 0337,entier >=1,1,,,,Facteur d’échelle de la fenêtre.,N’affecte pas la simulation.,,src_mpcd_cuda_livevis_inventory_0314_to_0339a.csv | src_mpcd_cuda_livevis_inventory_0314_to_0342a.csv
LIVE_VIS_COLORMAP,param_or_script_alias,Alias script livevis colormap,ajout 0342a,enum: blue_red | gray | thermal,blue_red,,,,Colormap initial exporté en SRC_LIVE_VIS_COLORMAP et écrit dans le fichier livevis_control.kv créé par les scripts.,Peut ensuite être changé à chaud via la clé colormap du fichier de contrôle.,scripts/run_portable_*0337_livevis*.sh; doc/livevis_colormap_control_0342a.md,src_mpcd_cuda_livevis_inventory_0314_to_0342a.csv
LIVE_VIS_QUIVER_MIN_SPEED,param_or_script_alias,Alias script livevis quiver,ajout 0364,double >= 0,0,,,,Alias script exportable vers SRC_LIVE_VIS_QUIVER_MIN_SPEED.,,src/live_visualization_0335.cpp; src/cuda_live_field_0337.cu; include/cuda_live_field_0337.h; src/main_src_mpcd_base.cpp; doc/livevis_field_N_0361.md; doc/livevis_field_minmax_0363.md; doc/livevis_quiver_overlay_0364.md; doc/livevis_quiver_smoothing_0365.md,session_0361_0365_livevis
LIVE_VIS_QUIVER_NX,param_or_script_alias,Alias script livevis quiver,ajout 0364,entier >= 1,60,,,,Alias script exportable vers SRC_LIVE_VIS_QUIVER_NX.,,src/live_visualization_0335.cpp; src/cuda_live_field_0337.cu; include/cuda_live_field_0337.h; src/main_src_mpcd_base.cpp; doc/livevis_field_N_0361.md; doc/livevis_field_minmax_0363.md; doc/livevis_quiver_overlay_0364.md; doc/livevis_quiver_smoothing_0365.md,session_0361_0365_livevis
LIVE_VIS_QUIVER_NY,param_or_script_alias,Alias script livevis quiver,ajout 0364,entier >= 1,32,,,,Alias script exportable vers SRC_LIVE_VIS_QUIVER_NY.,,src/live_visualization_0335.cpp; src/cuda_live_field_0337.cu; include/cuda_live_field_0337.h; src/main_src_mpcd_base.cpp; doc/livevis_field_N_0361.md; doc/livevis_field_minmax_0363.md; doc/livevis_quiver_overlay_0364.md; doc/livevis_quiver_smoothing_0365.md,session_0361_0365_livevis
LIVE_VIS_QUIVER_SCALE,param_or_script_alias,Alias script livevis quiver,ajout 0364,double,-1,,,,Alias script exportable vers SRC_LIVE_VIS_QUIVER_SCALE.,<0 désactive l’overlay.,src/live_visualization_0335.cpp; src/cuda_live_field_0337.cu; include/cuda_live_field_0337.h; src/main_src_mpcd_base.cpp; doc/livevis_field_N_0361.md; doc/livevis_field_minmax_0363.md; doc/livevis_quiver_overlay_0364.md; doc/livevis_quiver_smoothing_0365.md,session_0361_0365_livevis
LIVE_VIS_QUIVER_SMOOTH_PASSES,param_or_script_alias,Alias script livevis quiver,ajout 0365,entier; -1 ou >=0,-1,,,,Alias script exportable vers SRC_LIVE_VIS_QUIVER_SMOOTH_PASSES.,<0 réutilise smoothPasses.,src/live_visualization_0335.cpp; src/cuda_live_field_0337.cu; include/cuda_live_field_0337.h; src/main_src_mpcd_base.cpp; doc/livevis_field_N_0361.md; doc/livevis_field_minmax_0363.md; doc/livevis_quiver_overlay_0364.md; doc/livevis_quiver_smoothing_0365.md,session_0361_0365_livevis
LIVE_VIS_CONTROL_BASENAME,param_or_script_alias,Alias script livevis runtime control,ajout 0341d,nom de fichier,livevis_control.kv,,,,"Nom du fichier utilisé avec LIVE_VIS_CONTROL_DIR ou, par défaut, dans le run_root.","Permet de distinguer plusieurs contrôles, par exemple vk_io.kv, tg_hole.kv, poiseuille.kv.",scripts/run_portable_*0337_livevis*.sh; doc/livevis_runtime_control_0341b_scripts.md,src_mpcd_cuda_livevis_inventory_0314_to_0342a.csv
LIVE_VIS_CONTROL_DIR,param_or_script_alias,Alias script livevis runtime control,ajout 0341d,chemin répertoire,vide,,,,Répertoire dans lequel créer le fichier de contrôle lorsque LIVE_VIS_CONTROL_FILE est vide.,Combiné avec LIVE_VIS_CONTROL_BASENAME. Exemple: LIVE_VIS_CONTROL_DIR=. LIVE_VIS_CONTROL_BASENAME=livevis_control.kv.,scripts/run_portable_*0337_livevis*.sh; doc/livevis_runtime_control_0341b_scripts.md,src_mpcd_cuda_livevis_inventory_0314_to_0342a.csv
LIVE_VIS_CONTROL_ENABLE,param_or_script_alias,Alias script livevis runtime control,ajout 0341b; export explicite 0341c,booléen shell,1,,,,Active la création/export du fichier de contrôle livevis dans les scripts portables.,"À 0, aucun fichier de contrôle n’est préparé et SRC_LIVE_VIS_CONTROL_FILE peut rester vide.",scripts/run_portable_*0337_livevis*.sh; doc/livevis_runtime_control_0341b_scripts.md,src_mpcd_cuda_livevis_inventory_0314_to_0342a.csv
LIVE_VIS_CONTROL_EVERY,param_or_script_alias,Alias script livevis runtime control,ajout 0341b; export explicite 0341c,entier >= 1,1,,,,Valeur script exportée en SRC_LIVE_VIS_CONTROL_EVERY.,Contrôle la fréquence de relecture côté binaire.,scripts/run_portable_*0337_livevis*.sh,src_mpcd_cuda_livevis_inventory_0314_to_0342a.csv
LIVE_VIS_CONTROL_FILE,param_or_script_alias,Alias script livevis runtime control,ajout 0341b; clarifié 0341d,chemin fichier .kv,vide,,,,Chemin explicite du fichier de contrôle livevis. Prioritaire sur LIVE_VIS_CONTROL_DIR et le chemin par défaut run_root.,"Utiliser ce paramètre, et non LIVE_VIS_CONTROL_FILE_EFFECTIVE, pour imposer un fichier tel que ./livevis_control.kv. Recommandé si CLEAN_RUN_ROOT=1 et que l’on veut un fichier persistant hors run_root.",scripts/run_portable_*0337_livevis*.sh; doc/livevis_runtime_control_0341b_scripts.md,src_mpcd_cuda_livevis_inventory_0314_to_0342a.csv
LIVE_VIS_CONTROL_LOG,param_or_script_alias,Alias script livevis runtime control,ajout 0341b; export explicite 0341c,booléen shell,1,,,,Valeur script exportée en SRC_LIVE_VIS_CONTROL_LOG.,Les logs livevis sont dans le .time car le stderr du binaire y est redirigé par le script.,scripts/run_portable_*0337_livevis*.sh,src_mpcd_cuda_livevis_inventory_0314_to_0342a.csv
LIVE_VIS_CONTROL_FILE_EFFECTIVE,param_or_script_alias,Alias script livevis runtime control interne,ajout 0341b; export explicite 0341c; clarifié 0341d,chemin fichier .kv résolu,résolu automatiquement,,,,Chemin effectivement transmis au binaire via SRC_LIVE_VIS_CONTROL_FILE.,"Variable interne/résolue: ne pas la fixer manuellement. Ordre de résolution 0341d: LIVE_VIS_CONTROL_FILE, sinon LIVE_VIS_CONTROL_DIR+LIVE_VIS_CONTROL_BASENAME, sinon run_root/LIVE_VIS_CONTROL_BASENAME.",scripts/run_portable_*0337_livevis*.sh; doc/livevis_runtime_control_0341b_scripts.md,src_mpcd_cuda_livevis_inventory_0314_to_0342a.csv
INACTIVE_SLOTS_RESAMPLING,param_or_script_alias,Alias script livevis/benchmark,confirmé 0337,entier,750000 pour certains scripts,,,,Nombre de slots inactifs pour les cas resampling.,N’affecte pas le SRC classic si RUN_MODES=classic; utile pour réservoir resampling.,,src_mpcd_cuda_livevis_inventory_0314_to_0339a.csv | src_mpcd_cuda_livevis_inventory_0314_to_0342a.csv
INACTIVE_SLOTS,param_or_script_alias,Capacité particulaire,consolidé 0311-0312,entier,50k-120k selon cas; pas de défaut universel,,,,Nombre de slots Inactive préalloués par les générateurs/scripts.,La réserve peut être grande sans être écrite dans les dumps si dumpRoleFilter=fluid.,,src_mpcd_cuda_livevis_inventory_0314_to_0339a.csv | src_mpcd_cuda_livevis_inventory_0314_to_0342a.csv
dumpRoleFilter,param_or_script_alias,Dumps et post-traitement,ajout 0314,all|fluid,all dans le cœur; fluid dans scripts visuels,,,,Contrôle si les dumps .smpcd écrivent tous les slots ou seulement les particules Fluid.,fluid accélère visualisation/post-traitement mais ne doit pas être utilisé pour un restart complet.,,src_mpcd_cuda_livevis_inventory_0314_to_0339a.csv | src_mpcd_cuda_livevis_inventory_0314_to_0342a.csv
summaryRoleFilter,param_or_script_alias,Summaries runtime,ajout 0314,all|fluid,all dans le cœur; fluid dans scripts visuels,,,,Contrôle si les summaries parcourent tous les slots ou un état compact fluide.,fluid réduit le coût lorsque INACTIVE_SLOTS est grand.,,src_mpcd_cuda_livevis_inventory_0314_to_0339a.csv | src_mpcd_cuda_livevis_inventory_0314_to_0342a.csv
srcClassicCudaModeEnable,params_canonical_field,CUDA — mode SRC classic,existant catalogue 0292,booléen,false,booléen: true/1/yes/on ou false/0/no/off,srcClassicCudaModeEnable,classicSrcCudaModeEnable; classicSrcModeEnable; classicSrcCudaMode,"Sélecteur .kv du chemin SRC/MPCD classic, séparé de la fermeture liquide.",Force le mode SRC classic complet: advection/streaming + shift + collision/rotation + thermostat. Court-circuite les fermetures Q6/resampling/viriel dans le driver; à utiliser pour les démos/validations classic CUDA 0275–0286.,simulation_params.h; params_io_base.cpp; doc/GPU_SRC_CLASSIC_CUDA_STATUS_0286.md,src_mpcd_params_catalogue_0292_cuda.csv
bcBottom,params_canonical_field,Conditions limites,existant catalogue 0292,enum string,periodic,periodic; solid; specular; bounceback; inlet/input; outlet/output/open,bcBottom,boundaryBottom,Mode de condition limite sur la face basse.,Les périodiques doivent être appariés bas/haut.,simulation_params.h; params_io_base.cpp,src_mpcd_params_catalogue_0292_cuda.csv
bcLeft,params_canonical_field,Conditions limites,existant catalogue 0292,enum string,periodic,periodic; solid; specular; bounceback; inlet/input; outlet/output/open,bcLeft,boundaryLeft,Mode de condition limite sur la face gauche.,Les périodiques doivent être appariés gauche/droite.,simulation_params.h; params_io_base.cpp,src_mpcd_params_catalogue_0292_cuda.csv
bcRight,params_canonical_field,Conditions limites,existant catalogue 0292,enum string,periodic,periodic; solid; specular; bounceback; inlet/input; outlet/output/open,bcRight,boundaryRight,Mode de condition limite sur la face droite.,Les périodiques doivent être appariés gauche/droite.,simulation_params.h; params_io_base.cpp,src_mpcd_params_catalogue_0292_cuda.csv
bcTop,params_canonical_field,Conditions limites,existant catalogue 0292,enum string,periodic,periodic; solid; specular; bounceback; inlet/input; outlet/output/open,bcTop,boundaryTop,Mode de condition limite sur la face haute.,Les périodiques doivent être appariés bas/haut.,simulation_params.h; params_io_base.cpp,src_mpcd_params_catalogue_0292_cuda.csv
bcX,params_canonical_field,Conditions limites,existant catalogue 0292,enum string,(non stocké),periodic; solid; specular; bounceback; inlet/input; outlet/output/open,bcX,,Définit simultanément les modes gauche et droit.,"Alias de paire; appliqué à bcLeft et bcRight, puis les clés par face peuvent surcharger.",simulation_params.h; params_io_base.cpp,src_mpcd_params_catalogue_0292_cuda.csv
bcY,params_canonical_field,Conditions limites,existant catalogue 0292,enum string,(non stocké),periodic; solid; specular; bounceback; inlet/input; outlet/output/open,bcY,,Définit simultanément les modes bas et haut.,"Alias de paire; appliqué à bcBottom et bcTop, puis les clés par face peuvent surcharger.",simulation_params.h; params_io_base.cpp,src_mpcd_params_catalogue_0292_cuda.csv
fluidXMax0,params_canonical_field,Domaine actif mobile,existant catalogue 0292,double,-1.0,-1 hérite de Lx; sinon > fluidXMin0 et <= Lx,fluidXMax0,,Borne x maximale initiale du domaine fluide actif.,"Si une frontière x est périodique, le domaine x doit être complet et statique.",simulation_params.h; params_io_base.cpp,src_mpcd_params_catalogue_0292_cuda.csv
fluidXMaxVelocity,params_canonical_field,Domaine actif mobile,existant catalogue 0292,double,0.0,nombre réel fini,fluidXMaxVelocity,,Vitesse imposée de la borne x maximale du domaine actif.,Incompatible avec une paire périodique x si non nul.,simulation_params.h; params_io_base.cpp,src_mpcd_params_catalogue_0292_cuda.csv
fluidXMin0,params_canonical_field,Domaine actif mobile,existant catalogue 0292,double,0.0,">= 0, dans [0,Lx]",fluidXMin0,,Borne x minimale initiale du domaine fluide actif.,Le domaine actif doit rester inclus dans la boîte numérique.,simulation_params.h; params_io_base.cpp,src_mpcd_params_catalogue_0292_cuda.csv
fluidXMinVelocity,params_canonical_field,Domaine actif mobile,existant catalogue 0292,double,0.0,nombre réel fini,fluidXMinVelocity,,Vitesse imposée de la borne x minimale du domaine actif.,Incompatible avec une paire périodique x si non nul.,simulation_params.h; params_io_base.cpp,src_mpcd_params_catalogue_0292_cuda.csv
fluidYMax0,params_canonical_field,Domaine actif mobile,existant catalogue 0292,double,-1.0,-1 hérite de Ly; sinon > fluidYMin0 et <= Ly,fluidYMax0,fluidYTop0,Borne y maximale initiale du domaine fluide actif.,"Si une frontière y est périodique, le domaine y doit être complet et statique.",simulation_params.h; params_io_base.cpp,src_mpcd_params_catalogue_0292_cuda.csv
fluidYMaxVelocity,params_canonical_field,Domaine actif mobile,existant catalogue 0292,double,0.0,nombre réel fini,fluidYMaxVelocity,fluidYTopVelocity,Vitesse imposée de la borne y maximale du domaine actif.,Incompatible avec une paire périodique y si non nul.,simulation_params.h; params_io_base.cpp,src_mpcd_params_catalogue_0292_cuda.csv
fluidYMin0,params_canonical_field,Domaine actif mobile,existant catalogue 0292,double,0.0,">= 0, dans [0,Ly]",fluidYMin0,,Borne y minimale initiale du domaine fluide actif.,Le domaine actif doit rester inclus dans la boîte numérique.,simulation_params.h; params_io_base.cpp,src_mpcd_params_catalogue_0292_cuda.csv
fluidYMinVelocity,params_canonical_field,Domaine actif mobile,existant catalogue 0292,double,0.0,nombre réel fini,fluidYMinVelocity,,Vitesse imposée de la borne y minimale du domaine actif.,Incompatible avec une paire périodique y si non nul.,simulation_params.h; params_io_base.cpp,src_mpcd_params_catalogue_0292_cuda.csv
Lx,params_canonical_field,Domaine et grille,existant catalogue 0292,double,1.0,> 0,Lx,,Longueur du domaine numérique en x.,,simulation_params.h; params_io_base.cpp,src_mpcd_params_catalogue_0292_cuda.csv
Ly,params_canonical_field,Domaine et grille,existant catalogue 0292,double,1.0,> 0,Ly,,Longueur du domaine numérique en y.,,simulation_params.h; params_io_base.cpp,src_mpcd_params_catalogue_0292_cuda.csv
Nx,params_canonical_field,Domaine et grille,existant catalogue 0292,entier,32,> 0,Nx,,Nombre de cellules MPCD/projection en x.,,simulation_params.h; params_io_base.cpp,src_mpcd_params_catalogue_0292_cuda.csv
Ny,params_canonical_field,Domaine et grille,existant catalogue 0292,entier,32,> 0,Ny,,Nombre de cellules MPCD/projection en y.,,simulation_params.h; params_io_base.cpp,src_mpcd_params_catalogue_0292_cuda.csv
inletInjectionMode,params_canonical_field,Entrées/sorties — injection,existant catalogue 0292,enum string,cuda_recycle,cuda_recycle; thin_slab; hard_cell_density; hard_density; hard; cell_density,inletInjectionMode,,Mode historique de réinjection/recyclage des particules à l’entrée.,Validé seulement si une frontière inlet/outlet est présente.,simulation_params.h; params_io_base.cpp,src_mpcd_params_catalogue_0292_cuda.csv
inletKBT,params_canonical_field,Entrées/sorties — injection,existant catalogue 0292,double,-1.0,négatif => hérite de kBT; sinon >0 recommandé,inletKBT,,Température cinétique imposée aux particules injectées.,"Si inletThermalNoise>0 et inletKBT<0, kBT doit être >0.",simulation_params.h; params_io_base.cpp,src_mpcd_params_catalogue_0292_cuda.csv
inletRandomizeTangential,params_canonical_field,Entrées/sorties — injection,existant catalogue 0292,booléen,true,booléen: true/1/yes/on ou false/0/no/off,inletRandomizeTangential,inletRandomizeTransverse; inletRandomizeY; injectRandomY,Randomise la coordonnée tangentielle des particules injectées.,,simulation_params.h; params_io_base.cpp,src_mpcd_params_catalogue_0292_cuda.csv
inletReinjectBackflow,params_canonical_field,Entrées/sorties — injection,existant catalogue 0292,booléen,true,booléen: true/1/yes/on ou false/0/no/off,inletReinjectBackflow,reinjectBackflow,Réinjecte les particules traversant une entrée dans le mauvais sens au lieu de les laisser sortir.,,simulation_params.h; params_io_base.cpp,src_mpcd_params_catalogue_0292_cuda.csv
inletSlabCells,params_canonical_field,Entrées/sorties — injection,existant catalogue 0292,double,1.0,> 0,inletSlabCells,inletInjectionSlabCells,Épaisseur de la dalle d’injection en nombre de cellules locales.,Utilisé dans les modes de recyclage/injection en slab.,simulation_params.h; params_io_base.cpp,src_mpcd_params_catalogue_0292_cuda.csv
inletThermalNoise,params_canonical_field,Entrées/sorties — injection,existant catalogue 0292,double,1.0,>= 0,inletThermalNoise,,Amplitude du bruit thermique Maxwellien ajouté à l’inlet; 0 donne une vitesse déterministe.,,simulation_params.h; params_io_base.cpp,src_mpcd_params_catalogue_0292_cuda.csv
openBoundaryOutletForcedLayerCells,params_canonical_field,Entrées/sorties — modes outlet,existant catalogue 0292,entier,1,>= 1,openBoundaryOutletForcedLayerCells,,"Épaisseur de la zone d’extraction forcée, en nombre de cellules à partir de la face outlet.",Utilisé en forced_flux/equilibrium_flux pour sélectionner l’épaisseur de couche outlet où la masse/les particules peuvent être extraites. Les scripts de démo peuvent choisir 3 par défaut.,simulation_params.h; params_io_base.cpp; cuda_classic_src_io_resident_0263.cu; patch 0291,src_mpcd_params_catalogue_0292_cuda.csv
openBoundaryOutletForcedMassFlux,params_canonical_field,Entrées/sorties — modes outlet,existant catalogue 0292,double,0.0,>= 0; unités masse / temps simulation,openBoundaryOutletForcedMassFlux,,"Flux de masse sortant imposé par l’utilisateur, découplé du flux inlet.",Utilisé si openBoundaryOutletMode=forced_flux et aucun flux particulaire prioritaire n’est donné. Masse extraite par step = flux * dt.,simulation_params.h; params_io_base.cpp; cuda_classic_src_io_resident_0263.cu; patch 0291,src_mpcd_params_catalogue_0292_cuda.csv
openBoundaryOutletForcedMassPerStep,params_canonical_field,Entrées/sorties — modes outlet,existant catalogue 0292,double,0.0,>= 0; masse / step,openBoundaryOutletForcedMassPerStep,,Masse cible à extraire à chaque step dans la couche outlet.,Utilisé si openBoundaryOutletMode=forced_flux et si aucun flux particulaire prioritaire n’est donné. Prioritaire sur openBoundaryOutletForcedMassFlux pour la masse.,simulation_params.h; params_io_base.cpp; cuda_classic_src_io_resident_0263.cu; patch 0291,src_mpcd_params_catalogue_0292_cuda.csv
openBoundaryOutletForcedParticleFlux,params_canonical_field,Entrées/sorties — modes outlet,existant catalogue 0292,double,0.0,>= 0; particules / temps simulation,openBoundaryOutletForcedParticleFlux,,"Flux particulaire sortant imposé par l’utilisateur, découplé du flux inlet.","Utilisé si openBoundaryOutletMode=forced_flux. Nombre extrait par step = flux * dt, arrondi selon l’implémentation. Les paramètres particulaires sont prioritaires sur les paramètres massiques.",simulation_params.h; params_io_base.cpp; cuda_classic_src_io_resident_0263.cu; patch 0291,src_mpcd_params_catalogue_0292_cuda.csv
openBoundaryOutletForcedParticlesPerStep,params_canonical_field,Entrées/sorties — modes outlet,existant catalogue 0292,entier,0,>= 0; particules / step,openBoundaryOutletForcedParticlesPerStep,,Nombre cible de particules à extraire à chaque step dans la couche outlet.,Utilisé si openBoundaryOutletMode=forced_flux. Prioritaire sur openBoundaryOutletForcedParticleFlux et sur les paramètres massiques. 0 désactive l’extraction forcée si aucun autre flux positif n’est donné.,simulation_params.h; params_io_base.cpp; cuda_classic_src_io_resident_0263.cu; patch 0291,src_mpcd_params_catalogue_0292_cuda.csv
openBoundaryOutletMode,params_canonical_field,Entrées/sorties — modes outlet,existant catalogue 0292,enum string,balanced_flux historique Q6; utiliser explicitement neumann/equilibrium_flux/forced_flux pour SRC classic 0291+,SRC classic 0291+: neumann; equilibrium_flux; forced_flux. Q6/open-boundary historique: balanced_flux; prescribed_flux; balanced; prescribed; dirichlet; neumann; free; zero_gradient; zero_normal_gradient; hybrid; neumann_feedback; hybrid_feedback.,openBoundaryOutletMode,openOutletBoundaryMode; outletBoundaryMode; q6q9OutletBoundaryMode,"Choisit le régime de sortie: sortie passive, extraction équilibrée ou extraction forcée utilisateur pour SRC classic; conserve aussi les politiques Q6 open-boundary historiques.",SRC classic CUDA 0291+: appliqué aux outlets full-face et segmentés. forced_flux est indépendant de l’inlet et nécessite un paramètre openBoundaryOutletForced* positif. equilibrium_flux tente une extraction équilibrante couplée au gain net du step. neumann laisse sortir passivement. Les modes Q6 historiques restent disponibles pour la projection open-boundary.,simulation_params.h; params_io_base.cpp; cuda_classic_src_io_resident_0263.cu; patches 0291/0291b,src_mpcd_params_catalogue_0292_cuda.csv
inletVelocitySpatialProfile,params_canonical_field,Entrées/sorties — profil spatial,existant catalogue 0292,enum string,uniform,uniform; poiseuille_y; poiseuille_y_mean; poiseuille_y_max; flat_taper_y; flat_taper_y_mean,inletVelocitySpatialProfile,inletSpatialProfile; inletProfile; openBoundaryVelocityProfile,Profil spatial de vitesse/flux imposé sur les entrées.,Les tirets sont normalisés en underscores.,simulation_params.h; params_io_base.cpp,src_mpcd_params_catalogue_0292_cuda.csv
inletVelocityWallTaperCells,params_canonical_field,Entrées/sorties — profil spatial,existant catalogue 0292,double,2.0,>= 0,inletVelocityWallTaperCells,inletWallTaperCells; openBoundaryVelocityWallTaperCells,"Largeur du lissage/taper près des murs, exprimée en cellules.",Utilisé par les profils flat_taper_y.,simulation_params.h; params_io_base.cpp,src_mpcd_params_catalogue_0292_cuda.csv
inletVelocityRampEnable,params_canonical_field,Entrées/sorties — rampe,existant catalogue 0292,booléen,false,booléen: true/1/yes/on ou false/0/no/off,inletVelocityRampEnable,inletRampEnable,Active une rampe temporelle multiplicative sur les vitesses/flux d’entrée.,,simulation_params.h; params_io_base.cpp,src_mpcd_params_catalogue_0292_cuda.csv
inletVelocityRampEndTime,params_canonical_field,Entrées/sorties — rampe,existant catalogue 0292,double,0.0,nombre réel fini,inletVelocityRampEndTime,inletRampEndTime,Temps de fin de la rampe d’entrée.,"Si rampe active, EndTime >= StartTime.",simulation_params.h; params_io_base.cpp,src_mpcd_params_catalogue_0292_cuda.csv
inletVelocityRampFinalFactor,params_canonical_field,Entrées/sorties — rampe,existant catalogue 0292,double,1.0,nombre réel fini,inletVelocityRampFinalFactor,inletRampFinalFactor,Facteur multiplicatif final de vitesse/flux d’entrée.,Si rampe active.,simulation_params.h; params_io_base.cpp,src_mpcd_params_catalogue_0292_cuda.csv
inletVelocityRampInitialFactor,params_canonical_field,Entrées/sorties — rampe,existant catalogue 0292,double,0.0,nombre réel fini,inletVelocityRampInitialFactor,inletRampInitialFactor,Facteur multiplicatif initial de vitesse/flux d’entrée.,Si rampe active.,simulation_params.h; params_io_base.cpp,src_mpcd_params_catalogue_0292_cuda.csv
inletVelocityRampProfile,params_canonical_field,Entrées/sorties — rampe,existant catalogue 0292,enum string,linear,linear; smoothstep,inletVelocityRampProfile,inletRampProfile,Loi d’interpolation temporelle de la rampe.,Si rampe active.,simulation_params.h; params_io_base.cpp,src_mpcd_params_catalogue_0292_cuda.csv
inletVelocityRampStartTime,params_canonical_field,Entrées/sorties — rampe,existant catalogue 0292,double,0.0,nombre réel fini,inletVelocityRampStartTime,inletRampStartTime,Temps de début de la rampe d’entrée.,"Si rampe active, EndTime >= StartTime.",simulation_params.h; params_io_base.cpp,src_mpcd_params_catalogue_0292_cuda.csv
inletHardCellThermalRescale,params_canonical_field,Entrées/sorties — réservoir dur,existant catalogue 0292,booléen,true,booléen: true/1/yes/on ou false/0/no/off,inletHardCellThermalRescale,,Rescale les fluctuations thermiques de la cellule d’entrée.,Mode hard_cell_density.,simulation_params.h; params_io_base.cpp,src_mpcd_params_catalogue_0292_cuda.csv
inletHardCellVelocityMean,params_canonical_field,Entrées/sorties — réservoir dur,existant catalogue 0292,booléen,true,booléen: true/1/yes/on ou false/0/no/off,inletHardCellVelocityMean,,Recentre les vitesses injectées pour imposer exactement la moyenne de cellule.,Mode hard_cell_density.,simulation_params.h; params_io_base.cpp,src_mpcd_params_catalogue_0292_cuda.csv
inletReservoirCells,params_canonical_field,Entrées/sorties — réservoir dur,existant catalogue 0292,entier,1,> 0 si hard_cell_density,inletReservoirCells,inletDensityCells,Épaisseur du réservoir d’entrée en nombre de cellules.,Utilisé par le mode hard_cell_density.,simulation_params.h; params_io_base.cpp,src_mpcd_params_catalogue_0292_cuda.csv
inletReservoirMode,params_canonical_field,Entrées/sorties — réservoir dur,existant catalogue 0292,enum string,recycle,recycle; cuda_recycle; thin_slab; hard_cell_density; hard_density; hard; cell_density; default,inletReservoirMode,,Mode de réservoir d’entrée; les alias cuda_recycle/thin_slab sont normalisés vers recycle.,hard_cell_density exige inletReservoirCells>0 et inletTargetOccupancy>0.,simulation_params.h; params_io_base.cpp,src_mpcd_params_catalogue_0292_cuda.csv
inletTargetOccupancy,params_canonical_field,Entrées/sorties — réservoir dur,existant catalogue 0292,entier,0,> 0 si hard_cell_density,inletTargetOccupancy,inletTargetN; inletGamma,Nombre cible de particules par cellule de réservoir dur.,Souvent choisi égal à gamma.,simulation_params.h; params_io_base.cpp,src_mpcd_params_catalogue_0292_cuda.csv
openBoundarySegmentCount,params_canonical_field,Entrées/sorties — segments,existant catalogue 0292,entier,0,0 si désactivé; 1..16 si activé,openBoundarySegmentCount,,Nombre de segments ouverts définis.,Limite codée: 16 segments.,simulation_params.h; params_io_base.cpp,src_mpcd_params_catalogue_0292_cuda.csv
openBoundarySegmentK,params_canonical_field,Entrées/sorties — segments,existant catalogue 0292,record,(aucun),"face mode sMin sMax ux uy type mass; face={left,right,bottom,top}; mode=inlet/input/outlet/output/open; 0<=sMin<sMax<=1; mass>0",openBoundarySegmentK,openBoundarySegment0 ... openBoundarySegment{N-1},Déclaration d’un segment relatif sur une face solide/specular/bounceback.,N=openBoundarySegmentCount. Les segments d’une même face ne doivent pas se chevaucher.,simulation_params.h; params_io_base.cpp,src_mpcd_params_catalogue_0292_cuda.csv
openBoundarySegmentsEnable,params_canonical_field,Entrées/sorties — segments,existant catalogue 0292,booléen,false,booléen: true/1/yes/on ou false/0/no/off,openBoundarySegmentsEnable,,Active les segments compacts inlet/outlet sur des faces autrement wall-like.,"Si true, openBoundarySegmentCount>0 et chaque openBoundarySegmentK requis.",simulation_params.h; params_io_base.cpp,src_mpcd_params_catalogue_0292_cuda.csv
openBoundaryOutletFeedbackGain,params_canonical_field,Entrées/sorties — sortie Q6,existant catalogue 0292,double,0.0,"[0,1]",openBoundaryOutletFeedbackGain,outletFeedbackGain; openOutletFeedbackGain; openBoundaryOutletMassFeedbackGain,Gain du feedback global outlet-only sur le déséquilibre de flux.,Utilisé uniquement en mode hybrid/neumann_feedback/hybrid_feedback.,simulation_params.h; params_io_base.cpp,src_mpcd_params_catalogue_0292_cuda.csv
openBoundaryOutletHybridBlend,params_canonical_field,Entrées/sorties — sortie Q6,existant catalogue 0292,double,0.0,"[0,1]",openBoundaryOutletHybridBlend,outletHybridBlend; openOutletHybridBlend,Mélange entre profil local Neumann et profil équilibré.,"Utilisé uniquement en mode hybrid; pour sorties segmentées hybrid, doit rester 0.",simulation_params.h; params_io_base.cpp,src_mpcd_params_catalogue_0292_cuda.csv
inletUx,params_canonical_field,Entrées/sorties — vitesse,existant catalogue 0292,double,(non stocké),nombre réel fini,inletUx,inletVelocityX,Alias global pour la composante x de vitesse d’entrée.,Applique la même valeur à inletUxLeft/Right/Bottom/Top.,simulation_params.h; params_io_base.cpp,src_mpcd_params_catalogue_0292_cuda.csv
inletUxBottom,params_canonical_field,Entrées/sorties — vitesse,existant catalogue 0292,double,0.0,nombre réel fini,inletUxBottom,,Composante x de la vitesse prescrite sur l’entrée bottom.,Utilisé par les faces inlet et les segments d’inlet selon le cas.,simulation_params.h; params_io_base.cpp,src_mpcd_params_catalogue_0292_cuda.csv
inletUxLeft,params_canonical_field,Entrées/sorties — vitesse,existant catalogue 0292,double,0.0,nombre réel fini,inletUxLeft,,Composante x de la vitesse prescrite sur l’entrée left.,Utilisé par les faces inlet et les segments d’inlet selon le cas.,simulation_params.h; params_io_base.cpp,src_mpcd_params_catalogue_0292_cuda.csv
inletUxRight,params_canonical_field,Entrées/sorties — vitesse,existant catalogue 0292,double,0.0,nombre réel fini,inletUxRight,,Composante x de la vitesse prescrite sur l’entrée right.,Utilisé par les faces inlet et les segments d’inlet selon le cas.,simulation_params.h; params_io_base.cpp,src_mpcd_params_catalogue_0292_cuda.csv
inletUxTop,params_canonical_field,Entrées/sorties — vitesse,existant catalogue 0292,double,0.0,nombre réel fini,inletUxTop,,Composante x de la vitesse prescrite sur l’entrée top.,Utilisé par les faces inlet et les segments d’inlet selon le cas.,simulation_params.h; params_io_base.cpp,src_mpcd_params_catalogue_0292_cuda.csv
inletUy,params_canonical_field,Entrées/sorties — vitesse,existant catalogue 0292,double,(non stocké),nombre réel fini,inletUy,inletVelocityY,Alias global pour la composante y de vitesse d’entrée.,Applique la même valeur à inletUyLeft/Right/Bottom/Top.,simulation_params.h; params_io_base.cpp,src_mpcd_params_catalogue_0292_cuda.csv
inletUyBottom,params_canonical_field,Entrées/sorties — vitesse,existant catalogue 0292,double,0.0,nombre réel fini,inletUyBottom,,Composante y de la vitesse prescrite sur l’entrée bottom.,Utilisé par les faces inlet et les segments d’inlet selon le cas.,simulation_params.h; params_io_base.cpp,src_mpcd_params_catalogue_0292_cuda.csv
inletUyLeft,params_canonical_field,Entrées/sorties — vitesse,existant catalogue 0292,double,0.0,nombre réel fini,inletUyLeft,,Composante y de la vitesse prescrite sur l’entrée left.,Utilisé par les faces inlet et les segments d’inlet selon le cas.,simulation_params.h; params_io_base.cpp,src_mpcd_params_catalogue_0292_cuda.csv
inletUyRight,params_canonical_field,Entrées/sorties — vitesse,existant catalogue 0292,double,0.0,nombre réel fini,inletUyRight,,Composante y de la vitesse prescrite sur l’entrée right.,Utilisé par les faces inlet et les segments d’inlet selon le cas.,simulation_params.h; params_io_base.cpp,src_mpcd_params_catalogue_0292_cuda.csv
inletUyTop,params_canonical_field,Entrées/sorties — vitesse,existant catalogue 0292,double,0.0,nombre réel fini,inletUyTop,,Composante y de la vitesse prescrite sur l’entrée top.,Utilisé par les faces inlet et les segments d’inlet selon le cas.,simulation_params.h; params_io_base.cpp,src_mpcd_params_catalogue_0292_cuda.csv
taylorGreenForcingAmplitude,params_canonical_field,Forçage Taylor–Green,existant catalogue 0292,double,0.0,>= 0,taylorGreenForcingAmplitude,tgForcingAmplitude; tgForceAmplitude,Amplitude A du forçage Taylor–Green.,Utilisé seulement si taylorGreenForcingEnable=true.,simulation_params.h; params_io_base.cpp,src_mpcd_params_catalogue_0292_cuda.csv
taylorGreenForcingEnable,params_canonical_field,Forçage Taylor–Green,existant catalogue 0292,booléen,false,booléen: true/1/yes/on ou false/0/no/off,taylorGreenForcingEnable,tgForcingEnable,Active un forçage corporel périodique divergence-free de type Taylor–Green.,Restreint aux domaines périodiques x et y.,simulation_params.h; params_io_base.cpp,src_mpcd_params_catalogue_0292_cuda.csv
taylorGreenForcingModeX,params_canonical_field,Forçage Taylor–Green,existant catalogue 0292,entier,1,> 0,taylorGreenForcingModeX,tgForcingModeX,Nombre d’onde entier en x du forçage Taylor–Green.,Utilisé seulement si taylorGreenForcingEnable=true.,simulation_params.h; params_io_base.cpp,src_mpcd_params_catalogue_0292_cuda.csv
taylorGreenForcingModeY,params_canonical_field,Forçage Taylor–Green,existant catalogue 0292,entier,1,> 0,taylorGreenForcingModeY,tgForcingModeY,Nombre d’onde entier en y du forçage Taylor–Green.,Utilisé seulement si taylorGreenForcingEnable=true.,simulation_params.h; params_io_base.cpp,src_mpcd_params_catalogue_0292_cuda.csv
bodyAccelerationX,params_canonical_field,Forçage et contrôle d’écoulement,existant catalogue 0292,double,0.0,nombre réel fini,bodyAccelerationX,bodyForceX,Accélération volumique uniforme appliquée en x avant streaming.,,simulation_params.h; params_io_base.cpp,src_mpcd_params_catalogue_0292_cuda.csv
bodyAccelerationY,params_canonical_field,Forçage et contrôle d’écoulement,existant catalogue 0292,double,0.0,nombre réel fini,bodyAccelerationY,bodyForceY,Accélération volumique uniforme appliquée en y avant streaming.,,simulation_params.h; params_io_base.cpp,src_mpcd_params_catalogue_0292_cuda.csv
keepMeanFlowEnable,params_canonical_field,Forçage et contrôle d’écoulement,existant catalogue 0292,booléen,false,booléen: true/1/yes/on ou false/0/no/off,keepMeanFlowEnable,keepMeanFlow,Active un correcteur global de vitesse moyenne après SRC/Q6/thermostat.,,simulation_params.h; params_io_base.cpp,src_mpcd_params_catalogue_0292_cuda.csv
targetMeanUx,params_canonical_field,Forçage et contrôle d’écoulement,existant catalogue 0292,double,0.0,nombre réel fini,targetMeanUx,meanFlowUx; U0,Vitesse moyenne cible en x.,Pris en compte si keepMeanFlowEnable=true.,simulation_params.h; params_io_base.cpp,src_mpcd_params_catalogue_0292_cuda.csv
targetMeanUy,params_canonical_field,Forçage et contrôle d’écoulement,existant catalogue 0292,double,0.0,nombre réel fini,targetMeanUy,meanFlowUy,Vitesse moyenne cible en y.,Pris en compte si keepMeanFlowEnable=true.,simulation_params.h; params_io_base.cpp,src_mpcd_params_catalogue_0292_cuda.csv
dumpStateEvery,params_canonical_field,I/O et exécution,existant catalogue 0292,entier,0,entier >= 0; 0 désactive les dumps périodiques,dumpStateEvery,,Cadence d’écriture des états .smpcd pour post-traitement.,,simulation_params.h; params_io_base.cpp,src_mpcd_params_catalogue_0292_cuda.csv
inputState,params_canonical_field,I/O et exécution,existant catalogue 0292,chemin,(obligatoire),chaîne non vide,inputState,,Fichier d’état initial .smpcd lu par l’exécutable.,Toujours obligatoire.,simulation_params.h; params_io_base.cpp,src_mpcd_params_catalogue_0292_cuda.csv
numThreads,params_canonical_field,I/O et exécution,existant catalogue 0292,entier,0,entier >= 0; 0 laisse OpenMP décider,numThreads,,Force omp_set_num_threads(numThreads).,Pris en compte seulement si le binaire est compilé avec OpenMP.,simulation_params.h; params_io_base.cpp,src_mpcd_params_catalogue_0292_cuda.csv
outputDir,params_canonical_field,I/O et exécution,existant catalogue 0292,chemin,run_base,chaîne non vide,outputDir,,"Répertoire de sortie du run: summaries, dumps et fichiers associés.",,simulation_params.h; params_io_base.cpp,src_mpcd_params_catalogue_0292_cuda.csv
summaryEvery,params_canonical_field,I/O et exécution,existant catalogue 0292,entier,10,entier > 0,summaryEvery,,Cadence d’écriture de summary_runtime.csv et d’affichage de progression.,,simulation_params.h; params_io_base.cpp,src_mpcd_params_catalogue_0292_cuda.csv
wallAccommodation,params_canonical_field,Parois,existant catalogue 0292,double,1.0,"[0,1]",wallAccommodation,,"Coefficient d’accommodation de paroi: 0 glissant/specular-like, 1 couplage thermique complet.",,simulation_params.h; params_io_base.cpp,src_mpcd_params_catalogue_0292_cuda.csv
wallKBT,params_canonical_field,Parois,existant catalogue 0292,double,-1.0,négatif => hérite de kBT; sinon >0 si couplage actif,wallKBT,,Température cinétique de paroi.,"Si paroi active et accommodation>0, kBT doit être >0 si wallKBT/wallVpKBT sont négatifs.",simulation_params.h; params_io_base.cpp,src_mpcd_params_catalogue_0292_cuda.csv
wallThermalNoise,params_canonical_field,Parois,existant catalogue 0292,double,1.0,>= 0,wallThermalNoise,,Amplitude du bruit thermique de paroi; 0 donne un couplage déterministe.,,simulation_params.h; params_io_base.cpp,src_mpcd_params_catalogue_0292_cuda.csv
wallVpEnable,params_canonical_field,Parois,existant catalogue 0292,booléen,false,booléen: true/1/yes/on ou false/0/no/off,wallVpEnable,,Active explicitement le couplage virtual-particle de paroi legacy.,,simulation_params.h; params_io_base.cpp,src_mpcd_params_catalogue_0292_cuda.csv
wallVpGamma,params_canonical_field,Parois,existant catalogue 0292,double,0.0,>= 0; 0 infère l’occupation moyenne réelle,wallVpGamma,,Population virtuelle de paroi dans une cellule de collision entièrement solide.,,simulation_params.h; params_io_base.cpp,src_mpcd_params_catalogue_0292_cuda.csv
wallVpKBT,params_canonical_field,Parois,existant catalogue 0292,double,-1.0,alias legacy thermique; négatif => hérite de kBT; 0 invalide si actif,wallVpKBT,,Ancien paramètre de température de paroi VP.,Utilisé comme fallback si wallKBT n’est pas positif.,simulation_params.h; params_io_base.cpp,src_mpcd_params_catalogue_0292_cuda.csv
wallVpMass,params_canonical_field,Parois,existant catalogue 0292,double,1.0,> 0,wallVpMass,,Masse des particules virtuelles/agrégat de paroi.,,simulation_params.h; params_io_base.cpp,src_mpcd_params_catalogue_0292_cuda.csv
wallVpMode,params_canonical_field,Parois,existant catalogue 0292,enum string,thermal,thermal; deterministic_thermal; stochastic_fraction,wallVpMode,,Mode de couplage thermique de paroi; stochastic_fraction est accepté comme alias legacy.,,simulation_params.h; params_io_base.cpp,src_mpcd_params_catalogue_0292_cuda.csv
wallVpUxBottom,params_canonical_field,Parois — vitesses,existant catalogue 0292,double,0.0,nombre réel fini,wallVpUxBottom,wallUxBottom,Composante x de la vitesse de paroi sur la face bottom.,,simulation_params.h; params_io_base.cpp,src_mpcd_params_catalogue_0292_cuda.csv
wallVpUxLeft,params_canonical_field,Parois — vitesses,existant catalogue 0292,double,0.0,nombre réel fini,wallVpUxLeft,wallUxLeft,Composante x de la vitesse de paroi sur la face left.,,simulation_params.h; params_io_base.cpp,src_mpcd_params_catalogue_0292_cuda.csv
wallVpUxRight,params_canonical_field,Parois — vitesses,existant catalogue 0292,double,0.0,nombre réel fini,wallVpUxRight,wallUxRight,Composante x de la vitesse de paroi sur la face right.,,simulation_params.h; params_io_base.cpp,src_mpcd_params_catalogue_0292_cuda.csv
wallVpUxTop,params_canonical_field,Parois — vitesses,existant catalogue 0292,double,0.0,nombre réel fini,wallVpUxTop,wallUxTop,Composante x de la vitesse de paroi sur la face top.,,simulation_params.h; params_io_base.cpp,src_mpcd_params_catalogue_0292_cuda.csv
wallVpUyBottom,params_canonical_field,Parois — vitesses,existant catalogue 0292,double,0.0,nombre réel fini,wallVpUyBottom,wallUyBottom,Composante y de la vitesse de paroi sur la face bottom.,,simulation_params.h; params_io_base.cpp,src_mpcd_params_catalogue_0292_cuda.csv
wallVpUyLeft,params_canonical_field,Parois — vitesses,existant catalogue 0292,double,0.0,nombre réel fini,wallVpUyLeft,wallUyLeft,Composante y de la vitesse de paroi sur la face left.,,simulation_params.h; params_io_base.cpp,src_mpcd_params_catalogue_0292_cuda.csv
wallVpUyRight,params_canonical_field,Parois — vitesses,existant catalogue 0292,double,0.0,nombre réel fini,wallVpUyRight,wallUyRight,Composante y de la vitesse de paroi sur la face right.,,simulation_params.h; params_io_base.cpp,src_mpcd_params_catalogue_0292_cuda.csv
wallVpUyTop,params_canonical_field,Parois — vitesses,existant catalogue 0292,double,0.0,nombre réel fini,wallVpUyTop,wallUyTop,Composante y de la vitesse de paroi sur la face top.,,simulation_params.h; params_io_base.cpp,src_mpcd_params_catalogue_0292_cuda.csv
projectionEnable,params_canonical_field,Projection Q6 / elliptique,existant catalogue 0292,booléen,false,booléen: true/1/yes/on ou false/0/no/off,projectionEnable,,Active la projection incompressible Q6.,,simulation_params.h; params_io_base.cpp,src_mpcd_params_catalogue_0292_cuda.csv
projectionMaxIterations,params_canonical_field,Projection Q6 / elliptique,existant catalogue 0292,entier,300,>=0,projectionMaxIterations,,Nombre maximal d’itérations CG.,Si projectionEnable=true.,simulation_params.h; params_io_base.cpp,src_mpcd_params_catalogue_0292_cuda.csv
projectionMomentumCorrectionEnable,params_canonical_field,Projection Q6 / elliptique,existant catalogue 0292,booléen,true,booléen: true/1/yes/on ou false/0/no/off,projectionMomentumCorrectionEnable,,Active la correction globale de quantité de mouvement après projection.,,simulation_params.h; params_io_base.cpp,src_mpcd_params_catalogue_0292_cuda.csv
projectionOperator,params_canonical_field,Projection Q6 / elliptique,existant catalogue 0292,enum string,periodic_fv_cg,periodic_fv_cg; channel_fv_cg; auto_fv_cg; elliptic_fv_cg,projectionOperator,,Opérateur elliptique/div-grad utilisé par la projection.,Si projectionEnable=true.,simulation_params.h; params_io_base.cpp,src_mpcd_params_catalogue_0292_cuda.csv
projectionTolerance,params_canonical_field,Projection Q6 / elliptique,existant catalogue 0292,double,1.0e-10,>0,projectionTolerance,,Tolérance relative/numérique du solveur de projection.,Si projectionEnable=true.,simulation_params.h; params_io_base.cpp,src_mpcd_params_catalogue_0292_cuda.csv
q6ProjectionStrength,params_canonical_field,Projection Q6 / elliptique,existant catalogue 0292,double,1.0,"[0,1]",q6ProjectionStrength,projectionStrength,Sous-relaxation de la correction fluide-fluide Q6.,Si projectionEnable=true.,simulation_params.h; params_io_base.cpp,src_mpcd_params_catalogue_0292_cuda.csv
projectionAllowUnmaskedImmersedSolid,params_canonical_field,Projection Q6 / solide immergé,existant catalogue 0292,booléen,false,booléen: true/1/yes/on ou false/0/no/off,projectionAllowUnmaskedImmersedSolid,,Autorise explicitement Q6 avec solide immergé non masqué.,À réserver aux tests/debug.,simulation_params.h; params_io_base.cpp,src_mpcd_params_catalogue_0292_cuda.csv
projectionImmersedSolidCloseCutFaces,params_canonical_field,Projection Q6 / solide immergé,existant catalogue 0292,booléen,true,booléen: true/1/yes/on ou false/0/no/off,projectionImmersedSolidCloseCutFaces,,Ferme les faces coupées par le solide immergé dans la projection.,,simulation_params.h; params_io_base.cpp,src_mpcd_params_catalogue_0292_cuda.csv
projectionImmersedSolidFluidFractionThreshold,params_canonical_field,Projection Q6 / solide immergé,existant catalogue 0292,double,0.5,"[0,1]",projectionImmersedSolidFluidFractionThreshold,,Seuil de fraction fluide pour classer/masquer les cellules solides.,Si projectionEnable=true.,simulation_params.h; params_io_base.cpp,src_mpcd_params_catalogue_0292_cuda.csv
projectionImmersedSolidMaskEnable,params_canonical_field,Projection Q6 / solide immergé,existant catalogue 0292,booléen,false,booléen: true/1/yes/on ou false/0/no/off,projectionImmersedSolidMaskEnable,,Active le masque solide immergé dans la projection.,"Q6 + immersedSolidEnable exige true, sauf debug explicite.",simulation_params.h; params_io_base.cpp,src_mpcd_params_catalogue_0292_cuda.csv
projectionBackend,params_canonical_field,Projection Q6 — backend,existant catalogue 0292,enum string,cpu,cpu; auto; cuda,projectionBackend,q6ProjectionBackend; gpuProjectionBackend,Sélection expérimentale du backend de projection Q6.,"Concerne seulement projectionEnable=true. Dans le jalon 0286, Q6 CUDA reste un chantier séparé: les cas SRC classic full CUDA doivent garder projectionEnable=false.",simulation_params.h; params_io_base.cpp; cuda_q6_backend.cu,src_mpcd_params_catalogue_0292_cuda.csv
resamplingTargetCellMass,params_canonical_field,Resampling pondéré — cible,existant catalogue 0292,double,0.0,>=0; 0 => infère la masse moyenne courante,resamplingTargetCellMass,weightedResamplingTargetCellMass,Masse cible par cellule pour diagnostics/remap resampling.,,simulation_params.h; params_io_base.cpp,src_mpcd_params_catalogue_0292_cuda.csv
resamplingLatentActivationEnable,params_canonical_field,Resampling pondéré — latent,existant catalogue 0292,booléen,false,booléen: true/1/yes/on ou false/0/no/off,resamplingLatentActivationEnable,resamplingLatentToFluidEnable,Active la conversion Latent -> Fluid pour remplir les cellules pauvres/vides.,,simulation_params.h; params_io_base.cpp,src_mpcd_params_catalogue_0292_cuda.csv
resamplingLatentActivationMaxPerCell,params_canonical_field,Resampling pondéré — latent,existant catalogue 0292,entier,1,>0 si activation latente active,resamplingLatentActivationMaxPerCell,,Nombre maximal d’activations latentes par cellule.,,simulation_params.h; params_io_base.cpp,src_mpcd_params_catalogue_0292_cuda.csv
resamplingLatentActivationParticleMass,params_canonical_field,Resampling pondéré — latent,existant catalogue 0292,double,0.0,>=0; 0 => targetCellMass/maxPerCell,resamplingLatentActivationParticleMass,resamplingLatentParticleMass,Masse attribuée aux particules activées depuis latent.,,simulation_params.h; params_io_base.cpp,src_mpcd_params_catalogue_0292_cuda.csv
resamplingActiveFluidFractionThreshold,params_canonical_field,Resampling pondéré — masque wet,existant catalogue 0292,double,0.5,"[0,1]",resamplingActiveFluidFractionThreshold,,Seuil de fraction fluide active pour considérer une cellule éligible.,,simulation_params.h; params_io_base.cpp,src_mpcd_params_catalogue_0292_cuda.csv
resamplingWetCellMassThreshold,params_canonical_field,Resampling pondéré — masque wet,existant catalogue 0292,double,0.0,>=0,resamplingWetCellMassThreshold,resamplingWetMassThreshold,Seuil de masse minimale d’une cellule wet.,,simulation_params.h; params_io_base.cpp,src_mpcd_params_catalogue_0292_cuda.csv
resamplingWetMaskMode,params_canonical_field,Resampling pondéré — masque wet,existant catalogue 0292,enum string,active_domain,active_domain; occupied,resamplingWetMaskMode,,Définition des cellules wet/actives pour le resampling.,Les tirets sont normalisés en underscores.,simulation_params.h; params_io_base.cpp,src_mpcd_params_catalogue_0292_cuda.csv
resamplingMassGuardEnable,params_canonical_field,Resampling pondéré — masse,existant catalogue 0292,booléen,false,booléen: true/1/yes/on ou false/0/no/off,resamplingMassGuardEnable,resamplingMassSafetyEnable,Active le garde de bornes de masse particulaire.,Exige resamplingRemapEnable=true.,simulation_params.h; params_io_base.cpp,src_mpcd_params_catalogue_0292_cuda.csv
resamplingMassRenormalizationPeriod,params_canonical_field,Resampling pondéré — masse,existant catalogue 0292,entier,1,>=0; 0 désactive remap/guard de masse,resamplingMassRenormalizationPeriod,resamplingMassRenormalisationPeriod; resamplingRemapPeriod; resamplingMassRemapPeriod,Période K de renormalisation/remap de masse.,,simulation_params.h; params_io_base.cpp,src_mpcd_params_catalogue_0292_cuda.csv
resamplingParticleMassMax,params_canonical_field,Resampling pondéré — masse,existant catalogue 0292,double,4.0,> resamplingParticleMassMin,resamplingParticleMassMax,resamplingMassMax,Borne supérieure de masse particulaire.,,simulation_params.h; params_io_base.cpp,src_mpcd_params_catalogue_0292_cuda.csv
resamplingParticleMassMin,params_canonical_field,Resampling pondéré — masse,existant catalogue 0292,double,0.25,>=0,resamplingParticleMassMin,resamplingMassMin,Borne inférieure de masse particulaire.,,simulation_params.h; params_io_base.cpp,src_mpcd_params_catalogue_0292_cuda.csv
resamplingPopulationMaxExtractionsPerCell,params_canonical_field,Resampling pondéré — population,existant catalogue 0292,entier,64,>=0,resamplingPopulationMaxExtractionsPerCell,resamplingNMaxExtractionsPerCell,Limite d’extractions par cellule et par step.,Si resamplingEnable=true.,simulation_params.h; params_io_base.cpp,src_mpcd_params_catalogue_0292_cuda.csv
resamplingPopulationMaxExtractionsPerStep,params_canonical_field,Resampling pondéré — population,existant catalogue 0292,entier,200000,>=0,resamplingPopulationMaxExtractionsPerStep,resamplingNMaxExtractionsPerStep,Limite globale d’extractions par step.,Si resamplingEnable=true.,simulation_params.h; params_io_base.cpp,src_mpcd_params_catalogue_0292_cuda.csv
resamplingPopulationMaxSplitsPerCell,params_canonical_field,Resampling pondéré — population,existant catalogue 0292,entier,16,>=0,resamplingPopulationMaxSplitsPerCell,resamplingNMaxSplitsPerCell,Limite de splits par cellule et par step.,Si resamplingEnable=true.,simulation_params.h; params_io_base.cpp,src_mpcd_params_catalogue_0292_cuda.csv
resamplingPopulationMaxSplitsPerStep,params_canonical_field,Resampling pondéré — population,existant catalogue 0292,entier,200000,>=0,resamplingPopulationMaxSplitsPerStep,resamplingNMaxSplitsPerStep,Limite globale de splits par step.,Si resamplingEnable=true.,simulation_params.h; params_io_base.cpp,src_mpcd_params_catalogue_0292_cuda.csv
resamplingPopulationNMax,params_canonical_field,Resampling pondéré — population,existant catalogue 0292,entier,0,>=0; 0 avec les deux autres bornes => inférence,resamplingPopulationNMax,resamplingNMax,Borne haute de population par cellule.,"Si explicite, NMin<NTarget<NMax.",simulation_params.h; params_io_base.cpp,src_mpcd_params_catalogue_0292_cuda.csv
resamplingPopulationNMaxFraction,params_canonical_field,Resampling pondéré — population,existant catalogue 0292,double,1.30,>=1,resamplingPopulationNMaxFraction,resamplingNMaxFraction,Fraction utilisée pour inférer NMax.,Si resamplingEnable=true.,simulation_params.h; params_io_base.cpp,src_mpcd_params_catalogue_0292_cuda.csv
resamplingPopulationNMin,params_canonical_field,Resampling pondéré — population,existant catalogue 0292,entier,0,>=0; 0 avec les deux autres bornes => inférence,resamplingPopulationNMin,resamplingNMin,Borne basse de population par cellule.,"Si explicite, NMin<NTarget<NMax.",simulation_params.h; params_io_base.cpp,src_mpcd_params_catalogue_0292_cuda.csv
resamplingPopulationNMinFraction,params_canonical_field,Resampling pondéré — population,existant catalogue 0292,double,0.70,"(0,1]",resamplingPopulationNMinFraction,resamplingNMinFraction,Fraction utilisée pour inférer NMin.,Si resamplingEnable=true.,simulation_params.h; params_io_base.cpp,src_mpcd_params_catalogue_0292_cuda.csv
resamplingPopulationNTarget,params_canonical_field,Resampling pondéré — population,existant catalogue 0292,entier,0,>=0; 0 avec les deux autres bornes => inférence,resamplingPopulationNTarget,resamplingNTarget,Population cible par cellule.,"Si explicite, NMin<NTarget<NMax.",simulation_params.h; params_io_base.cpp,src_mpcd_params_catalogue_0292_cuda.csv
resamplingPoorCellMassFraction,params_canonical_field,Resampling pondéré — seuils pauvre/riche,existant catalogue 0292,double,0.5,>=0,resamplingPoorCellMassFraction,resamplingPoorMassFraction,Fraction de masse cible sous laquelle une cellule est pauvre.,,simulation_params.h; params_io_base.cpp,src_mpcd_params_catalogue_0292_cuda.csv
resamplingRichCellMassFraction,params_canonical_field,Resampling pondéré — seuils pauvre/riche,existant catalogue 0292,double,1.5,> resamplingPoorCellMassFraction,resamplingRichCellMassFraction,resamplingRichMassFraction,Fraction de masse cible au-dessus de laquelle une cellule est riche.,,simulation_params.h; params_io_base.cpp,src_mpcd_params_catalogue_0292_cuda.csv
resamplingEnable,params_canonical_field,Resampling pondéré — switches,existant catalogue 0292,booléen,false,booléen: true/1/yes/on ou false/0/no/off,resamplingEnable,weightedResamplingEnable,Switch maître de toutes les opérations de rôle/changement de population.,,simulation_params.h; params_io_base.cpp,src_mpcd_params_catalogue_0292_cuda.csv
resamplingExtractionEnable,params_canonical_field,Resampling pondéré — switches,existant catalogue 0292,booléen,false,booléen: true/1/yes/on ou false/0/no/off,resamplingExtractionEnable,,Active l’extraction Fluid -> Inactive depuis cellules riches.,"Si insertion=true, extraction doit être true.",simulation_params.h; params_io_base.cpp,src_mpcd_params_catalogue_0292_cuda.csv
resamplingInsertionEnable,params_canonical_field,Resampling pondéré — switches,existant catalogue 0292,booléen,false,booléen: true/1/yes/on ou false/0/no/off,resamplingInsertionEnable,,Active l’insertion Inactive -> Fluid vers cellules pauvres.,Exige resamplingExtractionEnable=true.,simulation_params.h; params_io_base.cpp,src_mpcd_params_catalogue_0292_cuda.csv
resamplingRemapEnable,params_canonical_field,Resampling pondéré — switches,existant catalogue 0292,booléen,false,booléen: true/1/yes/on ou false/0/no/off,resamplingRemapEnable,,Active le remap/renormalisation locale de masse.,,simulation_params.h; params_io_base.cpp,src_mpcd_params_catalogue_0292_cuda.csv
resamplingThermalRenormalizationEnable,params_canonical_field,Resampling pondéré — switches,existant catalogue 0292,booléen,false,booléen: true/1/yes/on ou false/0/no/off,resamplingThermalRenormalizationEnable,resamplingThermalRenormalisationEnable,Active la correction thermique liée au resampling.,,simulation_params.h; params_io_base.cpp,src_mpcd_params_catalogue_0292_cuda.csv
closedCapacityInletMassFluxEnable,params_canonical_field,Réponse capacité fermée / viriel,existant catalogue 0292,booléen,false,booléen: true/1/yes/on ou false/0/no/off,closedCapacityInletMassFluxEnable,,Active une loi de flux de masse d’entrée pilotée par capacité.,Si réponse active.,simulation_params.h; params_io_base.cpp,src_mpcd_params_catalogue_0292_cuda.csv
closedCapacityInletMassFluxMultiplier,params_canonical_field,Réponse capacité fermée / viriel,existant catalogue 0292,double,1.0,>=0,closedCapacityInletMassFluxMultiplier,,Multiplicateur du flux de masse inlet piloté par capacité.,Si réponse active.,simulation_params.h; params_io_base.cpp,src_mpcd_params_catalogue_0292_cuda.csv
closedCapacityMassGuardDisableOnOverfill,params_canonical_field,Réponse capacité fermée / viriel,existant catalogue 0292,booléen,true,booléen: true/1/yes/on ou false/0/no/off,closedCapacityMassGuardDisableOnOverfill,,Désactive le mass guard lorsque l’overfill est détecté.,Si réponse active.,simulation_params.h; params_io_base.cpp,src_mpcd_params_catalogue_0292_cuda.csv
closedCapacityMassRemapEta,params_canonical_field,Réponse capacité fermée / viriel,existant catalogue 0292,double,0.005,>0,closedCapacityMassRemapEta,,Paramètre eta d’atténuation du remap de masse en surcapacité.,Si réponse active.,simulation_params.h; params_io_base.cpp,src_mpcd_params_catalogue_0292_cuda.csv
closedCapacityMassRemapPower,params_canonical_field,Réponse capacité fermée / viriel,existant catalogue 0292,double,2.0,>0,closedCapacityMassRemapPower,,Puissance de la loi d’atténuation du remap de masse.,Si réponse active.,simulation_params.h; params_io_base.cpp,src_mpcd_params_catalogue_0292_cuda.csv
closedCapacityQ6Eta,params_canonical_field,Réponse capacité fermée / viriel,existant catalogue 0292,double,0.005,>0,closedCapacityQ6Eta,,Paramètre eta de réduction de la projection Q6 en surcapacité.,Si réponse active.,simulation_params.h; params_io_base.cpp,src_mpcd_params_catalogue_0292_cuda.csv
closedCapacityQ6Power,params_canonical_field,Réponse capacité fermée / viriel,existant catalogue 0292,double,2.0,>0,closedCapacityQ6Power,,Puissance de la loi de réduction Q6.,Si réponse active.,simulation_params.h; params_io_base.cpp,src_mpcd_params_catalogue_0292_cuda.csv
closedCapacityReferenceCellMass,params_canonical_field,Réponse capacité fermée / viriel,existant catalogue 0292,double,0.0,>=0; 0 => inférer,closedCapacityReferenceCellMass,,Masse de référence par cellule fluide.,"Si réponse active, il faut pouvoir inférer via ce champ, resamplingTargetCellMass ou inletTargetOccupancy.",simulation_params.h; params_io_base.cpp,src_mpcd_params_catalogue_0292_cuda.csv
closedCapacityReferenceParticleMass,params_canonical_field,Réponse capacité fermée / viriel,existant catalogue 0292,double,1.0,>0,closedCapacityReferenceParticleMass,,Masse particulaire de référence.,Utilisé pour inférer la masse cellule depuis inletTargetOccupancy.,simulation_params.h; params_io_base.cpp,src_mpcd_params_catalogue_0292_cuda.csv
closedCapacityResponseEnable,params_canonical_field,Réponse capacité fermée / viriel,existant catalogue 0292,booléen,false,booléen: true/1/yes/on ou false/0/no/off,closedCapacityResponseEnable,,Active la réponse à la surcapacité/overfill en domaine fermé.,,simulation_params.h; params_io_base.cpp,src_mpcd_params_catalogue_0292_cuda.csv
closedCapacityVirialBaseK,params_canonical_field,Réponse capacité fermée / viriel,existant catalogue 0292,double,0.0,>=0,closedCapacityVirialBaseK,,Raideur virielle de base.,Si réponse active.,simulation_params.h; params_io_base.cpp,src_mpcd_params_catalogue_0292_cuda.csv
closedCapacityVirialEta,params_canonical_field,Réponse capacité fermée / viriel,existant catalogue 0292,double,0.005,>0,closedCapacityVirialEta,,Paramètre eta de la loi virielle.,Si réponse active.,simulation_params.h; params_io_base.cpp,src_mpcd_params_catalogue_0292_cuda.csv
closedCapacityVirialGain,params_canonical_field,Réponse capacité fermée / viriel,existant catalogue 0292,double,20.0,>=0,closedCapacityVirialGain,,Gain de la composante virielle pilotée par l’overfill.,Si réponse active.,simulation_params.h; params_io_base.cpp,src_mpcd_params_catalogue_0292_cuda.csv
closedCapacityVirialKickEnable,params_canonical_field,Réponse capacité fermée / viriel,existant catalogue 0292,booléen,false,booléen: true/1/yes/on ou false/0/no/off,closedCapacityVirialKickEnable,,Active le kick viriel faible lié à la surcapacité.,Si réponse active.,simulation_params.h; params_io_base.cpp,src_mpcd_params_catalogue_0292_cuda.csv
closedCapacityVirialKickStrength,params_canonical_field,Réponse capacité fermée / viriel,existant catalogue 0292,double,1.0,>=0,closedCapacityVirialKickStrength,,Intensité multiplicative du kick viriel.,Si réponse active et kick viriel actif.,simulation_params.h; params_io_base.cpp,src_mpcd_params_catalogue_0292_cuda.csv
closedCapacityVirialMomentumCorrectionEnable,params_canonical_field,Réponse capacité fermée / viriel,existant catalogue 0292,booléen,true,booléen: true/1/yes/on ou false/0/no/off,closedCapacityVirialMomentumCorrectionEnable,,Corrige globalement le moment après kick viriel.,Si réponse active et kick viriel actif.,simulation_params.h; params_io_base.cpp,src_mpcd_params_catalogue_0292_cuda.csv
closedCapacityVirialPower,params_canonical_field,Réponse capacité fermée / viriel,existant catalogue 0292,double,2.0,>0,closedCapacityVirialPower,,Puissance de la loi virielle.,Si réponse active.,simulation_params.h; params_io_base.cpp,src_mpcd_params_catalogue_0292_cuda.csv
immersedSolidEnable,params_canonical_field,Solide immergé,existant catalogue 0292,booléen,false,booléen: true/1/yes/on ou false/0/no/off,immersedSolidEnable,immersedCircleEnable,Active un solide immergé analytique.,,simulation_params.h; params_io_base.cpp,src_mpcd_params_catalogue_0292_cuda.csv
immersedSolidFractionSamples,params_canonical_field,Solide immergé,existant catalogue 0292,entier,4,> 0,immersedSolidFractionSamples,immersedCircleFractionSamples,Nombre d’échantillons pour estimer la fraction fluide/solide des cellules.,,simulation_params.h; params_io_base.cpp,src_mpcd_params_catalogue_0292_cuda.csv
immersedSolidShape,params_canonical_field,Solide immergé,existant catalogue 0292,enum string,circle,circle; disk; disc; rectangle; rect; box; step,immersedSolidShape,,Forme du solide immergé.,immersedCircleEnable sans shape force circle.,simulation_params.h; params_io_base.cpp,src_mpcd_params_catalogue_0292_cuda.csv
immersedSolidCx,params_canonical_field,Solide immergé — cercle,existant catalogue 0292,double,0.5,nombre réel fini,immersedSolidCx,immersedCircleCx,Abscisse initiale du centre du cercle.,Le cercle doit rester dans le domaine actif au début et à la fin.,simulation_params.h; params_io_base.cpp,src_mpcd_params_catalogue_0292_cuda.csv
immersedSolidCy,params_canonical_field,Solide immergé — cercle,existant catalogue 0292,double,0.5,nombre réel fini,immersedSolidCy,immersedCircleCy,Ordonnée initiale du centre du cercle.,Le cercle doit rester dans le domaine actif au début et à la fin.,simulation_params.h; params_io_base.cpp,src_mpcd_params_catalogue_0292_cuda.csv
immersedSolidR,params_canonical_field,Solide immergé — cercle,existant catalogue 0292,double,0.1,> 0 si shape=circle/disk/disc,immersedSolidR,immersedCircleR,Rayon du cercle immergé.,,simulation_params.h; params_io_base.cpp,src_mpcd_params_catalogue_0292_cuda.csv
immersedSolidOmega,params_canonical_field,Solide immergé — mouvement,existant catalogue 0292,double,0.0,nombre réel fini,immersedSolidOmega,immersedCircleOmega,"Vitesse angulaire du cercle, positive antihoraire.",Implémenté seulement pour le cercle; rectangle exige Omega=0.,simulation_params.h; params_io_base.cpp,src_mpcd_params_catalogue_0292_cuda.csv
immersedSolidVx,params_canonical_field,Solide immergé — mouvement,existant catalogue 0292,double,0.0,nombre réel fini,immersedSolidVx,immersedCircleVx,Vitesse de translation du solide en x.,Q6 avec masque immergé impose actuellement Vx=Vy=Omega=0.,simulation_params.h; params_io_base.cpp,src_mpcd_params_catalogue_0292_cuda.csv
immersedSolidVy,params_canonical_field,Solide immergé — mouvement,existant catalogue 0292,double,0.0,nombre réel fini,immersedSolidVy,immersedCircleVy,Vitesse de translation du solide en y.,Q6 avec masque immergé impose actuellement Vx=Vy=Omega=0.,simulation_params.h; params_io_base.cpp,src_mpcd_params_catalogue_0292_cuda.csv
immersedSolidWallUx,params_canonical_field,Solide immergé — mouvement,existant catalogue 0292,double,0.0,nombre réel fini,immersedSolidWallUx,immersedCircleWallUx,Offset uniforme de vitesse de paroi du solide en x.,,simulation_params.h; params_io_base.cpp,src_mpcd_params_catalogue_0292_cuda.csv
immersedSolidWallUy,params_canonical_field,Solide immergé — mouvement,existant catalogue 0292,double,0.0,nombre réel fini,immersedSolidWallUy,immersedCircleWallUy,Offset uniforme de vitesse de paroi du solide en y.,,simulation_params.h; params_io_base.cpp,src_mpcd_params_catalogue_0292_cuda.csv
immersedSolidXMax,params_canonical_field,Solide immergé — rectangle,existant catalogue 0292,double,0.25,nombre réel fini,immersedSolidXMax,,Borne x maximale du rectangle.,Rectangle: XMax>XMin; doit rester dans le domaine actif.,simulation_params.h; params_io_base.cpp,src_mpcd_params_catalogue_0292_cuda.csv
immersedSolidXMin,params_canonical_field,Solide immergé — rectangle,existant catalogue 0292,double,0.0,nombre réel fini,immersedSolidXMin,,Borne x minimale du rectangle.,Rectangle: XMax>XMin; doit rester dans le domaine actif.,simulation_params.h; params_io_base.cpp,src_mpcd_params_catalogue_0292_cuda.csv
immersedSolidYMax,params_canonical_field,Solide immergé — rectangle,existant catalogue 0292,double,0.50,nombre réel fini,immersedSolidYMax,,Borne y maximale du rectangle.,Rectangle: YMax>YMin; doit rester dans le domaine actif.,simulation_params.h; params_io_base.cpp,src_mpcd_params_catalogue_0292_cuda.csv
immersedSolidYMin,params_canonical_field,Solide immergé — rectangle,existant catalogue 0292,double,0.0,nombre réel fini,immersedSolidYMin,,Borne y minimale du rectangle.,Rectangle: YMax>YMin; doit rester dans le domaine actif.,simulation_params.h; params_io_base.cpp,src_mpcd_params_catalogue_0292_cuda.csv
dt,params_canonical_field,Temps et collision SRC,existant catalogue 0292,double,1.0e-3,> 0,dt,,Pas de temps MPCD/SRD.,,simulation_params.h; params_io_base.cpp,src_mpcd_params_catalogue_0292_cuda.csv
gridShiftEnable,params_canonical_field,Temps et collision SRC,existant catalogue 0292,booléen,true,booléen: true/1/yes/on ou false/0/no/off,gridShiftEnable,,Active le décalage aléatoire de grille avant collision.,,simulation_params.h; params_io_base.cpp,src_mpcd_params_catalogue_0292_cuda.csv
nSteps,params_canonical_field,Temps et collision SRC,existant catalogue 0292,entier,1000,>= 0,nSteps,,Nombre de pas de temps simulés.,,simulation_params.h; params_io_base.cpp,src_mpcd_params_catalogue_0292_cuda.csv
randomRotationSign,params_canonical_field,Temps et collision SRC,existant catalogue 0292,booléen,true,booléen: true/1/yes/on ou false/0/no/off,randomRotationSign,,Active le signe aléatoire de la rotation collisionnelle.,,simulation_params.h; params_io_base.cpp,src_mpcd_params_catalogue_0292_cuda.csv
rngSeed,params_canonical_field,Temps et collision SRC,existant catalogue 0292,uint64,12345,entier non signé 64 bits,rngSeed,,Graine de génération pseudo-aléatoire.,,simulation_params.h; params_io_base.cpp,src_mpcd_params_catalogue_0292_cuda.csv
rotationAngle,params_canonical_field,Temps et collision SRC,existant catalogue 0292,double,2.0943951023931953 rad,réel non NaN; alphaDeg converti en radians,rotationAngle,alphaDeg,Angle de rotation SRD/MPCD.,,simulation_params.h; params_io_base.cpp,src_mpcd_params_catalogue_0292_cuda.csv
kBT,params_canonical_field,Thermostat,existant catalogue 0292,double,0.0,>=0 usuel; doit être >0 quand hérité par thermostat/paroi/inlet bruité,kBT,,Température cinétique globale de référence.,Référence thermique globale.,simulation_params.h; params_io_base.cpp,src_mpcd_params_catalogue_0292_cuda.csv
thermostatEnable,params_canonical_field,Thermostat,existant catalogue 0292,booléen,false,booléen: true/1/yes/on ou false/0/no/off,thermostatEnable,,Active le thermostat mass-aware par cellule. Pilote effectivement le thermostat quel que soit le backend CPU/GPU.,"0291b: commutateur physique unique du thermostat. Si false, le thermostat est désactivé en CPU et en GPU; les variables CUDA ne peuvent plus forcer un thermostat fusionné.",simulation_params.h; params_io_base.cpp; src_collision.cpp; patch 0291b,src_mpcd_params_catalogue_0292_cuda.csv
thermostatEpsilon,params_canonical_field,Thermostat,existant catalogue 0292,double,1.0e-30,>0 si thermostatEnable=true,thermostatEpsilon,,Seuil numérique anti-division par zéro du thermostat.,,simulation_params.h; params_io_base.cpp,src_mpcd_params_catalogue_0292_cuda.csv
thermostatEvery,params_canonical_field,Thermostat,existant catalogue 0292,entier,1,>0 si thermostatEnable=true,thermostatEvery,,Cadence du thermostat en pas de temps.,,simulation_params.h; params_io_base.cpp,src_mpcd_params_catalogue_0292_cuda.csv
thermostatMinParticles,params_canonical_field,Thermostat,existant catalogue 0292,entier,3,>=2 si thermostatEnable=true,thermostatMinParticles,,Nombre minimal de particules d’une cellule pour thermostat.,,simulation_params.h; params_io_base.cpp,src_mpcd_params_catalogue_0292_cuda.csv
thermostatMode,params_canonical_field,Thermostat,existant catalogue 0292,enum string,cell_relative_rescale,cell_relative_rescale,thermostatMode,,Mode de thermostat: rescale des vitesses relatives au centre de masse cellulaire.,Si thermostatEnable=true.,simulation_params.h; params_io_base.cpp,src_mpcd_params_catalogue_0292_cuda.csv
thermostatTargetKBT,params_canonical_field,Thermostat,existant catalogue 0292,double,-1.0,négatif => hérite de kBT; sinon >0; 0 invalide si actif,thermostatTargetKBT,,Température cinétique cible du thermostat.,"Si thermostatEnable=true et valeur négative, kBT doit être >0.",simulation_params.h; params_io_base.cpp,src_mpcd_params_catalogue_0292_cuda.csv
classicSrcCudaMode,params_key,CUDA — mode SRC classic,alias accepté,booléen,false,booléen: true/1/yes/on ou false/0/no/off,srcClassicCudaModeEnable,,"Active le mode SRC classic complet; en CUDA 0286, le chemin classic full CUDA est la voie principale validée.",,simulation_params.h; params_io_base.cpp,src_mpcd_params_cles_acceptees_0292_cuda.csv
classicSrcCudaModeEnable,params_key,CUDA — mode SRC classic,alias accepté,booléen,false,booléen: true/1/yes/on ou false/0/no/off,srcClassicCudaModeEnable,,"Active le mode SRC classic complet; en CUDA 0286, le chemin classic full CUDA est la voie principale validée.",,simulation_params.h; params_io_base.cpp,src_mpcd_params_cles_acceptees_0292_cuda.csv
classicSrcModeEnable,params_key,CUDA — mode SRC classic,alias accepté,booléen,false,booléen: true/1/yes/on ou false/0/no/off,srcClassicCudaModeEnable,,"Active le mode SRC classic complet; en CUDA 0286, le chemin classic full CUDA est la voie principale validée.",,simulation_params.h; params_io_base.cpp,src_mpcd_params_cles_acceptees_0292_cuda.csv
srcClassicCudaModeEnable,params_key,CUDA — mode SRC classic,canonique,booléen,false,booléen: true/1/yes/on ou false/0/no/off,srcClassicCudaModeEnable,,"Active le mode SRC classic complet; en CUDA 0286, le chemin classic full CUDA est la voie principale validée.",,simulation_params.h; params_io_base.cpp,src_mpcd_params_cles_acceptees_0292_cuda.csv
bcBottom,params_key,Conditions limites,canonique,enum string,periodic,periodic; solid; specular; bounceback; inlet/input; outlet/output/open,bcBottom,,Mode de condition limite sur la face basse.,,simulation_params.h; params_io_base.cpp,src_mpcd_params_cles_acceptees_0292_cuda.csv
bcLeft,params_key,Conditions limites,canonique,enum string,periodic,periodic; solid; specular; bounceback; inlet/input; outlet/output/open,bcLeft,,Mode de condition limite sur la face gauche.,,simulation_params.h; params_io_base.cpp,src_mpcd_params_cles_acceptees_0292_cuda.csv
bcRight,params_key,Conditions limites,canonique,enum string,periodic,periodic; solid; specular; bounceback; inlet/input; outlet/output/open,bcRight,,Mode de condition limite sur la face droite.,,simulation_params.h; params_io_base.cpp,src_mpcd_params_cles_acceptees_0292_cuda.csv
bcTop,params_key,Conditions limites,canonique,enum string,periodic,periodic; solid; specular; bounceback; inlet/input; outlet/output/open,bcTop,,Mode de condition limite sur la face haute.,,simulation_params.h; params_io_base.cpp,src_mpcd_params_cles_acceptees_0292_cuda.csv
bcX,params_key,Conditions limites,canonique,enum string,(non stocké),periodic; solid; specular; bounceback; inlet/input; outlet/output/open,bcX,,Définit simultanément les modes gauche et droit.,,simulation_params.h; params_io_base.cpp,src_mpcd_params_cles_acceptees_0292_cuda.csv
bcY,params_key,Conditions limites,canonique,enum string,(non stocké),periodic; solid; specular; bounceback; inlet/input; outlet/output/open,bcY,,Définit simultanément les modes bas et haut.,,simulation_params.h; params_io_base.cpp,src_mpcd_params_cles_acceptees_0292_cuda.csv
boundaryBottom,params_key,Conditions limites,alias accepté,enum string,periodic,periodic; solid; specular; bounceback; inlet/input; outlet/output/open,bcBottom,,Mode de condition limite sur la face basse.,,simulation_params.h; params_io_base.cpp,src_mpcd_params_cles_acceptees_0292_cuda.csv
boundaryLeft,params_key,Conditions limites,alias accepté,enum string,periodic,periodic; solid; specular; bounceback; inlet/input; outlet/output/open,bcLeft,,Mode de condition limite sur la face gauche.,,simulation_params.h; params_io_base.cpp,src_mpcd_params_cles_acceptees_0292_cuda.csv
boundaryRight,params_key,Conditions limites,alias accepté,enum string,periodic,periodic; solid; specular; bounceback; inlet/input; outlet/output/open,bcRight,,Mode de condition limite sur la face droite.,,simulation_params.h; params_io_base.cpp,src_mpcd_params_cles_acceptees_0292_cuda.csv
boundaryTop,params_key,Conditions limites,alias accepté,enum string,periodic,periodic; solid; specular; bounceback; inlet/input; outlet/output/open,bcTop,,Mode de condition limite sur la face haute.,,simulation_params.h; params_io_base.cpp,src_mpcd_params_cles_acceptees_0292_cuda.csv
fluidXMax0,params_key,Domaine actif mobile,canonique,double,-1.0,-1 hérite de Lx; sinon > fluidXMin0 et <= Lx,fluidXMax0,,Borne x maximale initiale du domaine fluide actif.,,simulation_params.h; params_io_base.cpp,src_mpcd_params_cles_acceptees_0292_cuda.csv
fluidXMaxVelocity,params_key,Domaine actif mobile,canonique,double,0.0,nombre réel fini,fluidXMaxVelocity,,Vitesse imposée de la borne x maximale du domaine actif.,,simulation_params.h; params_io_base.cpp,src_mpcd_params_cles_acceptees_0292_cuda.csv
fluidXMin0,params_key,Domaine actif mobile,canonique,double,0.0,">= 0, dans [0,Lx]",fluidXMin0,,Borne x minimale initiale du domaine fluide actif.,,simulation_params.h; params_io_base.cpp,src_mpcd_params_cles_acceptees_0292_cuda.csv
fluidXMinVelocity,params_key,Domaine actif mobile,canonique,double,0.0,nombre réel fini,fluidXMinVelocity,,Vitesse imposée de la borne x minimale du domaine actif.,,simulation_params.h; params_io_base.cpp,src_mpcd_params_cles_acceptees_0292_cuda.csv
fluidYMax0,params_key,Domaine actif mobile,canonique,double,-1.0,-1 hérite de Ly; sinon > fluidYMin0 et <= Ly,fluidYMax0,,Borne y maximale initiale du domaine fluide actif.,,simulation_params.h; params_io_base.cpp,src_mpcd_params_cles_acceptees_0292_cuda.csv
fluidYMaxVelocity,params_key,Domaine actif mobile,canonique,double,0.0,nombre réel fini,fluidYMaxVelocity,,Vitesse imposée de la borne y maximale du domaine actif.,,simulation_params.h; params_io_base.cpp,src_mpcd_params_cles_acceptees_0292_cuda.csv
fluidYMin0,params_key,Domaine actif mobile,canonique,double,0.0,">= 0, dans [0,Ly]",fluidYMin0,,Borne y minimale initiale du domaine fluide actif.,,simulation_params.h; params_io_base.cpp,src_mpcd_params_cles_acceptees_0292_cuda.csv
fluidYMinVelocity,params_key,Domaine actif mobile,canonique,double,0.0,nombre réel fini,fluidYMinVelocity,,Vitesse imposée de la borne y minimale du domaine actif.,,simulation_params.h; params_io_base.cpp,src_mpcd_params_cles_acceptees_0292_cuda.csv
fluidYTop0,params_key,Domaine actif mobile,alias accepté,double,-1.0,-1 hérite de Ly; sinon > fluidYMin0 et <= Ly,fluidYMax0,,Borne y maximale initiale du domaine fluide actif.,,simulation_params.h; params_io_base.cpp,src_mpcd_params_cles_acceptees_0292_cuda.csv
fluidYTopVelocity,params_key,Domaine actif mobile,alias accepté,double,0.0,nombre réel fini,fluidYMaxVelocity,,Vitesse imposée de la borne y maximale du domaine actif.,,simulation_params.h; params_io_base.cpp,src_mpcd_params_cles_acceptees_0292_cuda.csv
Lx,params_key,Domaine et grille,canonique,double,1.0,> 0,Lx,,Longueur du domaine numérique en x.,,simulation_params.h; params_io_base.cpp,src_mpcd_params_cles_acceptees_0292_cuda.csv
Ly,params_key,Domaine et grille,canonique,double,1.0,> 0,Ly,,Longueur du domaine numérique en y.,,simulation_params.h; params_io_base.cpp,src_mpcd_params_cles_acceptees_0292_cuda.csv
Nx,params_key,Domaine et grille,canonique,entier,32,> 0,Nx,,Nombre de cellules MPCD/projection en x.,,simulation_params.h; params_io_base.cpp,src_mpcd_params_cles_acceptees_0292_cuda.csv
Ny,params_key,Domaine et grille,canonique,entier,32,> 0,Ny,,Nombre de cellules MPCD/projection en y.,,simulation_params.h; params_io_base.cpp,src_mpcd_params_cles_acceptees_0292_cuda.csv
injectRandomY,params_key,Entrées/sorties — injection,alias accepté,booléen,true,booléen: true/1/yes/on ou false/0/no/off,inletRandomizeTangential,,Randomise la coordonnée tangentielle des particules injectées.,,simulation_params.h; params_io_base.cpp,src_mpcd_params_cles_acceptees_0292_cuda.csv
inletInjectionMode,params_key,Entrées/sorties — injection,canonique,enum string,cuda_recycle,cuda_recycle; thin_slab; hard_cell_density; hard_density; hard; cell_density,inletInjectionMode,,Mode historique de réinjection/recyclage des particules à l’entrée.,,simulation_params.h; params_io_base.cpp,src_mpcd_params_cles_acceptees_0292_cuda.csv
inletInjectionSlabCells,params_key,Entrées/sorties — injection,alias accepté,double,1.0,> 0,inletSlabCells,,Épaisseur de la dalle d’injection en nombre de cellules locales.,,simulation_params.h; params_io_base.cpp,src_mpcd_params_cles_acceptees_0292_cuda.csv
inletKBT,params_key,Entrées/sorties — injection,canonique,double,-1.0,négatif => hérite de kBT; sinon >0 recommandé,inletKBT,,Température cinétique imposée aux particules injectées.,,simulation_params.h; params_io_base.cpp,src_mpcd_params_cles_acceptees_0292_cuda.csv
inletRandomizeTangential,params_key,Entrées/sorties — injection,canonique,booléen,true,booléen: true/1/yes/on ou false/0/no/off,inletRandomizeTangential,,Randomise la coordonnée tangentielle des particules injectées.,,simulation_params.h; params_io_base.cpp,src_mpcd_params_cles_acceptees_0292_cuda.csv
inletRandomizeTransverse,params_key,Entrées/sorties — injection,alias accepté,booléen,true,booléen: true/1/yes/on ou false/0/no/off,inletRandomizeTangential,,Randomise la coordonnée tangentielle des particules injectées.,,simulation_params.h; params_io_base.cpp,src_mpcd_params_cles_acceptees_0292_cuda.csv
inletRandomizeY,params_key,Entrées/sorties — injection,alias accepté,booléen,true,booléen: true/1/yes/on ou false/0/no/off,inletRandomizeTangential,,Randomise la coordonnée tangentielle des particules injectées.,,simulation_params.h; params_io_base.cpp,src_mpcd_params_cles_acceptees_0292_cuda.csv
inletReinjectBackflow,params_key,Entrées/sorties — injection,canonique,booléen,true,booléen: true/1/yes/on ou false/0/no/off,inletReinjectBackflow,,Réinjecte les particules traversant une entrée dans le mauvais sens au lieu de les laisser sortir.,,simulation_params.h; params_io_base.cpp,src_mpcd_params_cles_acceptees_0292_cuda.csv
inletSlabCells,params_key,Entrées/sorties — injection,canonique,double,1.0,> 0,inletSlabCells,,Épaisseur de la dalle d’injection en nombre de cellules locales.,,simulation_params.h; params_io_base.cpp,src_mpcd_params_cles_acceptees_0292_cuda.csv
inletThermalNoise,params_key,Entrées/sorties — injection,canonique,double,1.0,>= 0,inletThermalNoise,,Amplitude du bruit thermique Maxwellien ajouté à l’inlet; 0 donne une vitesse déterministe.,,simulation_params.h; params_io_base.cpp,src_mpcd_params_cles_acceptees_0292_cuda.csv
reinjectBackflow,params_key,Entrées/sorties — injection,alias accepté,booléen,true,booléen: true/1/yes/on ou false/0/no/off,inletReinjectBackflow,,Réinjecte les particules traversant une entrée dans le mauvais sens au lieu de les laisser sortir.,,simulation_params.h; params_io_base.cpp,src_mpcd_params_cles_acceptees_0292_cuda.csv
openBoundaryOutletForcedLayerCells,params_key,Entrées/sorties — modes outlet,canonique,entier,1,>= 1,openBoundaryOutletForcedLayerCells,,"Épaisseur de la zone d’extraction forcée, en nombre de cellules à partir de la face outlet.",,simulation_params.h; params_io_base.cpp,src_mpcd_params_cles_acceptees_0292_cuda.csv
openBoundaryOutletForcedMassFlux,params_key,Entrées/sorties — modes outlet,canonique,double,0.0,>= 0; unités masse / temps simulation,openBoundaryOutletForcedMassFlux,,"Flux de masse sortant imposé par l’utilisateur, découplé du flux inlet.",,simulation_params.h; params_io_base.cpp,src_mpcd_params_cles_acceptees_0292_cuda.csv
openBoundaryOutletForcedMassPerStep,params_key,Entrées/sorties — modes outlet,canonique,double,0.0,>= 0; masse / step,openBoundaryOutletForcedMassPerStep,,Masse cible à extraire à chaque step dans la couche outlet.,,simulation_params.h; params_io_base.cpp,src_mpcd_params_cles_acceptees_0292_cuda.csv
openBoundaryOutletForcedParticleFlux,params_key,Entrées/sorties — modes outlet,canonique,double,0.0,>= 0; particules / temps simulation,openBoundaryOutletForcedParticleFlux,,"Flux particulaire sortant imposé par l’utilisateur, découplé du flux inlet.",,simulation_params.h; params_io_base.cpp,src_mpcd_params_cles_acceptees_0292_cuda.csv
openBoundaryOutletForcedParticlesPerStep,params_key,Entrées/sorties — modes outlet,canonique,entier,0,>= 0; particules / step,openBoundaryOutletForcedParticlesPerStep,,Nombre cible de particules à extraire à chaque step dans la couche outlet.,,simulation_params.h; params_io_base.cpp,src_mpcd_params_cles_acceptees_0292_cuda.csv
openBoundaryOutletMode,params_key,Entrées/sorties — modes outlet,canonique,enum string,balanced_flux historique Q6; expliciter neumann pour SRC classic,SRC classic 0291+: neumann; equilibrium_flux; forced_flux. Q6 historique: balanced_flux; prescribed_flux; balanced; prescribed; dirichlet; free; zero_gradient; zero_normal_gradient; hybrid; neumann_feedback; hybrid_feedback.,openBoundaryOutletMode,,"Régime outlet: sortie passive, extraction équilibrée ou extraction forcée; conserve les modes Q6 historiques.",,simulation_params.h; params_io_base.cpp,src_mpcd_params_cles_acceptees_0292_cuda.csv
openOutletBoundaryMode,params_key,Entrées/sorties — modes outlet,alias accepté,enum string,balanced_flux historique Q6; expliciter neumann pour SRC classic,SRC classic 0291+: neumann; equilibrium_flux; forced_flux. Q6 historique: balanced_flux; prescribed_flux; balanced; prescribed; dirichlet; free; zero_gradient; zero_normal_gradient; hybrid; neumann_feedback; hybrid_feedback.,openBoundaryOutletMode,,"Régime outlet: sortie passive, extraction équilibrée ou extraction forcée; conserve les modes Q6 historiques.",,simulation_params.h; params_io_base.cpp,src_mpcd_params_cles_acceptees_0292_cuda.csv
outletBoundaryMode,params_key,Entrées/sorties — modes outlet,alias accepté,enum string,balanced_flux historique Q6; expliciter neumann pour SRC classic,SRC classic 0291+: neumann; equilibrium_flux; forced_flux. Q6 historique: balanced_flux; prescribed_flux; balanced; prescribed; dirichlet; free; zero_gradient; zero_normal_gradient; hybrid; neumann_feedback; hybrid_feedback.,openBoundaryOutletMode,,"Régime outlet: sortie passive, extraction équilibrée ou extraction forcée; conserve les modes Q6 historiques.",,simulation_params.h; params_io_base.cpp,src_mpcd_params_cles_acceptees_0292_cuda.csv
q6q9OutletBoundaryMode,params_key,Entrées/sorties — modes outlet,alias accepté,enum string,balanced_flux historique Q6; expliciter neumann pour SRC classic,SRC classic 0291+: neumann; equilibrium_flux; forced_flux. Q6 historique: balanced_flux; prescribed_flux; balanced; prescribed; dirichlet; free; zero_gradient; zero_normal_gradient; hybrid; neumann_feedback; hybrid_feedback.,openBoundaryOutletMode,,"Régime outlet: sortie passive, extraction équilibrée ou extraction forcée; conserve les modes Q6 historiques.",,simulation_params.h; params_io_base.cpp,src_mpcd_params_cles_acceptees_0292_cuda.csv
inletProfile,params_key,Entrées/sorties — profil spatial,alias accepté,enum string,uniform,uniform; poiseuille_y; poiseuille_y_mean; poiseuille_y_max; flat_taper_y; flat_taper_y_mean,inletVelocitySpatialProfile,,Profil spatial de vitesse/flux imposé sur les entrées.,,simulation_params.h; params_io_base.cpp,src_mpcd_params_cles_acceptees_0292_cuda.csv
inletSpatialProfile,params_key,Entrées/sorties — profil spatial,alias accepté,enum string,uniform,uniform; poiseuille_y; poiseuille_y_mean; poiseuille_y_max; flat_taper_y; flat_taper_y_mean,inletVelocitySpatialProfile,,Profil spatial de vitesse/flux imposé sur les entrées.,,simulation_params.h; params_io_base.cpp,src_mpcd_params_cles_acceptees_0292_cuda.csv
inletVelocitySpatialProfile,params_key,Entrées/sorties — profil spatial,canonique,enum string,uniform,uniform; poiseuille_y; poiseuille_y_mean; poiseuille_y_max; flat_taper_y; flat_taper_y_mean,inletVelocitySpatialProfile,,Profil spatial de vitesse/flux imposé sur les entrées.,,simulation_params.h; params_io_base.cpp,src_mpcd_params_cles_acceptees_0292_cuda.csv
inletVelocityWallTaperCells,params_key,Entrées/sorties — profil spatial,canonique,double,2.0,>= 0,inletVelocityWallTaperCells,,"Largeur du lissage/taper près des murs, exprimée en cellules.",,simulation_params.h; params_io_base.cpp,src_mpcd_params_cles_acceptees_0292_cuda.csv
inletWallTaperCells,params_key,Entrées/sorties — profil spatial,alias accepté,double,2.0,>= 0,inletVelocityWallTaperCells,,"Largeur du lissage/taper près des murs, exprimée en cellules.",,simulation_params.h; params_io_base.cpp,src_mpcd_params_cles_acceptees_0292_cuda.csv
openBoundaryVelocityProfile,params_key,Entrées/sorties — profil spatial,alias accepté,enum string,uniform,uniform; poiseuille_y; poiseuille_y_mean; poiseuille_y_max; flat_taper_y; flat_taper_y_mean,inletVelocitySpatialProfile,,Profil spatial de vitesse/flux imposé sur les entrées.,,simulation_params.h; params_io_base.cpp,src_mpcd_params_cles_acceptees_0292_cuda.csv
openBoundaryVelocityWallTaperCells,params_key,Entrées/sorties — profil spatial,alias accepté,double,2.0,>= 0,inletVelocityWallTaperCells,,"Largeur du lissage/taper près des murs, exprimée en cellules.",,simulation_params.h; params_io_base.cpp,src_mpcd_params_cles_acceptees_0292_cuda.csv
inletRampEnable,params_key,Entrées/sorties — rampe,alias accepté,booléen,false,booléen: true/1/yes/on ou false/0/no/off,inletVelocityRampEnable,,Active une rampe temporelle multiplicative sur les vitesses/flux d’entrée.,,simulation_params.h; params_io_base.cpp,src_mpcd_params_cles_acceptees_0292_cuda.csv
inletRampEndTime,params_key,Entrées/sorties — rampe,alias accepté,double,0.0,nombre réel fini,inletVelocityRampEndTime,,Temps de fin de la rampe d’entrée.,,simulation_params.h; params_io_base.cpp,src_mpcd_params_cles_acceptees_0292_cuda.csv
inletRampFinalFactor,params_key,Entrées/sorties — rampe,alias accepté,double,1.0,nombre réel fini,inletVelocityRampFinalFactor,,Facteur multiplicatif final de vitesse/flux d’entrée.,,simulation_params.h; params_io_base.cpp,src_mpcd_params_cles_acceptees_0292_cuda.csv
inletRampInitialFactor,params_key,Entrées/sorties — rampe,alias accepté,double,0.0,nombre réel fini,inletVelocityRampInitialFactor,,Facteur multiplicatif initial de vitesse/flux d’entrée.,,simulation_params.h; params_io_base.cpp,src_mpcd_params_cles_acceptees_0292_cuda.csv
inletRampProfile,params_key,Entrées/sorties — rampe,alias accepté,enum string,linear,linear; smoothstep,inletVelocityRampProfile,,Loi d’interpolation temporelle de la rampe.,,simulation_params.h; params_io_base.cpp,src_mpcd_params_cles_acceptees_0292_cuda.csv
inletRampStartTime,params_key,Entrées/sorties — rampe,alias accepté,double,0.0,nombre réel fini,inletVelocityRampStartTime,,Temps de début de la rampe d’entrée.,,simulation_params.h; params_io_base.cpp,src_mpcd_params_cles_acceptees_0292_cuda.csv
inletVelocityRampEnable,params_key,Entrées/sorties — rampe,canonique,booléen,false,booléen: true/1/yes/on ou false/0/no/off,inletVelocityRampEnable,,Active une rampe temporelle multiplicative sur les vitesses/flux d’entrée.,,simulation_params.h; params_io_base.cpp,src_mpcd_params_cles_acceptees_0292_cuda.csv
inletVelocityRampEndTime,params_key,Entrées/sorties — rampe,canonique,double,0.0,nombre réel fini,inletVelocityRampEndTime,,Temps de fin de la rampe d’entrée.,,simulation_params.h; params_io_base.cpp,src_mpcd_params_cles_acceptees_0292_cuda.csv
inletVelocityRampFinalFactor,params_key,Entrées/sorties — rampe,canonique,double,1.0,nombre réel fini,inletVelocityRampFinalFactor,,Facteur multiplicatif final de vitesse/flux d’entrée.,,simulation_params.h; params_io_base.cpp,src_mpcd_params_cles_acceptees_0292_cuda.csv
inletVelocityRampInitialFactor,params_key,Entrées/sorties — rampe,canonique,double,0.0,nombre réel fini,inletVelocityRampInitialFactor,,Facteur multiplicatif initial de vitesse/flux d’entrée.,,simulation_params.h; params_io_base.cpp,src_mpcd_params_cles_acceptees_0292_cuda.csv
inletVelocityRampProfile,params_key,Entrées/sorties — rampe,canonique,enum string,linear,linear; smoothstep,inletVelocityRampProfile,,Loi d’interpolation temporelle de la rampe.,,simulation_params.h; params_io_base.cpp,src_mpcd_params_cles_acceptees_0292_cuda.csv
inletVelocityRampStartTime,params_key,Entrées/sorties — rampe,canonique,double,0.0,nombre réel fini,inletVelocityRampStartTime,,Temps de début de la rampe d’entrée.,,simulation_params.h; params_io_base.cpp,src_mpcd_params_cles_acceptees_0292_cuda.csv
inletDensityCells,params_key,Entrées/sorties — réservoir dur,alias accepté,entier,1,> 0 si hard_cell_density,inletReservoirCells,,Épaisseur du réservoir d’entrée en nombre de cellules.,,simulation_params.h; params_io_base.cpp,src_mpcd_params_cles_acceptees_0292_cuda.csv
inletGamma,params_key,Entrées/sorties — réservoir dur,alias accepté,entier,0,> 0 si hard_cell_density,inletTargetOccupancy,,Nombre cible de particules par cellule de réservoir dur.,,simulation_params.h; params_io_base.cpp,src_mpcd_params_cles_acceptees_0292_cuda.csv
inletHardCellThermalRescale,params_key,Entrées/sorties — réservoir dur,canonique,booléen,true,booléen: true/1/yes/on ou false/0/no/off,inletHardCellThermalRescale,,Rescale les fluctuations thermiques de la cellule d’entrée.,,simulation_params.h; params_io_base.cpp,src_mpcd_params_cles_acceptees_0292_cuda.csv
inletHardCellVelocityMean,params_key,Entrées/sorties — réservoir dur,canonique,booléen,true,booléen: true/1/yes/on ou false/0/no/off,inletHardCellVelocityMean,,Recentre les vitesses injectées pour imposer exactement la moyenne de cellule.,,simulation_params.h; params_io_base.cpp,src_mpcd_params_cles_acceptees_0292_cuda.csv
inletReservoirCells,params_key,Entrées/sorties — réservoir dur,canonique,entier,1,> 0 si hard_cell_density,inletReservoirCells,,Épaisseur du réservoir d’entrée en nombre de cellules.,,simulation_params.h; params_io_base.cpp,src_mpcd_params_cles_acceptees_0292_cuda.csv
inletReservoirMode,params_key,Entrées/sorties — réservoir dur,canonique,enum string,recycle,recycle; cuda_recycle; thin_slab; hard_cell_density; hard_density; hard; cell_density; default,inletReservoirMode,,Mode de réservoir d’entrée; les alias cuda_recycle/thin_slab sont normalisés vers recycle.,,simulation_params.h; params_io_base.cpp,src_mpcd_params_cles_acceptees_0292_cuda.csv
inletTargetN,params_key,Entrées/sorties — réservoir dur,alias accepté,entier,0,> 0 si hard_cell_density,inletTargetOccupancy,,Nombre cible de particules par cellule de réservoir dur.,,simulation_params.h; params_io_base.cpp,src_mpcd_params_cles_acceptees_0292_cuda.csv
inletTargetOccupancy,params_key,Entrées/sorties — réservoir dur,canonique,entier,0,> 0 si hard_cell_density,inletTargetOccupancy,,Nombre cible de particules par cellule de réservoir dur.,,simulation_params.h; params_io_base.cpp,src_mpcd_params_cles_acceptees_0292_cuda.csv
openBoundarySegmentCount,params_key,Entrées/sorties — segments,canonique,entier,0,0 si désactivé; 1..16 si activé,openBoundarySegmentCount,,Nombre de segments ouverts définis.,,simulation_params.h; params_io_base.cpp,src_mpcd_params_cles_acceptees_0292_cuda.csv
openBoundarySegmentK,params_key,Entrées/sorties — segments,groupe dynamique,record,(aucun),"face mode sMin sMax ux uy type mass; face={left,right,bottom,top}; mode=inlet/input/outlet/output/open; 0<=sMin<sMax<=1; mass>0",openBoundarySegmentK,,Déclaration d’un segment relatif sur une face solide/specular/bounceback.,,simulation_params.h; params_io_base.cpp,src_mpcd_params_cles_acceptees_0292_cuda.csv
openBoundarySegmentsEnable,params_key,Entrées/sorties — segments,canonique,booléen,false,booléen: true/1/yes/on ou false/0/no/off,openBoundarySegmentsEnable,,Active les segments compacts inlet/outlet sur des faces autrement wall-like.,,simulation_params.h; params_io_base.cpp,src_mpcd_params_cles_acceptees_0292_cuda.csv
openBoundaryOutletFeedbackGain,params_key,Entrées/sorties — sortie Q6,canonique,double,0.0,"[0,1]",openBoundaryOutletFeedbackGain,,Gain du feedback global outlet-only sur le déséquilibre de flux.,,simulation_params.h; params_io_base.cpp,src_mpcd_params_cles_acceptees_0292_cuda.csv
openBoundaryOutletHybridBlend,params_key,Entrées/sorties — sortie Q6,canonique,double,0.0,"[0,1]",openBoundaryOutletHybridBlend,,Mélange entre profil local Neumann et profil équilibré.,,simulation_params.h; params_io_base.cpp,src_mpcd_params_cles_acceptees_0292_cuda.csv
openBoundaryOutletMassFeedbackGain,params_key,Entrées/sorties — sortie Q6,alias accepté,double,0.0,"[0,1]",openBoundaryOutletFeedbackGain,,Gain du feedback global outlet-only sur le déséquilibre de flux.,,simulation_params.h; params_io_base.cpp,src_mpcd_params_cles_acceptees_0292_cuda.csv
openOutletFeedbackGain,params_key,Entrées/sorties — sortie Q6,alias accepté,double,0.0,"[0,1]",openBoundaryOutletFeedbackGain,,Gain du feedback global outlet-only sur le déséquilibre de flux.,,simulation_params.h; params_io_base.cpp,src_mpcd_params_cles_acceptees_0292_cuda.csv
openOutletHybridBlend,params_key,Entrées/sorties — sortie Q6,alias accepté,double,0.0,"[0,1]",openBoundaryOutletHybridBlend,,Mélange entre profil local Neumann et profil équilibré.,,simulation_params.h; params_io_base.cpp,src_mpcd_params_cles_acceptees_0292_cuda.csv
outletFeedbackGain,params_key,Entrées/sorties — sortie Q6,alias accepté,double,0.0,"[0,1]",openBoundaryOutletFeedbackGain,,Gain du feedback global outlet-only sur le déséquilibre de flux.,,simulation_params.h; params_io_base.cpp,src_mpcd_params_cles_acceptees_0292_cuda.csv
outletHybridBlend,params_key,Entrées/sorties — sortie Q6,alias accepté,double,0.0,"[0,1]",openBoundaryOutletHybridBlend,,Mélange entre profil local Neumann et profil équilibré.,,simulation_params.h; params_io_base.cpp,src_mpcd_params_cles_acceptees_0292_cuda.csv
inletUx,params_key,Entrées/sorties — vitesse,canonique,double,(non stocké),nombre réel fini,inletUx,,Alias global pour la composante x de vitesse d’entrée.,,simulation_params.h; params_io_base.cpp,src_mpcd_params_cles_acceptees_0292_cuda.csv
inletUxBottom,params_key,Entrées/sorties — vitesse,canonique,double,0.0,nombre réel fini,inletUxBottom,,Composante x de la vitesse prescrite sur l’entrée bottom.,,simulation_params.h; params_io_base.cpp,src_mpcd_params_cles_acceptees_0292_cuda.csv
inletUxLeft,params_key,Entrées/sorties — vitesse,canonique,double,0.0,nombre réel fini,inletUxLeft,,Composante x de la vitesse prescrite sur l’entrée left.,,simulation_params.h; params_io_base.cpp,src_mpcd_params_cles_acceptees_0292_cuda.csv
inletUxRight,params_key,Entrées/sorties — vitesse,canonique,double,0.0,nombre réel fini,inletUxRight,,Composante x de la vitesse prescrite sur l’entrée right.,,simulation_params.h; params_io_base.cpp,src_mpcd_params_cles_acceptees_0292_cuda.csv
inletUxTop,params_key,Entrées/sorties — vitesse,canonique,double,0.0,nombre réel fini,inletUxTop,,Composante x de la vitesse prescrite sur l’entrée top.,,simulation_params.h; params_io_base.cpp,src_mpcd_params_cles_acceptees_0292_cuda.csv
inletUy,params_key,Entrées/sorties — vitesse,canonique,double,(non stocké),nombre réel fini,inletUy,,Alias global pour la composante y de vitesse d’entrée.,,simulation_params.h; params_io_base.cpp,src_mpcd_params_cles_acceptees_0292_cuda.csv
inletUyBottom,params_key,Entrées/sorties — vitesse,canonique,double,0.0,nombre réel fini,inletUyBottom,,Composante y de la vitesse prescrite sur l’entrée bottom.,,simulation_params.h; params_io_base.cpp,src_mpcd_params_cles_acceptees_0292_cuda.csv
inletUyLeft,params_key,Entrées/sorties — vitesse,canonique,double,0.0,nombre réel fini,inletUyLeft,,Composante y de la vitesse prescrite sur l’entrée left.,,simulation_params.h; params_io_base.cpp,src_mpcd_params_cles_acceptees_0292_cuda.csv
inletUyRight,params_key,Entrées/sorties — vitesse,canonique,double,0.0,nombre réel fini,inletUyRight,,Composante y de la vitesse prescrite sur l’entrée right.,,simulation_params.h; params_io_base.cpp,src_mpcd_params_cles_acceptees_0292_cuda.csv
inletUyTop,params_key,Entrées/sorties — vitesse,canonique,double,0.0,nombre réel fini,inletUyTop,,Composante y de la vitesse prescrite sur l’entrée top.,,simulation_params.h; params_io_base.cpp,src_mpcd_params_cles_acceptees_0292_cuda.csv
inletVelocityX,params_key,Entrées/sorties — vitesse,alias accepté,double,(non stocké),nombre réel fini,inletUx,,Alias global pour la composante x de vitesse d’entrée.,,simulation_params.h; params_io_base.cpp,src_mpcd_params_cles_acceptees_0292_cuda.csv
inletVelocityY,params_key,Entrées/sorties — vitesse,alias accepté,double,(non stocké),nombre réel fini,inletUy,,Alias global pour la composante y de vitesse d’entrée.,,simulation_params.h; params_io_base.cpp,src_mpcd_params_cles_acceptees_0292_cuda.csv
taylorGreenForcingAmplitude,params_key,Forçage Taylor–Green,canonique,double,0.0,>= 0,taylorGreenForcingAmplitude,,Amplitude A du forçage Taylor–Green.,,simulation_params.h; params_io_base.cpp,src_mpcd_params_cles_acceptees_0292_cuda.csv
taylorGreenForcingEnable,params_key,Forçage Taylor–Green,canonique,booléen,false,booléen: true/1/yes/on ou false/0/no/off,taylorGreenForcingEnable,,Active un forçage corporel périodique divergence-free de type Taylor–Green.,,simulation_params.h; params_io_base.cpp,src_mpcd_params_cles_acceptees_0292_cuda.csv
taylorGreenForcingModeX,params_key,Forçage Taylor–Green,canonique,entier,1,> 0,taylorGreenForcingModeX,,Nombre d’onde entier en x du forçage Taylor–Green.,,simulation_params.h; params_io_base.cpp,src_mpcd_params_cles_acceptees_0292_cuda.csv
taylorGreenForcingModeY,params_key,Forçage Taylor–Green,canonique,entier,1,> 0,taylorGreenForcingModeY,,Nombre d’onde entier en y du forçage Taylor–Green.,,simulation_params.h; params_io_base.cpp,src_mpcd_params_cles_acceptees_0292_cuda.csv
tgForceAmplitude,params_key,Forçage Taylor–Green,alias accepté,double,0.0,>= 0,taylorGreenForcingAmplitude,,Amplitude A du forçage Taylor–Green.,,simulation_params.h; params_io_base.cpp,src_mpcd_params_cles_acceptees_0292_cuda.csv
tgForcingAmplitude,params_key,Forçage Taylor–Green,alias accepté,double,0.0,>= 0,taylorGreenForcingAmplitude,,Amplitude A du forçage Taylor–Green.,,simulation_params.h; params_io_base.cpp,src_mpcd_params_cles_acceptees_0292_cuda.csv
tgForcingEnable,params_key,Forçage Taylor–Green,alias accepté,booléen,false,booléen: true/1/yes/on ou false/0/no/off,taylorGreenForcingEnable,,Active un forçage corporel périodique divergence-free de type Taylor–Green.,,simulation_params.h; params_io_base.cpp,src_mpcd_params_cles_acceptees_0292_cuda.csv
tgForcingModeX,params_key,Forçage Taylor–Green,alias accepté,entier,1,> 0,taylorGreenForcingModeX,,Nombre d’onde entier en x du forçage Taylor–Green.,,simulation_params.h; params_io_base.cpp,src_mpcd_params_cles_acceptees_0292_cuda.csv
tgForcingModeY,params_key,Forçage Taylor–Green,alias accepté,entier,1,> 0,taylorGreenForcingModeY,,Nombre d’onde entier en y du forçage Taylor–Green.,,simulation_params.h; params_io_base.cpp,src_mpcd_params_cles_acceptees_0292_cuda.csv
bodyAccelerationX,params_key,Forçage et contrôle d’écoulement,canonique,double,0.0,nombre réel fini,bodyAccelerationX,,Accélération volumique uniforme appliquée en x avant streaming.,,simulation_params.h; params_io_base.cpp,src_mpcd_params_cles_acceptees_0292_cuda.csv
bodyAccelerationY,params_key,Forçage et contrôle d’écoulement,canonique,double,0.0,nombre réel fini,bodyAccelerationY,,Accélération volumique uniforme appliquée en y avant streaming.,,simulation_params.h; params_io_base.cpp,src_mpcd_params_cles_acceptees_0292_cuda.csv
bodyForceX,params_key,Forçage et contrôle d’écoulement,alias accepté,double,0.0,nombre réel fini,bodyAccelerationX,,Accélération volumique uniforme appliquée en x avant streaming.,,simulation_params.h; params_io_base.cpp,src_mpcd_params_cles_acceptees_0292_cuda.csv
bodyForceY,params_key,Forçage et contrôle d’écoulement,alias accepté,double,0.0,nombre réel fini,bodyAccelerationY,,Accélération volumique uniforme appliquée en y avant streaming.,,simulation_params.h; params_io_base.cpp,src_mpcd_params_cles_acceptees_0292_cuda.csv
keepMeanFlow,params_key,Forçage et contrôle d’écoulement,alias accepté,booléen,false,booléen: true/1/yes/on ou false/0/no/off,keepMeanFlowEnable,,Active un correcteur global de vitesse moyenne après SRC/Q6/thermostat.,,simulation_params.h; params_io_base.cpp,src_mpcd_params_cles_acceptees_0292_cuda.csv
keepMeanFlowEnable,params_key,Forçage et contrôle d’écoulement,canonique,booléen,false,booléen: true/1/yes/on ou false/0/no/off,keepMeanFlowEnable,,Active un correcteur global de vitesse moyenne après SRC/Q6/thermostat.,,simulation_params.h; params_io_base.cpp,src_mpcd_params_cles_acceptees_0292_cuda.csv
meanFlowUx,params_key,Forçage et contrôle d’écoulement,alias accepté,double,0.0,nombre réel fini,targetMeanUx,,Vitesse moyenne cible en x.,,simulation_params.h; params_io_base.cpp,src_mpcd_params_cles_acceptees_0292_cuda.csv
meanFlowUy,params_key,Forçage et contrôle d’écoulement,alias accepté,double,0.0,nombre réel fini,targetMeanUy,,Vitesse moyenne cible en y.,,simulation_params.h; params_io_base.cpp,src_mpcd_params_cles_acceptees_0292_cuda.csv
targetMeanUx,params_key,Forçage et contrôle d’écoulement,canonique,double,0.0,nombre réel fini,targetMeanUx,,Vitesse moyenne cible en x.,,simulation_params.h; params_io_base.cpp,src_mpcd_params_cles_acceptees_0292_cuda.csv
targetMeanUy,params_key,Forçage et contrôle d’écoulement,canonique,double,0.0,nombre réel fini,targetMeanUy,,Vitesse moyenne cible en y.,,simulation_params.h; params_io_base.cpp,src_mpcd_params_cles_acceptees_0292_cuda.csv
U0,params_key,Forçage et contrôle d’écoulement,alias accepté,double,0.0,nombre réel fini,targetMeanUx,,Vitesse moyenne cible en x.,,simulation_params.h; params_io_base.cpp,src_mpcd_params_cles_acceptees_0292_cuda.csv
dumpStateEvery,params_key,I/O et exécution,canonique,entier,0,entier >= 0; 0 désactive les dumps périodiques,dumpStateEvery,,Cadence d’écriture des états .smpcd pour post-traitement.,,simulation_params.h; params_io_base.cpp,src_mpcd_params_cles_acceptees_0292_cuda.csv
inputState,params_key,I/O et exécution,canonique,chemin,(obligatoire),chaîne non vide,inputState,,Fichier d’état initial .smpcd lu par l’exécutable.,,simulation_params.h; params_io_base.cpp,src_mpcd_params_cles_acceptees_0292_cuda.csv
numThreads,params_key,I/O et exécution,canonique,entier,0,entier >= 0; 0 laisse OpenMP décider,numThreads,,Force omp_set_num_threads(numThreads).,,simulation_params.h; params_io_base.cpp,src_mpcd_params_cles_acceptees_0292_cuda.csv
outputDir,params_key,I/O et exécution,canonique,chemin,run_base,chaîne non vide,outputDir,,"Répertoire de sortie du run: summaries, dumps et fichiers associés.",,simulation_params.h; params_io_base.cpp,src_mpcd_params_cles_acceptees_0292_cuda.csv
summaryEvery,params_key,I/O et exécution,canonique,entier,10,entier > 0,summaryEvery,,Cadence d’écriture de summary_runtime.csv et d’affichage de progression.,,simulation_params.h; params_io_base.cpp,src_mpcd_params_cles_acceptees_0292_cuda.csv
wallAccommodation,params_key,Parois,canonique,double,1.0,"[0,1]",wallAccommodation,,"Coefficient d’accommodation de paroi: 0 glissant/specular-like, 1 couplage thermique complet.",,simulation_params.h; params_io_base.cpp,src_mpcd_params_cles_acceptees_0292_cuda.csv
wallKBT,params_key,Parois,canonique,double,-1.0,négatif => hérite de kBT; sinon >0 si couplage actif,wallKBT,,Température cinétique de paroi.,,simulation_params.h; params_io_base.cpp,src_mpcd_params_cles_acceptees_0292_cuda.csv
wallThermalNoise,params_key,Parois,canonique,double,1.0,>= 0,wallThermalNoise,,Amplitude du bruit thermique de paroi; 0 donne un couplage déterministe.,,simulation_params.h; params_io_base.cpp,src_mpcd_params_cles_acceptees_0292_cuda.csv
wallVpEnable,params_key,Parois,canonique,booléen,false,booléen: true/1/yes/on ou false/0/no/off,wallVpEnable,,Active explicitement le couplage virtual-particle de paroi legacy.,,simulation_params.h; params_io_base.cpp,src_mpcd_params_cles_acceptees_0292_cuda.csv
wallVpGamma,params_key,Parois,canonique,double,0.0,>= 0; 0 infère l’occupation moyenne réelle,wallVpGamma,,Population virtuelle de paroi dans une cellule de collision entièrement solide.,,simulation_params.h; params_io_base.cpp,src_mpcd_params_cles_acceptees_0292_cuda.csv
wallVpKBT,params_key,Parois,canonique,double,-1.0,alias legacy thermique; négatif => hérite de kBT; 0 invalide si actif,wallVpKBT,,Ancien paramètre de température de paroi VP.,,simulation_params.h; params_io_base.cpp,src_mpcd_params_cles_acceptees_0292_cuda.csv
wallVpMass,params_key,Parois,canonique,double,1.0,> 0,wallVpMass,,Masse des particules virtuelles/agrégat de paroi.,,simulation_params.h; params_io_base.cpp,src_mpcd_params_cles_acceptees_0292_cuda.csv
wallVpMode,params_key,Parois,canonique,enum string,thermal,thermal; deterministic_thermal; stochastic_fraction,wallVpMode,,Mode de couplage thermique de paroi; stochastic_fraction est accepté comme alias legacy.,,simulation_params.h; params_io_base.cpp,src_mpcd_params_cles_acceptees_0292_cuda.csv
wallUxBottom,params_key,Parois — vitesses,alias accepté,double,0.0,nombre réel fini,wallVpUxBottom,,Composante x de la vitesse de paroi sur la face bottom.,,simulation_params.h; params_io_base.cpp,src_mpcd_params_cles_acceptees_0292_cuda.csv
wallUxLeft,params_key,Parois — vitesses,alias accepté,double,0.0,nombre réel fini,wallVpUxLeft,,Composante x de la vitesse de paroi sur la face left.,,simulation_params.h; params_io_base.cpp,src_mpcd_params_cles_acceptees_0292_cuda.csv
wallUxRight,params_key,Parois — vitesses,alias accepté,double,0.0,nombre réel fini,wallVpUxRight,,Composante x de la vitesse de paroi sur la face right.,,simulation_params.h; params_io_base.cpp,src_mpcd_params_cles_acceptees_0292_cuda.csv
wallUxTop,params_key,Parois — vitesses,alias accepté,double,0.0,nombre réel fini,wallVpUxTop,,Composante x de la vitesse de paroi sur la face top.,,simulation_params.h; params_io_base.cpp,src_mpcd_params_cles_acceptees_0292_cuda.csv
wallUyBottom,params_key,Parois — vitesses,alias accepté,double,0.0,nombre réel fini,wallVpUyBottom,,Composante y de la vitesse de paroi sur la face bottom.,,simulation_params.h; params_io_base.cpp,src_mpcd_params_cles_acceptees_0292_cuda.csv
wallUyLeft,params_key,Parois — vitesses,alias accepté,double,0.0,nombre réel fini,wallVpUyLeft,,Composante y de la vitesse de paroi sur la face left.,,simulation_params.h; params_io_base.cpp,src_mpcd_params_cles_acceptees_0292_cuda.csv
wallUyRight,params_key,Parois — vitesses,alias accepté,double,0.0,nombre réel fini,wallVpUyRight,,Composante y de la vitesse de paroi sur la face right.,,simulation_params.h; params_io_base.cpp,src_mpcd_params_cles_acceptees_0292_cuda.csv
wallUyTop,params_key,Parois — vitesses,alias accepté,double,0.0,nombre réel fini,wallVpUyTop,,Composante y de la vitesse de paroi sur la face top.,,simulation_params.h; params_io_base.cpp,src_mpcd_params_cles_acceptees_0292_cuda.csv
wallVpUxBottom,params_key,Parois — vitesses,canonique,double,0.0,nombre réel fini,wallVpUxBottom,,Composante x de la vitesse de paroi sur la face bottom.,,simulation_params.h; params_io_base.cpp,src_mpcd_params_cles_acceptees_0292_cuda.csv
wallVpUxLeft,params_key,Parois — vitesses,canonique,double,0.0,nombre réel fini,wallVpUxLeft,,Composante x de la vitesse de paroi sur la face left.,,simulation_params.h; params_io_base.cpp,src_mpcd_params_cles_acceptees_0292_cuda.csv
wallVpUxRight,params_key,Parois — vitesses,canonique,double,0.0,nombre réel fini,wallVpUxRight,,Composante x de la vitesse de paroi sur la face right.,,simulation_params.h; params_io_base.cpp,src_mpcd_params_cles_acceptees_0292_cuda.csv
wallVpUxTop,params_key,Parois — vitesses,canonique,double,0.0,nombre réel fini,wallVpUxTop,,Composante x de la vitesse de paroi sur la face top.,,simulation_params.h; params_io_base.cpp,src_mpcd_params_cles_acceptees_0292_cuda.csv
wallVpUyBottom,params_key,Parois — vitesses,canonique,double,0.0,nombre réel fini,wallVpUyBottom,,Composante y de la vitesse de paroi sur la face bottom.,,simulation_params.h; params_io_base.cpp,src_mpcd_params_cles_acceptees_0292_cuda.csv
wallVpUyLeft,params_key,Parois — vitesses,canonique,double,0.0,nombre réel fini,wallVpUyLeft,,Composante y de la vitesse de paroi sur la face left.,,simulation_params.h; params_io_base.cpp,src_mpcd_params_cles_acceptees_0292_cuda.csv
wallVpUyRight,params_key,Parois — vitesses,canonique,double,0.0,nombre réel fini,wallVpUyRight,,Composante y de la vitesse de paroi sur la face right.,,simulation_params.h; params_io_base.cpp,src_mpcd_params_cles_acceptees_0292_cuda.csv
wallVpUyTop,params_key,Parois — vitesses,canonique,double,0.0,nombre réel fini,wallVpUyTop,,Composante y de la vitesse de paroi sur la face top.,,simulation_params.h; params_io_base.cpp,src_mpcd_params_cles_acceptees_0292_cuda.csv
projectionEnable,params_key,Projection Q6 / elliptique,canonique,booléen,false,booléen: true/1/yes/on ou false/0/no/off,projectionEnable,,Active la projection incompressible Q6.,,simulation_params.h; params_io_base.cpp,src_mpcd_params_cles_acceptees_0292_cuda.csv
projectionMaxIterations,params_key,Projection Q6 / elliptique,canonique,entier,300,>=0,projectionMaxIterations,,Nombre maximal d’itérations CG.,,simulation_params.h; params_io_base.cpp,src_mpcd_params_cles_acceptees_0292_cuda.csv
projectionMomentumCorrectionEnable,params_key,Projection Q6 / elliptique,canonique,booléen,true,booléen: true/1/yes/on ou false/0/no/off,projectionMomentumCorrectionEnable,,Active la correction globale de quantité de mouvement après projection.,,simulation_params.h; params_io_base.cpp,src_mpcd_params_cles_acceptees_0292_cuda.csv
projectionOperator,params_key,Projection Q6 / elliptique,canonique,enum string,periodic_fv_cg,periodic_fv_cg; channel_fv_cg; auto_fv_cg; elliptic_fv_cg,projectionOperator,,Opérateur elliptique/div-grad utilisé par la projection.,,simulation_params.h; params_io_base.cpp,src_mpcd_params_cles_acceptees_0292_cuda.csv
projectionStrength,params_key,Projection Q6 / elliptique,alias accepté,double,1.0,"[0,1]",q6ProjectionStrength,,Sous-relaxation de la correction fluide-fluide Q6.,,simulation_params.h; params_io_base.cpp,src_mpcd_params_cles_acceptees_0292_cuda.csv
projectionTolerance,params_key,Projection Q6 / elliptique,canonique,double,1.0e-10,>0,projectionTolerance,,Tolérance relative/numérique du solveur de projection.,,simulation_params.h; params_io_base.cpp,src_mpcd_params_cles_acceptees_0292_cuda.csv
q6ProjectionStrength,params_key,Projection Q6 / elliptique,canonique,double,1.0,"[0,1]",q6ProjectionStrength,,Sous-relaxation de la correction fluide-fluide Q6.,,simulation_params.h; params_io_base.cpp,src_mpcd_params_cles_acceptees_0292_cuda.csv
projectionAllowUnmaskedImmersedSolid,params_key,Projection Q6 / solide immergé,canonique,booléen,false,booléen: true/1/yes/on ou false/0/no/off,projectionAllowUnmaskedImmersedSolid,,Autorise explicitement Q6 avec solide immergé non masqué.,,simulation_params.h; params_io_base.cpp,src_mpcd_params_cles_acceptees_0292_cuda.csv
projectionImmersedSolidCloseCutFaces,params_key,Projection Q6 / solide immergé,canonique,booléen,true,booléen: true/1/yes/on ou false/0/no/off,projectionImmersedSolidCloseCutFaces,,Ferme les faces coupées par le solide immergé dans la projection.,,simulation_params.h; params_io_base.cpp,src_mpcd_params_cles_acceptees_0292_cuda.csv
projectionImmersedSolidFluidFractionThreshold,params_key,Projection Q6 / solide immergé,canonique,double,0.5,"[0,1]",projectionImmersedSolidFluidFractionThreshold,,Seuil de fraction fluide pour classer/masquer les cellules solides.,,simulation_params.h; params_io_base.cpp,src_mpcd_params_cles_acceptees_0292_cuda.csv
projectionImmersedSolidMaskEnable,params_key,Projection Q6 / solide immergé,canonique,booléen,false,booléen: true/1/yes/on ou false/0/no/off,projectionImmersedSolidMaskEnable,,Active le masque solide immergé dans la projection.,,simulation_params.h; params_io_base.cpp,src_mpcd_params_cles_acceptees_0292_cuda.csv
gpuProjectionBackend,params_key,Projection Q6 — backend,alias accepté,enum string,cpu,cpu; auto; cuda,projectionBackend,,Sélectionne le backend de projection Q6; hors SRC classic full CUDA.,,simulation_params.h; params_io_base.cpp,src_mpcd_params_cles_acceptees_0292_cuda.csv
projectionBackend,params_key,Projection Q6 — backend,canonique,enum string,cpu,cpu; auto; cuda,projectionBackend,,Sélectionne le backend de projection Q6; hors SRC classic full CUDA.,,simulation_params.h; params_io_base.cpp,src_mpcd_params_cles_acceptees_0292_cuda.csv
q6ProjectionBackend,params_key,Projection Q6 — backend,alias accepté,enum string,cpu,cpu; auto; cuda,projectionBackend,,Sélectionne le backend de projection Q6; hors SRC classic full CUDA.,,simulation_params.h; params_io_base.cpp,src_mpcd_params_cles_acceptees_0292_cuda.csv
resamplingTargetCellMass,params_key,Resampling pondéré — cible,canonique,double,0.0,>=0; 0 => infère la masse moyenne courante,resamplingTargetCellMass,,Masse cible par cellule pour diagnostics/remap resampling.,,simulation_params.h; params_io_base.cpp,src_mpcd_params_cles_acceptees_0292_cuda.csv
weightedResamplingTargetCellMass,params_key,Resampling pondéré — cible,alias accepté,double,0.0,>=0; 0 => infère la masse moyenne courante,resamplingTargetCellMass,,Masse cible par cellule pour diagnostics/remap resampling.,,simulation_params.h; params_io_base.cpp,src_mpcd_params_cles_acceptees_0292_cuda.csv
resamplingLatentActivationEnable,params_key,Resampling pondéré — latent,canonique,booléen,false,booléen: true/1/yes/on ou false/0/no/off,resamplingLatentActivationEnable,,Active la conversion Latent -> Fluid pour remplir les cellules pauvres/vides.,,simulation_params.h; params_io_base.cpp,src_mpcd_params_cles_acceptees_0292_cuda.csv
resamplingLatentActivationMaxPerCell,params_key,Resampling pondéré — latent,canonique,entier,1,>0 si activation latente active,resamplingLatentActivationMaxPerCell,,Nombre maximal d’activations latentes par cellule.,,simulation_params.h; params_io_base.cpp,src_mpcd_params_cles_acceptees_0292_cuda.csv
resamplingLatentActivationParticleMass,params_key,Resampling pondéré — latent,canonique,double,0.0,>=0; 0 => targetCellMass/maxPerCell,resamplingLatentActivationParticleMass,,Masse attribuée aux particules activées depuis latent.,,simulation_params.h; params_io_base.cpp,src_mpcd_params_cles_acceptees_0292_cuda.csv
resamplingLatentParticleMass,params_key,Resampling pondéré — latent,alias accepté,double,0.0,>=0; 0 => targetCellMass/maxPerCell,resamplingLatentActivationParticleMass,,Masse attribuée aux particules activées depuis latent.,,simulation_params.h; params_io_base.cpp,src_mpcd_params_cles_acceptees_0292_cuda.csv
resamplingLatentToFluidEnable,params_key,Resampling pondéré — latent,alias accepté,booléen,false,booléen: true/1/yes/on ou false/0/no/off,resamplingLatentActivationEnable,,Active la conversion Latent -> Fluid pour remplir les cellules pauvres/vides.,,simulation_params.h; params_io_base.cpp,src_mpcd_params_cles_acceptees_0292_cuda.csv
resamplingActiveFluidFractionThreshold,params_key,Resampling pondéré — masque wet,canonique,double,0.5,"[0,1]",resamplingActiveFluidFractionThreshold,,Seuil de fraction fluide active pour considérer une cellule éligible.,,simulation_params.h; params_io_base.cpp,src_mpcd_params_cles_acceptees_0292_cuda.csv
resamplingWetCellMassThreshold,params_key,Resampling pondéré — masque wet,canonique,double,0.0,>=0,resamplingWetCellMassThreshold,,Seuil de masse minimale d’une cellule wet.,,simulation_params.h; params_io_base.cpp,src_mpcd_params_cles_acceptees_0292_cuda.csv
resamplingWetMaskMode,params_key,Resampling pondéré — masque wet,canonique,enum string,active_domain,active_domain; occupied,resamplingWetMaskMode,,Définition des cellules wet/actives pour le resampling.,,simulation_params.h; params_io_base.cpp,src_mpcd_params_cles_acceptees_0292_cuda.csv
resamplingWetMassThreshold,params_key,Resampling pondéré — masque wet,alias accepté,double,0.0,>=0,resamplingWetCellMassThreshold,,Seuil de masse minimale d’une cellule wet.,,simulation_params.h; params_io_base.cpp,src_mpcd_params_cles_acceptees_0292_cuda.csv
resamplingMassGuardEnable,params_key,Resampling pondéré — masse,canonique,booléen,false,booléen: true/1/yes/on ou false/0/no/off,resamplingMassGuardEnable,,Active le garde de bornes de masse particulaire.,,simulation_params.h; params_io_base.cpp,src_mpcd_params_cles_acceptees_0292_cuda.csv
resamplingMassMax,params_key,Resampling pondéré — masse,alias accepté,double,4.0,> resamplingParticleMassMin,resamplingParticleMassMax,,Borne supérieure de masse particulaire.,,simulation_params.h; params_io_base.cpp,src_mpcd_params_cles_acceptees_0292_cuda.csv
resamplingMassMin,params_key,Resampling pondéré — masse,alias accepté,double,0.25,>=0,resamplingParticleMassMin,,Borne inférieure de masse particulaire.,,simulation_params.h; params_io_base.cpp,src_mpcd_params_cles_acceptees_0292_cuda.csv
resamplingMassRemapPeriod,params_key,Resampling pondéré — masse,alias accepté,entier,1,>=0; 0 désactive remap/guard de masse,resamplingMassRenormalizationPeriod,,Période K de renormalisation/remap de masse.,,simulation_params.h; params_io_base.cpp,src_mpcd_params_cles_acceptees_0292_cuda.csv
resamplingMassRenormalisationPeriod,params_key,Resampling pondéré — masse,alias accepté,entier,1,>=0; 0 désactive remap/guard de masse,resamplingMassRenormalizationPeriod,,Période K de renormalisation/remap de masse.,,simulation_params.h; params_io_base.cpp,src_mpcd_params_cles_acceptees_0292_cuda.csv
resamplingMassRenormalizationPeriod,params_key,Resampling pondéré — masse,canonique,entier,1,>=0; 0 désactive remap/guard de masse,resamplingMassRenormalizationPeriod,,Période K de renormalisation/remap de masse.,,simulation_params.h; params_io_base.cpp,src_mpcd_params_cles_acceptees_0292_cuda.csv
resamplingMassSafetyEnable,params_key,Resampling pondéré — masse,alias accepté,booléen,false,booléen: true/1/yes/on ou false/0/no/off,resamplingMassGuardEnable,,Active le garde de bornes de masse particulaire.,,simulation_params.h; params_io_base.cpp,src_mpcd_params_cles_acceptees_0292_cuda.csv
resamplingParticleMassMax,params_key,Resampling pondéré — masse,canonique,double,4.0,> resamplingParticleMassMin,resamplingParticleMassMax,,Borne supérieure de masse particulaire.,,simulation_params.h; params_io_base.cpp,src_mpcd_params_cles_acceptees_0292_cuda.csv
resamplingParticleMassMin,params_key,Resampling pondéré — masse,canonique,double,0.25,>=0,resamplingParticleMassMin,,Borne inférieure de masse particulaire.,,simulation_params.h; params_io_base.cpp,src_mpcd_params_cles_acceptees_0292_cuda.csv
resamplingRemapPeriod,params_key,Resampling pondéré — masse,alias accepté,entier,1,>=0; 0 désactive remap/guard de masse,resamplingMassRenormalizationPeriod,,Période K de renormalisation/remap de masse.,,simulation_params.h; params_io_base.cpp,src_mpcd_params_cles_acceptees_0292_cuda.csv
resamplingNMax,params_key,Resampling pondéré — population,alias accepté,entier,0,>=0; 0 avec les deux autres bornes => inférence,resamplingPopulationNMax,,Borne haute de population par cellule.,,simulation_params.h; params_io_base.cpp,src_mpcd_params_cles_acceptees_0292_cuda.csv
resamplingNMaxExtractionsPerCell,params_key,Resampling pondéré — population,alias accepté,entier,64,>=0,resamplingPopulationMaxExtractionsPerCell,,Limite d’extractions par cellule et par step.,,simulation_params.h; params_io_base.cpp,src_mpcd_params_cles_acceptees_0292_cuda.csv
resamplingNMaxExtractionsPerStep,params_key,Resampling pondéré — population,alias accepté,entier,200000,>=0,resamplingPopulationMaxExtractionsPerStep,,Limite globale d’extractions par step.,,simulation_params.h; params_io_base.cpp,src_mpcd_params_cles_acceptees_0292_cuda.csv
resamplingNMaxFraction,params_key,Resampling pondéré — population,alias accepté,double,1.30,>=1,resamplingPopulationNMaxFraction,,Fraction utilisée pour inférer NMax.,,simulation_params.h; params_io_base.cpp,src_mpcd_params_cles_acceptees_0292_cuda.csv
resamplingNMaxSplitsPerCell,params_key,Resampling pondéré — population,alias accepté,entier,16,>=0,resamplingPopulationMaxSplitsPerCell,,Limite de splits par cellule et par step.,,simulation_params.h; params_io_base.cpp,src_mpcd_params_cles_acceptees_0292_cuda.csv
resamplingNMaxSplitsPerStep,params_key,Resampling pondéré — population,alias accepté,entier,200000,>=0,resamplingPopulationMaxSplitsPerStep,,Limite globale de splits par step.,,simulation_params.h; params_io_base.cpp,src_mpcd_params_cles_acceptees_0292_cuda.csv
resamplingNMin,params_key,Resampling pondéré — population,alias accepté,entier,0,>=0; 0 avec les deux autres bornes => inférence,resamplingPopulationNMin,,Borne basse de population par cellule.,,simulation_params.h; params_io_base.cpp,src_mpcd_params_cles_acceptees_0292_cuda.csv
resamplingNMinFraction,params_key,Resampling pondéré — population,alias accepté,double,0.70,"(0,1]",resamplingPopulationNMinFraction,,Fraction utilisée pour inférer NMin.,,simulation_params.h; params_io_base.cpp,src_mpcd_params_cles_acceptees_0292_cuda.csv
resamplingNTarget,params_key,Resampling pondéré — population,alias accepté,entier,0,>=0; 0 avec les deux autres bornes => inférence,resamplingPopulationNTarget,,Population cible par cellule.,,simulation_params.h; params_io_base.cpp,src_mpcd_params_cles_acceptees_0292_cuda.csv
resamplingPopulationMaxExtractionsPerCell,params_key,Resampling pondéré — population,canonique,entier,64,>=0,resamplingPopulationMaxExtractionsPerCell,,Limite d’extractions par cellule et par step.,,simulation_params.h; params_io_base.cpp,src_mpcd_params_cles_acceptees_0292_cuda.csv
resamplingPopulationMaxExtractionsPerStep,params_key,Resampling pondéré — population,canonique,entier,200000,>=0,resamplingPopulationMaxExtractionsPerStep,,Limite globale d’extractions par step.,,simulation_params.h; params_io_base.cpp,src_mpcd_params_cles_acceptees_0292_cuda.csv
resamplingPopulationMaxSplitsPerCell,params_key,Resampling pondéré — population,canonique,entier,16,>=0,resamplingPopulationMaxSplitsPerCell,,Limite de splits par cellule et par step.,,simulation_params.h; params_io_base.cpp,src_mpcd_params_cles_acceptees_0292_cuda.csv
resamplingPopulationMaxSplitsPerStep,params_key,Resampling pondéré — population,canonique,entier,200000,>=0,resamplingPopulationMaxSplitsPerStep,,Limite globale de splits par step.,,simulation_params.h; params_io_base.cpp,src_mpcd_params_cles_acceptees_0292_cuda.csv
resamplingPopulationNMax,params_key,Resampling pondéré — population,canonique,entier,0,>=0; 0 avec les deux autres bornes => inférence,resamplingPopulationNMax,,Borne haute de population par cellule.,,simulation_params.h; params_io_base.cpp,src_mpcd_params_cles_acceptees_0292_cuda.csv
resamplingPopulationNMaxFraction,params_key,Resampling pondéré — population,canonique,double,1.30,>=1,resamplingPopulationNMaxFraction,,Fraction utilisée pour inférer NMax.,,simulation_params.h; params_io_base.cpp,src_mpcd_params_cles_acceptees_0292_cuda.csv
resamplingPopulationNMin,params_key,Resampling pondéré — population,canonique,entier,0,>=0; 0 avec les deux autres bornes => inférence,resamplingPopulationNMin,,Borne basse de population par cellule.,,simulation_params.h; params_io_base.cpp,src_mpcd_params_cles_acceptees_0292_cuda.csv
resamplingPopulationNMinFraction,params_key,Resampling pondéré — population,canonique,double,0.70,"(0,1]",resamplingPopulationNMinFraction,,Fraction utilisée pour inférer NMin.,,simulation_params.h; params_io_base.cpp,src_mpcd_params_cles_acceptees_0292_cuda.csv
resamplingPopulationNTarget,params_key,Resampling pondéré — population,canonique,entier,0,>=0; 0 avec les deux autres bornes => inférence,resamplingPopulationNTarget,,Population cible par cellule.,,simulation_params.h; params_io_base.cpp,src_mpcd_params_cles_acceptees_0292_cuda.csv
resamplingPoorCellMassFraction,params_key,Resampling pondéré — seuils pauvre/riche,canonique,double,0.5,>=0,resamplingPoorCellMassFraction,,Fraction de masse cible sous laquelle une cellule est pauvre.,,simulation_params.h; params_io_base.cpp,src_mpcd_params_cles_acceptees_0292_cuda.csv
resamplingPoorMassFraction,params_key,Resampling pondéré — seuils pauvre/riche,alias accepté,double,0.5,>=0,resamplingPoorCellMassFraction,,Fraction de masse cible sous laquelle une cellule est pauvre.,,simulation_params.h; params_io_base.cpp,src_mpcd_params_cles_acceptees_0292_cuda.csv
resamplingRichCellMassFraction,params_key,Resampling pondéré — seuils pauvre/riche,canonique,double,1.5,> resamplingPoorCellMassFraction,resamplingRichCellMassFraction,,Fraction de masse cible au-dessus de laquelle une cellule est riche.,,simulation_params.h; params_io_base.cpp,src_mpcd_params_cles_acceptees_0292_cuda.csv
resamplingRichMassFraction,params_key,Resampling pondéré — seuils pauvre/riche,alias accepté,double,1.5,> resamplingPoorCellMassFraction,resamplingRichCellMassFraction,,Fraction de masse cible au-dessus de laquelle une cellule est riche.,,simulation_params.h; params_io_base.cpp,src_mpcd_params_cles_acceptees_0292_cuda.csv
resamplingEnable,params_key,Resampling pondéré — switches,canonique,booléen,false,booléen: true/1/yes/on ou false/0/no/off,resamplingEnable,,Switch maître de toutes les opérations de rôle/changement de population.,,simulation_params.h; params_io_base.cpp,src_mpcd_params_cles_acceptees_0292_cuda.csv
resamplingExtractionEnable,params_key,Resampling pondéré — switches,canonique,booléen,false,booléen: true/1/yes/on ou false/0/no/off,resamplingExtractionEnable,,Active l’extraction Fluid -> Inactive depuis cellules riches.,,simulation_params.h; params_io_base.cpp,src_mpcd_params_cles_acceptees_0292_cuda.csv
resamplingInsertionEnable,params_key,Resampling pondéré — switches,canonique,booléen,false,booléen: true/1/yes/on ou false/0/no/off,resamplingInsertionEnable,,Active l’insertion Inactive -> Fluid vers cellules pauvres.,,simulation_params.h; params_io_base.cpp,src_mpcd_params_cles_acceptees_0292_cuda.csv
resamplingRemapEnable,params_key,Resampling pondéré — switches,canonique,booléen,false,booléen: true/1/yes/on ou false/0/no/off,resamplingRemapEnable,,Active le remap/renormalisation locale de masse.,,simulation_params.h; params_io_base.cpp,src_mpcd_params_cles_acceptees_0292_cuda.csv
resamplingThermalRenormalisationEnable,params_key,Resampling pondéré — switches,alias accepté,booléen,false,booléen: true/1/yes/on ou false/0/no/off,resamplingThermalRenormalizationEnable,,Active la correction thermique liée au resampling.,,simulation_params.h; params_io_base.cpp,src_mpcd_params_cles_acceptees_0292_cuda.csv
resamplingThermalRenormalizationEnable,params_key,Resampling pondéré — switches,canonique,booléen,false,booléen: true/1/yes/on ou false/0/no/off,resamplingThermalRenormalizationEnable,,Active la correction thermique liée au resampling.,,simulation_params.h; params_io_base.cpp,src_mpcd_params_cles_acceptees_0292_cuda.csv
weightedResamplingEnable,params_key,Resampling pondéré — switches,alias accepté,booléen,false,booléen: true/1/yes/on ou false/0/no/off,resamplingEnable,,Switch maître de toutes les opérations de rôle/changement de population.,,simulation_params.h; params_io_base.cpp,src_mpcd_params_cles_acceptees_0292_cuda.csv
closedCapacityInletMassFluxEnable,params_key,Réponse capacité fermée / viriel,canonique,booléen,false,booléen: true/1/yes/on ou false/0/no/off,closedCapacityInletMassFluxEnable,,Active une loi de flux de masse d’entrée pilotée par capacité.,,simulation_params.h; params_io_base.cpp,src_mpcd_params_cles_acceptees_0292_cuda.csv
closedCapacityInletMassFluxMultiplier,params_key,Réponse capacité fermée / viriel,canonique,double,1.0,>=0,closedCapacityInletMassFluxMultiplier,,Multiplicateur du flux de masse inlet piloté par capacité.,,simulation_params.h; params_io_base.cpp,src_mpcd_params_cles_acceptees_0292_cuda.csv
closedCapacityMassGuardDisableOnOverfill,params_key,Réponse capacité fermée / viriel,canonique,booléen,true,booléen: true/1/yes/on ou false/0/no/off,closedCapacityMassGuardDisableOnOverfill,,Désactive le mass guard lorsque l’overfill est détecté.,,simulation_params.h; params_io_base.cpp,src_mpcd_params_cles_acceptees_0292_cuda.csv
closedCapacityMassRemapEta,params_key,Réponse capacité fermée / viriel,canonique,double,0.005,>0,closedCapacityMassRemapEta,,Paramètre eta d’atténuation du remap de masse en surcapacité.,,simulation_params.h; params_io_base.cpp,src_mpcd_params_cles_acceptees_0292_cuda.csv
closedCapacityMassRemapPower,params_key,Réponse capacité fermée / viriel,canonique,double,2.0,>0,closedCapacityMassRemapPower,,Puissance de la loi d’atténuation du remap de masse.,,simulation_params.h; params_io_base.cpp,src_mpcd_params_cles_acceptees_0292_cuda.csv
closedCapacityQ6Eta,params_key,Réponse capacité fermée / viriel,canonique,double,0.005,>0,closedCapacityQ6Eta,,Paramètre eta de réduction de la projection Q6 en surcapacité.,,simulation_params.h; params_io_base.cpp,src_mpcd_params_cles_acceptees_0292_cuda.csv
closedCapacityQ6Power,params_key,Réponse capacité fermée / viriel,canonique,double,2.0,>0,closedCapacityQ6Power,,Puissance de la loi de réduction Q6.,,simulation_params.h; params_io_base.cpp,src_mpcd_params_cles_acceptees_0292_cuda.csv
closedCapacityReferenceCellMass,params_key,Réponse capacité fermée / viriel,canonique,double,0.0,>=0; 0 => inférer,closedCapacityReferenceCellMass,,Masse de référence par cellule fluide.,,simulation_params.h; params_io_base.cpp,src_mpcd_params_cles_acceptees_0292_cuda.csv
closedCapacityReferenceParticleMass,params_key,Réponse capacité fermée / viriel,canonique,double,1.0,>0,closedCapacityReferenceParticleMass,,Masse particulaire de référence.,,simulation_params.h; params_io_base.cpp,src_mpcd_params_cles_acceptees_0292_cuda.csv
closedCapacityResponseEnable,params_key,Réponse capacité fermée / viriel,canonique,booléen,false,booléen: true/1/yes/on ou false/0/no/off,closedCapacityResponseEnable,,Active la réponse à la surcapacité/overfill en domaine fermé.,,simulation_params.h; params_io_base.cpp,src_mpcd_params_cles_acceptees_0292_cuda.csv
closedCapacityVirialBaseK,params_key,Réponse capacité fermée / viriel,groupe dynamique,double,0.0,>=0,closedCapacityVirialBaseK,,Raideur virielle de base.,,simulation_params.h; params_io_base.cpp,src_mpcd_params_cles_acceptees_0292_cuda.csv
closedCapacityVirialEta,params_key,Réponse capacité fermée / viriel,canonique,double,0.005,>0,closedCapacityVirialEta,,Paramètre eta de la loi virielle.,,simulation_params.h; params_io_base.cpp,src_mpcd_params_cles_acceptees_0292_cuda.csv
closedCapacityVirialGain,params_key,Réponse capacité fermée / viriel,canonique,double,20.0,>=0,closedCapacityVirialGain,,Gain de la composante virielle pilotée par l’overfill.,,simulation_params.h; params_io_base.cpp,src_mpcd_params_cles_acceptees_0292_cuda.csv
closedCapacityVirialKickEnable,params_key,Réponse capacité fermée / viriel,canonique,booléen,false,booléen: true/1/yes/on ou false/0/no/off,closedCapacityVirialKickEnable,,Active le kick viriel faible lié à la surcapacité.,,simulation_params.h; params_io_base.cpp,src_mpcd_params_cles_acceptees_0292_cuda.csv
closedCapacityVirialKickStrength,params_key,Réponse capacité fermée / viriel,canonique,double,1.0,>=0,closedCapacityVirialKickStrength,,Intensité multiplicative du kick viriel.,,simulation_params.h; params_io_base.cpp,src_mpcd_params_cles_acceptees_0292_cuda.csv
closedCapacityVirialMomentumCorrectionEnable,params_key,Réponse capacité fermée / viriel,canonique,booléen,true,booléen: true/1/yes/on ou false/0/no/off,closedCapacityVirialMomentumCorrectionEnable,,Corrige globalement le moment après kick viriel.,,simulation_params.h; params_io_base.cpp,src_mpcd_params_cles_acceptees_0292_cuda.csv
closedCapacityVirialPower,params_key,Réponse capacité fermée / viriel,canonique,double,2.0,>0,closedCapacityVirialPower,,Puissance de la loi virielle.,,simulation_params.h; params_io_base.cpp,src_mpcd_params_cles_acceptees_0292_cuda.csv
immersedCircleEnable,params_key,Solide immergé,alias accepté,booléen,false,booléen: true/1/yes/on ou false/0/no/off,immersedSolidEnable,,Active un solide immergé analytique.,,simulation_params.h; params_io_base.cpp,src_mpcd_params_cles_acceptees_0292_cuda.csv
immersedCircleFractionSamples,params_key,Solide immergé,alias accepté,entier,4,> 0,immersedSolidFractionSamples,,Nombre d’échantillons pour estimer la fraction fluide/solide des cellules.,,simulation_params.h; params_io_base.cpp,src_mpcd_params_cles_acceptees_0292_cuda.csv
immersedSolidEnable,params_key,Solide immergé,canonique,booléen,false,booléen: true/1/yes/on ou false/0/no/off,immersedSolidEnable,,Active un solide immergé analytique.,,simulation_params.h; params_io_base.cpp,src_mpcd_params_cles_acceptees_0292_cuda.csv
immersedSolidFractionSamples,params_key,Solide immergé,canonique,entier,4,> 0,immersedSolidFractionSamples,,Nombre d’échantillons pour estimer la fraction fluide/solide des cellules.,,simulation_params.h; params_io_base.cpp,src_mpcd_params_cles_acceptees_0292_cuda.csv
immersedSolidShape,params_key,Solide immergé,canonique,enum string,circle,circle; disk; disc; rectangle; rect; box; step,immersedSolidShape,,Forme du solide immergé.,,simulation_params.h; params_io_base.cpp,src_mpcd_params_cles_acceptees_0292_cuda.csv
immersedCircleCx,params_key,Solide immergé — cercle,alias accepté,double,0.5,nombre réel fini,immersedSolidCx,,Abscisse initiale du centre du cercle.,,simulation_params.h; params_io_base.cpp,src_mpcd_params_cles_acceptees_0292_cuda.csv
immersedCircleCy,params_key,Solide immergé — cercle,alias accepté,double,0.5,nombre réel fini,immersedSolidCy,,Ordonnée initiale du centre du cercle.,,simulation_params.h; params_io_base.cpp,src_mpcd_params_cles_acceptees_0292_cuda.csv
immersedCircleR,params_key,Solide immergé — cercle,alias accepté,double,0.1,> 0 si shape=circle/disk/disc,immersedSolidR,,Rayon du cercle immergé.,,simulation_params.h; params_io_base.cpp,src_mpcd_params_cles_acceptees_0292_cuda.csv
immersedSolidCx,params_key,Solide immergé — cercle,canonique,double,0.5,nombre réel fini,immersedSolidCx,,Abscisse initiale du centre du cercle.,,simulation_params.h; params_io_base.cpp,src_mpcd_params_cles_acceptees_0292_cuda.csv
immersedSolidCy,params_key,Solide immergé — cercle,canonique,double,0.5,nombre réel fini,immersedSolidCy,,Ordonnée initiale du centre du cercle.,,simulation_params.h; params_io_base.cpp,src_mpcd_params_cles_acceptees_0292_cuda.csv
immersedSolidR,params_key,Solide immergé — cercle,canonique,double,0.1,> 0 si shape=circle/disk/disc,immersedSolidR,,Rayon du cercle immergé.,,simulation_params.h; params_io_base.cpp,src_mpcd_params_cles_acceptees_0292_cuda.csv
immersedCircleOmega,params_key,Solide immergé — mouvement,alias accepté,double,0.0,nombre réel fini,immersedSolidOmega,,"Vitesse angulaire du cercle, positive antihoraire.",,simulation_params.h; params_io_base.cpp,src_mpcd_params_cles_acceptees_0292_cuda.csv
immersedCircleVx,params_key,Solide immergé — mouvement,alias accepté,double,0.0,nombre réel fini,immersedSolidVx,,Vitesse de translation du solide en x.,,simulation_params.h; params_io_base.cpp,src_mpcd_params_cles_acceptees_0292_cuda.csv
immersedCircleVy,params_key,Solide immergé — mouvement,alias accepté,double,0.0,nombre réel fini,immersedSolidVy,,Vitesse de translation du solide en y.,,simulation_params.h; params_io_base.cpp,src_mpcd_params_cles_acceptees_0292_cuda.csv
immersedCircleWallUx,params_key,Solide immergé — mouvement,alias accepté,double,0.0,nombre réel fini,immersedSolidWallUx,,Offset uniforme de vitesse de paroi du solide en x.,,simulation_params.h; params_io_base.cpp,src_mpcd_params_cles_acceptees_0292_cuda.csv
immersedCircleWallUy,params_key,Solide immergé — mouvement,alias accepté,double,0.0,nombre réel fini,immersedSolidWallUy,,Offset uniforme de vitesse de paroi du solide en y.,,simulation_params.h; params_io_base.cpp,src_mpcd_params_cles_acceptees_0292_cuda.csv
immersedSolidOmega,params_key,Solide immergé — mouvement,canonique,double,0.0,nombre réel fini,immersedSolidOmega,,"Vitesse angulaire du cercle, positive antihoraire.",,simulation_params.h; params_io_base.cpp,src_mpcd_params_cles_acceptees_0292_cuda.csv
immersedSolidVx,params_key,Solide immergé — mouvement,canonique,double,0.0,nombre réel fini,immersedSolidVx,,Vitesse de translation du solide en x.,,simulation_params.h; params_io_base.cpp,src_mpcd_params_cles_acceptees_0292_cuda.csv
immersedSolidVy,params_key,Solide immergé — mouvement,canonique,double,0.0,nombre réel fini,immersedSolidVy,,Vitesse de translation du solide en y.,,simulation_params.h; params_io_base.cpp,src_mpcd_params_cles_acceptees_0292_cuda.csv
immersedSolidWallUx,params_key,Solide immergé — mouvement,canonique,double,0.0,nombre réel fini,immersedSolidWallUx,,Offset uniforme de vitesse de paroi du solide en x.,,simulation_params.h; params_io_base.cpp,src_mpcd_params_cles_acceptees_0292_cuda.csv
immersedSolidWallUy,params_key,Solide immergé — mouvement,canonique,double,0.0,nombre réel fini,immersedSolidWallUy,,Offset uniforme de vitesse de paroi du solide en y.,,simulation_params.h; params_io_base.cpp,src_mpcd_params_cles_acceptees_0292_cuda.csv
immersedSolidXMax,params_key,Solide immergé — rectangle,canonique,double,0.25,nombre réel fini,immersedSolidXMax,,Borne x maximale du rectangle.,,simulation_params.h; params_io_base.cpp,src_mpcd_params_cles_acceptees_0292_cuda.csv
immersedSolidXMin,params_key,Solide immergé — rectangle,canonique,double,0.0,nombre réel fini,immersedSolidXMin,,Borne x minimale du rectangle.,,simulation_params.h; params_io_base.cpp,src_mpcd_params_cles_acceptees_0292_cuda.csv
immersedSolidYMax,params_key,Solide immergé — rectangle,canonique,double,0.50,nombre réel fini,immersedSolidYMax,,Borne y maximale du rectangle.,,simulation_params.h; params_io_base.cpp,src_mpcd_params_cles_acceptees_0292_cuda.csv
immersedSolidYMin,params_key,Solide immergé — rectangle,canonique,double,0.0,nombre réel fini,immersedSolidYMin,,Borne y minimale du rectangle.,,simulation_params.h; params_io_base.cpp,src_mpcd_params_cles_acceptees_0292_cuda.csv
alphaDeg,params_key,Temps et collision SRC,alias accepté,double,2.0943951023931953 rad,réel non NaN; alphaDeg converti en radians,rotationAngle,,Angle de rotation SRD/MPCD.,,simulation_params.h; params_io_base.cpp,src_mpcd_params_cles_acceptees_0292_cuda.csv
dt,params_key,Temps et collision SRC,canonique,double,1.0e-3,> 0,dt,,Pas de temps MPCD/SRD.,,simulation_params.h; params_io_base.cpp,src_mpcd_params_cles_acceptees_0292_cuda.csv
gridShiftEnable,params_key,Temps et collision SRC,canonique,booléen,true,booléen: true/1/yes/on ou false/0/no/off,gridShiftEnable,,Active le décalage aléatoire de grille avant collision.,,simulation_params.h; params_io_base.cpp,src_mpcd_params_cles_acceptees_0292_cuda.csv
nSteps,params_key,Temps et collision SRC,canonique,entier,1000,>= 0,nSteps,,Nombre de pas de temps simulés.,,simulation_params.h; params_io_base.cpp,src_mpcd_params_cles_acceptees_0292_cuda.csv
randomRotationSign,params_key,Temps et collision SRC,canonique,booléen,true,booléen: true/1/yes/on ou false/0/no/off,randomRotationSign,,Active le signe aléatoire de la rotation collisionnelle.,,simulation_params.h; params_io_base.cpp,src_mpcd_params_cles_acceptees_0292_cuda.csv
rngSeed,params_key,Temps et collision SRC,canonique,uint64,12345,entier non signé 64 bits,rngSeed,,Graine de génération pseudo-aléatoire.,,simulation_params.h; params_io_base.cpp,src_mpcd_params_cles_acceptees_0292_cuda.csv
rotationAngle,params_key,Temps et collision SRC,canonique,double,2.0943951023931953 rad,réel non NaN; alphaDeg converti en radians,rotationAngle,,Angle de rotation SRD/MPCD.,,simulation_params.h; params_io_base.cpp,src_mpcd_params_cles_acceptees_0292_cuda.csv
kBT,params_key,Thermostat,canonique,double,0.0,>=0 usuel; doit être >0 quand hérité par thermostat/paroi/inlet bruité,kBT,,Température cinétique globale de référence.,,simulation_params.h; params_io_base.cpp,src_mpcd_params_cles_acceptees_0292_cuda.csv
thermostatEnable,params_key,Thermostat,canonique,booléen,false,booléen: true/1/yes/on ou false/0/no/off,thermostatEnable,,Active/désactive physiquement le thermostat en CPU et en GPU; 0291b empêche les flags CUDA de forcer le thermostat si false.,,simulation_params.h; params_io_base.cpp,src_mpcd_params_cles_acceptees_0292_cuda.csv
thermostatEpsilon,params_key,Thermostat,canonique,double,1.0e-30,>0 si thermostatEnable=true,thermostatEpsilon,,Seuil numérique anti-division par zéro du thermostat.,,simulation_params.h; params_io_base.cpp,src_mpcd_params_cles_acceptees_0292_cuda.csv
thermostatEvery,params_key,Thermostat,canonique,entier,1,>0 si thermostatEnable=true,thermostatEvery,,Cadence du thermostat en pas de temps.,,simulation_params.h; params_io_base.cpp,src_mpcd_params_cles_acceptees_0292_cuda.csv
thermostatMinParticles,params_key,Thermostat,canonique,entier,3,>=2 si thermostatEnable=true,thermostatMinParticles,,Nombre minimal de particules d’une cellule pour thermostat.,,simulation_params.h; params_io_base.cpp,src_mpcd_params_cles_acceptees_0292_cuda.csv
thermostatMode,params_key,Thermostat,canonique,enum string,cell_relative_rescale,cell_relative_rescale,thermostatMode,,Mode de thermostat: rescale des vitesses relatives au centre de masse cellulaire.,,simulation_params.h; params_io_base.cpp,src_mpcd_params_cles_acceptees_0292_cuda.csv
thermostatTargetKBT,params_key,Thermostat,canonique,double,-1.0,négatif => hérite de kBT; sinon >0; 0 invalide si actif,thermostatTargetKBT,,Température cinétique cible du thermostat.,,simulation_params.h; params_io_base.cpp,src_mpcd_params_cles_acceptees_0292_cuda.csv
DUMP_ROLE_FILTER,params_or_script_alias,Alias script,ajout 0314,all|fluid,fluid dans scripts visual 0309+,,,,Alias exporté par les scripts vers dumpRoleFilter.,"Paramètre de script, pas toujours une clé directe.",,src_mpcd_cuda_resampling_params_delta_0314.csv | src_mpcd_cuda_resampling_params_delta_0314_to_0337_livevis.csv
SUMMARY_ROLE_FILTER,params_or_script_alias,Alias script,ajout 0314,all|fluid,fluid dans scripts visual 0309+,,,,Alias exporté par les scripts vers summaryRoleFilter.,"Paramètre de script, pas toujours une clé directe.",,src_mpcd_cuda_resampling_params_delta_0314.csv | src_mpcd_cuda_resampling_params_delta_0314_to_0337_livevis.csv
BIN,params_or_script_alias,Alias script / binaire,mis à jour 0337 livevis,chemin exécutable,build/src_mpcd_base_cuda_livevis_0337d dans scripts 0337,,,,Binaire exécuté par les scripts portables livevis.,Peut être surchargé pour tester un autre build; les scripts livevis nécessitent un binaire compilé avec MPCD_ENABLE_LIVE_VIS=1.,,src_mpcd_cuda_params_added_0337_livevis.csv | src_mpcd_cuda_resampling_params_delta_0314_to_0337_livevis.csv
AUTO_BUILD,params_or_script_alias,Alias script / build,mis à jour 0337 livevis,booléen,1,,,,Autorise le script à compiler automatiquement le binaire manquant.,"Dans les scripts livevis, le build automatique passe MPCD_ENABLE_LIVE_VIS=1.",,src_mpcd_cuda_params_added_0337_livevis.csv | src_mpcd_cuda_resampling_params_delta_0314_to_0337_livevis.csv
RUN_MODES,params_or_script_alias,Alias script / cas de run,existant; utilisé scripts portables,liste: classic resampling,resampling ou classic resampling selon script,,,,Choisit les modes exécutés par les scripts portables.,Peut lancer classic et resampling pour comparaison visuelle.,,src_mpcd_cuda_params_added_0337_livevis.csv | src_mpcd_cuda_resampling_params_delta_0314_to_0337_livevis.csv
LIVE_VIS_ALPHA,params_or_script_alias,Alias script livevis 0337,ajout 0337,double,0.08,,,,Lissage temporel visuel.,Principalement utile au fallback CPU.,,src_mpcd_cuda_params_added_0337_livevis.csv | src_mpcd_cuda_resampling_params_delta_0314_to_0337_livevis.csv
LIVE_VIS_CLIP,params_or_script_alias,Alias script livevis 0337,ajout 0337,double; <=0 auto,-1,,,,Échelle de saturation couleur.,Exemples: ux clip 0.2–0.5; vorticity clip 5–20 selon cas.,,src_mpcd_cuda_params_added_0337_livevis.csv | src_mpcd_cuda_resampling_params_delta_0314_to_0337_livevis.csv
LIVE_VIS_CUDA_FIELD,params_or_script_alias,Alias script livevis 0337,ajout 0337a,booléen,1,,,,Active le renderer CUDA de champ.,Mode recommandé par défaut pour classic et resampling livevis.,,src_mpcd_cuda_params_added_0337_livevis.csv | src_mpcd_cuda_resampling_params_delta_0314_to_0337_livevis.csv
LIVE_VIS_CUDA_SNAPSHOT,params_or_script_alias,Alias script livevis 0337,ajout 0336/0337,booléen,0,,,,Active le snapshot compact expérimental.,Non fiable après resampling; garder à 0 sauf diagnostic.,,src_mpcd_cuda_params_added_0337_livevis.csv | src_mpcd_cuda_resampling_params_delta_0314_to_0337_livevis.csv
LIVE_VIS_ENABLE,params_or_script_alias,Alias script livevis 0337,ajout 0337,booléen,1,,,,Active la visualisation dans les scripts portables livevis.,Exporté vers SRC_LIVE_VIS_ENABLE. Mettre 0 pour exécuter sans fenêtre.,,src_mpcd_cuda_params_added_0337_livevis.csv | src_mpcd_cuda_resampling_params_delta_0314_to_0337_livevis.csv
LIVE_VIS_EVERY,params_or_script_alias,Alias script livevis 0337,ajout 0337,entier >0,20,,,,Cadence de rendu livevis.,Exporté vers SRC_LIVE_VIS_EVERY.,,src_mpcd_cuda_params_added_0337_livevis.csv | src_mpcd_cuda_resampling_params_delta_0314_to_0337_livevis.csv
LIVE_VIS_FIELD,params_or_script_alias,Alias script livevis 0337,ajout 0337,ux|uy|speed|vorticity|mass|density,dépend du script,,,,Champ affiché par défaut dans la fenêtre live.,"Par défaut: VK/TG=vorticity, Poiseuille=ux, backward-step/box=speed.",,src_mpcd_cuda_params_added_0337_livevis.csv | src_mpcd_cuda_resampling_params_delta_0314_to_0337_livevis.csv
LIVE_VIS_FORCE_HOST_MIRROR,params_or_script_alias,Alias script livevis 0337,ajout 0335c,booléen,0,,,,Force le miroir hôte pour visualisation.,Debug seulement.,,src_mpcd_cuda_params_added_0337_livevis.csv | src_mpcd_cuda_resampling_params_delta_0314_to_0337_livevis.csv
LIVE_VIS_GAIN,params_or_script_alias,Alias script livevis 0337,ajout 0337,double >0,1.0,,,,Gain couleur.,Réduire si la colormap est saturée; augmenter si le contraste est faible.,,src_mpcd_cuda_params_added_0337_livevis.csv | src_mpcd_cuda_resampling_params_delta_0314_to_0337_livevis.csv
LIVE_VIS_LOG_SOURCE,params_or_script_alias,Alias script livevis 0337,ajout 0337d,booléen,0,,,,Affiche le statut source livevis sur une ligne.,Exporté vers SRC_LIVE_VIS_LOG_SOURCE; depuis 0337d ne spamme plus le terminal.,,src_mpcd_cuda_params_added_0337_livevis.csv | src_mpcd_cuda_resampling_params_delta_0314_to_0337_livevis.csv
LIVE_VIS_NX,params_or_script_alias,Alias script livevis 0337,ajout 0337,entier,300,,,,Résolution x du champ livevis.,Exporté vers SRC_LIVE_VIS_NX.,,src_mpcd_cuda_params_added_0337_livevis.csv | src_mpcd_cuda_resampling_params_delta_0314_to_0337_livevis.csv
LIVE_VIS_NY,params_or_script_alias,Alias script livevis 0337,ajout 0337,entier,80,,,,Résolution y du champ livevis.,Exporté vers SRC_LIVE_VIS_NY.,,src_mpcd_cuda_params_added_0337_livevis.csv | src_mpcd_cuda_resampling_params_delta_0314_to_0337_livevis.csv
LIVE_VIS_QUANTILE,params_or_script_alias,Alias script livevis 0337,ajout 0337,"double dans (0,1]",0.995,,,,Quantile auto de mise à l’échelle.,Limiter les outliers dans le fallback CPU.,,src_mpcd_cuda_params_added_0337_livevis.csv | src_mpcd_cuda_resampling_params_delta_0314_to_0337_livevis.csv
LIVE_VIS_RESAMPLING_HOST_MIRROR,params_or_script_alias,Alias script livevis 0337,ajout 0335d/0337,booléen,0,,,,Force le fallback hôte en resampling.,Fiable mais lent; garder à 0 avec CUDA_FIELD=1.,,src_mpcd_cuda_params_added_0337_livevis.csv | src_mpcd_cuda_resampling_params_delta_0314_to_0337_livevis.csv
LIVE_VIS_SMOOTH_PASSES,params_or_script_alias,Alias script livevis 0337,ajout 0337,entier >=0,1,,,,Lissage spatial du rendu.,Vorticity utilise souvent 1–2 passes.,,src_mpcd_cuda_params_added_0337_livevis.csv | src_mpcd_cuda_resampling_params_delta_0314_to_0337_livevis.csv
LIVE_VIS_VSYNC,params_or_script_alias,Alias script livevis 0337,ajout 0337,booléen/int,0,,,,Vsync GLFW.,0 recommandé pour ne pas brider le calcul.,,src_mpcd_cuda_params_added_0337_livevis.csv | src_mpcd_cuda_resampling_params_delta_0314_to_0337_livevis.csv
LIVE_VIS_WINDOW_SCALE,params_or_script_alias,Alias script livevis 0337,ajout 0337,entier >=1,1,,,,Facteur d’échelle de la fenêtre.,N’affecte pas la simulation.,,src_mpcd_cuda_params_added_0337_livevis.csv | src_mpcd_cuda_resampling_params_delta_0314_to_0337_livevis.csv
INACTIVE_SLOTS_RESAMPLING,params_or_script_alias,Alias script livevis/benchmark,confirmé 0337,entier,750000 pour certains scripts,,,,Nombre de slots inactifs pour les cas resampling.,N’affecte pas le SRC classic si RUN_MODES=classic; utile pour réservoir resampling.,,src_mpcd_cuda_params_added_0337_livevis.csv | src_mpcd_cuda_resampling_params_delta_0314_to_0337_livevis.csv
INACTIVE_SLOTS,params_or_script_alias,Capacité particulaire,consolidé 0311-0312,entier,50k-120k selon cas; pas de défaut universel,,,,Nombre de slots Inactive préalloués par les générateurs/scripts.,La réserve peut être grande sans être écrite dans les dumps si dumpRoleFilter=fluid.,,src_mpcd_cuda_resampling_params_delta_0314.csv | src_mpcd_cuda_resampling_params_delta_0314_to_0337_livevis.csv
dumpRoleFilter,params_or_script_alias,Dumps et post-traitement,ajout 0314,all|fluid,all dans le cœur; fluid dans scripts visuels,,,,Contrôle si les dumps .smpcd écrivent tous les slots ou seulement les particules Fluid.,fluid accélère visualisation/post-traitement mais ne doit pas être utilisé pour un restart complet.,,src_mpcd_cuda_resampling_params_delta_0314.csv | src_mpcd_cuda_resampling_params_delta_0314_to_0337_livevis.csv
summaryRoleFilter,params_or_script_alias,Summaries runtime,ajout 0314,all|fluid,all dans le cœur; fluid dans scripts visuels,,,,Contrôle si les summaries parcourent tous les slots ou un état compact fluide.,fluid réduit le coût lorsque INACTIVE_SLOTS est grand.,,src_mpcd_cuda_resampling_params_delta_0314.csv | src_mpcd_cuda_resampling_params_delta_0314_to_0337_livevis.csv
darcyBrinkmanEnable,kv_param,Darcy/Brinkman — activation,ajout 0343; complété 0426,booléen,false,true/false,DarcyBrinkmanConfig.enabled,,Active le module de pénalisation Darcy--Brinkman piloté par chi.,"Le test darcyOff 0425/0426 a montré que le coût lent observé venait des flags CUDA, pas de ce booléen seul.",scripts/run_src_classic_cuda_darcy_chi_lr_segments_0411.sh; scripts/run_src_classic_cuda_darcy_chi_naca_periodic_0414.sh; scripts/run_src_classic_cuda_darcy_chi_vonkarman_periodic_0416.sh; scripts/run_src_classic_cuda_darcy_chi_backward_step_0425.sh; doc/README_0426_DARCY_FASTFLAGS.md,src_mpcd_params_inventory_consolidated_0365.csv + compléments Darcy/Brinkman/livevis 0411-0426
darcyChiMode,kv_param,Darcy/Brinkman — champ chi,ajout 0345,chaîne,analytic,analytic|file,DarcyBrinkmanConfig.chiMode,,Sélectionne un chi analytique ou un champ chi externe lu depuis fichier.,Le mode file est la voie recommandée pour géométries arbitraires et optimisation externe.,scripts/run_src_classic_cuda_darcy_chi_lr_segments_0411.sh; scripts/run_src_classic_cuda_darcy_chi_naca_periodic_0414.sh; scripts/run_src_classic_cuda_darcy_chi_vonkarman_periodic_0416.sh; scripts/run_src_classic_cuda_darcy_chi_backward_step_0425.sh; doc/README_0426_DARCY_FASTFLAGS.md,src_mpcd_params_inventory_consolidated_0365.csv + compléments Darcy/Brinkman/livevis 0411-0426
darcyChiFile,kv_param,Darcy/Brinkman — champ chi,ajout 0345,chemin fichier,,fichier .f32/.png selon script; doit correspondre à darcyChiNx/Ny,DarcyBrinkmanConfig.chiFile,"CHI_FILE,DARCY_CHI_FILE",Chemin du champ chi externe utilisé par le solveur.,"Convention : chi=1 fluide libre, chi=0 solide/poreux.",scripts/run_src_classic_cuda_darcy_chi_lr_segments_0411.sh; scripts/run_src_classic_cuda_darcy_chi_naca_periodic_0414.sh; scripts/run_src_classic_cuda_darcy_chi_vonkarman_periodic_0416.sh; scripts/run_src_classic_cuda_darcy_chi_backward_step_0425.sh; doc/README_0426_DARCY_FASTFLAGS.md,src_mpcd_params_inventory_consolidated_0365.csv + compléments Darcy/Brinkman/livevis 0411-0426
darcyChiFileFormat,kv_param,Darcy/Brinkman — champ chi,ajout 0345,chaîne,float32,float32; autres formats selon lecteurs disponibles,DarcyBrinkmanConfig.chiFileFormat,"CHI_FILE_FORMAT,DARCY_CHI_FILE_FORMAT",Format de stockage du champ chi externe.,Les scripts de démonstration utilisent majoritairement float32 row-major.,scripts/run_src_classic_cuda_darcy_chi_lr_segments_0411.sh; scripts/run_src_classic_cuda_darcy_chi_naca_periodic_0414.sh; scripts/run_src_classic_cuda_darcy_chi_vonkarman_periodic_0416.sh; scripts/run_src_classic_cuda_darcy_chi_backward_step_0425.sh; doc/README_0426_DARCY_FASTFLAGS.md,src_mpcd_params_inventory_consolidated_0365.csv + compléments Darcy/Brinkman/livevis 0411-0426
darcyChiNx,kv_param,Darcy/Brinkman — champ chi,ajout 0345,entier,Nx,>0; doit correspondre à la grille,DarcyBrinkmanConfig.darcyChiNx,,Dimension x du champ chi externe.,Doit rester cohérente avec la grille de simulation.,scripts/run_src_classic_cuda_darcy_chi_lr_segments_0411.sh; scripts/run_src_classic_cuda_darcy_chi_naca_periodic_0414.sh; scripts/run_src_classic_cuda_darcy_chi_vonkarman_periodic_0416.sh; scripts/run_src_classic_cuda_darcy_chi_backward_step_0425.sh; doc/README_0426_DARCY_FASTFLAGS.md,src_mpcd_params_inventory_consolidated_0365.csv + compléments Darcy/Brinkman/livevis 0411-0426
darcyChiNy,kv_param,Darcy/Brinkman — champ chi,ajout 0345,entier,Ny,>0; doit correspondre à la grille,DarcyBrinkmanConfig.darcyChiNy,,Dimension y du champ chi externe.,Doit rester cohérente avec la grille de simulation.,scripts/run_src_classic_cuda_darcy_chi_lr_segments_0411.sh; scripts/run_src_classic_cuda_darcy_chi_naca_periodic_0414.sh; scripts/run_src_classic_cuda_darcy_chi_vonkarman_periodic_0416.sh; scripts/run_src_classic_cuda_darcy_chi_backward_step_0425.sh; doc/README_0426_DARCY_FASTFLAGS.md,src_mpcd_params_inventory_consolidated_0365.csv + compléments Darcy/Brinkman/livevis 0411-0426
darcyAlphaMin,kv_param,Darcy/Brinkman — interpolation alpha,ajout 0343,double,0.0,>=0,DarcyBrinkmanConfig.alphaMin,"ALPHA_MIN,DARCY_ALPHA_MIN",Valeur minimale de la résistance alpha dans le fluide libre.,Typiquement 0 pour ne pas freiner le fluide chi=1.,scripts/run_src_classic_cuda_darcy_chi_lr_segments_0411.sh; scripts/run_src_classic_cuda_darcy_chi_naca_periodic_0414.sh; scripts/run_src_classic_cuda_darcy_chi_vonkarman_periodic_0416.sh; scripts/run_src_classic_cuda_darcy_chi_backward_step_0425.sh; doc/README_0426_DARCY_FASTFLAGS.md,src_mpcd_params_inventory_consolidated_0365.csv + compléments Darcy/Brinkman/livevis 0411-0426
darcyAlphaMax,kv_param,Darcy/Brinkman — interpolation alpha,ajout 0343; complété 0425/0426,double,"variable : 80, 8000, 800000 selon script",>=0,DarcyBrinkmanConfig.alphaMax,"ALPHA,DARCY_ALPHA_MAX",Valeur maximale de résistance dans les zones chi≈0.,0425 backward step validé avec alphaMax=8e5 dans mean_outward_bath+chiVP après fastflags.,scripts/run_src_classic_cuda_darcy_chi_lr_segments_0411.sh; scripts/run_src_classic_cuda_darcy_chi_naca_periodic_0414.sh; scripts/run_src_classic_cuda_darcy_chi_vonkarman_periodic_0416.sh; scripts/run_src_classic_cuda_darcy_chi_backward_step_0425.sh; doc/README_0426_DARCY_FASTFLAGS.md,src_mpcd_params_inventory_consolidated_0365.csv + compléments Darcy/Brinkman/livevis 0411-0426
darcyQ,kv_param,Darcy/Brinkman — interpolation alpha,ajout 0343,double,0.1,>0,DarcyBrinkmanConfig.q,DARCY_Q,Paramètre de raideur de l’interpolation Borrvall--Petersson alpha(chi).,Plus petit q accentue la transition solide/fluide.,scripts/run_src_classic_cuda_darcy_chi_lr_segments_0411.sh; scripts/run_src_classic_cuda_darcy_chi_naca_periodic_0414.sh; scripts/run_src_classic_cuda_darcy_chi_vonkarman_periodic_0416.sh; scripts/run_src_classic_cuda_darcy_chi_backward_step_0425.sh; doc/README_0426_DARCY_FASTFLAGS.md,src_mpcd_params_inventory_consolidated_0365.csv + compléments Darcy/Brinkman/livevis 0411-0426
darcyUSolidX,kv_param,Darcy/Brinkman — vitesse solide,ajout 0343,double,0.0,réel,DarcyBrinkmanConfig.uSolidX,DARCY_USOLID_X,Composante x de la vitesse cible solide vers laquelle le frein Darcy relaxe.,,scripts/run_src_classic_cuda_darcy_chi_lr_segments_0411.sh; scripts/run_src_classic_cuda_darcy_chi_naca_periodic_0414.sh; scripts/run_src_classic_cuda_darcy_chi_vonkarman_periodic_0416.sh; scripts/run_src_classic_cuda_darcy_chi_backward_step_0425.sh; doc/README_0426_DARCY_FASTFLAGS.md,src_mpcd_params_inventory_consolidated_0365.csv + compléments Darcy/Brinkman/livevis 0411-0426
darcyUSolidY,kv_param,Darcy/Brinkman — vitesse solide,ajout 0343,double,0.0,réel,DarcyBrinkmanConfig.uSolidY,DARCY_USOLID_Y,Composante y de la vitesse cible solide vers laquelle le frein Darcy relaxe.,,scripts/run_src_classic_cuda_darcy_chi_lr_segments_0411.sh; scripts/run_src_classic_cuda_darcy_chi_naca_periodic_0414.sh; scripts/run_src_classic_cuda_darcy_chi_vonkarman_periodic_0416.sh; scripts/run_src_classic_cuda_darcy_chi_backward_step_0425.sh; doc/README_0426_DARCY_FASTFLAGS.md,src_mpcd_params_inventory_consolidated_0365.csv + compléments Darcy/Brinkman/livevis 0411-0426
darcyCostEvery,kv_param,Darcy/Brinkman — diagnostics,ajout 0343,entier,summaryEvery,>=1; grande valeur pour quasi-désactiver la cadence,DarcyBrinkmanConfig.costEvery,DARCY_COST_EVERY,Cadence d’écriture du fichier darcy_cost_0343.csv.,L’ablation 0425 a montré que ce n’était pas le poste dominant du ralentissement.,scripts/run_src_classic_cuda_darcy_chi_lr_segments_0411.sh; scripts/run_src_classic_cuda_darcy_chi_naca_periodic_0414.sh; scripts/run_src_classic_cuda_darcy_chi_vonkarman_periodic_0416.sh; scripts/run_src_classic_cuda_darcy_chi_backward_step_0425.sh; doc/README_0426_DARCY_FASTFLAGS.md,src_mpcd_params_inventory_consolidated_0365.csv + compléments Darcy/Brinkman/livevis 0411-0426
darcyCostFilename,kv_param,Darcy/Brinkman — diagnostics,ajout 0343,nom fichier,darcy_cost_0343.csv,chemin relatif outputDir,DarcyBrinkmanConfig.costFilename,,"Nom du CSV de diagnostics Darcy : puissance, fuite solide, moyenne chi/alpha, etc.",,scripts/run_src_classic_cuda_darcy_chi_lr_segments_0411.sh; scripts/run_src_classic_cuda_darcy_chi_naca_periodic_0414.sh; scripts/run_src_classic_cuda_darcy_chi_vonkarman_periodic_0416.sh; scripts/run_src_classic_cuda_darcy_chi_backward_step_0425.sh; doc/README_0426_DARCY_FASTFLAGS.md,src_mpcd_params_inventory_consolidated_0365.csv + compléments Darcy/Brinkman/livevis 0411-0426
darcyThreadsPerBlock,kv_param,Darcy/Brinkman — CUDA,ajout 0343,entier,256,multiple raisonnable de warp,DarcyBrinkmanConfig.threadsPerBlock,DARCY_THREADS_PER_BLOCK,Taille de bloc CUDA utilisée par les kernels Darcy.,,scripts/run_src_classic_cuda_darcy_chi_lr_segments_0411.sh; scripts/run_src_classic_cuda_darcy_chi_naca_periodic_0414.sh; scripts/run_src_classic_cuda_darcy_chi_vonkarman_periodic_0416.sh; scripts/run_src_classic_cuda_darcy_chi_backward_step_0425.sh; doc/README_0426_DARCY_FASTFLAGS.md,src_mpcd_params_inventory_consolidated_0365.csv + compléments Darcy/Brinkman/livevis 0411-0426
darcyInitialDeactivateBelowChi,kv_param,Darcy/Brinkman — état initial chi,ajout 0418,double,-1 ou 0.05 selon script,<0 désactive; sinon seuil chi,DarcyBrinkmanConfig.initialDeactivateBelowChi,DARCY_INITIAL_DEACTIVATE_BELOW_CHI,Désactive initialement les particules situées dans les cellules de chi inférieur au seuil.,Valeur 0.05 retenue pour backward step afin d’éviter une masse fluide initiale dans le solide.,scripts/run_src_classic_cuda_darcy_chi_lr_segments_0411.sh; scripts/run_src_classic_cuda_darcy_chi_naca_periodic_0414.sh; scripts/run_src_classic_cuda_darcy_chi_vonkarman_periodic_0416.sh; scripts/run_src_classic_cuda_darcy_chi_backward_step_0425.sh; doc/README_0426_DARCY_FASTFLAGS.md,src_mpcd_params_inventory_consolidated_0365.csv + compléments Darcy/Brinkman/livevis 0411-0426
darcyBrinkmanForcingMode,kv_param,Darcy/Brinkman — mode de forcing,ajout 0418-0420,chaîne,mean ou mean_outward_bath,mean|outward_bath|mean_outward_bath selon build,DarcyBrinkmanConfig.forcingMode,DARCY_BRINKMAN_FORCING_MODE,"Sélectionne le schéma de kick : moyenne cellulaire, bain orienté par grad chi, ou combinaison.",Le mode mean_outward_bath est le candidat solide-aware retenu pour backward step.,scripts/run_src_classic_cuda_darcy_chi_lr_segments_0411.sh; scripts/run_src_classic_cuda_darcy_chi_naca_periodic_0414.sh; scripts/run_src_classic_cuda_darcy_chi_vonkarman_periodic_0416.sh; scripts/run_src_classic_cuda_darcy_chi_backward_step_0425.sh; doc/README_0426_DARCY_FASTFLAGS.md,src_mpcd_params_inventory_consolidated_0365.csv + compléments Darcy/Brinkman/livevis 0411-0426
darcyChiCollisionVpEnable,kv_param,Darcy/Brinkman — chiVP collision,ajout 0422; complété 0424/0425,booléen,false ou true selon script,true/false,DarcyChiCollisionVpConfig.darcyChiCollisionVpEnable,DARCY_CHI_COLLISION_VP_ENABLE,Active les moments virtuels de collision dérivés de chi.,Pas de particules persistantes : contribution effective au centre de masse de collision.,scripts/run_src_classic_cuda_darcy_chi_lr_segments_0411.sh; scripts/run_src_classic_cuda_darcy_chi_naca_periodic_0414.sh; scripts/run_src_classic_cuda_darcy_chi_vonkarman_periodic_0416.sh; scripts/run_src_classic_cuda_darcy_chi_backward_step_0425.sh; doc/README_0426_DARCY_FASTFLAGS.md,src_mpcd_params_inventory_consolidated_0365.csv + compléments Darcy/Brinkman/livevis 0411-0426
darcyChiCollisionVpMode,kv_param,Darcy/Brinkman — chiVP collision,ajout 0422; complété 0424/0425,chaîne,interface_band,interface_band,DarcyChiCollisionVpConfig.darcyChiCollisionVpMode,DARCY_CHI_COLLISION_VP_MODE,Sélectionne la zone chi utilisée pour les moments virtuels.,Mode nominal : bande d’interface.,scripts/run_src_classic_cuda_darcy_chi_lr_segments_0411.sh; scripts/run_src_classic_cuda_darcy_chi_naca_periodic_0414.sh; scripts/run_src_classic_cuda_darcy_chi_vonkarman_periodic_0416.sh; scripts/run_src_classic_cuda_darcy_chi_backward_step_0425.sh; doc/README_0426_DARCY_FASTFLAGS.md,src_mpcd_params_inventory_consolidated_0365.csv + compléments Darcy/Brinkman/livevis 0411-0426
darcyChiCollisionVpGamma,kv_param,Darcy/Brinkman — chiVP collision,ajout 0422; complété 0424/0425,entier/double,-1,-1 hérite gamma nominal; sinon valeur explicite,DarcyChiCollisionVpConfig.darcyChiCollisionVpGamma,DARCY_CHI_COLLISION_VP_GAMMA,Occupation virtuelle de référence pour chiVP.,-1 utilisé dans les scripts pour rester cohérent avec GAMMA.,scripts/run_src_classic_cuda_darcy_chi_lr_segments_0411.sh; scripts/run_src_classic_cuda_darcy_chi_naca_periodic_0414.sh; scripts/run_src_classic_cuda_darcy_chi_vonkarman_periodic_0416.sh; scripts/run_src_classic_cuda_darcy_chi_backward_step_0425.sh; doc/README_0426_DARCY_FASTFLAGS.md,src_mpcd_params_inventory_consolidated_0365.csv + compléments Darcy/Brinkman/livevis 0411-0426
darcyChiCollisionVpMass,kv_param,Darcy/Brinkman — chiVP collision,ajout 0422; complété 0424/0425,double,1.0,>0,DarcyChiCollisionVpConfig.darcyChiCollisionVpMass,DARCY_CHI_COLLISION_VP_MASS,Masse unitaire virtuelle utilisée dans le moment effectif.,,scripts/run_src_classic_cuda_darcy_chi_lr_segments_0411.sh; scripts/run_src_classic_cuda_darcy_chi_naca_periodic_0414.sh; scripts/run_src_classic_cuda_darcy_chi_vonkarman_periodic_0416.sh; scripts/run_src_classic_cuda_darcy_chi_backward_step_0425.sh; doc/README_0426_DARCY_FASTFLAGS.md,src_mpcd_params_inventory_consolidated_0365.csv + compléments Darcy/Brinkman/livevis 0411-0426
darcyChiCollisionVpLayers,kv_param,Darcy/Brinkman — chiVP collision,ajout 0422; complété 0424/0425,entier,1,>=1,DarcyChiCollisionVpConfig.darcyChiCollisionVpLayers,DARCY_CHI_COLLISION_VP_LAYERS,Nombre de couches d’interface prises en compte.,,scripts/run_src_classic_cuda_darcy_chi_lr_segments_0411.sh; scripts/run_src_classic_cuda_darcy_chi_naca_periodic_0414.sh; scripts/run_src_classic_cuda_darcy_chi_vonkarman_periodic_0416.sh; scripts/run_src_classic_cuda_darcy_chi_backward_step_0425.sh; doc/README_0426_DARCY_FASTFLAGS.md,src_mpcd_params_inventory_consolidated_0365.csv + compléments Darcy/Brinkman/livevis 0411-0426
darcyChiCollisionVpThreshold,kv_param,Darcy/Brinkman — chiVP collision,ajout 0422; complété 0424/0425,double,0.5,0..1,DarcyChiCollisionVpConfig.darcyChiCollisionVpThreshold,DARCY_CHI_COLLISION_VP_THRESHOLD,Seuil chi pour détecter l’interface virtuelle.,,scripts/run_src_classic_cuda_darcy_chi_lr_segments_0411.sh; scripts/run_src_classic_cuda_darcy_chi_naca_periodic_0414.sh; scripts/run_src_classic_cuda_darcy_chi_vonkarman_periodic_0416.sh; scripts/run_src_classic_cuda_darcy_chi_backward_step_0425.sh; doc/README_0426_DARCY_FASTFLAGS.md,src_mpcd_params_inventory_consolidated_0365.csv + compléments Darcy/Brinkman/livevis 0411-0426
darcyChiCollisionVpStrength,kv_param,Darcy/Brinkman — chiVP collision,ajout 0422; complété 0424/0425,double,0.25 ou 1.0 selon script,>=0,DarcyChiCollisionVpConfig.darcyChiCollisionVpStrength,DARCY_CHI_COLLISION_VP_STRENGTH,Gain relatif de la contribution chiVP.,0.25 retenu après sweep Von Karman filtré et backward step 0425.,scripts/run_src_classic_cuda_darcy_chi_lr_segments_0411.sh; scripts/run_src_classic_cuda_darcy_chi_naca_periodic_0414.sh; scripts/run_src_classic_cuda_darcy_chi_vonkarman_periodic_0416.sh; scripts/run_src_classic_cuda_darcy_chi_backward_step_0425.sh; doc/README_0426_DARCY_FASTFLAGS.md,src_mpcd_params_inventory_consolidated_0365.csv + compléments Darcy/Brinkman/livevis 0411-0426
topoBenchmarkEnable,kv_param,Darcy/Brinkman — benchmark topo,ajout 0348a/0348b,booléen,true,true/false,TopoBenchmarkConfig.topoBenchmarkEnable,TOPO_BENCHMARK_ENABLE,Active le benchmark topologique optionnel.,"Observables proxy : à interpréter comme force de pénalisation volumique, pas effort pariétal exact.",scripts/run_src_classic_cuda_darcy_chi_lr_segments_0411.sh; scripts/run_src_classic_cuda_darcy_chi_naca_periodic_0414.sh; scripts/run_src_classic_cuda_darcy_chi_vonkarman_periodic_0416.sh; scripts/run_src_classic_cuda_darcy_chi_backward_step_0425.sh; doc/README_0426_DARCY_FASTFLAGS.md,src_mpcd_params_inventory_consolidated_0365.csv + compléments Darcy/Brinkman/livevis 0411-0426
topoBenchmarkEvery,kv_param,Darcy/Brinkman — benchmark topo,ajout 0348a/0348b,entier,darcyCostEvery,>=1,TopoBenchmarkConfig.topoBenchmarkEvery,TOPO_BENCHMARK_EVERY,Cadence d’écriture des observables topo.,"Observables proxy : à interpréter comme force de pénalisation volumique, pas effort pariétal exact.",scripts/run_src_classic_cuda_darcy_chi_lr_segments_0411.sh; scripts/run_src_classic_cuda_darcy_chi_naca_periodic_0414.sh; scripts/run_src_classic_cuda_darcy_chi_vonkarman_periodic_0416.sh; scripts/run_src_classic_cuda_darcy_chi_backward_step_0425.sh; doc/README_0426_DARCY_FASTFLAGS.md,src_mpcd_params_inventory_consolidated_0365.csv + compléments Darcy/Brinkman/livevis 0411-0426
topoBenchmarkFilename,kv_param,Darcy/Brinkman — benchmark topo,ajout 0348a/0348b,nom fichier,topo_benchmark_0348.csv,chemin relatif outputDir,TopoBenchmarkConfig.topoBenchmarkFilename,TOPO_BENCHMARK_FILENAME,Nom du CSV benchmark topo.,"Observables proxy : à interpréter comme force de pénalisation volumique, pas effort pariétal exact.",scripts/run_src_classic_cuda_darcy_chi_lr_segments_0411.sh; scripts/run_src_classic_cuda_darcy_chi_naca_periodic_0414.sh; scripts/run_src_classic_cuda_darcy_chi_vonkarman_periodic_0416.sh; scripts/run_src_classic_cuda_darcy_chi_backward_step_0425.sh; doc/README_0426_DARCY_FASTFLAGS.md,src_mpcd_params_inventory_consolidated_0365.csv + compléments Darcy/Brinkman/livevis 0411-0426
topoBenchmarkForceEnable,kv_param,Darcy/Brinkman — benchmark topo,ajout 0348a/0348b,booléen,true,true/false,TopoBenchmarkConfig.topoBenchmarkForceEnable,TOPO_BENCHMARK_FORCE_ENABLE,Active les observables de force Darcy cell-based.,"Observables proxy : à interpréter comme force de pénalisation volumique, pas effort pariétal exact.",scripts/run_src_classic_cuda_darcy_chi_lr_segments_0411.sh; scripts/run_src_classic_cuda_darcy_chi_naca_periodic_0414.sh; scripts/run_src_classic_cuda_darcy_chi_vonkarman_periodic_0416.sh; scripts/run_src_classic_cuda_darcy_chi_backward_step_0425.sh; doc/README_0426_DARCY_FASTFLAGS.md,src_mpcd_params_inventory_consolidated_0365.csv + compléments Darcy/Brinkman/livevis 0411-0426
topoBenchmarkDragLiftEnable,kv_param,Darcy/Brinkman — benchmark topo,ajout 0348a/0348b,booléen,true,true/false,TopoBenchmarkConfig.topoBenchmarkDragLiftEnable,TOPO_BENCHMARK_DRAG_LIFT_ENABLE,Active les projections drag/lift proxy.,"Observables proxy : à interpréter comme force de pénalisation volumique, pas effort pariétal exact.",scripts/run_src_classic_cuda_darcy_chi_lr_segments_0411.sh; scripts/run_src_classic_cuda_darcy_chi_naca_periodic_0414.sh; scripts/run_src_classic_cuda_darcy_chi_vonkarman_periodic_0416.sh; scripts/run_src_classic_cuda_darcy_chi_backward_step_0425.sh; doc/README_0426_DARCY_FASTFLAGS.md,src_mpcd_params_inventory_consolidated_0365.csv + compléments Darcy/Brinkman/livevis 0411-0426
topoBenchmarkFlowDirX,kv_param,Darcy/Brinkman — benchmark topo,ajout 0348a/0348b,double,1.0,vecteur direction,TopoBenchmarkConfig.topoBenchmarkFlowDirX,TOPO_BENCHMARK_FLOW_DIR_X,Composante x de la direction drag/écoulement.,"Observables proxy : à interpréter comme force de pénalisation volumique, pas effort pariétal exact.",scripts/run_src_classic_cuda_darcy_chi_lr_segments_0411.sh; scripts/run_src_classic_cuda_darcy_chi_naca_periodic_0414.sh; scripts/run_src_classic_cuda_darcy_chi_vonkarman_periodic_0416.sh; scripts/run_src_classic_cuda_darcy_chi_backward_step_0425.sh; doc/README_0426_DARCY_FASTFLAGS.md,src_mpcd_params_inventory_consolidated_0365.csv + compléments Darcy/Brinkman/livevis 0411-0426
topoBenchmarkFlowDirY,kv_param,Darcy/Brinkman — benchmark topo,ajout 0348a/0348b,double,0.0,vecteur direction,TopoBenchmarkConfig.topoBenchmarkFlowDirY,TOPO_BENCHMARK_FLOW_DIR_Y,Composante y de la direction drag/écoulement.,"Observables proxy : à interpréter comme force de pénalisation volumique, pas effort pariétal exact.",scripts/run_src_classic_cuda_darcy_chi_lr_segments_0411.sh; scripts/run_src_classic_cuda_darcy_chi_naca_periodic_0414.sh; scripts/run_src_classic_cuda_darcy_chi_vonkarman_periodic_0416.sh; scripts/run_src_classic_cuda_darcy_chi_backward_step_0425.sh; doc/README_0426_DARCY_FASTFLAGS.md,src_mpcd_params_inventory_consolidated_0365.csv + compléments Darcy/Brinkman/livevis 0411-0426
topoBenchmarkLiftDirX,kv_param,Darcy/Brinkman — benchmark topo,ajout 0348a/0348b,double,0.0,vecteur direction,TopoBenchmarkConfig.topoBenchmarkLiftDirX,TOPO_BENCHMARK_LIFT_DIR_X,Composante x de la direction lift.,"Observables proxy : à interpréter comme force de pénalisation volumique, pas effort pariétal exact.",scripts/run_src_classic_cuda_darcy_chi_lr_segments_0411.sh; scripts/run_src_classic_cuda_darcy_chi_naca_periodic_0414.sh; scripts/run_src_classic_cuda_darcy_chi_vonkarman_periodic_0416.sh; scripts/run_src_classic_cuda_darcy_chi_backward_step_0425.sh; doc/README_0426_DARCY_FASTFLAGS.md,src_mpcd_params_inventory_consolidated_0365.csv + compléments Darcy/Brinkman/livevis 0411-0426
topoBenchmarkLiftDirY,kv_param,Darcy/Brinkman — benchmark topo,ajout 0348a/0348b,double,1.0,vecteur direction,TopoBenchmarkConfig.topoBenchmarkLiftDirY,TOPO_BENCHMARK_LIFT_DIR_Y,Composante y de la direction lift.,"Observables proxy : à interpréter comme force de pénalisation volumique, pas effort pariétal exact.",scripts/run_src_classic_cuda_darcy_chi_lr_segments_0411.sh; scripts/run_src_classic_cuda_darcy_chi_naca_periodic_0414.sh; scripts/run_src_classic_cuda_darcy_chi_vonkarman_periodic_0416.sh; scripts/run_src_classic_cuda_darcy_chi_backward_step_0425.sh; doc/README_0426_DARCY_FASTFLAGS.md,src_mpcd_params_inventory_consolidated_0365.csv + compléments Darcy/Brinkman/livevis 0411-0426
openBoundarySegment0,kv_param,Inlet/outlet segmenté,ajout 0249b; documenté 0426,chaîne structurée,face mode sMin sMax ux uy type mass,"face in {left,right,top,bottom}; mode inlet/outlet",OpenBoundarySegments.segment[0],,Définit le premier segment ouvert en coordonnées relatives de face.,Utilisé dans LR segments et backward step Darcy pour éviter l’injection dans chi-solide.,scripts/run_src_classic_cuda_darcy_chi_lr_segments_0411.sh; scripts/run_src_classic_cuda_darcy_chi_naca_periodic_0414.sh; scripts/run_src_classic_cuda_darcy_chi_vonkarman_periodic_0416.sh; scripts/run_src_classic_cuda_darcy_chi_backward_step_0425.sh; doc/README_0426_DARCY_FASTFLAGS.md,src_mpcd_params_inventory_consolidated_0365.csv + compléments Darcy/Brinkman/livevis 0411-0426
openBoundarySegment1,kv_param,Inlet/outlet segmenté,ajout 0249b; documenté 0426,chaîne structurée,face mode sMin sMax ux uy type mass,"face in {left,right,top,bottom}; mode inlet/outlet",OpenBoundarySegments.segment[1],,Définit le second segment ouvert en coordonnées relatives de face.,Utilisé dans LR segments et backward step Darcy.,scripts/run_src_classic_cuda_darcy_chi_lr_segments_0411.sh; scripts/run_src_classic_cuda_darcy_chi_naca_periodic_0414.sh; scripts/run_src_classic_cuda_darcy_chi_vonkarman_periodic_0416.sh; scripts/run_src_classic_cuda_darcy_chi_backward_step_0425.sh; doc/README_0426_DARCY_FASTFLAGS.md,src_mpcd_params_inventory_consolidated_0365.csv + compléments Darcy/Brinkman/livevis 0411-0426
initialInactiveSlots,kv_param,État particulaire / pool inactif,documenté 0426,entier,0 ou fonction de gamma*Nx*Ny,>=0,StateInit.initialInactiveSlots,INACTIVE_SLOTS,Réserve des slots inactifs dans l’état initial pour injection/remplissage.,Particulièrement utile dans les scripts segmentés Darcy avec reservoir/inlet.,scripts/run_src_classic_cuda_darcy_chi_lr_segments_0411.sh; scripts/run_src_classic_cuda_darcy_chi_naca_periodic_0414.sh; scripts/run_src_classic_cuda_darcy_chi_vonkarman_periodic_0416.sh; scripts/run_src_classic_cuda_darcy_chi_backward_step_0425.sh; doc/README_0426_DARCY_FASTFLAGS.md,src_mpcd_params_inventory_consolidated_0365.csv + compléments Darcy/Brinkman/livevis 0411-0426
ALPHA,script_alias,Alias script Darcy,ajout/documenté 0426,double,DARCY_ALPHA_MAX ou valeur script,voir paramètre kv ou env flag associé,,,Alias de darcyAlphaMax dans les scripts de démonstration.,Les alias script sont résolus avant écriture du .kv ou export de l’environnement.,scripts/run_src_classic_cuda_darcy_chi_lr_segments_0411.sh; scripts/run_src_classic_cuda_darcy_chi_naca_periodic_0414.sh; scripts/run_src_classic_cuda_darcy_chi_vonkarman_periodic_0416.sh; scripts/run_src_classic_cuda_darcy_chi_backward_step_0425.sh; doc/README_0426_DARCY_FASTFLAGS.md,src_mpcd_params_inventory_consolidated_0365.csv + compléments Darcy/Brinkman/livevis 0411-0426
ALPHA_MIN,script_alias,Alias script Darcy,ajout/documenté 0426,double,DARCY_ALPHA_MIN ou 0.0,voir paramètre kv ou env flag associé,,,Alias de darcyAlphaMin.,Les alias script sont résolus avant écriture du .kv ou export de l’environnement.,scripts/run_src_classic_cuda_darcy_chi_lr_segments_0411.sh; scripts/run_src_classic_cuda_darcy_chi_naca_periodic_0414.sh; scripts/run_src_classic_cuda_darcy_chi_vonkarman_periodic_0416.sh; scripts/run_src_classic_cuda_darcy_chi_backward_step_0425.sh; doc/README_0426_DARCY_FASTFLAGS.md,src_mpcd_params_inventory_consolidated_0365.csv + compléments Darcy/Brinkman/livevis 0411-0426
CHI_FILE,script_alias,Alias script Darcy,ajout/documenté 0426,chemin fichier,DARCY_CHI_FILE ou chemin par défaut,voir paramètre kv ou env flag associé,,,Chemin du champ chi externe côté script.,Les alias script sont résolus avant écriture du .kv ou export de l’environnement.,scripts/run_src_classic_cuda_darcy_chi_lr_segments_0411.sh; scripts/run_src_classic_cuda_darcy_chi_naca_periodic_0414.sh; scripts/run_src_classic_cuda_darcy_chi_vonkarman_periodic_0416.sh; scripts/run_src_classic_cuda_darcy_chi_backward_step_0425.sh; doc/README_0426_DARCY_FASTFLAGS.md,src_mpcd_params_inventory_consolidated_0365.csv + compléments Darcy/Brinkman/livevis 0411-0426
CHI_FILE_FORMAT,script_alias,Alias script Darcy,ajout/documenté 0426,chaîne,DARCY_CHI_FILE_FORMAT ou float32,voir paramètre kv ou env flag associé,,,Format du champ chi externe côté script.,Les alias script sont résolus avant écriture du .kv ou export de l’environnement.,scripts/run_src_classic_cuda_darcy_chi_lr_segments_0411.sh; scripts/run_src_classic_cuda_darcy_chi_naca_periodic_0414.sh; scripts/run_src_classic_cuda_darcy_chi_vonkarman_periodic_0416.sh; scripts/run_src_classic_cuda_darcy_chi_backward_step_0425.sh; doc/README_0426_DARCY_FASTFLAGS.md,src_mpcd_params_inventory_consolidated_0365.csv + compléments Darcy/Brinkman/livevis 0411-0426
DARCY_BRINKMAN_FORCING_MODE,script_alias,Alias script Darcy,ajout/documenté 0426,chaîne,mean ou mean_outward_bath,voir paramètre kv ou env flag associé,,,Alias script de darcyBrinkmanForcingMode.,Les alias script sont résolus avant écriture du .kv ou export de l’environnement.,scripts/run_src_classic_cuda_darcy_chi_lr_segments_0411.sh; scripts/run_src_classic_cuda_darcy_chi_naca_periodic_0414.sh; scripts/run_src_classic_cuda_darcy_chi_vonkarman_periodic_0416.sh; scripts/run_src_classic_cuda_darcy_chi_backward_step_0425.sh; doc/README_0426_DARCY_FASTFLAGS.md,src_mpcd_params_inventory_consolidated_0365.csv + compléments Darcy/Brinkman/livevis 0411-0426
DARCY_INITIAL_DEACTIVATE_BELOW_CHI,script_alias,Alias script Darcy,ajout/documenté 0426,double,-1 ou 0.05,voir paramètre kv ou env flag associé,,,Alias script de darcyInitialDeactivateBelowChi.,Les alias script sont résolus avant écriture du .kv ou export de l’environnement.,scripts/run_src_classic_cuda_darcy_chi_lr_segments_0411.sh; scripts/run_src_classic_cuda_darcy_chi_naca_periodic_0414.sh; scripts/run_src_classic_cuda_darcy_chi_vonkarman_periodic_0416.sh; scripts/run_src_classic_cuda_darcy_chi_backward_step_0425.sh; doc/README_0426_DARCY_FASTFLAGS.md,src_mpcd_params_inventory_consolidated_0365.csv + compléments Darcy/Brinkman/livevis 0411-0426
DARCY_CHI_COLLISION_VP_ENABLE,script_alias,Alias script Darcy chiVP,ajout/documenté 0426,booléen,false ou true,voir paramètre kv ou env flag associé,,,Alias script de darcyChiCollisionVpEnable.,Les alias script sont résolus avant écriture du .kv ou export de l’environnement.,scripts/run_src_classic_cuda_darcy_chi_lr_segments_0411.sh; scripts/run_src_classic_cuda_darcy_chi_naca_periodic_0414.sh; scripts/run_src_classic_cuda_darcy_chi_vonkarman_periodic_0416.sh; scripts/run_src_classic_cuda_darcy_chi_backward_step_0425.sh; doc/README_0426_DARCY_FASTFLAGS.md,src_mpcd_params_inventory_consolidated_0365.csv + compléments Darcy/Brinkman/livevis 0411-0426
DARCY_CHI_COLLISION_VP_MODE,script_alias,Alias script Darcy chiVP,ajout/documenté 0426,chaîne,interface_band,voir paramètre kv ou env flag associé,,,Alias script de darcyChiCollisionVpMode.,Les alias script sont résolus avant écriture du .kv ou export de l’environnement.,scripts/run_src_classic_cuda_darcy_chi_lr_segments_0411.sh; scripts/run_src_classic_cuda_darcy_chi_naca_periodic_0414.sh; scripts/run_src_classic_cuda_darcy_chi_vonkarman_periodic_0416.sh; scripts/run_src_classic_cuda_darcy_chi_backward_step_0425.sh; doc/README_0426_DARCY_FASTFLAGS.md,src_mpcd_params_inventory_consolidated_0365.csv + compléments Darcy/Brinkman/livevis 0411-0426
DARCY_CHI_COLLISION_VP_GAMMA,script_alias,Alias script Darcy chiVP,ajout/documenté 0426,entier/double,-1,voir paramètre kv ou env flag associé,,,Alias script de darcyChiCollisionVpGamma.,Les alias script sont résolus avant écriture du .kv ou export de l’environnement.,scripts/run_src_classic_cuda_darcy_chi_lr_segments_0411.sh; scripts/run_src_classic_cuda_darcy_chi_naca_periodic_0414.sh; scripts/run_src_classic_cuda_darcy_chi_vonkarman_periodic_0416.sh; scripts/run_src_classic_cuda_darcy_chi_backward_step_0425.sh; doc/README_0426_DARCY_FASTFLAGS.md,src_mpcd_params_inventory_consolidated_0365.csv + compléments Darcy/Brinkman/livevis 0411-0426
DARCY_CHI_COLLISION_VP_MASS,script_alias,Alias script Darcy chiVP,ajout/documenté 0426,double,1.0,voir paramètre kv ou env flag associé,,,Alias script de darcyChiCollisionVpMass.,Les alias script sont résolus avant écriture du .kv ou export de l’environnement.,scripts/run_src_classic_cuda_darcy_chi_lr_segments_0411.sh; scripts/run_src_classic_cuda_darcy_chi_naca_periodic_0414.sh; scripts/run_src_classic_cuda_darcy_chi_vonkarman_periodic_0416.sh; scripts/run_src_classic_cuda_darcy_chi_backward_step_0425.sh; doc/README_0426_DARCY_FASTFLAGS.md,src_mpcd_params_inventory_consolidated_0365.csv + compléments Darcy/Brinkman/livevis 0411-0426
DARCY_CHI_COLLISION_VP_LAYERS,script_alias,Alias script Darcy chiVP,ajout/documenté 0426,entier,1,voir paramètre kv ou env flag associé,,,Alias script de darcyChiCollisionVpLayers.,Les alias script sont résolus avant écriture du .kv ou export de l’environnement.,scripts/run_src_classic_cuda_darcy_chi_lr_segments_0411.sh; scripts/run_src_classic_cuda_darcy_chi_naca_periodic_0414.sh; scripts/run_src_classic_cuda_darcy_chi_vonkarman_periodic_0416.sh; scripts/run_src_classic_cuda_darcy_chi_backward_step_0425.sh; doc/README_0426_DARCY_FASTFLAGS.md,src_mpcd_params_inventory_consolidated_0365.csv + compléments Darcy/Brinkman/livevis 0411-0426
DARCY_CHI_COLLISION_VP_THRESHOLD,script_alias,Alias script Darcy chiVP,ajout/documenté 0426,double,0.5,voir paramètre kv ou env flag associé,,,Alias script de darcyChiCollisionVpThreshold.,Les alias script sont résolus avant écriture du .kv ou export de l’environnement.,scripts/run_src_classic_cuda_darcy_chi_lr_segments_0411.sh; scripts/run_src_classic_cuda_darcy_chi_naca_periodic_0414.sh; scripts/run_src_classic_cuda_darcy_chi_vonkarman_periodic_0416.sh; scripts/run_src_classic_cuda_darcy_chi_backward_step_0425.sh; doc/README_0426_DARCY_FASTFLAGS.md,src_mpcd_params_inventory_consolidated_0365.csv + compléments Darcy/Brinkman/livevis 0411-0426
DARCY_CHI_COLLISION_VP_STRENGTH,script_alias,Alias script Darcy chiVP,ajout/documenté 0426,double,0.25 ou 1.0,voir paramètre kv ou env flag associé,,,Alias script de darcyChiCollisionVpStrength.,Les alias script sont résolus avant écriture du .kv ou export de l’environnement.,scripts/run_src_classic_cuda_darcy_chi_lr_segments_0411.sh; scripts/run_src_classic_cuda_darcy_chi_naca_periodic_0414.sh; scripts/run_src_classic_cuda_darcy_chi_vonkarman_periodic_0416.sh; scripts/run_src_classic_cuda_darcy_chi_backward_step_0425.sh; doc/README_0426_DARCY_FASTFLAGS.md,src_mpcd_params_inventory_consolidated_0365.csv + compléments Darcy/Brinkman/livevis 0411-0426
DARCY_COST_EVERY,script_alias,Alias script Darcy diagnostics,ajout/documenté 0426,entier,SUMMARY_EVERY,voir paramètre kv ou env flag associé,,,Alias script de darcyCostEvery.,Les alias script sont résolus avant écriture du .kv ou export de l’environnement.,scripts/run_src_classic_cuda_darcy_chi_lr_segments_0411.sh; scripts/run_src_classic_cuda_darcy_chi_naca_periodic_0414.sh; scripts/run_src_classic_cuda_darcy_chi_vonkarman_periodic_0416.sh; scripts/run_src_classic_cuda_darcy_chi_backward_step_0425.sh; doc/README_0426_DARCY_FASTFLAGS.md,src_mpcd_params_inventory_consolidated_0365.csv + compléments Darcy/Brinkman/livevis 0411-0426
DARCY_THREADS_PER_BLOCK,script_alias,Alias script Darcy CUDA,ajout/documenté 0426,entier,256,voir paramètre kv ou env flag associé,,,Alias script de darcyThreadsPerBlock.,Les alias script sont résolus avant écriture du .kv ou export de l’environnement.,scripts/run_src_classic_cuda_darcy_chi_lr_segments_0411.sh; scripts/run_src_classic_cuda_darcy_chi_naca_periodic_0414.sh; scripts/run_src_classic_cuda_darcy_chi_vonkarman_periodic_0416.sh; scripts/run_src_classic_cuda_darcy_chi_backward_step_0425.sh; doc/README_0426_DARCY_FASTFLAGS.md,src_mpcd_params_inventory_consolidated_0365.csv + compléments Darcy/Brinkman/livevis 0411-0426
DARCY_Q,script_alias,Alias script Darcy,ajout/documenté 0426,double,0.1,voir paramètre kv ou env flag associé,,,Alias script de darcyQ.,Les alias script sont résolus avant écriture du .kv ou export de l’environnement.,scripts/run_src_classic_cuda_darcy_chi_lr_segments_0411.sh; scripts/run_src_classic_cuda_darcy_chi_naca_periodic_0414.sh; scripts/run_src_classic_cuda_darcy_chi_vonkarman_periodic_0416.sh; scripts/run_src_classic_cuda_darcy_chi_backward_step_0425.sh; doc/README_0426_DARCY_FASTFLAGS.md,src_mpcd_params_inventory_consolidated_0365.csv + compléments Darcy/Brinkman/livevis 0411-0426
DARCY_USOLID_X,script_alias,Alias script Darcy,ajout/documenté 0426,double,0.0,voir paramètre kv ou env flag associé,,,Alias script de darcyUSolidX.,Les alias script sont résolus avant écriture du .kv ou export de l’environnement.,scripts/run_src_classic_cuda_darcy_chi_lr_segments_0411.sh; scripts/run_src_classic_cuda_darcy_chi_naca_periodic_0414.sh; scripts/run_src_classic_cuda_darcy_chi_vonkarman_periodic_0416.sh; scripts/run_src_classic_cuda_darcy_chi_backward_step_0425.sh; doc/README_0426_DARCY_FASTFLAGS.md,src_mpcd_params_inventory_consolidated_0365.csv + compléments Darcy/Brinkman/livevis 0411-0426
DARCY_USOLID_Y,script_alias,Alias script Darcy,ajout/documenté 0426,double,0.0,voir paramètre kv ou env flag associé,,,Alias script de darcyUSolidY.,Les alias script sont résolus avant écriture du .kv ou export de l’environnement.,scripts/run_src_classic_cuda_darcy_chi_lr_segments_0411.sh; scripts/run_src_classic_cuda_darcy_chi_naca_periodic_0414.sh; scripts/run_src_classic_cuda_darcy_chi_vonkarman_periodic_0416.sh; scripts/run_src_classic_cuda_darcy_chi_backward_step_0425.sh; doc/README_0426_DARCY_FASTFLAGS.md,src_mpcd_params_inventory_consolidated_0365.csv + compléments Darcy/Brinkman/livevis 0411-0426
TOPO_BENCHMARK_ENABLE,script_alias,Alias script topo benchmark,ajout/documenté 0426,booléen,true,voir paramètre kv ou env flag associé,,,Alias script de topoBenchmarkEnable.,Les alias script sont résolus avant écriture du .kv ou export de l’environnement.,scripts/run_src_classic_cuda_darcy_chi_lr_segments_0411.sh; scripts/run_src_classic_cuda_darcy_chi_naca_periodic_0414.sh; scripts/run_src_classic_cuda_darcy_chi_vonkarman_periodic_0416.sh; scripts/run_src_classic_cuda_darcy_chi_backward_step_0425.sh; doc/README_0426_DARCY_FASTFLAGS.md,src_mpcd_params_inventory_consolidated_0365.csv + compléments Darcy/Brinkman/livevis 0411-0426
TOPO_BENCHMARK_EVERY,script_alias,Alias script topo benchmark,ajout/documenté 0426,entier,DARCY_COST_EVERY,voir paramètre kv ou env flag associé,,,Alias script de topoBenchmarkEvery.,Les alias script sont résolus avant écriture du .kv ou export de l’environnement.,scripts/run_src_classic_cuda_darcy_chi_lr_segments_0411.sh; scripts/run_src_classic_cuda_darcy_chi_naca_periodic_0414.sh; scripts/run_src_classic_cuda_darcy_chi_vonkarman_periodic_0416.sh; scripts/run_src_classic_cuda_darcy_chi_backward_step_0425.sh; doc/README_0426_DARCY_FASTFLAGS.md,src_mpcd_params_inventory_consolidated_0365.csv + compléments Darcy/Brinkman/livevis 0411-0426
TOPO_BENCHMARK_FILENAME,script_alias,Alias script topo benchmark,ajout/documenté 0426,nom fichier,topo_benchmark_0348.csv,voir paramètre kv ou env flag associé,,,Alias script de topoBenchmarkFilename.,Les alias script sont résolus avant écriture du .kv ou export de l’environnement.,scripts/run_src_classic_cuda_darcy_chi_lr_segments_0411.sh; scripts/run_src_classic_cuda_darcy_chi_naca_periodic_0414.sh; scripts/run_src_classic_cuda_darcy_chi_vonkarman_periodic_0416.sh; scripts/run_src_classic_cuda_darcy_chi_backward_step_0425.sh; doc/README_0426_DARCY_FASTFLAGS.md,src_mpcd_params_inventory_consolidated_0365.csv + compléments Darcy/Brinkman/livevis 0411-0426
TOPO_BENCHMARK_FORCE_ENABLE,script_alias,Alias script topo benchmark,ajout/documenté 0426,booléen,true,voir paramètre kv ou env flag associé,,,Alias script de topoBenchmarkForceEnable.,Les alias script sont résolus avant écriture du .kv ou export de l’environnement.,scripts/run_src_classic_cuda_darcy_chi_lr_segments_0411.sh; scripts/run_src_classic_cuda_darcy_chi_naca_periodic_0414.sh; scripts/run_src_classic_cuda_darcy_chi_vonkarman_periodic_0416.sh; scripts/run_src_classic_cuda_darcy_chi_backward_step_0425.sh; doc/README_0426_DARCY_FASTFLAGS.md,src_mpcd_params_inventory_consolidated_0365.csv + compléments Darcy/Brinkman/livevis 0411-0426
TOPO_BENCHMARK_DRAG_LIFT_ENABLE,script_alias,Alias script topo benchmark,ajout/documenté 0426,booléen,true,voir paramètre kv ou env flag associé,,,Alias script de topoBenchmarkDragLiftEnable.,Les alias script sont résolus avant écriture du .kv ou export de l’environnement.,scripts/run_src_classic_cuda_darcy_chi_lr_segments_0411.sh; scripts/run_src_classic_cuda_darcy_chi_naca_periodic_0414.sh; scripts/run_src_classic_cuda_darcy_chi_vonkarman_periodic_0416.sh; scripts/run_src_classic_cuda_darcy_chi_backward_step_0425.sh; doc/README_0426_DARCY_FASTFLAGS.md,src_mpcd_params_inventory_consolidated_0365.csv + compléments Darcy/Brinkman/livevis 0411-0426
TOPO_BENCHMARK_FLOW_DIR_X,script_alias,Alias script topo benchmark,ajout/documenté 0426,double,1.0,voir paramètre kv ou env flag associé,,,Alias script de topoBenchmarkFlowDirX.,Les alias script sont résolus avant écriture du .kv ou export de l’environnement.,scripts/run_src_classic_cuda_darcy_chi_lr_segments_0411.sh; scripts/run_src_classic_cuda_darcy_chi_naca_periodic_0414.sh; scripts/run_src_classic_cuda_darcy_chi_vonkarman_periodic_0416.sh; scripts/run_src_classic_cuda_darcy_chi_backward_step_0425.sh; doc/README_0426_DARCY_FASTFLAGS.md,src_mpcd_params_inventory_consolidated_0365.csv + compléments Darcy/Brinkman/livevis 0411-0426
TOPO_BENCHMARK_FLOW_DIR_Y,script_alias,Alias script topo benchmark,ajout/documenté 0426,double,0.0,voir paramètre kv ou env flag associé,,,Alias script de topoBenchmarkFlowDirY.,Les alias script sont résolus avant écriture du .kv ou export de l’environnement.,scripts/run_src_classic_cuda_darcy_chi_lr_segments_0411.sh; scripts/run_src_classic_cuda_darcy_chi_naca_periodic_0414.sh; scripts/run_src_classic_cuda_darcy_chi_vonkarman_periodic_0416.sh; scripts/run_src_classic_cuda_darcy_chi_backward_step_0425.sh; doc/README_0426_DARCY_FASTFLAGS.md,src_mpcd_params_inventory_consolidated_0365.csv + compléments Darcy/Brinkman/livevis 0411-0426
TOPO_BENCHMARK_LIFT_DIR_X,script_alias,Alias script topo benchmark,ajout/documenté 0426,double,0.0,voir paramètre kv ou env flag associé,,,Alias script de topoBenchmarkLiftDirX.,Les alias script sont résolus avant écriture du .kv ou export de l’environnement.,scripts/run_src_classic_cuda_darcy_chi_lr_segments_0411.sh; scripts/run_src_classic_cuda_darcy_chi_naca_periodic_0414.sh; scripts/run_src_classic_cuda_darcy_chi_vonkarman_periodic_0416.sh; scripts/run_src_classic_cuda_darcy_chi_backward_step_0425.sh; doc/README_0426_DARCY_FASTFLAGS.md,src_mpcd_params_inventory_consolidated_0365.csv + compléments Darcy/Brinkman/livevis 0411-0426
TOPO_BENCHMARK_LIFT_DIR_Y,script_alias,Alias script topo benchmark,ajout/documenté 0426,double,1.0,voir paramètre kv ou env flag associé,,,Alias script de topoBenchmarkLiftDirY.,Les alias script sont résolus avant écriture du .kv ou export de l’environnement.,scripts/run_src_classic_cuda_darcy_chi_lr_segments_0411.sh; scripts/run_src_classic_cuda_darcy_chi_naca_periodic_0414.sh; scripts/run_src_classic_cuda_darcy_chi_vonkarman_periodic_0416.sh; scripts/run_src_classic_cuda_darcy_chi_backward_step_0425.sh; doc/README_0426_DARCY_FASTFLAGS.md,src_mpcd_params_inventory_consolidated_0365.csv + compléments Darcy/Brinkman/livevis 0411-0426
REQUIRE_VALIDATED_SEGMENTED_RESIDENT,script_alias,Alias script sécurité CUDA,ajout/documenté 0426,booléen,1,voir paramètre kv ou env flag associé,,,Force le strict mode du chemin segmented resident 0264.,Les alias script sont résolus avant écriture du .kv ou export de l’environnement.,scripts/run_src_classic_cuda_darcy_chi_lr_segments_0411.sh; scripts/run_src_classic_cuda_darcy_chi_naca_periodic_0414.sh; scripts/run_src_classic_cuda_darcy_chi_vonkarman_periodic_0416.sh; scripts/run_src_classic_cuda_darcy_chi_backward_step_0425.sh; doc/README_0426_DARCY_FASTFLAGS.md,src_mpcd_params_inventory_consolidated_0365.csv + compléments Darcy/Brinkman/livevis 0411-0426
LIVE_VIS_HOLD_ON_EXIT,script_alias,Alias script livevis,ajout/documenté 0426,booléen,1,voir paramètre kv ou env flag associé,,,Alias script exporté vers SRC_LIVE_VIS_HOLD_ON_EXIT.,Les alias script sont résolus avant écriture du .kv ou export de l’environnement.,scripts/run_src_classic_cuda_darcy_chi_lr_segments_0411.sh; scripts/run_src_classic_cuda_darcy_chi_naca_periodic_0414.sh; scripts/run_src_classic_cuda_darcy_chi_vonkarman_periodic_0416.sh; scripts/run_src_classic_cuda_darcy_chi_backward_step_0425.sh; doc/README_0426_DARCY_FASTFLAGS.md,src_mpcd_params_inventory_consolidated_0365.csv + compléments Darcy/Brinkman/livevis 0411-0426
MPCD_DARCY_FASTFLAGS_ENABLE,script_alias,Alias script fastflags Darcy,ajout/documenté 0426,booléen,1,voir paramètre kv ou env flag associé,,,Active/désactive le bloc commun fastflags 0426 des scripts Darcy.,Les alias script sont résolus avant écriture du .kv ou export de l’environnement.,scripts/run_src_classic_cuda_darcy_chi_lr_segments_0411.sh; scripts/run_src_classic_cuda_darcy_chi_naca_periodic_0414.sh; scripts/run_src_classic_cuda_darcy_chi_vonkarman_periodic_0416.sh; scripts/run_src_classic_cuda_darcy_chi_backward_step_0425.sh; doc/README_0426_DARCY_FASTFLAGS.md,src_mpcd_params_inventory_consolidated_0365.csv + compléments Darcy/Brinkman/livevis 0411-0426
DARCY_ALPHA_MAX,script_alias,Alias script Darcy,ajout/documenté 0426,double,selon script,voir script,,,Valeur de repli utilisée par ALPHA pour écrire darcyAlphaMax.,Backward step validé avec ALPHA=800000.,scripts/run_src_classic_cuda_darcy_chi_lr_segments_0411.sh; scripts/run_src_classic_cuda_darcy_chi_naca_periodic_0414.sh; scripts/run_src_classic_cuda_darcy_chi_vonkarman_periodic_0416.sh; scripts/run_src_classic_cuda_darcy_chi_backward_step_0425.sh; doc/README_0426_DARCY_FASTFLAGS.md,src_mpcd_params_inventory_consolidated_0365.csv + compléments Darcy/Brinkman/livevis 0411-0426
DARCY_ALPHA_MIN,script_alias,Alias script Darcy,ajout/documenté 0426,double,0.0,voir script,,,Valeur de repli utilisée par ALPHA_MIN pour écrire darcyAlphaMin.,,scripts/run_src_classic_cuda_darcy_chi_lr_segments_0411.sh; scripts/run_src_classic_cuda_darcy_chi_naca_periodic_0414.sh; scripts/run_src_classic_cuda_darcy_chi_vonkarman_periodic_0416.sh; scripts/run_src_classic_cuda_darcy_chi_backward_step_0425.sh; doc/README_0426_DARCY_FASTFLAGS.md,src_mpcd_params_inventory_consolidated_0365.csv + compléments Darcy/Brinkman/livevis 0411-0426
DARCY_CHI_FILE,script_alias,Alias script Darcy,ajout/documenté 0426,chemin fichier,selon cas,voir script,,,Alias externe de CHI_FILE pour fournir un champ chi sans modifier le script.,,scripts/run_src_classic_cuda_darcy_chi_lr_segments_0411.sh; scripts/run_src_classic_cuda_darcy_chi_naca_periodic_0414.sh; scripts/run_src_classic_cuda_darcy_chi_vonkarman_periodic_0416.sh; scripts/run_src_classic_cuda_darcy_chi_backward_step_0425.sh; doc/README_0426_DARCY_FASTFLAGS.md,src_mpcd_params_inventory_consolidated_0365.csv + compléments Darcy/Brinkman/livevis 0411-0426
DARCY_CHI_FILE_FORMAT,script_alias,Alias script Darcy,ajout/documenté 0426,chaîne,float32,voir script,,,Alias externe de CHI_FILE_FORMAT.,,scripts/run_src_classic_cuda_darcy_chi_lr_segments_0411.sh; scripts/run_src_classic_cuda_darcy_chi_naca_periodic_0414.sh; scripts/run_src_classic_cuda_darcy_chi_vonkarman_periodic_0416.sh; scripts/run_src_classic_cuda_darcy_chi_backward_step_0425.sh; doc/README_0426_DARCY_FASTFLAGS.md,src_mpcd_params_inventory_consolidated_0365.csv + compléments Darcy/Brinkman/livevis 0411-0426
STATE_SOURCE,script_alias,Alias script état initial,ajout/documenté 0426,chemin fichier,selon cas,voir script,,,Chemin source de l’état .smpcd copié dans RUN_ROOT/init.,Utilisé dans les scripts 0411/0414/0416.,scripts/run_src_classic_cuda_darcy_chi_lr_segments_0411.sh; scripts/run_src_classic_cuda_darcy_chi_naca_periodic_0414.sh; scripts/run_src_classic_cuda_darcy_chi_vonkarman_periodic_0416.sh; scripts/run_src_classic_cuda_darcy_chi_backward_step_0425.sh; doc/README_0426_DARCY_FASTFLAGS.md,src_mpcd_params_inventory_consolidated_0365.csv + compléments Darcy/Brinkman/livevis 0411-0426
INPUT_STATE,script_alias,Alias script état initial,ajout/documenté 0426,chemin fichier,selon cas,voir script,,,Alias de STATE_SOURCE pour fournir l’état initial .smpcd.,Utilisé dans les scripts 0411/0414/0416.,scripts/run_src_classic_cuda_darcy_chi_lr_segments_0411.sh; scripts/run_src_classic_cuda_darcy_chi_naca_periodic_0414.sh; scripts/run_src_classic_cuda_darcy_chi_vonkarman_periodic_0416.sh; scripts/run_src_classic_cuda_darcy_chi_backward_step_0425.sh; doc/README_0426_DARCY_FASTFLAGS.md,src_mpcd_params_inventory_consolidated_0365.csv + compléments Darcy/Brinkman/livevis 0411-0426
WALL_KBT,script_alias,Alias script paroi/VP,ajout/documenté 0426,double,-1.0,voir script,,,"Température cible des parois/VP, écrite vers wallKBT.",-1 hérite du comportement par défaut/thermostat selon code.,scripts/run_src_classic_cuda_darcy_chi_lr_segments_0411.sh; scripts/run_src_classic_cuda_darcy_chi_naca_periodic_0414.sh; scripts/run_src_classic_cuda_darcy_chi_vonkarman_periodic_0416.sh; scripts/run_src_classic_cuda_darcy_chi_backward_step_0425.sh; doc/README_0426_DARCY_FASTFLAGS.md,src_mpcd_params_inventory_consolidated_0365.csv + compléments Darcy/Brinkman/livevis 0411-0426
STEP_XMIN,script_alias,Alias script géométrie/segments Darcy,ajout/documenté 0426,double/chaîne selon variable,0.0,voir script,,,Borne x minimale du rectangle solide step généré en chi.,,scripts/run_src_classic_cuda_darcy_chi_lr_segments_0411.sh; scripts/run_src_classic_cuda_darcy_chi_naca_periodic_0414.sh; scripts/run_src_classic_cuda_darcy_chi_vonkarman_periodic_0416.sh; scripts/run_src_classic_cuda_darcy_chi_backward_step_0425.sh; doc/README_0426_DARCY_FASTFLAGS.md,src_mpcd_params_inventory_consolidated_0365.csv + compléments Darcy/Brinkman/livevis 0411-0426
STEP_XMAX,script_alias,Alias script géométrie/segments Darcy,ajout/documenté 0426,double/chaîne selon variable,1.0,voir script,,,Borne x maximale du rectangle solide step généré en chi.,,scripts/run_src_classic_cuda_darcy_chi_lr_segments_0411.sh; scripts/run_src_classic_cuda_darcy_chi_naca_periodic_0414.sh; scripts/run_src_classic_cuda_darcy_chi_vonkarman_periodic_0416.sh; scripts/run_src_classic_cuda_darcy_chi_backward_step_0425.sh; doc/README_0426_DARCY_FASTFLAGS.md,src_mpcd_params_inventory_consolidated_0365.csv + compléments Darcy/Brinkman/livevis 0411-0426
STEP_YMIN,script_alias,Alias script géométrie/segments Darcy,ajout/documenté 0426,double/chaîne selon variable,0.0,voir script,,,Borne y minimale du rectangle solide step généré en chi.,,scripts/run_src_classic_cuda_darcy_chi_lr_segments_0411.sh; scripts/run_src_classic_cuda_darcy_chi_naca_periodic_0414.sh; scripts/run_src_classic_cuda_darcy_chi_vonkarman_periodic_0416.sh; scripts/run_src_classic_cuda_darcy_chi_backward_step_0425.sh; doc/README_0426_DARCY_FASTFLAGS.md,src_mpcd_params_inventory_consolidated_0365.csv + compléments Darcy/Brinkman/livevis 0411-0426
STEP_YMAX,script_alias,Alias script géométrie/segments Darcy,ajout/documenté 0426,double/chaîne selon variable,0.52,voir script,,,Borne y maximale du rectangle solide step généré en chi et borne inférieure de l’inlet segmenté.,,scripts/run_src_classic_cuda_darcy_chi_lr_segments_0411.sh; scripts/run_src_classic_cuda_darcy_chi_naca_periodic_0414.sh; scripts/run_src_classic_cuda_darcy_chi_vonkarman_periodic_0416.sh; scripts/run_src_classic_cuda_darcy_chi_backward_step_0425.sh; doc/README_0426_DARCY_FASTFLAGS.md,src_mpcd_params_inventory_consolidated_0365.csv + compléments Darcy/Brinkman/livevis 0411-0426
INLET_FACE,script_alias,Alias script géométrie/segments Darcy,ajout/documenté 0426,double/chaîne selon variable,left,voir script,,,Face portant le segment inlet.,,scripts/run_src_classic_cuda_darcy_chi_lr_segments_0411.sh; scripts/run_src_classic_cuda_darcy_chi_naca_periodic_0414.sh; scripts/run_src_classic_cuda_darcy_chi_vonkarman_periodic_0416.sh; scripts/run_src_classic_cuda_darcy_chi_backward_step_0425.sh; doc/README_0426_DARCY_FASTFLAGS.md,src_mpcd_params_inventory_consolidated_0365.csv + compléments Darcy/Brinkman/livevis 0411-0426
INLET_SMIN,script_alias,Alias script géométrie/segments Darcy,ajout/documenté 0426,double/chaîne selon variable,STEP_YMAX/Ly,voir script,,,Coordonnée relative minimale du segment inlet.,,scripts/run_src_classic_cuda_darcy_chi_lr_segments_0411.sh; scripts/run_src_classic_cuda_darcy_chi_naca_periodic_0414.sh; scripts/run_src_classic_cuda_darcy_chi_vonkarman_periodic_0416.sh; scripts/run_src_classic_cuda_darcy_chi_backward_step_0425.sh; doc/README_0426_DARCY_FASTFLAGS.md,src_mpcd_params_inventory_consolidated_0365.csv + compléments Darcy/Brinkman/livevis 0411-0426
INLET_SMAX,script_alias,Alias script géométrie/segments Darcy,ajout/documenté 0426,double/chaîne selon variable,1.0,voir script,,,Coordonnée relative maximale du segment inlet.,,scripts/run_src_classic_cuda_darcy_chi_lr_segments_0411.sh; scripts/run_src_classic_cuda_darcy_chi_naca_periodic_0414.sh; scripts/run_src_classic_cuda_darcy_chi_vonkarman_periodic_0416.sh; scripts/run_src_classic_cuda_darcy_chi_backward_step_0425.sh; doc/README_0426_DARCY_FASTFLAGS.md,src_mpcd_params_inventory_consolidated_0365.csv + compléments Darcy/Brinkman/livevis 0411-0426
OUTLET_FACE,script_alias,Alias script géométrie/segments Darcy,ajout/documenté 0426,double/chaîne selon variable,right,voir script,,,Face portant le segment outlet.,,scripts/run_src_classic_cuda_darcy_chi_lr_segments_0411.sh; scripts/run_src_classic_cuda_darcy_chi_naca_periodic_0414.sh; scripts/run_src_classic_cuda_darcy_chi_vonkarman_periodic_0416.sh; scripts/run_src_classic_cuda_darcy_chi_backward_step_0425.sh; doc/README_0426_DARCY_FASTFLAGS.md,src_mpcd_params_inventory_consolidated_0365.csv + compléments Darcy/Brinkman/livevis 0411-0426
OUTLET_SMIN,script_alias,Alias script géométrie/segments Darcy,ajout/documenté 0426,double/chaîne selon variable,0.0,voir script,,,Coordonnée relative minimale du segment outlet.,,scripts/run_src_classic_cuda_darcy_chi_lr_segments_0411.sh; scripts/run_src_classic_cuda_darcy_chi_naca_periodic_0414.sh; scripts/run_src_classic_cuda_darcy_chi_vonkarman_periodic_0416.sh; scripts/run_src_classic_cuda_darcy_chi_backward_step_0425.sh; doc/README_0426_DARCY_FASTFLAGS.md,src_mpcd_params_inventory_consolidated_0365.csv + compléments Darcy/Brinkman/livevis 0411-0426
OUTLET_SMAX,script_alias,Alias script géométrie/segments Darcy,ajout/documenté 0426,double/chaîne selon variable,1.0 ou 0.25 selon script,voir script,,,Coordonnée relative maximale du segment outlet.,,scripts/run_src_classic_cuda_darcy_chi_lr_segments_0411.sh; scripts/run_src_classic_cuda_darcy_chi_naca_periodic_0414.sh; scripts/run_src_classic_cuda_darcy_chi_vonkarman_periodic_0416.sh; scripts/run_src_classic_cuda_darcy_chi_backward_step_0425.sh; doc/README_0426_DARCY_FASTFLAGS.md,src_mpcd_params_inventory_consolidated_0365.csv + compléments Darcy/Brinkman/livevis 0411-0426
OUTLET_MODE,script_alias,Alias script géométrie/segments Darcy,ajout/documenté 0426,double/chaîne selon variable,hybrid/neumann selon script,voir script,,,Mode de sortie ouvert écrit vers openBoundaryOutletMode.,,scripts/run_src_classic_cuda_darcy_chi_lr_segments_0411.sh; scripts/run_src_classic_cuda_darcy_chi_naca_periodic_0414.sh; scripts/run_src_classic_cuda_darcy_chi_vonkarman_periodic_0416.sh; scripts/run_src_classic_cuda_darcy_chi_backward_step_0425.sh; doc/README_0426_DARCY_FASTFLAGS.md,src_mpcd_params_inventory_consolidated_0365.csv + compléments Darcy/Brinkman/livevis 0411-0426
UIN,script_alias,Alias script géométrie/segments Darcy,ajout/documenté 0426,double/chaîne selon variable,0.25,voir script,,,Vitesse imposée au segment inlet du backward step.,,scripts/run_src_classic_cuda_darcy_chi_lr_segments_0411.sh; scripts/run_src_classic_cuda_darcy_chi_naca_periodic_0414.sh; scripts/run_src_classic_cuda_darcy_chi_vonkarman_periodic_0416.sh; scripts/run_src_classic_cuda_darcy_chi_backward_step_0425.sh; doc/README_0426_DARCY_FASTFLAGS.md,src_mpcd_params_inventory_consolidated_0365.csv + compléments Darcy/Brinkman/livevis 0411-0426
UINIT,script_alias,Alias script géométrie/segments Darcy,ajout/documenté 0426,double/chaîne selon variable,cas dépendant,voir script,,,Vitesse moyenne initiale utilisée lors de la génération d’état.,,scripts/run_src_classic_cuda_darcy_chi_lr_segments_0411.sh; scripts/run_src_classic_cuda_darcy_chi_naca_periodic_0414.sh; scripts/run_src_classic_cuda_darcy_chi_vonkarman_periodic_0416.sh; scripts/run_src_classic_cuda_darcy_chi_backward_step_0425.sh; doc/README_0426_DARCY_FASTFLAGS.md,src_mpcd_params_inventory_consolidated_0365.csv + compléments Darcy/Brinkman/livevis 0411-0426
