cell,ix,iy,xc,yc,isFluidCell,isSolidCell,nFluid,mass
1,1,1,0.0078125,0.0078125,1,0,14,14
2,2,1,0.0234375,0.0078125,1,0,30,30
3,3,1,0.0390625,0.0078125,1,0,27,27
4,4,1,0.0546875,0.0078125,1,0,15,15
5,5,1,0.0703125,0.0078125,1,0,21,21
6,6,1,0.0859375,0.0078125,1,0,22,22
7,7,1,0.1015625,0.0078125,1,0,23,23
8,8,1,0.1171875,0.0078125,1,0,16,16
9,9,1,0.1328125,0.0078125,1,0,27,27
10,10,1,0.1484375,0.0078125,1,0,27,27
11,11,1,0.1640625,0.0078125,1,0,31,31
12,12,1,0.1796875,0.0078125,1,0,32,32
13,13,1,0.1953125,0.0078125,1,0,28,28
14,14,1,0.2109375,0.0078125,1,0,11,11
15,15,1,0.2265625,0.0078125,1,0,18,18
16,16,1,0.2421875,0.0078125,1,0,13,13
17,17,1,0.2578125,0.0078125,1,0,14,14
18,18,1,0.2734375,0.0078125,1,0,18,18
19,19,1,0.2890625,0.0078125,1,0,22,22
20,20,1,0.3046875,0.0078125,1,0,18,18
21,21,1,0.3203125,0.0078125,1,0,21,21
22,22,1,0.3359375,0.0078125,1,0,27,27
23,23,1,0.3515625,0.0078125,1,0,10,10
24,24,1,0.3671875,0.0078125,1,0,24,24
25,25,1,0.3828125,0.0078125,1,0,20,20
26,26,1,0.3984375,0.0078125,1,0,16,16
27,27,1,0.4140625,0.0078125,1,0,25,25
28,28,1,0.4296875,0.0078125,1,0,34,34
29,29,1,0.4453125,0.0078125,1,0,7,7
30,30,1,0.4609375,0.0078125,1,0,35,35
31,31,1,0.4765625,0.0078125,1,0,20,20
32,32,1,0.4921875,0.0078125,1,0,16,16
33,33,1,0.5078125,0.0078125,1,0,21,21
34,34,1,0.5234375,0.0078125,1,0,17,17
35,35,1,0.5390625,0.0078125,1,0,16,16
36,36,1,0.5546875,0.0078125,1,0,4,4
37,37,1,0.5703125,0.0078125,1,0,22,22
38,38,1,0.5859375,0.0078125,1,0,15,15
39,39,1,0.6015625,0.0078125,1,0,18,18
40,40,1,0.6171875,0.0078125,1,0,22,22
41,41,1,0.6328125,0.0078125,1,0,23,23
42,42,1,0.6484375,0.0078125,1,0,15,15
43,43,1,0.6640625,0.0078125,1,0,25,25
44,44,1,0.6796875,0.0078125,1,0,19,19
45,45,1,0.6953125,0.0078125,1,0,15,15
46,46,1,0.7109375,0.0078125,1,0,20,20
47,47,1,0.7265625,0.0078125,1,0,17,17
48,48,1,0.7421875,0.0078125,1,0,24,24
49,49,1,0.7578125,0.0078125,1,0,13,13
50,50,1,0.7734375,0.0078125,1,0,24,24
51,51,1,0.7890625,0.0078125,1,0,17,17
52,52,1,0.8046875,0.0078125,1,0,32,32
53,53,1,0.8203125,0.0078125,1,0,26,26
54,54,1,0.8359375,0.0078125,1,0,28,28
55,55,1,0.8515625,0.0078125,1,0,20,20
56,56,1,0.8671875,0.0078125,1,0,28,28
57,57,1,0.8828125,0.0078125,1,0,11,11
58,58,1,0.8984375,0.0078125,1,0,16,16
59,59,1,0.9140625,0.0078125,1,0,19,19
60,60,1,0.9296875,0.0078125,1,0,12,12
61,61,1,0.9453125,0.0078125,1,0,24,24
62,62,1,0.9609375,0.0078125,1,0,14,14
63,63,1,0.9765625,0.0078125,1,0,25,25
64,64,1,0.9921875,0.0078125,1,0,12,12
65,65,1,1.0078125,0.0078125,1,0,21,21
66,66,1,1.0234375,0.0078125,1,0,6,6
67,67,1,1.0390625,0.0078125,1,0,19,19
68,68,1,1.0546875,0.0078125,1,0,30,30
69,69,1,1.0703125,0.0078125,1,0,22,22
70,70,1,1.0859375,0.0078125,1,0,24,24
71,71,1,1.1015625,0.0078125,1,0,17,17
72,72,1,1.1171875,0.0078125,1,0,24,24
73,73,1,1.1328125,0.0078125,1,0,26,26
74,74,1,1.1484375,0.0078125,1,0,36,36
75,75,1,1.1640625,0.0078125,1,0,23,23
76,76,1,1.1796875,0.0078125,1,0,24,24
77,77,1,1.1953125,0.0078125,1,0,17,17
78,78,1,1.2109375,0.0078125,1,0,31,31
79,79,1,1.2265625,0.0078125,1,0,17,17
80,80,1,1.2421875,0.0078125,1,0,18,18
81,81,1,1.2578125,0.0078125,1,0,14,14
82,82,1,1.2734375,0.0078125,1,0,18,18
83,83,1,1.2890625,0.0078125,1,0,21,21
84,84,1,1.3046875,0.0078125,1,0,29,29
85,85,1,1.3203125,0.0078125,1,0,21,21
86,86,1,1.3359375,0.0078125,1,0,20,20
87,87,1,1.3515625,0.0078125,1,0,22,22
88,88,1,1.3671875,0.0078125,1,0,20,20
89,89,1,1.3828125,0.0078125,1,0,18,18
90,90,1,1.3984375,0.0078125,1,0,23,23
91,91,1,1.4140625,0.0078125,1,0,28,28
92,92,1,1.4296875,0.0078125,1,0,18,18
93,93,1,1.4453125,0.0078125,1,0,19,19
94,94,1,1.4609375,0.0078125,1,0,20,20
95,95,1,1.4765625,0.0078125,1,0,22,22
96,96,1,1.4921875,0.0078125,1,0,28,28
97,97,1,1.5078125,0.0078125,1,0,26,26
98,98,1,1.5234375,0.0078125,1,0,22,22
99,99,1,1.5390625,0.0078125,1,0,12,12
100,100,1,1.5546875,0.0078125,1,0,17,17
101,101,1,1.5703125,0.0078125,1,0,20,20
102,102,1,1.5859375,0.0078125,1,0,33,33
103,103,1,1.6015625,0.0078125,1,0,21,21
104,104,1,1.6171875,0.0078125,1,0,15,15
105,105,1,1.6328125,0.0078125,1,0,16,16
106,106,1,1.6484375,0.0078125,1,0,28,28
107,107,1,1.6640625,0.0078125,1,0,19,19
108,108,1,1.6796875,0.0078125,1,0,23,23
109,109,1,1.6953125,0.0078125,1,0,20,20
110,110,1,1.7109375,0.0078125,1,0,29,29
111,111,1,1.7265625,0.0078125,1,0,10,10
112,112,1,1.7421875,0.0078125,1,0,25,25
113,113,1,1.7578125,0.0078125,1,0,23,23
114,114,1,1.7734375,0.0078125,1,0,23,23
115,115,1,1.7890625,0.0078125,1,0,18,18
116,116,1,1.8046875,0.0078125,1,0,17,17
117,117,1,1.8203125,0.0078125,1,0,29,29
118,118,1,1.8359375,0.0078125,1,0,19,19
119,119,1,1.8515625,0.0078125,1,0,26,26
120,120,1,1.8671875,0.0078125,1,0,23,23
121,121,1,1.8828125,0.0078125,1,0,29,29
122,122,1,1.8984375,0.0078125,1,0,14,14
123,123,1,1.9140625,0.0078125,1,0,17,17
124,124,1,1.9296875,0.0078125,1,0,17,17
125,125,1,1.9453125,0.0078125,1,0,8,8
126,126,1,1.9609375,0.0078125,1,0,29,29
127,127,1,1.9765625,0.0078125,1,0,26,26
128,128,1,1.9921875,0.0078125,1,0,13,13
129,1,2,0.0078125,0.0234375,1,0,22,22
130,2,2,0.0234375,0.0234375,1,0,23,23
131,3,2,0.0390625,0.0234375,1,0,28,28
132,4,2,0.0546875,0.0234375,1,0,20,20
133,5,2,0.0703125,0.0234375,1,0,27,27
134,6,2,0.0859375,0.0234375,1,0,19,19
135,7,2,0.1015625,0.0234375,1,0,21,21
136,8,2,0.1171875,0.0234375,1,0,22,22
137,9,2,0.1328125,0.0234375,1,0,13,13
138,10,2,0.1484375,0.0234375,1,0,25,25
139,11,2,0.1640625,0.0234375,1,0,21,21
140,12,2,0.1796875,0.0234375,1,0,23,23
141,13,2,0.1953125,0.0234375,1,0,24,24
142,14,2,0.2109375,0.0234375,1,0,17,17
143,15,2,0.2265625,0.0234375,1,0,17,17
144,16,2,0.2421875,0.0234375,1,0,14,14
145,17,2,0.2578125,0.0234375,1,0,12,12
146,18,2,0.2734375,0.0234375,1,0,31,31
147,19,2,0.2890625,0.0234375,1,0,30,30
148,20,2,0.3046875,0.0234375,1,0,6,6
149,21,2,0.3203125,0.0234375,1,0,20,20
150,22,2,0.3359375,0.0234375,1,0,16,16
151,23,2,0.3515625,0.0234375,1,0,4,4
152,24,2,0.3671875,0.0234375,1,0,24,24
153,25,2,0.3828125,0.0234375,1,0,24,24
154,26,2,0.3984375,0.0234375,1,0,20,20
155,27,2,0.4140625,0.0234375,1,0,21,21
156,28,2,0.4296875,0.0234375,1,0,17,17
157,29,2,0.4453125,0.0234375,1,0,23,23
158,30,2,0.4609375,0.0234375,1,0,16,16
159,31,2,0.4765625,0.0234375,1,0,19,19
160,32,2,0.4921875,0.0234375,1,0,26,26
161,33,2,0.5078125,0.0234375,1,0,19,19
162,34,2,0.5234375,0.0234375,1,0,20,20
163,35,2,0.5390625,0.0234375,1,0,16,16
164,36,2,0.5546875,0.0234375,1,0,27,27
165,37,2,0.5703125,0.0234375,1,0,21,21
166,38,2,0.5859375,0.0234375,1,0,32,32
167,39,2,0.6015625,0.0234375,1,0,29,29
168,40,2,0.6171875,0.0234375,1,0,14,14
169,41,2,0.6328125,0.0234375,1,0,18,18
170,42,2,0.6484375,0.0234375,1,0,23,23
171,43,2,0.6640625,0.0234375,1,0,24,24
172,44,2,0.6796875,0.0234375,1,0,14,14
173,45,2,0.6953125,0.0234375,1,0,22,22
174,46,2,0.7109375,0.0234375,1,0,34,34
175,47,2,0.7265625,0.0234375,1,0,26,26
176,48,2,0.7421875,0.0234375,1,0,28,28
177,49,2,0.7578125,0.0234375,1,0,14,14
178,50,2,0.7734375,0.0234375,1,0,22,22
179,51,2,0.7890625,0.0234375,1,0,14,14
180,52,2,0.8046875,0.0234375,1,0,18,18
181,53,2,0.8203125,0.0234375,1,0,24,24
182,54,2,0.8359375,0.0234375,1,0,20,20
183,55,2,0.8515625,0.0234375,1,0,18,18
184,56,2,0.8671875,0.0234375,1,0,21,21
185,57,2,0.8828125,0.0234375,1,0,10,10
186,58,2,0.8984375,0.0234375,1,0,24,24
187,59,2,0.9140625,0.0234375,1,0,14,14
188,60,2,0.9296875,0.0234375,1,0,16,16
189,61,2,0.9453125,0.0234375,1,0,29,29
190,62,2,0.9609375,0.0234375,1,0,21,21
191,63,2,0.9765625,0.0234375,1,0,24,24
192,64,2,0.9921875,0.0234375,1,0,18,18
193,65,2,1.0078125,0.0234375,1,0,28,28
194,66,2,1.0234375,0.0234375,1,0,20,20
195,67,2,1.0390625,0.0234375,1,0,27,27
196,68,2,1.0546875,0.0234375,1,0,25,25
197,69,2,1.0703125,0.0234375,1,0,36,36
198,70,2,1.0859375,0.0234375,1,0,21,21
199,71,2,1.1015625,0.0234375,1,0,21,21
200,72,2,1.1171875,0.0234375,1,0,16,16
201,73,2,1.1328125,0.0234375,1,0,17,17
202,74,2,1.1484375,0.0234375,1,0,14,14
203,75,2,1.1640625,0.0234375,1,0,27,27
204,76,2,1.1796875,0.0234375,1,0,25,25
205,77,2,1.1953125,0.0234375,1,0,17,17
206,78,2,1.2109375,0.0234375,1,0,12,12
207,79,2,1.2265625,0.0234375,1,0,24,24
208,80,2,1.2421875,0.0234375,1,0,5,5
209,81,2,1.2578125,0.0234375,1,0,15,15
210,82,2,1.2734375,0.0234375,1,0,32,32
211,83,2,1.2890625,0.0234375,1,0,27,27
212,84,2,1.3046875,0.0234375,1,0,16,16
213,85,2,1.3203125,0.0234375,1,0,26,26
214,86,2,1.3359375,0.0234375,1,0,20,20
215,87,2,1.3515625,0.0234375,1,0,23,23
216,88,2,1.3671875,0.0234375,1,0,9,9
217,89,2,1.3828125,0.0234375,1,0,16,16
218,90,2,1.3984375,0.0234375,1,0,23,23
219,91,2,1.4140625,0.0234375,1,0,30,30
220,92,2,1.4296875,0.0234375,1,0,23,23
221,93,2,1.4453125,0.0234375,1,0,25,25
222,94,2,1.4609375,0.0234375,1,0,15,15
223,95,2,1.4765625,0.0234375,1,0,22,22
224,96,2,1.4921875,0.0234375,1,0,17,17
225,97,2,1.5078125,0.0234375,1,0,16,16
226,98,2,1.5234375,0.0234375,1,0,19,19
227,99,2,1.5390625,0.0234375,1,0,22,22
228,100,2,1.5546875,0.0234375,1,0,28,28
229,101,2,1.5703125,0.0234375,1,0,18,18
230,102,2,1.5859375,0.0234375,1,0,22,22
231,103,2,1.6015625,0.0234375,1,0,16,16
232,104,2,1.6171875,0.0234375,1,0,25,25
233,105,2,1.6328125,0.0234375,1,0,30,30
234,106,2,1.6484375,0.0234375,1,0,23,23
235,107,2,1.6640625,0.0234375,1,0,9,9
236,108,2,1.6796875,0.0234375,1,0,22,22
237,109,2,1.6953125,0.0234375,1,0,16,16
238,110,2,1.7109375,0.0234375,1,0,17,17
239,111,2,1.7265625,0.0234375,1,0,19,19
240,112,2,1.7421875,0.0234375,1,0,7,7
241,113,2,1.7578125,0.0234375,1,0,20,20
242,114,2,1.7734375,0.0234375,1,0,22,22
243,115,2,1.7890625,0.0234375,1,0,22,22
244,116,2,1.8046875,0.0234375,1,0,17,17
245,117,2,1.8203125,0.0234375,1,0,21,21
246,118,2,1.8359375,0.0234375,1,0,21,21
247,119,2,1.8515625,0.0234375,1,0,33,33
248,120,2,1.8671875,0.0234375,1,0,27,27
249,121,2,1.8828125,0.0234375,1,0,27,27
250,122,2,1.8984375,0.0234375,1,0,15,15
251,123,2,1.9140625,0.0234375,1,0,26,26
252,124,2,1.9296875,0.0234375,1,0,13,13
253,125,2,1.9453125,0.0234375,1,0,36,36
254,126,2,1.9609375,0.0234375,1,0,14,14
255,127,2,1.9765625,0.0234375,1,0,11,11
256,128,2,1.9921875,0.0234375,1,0,27,27
257,1,3,0.0078125,0.0390625,1,0,25,25
258,2,3,0.0234375,0.0390625,1,0,12,12
259,3,3,0.0390625,0.0390625,1,0,11,11
260,4,3,0.0546875,0.0390625,1,0,20,20
261,5,3,0.0703125,0.0390625,1,0,12,12
262,6,3,0.0859375,0.0390625,1,0,26,26
263,7,3,0.1015625,0.0390625,1,0,25,25
264,8,3,0.1171875,0.0390625,1,0,16,16
265,9,3,0.1328125,0.0390625,1,0,17,17
266,10,3,0.1484375,0.0390625,1,0,17,17
267,11,3,0.1640625,0.0390625,1,0,20,20
268,12,3,0.1796875,0.0390625,1,0,23,23
269,13,3,0.1953125,0.0390625,1,0,21,21
270,14,3,0.2109375,0.0390625,1,0,12,12
271,15,3,0.2265625,0.0390625,1,0,20,20
272,16,3,0.2421875,0.0390625,1,0,30,30
273,17,3,0.2578125,0.0390625,1,0,25,25
274,18,3,0.2734375,0.0390625,1,0,11,11
275,19,3,0.2890625,0.0390625,1,0,15,15
276,20,3,0.3046875,0.0390625,1,0,10,10
277,21,3,0.3203125,0.0390625,1,0,22,22
278,22,3,0.3359375,0.0390625,1,0,20,20
279,23,3,0.3515625,0.0390625,1,0,30,30
280,24,3,0.3671875,0.0390625,1,0,22,22
281,25,3,0.3828125,0.0390625,1,0,26,26
282,26,3,0.3984375,0.0390625,1,0,15,15
283,27,3,0.4140625,0.0390625,1,0,23,23
284,28,3,0.4296875,0.0390625,1,0,9,9
285,29,3,0.4453125,0.0390625,1,0,13,13
286,30,3,0.4609375,0.0390625,1,0,10,10
287,31,3,0.4765625,0.0390625,1,0,26,26
288,32,3,0.4921875,0.0390625,1,0,9,9
289,33,3,0.5078125,0.0390625,1,0,22,22
290,34,3,0.5234375,0.0390625,1,0,10,10
291,35,3,0.5390625,0.0390625,1,0,16,16
292,36,3,0.5546875,0.0390625,1,0,14,14
293,37,3,0.5703125,0.0390625,1,0,18,18
294,38,3,0.5859375,0.0390625,1,0,28,28
295,39,3,0.6015625,0.0390625,1,0,23,23
296,40,3,0.6171875,0.0390625,1,0,31,31
297,41,3,0.6328125,0.0390625,1,0,24,24
298,42,3,0.6484375,0.0390625,1,0,17,17
299,43,3,0.6640625,0.0390625,1,0,31,31
300,44,3,0.6796875,0.0390625,1,0,16,16
301,45,3,0.6953125,0.0390625,1,0,25,25
302,46,3,0.7109375,0.0390625,1,0,20,20
303,47,3,0.7265625,0.0390625,1,0,16,16
304,48,3,0.7421875,0.0390625,1,0,7,7
305,49,3,0.7578125,0.0390625,1,0,25,25
306,50,3,0.7734375,0.0390625,1,0,13,13
307,51,3,0.7890625,0.0390625,1,0,22,22
308,52,3,0.8046875,0.0390625,1,0,18,18
309,53,3,0.8203125,0.0390625,1,0,21,21
310,54,3,0.8359375,0.0390625,1,0,10,10
311,55,3,0.8515625,0.0390625,1,0,24,24
312,56,3,0.8671875,0.0390625,1,0,9,9
313,57,3,0.8828125,0.0390625,1,0,18,18
314,58,3,0.8984375,0.0390625,1,0,14,14
315,59,3,0.9140625,0.0390625,1,0,17,17
316,60,3,0.9296875,0.0390625,1,0,16,16
317,61,3,0.9453125,0.0390625,1,0,18,18
318,62,3,0.9609375,0.0390625,1,0,28,28
319,63,3,0.9765625,0.0390625,1,0,21,21
320,64,3,0.9921875,0.0390625,1,0,20,20
321,65,3,1.0078125,0.0390625,1,0,21,21
322,66,3,1.0234375,0.0390625,1,0,15,15
323,67,3,1.0390625,0.0390625,1,0,16,16
324,68,3,1.0546875,0.0390625,1,0,19,19
325,69,3,1.0703125,0.0390625,1,0,19,19
326,70,3,1.0859375,0.0390625,1,0,20,20
327,71,3,1.1015625,0.0390625,1,0,19,19
328,72,3,1.1171875,0.0390625,1,0,8,8
329,73,3,1.1328125,0.0390625,1,0,26,26
330,74,3,1.1484375,0.0390625,1,0,14,14
331,75,3,1.1640625,0.0390625,1,0,16,16
332,76,3,1.1796875,0.0390625,1,0,18,18
333,77,3,1.1953125,0.0390625,1,0,21,21
334,78,3,1.2109375,0.0390625,1,0,14,14
335,79,3,1.2265625,0.0390625,1,0,13,13
336,80,3,1.2421875,0.0390625,1,0,32,32
337,81,3,1.2578125,0.0390625,1,0,25,25
338,82,3,1.2734375,0.0390625,1,0,24,24
339,83,3,1.2890625,0.0390625,1,0,13,13
340,84,3,1.3046875,0.0390625,1,0,25,25
341,85,3,1.3203125,0.0390625,1,0,20,20
342,86,3,1.3359375,0.0390625,1,0,15,15
343,87,3,1.3515625,0.0390625,1,0,21,21
344,88,3,1.3671875,0.0390625,1,0,17,17
345,89,3,1.3828125,0.0390625,1,0,20,20
346,90,3,1.3984375,0.0390625,1,0,25,25
347,91,3,1.4140625,0.0390625,1,0,10,10
348,92,3,1.4296875,0.0390625,1,0,17,17
349,93,3,1.4453125,0.0390625,1,0,9,9
350,94,3,1.4609375,0.0390625,1,0,19,19
351,95,3,1.4765625,0.0390625,1,0,22,22
352,96,3,1.4921875,0.0390625,1,0,27,27
353,97,3,1.5078125,0.0390625,1,0,20,20
354,98,3,1.5234375,0.0390625,1,0,27,27
355,99,3,1.5390625,0.0390625,1,0,19,19
356,100,3,1.5546875,0.0390625,1,0,16,16
357,101,3,1.5703125,0.0390625,1,0,24,24
358,102,3,1.5859375,0.0390625,1,0,31,31
359,103,3,1.6015625,0.0390625,1,0,18,18
360,104,3,1.6171875,0.0390625,1,0,30,30
361,105,3,1.6328125,0.0390625,1,0,24,24
362,106,3,1.6484375,0.0390625,1,0,32,32
363,107,3,1.6640625,0.0390625,1,0,23,23
364,108,3,1.6796875,0.0390625,1,0,24,24
365,109,3,1.6953125,0.0390625,1,0,16,16
366,110,3,1.7109375,0.0390625,1,0,22,22
367,111,3,1.7265625,0.0390625,1,0,16,16
368,112,3,1.7421875,0.0390625,1,0,25,25
369,113,3,1.7578125,0.0390625,1,0,20,20
370,114,3,1.7734375,0.0390625,1,0,18,18
371,115,3,1.7890625,0.0390625,1,0,7,7
372,116,3,1.8046875,0.0390625,1,0,15,15
373,117,3,1.8203125,0.0390625,1,0,25,25
374,118,3,1.8359375,0.0390625,1,0,19,19
375,119,3,1.8515625,0.0390625,1,0,21,21
376,120,3,1.8671875,0.0390625,1,0,19,19
377,121,3,1.8828125,0.0390625,1,0,21,21
378,122,3,1.8984375,0.0390625,1,0,17,17
379,123,3,1.9140625,0.0390625,1,0,27,27
380,124,3,1.9296875,0.0390625,1,0,18,18
381,125,3,1.9453125,0.0390625,1,0,18,18
382,126,3,1.9609375,0.0390625,1,0,20,20
383,127,3,1.9765625,0.0390625,1,0,15,15
384,128,3,1.9921875,0.0390625,1,0,18,18
385,1,4,0.0078125,0.0546875,1,0,31,31
386,2,4,0.0234375,0.0546875,1,0,20,20
387,3,4,0.0390625,0.0546875,1,0,23,23
388,4,4,0.0546875,0.0546875,1,0,8,8
389,5,4,0.0703125,0.0546875,1,0,28,28
390,6,4,0.0859375,0.0546875,1,0,28,28
391,7,4,0.1015625,0.0546875,1,0,12,12
392,8,4,0.1171875,0.0546875,1,0,33,33
393,9,4,0.1328125,0.0546875,1,0,12,12
394,10,4,0.1484375,0.0546875,1,0,25,25
395,11,4,0.1640625,0.0546875,1,0,19,19
396,12,4,0.1796875,0.0546875,1,0,31,31
397,13,4,0.1953125,0.0546875,1,0,26,26
398,14,4,0.2109375,0.0546875,1,0,13,13
399,15,4,0.2265625,0.0546875,1,0,27,27
400,16,4,0.2421875,0.0546875,1,0,22,22
401,17,4,0.2578125,0.0546875,1,0,19,19
402,18,4,0.2734375,0.0546875,1,0,23,23
403,19,4,0.2890625,0.0546875,1,0,11,11
404,20,4,0.3046875,0.0546875,1,0,19,19
405,21,4,0.3203125,0.0546875,1,0,20,20
406,22,4,0.3359375,0.0546875,1,0,18,18
407,23,4,0.3515625,0.0546875,1,0,16,16
408,24,4,0.3671875,0.0546875,1,0,7,7
409,25,4,0.3828125,0.0546875,1,0,26,26
410,26,4,0.3984375,0.0546875,1,0,23,23
411,27,4,0.4140625,0.0546875,1,0,16,16
412,28,4,0.4296875,0.0546875,1,0,19,19
413,29,4,0.4453125,0.0546875,1,0,19,19
414,30,4,0.4609375,0.0546875,1,0,19,19
415,31,4,0.4765625,0.0546875,1,0,18,18
416,32,4,0.4921875,0.0546875,1,0,26,26
417,33,4,0.5078125,0.0546875,1,0,25,25
418,34,4,0.5234375,0.0546875,1,0,26,26
419,35,4,0.5390625,0.0546875,1,0,16,16
420,36,4,0.5546875,0.0546875,1,0,22,22
421,37,4,0.5703125,0.0546875,1,0,30,30
422,38,4,0.5859375,0.0546875,1,0,21,21
423,39,4,0.6015625,0.0546875,1,0,20,20
424,40,4,0.6171875,0.0546875,1,0,15,15
425,41,4,0.6328125,0.0546875,1,0,29,29
426,42,4,0.6484375,0.0546875,1,0,26,26
427,43,4,0.6640625,0.0546875,1,0,27,27
428,44,4,0.6796875,0.0546875,1,0,16,16
429,45,4,0.6953125,0.0546875,1,0,20,20
430,46,4,0.7109375,0.0546875,1,0,20,20
431,47,4,0.7265625,0.0546875,1,0,18,18
432,48,4,0.7421875,0.0546875,1,0,17,17
433,49,4,0.7578125,0.0546875,1,0,13,13
434,50,4,0.7734375,0.0546875,1,0,29,29
435,51,4,0.7890625,0.0546875,1,0,11,11
436,52,4,0.8046875,0.0546875,1,0,27,27
437,53,4,0.8203125,0.0546875,1,0,8,8
438,54,4,0.8359375,0.0546875,1,0,16,16
439,55,4,0.8515625,0.0546875,1,0,18,18
440,56,4,0.8671875,0.0546875,1,0,15,15
441,57,4,0.8828125,0.0546875,1,0,14,14
442,58,4,0.8984375,0.0546875,1,0,29,29
443,59,4,0.9140625,0.0546875,1,0,14,14
444,60,4,0.9296875,0.0546875,1,0,18,18
445,61,4,0.9453125,0.0546875,1,0,21,21
446,62,4,0.9609375,0.0546875,1,0,19,19
447,63,4,0.9765625,0.0546875,1,0,11,11
448,64,4,0.9921875,0.0546875,1,0,21,21
449,65,4,1.0078125,0.0546875,1,0,27,27
450,66,4,1.0234375,0.0546875,1,0,15,15
451,67,4,1.0390625,0.0546875,1,0,20,20
452,68,4,1.0546875,0.0546875,1,0,35,35
453,69,4,1.0703125,0.0546875,1,0,16,16
454,70,4,1.0859375,0.0546875,1,0,21,21
455,71,4,1.1015625,0.0546875,1,0,8,8
456,72,4,1.1171875,0.0546875,1,0,15,15
457,73,4,1.1328125,0.0546875,1,0,29,29
458,74,4,1.1484375,0.0546875,1,0,10,10
459,75,4,1.1640625,0.0546875,1,0,24,24
460,76,4,1.1796875,0.0546875,1,0,26,26
461,77,4,1.1953125,0.0546875,1,0,11,11
462,78,4,1.2109375,0.0546875,1,0,17,17
463,79,4,1.2265625,0.0546875,1,0,35,35
464,80,4,1.2421875,0.0546875,1,0,22,22
465,81,4,1.2578125,0.0546875,1,0,22,22
466,82,4,1.2734375,0.0546875,1,0,22,22
467,83,4,1.2890625,0.0546875,1,0,25,25
468,84,4,1.3046875,0.0546875,1,0,21,21
469,85,4,1.3203125,0.0546875,1,0,27,27
470,86,4,1.3359375,0.0546875,1,0,24,24
471,87,4,1.3515625,0.0546875,1,0,4,4
472,88,4,1.3671875,0.0546875,1,0,20,20
473,89,4,1.3828125,0.0546875,1,0,12,12
474,90,4,1.3984375,0.0546875,1,0,28,28
475,91,4,1.4140625,0.0546875,1,0,17,17
476,92,4,1.4296875,0.0546875,1,0,19,19
477,93,4,1.4453125,0.0546875,1,0,14,14
478,94,4,1.4609375,0.0546875,1,0,14,14
479,95,4,1.4765625,0.0546875,1,0,8,8
480,96,4,1.4921875,0.0546875,1,0,23,23
481,97,4,1.5078125,0.0546875,1,0,20,20
482,98,4,1.5234375,0.0546875,1,0,11,11
483,99,4,1.5390625,0.0546875,1,0,21,21
484,100,4,1.5546875,0.0546875,1,0,16,16
485,101,4,1.5703125,0.0546875,1,0,20,20
486,102,4,1.5859375,0.0546875,1,0,17,17
487,103,4,1.6015625,0.0546875,1,0,16,16
488,104,4,1.6171875,0.0546875,1,0,14,14
489,105,4,1.6328125,0.0546875,1,0,23,23
490,106,4,1.6484375,0.0546875,1,0,24,24
491,107,4,1.6640625,0.0546875,1,0,25,25
492,108,4,1.6796875,0.0546875,1,0,17,17
493,109,4,1.6953125,0.0546875,1,0,26,26
494,110,4,1.7109375,0.0546875,1,0,16,16
495,111,4,1.7265625,0.0546875,1,0,20,20
496,112,4,1.7421875,0.0546875,1,0,21,21
497,113,4,1.7578125,0.0546875,1,0,23,23
498,114,4,1.7734375,0.0546875,1,0,20,20
499,115,4,1.7890625,0.0546875,1,0,26,26
500,116,4,1.8046875,0.0546875,1,0,15,15
501,117,4,1.8203125,0.0546875,1,0,20,20
502,118,4,1.8359375,0.0546875,1,0,25,25
503,119,4,1.8515625,0.0546875,1,0,20,20
504,120,4,1.8671875,0.0546875,1,0,20,20
505,121,4,1.8828125,0.0546875,1,0,18,18
506,122,4,1.8984375,0.0546875,1,0,20,20
507,123,4,1.9140625,0.0546875,1,0,22,22
508,124,4,1.9296875,0.0546875,1,0,23,23
509,125,4,1.9453125,0.0546875,1,0,4,4
510,126,4,1.9609375,0.0546875,1,0,13,13
511,127,4,1.9765625,0.0546875,1,0,21,21
512,128,4,1.9921875,0.0546875,1,0,16,16
513,1,5,0.0078125,0.0703125,1,0,4,4
514,2,5,0.0234375,0.0703125,1,0,15,15
515,3,5,0.0390625,0.0703125,1,0,23,23
516,4,5,0.0546875,0.0703125,1,0,14,14
517,5,5,0.0703125,0.0703125,1,0,25,25
518,6,5,0.0859375,0.0703125,1,0,18,18
519,7,5,0.1015625,0.0703125,1,0,11,11
520,8,5,0.1171875,0.0703125,1,0,21,21
521,9,5,0.1328125,0.0703125,1,0,18,18
522,10,5,0.1484375,0.0703125,1,0,15,15
523,11,5,0.1640625,0.0703125,1,0,20,20
524,12,5,0.1796875,0.0703125,1,0,32,32
525,13,5,0.1953125,0.0703125,1,0,14,14
526,14,5,0.2109375,0.0703125,1,0,4,4
527,15,5,0.2265625,0.0703125,1,0,18,18
528,16,5,0.2421875,0.0703125,1,0,14,14
529,17,5,0.2578125,0.0703125,1,0,15,15
530,18,5,0.2734375,0.0703125,1,0,27,27
531,19,5,0.2890625,0.0703125,1,0,24,24
532,20,5,0.3046875,0.0703125,1,0,22,22
533,21,5,0.3203125,0.0703125,1,0,27,27
534,22,5,0.3359375,0.0703125,1,0,22,22
535,23,5,0.3515625,0.0703125,1,0,14,14
536,24,5,0.3671875,0.0703125,1,0,28,28
537,25,5,0.3828125,0.0703125,1,0,17,17
538,26,5,0.3984375,0.0703125,1,0,15,15
539,27,5,0.4140625,0.0703125,1,0,13,13
540,28,5,0.4296875,0.0703125,1,0,24,24
541,29,5,0.4453125,0.0703125,1,0,24,24
542,30,5,0.4609375,0.0703125,1,0,19,19
543,31,5,0.4765625,0.0703125,1,0,11,11
544,32,5,0.4921875,0.0703125,1,0,17,17
545,33,5,0.5078125,0.0703125,1,0,20,20
546,34,5,0.5234375,0.0703125,1,0,25,25
547,35,5,0.5390625,0.0703125,1,0,27,27
548,36,5,0.5546875,0.0703125,1,0,26,26
549,37,5,0.5703125,0.0703125,1,0,14,14
550,38,5,0.5859375,0.0703125,1,0,19,19
551,39,5,0.6015625,0.0703125,1,0,18,18
552,40,5,0.6171875,0.0703125,1,0,28,28
553,41,5,0.6328125,0.0703125,1,0,19,19
554,42,5,0.6484375,0.0703125,1,0,36,36
555,43,5,0.6640625,0.0703125,1,0,22,22
556,44,5,0.6796875,0.0703125,1,0,24,24
557,45,5,0.6953125,0.0703125,1,0,19,19
558,46,5,0.7109375,0.0703125,1,0,18,18
559,47,5,0.7265625,0.0703125,1,0,15,15
560,48,5,0.7421875,0.0703125,1,0,17,17
561,49,5,0.7578125,0.0703125,1,0,24,24
562,50,5,0.7734375,0.0703125,1,0,12,12
563,51,5,0.7890625,0.0703125,1,0,12,12
564,52,5,0.8046875,0.0703125,1,0,28,28
565,53,5,0.8203125,0.0703125,1,0,15,15
566,54,5,0.8359375,0.0703125,1,0,30,30
567,55,5,0.8515625,0.0703125,1,0,26,26
568,56,5,0.8671875,0.0703125,1,0,15,15
569,57,5,0.8828125,0.0703125,1,0,9,9
570,58,5,0.8984375,0.0703125,1,0,17,17
571,59,5,0.9140625,0.0703125,1,0,20,20
572,60,5,0.9296875,0.0703125,1,0,23,23
573,61,5,0.9453125,0.0703125,1,0,12,12
574,62,5,0.9609375,0.0703125,1,0,28,28
575,63,5,0.9765625,0.0703125,1,0,19,19
576,64,5,0.9921875,0.0703125,1,0,20,20
577,65,5,1.0078125,0.0703125,1,0,20,20
578,66,5,1.0234375,0.0703125,1,0,27,27
579,67,5,1.0390625,0.0703125,1,0,22,22
580,68,5,1.0546875,0.0703125,1,0,17,17
581,69,5,1.0703125,0.0703125,1,0,36,36
582,70,5,1.0859375,0.0703125,1,0,24,24
583,71,5,1.1015625,0.0703125,1,0,25,25
584,72,5,1.1171875,0.0703125,1,0,9,9
585,73,5,1.1328125,0.0703125,1,0,27,27
586,74,5,1.1484375,0.0703125,1,0,29,29
587,75,5,1.1640625,0.0703125,1,0,15,15
588,76,5,1.1796875,0.0703125,1,0,27,27
589,77,5,1.1953125,0.0703125,1,0,22,22
590,78,5,1.2109375,0.0703125,1,0,22,22
591,79,5,1.2265625,0.0703125,1,0,16,16
592,80,5,1.2421875,0.0703125,1,0,15,15
593,81,5,1.2578125,0.0703125,1,0,23,23
594,82,5,1.2734375,0.0703125,1,0,19,19
595,83,5,1.2890625,0.0703125,1,0,19,19
596,84,5,1.3046875,0.0703125,1,0,29,29
597,85,5,1.3203125,0.0703125,1,0,22,22
598,86,5,1.3359375,0.0703125,1,0,24,24
599,87,5,1.3515625,0.0703125,1,0,19,19
600,88,5,1.3671875,0.0703125,1,0,23,23
601,89,5,1.3828125,0.0703125,1,0,22,22
602,90,5,1.3984375,0.0703125,1,0,16,16
603,91,5,1.4140625,0.0703125,1,0,25,25
604,92,5,1.4296875,0.0703125,1,0,27,27
605,93,5,1.4453125,0.0703125,1,0,4,4
606,94,5,1.4609375,0.0703125,1,0,13,13
607,95,5,1.4765625,0.0703125,1,0,6,6
608,96,5,1.4921875,0.0703125,1,0,26,26
609,97,5,1.5078125,0.0703125,1,0,11,11
610,98,5,1.5234375,0.0703125,1,0,14,14
611,99,5,1.5390625,0.0703125,1,0,20,20
612,100,5,1.5546875,0.0703125,1,0,13,13
613,101,5,1.5703125,0.0703125,1,0,33,33
614,102,5,1.5859375,0.0703125,1,0,31,31
615,103,5,1.6015625,0.0703125,1,0,12,12
616,104,5,1.6171875,0.0703125,1,0,21,21
617,105,5,1.6328125,0.0703125,1,0,17,17
618,106,5,1.6484375,0.0703125,1,0,14,14
619,107,5,1.6640625,0.0703125,1,0,36,36
620,108,5,1.6796875,0.0703125,1,0,14,14
621,109,5,1.6953125,0.0703125,1,0,20,20
622,110,5,1.7109375,0.0703125,1,0,15,15
623,111,5,1.7265625,0.0703125,1,0,32,32
624,112,5,1.7421875,0.0703125,1,0,18,18
625,113,5,1.7578125,0.0703125,1,0,21,21
626,114,5,1.7734375,0.0703125,1,0,34,34
627,115,5,1.7890625,0.0703125,1,0,23,23
628,116,5,1.8046875,0.0703125,1,0,28,28
629,117,5,1.8203125,0.0703125,1,0,10,10
630,118,5,1.8359375,0.0703125,1,0,22,22
631,119,5,1.8515625,0.0703125,1,0,14,14
632,120,5,1.8671875,0.0703125,1,0,6,6
633,121,5,1.8828125,0.0703125,1,0,13,13
634,122,5,1.8984375,0.0703125,1,0,27,27
635,123,5,1.9140625,0.0703125,1,0,15,15
636,124,5,1.9296875,0.0703125,1,0,13,13
637,125,5,1.9453125,0.0703125,1,0,26,26
638,126,5,1.9609375,0.0703125,1,0,20,20
639,127,5,1.9765625,0.0703125,1,0,20,20
640,128,5,1.9921875,0.0703125,1,0,25,25
641,1,6,0.0078125,0.0859375,1,0,23,23
642,2,6,0.0234375,0.0859375,1,0,21,21
643,3,6,0.0390625,0.0859375,1,0,15,15
644,4,6,0.0546875,0.0859375,1,0,10,10
645,5,6,0.0703125,0.0859375,1,0,19,19
646,6,6,0.0859375,0.0859375,1,0,25,25
647,7,6,0.1015625,0.0859375,1,0,16,16
648,8,6,0.1171875,0.0859375,1,0,19,19
649,9,6,0.1328125,0.0859375,1,0,17,17
650,10,6,0.1484375,0.0859375,1,0,21,21
651,11,6,0.1640625,0.0859375,1,0,22,22
652,12,6,0.1796875,0.0859375,1,0,9,9
653,13,6,0.1953125,0.0859375,1,0,26,26
654,14,6,0.2109375,0.0859375,1,0,23,23
655,15,6,0.2265625,0.0859375,1,0,23,23
656,16,6,0.2421875,0.0859375,1,0,18,18
657,17,6,0.2578125,0.0859375,1,0,21,21
658,18,6,0.2734375,0.0859375,1,0,23,23
659,19,6,0.2890625,0.0859375,1,0,18,18
660,20,6,0.3046875,0.0859375,1,0,13,13
661,21,6,0.3203125,0.0859375,1,0,17,17
662,22,6,0.3359375,0.0859375,1,0,13,13
663,23,6,0.3515625,0.0859375,1,0,25,25
664,24,6,0.3671875,0.0859375,1,0,4,4
665,25,6,0.3828125,0.0859375,1,0,27,27
666,26,6,0.3984375,0.0859375,1,0,23,23
667,27,6,0.4140625,0.0859375,1,0,14,14
668,28,6,0.4296875,0.0859375,1,0,13,13
669,29,6,0.4453125,0.0859375,1,0,9,9
670,30,6,0.4609375,0.0859375,1,0,27,27
671,31,6,0.4765625,0.0859375,1,0,17,17
672,32,6,0.4921875,0.0859375,1,0,25,25
673,33,6,0.5078125,0.0859375,1,0,17,17
674,34,6,0.5234375,0.0859375,1,0,9,9
675,35,6,0.5390625,0.0859375,1,0,27,27
676,36,6,0.5546875,0.0859375,1,0,20,20
677,37,6,0.5703125,0.0859375,1,0,25,25
678,38,6,0.5859375,0.0859375,1,0,10,10
679,39,6,0.6015625,0.0859375,1,0,24,24
680,40,6,0.6171875,0.0859375,1,0,20,20
681,41,6,0.6328125,0.0859375,1,0,16,16
682,42,6,0.6484375,0.0859375,1,0,18,18
683,43,6,0.6640625,0.0859375,1,0,17,17
684,44,6,0.6796875,0.0859375,1,0,13,13
685,45,6,0.6953125,0.0859375,1,0,12,12
686,46,6,0.7109375,0.0859375,1,0,23,23
687,47,6,0.7265625,0.0859375,1,0,23,23
688,48,6,0.7421875,0.0859375,1,0,14,14
689,49,6,0.7578125,0.0859375,1,0,22,22
690,50,6,0.7734375,0.0859375,1,0,17,17
691,51,6,0.7890625,0.0859375,1,0,18,18
692,52,6,0.8046875,0.0859375,1,0,20,20
693,53,6,0.8203125,0.0859375,1,0,20,20
694,54,6,0.8359375,0.0859375,1,0,16,16
695,55,6,0.8515625,0.0859375,1,0,16,16
696,56,6,0.8671875,0.0859375,1,0,21,21
697,57,6,0.8828125,0.0859375,1,0,21,21
698,58,6,0.8984375,0.0859375,1,0,25,25
699,59,6,0.9140625,0.0859375,1,0,26,26
700,60,6,0.9296875,0.0859375,1,0,18,18
701,61,6,0.9453125,0.0859375,1,0,18,18
702,62,6,0.9609375,0.0859375,1,0,17,17
703,63,6,0.9765625,0.0859375,1,0,15,15
704,64,6,0.9921875,0.0859375,1,0,8,8
705,65,6,1.0078125,0.0859375,1,0,14,14
706,66,6,1.0234375,0.0859375,1,0,17,17
707,67,6,1.0390625,0.0859375,1,0,28,28
708,68,6,1.0546875,0.0859375,1,0,22,22
709,69,6,1.0703125,0.0859375,1,0,21,21
710,70,6,1.0859375,0.0859375,1,0,23,23
711,71,6,1.1015625,0.0859375,1,0,16,16
712,72,6,1.1171875,0.0859375,1,0,24,24
713,73,6,1.1328125,0.0859375,1,0,12,12
714,74,6,1.1484375,0.0859375,1,0,17,17
715,75,6,1.1640625,0.0859375,1,0,13,13
716,76,6,1.1796875,0.0859375,1,0,24,24
717,77,6,1.1953125,0.0859375,1,0,17,17
718,78,6,1.2109375,0.0859375,1,0,16,16
719,79,6,1.2265625,0.0859375,1,0,15,15
720,80,6,1.2421875,0.0859375,1,0,17,17
721,81,6,1.2578125,0.0859375,1,0,16,16
722,82,6,1.2734375,0.0859375,1,0,33,33
723,83,6,1.2890625,0.0859375,1,0,21,21
724,84,6,1.3046875,0.0859375,1,0,10,10
725,85,6,1.3203125,0.0859375,1,0,26,26
726,86,6,1.3359375,0.0859375,1,0,17,17
727,87,6,1.3515625,0.0859375,1,0,26,26
728,88,6,1.3671875,0.0859375,1,0,20,20
729,89,6,1.3828125,0.0859375,1,0,16,16
730,90,6,1.3984375,0.0859375,1,0,22,22
731,91,6,1.4140625,0.0859375,1,0,11,11
732,92,6,1.4296875,0.0859375,1,0,15,15
733,93,6,1.4453125,0.0859375,1,0,19,19
734,94,6,1.4609375,0.0859375,1,0,19,19
735,95,6,1.4765625,0.0859375,1,0,16,16
736,96,6,1.4921875,0.0859375,1,0,27,27
737,97,6,1.5078125,0.0859375,1,0,24,24
738,98,6,1.5234375,0.0859375,1,0,21,21
739,99,6,1.5390625,0.0859375,1,0,20,20
740,100,6,1.5546875,0.0859375,1,0,13,13
741,101,6,1.5703125,0.0859375,1,0,13,13
742,102,6,1.5859375,0.0859375,1,0,28,28
743,103,6,1.6015625,0.0859375,1,0,25,25
744,104,6,1.6171875,0.0859375,1,0,27,27
745,105,6,1.6328125,0.0859375,1,0,22,22
746,106,6,1.6484375,0.0859375,1,0,22,22
747,107,6,1.6640625,0.0859375,1,0,23,23
748,108,6,1.6796875,0.0859375,1,0,11,11
749,109,6,1.6953125,0.0859375,1,0,9,9
750,110,6,1.7109375,0.0859375,1,0,19,19
751,111,6,1.7265625,0.0859375,1,0,17,17
752,112,6,1.7421875,0.0859375,1,0,9,9
753,113,6,1.7578125,0.0859375,1,0,20,20
754,114,6,1.7734375,0.0859375,1,0,29,29
755,115,6,1.7890625,0.0859375,1,0,19,19
756,116,6,1.8046875,0.0859375,1,0,21,21
757,117,6,1.8203125,0.0859375,1,0,13,13
758,118,6,1.8359375,0.0859375,1,0,17,17
759,119,6,1.8515625,0.0859375,1,0,15,15
760,120,6,1.8671875,0.0859375,1,0,23,23
761,121,6,1.8828125,0.0859375,1,0,14,14
762,122,6,1.8984375,0.0859375,1,0,11,11
763,123,6,1.9140625,0.0859375,1,0,21,21
764,124,6,1.9296875,0.0859375,1,0,22,22
765,125,6,1.9453125,0.0859375,1,0,15,15
766,126,6,1.9609375,0.0859375,1,0,18,18
767,127,6,1.9765625,0.0859375,1,0,9,9
768,128,6,1.9921875,0.0859375,1,0,22,22
769,1,7,0.0078125,0.1015625,1,0,14,14
770,2,7,0.0234375,0.1015625,1,0,18,18
771,3,7,0.0390625,0.1015625,1,0,18,18
772,4,7,0.0546875,0.1015625,1,0,12,12
773,5,7,0.0703125,0.1015625,1,0,18,18
774,6,7,0.0859375,0.1015625,1,0,30,30
775,7,7,0.1015625,0.1015625,1,0,15,15
776,8,7,0.1171875,0.1015625,1,0,20,20
777,9,7,0.1328125,0.1015625,1,0,13,13
778,10,7,0.1484375,0.1015625,1,0,25,25
779,11,7,0.1640625,0.1015625,1,0,19,19
780,12,7,0.1796875,0.1015625,1,0,18,18
781,13,7,0.1953125,0.1015625,1,0,12,12
782,14,7,0.2109375,0.1015625,1,0,27,27
783,15,7,0.2265625,0.1015625,1,0,8,8
784,16,7,0.2421875,0.1015625,1,0,22,22
785,17,7,0.2578125,0.1015625,1,0,21,21
786,18,7,0.2734375,0.1015625,1,0,25,25
787,19,7,0.2890625,0.1015625,1,0,27,27
788,20,7,0.3046875,0.1015625,1,0,14,14
789,21,7,0.3203125,0.1015625,1,0,17,17
790,22,7,0.3359375,0.1015625,1,0,19,19
791,23,7,0.3515625,0.1015625,1,0,20,20
792,24,7,0.3671875,0.1015625,1,0,23,23
793,25,7,0.3828125,0.1015625,1,0,25,25
794,26,7,0.3984375,0.1015625,1,0,25,25
795,27,7,0.4140625,0.1015625,1,0,16,16
796,28,7,0.4296875,0.1015625,1,0,20,20
797,29,7,0.4453125,0.1015625,1,0,22,22
798,30,7,0.4609375,0.1015625,1,0,22,22
799,31,7,0.4765625,0.1015625,1,0,16,16
800,32,7,0.4921875,0.1015625,1,0,11,11
801,33,7,0.5078125,0.1015625,1,0,19,19
802,34,7,0.5234375,0.1015625,1,0,22,22
803,35,7,0.5390625,0.1015625,1,0,26,26
804,36,7,0.5546875,0.1015625,1,0,20,20
805,37,7,0.5703125,0.1015625,1,0,21,21
806,38,7,0.5859375,0.1015625,1,0,33,33
807,39,7,0.6015625,0.1015625,1,0,15,15
808,40,7,0.6171875,0.1015625,1,0,17,17
809,41,7,0.6328125,0.1015625,1,0,24,24
810,42,7,0.6484375,0.1015625,1,0,18,18
811,43,7,0.6640625,0.1015625,1,0,22,22
812,44,7,0.6796875,0.1015625,1,0,18,18
813,45,7,0.6953125,0.1015625,1,0,12,12
814,46,7,0.7109375,0.1015625,1,0,17,17
815,47,7,0.7265625,0.1015625,1,0,26,26
816,48,7,0.7421875,0.1015625,1,0,17,17
817,49,7,0.7578125,0.1015625,1,0,27,27
818,50,7,0.7734375,0.1015625,1,0,23,23
819,51,7,0.7890625,0.1015625,1,0,9,9
820,52,7,0.8046875,0.1015625,1,0,17,17
821,53,7,0.8203125,0.1015625,1,0,10,10
822,54,7,0.8359375,0.1015625,1,0,25,25
823,55,7,0.8515625,0.1015625,1,0,21,21
824,56,7,0.8671875,0.1015625,1,0,19,19
825,57,7,0.8828125,0.1015625,1,0,19,19
826,58,7,0.8984375,0.1015625,1,0,19,19
827,59,7,0.9140625,0.1015625,1,0,27,27
828,60,7,0.9296875,0.1015625,1,0,26,26
829,61,7,0.9453125,0.1015625,1,0,15,15
830,62,7,0.9609375,0.1015625,1,0,26,26
831,63,7,0.9765625,0.1015625,1,0,19,19
832,64,7,0.9921875,0.1015625,1,0,21,21
833,65,7,1.0078125,0.1015625,1,0,19,19
834,66,7,1.0234375,0.1015625,1,0,27,27
835,67,7,1.0390625,0.1015625,1,0,32,32
836,68,7,1.0546875,0.1015625,1,0,26,26
837,69,7,1.0703125,0.1015625,1,0,23,23
838,70,7,1.0859375,0.1015625,1,0,13,13
839,71,7,1.1015625,0.1015625,1,0,29,29
840,72,7,1.1171875,0.1015625,1,0,14,14
841,73,7,1.1328125,0.1015625,1,0,18,18
842,74,7,1.1484375,0.1015625,1,0,20,20
843,75,7,1.1640625,0.1015625,1,0,21,21
844,76,7,1.1796875,0.1015625,1,0,30,30
845,77,7,1.1953125,0.1015625,1,0,19,19
846,78,7,1.2109375,0.1015625,1,0,15,15
847,79,7,1.2265625,0.1015625,1,0,22,22
848,80,7,1.2421875,0.1015625,1,0,20,20
849,81,7,1.2578125,0.1015625,1,0,23,23
850,82,7,1.2734375,0.1015625,1,0,26,26
851,83,7,1.2890625,0.1015625,1,0,18,18
852,84,7,1.3046875,0.1015625,1,0,24,24
853,85,7,1.3203125,0.1015625,1,0,18,18
854,86,7,1.3359375,0.1015625,1,0,25,25
855,87,7,1.3515625,0.1015625,1,0,25,25
856,88,7,1.3671875,0.1015625,1,0,7,7
857,89,7,1.3828125,0.1015625,1,0,15,15
858,90,7,1.3984375,0.1015625,1,0,15,15
859,91,7,1.4140625,0.1015625,1,0,26,26
860,92,7,1.4296875,0.1015625,1,0,15,15
861,93,7,1.4453125,0.1015625,1,0,10,10
862,94,7,1.4609375,0.1015625,1,0,20,20
863,95,7,1.4765625,0.1015625,1,0,18,18
864,96,7,1.4921875,0.1015625,1,0,27,27
865,97,7,1.5078125,0.1015625,1,0,24,24
866,98,7,1.5234375,0.1015625,1,0,18,18
867,99,7,1.5390625,0.1015625,1,0,10,10
868,100,7,1.5546875,0.1015625,1,0,18,18
869,101,7,1.5703125,0.1015625,1,0,21,21
870,102,7,1.5859375,0.1015625,1,0,23,23
871,103,7,1.6015625,0.1015625,1,0,15,15
872,104,7,1.6171875,0.1015625,1,0,29,29
873,105,7,1.6328125,0.1015625,1,0,16,16
874,106,7,1.6484375,0.1015625,1,0,22,22
875,107,7,1.6640625,0.1015625,1,0,25,25
876,108,7,1.6796875,0.1015625,1,0,21,21
877,109,7,1.6953125,0.1015625,1,0,14,14
878,110,7,1.7109375,0.1015625,1,0,19,19
879,111,7,1.7265625,0.1015625,1,0,17,17
880,112,7,1.7421875,0.1015625,1,0,27,27
881,113,7,1.7578125,0.1015625,1,0,11,11
882,114,7,1.7734375,0.1015625,1,0,29,29
883,115,7,1.7890625,0.1015625,1,0,17,17
884,116,7,1.8046875,0.1015625,1,0,29,29
885,117,7,1.8203125,0.1015625,1,0,22,22
886,118,7,1.8359375,0.1015625,1,0,36,36
887,119,7,1.8515625,0.1015625,1,0,13,13
888,120,7,1.8671875,0.1015625,1,0,23,23
889,121,7,1.8828125,0.1015625,1,0,17,17
890,122,7,1.8984375,0.1015625,1,0,20,20
891,123,7,1.9140625,0.1015625,1,0,17,17
892,124,7,1.9296875,0.1015625,1,0,17,17
893,125,7,1.9453125,0.1015625,1,0,27,27
894,126,7,1.9609375,0.1015625,1,0,18,18
895,127,7,1.9765625,0.1015625,1,0,17,17
896,128,7,1.9921875,0.1015625,1,0,14,14
897,1,8,0.0078125,0.1171875,1,0,13,13
898,2,8,0.0234375,0.1171875,1,0,15,15
899,3,8,0.0390625,0.1171875,1,0,17,17
900,4,8,0.0546875,0.1171875,1,0,12,12
901,5,8,0.0703125,0.1171875,1,0,22,22
902,6,8,0.0859375,0.1171875,1,0,35,35
903,7,8,0.1015625,0.1171875,1,0,21,21
904,8,8,0.1171875,0.1171875,1,0,28,28
905,9,8,0.1328125,0.1171875,1,0,21,21
906,10,8,0.1484375,0.1171875,1,0,23,23
907,11,8,0.1640625,0.1171875,1,0,29,29
908,12,8,0.1796875,0.1171875,1,0,13,13
909,13,8,0.1953125,0.1171875,1,0,12,12
910,14,8,0.2109375,0.1171875,1,0,29,29
911,15,8,0.2265625,0.1171875,1,0,21,21
912,16,8,0.2421875,0.1171875,1,0,36,36
913,17,8,0.2578125,0.1171875,1,0,21,21
914,18,8,0.2734375,0.1171875,1,0,18,18
915,19,8,0.2890625,0.1171875,1,0,23,23
916,20,8,0.3046875,0.1171875,1,0,16,16
917,21,8,0.3203125,0.1171875,1,0,22,22
918,22,8,0.3359375,0.1171875,1,0,17,17
919,23,8,0.3515625,0.1171875,1,0,25,25
920,24,8,0.3671875,0.1171875,1,0,26,26
921,25,8,0.3828125,0.1171875,1,0,13,13
922,26,8,0.3984375,0.1171875,1,0,23,23
923,27,8,0.4140625,0.1171875,1,0,19,19
924,28,8,0.4296875,0.1171875,1,0,20,20
925,29,8,0.4453125,0.1171875,1,0,12,12
926,30,8,0.4609375,0.1171875,1,0,21,21
927,31,8,0.4765625,0.1171875,1,0,15,15
928,32,8,0.4921875,0.1171875,1,0,21,21
929,33,8,0.5078125,0.1171875,1,0,20,20
930,34,8,0.5234375,0.1171875,1,0,22,22
931,35,8,0.5390625,0.1171875,1,0,34,34
932,36,8,0.5546875,0.1171875,1,0,19,19
933,37,8,0.5703125,0.1171875,1,0,29,29
934,38,8,0.5859375,0.1171875,1,0,16,16
935,39,8,0.6015625,0.1171875,1,0,24,24
936,40,8,0.6171875,0.1171875,1,0,20,20
937,41,8,0.6328125,0.1171875,1,0,12,12
938,42,8,0.6484375,0.1171875,1,0,16,16
939,43,8,0.6640625,0.1171875,1,0,31,31
940,44,8,0.6796875,0.1171875,1,0,23,23
941,45,8,0.6953125,0.1171875,1,0,13,13
942,46,8,0.7109375,0.1171875,1,0,20,20
943,47,8,0.7265625,0.1171875,1,0,21,21
944,48,8,0.7421875,0.1171875,1,0,15,15
945,49,8,0.7578125,0.1171875,1,0,15,15
946,50,8,0.7734375,0.1171875,1,0,14,14
947,51,8,0.7890625,0.1171875,1,0,23,23
948,52,8,0.8046875,0.1171875,1,0,26,26
949,53,8,0.8203125,0.1171875,1,0,8,8
950,54,8,0.8359375,0.1171875,1,0,6,6
951,55,8,0.8515625,0.1171875,1,0,28,28
952,56,8,0.8671875,0.1171875,1,0,18,18
953,57,8,0.8828125,0.1171875,1,0,25,25
954,58,8,0.8984375,0.1171875,1,0,15,15
955,59,8,0.9140625,0.1171875,1,0,20,20
956,60,8,0.9296875,0.1171875,1,0,31,31
957,61,8,0.9453125,0.1171875,1,0,23,23
958,62,8,0.9609375,0.1171875,1,0,9,9
959,63,8,0.9765625,0.1171875,1,0,19,19
960,64,8,0.9921875,0.1171875,1,0,23,23
961,65,8,1.0078125,0.1171875,1,0,8,8
962,66,8,1.0234375,0.1171875,1,0,16,16
963,67,8,1.0390625,0.1171875,1,0,16,16
964,68,8,1.0546875,0.1171875,1,0,14,14
965,69,8,1.0703125,0.1171875,1,0,16,16
966,70,8,1.0859375,0.1171875,1,0,21,21
967,71,8,1.1015625,0.1171875,1,0,16,16
968,72,8,1.1171875,0.1171875,1,0,12,12
969,73,8,1.1328125,0.1171875,1,0,19,19
970,74,8,1.1484375,0.1171875,1,0,22,22
971,75,8,1.1640625,0.1171875,1,0,25,25
972,76,8,1.1796875,0.1171875,1,0,27,27
973,77,8,1.1953125,0.1171875,1,0,22,22
974,78,8,1.2109375,0.1171875,1,0,18,18
975,79,8,1.2265625,0.1171875,1,0,21,21
976,80,8,1.2421875,0.1171875,1,0,17,17
977,81,8,1.2578125,0.1171875,1,0,16,16
978,82,8,1.2734375,0.1171875,1,0,17,17
979,83,8,1.2890625,0.1171875,1,0,20,20
980,84,8,1.3046875,0.1171875,1,0,20,20
981,85,8,1.3203125,0.1171875,1,0,13,13
982,86,8,1.3359375,0.1171875,1,0,23,23
983,87,8,1.3515625,0.1171875,1,0,8,8
984,88,8,1.3671875,0.1171875,1,0,28,28
985,89,8,1.3828125,0.1171875,1,0,23,23
986,90,8,1.3984375,0.1171875,1,0,11,11
987,91,8,1.4140625,0.1171875,1,0,29,29
988,92,8,1.4296875,0.1171875,1,0,25,25
989,93,8,1.4453125,0.1171875,1,0,17,17
990,94,8,1.4609375,0.1171875,1,0,15,15
991,95,8,1.4765625,0.1171875,1,0,16,16
992,96,8,1.4921875,0.1171875,1,0,11,11
993,97,8,1.5078125,0.1171875,1,0,17,17
994,98,8,1.5234375,0.1171875,1,0,19,19
995,99,8,1.5390625,0.1171875,1,0,18,18
996,100,8,1.5546875,0.1171875,1,0,11,11
997,101,8,1.5703125,0.1171875,1,0,29,29
998,102,8,1.5859375,0.1171875,1,0,24,24
999,103,8,1.6015625,0.1171875,1,0,26,26
1000,104,8,1.6171875,0.1171875,1,0,7,7
1001,105,8,1.6328125,0.1171875,1,0,28,28
1002,106,8,1.6484375,0.1171875,1,0,22,22
1003,107,8,1.6640625,0.1171875,1,0,21,21
1004,108,8,1.6796875,0.1171875,1,0,19,19
1005,109,8,1.6953125,0.1171875,1,0,16,16
1006,110,8,1.7109375,0.1171875,1,0,11,11
1007,111,8,1.7265625,0.1171875,1,0,15,15
1008,112,8,1.7421875,0.1171875,1,0,19,19
1009,113,8,1.7578125,0.1171875,1,0,14,14
1010,114,8,1.7734375,0.1171875,1,0,18,18
1011,115,8,1.7890625,0.1171875,1,0,25,25
1012,116,8,1.8046875,0.1171875,1,0,15,15
1013,117,8,1.8203125,0.1171875,1,0,17,17
1014,118,8,1.8359375,0.1171875,1,0,31,31
1015,119,8,1.8515625,0.1171875,1,0,22,22
1016,120,8,1.8671875,0.1171875,1,0,22,22
1017,121,8,1.8828125,0.1171875,1,0,23,23
1018,122,8,1.8984375,0.1171875,1,0,13,13
1019,123,8,1.9140625,0.1171875,1,0,19,19
1020,124,8,1.9296875,0.1171875,1,0,19,19
1021,125,8,1.9453125,0.1171875,1,0,18,18
1022,126,8,1.9609375,0.1171875,1,0,22,22
1023,127,8,1.9765625,0.1171875,1,0,19,19
1024,128,8,1.9921875,0.1171875,1,0,17,17
1025,1,9,0.0078125,0.1328125,1,0,23,23
1026,2,9,0.0234375,0.1328125,1,0,20,20
1027,3,9,0.0390625,0.1328125,1,0,20,20
1028,4,9,0.0546875,0.1328125,1,0,16,16
1029,5,9,0.0703125,0.1328125,1,0,19,19
1030,6,9,0.0859375,0.1328125,1,0,25,25
1031,7,9,0.1015625,0.1328125,1,0,24,24
1032,8,9,0.1171875,0.1328125,1,0,15,15
1033,9,9,0.1328125,0.1328125,1,0,18,18
1034,10,9,0.1484375,0.1328125,1,0,33,33
1035,11,9,0.1640625,0.1328125,1,0,7,7
1036,12,9,0.1796875,0.1328125,1,0,20,20
1037,13,9,0.1953125,0.1328125,1,0,18,18
1038,14,9,0.2109375,0.1328125,1,0,21,21
1039,15,9,0.2265625,0.1328125,1,0,15,15
1040,16,9,0.2421875,0.1328125,1,0,12,12
1041,17,9,0.2578125,0.1328125,1,0,29,29
1042,18,9,0.2734375,0.1328125,1,0,11,11
1043,19,9,0.2890625,0.1328125,1,0,18,18
1044,20,9,0.3046875,0.1328125,1,0,27,27
1045,21,9,0.3203125,0.1328125,1,0,18,18
1046,22,9,0.3359375,0.1328125,1,0,22,22
1047,23,9,0.3515625,0.1328125,1,0,15,15
1048,24,9,0.3671875,0.1328125,1,0,18,18
1049,25,9,0.3828125,0.1328125,1,0,15,15
1050,26,9,0.3984375,0.1328125,1,0,15,15
1051,27,9,0.4140625,0.1328125,1,0,21,21
1052,28,9,0.4296875,0.1328125,1,0,18,18
1053,29,9,0.4453125,0.1328125,1,0,33,33
1054,30,9,0.4609375,0.1328125,1,0,25,25
1055,31,9,0.4765625,0.1328125,1,0,22,22
1056,32,9,0.4921875,0.1328125,1,0,12,12
1057,33,9,0.5078125,0.1328125,1,0,20,20
1058,34,9,0.5234375,0.1328125,1,0,26,26
1059,35,9,0.5390625,0.1328125,1,0,12,12
1060,36,9,0.5546875,0.1328125,1,0,34,34
1061,37,9,0.5703125,0.1328125,1,0,5,5
1062,38,9,0.5859375,0.1328125,1,0,14,14
1063,39,9,0.6015625,0.1328125,1,0,29,29
1064,40,9,0.6171875,0.1328125,1,0,15,15
1065,41,9,0.6328125,0.1328125,1,0,28,28
1066,42,9,0.6484375,0.1328125,1,0,17,17
1067,43,9,0.6640625,0.1328125,1,0,18,18
1068,44,9,0.6796875,0.1328125,1,0,19,19
1069,45,9,0.6953125,0.1328125,1,0,18,18
1070,46,9,0.7109375,0.1328125,1,0,17,17
1071,47,9,0.7265625,0.1328125,1,0,35,35
1072,48,9,0.7421875,0.1328125,1,0,23,23
1073,49,9,0.7578125,0.1328125,1,0,16,16
1074,50,9,0.7734375,0.1328125,1,0,22,22
1075,51,9,0.7890625,0.1328125,1,0,13,13
1076,52,9,0.8046875,0.1328125,1,0,19,19
1077,53,9,0.8203125,0.1328125,1,0,19,19
1078,54,9,0.8359375,0.1328125,1,0,14,14
1079,55,9,0.8515625,0.1328125,1,0,11,11
1080,56,9,0.8671875,0.1328125,1,0,18,18
1081,57,9,0.8828125,0.1328125,1,0,18,18
1082,58,9,0.8984375,0.1328125,1,0,26,26
1083,59,9,0.9140625,0.1328125,1,0,29,29
1084,60,9,0.9296875,0.1328125,1,0,24,24
1085,61,9,0.9453125,0.1328125,1,0,24,24
1086,62,9,0.9609375,0.1328125,1,0,17,17
1087,63,9,0.9765625,0.1328125,1,0,16,16
1088,64,9,0.9921875,0.1328125,1,0,21,21
1089,65,9,1.0078125,0.1328125,1,0,15,15
1090,66,9,1.0234375,0.1328125,1,0,26,26
1091,67,9,1.0390625,0.1328125,1,0,24,24
1092,68,9,1.0546875,0.1328125,1,0,30,30
1093,69,9,1.0703125,0.1328125,1,0,23,23
1094,70,9,1.0859375,0.1328125,1,0,27,27
1095,71,9,1.1015625,0.1328125,1,0,22,22
1096,72,9,1.1171875,0.1328125,1,0,14,14
1097,73,9,1.1328125,0.1328125,1,0,9,9
1098,74,9,1.1484375,0.1328125,1,0,17,17
1099,75,9,1.1640625,0.1328125,1,0,22,22
1100,76,9,1.1796875,0.1328125,1,0,21,21
1101,77,9,1.1953125,0.1328125,1,0,19,19
1102,78,9,1.2109375,0.1328125,1,0,28,28
1103,79,9,1.2265625,0.1328125,1,0,22,22
1104,80,9,1.2421875,0.1328125,1,0,25,25
1105,81,9,1.2578125,0.1328125,1,0,28,28
1106,82,9,1.2734375,0.1328125,1,0,10,10
1107,83,9,1.2890625,0.1328125,1,0,17,17
1108,84,9,1.3046875,0.1328125,1,0,22,22
1109,85,9,1.3203125,0.1328125,1,0,16,16
1110,86,9,1.3359375,0.1328125,1,0,19,19
1111,87,9,1.3515625,0.1328125,1,0,9,9
1112,88,9,1.3671875,0.1328125,1,0,25,25
1113,89,9,1.3828125,0.1328125,1,0,14,14
1114,90,9,1.3984375,0.1328125,1,0,34,34
1115,91,9,1.4140625,0.1328125,1,0,27,27
1116,92,9,1.4296875,0.1328125,1,0,15,15
1117,93,9,1.4453125,0.1328125,1,0,12,12
1118,94,9,1.4609375,0.1328125,1,0,7,7
1119,95,9,1.4765625,0.1328125,1,0,15,15
1120,96,9,1.4921875,0.1328125,1,0,25,25
1121,97,9,1.5078125,0.1328125,1,0,12,12
1122,98,9,1.5234375,0.1328125,1,0,21,21
1123,99,9,1.5390625,0.1328125,1,0,14,14
1124,100,9,1.5546875,0.1328125,1,0,18,18
1125,101,9,1.5703125,0.1328125,1,0,23,23
1126,102,9,1.5859375,0.1328125,1,0,19,19
1127,103,9,1.6015625,0.1328125,1,0,19,19
1128,104,9,1.6171875,0.1328125,1,0,31,31
1129,105,9,1.6328125,0.1328125,1,0,19,19
1130,106,9,1.6484375,0.1328125,1,0,19,19
1131,107,9,1.6640625,0.1328125,1,0,9,9
1132,108,9,1.6796875,0.1328125,1,0,22,22
1133,109,9,1.6953125,0.1328125,1,0,6,6
1134,110,9,1.7109375,0.1328125,1,0,11,11
1135,111,9,1.7265625,0.1328125,1,0,17,17
1136,112,9,1.7421875,0.1328125,1,0,21,21
1137,113,9,1.7578125,0.1328125,1,0,12,12
1138,114,9,1.7734375,0.1328125,1,0,28,28
1139,115,9,1.7890625,0.1328125,1,0,20,20
1140,116,9,1.8046875,0.1328125,1,0,22,22
1141,117,9,1.8203125,0.1328125,1,0,12,12
1142,118,9,1.8359375,0.1328125,1,0,8,8
1143,119,9,1.8515625,0.1328125,1,0,20,20
1144,120,9,1.8671875,0.1328125,1,0,21,21
1145,121,9,1.8828125,0.1328125,1,0,15,15
1146,122,9,1.8984375,0.1328125,1,0,35,35
1147,123,9,1.9140625,0.1328125,1,0,22,22
1148,124,9,1.9296875,0.1328125,1,0,14,14
1149,125,9,1.9453125,0.1328125,1,0,12,12
1150,126,9,1.9609375,0.1328125,1,0,20,20
1151,127,9,1.9765625,0.1328125,1,0,10,10
1152,128,9,1.9921875,0.1328125,1,0,11,11
1153,1,10,0.0078125,0.1484375,1,0,28,28
1154,2,10,0.0234375,0.1484375,1,0,29,29
1155,3,10,0.0390625,0.1484375,1,0,9,9
1156,4,10,0.0546875,0.1484375,1,0,18,18
1157,5,10,0.0703125,0.1484375,1,0,17,17
1158,6,10,0.0859375,0.1484375,1,0,19,19
1159,7,10,0.1015625,0.1484375,1,0,22,22
1160,8,10,0.1171875,0.1484375,1,0,19,19
1161,9,10,0.1328125,0.1484375,1,0,24,24
1162,10,10,0.1484375,0.1484375,1,0,18,18
1163,11,10,0.1640625,0.1484375,1,0,21,21
1164,12,10,0.1796875,0.1484375,1,0,23,23
1165,13,10,0.1953125,0.1484375,1,0,14,14
1166,14,10,0.2109375,0.1484375,1,0,21,21
1167,15,10,0.2265625,0.1484375,1,0,15,15
1168,16,10,0.2421875,0.1484375,1,0,19,19
1169,17,10,0.2578125,0.1484375,1,0,4,4
1170,18,10,0.2734375,0.1484375,1,0,22,22
1171,19,10,0.2890625,0.1484375,1,0,19,19
1172,20,10,0.3046875,0.1484375,1,0,17,17
1173,21,10,0.3203125,0.1484375,1,0,27,27
1174,22,10,0.3359375,0.1484375,1,0,21,21
1175,23,10,0.3515625,0.1484375,1,0,17,17
1176,24,10,0.3671875,0.1484375,1,0,23,23
1177,25,10,0.3828125,0.1484375,1,0,17,17
1178,26,10,0.3984375,0.1484375,1,0,19,19
1179,27,10,0.4140625,0.1484375,1,0,20,20
1180,28,10,0.4296875,0.1484375,1,0,15,15
1181,29,10,0.4453125,0.1484375,1,0,13,13
1182,30,10,0.4609375,0.1484375,1,0,17,17
1183,31,10,0.4765625,0.1484375,1,0,20,20
1184,32,10,0.4921875,0.1484375,1,0,35,35
1185,33,10,0.5078125,0.1484375,1,0,24,24
1186,34,10,0.5234375,0.1484375,1,0,28,28
1187,35,10,0.5390625,0.1484375,1,0,11,11
1188,36,10,0.5546875,0.1484375,1,0,23,23
1189,37,10,0.5703125,0.1484375,1,0,18,18
1190,38,10,0.5859375,0.1484375,1,0,22,22
1191,39,10,0.6015625,0.1484375,1,0,16,16
1192,40,10,0.6171875,0.1484375,1,0,18,18
1193,41,10,0.6328125,0.1484375,1,0,18,18
1194,42,10,0.6484375,0.1484375,1,0,26,26
1195,43,10,0.6640625,0.1484375,1,0,22,22
1196,44,10,0.6796875,0.1484375,1,0,16,16
1197,45,10,0.6953125,0.1484375,1,0,18,18
1198,46,10,0.7109375,0.1484375,1,0,14,14
1199,47,10,0.7265625,0.1484375,1,0,17,17
1200,48,10,0.7421875,0.1484375,1,0,27,27
1201,49,10,0.7578125,0.1484375,1,0,26,26
1202,50,10,0.7734375,0.1484375,1,0,9,9
1203,51,10,0.7890625,0.1484375,1,0,17,17
1204,52,10,0.8046875,0.1484375,1,0,19,19
1205,53,10,0.8203125,0.1484375,1,0,17,17
1206,54,10,0.8359375,0.1484375,1,0,20,20
1207,55,10,0.8515625,0.1484375,1,0,22,22
1208,56,10,0.8671875,0.1484375,1,0,26,26
1209,57,10,0.8828125,0.1484375,1,0,14,14
1210,58,10,0.8984375,0.1484375,1,0,21,21
1211,59,10,0.9140625,0.1484375,1,0,26,26
1212,60,10,0.9296875,0.1484375,1,0,22,22
1213,61,10,0.9453125,0.1484375,1,0,16,16
1214,62,10,0.9609375,0.1484375,1,0,20,20
1215,63,10,0.9765625,0.1484375,1,0,24,24
1216,64,10,0.9921875,0.1484375,1,0,23,23
1217,65,10,1.0078125,0.1484375,1,0,32,32
1218,66,10,1.0234375,0.1484375,1,0,18,18
1219,67,10,1.0390625,0.1484375,1,0,32,32
1220,68,10,1.0546875,0.1484375,1,0,29,29
1221,69,10,1.0703125,0.1484375,1,0,22,22
1222,70,10,1.0859375,0.1484375,1,0,20,20
1223,71,10,1.1015625,0.1484375,1,0,29,29
1224,72,10,1.1171875,0.1484375,1,0,21,21
1225,73,10,1.1328125,0.1484375,1,0,15,15
1226,74,10,1.1484375,0.1484375,1,0,13,13
1227,75,10,1.1640625,0.1484375,1,0,13,13
1228,76,10,1.1796875,0.1484375,1,0,15,15
1229,77,10,1.1953125,0.1484375,1,0,30,30
1230,78,10,1.2109375,0.1484375,1,0,16,16
1231,79,10,1.2265625,0.1484375,1,0,14,14
1232,80,10,1.2421875,0.1484375,1,0,25,25
1233,81,10,1.2578125,0.1484375,1,0,22,22
1234,82,10,1.2734375,0.1484375,1,0,19,19
1235,83,10,1.2890625,0.1484375,1,0,23,23
1236,84,10,1.3046875,0.1484375,1,0,15,15
1237,85,10,1.3203125,0.1484375,1,0,17,17
1238,86,10,1.3359375,0.1484375,1,0,11,11
1239,87,10,1.3515625,0.1484375,1,0,14,14
1240,88,10,1.3671875,0.1484375,1,0,14,14
1241,89,10,1.3828125,0.1484375,1,0,24,24
1242,90,10,1.3984375,0.1484375,1,0,25,25
1243,91,10,1.4140625,0.1484375,1,0,16,16
1244,92,10,1.4296875,0.1484375,1,0,25,25
1245,93,10,1.4453125,0.1484375,1,0,21,21
1246,94,10,1.4609375,0.1484375,1,0,7,7
1247,95,10,1.4765625,0.1484375,1,0,22,22
1248,96,10,1.4921875,0.1484375,1,0,17,17
1249,97,10,1.5078125,0.1484375,1,0,17,17
1250,98,10,1.5234375,0.1484375,1,0,12,12
1251,99,10,1.5390625,0.1484375,1,0,25,25
1252,100,10,1.5546875,0.1484375,1,0,24,24
1253,101,10,1.5703125,0.1484375,1,0,14,14
1254,102,10,1.5859375,0.1484375,1,0,21,21
1255,103,10,1.6015625,0.1484375,1,0,27,27
1256,104,10,1.6171875,0.1484375,1,0,4,4
1257,105,10,1.6328125,0.1484375,1,0,18,18
1258,106,10,1.6484375,0.1484375,1,0,13,13
1259,107,10,1.6640625,0.1484375,1,0,5,5
1260,108,10,1.6796875,0.1484375,1,0,16,16
1261,109,10,1.6953125,0.1484375,1,0,23,23
1262,110,10,1.7109375,0.1484375,1,0,20,20
1263,111,10,1.7265625,0.1484375,1,0,23,23
1264,112,10,1.7421875,0.1484375,1,0,18,18
1265,113,10,1.7578125,0.1484375,1,0,19,19
1266,114,10,1.7734375,0.1484375,1,0,16,16
1267,115,10,1.7890625,0.1484375,1,0,32,32
1268,116,10,1.8046875,0.1484375,1,0,32,32
1269,117,10,1.8203125,0.1484375,1,0,30,30
1270,118,10,1.8359375,0.1484375,1,0,8,8
1271,119,10,1.8515625,0.1484375,1,0,19,19
1272,120,10,1.8671875,0.1484375,1,0,20,20
1273,121,10,1.8828125,0.1484375,1,0,26,26
1274,122,10,1.8984375,0.1484375,1,0,11,11
1275,123,10,1.9140625,0.1484375,1,0,15,15
1276,124,10,1.9296875,0.1484375,1,0,15,15
1277,125,10,1.9453125,0.1484375,1,0,15,15
1278,126,10,1.9609375,0.1484375,1,0,16,16
1279,127,10,1.9765625,0.1484375,1,0,15,15
1280,128,10,1.9921875,0.1484375,1,0,14,14
1281,1,11,0.0078125,0.1640625,1,0,19,19
1282,2,11,0.0234375,0.1640625,1,0,22,22
1283,3,11,0.0390625,0.1640625,1,0,22,22
1284,4,11,0.0546875,0.1640625,1,0,24,24
1285,5,11,0.0703125,0.1640625,1,0,10,10
1286,6,11,0.0859375,0.1640625,1,0,30,30
1287,7,11,0.1015625,0.1640625,1,0,22,22
1288,8,11,0.1171875,0.1640625,1,0,5,5
1289,9,11,0.1328125,0.1640625,1,0,20,20
1290,10,11,0.1484375,0.1640625,1,0,28,28
1291,11,11,0.1640625,0.1640625,1,0,15,15
1292,12,11,0.1796875,0.1640625,1,0,25,25
1293,13,11,0.1953125,0.1640625,1,0,24,24
1294,14,11,0.2109375,0.1640625,1,0,6,6
1295,15,11,0.2265625,0.1640625,1,0,26,26
1296,16,11,0.2421875,0.1640625,1,0,12,12
1297,17,11,0.2578125,0.1640625,1,0,15,15
1298,18,11,0.2734375,0.1640625,1,0,22,22
1299,19,11,0.2890625,0.1640625,1,0,9,9
1300,20,11,0.3046875,0.1640625,1,0,17,17
1301,21,11,0.3203125,0.1640625,1,0,22,22
1302,22,11,0.3359375,0.1640625,1,0,19,19
1303,23,11,0.3515625,0.1640625,1,0,22,22
1304,24,11,0.3671875,0.1640625,1,0,20,20
1305,25,11,0.3828125,0.1640625,1,0,12,12
1306,26,11,0.3984375,0.1640625,1,0,15,15
1307,27,11,0.4140625,0.1640625,1,0,20,20
1308,28,11,0.4296875,0.1640625,1,0,25,25
1309,29,11,0.4453125,0.1640625,1,0,34,34
1310,30,11,0.4609375,0.1640625,1,0,19,19
1311,31,11,0.4765625,0.1640625,1,0,26,26
1312,32,11,0.4921875,0.1640625,1,0,19,19
1313,33,11,0.5078125,0.1640625,1,0,14,14
1314,34,11,0.5234375,0.1640625,1,0,31,31
1315,35,11,0.5390625,0.1640625,1,0,24,24
1316,36,11,0.5546875,0.1640625,1,0,25,25
1317,37,11,0.5703125,0.1640625,1,0,20,20
1318,38,11,0.5859375,0.1640625,1,0,16,16
1319,39,11,0.6015625,0.1640625,1,0,18,18
1320,40,11,0.6171875,0.1640625,1,0,12,12
1321,41,11,0.6328125,0.1640625,1,0,27,27
1322,42,11,0.6484375,0.1640625,1,0,20,20
1323,43,11,0.6640625,0.1640625,1,0,16,16
1324,44,11,0.6796875,0.1640625,1,0,11,11
1325,45,11,0.6953125,0.1640625,1,0,16,16
1326,46,11,0.7109375,0.1640625,1,0,24,24
1327,47,11,0.7265625,0.1640625,1,0,10,10
1328,48,11,0.7421875,0.1640625,1,0,31,31
1329,49,11,0.7578125,0.1640625,1,0,26,26
1330,50,11,0.7734375,0.1640625,1,0,22,22
1331,51,11,0.7890625,0.1640625,1,0,21,21
1332,52,11,0.8046875,0.1640625,1,0,12,12
1333,53,11,0.8203125,0.1640625,1,0,31,31
1334,54,11,0.8359375,0.1640625,1,0,10,10
1335,55,11,0.8515625,0.1640625,1,0,10,10
1336,56,11,0.8671875,0.1640625,1,0,17,17
1337,57,11,0.8828125,0.1640625,1,0,10,10
1338,58,11,0.8984375,0.1640625,1,0,13,13
1339,59,11,0.9140625,0.1640625,1,0,17,17
1340,60,11,0.9296875,0.1640625,1,0,18,18
1341,61,11,0.9453125,0.1640625,1,0,32,32
1342,62,11,0.9609375,0.1640625,1,0,25,25
1343,63,11,0.9765625,0.1640625,1,0,22,22
1344,64,11,0.9921875,0.1640625,1,0,19,19
1345,65,11,1.0078125,0.1640625,1,0,20,20
1346,66,11,1.0234375,0.1640625,1,0,15,15
1347,67,11,1.0390625,0.1640625,1,0,17,17
1348,68,11,1.0546875,0.1640625,1,0,22,22
1349,69,11,1.0703125,0.1640625,1,0,12,12
1350,70,11,1.0859375,0.1640625,1,0,25,25
1351,71,11,1.1015625,0.1640625,1,0,19,19
1352,72,11,1.1171875,0.1640625,1,0,13,13
1353,73,11,1.1328125,0.1640625,1,0,19,19
1354,74,11,1.1484375,0.1640625,1,0,19,19
1355,75,11,1.1640625,0.1640625,1,0,18,18
1356,76,11,1.1796875,0.1640625,1,0,20,20
1357,77,11,1.1953125,0.1640625,1,0,25,25
1358,78,11,1.2109375,0.1640625,1,0,5,5
1359,79,11,1.2265625,0.1640625,1,0,16,16
1360,80,11,1.2421875,0.1640625,1,0,30,30
1361,81,11,1.2578125,0.1640625,1,0,19,19
1362,82,11,1.2734375,0.1640625,1,0,16,16
1363,83,11,1.2890625,0.1640625,1,0,19,19
1364,84,11,1.3046875,0.1640625,1,0,27,27
1365,85,11,1.3203125,0.1640625,1,0,26,26
1366,86,11,1.3359375,0.1640625,1,0,9,9
1367,87,11,1.3515625,0.1640625,1,0,18,18
1368,88,11,1.3671875,0.1640625,1,0,22,22
1369,89,11,1.3828125,0.1640625,1,0,25,25
1370,90,11,1.3984375,0.1640625,1,0,16,16
1371,91,11,1.4140625,0.1640625,1,0,32,32
1372,92,11,1.4296875,0.1640625,1,0,12,12
1373,93,11,1.4453125,0.1640625,1,0,30,30
1374,94,11,1.4609375,0.1640625,1,0,21,21
1375,95,11,1.4765625,0.1640625,1,0,22,22
1376,96,11,1.4921875,0.1640625,1,0,19,19
1377,97,11,1.5078125,0.1640625,1,0,20,20
1378,98,11,1.5234375,0.1640625,1,0,15,15
1379,99,11,1.5390625,0.1640625,1,0,25,25
1380,100,11,1.5546875,0.1640625,1,0,27,27
1381,101,11,1.5703125,0.1640625,1,0,26,26
1382,102,11,1.5859375,0.1640625,1,0,20,20
1383,103,11,1.6015625,0.1640625,1,0,14,14
1384,104,11,1.6171875,0.1640625,1,0,11,11
1385,105,11,1.6328125,0.1640625,1,0,24,24
1386,106,11,1.6484375,0.1640625,1,0,16,16
1387,107,11,1.6640625,0.1640625,1,0,19,19
1388,108,11,1.6796875,0.1640625,1,0,23,23
1389,109,11,1.6953125,0.1640625,1,0,16,16
1390,110,11,1.7109375,0.1640625,1,0,11,11
1391,111,11,1.7265625,0.1640625,1,0,17,17
1392,112,11,1.7421875,0.1640625,1,0,19,19
1393,113,11,1.7578125,0.1640625,1,0,19,19
1394,114,11,1.7734375,0.1640625,1,0,18,18
1395,115,11,1.7890625,0.1640625,1,0,26,26
1396,116,11,1.8046875,0.1640625,1,0,19,19
1397,117,11,1.8203125,0.1640625,1,0,17,17
1398,118,11,1.8359375,0.1640625,1,0,30,30
1399,119,11,1.8515625,0.1640625,1,0,17,17
1400,120,11,1.8671875,0.1640625,1,0,18,18
1401,121,11,1.8828125,0.1640625,1,0,23,23
1402,122,11,1.8984375,0.1640625,1,0,30,30
1403,123,11,1.9140625,0.1640625,1,0,17,17
1404,124,11,1.9296875,0.1640625,1,0,19,19
1405,125,11,1.9453125,0.1640625,1,0,19,19
1406,126,11,1.9609375,0.1640625,1,0,13,13
1407,127,11,1.9765625,0.1640625,1,0,15,15
1408,128,11,1.9921875,0.1640625,1,0,22,22
1409,1,12,0.0078125,0.1796875,1,0,29,29
1410,2,12,0.0234375,0.1796875,1,0,22,22
1411,3,12,0.0390625,0.1796875,1,0,29,29
1412,4,12,0.0546875,0.1796875,1,0,21,21
1413,5,12,0.0703125,0.1796875,1,0,32,32
1414,6,12,0.0859375,0.1796875,1,0,21,21
1415,7,12,0.1015625,0.1796875,1,0,25,25
1416,8,12,0.1171875,0.1796875,1,0,22,22
1417,9,12,0.1328125,0.1796875,1,0,23,23
1418,10,12,0.1484375,0.1796875,1,0,14,14
1419,11,12,0.1640625,0.1796875,1,0,17,17
1420,12,12,0.1796875,0.1796875,1,0,17,17
1421,13,12,0.1953125,0.1796875,1,0,21,21
1422,14,12,0.2109375,0.1796875,1,0,16,16
1423,15,12,0.2265625,0.1796875,1,0,17,17
1424,16,12,0.2421875,0.1796875,1,0,16,16
1425,17,12,0.2578125,0.1796875,1,0,21,21
1426,18,12,0.2734375,0.1796875,1,0,33,33
1427,19,12,0.2890625,0.1796875,1,0,15,15
1428,20,12,0.3046875,0.1796875,1,0,9,9
1429,21,12,0.3203125,0.1796875,1,0,18,18
1430,22,12,0.3359375,0.1796875,1,0,6,6
1431,23,12,0.3515625,0.1796875,1,0,13,13
1432,24,12,0.3671875,0.1796875,1,0,19,19
1433,25,12,0.3828125,0.1796875,1,0,35,35
1434,26,12,0.3984375,0.1796875,1,0,19,19
1435,27,12,0.4140625,0.1796875,1,0,16,16
1436,28,12,0.4296875,0.1796875,1,0,18,18
1437,29,12,0.4453125,0.1796875,1,0,32,32
1438,30,12,0.4609375,0.1796875,1,0,15,15
1439,31,12,0.4765625,0.1796875,1,0,17,17
1440,32,12,0.4921875,0.1796875,1,0,24,24
1441,33,12,0.5078125,0.1796875,1,0,16,16
1442,34,12,0.5234375,0.1796875,1,0,11,11
1443,35,12,0.5390625,0.1796875,1,0,8,8
1444,36,12,0.5546875,0.1796875,1,0,17,17
1445,37,12,0.5703125,0.1796875,1,0,16,16
1446,38,12,0.5859375,0.1796875,1,0,21,21
1447,39,12,0.6015625,0.1796875,1,0,24,24
1448,40,12,0.6171875,0.1796875,1,0,23,23
1449,41,12,0.6328125,0.1796875,1,0,22,22
1450,42,12,0.6484375,0.1796875,1,0,11,11
1451,43,12,0.6640625,0.1796875,1,0,8,8
1452,44,12,0.6796875,0.1796875,1,0,22,22
1453,45,12,0.6953125,0.1796875,1,0,26,26
1454,46,12,0.7109375,0.1796875,1,0,16,16
1455,47,12,0.7265625,0.1796875,1,0,19,19
1456,48,12,0.7421875,0.1796875,1,0,16,16
1457,49,12,0.7578125,0.1796875,1,0,12,12
1458,50,12,0.7734375,0.1796875,1,0,29,29
1459,51,12,0.7890625,0.1796875,1,0,24,24
1460,52,12,0.8046875,0.1796875,1,0,26,26
1461,53,12,0.8203125,0.1796875,1,0,23,23
1462,54,12,0.8359375,0.1796875,1,0,22,22
1463,55,12,0.8515625,0.1796875,1,0,23,23
1464,56,12,0.8671875,0.1796875,1,0,12,12
1465,57,12,0.8828125,0.1796875,1,0,29,29
1466,58,12,0.8984375,0.1796875,1,0,22,22
1467,59,12,0.9140625,0.1796875,1,0,13,13
1468,60,12,0.9296875,0.1796875,1,0,31,31
1469,61,12,0.9453125,0.1796875,1,0,26,26
1470,62,12,0.9609375,0.1796875,1,0,22,22
1471,63,12,0.9765625,0.1796875,1,0,12,12
1472,64,12,0.9921875,0.1796875,1,0,12,12
1473,65,12,1.0078125,0.1796875,1,0,16,16
1474,66,12,1.0234375,0.1796875,1,0,15,15
1475,67,12,1.0390625,0.1796875,1,0,18,18
1476,68,12,1.0546875,0.1796875,1,0,19,19
1477,69,12,1.0703125,0.1796875,1,0,21,21
1478,70,12,1.0859375,0.1796875,1,0,25,25
1479,71,12,1.1015625,0.1796875,1,0,22,22
1480,72,12,1.1171875,0.1796875,1,0,16,16
1481,73,12,1.1328125,0.1796875,1,0,19,19
1482,74,12,1.1484375,0.1796875,1,0,20,20
1483,75,12,1.1640625,0.1796875,1,0,17,17
1484,76,12,1.1796875,0.1796875,1,0,22,22
1485,77,12,1.1953125,0.1796875,1,0,27,27
1486,78,12,1.2109375,0.1796875,1,0,14,14
1487,79,12,1.2265625,0.1796875,1,0,27,27
1488,80,12,1.2421875,0.1796875,1,0,26,26
1489,81,12,1.2578125,0.1796875,1,0,19,19
1490,82,12,1.2734375,0.1796875,1,0,23,23
1491,83,12,1.2890625,0.1796875,1,0,22,22
1492,84,12,1.3046875,0.1796875,1,0,15,15
1493,85,12,1.3203125,0.1796875,1,0,11,11
1494,86,12,1.3359375,0.1796875,1,0,9,9
1495,87,12,1.3515625,0.1796875,1,0,27,27
1496,88,12,1.3671875,0.1796875,1,0,27,27
1497,89,12,1.3828125,0.1796875,1,0,16,16
1498,90,12,1.3984375,0.1796875,1,0,15,15
1499,91,12,1.4140625,0.1796875,1,0,17,17
1500,92,12,1.4296875,0.1796875,1,0,22,22
1501,93,12,1.4453125,0.1796875,1,0,23,23
1502,94,12,1.4609375,0.1796875,1,0,21,21
1503,95,12,1.4765625,0.1796875,1,0,23,23
1504,96,12,1.4921875,0.1796875,1,0,18,18
1505,97,12,1.5078125,0.1796875,1,0,21,21
1506,98,12,1.5234375,0.1796875,1,0,25,25
1507,99,12,1.5390625,0.1796875,1,0,17,17
1508,100,12,1.5546875,0.1796875,1,0,30,30
1509,101,12,1.5703125,0.1796875,1,0,11,11
1510,102,12,1.5859375,0.1796875,1,0,17,17
1511,103,12,1.6015625,0.1796875,1,0,16,16
1512,104,12,1.6171875,0.1796875,1,0,22,22
1513,105,12,1.6328125,0.1796875,1,0,15,15
1514,106,12,1.6484375,0.1796875,1,0,6,6
1515,107,12,1.6640625,0.1796875,1,0,25,25
1516,108,12,1.6796875,0.1796875,1,0,27,27
1517,109,12,1.6953125,0.1796875,1,0,19,19
1518,110,12,1.7109375,0.1796875,1,0,17,17
1519,111,12,1.7265625,0.1796875,1,0,22,22
1520,112,12,1.7421875,0.1796875,1,0,13,13
1521,113,12,1.7578125,0.1796875,1,0,20,20
1522,114,12,1.7734375,0.1796875,1,0,25,25
1523,115,12,1.7890625,0.1796875,1,0,23,23
1524,116,12,1.8046875,0.1796875,1,0,19,19
1525,117,12,1.8203125,0.1796875,1,0,16,16
1526,118,12,1.8359375,0.1796875,1,0,14,14
1527,119,12,1.8515625,0.1796875,1,0,15,15
1528,120,12,1.8671875,0.1796875,1,0,18,18
1529,121,12,1.8828125,0.1796875,1,0,23,23
1530,122,12,1.8984375,0.1796875,1,0,28,28
1531,123,12,1.9140625,0.1796875,1,0,23,23
1532,124,12,1.9296875,0.1796875,1,0,20,20
1533,125,12,1.9453125,0.1796875,1,0,4,4
1534,126,12,1.9609375,0.1796875,1,0,21,21
1535,127,12,1.9765625,0.1796875,1,0,21,21
1536,128,12,1.9921875,0.1796875,1,0,16,16
1537,1,13,0.0078125,0.1953125,1,0,29,29
1538,2,13,0.0234375,0.1953125,1,0,22,22
1539,3,13,0.0390625,0.1953125,1,0,17,17
1540,4,13,0.0546875,0.1953125,1,0,21,21
1541,5,13,0.0703125,0.1953125,1,0,20,20
1542,6,13,0.0859375,0.1953125,1,0,27,27
1543,7,13,0.1015625,0.1953125,1,0,29,29
1544,8,13,0.1171875,0.1953125,1,0,18,18
1545,9,13,0.1328125,0.1953125,1,0,18,18
1546,10,13,0.1484375,0.1953125,1,0,22,22
1547,11,13,0.1640625,0.1953125,1,0,16,16
1548,12,13,0.1796875,0.1953125,1,0,21,21
1549,13,13,0.1953125,0.1953125,1,0,19,19
1550,14,13,0.2109375,0.1953125,1,0,15,15
1551,15,13,0.2265625,0.1953125,1,0,25,25
1552,16,13,0.2421875,0.1953125,1,0,25,25
1553,17,13,0.2578125,0.1953125,1,0,18,18
1554,18,13,0.2734375,0.1953125,1,0,15,15
1555,19,13,0.2890625,0.1953125,1,0,28,28
1556,20,13,0.3046875,0.1953125,1,0,27,27
1557,21,13,0.3203125,0.1953125,1,0,31,31
1558,22,13,0.3359375,0.1953125,1,0,26,26
1559,23,13,0.3515625,0.1953125,1,0,23,23
1560,24,13,0.3671875,0.1953125,1,0,22,22
1561,25,13,0.3828125,0.1953125,1,0,30,30
1562,26,13,0.3984375,0.1953125,1,0,27,27
1563,27,13,0.4140625,0.1953125,1,0,13,13
1564,28,13,0.4296875,0.1953125,1,0,21,21
1565,29,13,0.4453125,0.1953125,1,0,34,34
1566,30,13,0.4609375,0.1953125,1,0,28,28
1567,31,13,0.4765625,0.1953125,1,0,30,30
1568,32,13,0.4921875,0.1953125,1,0,15,15
1569,33,13,0.5078125,0.1953125,1,0,13,13
1570,34,13,0.5234375,0.1953125,1,0,28,28
1571,35,13,0.5390625,0.1953125,1,0,24,24
1572,36,13,0.5546875,0.1953125,1,0,20,20
1573,37,13,0.5703125,0.1953125,1,0,20,20
1574,38,13,0.5859375,0.1953125,1,0,18,18
1575,39,13,0.6015625,0.1953125,1,0,15,15
1576,40,13,0.6171875,0.1953125,1,0,31,31
1577,41,13,0.6328125,0.1953125,1,0,19,19
1578,42,13,0.6484375,0.1953125,1,0,29,29
1579,43,13,0.6640625,0.1953125,1,0,21,21
1580,44,13,0.6796875,0.1953125,1,0,28,28
1581,45,13,0.6953125,0.1953125,1,0,21,21
1582,46,13,0.7109375,0.1953125,1,0,20,20
1583,47,13,0.7265625,0.1953125,1,0,27,27
1584,48,13,0.7421875,0.1953125,1,0,23,23
1585,49,13,0.7578125,0.1953125,1,0,28,28
1586,50,13,0.7734375,0.1953125,1,0,19,19
1587,51,13,0.7890625,0.1953125,1,0,13,13
1588,52,13,0.8046875,0.1953125,1,0,14,14
1589,53,13,0.8203125,0.1953125,1,0,23,23
1590,54,13,0.8359375,0.1953125,1,0,18,18
1591,55,13,0.8515625,0.1953125,1,0,24,24
1592,56,13,0.8671875,0.1953125,1,0,30,30
1593,57,13,0.8828125,0.1953125,1,0,25,25
1594,58,13,0.8984375,0.1953125,1,0,26,26
1595,59,13,0.9140625,0.1953125,1,0,14,14
1596,60,13,0.9296875,0.1953125,1,0,23,23
1597,61,13,0.9453125,0.1953125,1,0,20,20
1598,62,13,0.9609375,0.1953125,1,0,28,28
1599,63,13,0.9765625,0.1953125,1,0,13,13
1600,64,13,0.9921875,0.1953125,1,0,23,23
1601,65,13,1.0078125,0.1953125,1,0,16,16
1602,66,13,1.0234375,0.1953125,1,0,18,18
1603,67,13,1.0390625,0.1953125,1,0,34,34
1604,68,13,1.0546875,0.1953125,1,0,21,21
1605,69,13,1.0703125,0.1953125,1,0,20,20
1606,70,13,1.0859375,0.1953125,1,0,15,15
1607,71,13,1.1015625,0.1953125,1,0,20,20
1608,72,13,1.1171875,0.1953125,1,0,20,20
1609,73,13,1.1328125,0.1953125,1,0,20,20
1610,74,13,1.1484375,0.1953125,1,0,25,25
1611,75,13,1.1640625,0.1953125,1,0,21,21
1612,76,13,1.1796875,0.1953125,1,0,14,14
1613,77,13,1.1953125,0.1953125,1,0,17,17
1614,78,13,1.2109375,0.1953125,1,0,28,28
1615,79,13,1.2265625,0.1953125,1,0,19,19
1616,80,13,1.2421875,0.1953125,1,0,11,11
1617,81,13,1.2578125,0.1953125,1,0,18,18
1618,82,13,1.2734375,0.1953125,1,0,17,17
1619,83,13,1.2890625,0.1953125,1,0,8,8
1620,84,13,1.3046875,0.1953125,1,0,17,17
1621,85,13,1.3203125,0.1953125,1,0,10,10
1622,86,13,1.3359375,0.1953125,1,0,27,27
1623,87,13,1.3515625,0.1953125,1,0,20,20
1624,88,13,1.3671875,0.1953125,1,0,20,20
1625,89,13,1.3828125,0.1953125,1,0,12,12
1626,90,13,1.3984375,0.1953125,1,0,27,27
1627,91,13,1.4140625,0.1953125,1,0,12,12
1628,92,13,1.4296875,0.1953125,1,0,14,14
1629,93,13,1.4453125,0.1953125,1,0,14,14
1630,94,13,1.4609375,0.1953125,1,0,16,16
1631,95,13,1.4765625,0.1953125,1,0,10,10
1632,96,13,1.4921875,0.1953125,1,0,20,20
1633,97,13,1.5078125,0.1953125,1,0,30,30
1634,98,13,1.5234375,0.1953125,1,0,15,15
1635,99,13,1.5390625,0.1953125,1,0,14,14
1636,100,13,1.5546875,0.1953125,1,0,13,13
1637,101,13,1.5703125,0.1953125,1,0,24,24
1638,102,13,1.5859375,0.1953125,1,0,25,25
1639,103,13,1.6015625,0.1953125,1,0,20,20
1640,104,13,1.6171875,0.1953125,1,0,14,14
1641,105,13,1.6328125,0.1953125,1,0,23,23
1642,106,13,1.6484375,0.1953125,1,0,11,11
1643,107,13,1.6640625,0.1953125,1,0,27,27
1644,108,13,1.6796875,0.1953125,1,0,25,25
1645,109,13,1.6953125,0.1953125,1,0,18,18
1646,110,13,1.7109375,0.1953125,1,0,25,25
1647,111,13,1.7265625,0.1953125,1,0,25,25
1648,112,13,1.7421875,0.1953125,1,0,19,19
1649,113,13,1.7578125,0.1953125,1,0,13,13
1650,114,13,1.7734375,0.1953125,1,0,22,22
1651,115,13,1.7890625,0.1953125,1,0,22,22
1652,116,13,1.8046875,0.1953125,1,0,27,27
1653,117,13,1.8203125,0.1953125,1,0,19,19
1654,118,13,1.8359375,0.1953125,1,0,25,25
1655,119,13,1.8515625,0.1953125,1,0,7,7
1656,120,13,1.8671875,0.1953125,1,0,10,10
1657,121,13,1.8828125,0.1953125,1,0,9,9
1658,122,13,1.8984375,0.1953125,1,0,29,29
1659,123,13,1.9140625,0.1953125,1,0,15,15
1660,124,13,1.9296875,0.1953125,1,0,10,10
1661,125,13,1.9453125,0.1953125,1,0,15,15
1662,126,13,1.9609375,0.1953125,1,0,15,15
1663,127,13,1.9765625,0.1953125,1,0,5,5
1664,128,13,1.9921875,0.1953125,1,0,6,6
1665,1,14,0.0078125,0.2109375,1,0,31,31
1666,2,14,0.0234375,0.2109375,1,0,27,27
1667,3,14,0.0390625,0.2109375,1,0,17,17
1668,4,14,0.0546875,0.2109375,1,0,16,16
1669,5,14,0.0703125,0.2109375,1,0,16,16
1670,6,14,0.0859375,0.2109375,1,0,19,19
1671,7,14,0.1015625,0.2109375,1,0,22,22
1672,8,14,0.1171875,0.2109375,1,0,19,19
1673,9,14,0.1328125,0.2109375,1,0,23,23
1674,10,14,0.1484375,0.2109375,1,0,20,20
1675,11,14,0.1640625,0.2109375,1,0,17,17
1676,12,14,0.1796875,0.2109375,1,0,30,30
1677,13,14,0.1953125,0.2109375,1,0,13,13
1678,14,14,0.2109375,0.2109375,1,0,17,17
1679,15,14,0.2265625,0.2109375,1,0,18,18
1680,16,14,0.2421875,0.2109375,1,0,19,19
1681,17,14,0.2578125,0.2109375,1,0,18,18
1682,18,14,0.2734375,0.2109375,1,0,11,11
1683,19,14,0.2890625,0.2109375,1,0,19,19
1684,20,14,0.3046875,0.2109375,1,0,18,18
1685,21,14,0.3203125,0.2109375,1,0,6,6
1686,22,14,0.3359375,0.2109375,1,0,22,22
1687,23,14,0.3515625,0.2109375,1,0,9,9
1688,24,14,0.3671875,0.2109375,1,0,25,25
1689,25,14,0.3828125,0.2109375,1,0,13,13
1690,26,14,0.3984375,0.2109375,1,0,19,19
1691,27,14,0.4140625,0.2109375,1,0,27,27
1692,28,14,0.4296875,0.2109375,1,0,18,18
1693,29,14,0.4453125,0.2109375,1,0,22,22
1694,30,14,0.4609375,0.2109375,1,0,25,25
1695,31,14,0.4765625,0.2109375,1,0,18,18
1696,32,14,0.4921875,0.2109375,1,0,24,24
1697,33,14,0.5078125,0.2109375,1,0,24,24
1698,34,14,0.5234375,0.2109375,1,0,15,15
1699,35,14,0.5390625,0.2109375,1,0,21,21
1700,36,14,0.5546875,0.2109375,1,0,15,15
1701,37,14,0.5703125,0.2109375,1,0,17,17
1702,38,14,0.5859375,0.2109375,1,0,18,18
1703,39,14,0.6015625,0.2109375,1,0,19,19
1704,40,14,0.6171875,0.2109375,1,0,12,12
1705,41,14,0.6328125,0.2109375,1,0,32,32
1706,42,14,0.6484375,0.2109375,1,0,30,30
1707,43,14,0.6640625,0.2109375,1,0,14,14
1708,44,14,0.6796875,0.2109375,1,0,17,17
1709,45,14,0.6953125,0.2109375,1,0,8,8
1710,46,14,0.7109375,0.2109375,1,0,27,27
1711,47,14,0.7265625,0.2109375,1,0,23,23
1712,48,14,0.7421875,0.2109375,1,0,30,30
1713,49,14,0.7578125,0.2109375,1,0,19,19
1714,50,14,0.7734375,0.2109375,1,0,20,20
1715,51,14,0.7890625,0.2109375,1,0,15,15
1716,52,14,0.8046875,0.2109375,1,0,9,9
1717,53,14,0.8203125,0.2109375,1,0,21,21
1718,54,14,0.8359375,0.2109375,1,0,20,20
1719,55,14,0.8515625,0.2109375,1,0,28,28
1720,56,14,0.8671875,0.2109375,1,0,16,16
1721,57,14,0.8828125,0.2109375,1,0,10,10
1722,58,14,0.8984375,0.2109375,1,0,13,13
1723,59,14,0.9140625,0.2109375,1,0,10,10
1724,60,14,0.9296875,0.2109375,1,0,17,17
1725,61,14,0.9453125,0.2109375,1,0,21,21
1726,62,14,0.9609375,0.2109375,1,0,25,25
1727,63,14,0.9765625,0.2109375,1,0,21,21
1728,64,14,0.9921875,0.2109375,1,0,19,19
1729,65,14,1.0078125,0.2109375,1,0,13,13
1730,66,14,1.0234375,0.2109375,1,0,13,13
1731,67,14,1.0390625,0.2109375,1,0,19,19
1732,68,14,1.0546875,0.2109375,1,0,18,18
1733,69,14,1.0703125,0.2109375,1,0,21,21
1734,70,14,1.0859375,0.2109375,1,0,20,20
1735,71,14,1.1015625,0.2109375,1,0,26,26
1736,72,14,1.1171875,0.2109375,1,0,5,5
1737,73,14,1.1328125,0.2109375,1,0,13,13
1738,74,14,1.1484375,0.2109375,1,0,18,18
1739,75,14,1.1640625,0.2109375,1,0,18,18
1740,76,14,1.1796875,0.2109375,1,0,17,17
1741,77,14,1.1953125,0.2109375,1,0,16,16
1742,78,14,1.2109375,0.2109375,1,0,24,24
1743,79,14,1.2265625,0.2109375,1,0,22,22
1744,80,14,1.2421875,0.2109375,1,0,16,16
1745,81,14,1.2578125,0.2109375,1,0,20,20
1746,82,14,1.2734375,0.2109375,1,0,15,15
1747,83,14,1.2890625,0.2109375,1,0,30,30
1748,84,14,1.3046875,0.2109375,1,0,22,22
1749,85,14,1.3203125,0.2109375,1,0,17,17
1750,86,14,1.3359375,0.2109375,1,0,31,31
1751,87,14,1.3515625,0.2109375,1,0,26,26
1752,88,14,1.3671875,0.2109375,1,0,22,22
1753,89,14,1.3828125,0.2109375,1,0,20,20
1754,90,14,1.3984375,0.2109375,1,0,29,29
1755,91,14,1.4140625,0.2109375,1,0,30,30
1756,92,14,1.4296875,0.2109375,1,0,16,16
1757,93,14,1.4453125,0.2109375,1,0,6,6
1758,94,14,1.4609375,0.2109375,1,0,12,12
1759,95,14,1.4765625,0.2109375,1,0,14,14
1760,96,14,1.4921875,0.2109375,1,0,20,20
1761,97,14,1.5078125,0.2109375,1,0,13,13
1762,98,14,1.5234375,0.2109375,1,0,18,18
1763,99,14,1.5390625,0.2109375,1,0,10,10
1764,100,14,1.5546875,0.2109375,1,0,24,24
1765,101,14,1.5703125,0.2109375,1,0,28,28
1766,102,14,1.5859375,0.2109375,1,0,13,13
1767,103,14,1.6015625,0.2109375,1,0,19,19
1768,104,14,1.6171875,0.2109375,1,0,28,28
1769,105,14,1.6328125,0.2109375,1,0,20,20
1770,106,14,1.6484375,0.2109375,1,0,11,11
1771,107,14,1.6640625,0.2109375,1,0,21,21
1772,108,14,1.6796875,0.2109375,1,0,23,23
1773,109,14,1.6953125,0.2109375,1,0,25,25
1774,110,14,1.7109375,0.2109375,1,0,14,14
1775,111,14,1.7265625,0.2109375,1,0,31,31
1776,112,14,1.7421875,0.2109375,1,0,21,21
1777,113,14,1.7578125,0.2109375,1,0,30,30
1778,114,14,1.7734375,0.2109375,1,0,19,19
1779,115,14,1.7890625,0.2109375,1,0,19,19
1780,116,14,1.8046875,0.2109375,1,0,15,15
1781,117,14,1.8203125,0.2109375,1,0,15,15
1782,118,14,1.8359375,0.2109375,1,0,22,22
1783,119,14,1.8515625,0.2109375,1,0,36,36
1784,120,14,1.8671875,0.2109375,1,0,26,26
1785,121,14,1.8828125,0.2109375,1,0,18,18
1786,122,14,1.8984375,0.2109375,1,0,21,21
1787,123,14,1.9140625,0.2109375,1,0,25,25
1788,124,14,1.9296875,0.2109375,1,0,15,15
1789,125,14,1.9453125,0.2109375,1,0,34,34
1790,126,14,1.9609375,0.2109375,1,0,13,13
1791,127,14,1.9765625,0.2109375,1,0,13,13
1792,128,14,1.9921875,0.2109375,1,0,26,26
1793,1,15,0.0078125,0.2265625,1,0,23,23
1794,2,15,0.0234375,0.2265625,1,0,21,21
1795,3,15,0.0390625,0.2265625,1,0,17,17
1796,4,15,0.0546875,0.2265625,1,0,19,19
1797,5,15,0.0703125,0.2265625,1,0,27,27
1798,6,15,0.0859375,0.2265625,1,0,28,28
1799,7,15,0.1015625,0.2265625,1,0,21,21
1800,8,15,0.1171875,0.2265625,1,0,14,14
1801,9,15,0.1328125,0.2265625,1,0,24,24
1802,10,15,0.1484375,0.2265625,1,0,36,36
1803,11,15,0.1640625,0.2265625,1,0,15,15
1804,12,15,0.1796875,0.2265625,1,0,22,22
1805,13,15,0.1953125,0.2265625,1,0,13,13
1806,14,15,0.2109375,0.2265625,1,0,18,18
1807,15,15,0.2265625,0.2265625,1,0,16,16
1808,16,15,0.2421875,0.2265625,1,0,11,11
1809,17,15,0.2578125,0.2265625,1,0,17,17
1810,18,15,0.2734375,0.2265625,1,0,27,27
1811,19,15,0.2890625,0.2265625,1,0,35,35
1812,20,15,0.3046875,0.2265625,1,0,13,13
1813,21,15,0.3203125,0.2265625,1,0,23,23
1814,22,15,0.3359375,0.2265625,1,0,21,21
1815,23,15,0.3515625,0.2265625,1,0,26,26
1816,24,15,0.3671875,0.2265625,1,0,26,26
1817,25,15,0.3828125,0.2265625,1,0,19,19
1818,26,15,0.3984375,0.2265625,1,0,11,11
1819,27,15,0.4140625,0.2265625,1,0,17,17
1820,28,15,0.4296875,0.2265625,1,0,26,26
1821,29,15,0.4453125,0.2265625,1,0,20,20
1822,30,15,0.4609375,0.2265625,1,0,23,23
1823,31,15,0.4765625,0.2265625,1,0,27,27
1824,32,15,0.4921875,0.2265625,1,0,26,26
1825,33,15,0.5078125,0.2265625,1,0,14,14
1826,34,15,0.5234375,0.2265625,1,0,17,17
1827,35,15,0.5390625,0.2265625,1,0,19,19
1828,36,15,0.5546875,0.2265625,1,0,23,23
1829,37,15,0.5703125,0.2265625,1,0,18,18
1830,38,15,0.5859375,0.2265625,1,0,17,17
1831,39,15,0.6015625,0.2265625,1,0,20,20
1832,40,15,0.6171875,0.2265625,1,0,28,28
1833,41,15,0.6328125,0.2265625,1,0,22,22
1834,42,15,0.6484375,0.2265625,1,0,22,22
1835,43,15,0.6640625,0.2265625,1,0,23,23
1836,44,15,0.6796875,0.2265625,1,0,19,19
1837,45,15,0.6953125,0.2265625,1,0,24,24
1838,46,15,0.7109375,0.2265625,1,0,21,21
1839,47,15,0.7265625,0.2265625,1,0,14,14
1840,48,15,0.7421875,0.2265625,1,0,33,33
1841,49,15,0.7578125,0.2265625,1,0,15,15
1842,50,15,0.7734375,0.2265625,1,0,26,26
1843,51,15,0.7890625,0.2265625,1,0,16,16
1844,52,15,0.8046875,0.2265625,1,0,27,27
1845,53,15,0.8203125,0.2265625,1,0,29,29
1846,54,15,0.8359375,0.2265625,1,0,15,15
1847,55,15,0.8515625,0.2265625,1,0,20,20
1848,56,15,0.8671875,0.2265625,1,0,5,5
1849,57,15,0.8828125,0.2265625,1,0,34,34
1850,58,15,0.8984375,0.2265625,1,0,22,22
1851,59,15,0.9140625,0.2265625,1,0,23,23
1852,60,15,0.9296875,0.2265625,1,0,16,16
1853,61,15,0.9453125,0.2265625,1,0,28,28
1854,62,15,0.9609375,0.2265625,1,0,23,23
1855,63,15,0.9765625,0.2265625,1,0,20,20
1856,64,15,0.9921875,0.2265625,1,0,19,19
1857,65,15,1.0078125,0.2265625,1,0,25,25
1858,66,15,1.0234375,0.2265625,1,0,11,11
1859,67,15,1.0390625,0.2265625,1,0,14,14
1860,68,15,1.0546875,0.2265625,1,0,26,26
1861,69,15,1.0703125,0.2265625,1,0,17,17
1862,70,15,1.0859375,0.2265625,1,0,16,16
1863,71,15,1.1015625,0.2265625,1,0,24,24
1864,72,15,1.1171875,0.2265625,1,0,19,19
1865,73,15,1.1328125,0.2265625,1,0,16,16
1866,74,15,1.1484375,0.2265625,1,0,24,24
1867,75,15,1.1640625,0.2265625,1,0,23,23
1868,76,15,1.1796875,0.2265625,1,0,26,26
1869,77,15,1.1953125,0.2265625,1,0,19,19
1870,78,15,1.2109375,0.2265625,1,0,22,22
1871,79,15,1.2265625,0.2265625,1,0,21,21
1872,80,15,1.2421875,0.2265625,1,0,22,22
1873,81,15,1.2578125,0.2265625,1,0,12,12
1874,82,15,1.2734375,0.2265625,1,0,18,18
1875,83,15,1.2890625,0.2265625,1,0,12,12
1876,84,15,1.3046875,0.2265625,1,0,19,19
1877,85,15,1.3203125,0.2265625,1,0,21,21
1878,86,15,1.3359375,0.2265625,1,0,16,16
1879,87,15,1.3515625,0.2265625,1,0,25,25
1880,88,15,1.3671875,0.2265625,1,0,9,9
1881,89,15,1.3828125,0.2265625,1,0,14,14
1882,90,15,1.3984375,0.2265625,1,0,26,26
1883,91,15,1.4140625,0.2265625,1,0,10,10
1884,92,15,1.4296875,0.2265625,1,0,20,20
1885,93,15,1.4453125,0.2265625,1,0,23,23
1886,94,15,1.4609375,0.2265625,1,0,21,21
1887,95,15,1.4765625,0.2265625,1,0,22,22
1888,96,15,1.4921875,0.2265625,1,0,12,12
1889,97,15,1.5078125,0.2265625,1,0,23,23
1890,98,15,1.5234375,0.2265625,1,0,21,21
1891,99,15,1.5390625,0.2265625,1,0,26,26
1892,100,15,1.5546875,0.2265625,1,0,22,22
1893,101,15,1.5703125,0.2265625,1,0,11,11
1894,102,15,1.5859375,0.2265625,1,0,24,24
1895,103,15,1.6015625,0.2265625,1,0,23,23
1896,104,15,1.6171875,0.2265625,1,0,21,21
1897,105,15,1.6328125,0.2265625,1,0,27,27
1898,106,15,1.6484375,0.2265625,1,0,20,20
1899,107,15,1.6640625,0.2265625,1,0,32,32
1900,108,15,1.6796875,0.2265625,1,0,33,33
1901,109,15,1.6953125,0.2265625,1,0,12,12
1902,110,15,1.7109375,0.2265625,1,0,20,20
1903,111,15,1.7265625,0.2265625,1,0,16,16
1904,112,15,1.7421875,0.2265625,1,0,18,18
1905,113,15,1.7578125,0.2265625,1,0,13,13
1906,114,15,1.7734375,0.2265625,1,0,11,11
1907,115,15,1.7890625,0.2265625,1,0,24,24
1908,116,15,1.8046875,0.2265625,1,0,19,19
1909,117,15,1.8203125,0.2265625,1,0,24,24
1910,118,15,1.8359375,0.2265625,1,0,19,19
1911,119,15,1.8515625,0.2265625,1,0,15,15
1912,120,15,1.8671875,0.2265625,1,0,23,23
1913,121,15,1.8828125,0.2265625,1,0,24,24
1914,122,15,1.8984375,0.2265625,1,0,14,14
1915,123,15,1.9140625,0.2265625,1,0,23,23
1916,124,15,1.9296875,0.2265625,1,0,16,16
1917,125,15,1.9453125,0.2265625,1,0,28,28
1918,126,15,1.9609375,0.2265625,1,0,15,15
1919,127,15,1.9765625,0.2265625,1,0,15,15
1920,128,15,1.9921875,0.2265625,1,0,19,19
1921,1,16,0.0078125,0.2421875,1,0,19,19
1922,2,16,0.0234375,0.2421875,1,0,12,12
1923,3,16,0.0390625,0.2421875,1,0,13,13
1924,4,16,0.0546875,0.2421875,1,0,20,20
1925,5,16,0.0703125,0.2421875,1,0,22,22
1926,6,16,0.0859375,0.2421875,1,0,20,20
1927,7,16,0.1015625,0.2421875,1,0,12,12
1928,8,16,0.1171875,0.2421875,1,0,15,15
1929,9,16,0.1328125,0.2421875,1,0,27,27
1930,10,16,0.1484375,0.2421875,1,0,12,12
1931,11,16,0.1640625,0.2421875,1,0,17,17
1932,12,16,0.1796875,0.2421875,1,0,8,8
1933,13,16,0.1953125,0.2421875,1,0,22,22
1934,14,16,0.2109375,0.2421875,1,0,23,23
1935,15,16,0.2265625,0.2421875,1,0,10,10
1936,16,16,0.2421875,0.2421875,1,0,19,19
1937,17,16,0.2578125,0.2421875,1,0,12,12
1938,18,16,0.2734375,0.2421875,1,0,12,12
1939,19,16,0.2890625,0.2421875,1,0,14,14
1940,20,16,0.3046875,0.2421875,1,0,18,18
1941,21,16,0.3203125,0.2421875,1,0,28,28
1942,22,16,0.3359375,0.2421875,1,0,21,21
1943,23,16,0.3515625,0.2421875,1,0,20,20
1944,24,16,0.3671875,0.2421875,1,0,16,16
1945,25,16,0.3828125,0.2421875,1,0,11,11
1946,26,16,0.3984375,0.2421875,1,0,14,14
1947,27,16,0.4140625,0.2421875,1,0,35,35
1948,28,16,0.4296875,0.2421875,1,0,14,14
1949,29,16,0.4453125,0.2421875,1,0,16,16
1950,30,16,0.4609375,0.2421875,1,0,22,22
1951,31,16,0.4765625,0.2421875,1,0,10,10
1952,32,16,0.4921875,0.2421875,1,0,12,12
1953,33,16,0.5078125,0.2421875,1,0,25,25
1954,34,16,0.5234375,0.2421875,1,0,20,20
1955,35,16,0.5390625,0.2421875,1,0,16,16
1956,36,16,0.5546875,0.2421875,1,0,20,20
1957,37,16,0.5703125,0.2421875,1,0,31,31
1958,38,16,0.5859375,0.2421875,1,0,8,8
1959,39,16,0.6015625,0.2421875,1,0,22,22
1960,40,16,0.6171875,0.2421875,1,0,20,20
1961,41,16,0.6328125,0.2421875,1,0,25,25
1962,42,16,0.6484375,0.2421875,1,0,36,36
1963,43,16,0.6640625,0.2421875,1,0,20,20
1964,44,16,0.6796875,0.2421875,1,0,18,18
1965,45,16,0.6953125,0.2421875,1,0,18,18
1966,46,16,0.7109375,0.2421875,1,0,17,17
1967,47,16,0.7265625,0.2421875,1,0,21,21
1968,48,16,0.7421875,0.2421875,1,0,15,15
1969,49,16,0.7578125,0.2421875,1,0,24,24
1970,50,16,0.7734375,0.2421875,1,0,24,24
1971,51,16,0.7890625,0.2421875,1,0,25,25
1972,52,16,0.8046875,0.2421875,1,0,19,19
1973,53,16,0.8203125,0.2421875,1,0,17,17
1974,54,16,0.8359375,0.2421875,1,0,18,18
1975,55,16,0.8515625,0.2421875,1,0,23,23
1976,56,16,0.8671875,0.2421875,1,0,21,21
1977,57,16,0.8828125,0.2421875,1,0,25,25
1978,58,16,0.8984375,0.2421875,1,0,22,22
1979,59,16,0.9140625,0.2421875,1,0,23,23
1980,60,16,0.9296875,0.2421875,1,0,20,20
1981,61,16,0.9453125,0.2421875,1,0,18,18
1982,62,16,0.9609375,0.2421875,1,0,17,17
1983,63,16,0.9765625,0.2421875,1,0,12,12
1984,64,16,0.9921875,0.2421875,1,0,20,20
1985,65,16,1.0078125,0.2421875,1,0,9,9
1986,66,16,1.0234375,0.2421875,1,0,13,13
1987,67,16,1.0390625,0.2421875,1,0,35,35
1988,68,16,1.0546875,0.2421875,1,0,29,29
1989,69,16,1.0703125,0.2421875,1,0,26,26
1990,70,16,1.0859375,0.2421875,1,0,15,15
1991,71,16,1.1015625,0.2421875,1,0,24,24
1992,72,16,1.1171875,0.2421875,1,0,19,19
1993,73,16,1.1328125,0.2421875,1,0,30,30
1994,74,16,1.1484375,0.2421875,1,0,27,27
1995,75,16,1.1640625,0.2421875,1,0,29,29
1996,76,16,1.1796875,0.2421875,1,0,21,21
1997,77,16,1.1953125,0.2421875,1,0,21,21
1998,78,16,1.2109375,0.2421875,1,0,22,22
1999,79,16,1.2265625,0.2421875,1,0,25,25
2000,80,16,1.2421875,0.2421875,1,0,19,19
2001,81,16,1.2578125,0.2421875,1,0,21,21
2002,82,16,1.2734375,0.2421875,1,0,18,18
2003,83,16,1.2890625,0.2421875,1,0,21,21
2004,84,16,1.3046875,0.2421875,1,0,11,11
2005,85,16,1.3203125,0.2421875,1,0,17,17
2006,86,16,1.3359375,0.2421875,1,0,29,29
2007,87,16,1.3515625,0.2421875,1,0,14,14
2008,88,16,1.3671875,0.2421875,1,0,28,28
2009,89,16,1.3828125,0.2421875,1,0,32,32
2010,90,16,1.3984375,0.2421875,1,0,18,18
2011,91,16,1.4140625,0.2421875,1,0,24,24
2012,92,16,1.4296875,0.2421875,1,0,27,27
2013,93,16,1.4453125,0.2421875,1,0,26,26
2014,94,16,1.4609375,0.2421875,1,0,19,19
2015,95,16,1.4765625,0.2421875,1,0,13,13
2016,96,16,1.4921875,0.2421875,1,0,21,21
2017,97,16,1.5078125,0.2421875,1,0,15,15
2018,98,16,1.5234375,0.2421875,1,0,18,18
2019,99,16,1.5390625,0.2421875,1,0,29,29
2020,100,16,1.5546875,0.2421875,1,0,18,18
2021,101,16,1.5703125,0.2421875,1,0,17,17
2022,102,16,1.5859375,0.2421875,1,0,17,17
2023,103,16,1.6015625,0.2421875,1,0,20,20
2024,104,16,1.6171875,0.2421875,1,0,21,21
2025,105,16,1.6328125,0.2421875,1,0,4,4
2026,106,16,1.6484375,0.2421875,1,0,23,23
2027,107,16,1.6640625,0.2421875,1,0,9,9
2028,108,16,1.6796875,0.2421875,1,0,21,21
2029,109,16,1.6953125,0.2421875,1,0,27,27
2030,110,16,1.7109375,0.2421875,1,0,20,20
2031,111,16,1.7265625,0.2421875,1,0,29,29
2032,112,16,1.7421875,0.2421875,1,0,19,19
2033,113,16,1.7578125,0.2421875,1,0,17,17
2034,114,16,1.7734375,0.2421875,1,0,10,10
2035,115,16,1.7890625,0.2421875,1,0,9,9
2036,116,16,1.8046875,0.2421875,1,0,22,22
2037,117,16,1.8203125,0.2421875,1,0,18,18
2038,118,16,1.8359375,0.2421875,1,0,16,16
2039,119,16,1.8515625,0.2421875,1,0,20,20
2040,120,16,1.8671875,0.2421875,1,0,16,16
2041,121,16,1.8828125,0.2421875,1,0,29,29
2042,122,16,1.8984375,0.2421875,1,0,18,18
2043,123,16,1.9140625,0.2421875,1,0,28,28
2044,124,16,1.9296875,0.2421875,1,0,17,17
2045,125,16,1.9453125,0.2421875,1,0,17,17
2046,126,16,1.9609375,0.2421875,1,0,22,22
2047,127,16,1.9765625,0.2421875,1,0,18,18
2048,128,16,1.9921875,0.2421875,1,0,18,18
2049,1,17,0.0078125,0.2578125,1,0,12,12
2050,2,17,0.0234375,0.2578125,1,0,16,16
2051,3,17,0.0390625,0.2578125,1,0,15,15
2052,4,17,0.0546875,0.2578125,1,0,21,21
2053,5,17,0.0703125,0.2578125,1,0,29,29
2054,6,17,0.0859375,0.2578125,1,0,16,16
2055,7,17,0.1015625,0.2578125,1,0,13,13
2056,8,17,0.1171875,0.2578125,1,0,10,10
2057,9,17,0.1328125,0.2578125,1,0,16,16
2058,10,17,0.1484375,0.2578125,1,0,25,25
2059,11,17,0.1640625,0.2578125,1,0,12,12
2060,12,17,0.1796875,0.2578125,1,0,21,21
2061,13,17,0.1953125,0.2578125,1,0,13,13
2062,14,17,0.2109375,0.2578125,1,0,33,33
2063,15,17,0.2265625,0.2578125,1,0,14,14
2064,16,17,0.2421875,0.2578125,1,0,23,23
2065,17,17,0.2578125,0.2578125,1,0,19,19
2066,18,17,0.2734375,0.2578125,1,0,25,25
2067,19,17,0.2890625,0.2578125,1,0,21,21
2068,20,17,0.3046875,0.2578125,1,0,15,15
2069,21,17,0.3203125,0.2578125,1,0,34,34
2070,22,17,0.3359375,0.2578125,1,0,18,18
2071,23,17,0.3515625,0.2578125,1,0,36,36
2072,24,17,0.3671875,0.2578125,1,0,22,22
2073,25,17,0.3828125,0.2578125,1,0,15,15
2074,26,17,0.3984375,0.2578125,1,0,25,25
2075,27,17,0.4140625,0.2578125,1,0,36,36
2076,28,17,0.4296875,0.2578125,1,0,27,27
2077,29,17,0.4453125,0.2578125,1,0,20,20
2078,30,17,0.4609375,0.2578125,1,0,11,11
2079,31,17,0.4765625,0.2578125,1,0,17,17
2080,32,17,0.4921875,0.2578125,1,0,26,26
2081,33,17,0.5078125,0.2578125,1,0,21,21
2082,34,17,0.5234375,0.2578125,1,0,23,23
2083,35,17,0.5390625,0.2578125,1,0,20,20
2084,36,17,0.5546875,0.2578125,1,0,20,20
2085,37,17,0.5703125,0.2578125,1,0,28,28
2086,38,17,0.5859375,0.2578125,1,0,26,26
2087,39,17,0.6015625,0.2578125,1,0,21,21
2088,40,17,0.6171875,0.2578125,1,0,27,27
2089,41,17,0.6328125,0.2578125,1,0,23,23
2090,42,17,0.6484375,0.2578125,1,0,8,8
2091,43,17,0.6640625,0.2578125,1,0,21,21
2092,44,17,0.6796875,0.2578125,1,0,17,17
2093,45,17,0.6953125,0.2578125,1,0,20,20
2094,46,17,0.7109375,0.2578125,1,0,17,17
2095,47,17,0.7265625,0.2578125,1,0,32,32
2096,48,17,0.7421875,0.2578125,1,0,16,16
2097,49,17,0.7578125,0.2578125,1,0,11,11
2098,50,17,0.7734375,0.2578125,1,0,21,21
2099,51,17,0.7890625,0.2578125,1,0,20,20
2100,52,17,0.8046875,0.2578125,1,0,22,22
2101,53,17,0.8203125,0.2578125,1,0,21,21
2102,54,17,0.8359375,0.2578125,1,0,28,28
2103,55,17,0.8515625,0.2578125,1,0,16,16
2104,56,17,0.8671875,0.2578125,1,0,26,26
2105,57,17,0.8828125,0.2578125,1,0,27,27
2106,58,17,0.8984375,0.2578125,1,0,19,19
2107,59,17,0.9140625,0.2578125,1,0,14,14
2108,60,17,0.9296875,0.2578125,1,0,21,21
2109,61,17,0.9453125,0.2578125,1,0,19,19
2110,62,17,0.9609375,0.2578125,1,0,15,15
2111,63,17,0.9765625,0.2578125,1,0,17,17
2112,64,17,0.9921875,0.2578125,1,0,21,21
2113,65,17,1.0078125,0.2578125,1,0,24,24
2114,66,17,1.0234375,0.2578125,1,0,21,21
2115,67,17,1.0390625,0.2578125,1,0,19,19
2116,68,17,1.0546875,0.2578125,1,0,29,29
2117,69,17,1.0703125,0.2578125,1,0,14,14
2118,70,17,1.0859375,0.2578125,1,0,21,21
2119,71,17,1.1015625,0.2578125,1,0,23,23
2120,72,17,1.1171875,0.2578125,1,0,26,26
2121,73,17,1.1328125,0.2578125,1,0,16,16
2122,74,17,1.1484375,0.2578125,1,0,20,20
2123,75,17,1.1640625,0.2578125,1,0,26,26
2124,76,17,1.1796875,0.2578125,1,0,26,26
2125,77,17,1.1953125,0.2578125,1,0,27,27
2126,78,17,1.2109375,0.2578125,1,0,18,18
2127,79,17,1.2265625,0.2578125,1,0,24,24
2128,80,17,1.2421875,0.2578125,1,0,11,11
2129,81,17,1.2578125,0.2578125,1,0,13,13
2130,82,17,1.2734375,0.2578125,1,0,21,21
2131,83,17,1.2890625,0.2578125,1,0,9,9
2132,84,17,1.3046875,0.2578125,1,0,26,26
2133,85,17,1.3203125,0.2578125,1,0,23,23
2134,86,17,1.3359375,0.2578125,1,0,22,22
2135,87,17,1.3515625,0.2578125,1,0,20,20
2136,88,17,1.3671875,0.2578125,1,0,18,18
2137,89,17,1.3828125,0.2578125,1,0,17,17
2138,90,17,1.3984375,0.2578125,1,0,26,26
2139,91,17,1.4140625,0.2578125,1,0,16,16
2140,92,17,1.4296875,0.2578125,1,0,35,35
2141,93,17,1.4453125,0.2578125,1,0,21,21
2142,94,17,1.4609375,0.2578125,1,0,19,19
2143,95,17,1.4765625,0.2578125,1,0,12,12
2144,96,17,1.4921875,0.2578125,1,0,23,23
2145,97,17,1.5078125,0.2578125,1,0,24,24
2146,98,17,1.5234375,0.2578125,1,0,19,19
2147,99,17,1.5390625,0.2578125,1,0,26,26
2148,100,17,1.5546875,0.2578125,1,0,13,13
2149,101,17,1.5703125,0.2578125,1,0,15,15
2150,102,17,1.5859375,0.2578125,1,0,27,27
2151,103,17,1.6015625,0.2578125,1,0,23,23
2152,104,17,1.6171875,0.2578125,1,0,20,20
2153,105,17,1.6328125,0.2578125,1,0,10,10
2154,106,17,1.6484375,0.2578125,1,0,25,25
2155,107,17,1.6640625,0.2578125,1,0,16,16
2156,108,17,1.6796875,0.2578125,1,0,14,14
2157,109,17,1.6953125,0.2578125,1,0,20,20
2158,110,17,1.7109375,0.2578125,1,0,19,19
2159,111,17,1.7265625,0.2578125,1,0,24,24
2160,112,17,1.7421875,0.2578125,1,0,30,30
2161,113,17,1.7578125,0.2578125,1,0,28,28
2162,114,17,1.7734375,0.2578125,1,0,24,24
2163,115,17,1.7890625,0.2578125,1,0,27,27
2164,116,17,1.8046875,0.2578125,1,0,24,24
2165,117,17,1.8203125,0.2578125,1,0,13,13
2166,118,17,1.8359375,0.2578125,1,0,14,14
2167,119,17,1.8515625,0.2578125,1,0,25,25
2168,120,17,1.8671875,0.2578125,1,0,11,11
2169,121,17,1.8828125,0.2578125,1,0,17,17
2170,122,17,1.8984375,0.2578125,1,0,19,19
2171,123,17,1.9140625,0.2578125,1,0,22,22
2172,124,17,1.9296875,0.2578125,1,0,15,15
2173,125,17,1.9453125,0.2578125,1,0,22,22
2174,126,17,1.9609375,0.2578125,1,0,24,24
2175,127,17,1.9765625,0.2578125,1,0,21,21
2176,128,17,1.9921875,0.2578125,1,0,10,10
2177,1,18,0.0078125,0.2734375,1,0,14,14
2178,2,18,0.0234375,0.2734375,1,0,24,24
2179,3,18,0.0390625,0.2734375,1,0,20,20
2180,4,18,0.0546875,0.2734375,1,0,4,4
2181,5,18,0.0703125,0.2734375,1,0,17,17
2182,6,18,0.0859375,0.2734375,1,0,15,15
2183,7,18,0.1015625,0.2734375,1,0,24,24
2184,8,18,0.1171875,0.2734375,1,0,18,18
2185,9,18,0.1328125,0.2734375,1,0,20,20
2186,10,18,0.1484375,0.2734375,1,0,22,22
2187,11,18,0.1640625,0.2734375,1,0,20,20
2188,12,18,0.1796875,0.2734375,1,0,24,24
2189,13,18,0.1953125,0.2734375,1,0,20,20
2190,14,18,0.2109375,0.2734375,1,0,19,19
2191,15,18,0.2265625,0.2734375,1,0,27,27
2192,16,18,0.2421875,0.2734375,1,0,29,29
2193,17,18,0.2578125,0.2734375,1,0,13,13
2194,18,18,0.2734375,0.2734375,1,0,4,4
2195,19,18,0.2890625,0.2734375,1,0,22,22
2196,20,18,0.3046875,0.2734375,1,0,28,28
2197,21,18,0.3203125,0.2734375,1,0,4,4
2198,22,18,0.3359375,0.2734375,1,0,19,19
2199,23,18,0.3515625,0.2734375,1,0,17,17
2200,24,18,0.3671875,0.2734375,1,0,17,17
2201,25,18,0.3828125,0.2734375,1,0,18,18
2202,26,18,0.3984375,0.2734375,1,0,18,18
2203,27,18,0.4140625,0.2734375,1,0,10,10
2204,28,18,0.4296875,0.2734375,1,0,18,18
2205,29,18,0.4453125,0.2734375,1,0,26,26
2206,30,18,0.4609375,0.2734375,1,0,26,26
2207,31,18,0.4765625,0.2734375,1,0,24,24
2208,32,18,0.4921875,0.2734375,1,0,15,15
2209,33,18,0.5078125,0.2734375,1,0,17,17
2210,34,18,0.5234375,0.2734375,1,0,25,25
2211,35,18,0.5390625,0.2734375,1,0,27,27
2212,36,18,0.5546875,0.2734375,1,0,19,19
2213,37,18,0.5703125,0.2734375,1,0,18,18
2214,38,18,0.5859375,0.2734375,1,0,20,20
2215,39,18,0.6015625,0.2734375,1,0,7,7
2216,40,18,0.6171875,0.2734375,1,0,23,23
2217,41,18,0.6328125,0.2734375,1,0,24,24
2218,42,18,0.6484375,0.2734375,1,0,19,19
2219,43,18,0.6640625,0.2734375,1,0,19,19
2220,44,18,0.6796875,0.2734375,1,0,25,25
2221,45,18,0.6953125,0.2734375,1,0,23,23
2222,46,18,0.7109375,0.2734375,1,0,20,20
2223,47,18,0.7265625,0.2734375,1,0,21,21
2224,48,18,0.7421875,0.2734375,1,0,21,21
2225,49,18,0.7578125,0.2734375,1,0,13,13
2226,50,18,0.7734375,0.2734375,1,0,30,30
2227,51,18,0.7890625,0.2734375,1,0,16,16
2228,52,18,0.8046875,0.2734375,1,0,14,14
2229,53,18,0.8203125,0.2734375,1,0,28,28
2230,54,18,0.8359375,0.2734375,1,0,13,13
2231,55,18,0.8515625,0.2734375,1,0,21,21
2232,56,18,0.8671875,0.2734375,1,0,19,19
2233,57,18,0.8828125,0.2734375,1,0,27,27
2234,58,18,0.8984375,0.2734375,1,0,4,4
2235,59,18,0.9140625,0.2734375,1,0,4,4
2236,60,18,0.9296875,0.2734375,1,0,24,24
2237,61,18,0.9453125,0.2734375,1,0,10,10
2238,62,18,0.9609375,0.2734375,1,0,23,23
2239,63,18,0.9765625,0.2734375,1,0,12,12
2240,64,18,0.9921875,0.2734375,1,0,16,16
2241,65,18,1.0078125,0.2734375,1,0,17,17
2242,66,18,1.0234375,0.2734375,1,0,21,21
2243,67,18,1.0390625,0.2734375,1,0,18,18
2244,68,18,1.0546875,0.2734375,1,0,16,16
2245,69,18,1.0703125,0.2734375,1,0,18,18
2246,70,18,1.0859375,0.2734375,1,0,21,21
2247,71,18,1.1015625,0.2734375,1,0,25,25
2248,72,18,1.1171875,0.2734375,1,0,8,8
2249,73,18,1.1328125,0.2734375,1,0,22,22
2250,74,18,1.1484375,0.2734375,1,0,18,18
2251,75,18,1.1640625,0.2734375,1,0,17,17
2252,76,18,1.1796875,0.2734375,1,0,26,26
2253,77,18,1.1953125,0.2734375,1,0,13,13
2254,78,18,1.2109375,0.2734375,1,0,17,17
2255,79,18,1.2265625,0.2734375,1,0,34,34
2256,80,18,1.2421875,0.2734375,1,0,20,20
2257,81,18,1.2578125,0.2734375,1,0,14,14
2258,82,18,1.2734375,0.2734375,1,0,27,27
2259,83,18,1.2890625,0.2734375,1,0,13,13
2260,84,18,1.3046875,0.2734375,1,0,26,26
2261,85,18,1.3203125,0.2734375,1,0,36,36
2262,86,18,1.3359375,0.2734375,1,0,25,25
2263,87,18,1.3515625,0.2734375,1,0,27,27
2264,88,18,1.3671875,0.2734375,1,0,16,16
2265,89,18,1.3828125,0.2734375,1,0,8,8
2266,90,18,1.3984375,0.2734375,1,0,23,23
2267,91,18,1.4140625,0.2734375,1,0,10,10
2268,92,18,1.4296875,0.2734375,1,0,18,18
2269,93,18,1.4453125,0.2734375,1,0,4,4
2270,94,18,1.4609375,0.2734375,1,0,23,23
2271,95,18,1.4765625,0.2734375,1,0,10,10
2272,96,18,1.4921875,0.2734375,1,0,23,23
2273,97,18,1.5078125,0.2734375,1,0,18,18
2274,98,18,1.5234375,0.2734375,1,0,19,19
2275,99,18,1.5390625,0.2734375,1,0,9,9
2276,100,18,1.5546875,0.2734375,1,0,16,16
2277,101,18,1.5703125,0.2734375,1,0,8,8
2278,102,18,1.5859375,0.2734375,1,0,22,22
2279,103,18,1.6015625,0.2734375,1,0,25,25
2280,104,18,1.6171875,0.2734375,1,0,22,22
2281,105,18,1.6328125,0.2734375,1,0,13,13
2282,106,18,1.6484375,0.2734375,1,0,15,15
2283,107,18,1.6640625,0.2734375,1,0,25,25
2284,108,18,1.6796875,0.2734375,1,0,25,25
2285,109,18,1.6953125,0.2734375,1,0,15,15
2286,110,18,1.7109375,0.2734375,1,0,16,16
2287,111,18,1.7265625,0.2734375,1,0,27,27
2288,112,18,1.7421875,0.2734375,1,0,19,19
2289,113,18,1.7578125,0.2734375,1,0,24,24
2290,114,18,1.7734375,0.2734375,1,0,21,21
2291,115,18,1.7890625,0.2734375,1,0,24,24
2292,116,18,1.8046875,0.2734375,1,0,22,22
2293,117,18,1.8203125,0.2734375,1,0,20,20
2294,118,18,1.8359375,0.2734375,1,0,12,12
2295,119,18,1.8515625,0.2734375,1,0,24,24
2296,120,18,1.8671875,0.2734375,1,0,17,17
2297,121,18,1.8828125,0.2734375,1,0,15,15
2298,122,18,1.8984375,0.2734375,1,0,24,24
2299,123,18,1.9140625,0.2734375,1,0,31,31
2300,124,18,1.9296875,0.2734375,1,0,21,21
2301,125,18,1.9453125,0.2734375,1,0,20,20
2302,126,18,1.9609375,0.2734375,1,0,14,14
2303,127,18,1.9765625,0.2734375,1,0,11,11
2304,128,18,1.9921875,0.2734375,1,0,16,16
2305,1,19,0.0078125,0.2890625,1,0,16,16
2306,2,19,0.0234375,0.2890625,1,0,31,31
2307,3,19,0.0390625,0.2890625,1,0,24,24
2308,4,19,0.0546875,0.2890625,1,0,33,33
2309,5,19,0.0703125,0.2890625,1,0,23,23
2310,6,19,0.0859375,0.2890625,1,0,13,13
2311,7,19,0.1015625,0.2890625,1,0,31,31
2312,8,19,0.1171875,0.2890625,1,0,6,6
2313,9,19,0.1328125,0.2890625,1,0,28,28
2314,10,19,0.1484375,0.2890625,1,0,14,14
2315,11,19,0.1640625,0.2890625,1,0,19,19
2316,12,19,0.1796875,0.2890625,1,0,23,23
2317,13,19,0.1953125,0.2890625,1,0,29,29
2318,14,19,0.2109375,0.2890625,1,0,14,14
2319,15,19,0.2265625,0.2890625,1,0,19,19
2320,16,19,0.2421875,0.2890625,1,0,24,24
2321,17,19,0.2578125,0.2890625,1,0,17,17
2322,18,19,0.2734375,0.2890625,1,0,18,18
2323,19,19,0.2890625,0.2890625,1,0,12,12
2324,20,19,0.3046875,0.2890625,1,0,26,26
2325,21,19,0.3203125,0.2890625,1,0,21,21
2326,22,19,0.3359375,0.2890625,1,0,8,8
2327,23,19,0.3515625,0.2890625,1,0,19,19
2328,24,19,0.3671875,0.2890625,1,0,28,28
2329,25,19,0.3828125,0.2890625,1,0,20,20
2330,26,19,0.3984375,0.2890625,1,0,25,25
2331,27,19,0.4140625,0.2890625,1,0,14,14
2332,28,19,0.4296875,0.2890625,1,0,28,28
2333,29,19,0.4453125,0.2890625,1,0,17,17
2334,30,19,0.4609375,0.2890625,1,0,31,31
2335,31,19,0.4765625,0.2890625,1,0,23,23
2336,32,19,0.4921875,0.2890625,1,0,18,18
2337,33,19,0.5078125,0.2890625,1,0,22,22
2338,34,19,0.5234375,0.2890625,1,0,22,22
2339,35,19,0.5390625,0.2890625,1,0,27,27
2340,36,19,0.5546875,0.2890625,1,0,13,13
2341,37,19,0.5703125,0.2890625,1,0,29,29
2342,38,19,0.5859375,0.2890625,1,0,24,24
2343,39,19,0.6015625,0.2890625,1,0,15,15
2344,40,19,0.6171875,0.2890625,1,0,11,11
2345,41,19,0.6328125,0.2890625,1,0,23,23
2346,42,19,0.6484375,0.2890625,1,0,23,23
2347,43,19,0.6640625,0.2890625,1,0,19,19
2348,44,19,0.6796875,0.2890625,1,0,17,17
2349,45,19,0.6953125,0.2890625,1,0,15,15
2350,46,19,0.7109375,0.2890625,1,0,14,14
2351,47,19,0.7265625,0.2890625,1,0,30,30
2352,48,19,0.7421875,0.2890625,1,0,23,23
2353,49,19,0.7578125,0.2890625,1,0,23,23
2354,50,19,0.7734375,0.2890625,1,0,24,24
2355,51,19,0.7890625,0.2890625,1,0,30,30
2356,52,19,0.8046875,0.2890625,1,0,29,29
2357,53,19,0.8203125,0.2890625,1,0,8,8
2358,54,19,0.8359375,0.2890625,1,0,13,13
2359,55,19,0.8515625,0.2890625,1,0,12,12
2360,56,19,0.8671875,0.2890625,1,0,13,13
2361,57,19,0.8828125,0.2890625,1,0,17,17
2362,58,19,0.8984375,0.2890625,1,0,26,26
2363,59,19,0.9140625,0.2890625,1,0,17,17
2364,60,19,0.9296875,0.2890625,1,0,25,25
2365,61,19,0.9453125,0.2890625,1,0,28,28
2366,62,19,0.9609375,0.2890625,1,0,31,31
2367,63,19,0.9765625,0.2890625,1,0,17,17
2368,64,19,0.9921875,0.2890625,1,0,19,19
2369,65,19,1.0078125,0.2890625,1,0,24,24
2370,66,19,1.0234375,0.2890625,1,0,18,18
2371,67,19,1.0390625,0.2890625,1,0,31,31
2372,68,19,1.0546875,0.2890625,1,0,24,24
2373,69,19,1.0703125,0.2890625,1,0,25,25
2374,70,19,1.0859375,0.2890625,1,0,21,21
2375,71,19,1.1015625,0.2890625,1,0,17,17
2376,72,19,1.1171875,0.2890625,1,0,24,24
2377,73,19,1.1328125,0.2890625,1,0,12,12
2378,74,19,1.1484375,0.2890625,1,0,24,24
2379,75,19,1.1640625,0.2890625,1,0,17,17
2380,76,19,1.1796875,0.2890625,1,0,23,23
2381,77,19,1.1953125,0.2890625,1,0,26,26
2382,78,19,1.2109375,0.2890625,1,0,25,25
2383,79,19,1.2265625,0.2890625,1,0,20,20
2384,80,19,1.2421875,0.2890625,1,0,22,22
2385,81,19,1.2578125,0.2890625,1,0,20,20
2386,82,19,1.2734375,0.2890625,1,0,13,13
2387,83,19,1.2890625,0.2890625,1,0,26,26
2388,84,19,1.3046875,0.2890625,1,0,28,28
2389,85,19,1.3203125,0.2890625,1,0,13,13
2390,86,19,1.3359375,0.2890625,1,0,18,18
2391,87,19,1.3515625,0.2890625,1,0,12,12
2392,88,19,1.3671875,0.2890625,1,0,13,13
2393,89,19,1.3828125,0.2890625,1,0,27,27
2394,90,19,1.3984375,0.2890625,1,0,18,18
2395,91,19,1.4140625,0.2890625,1,0,18,18
2396,92,19,1.4296875,0.2890625,1,0,11,11
2397,93,19,1.4453125,0.2890625,1,0,20,20
2398,94,19,1.4609375,0.2890625,1,0,28,28
2399,95,19,1.4765625,0.2890625,1,0,13,13
2400,96,19,1.4921875,0.2890625,1,0,15,15
2401,97,19,1.5078125,0.2890625,1,0,21,21
2402,98,19,1.5234375,0.2890625,1,0,16,16
2403,99,19,1.5390625,0.2890625,1,0,13,13
2404,100,19,1.5546875,0.2890625,1,0,26,26
2405,101,19,1.5703125,0.2890625,1,0,13,13
2406,102,19,1.5859375,0.2890625,1,0,20,20
2407,103,19,1.6015625,0.2890625,1,0,20,20
2408,104,19,1.6171875,0.2890625,1,0,16,16
2409,105,19,1.6328125,0.2890625,1,0,17,17
2410,106,19,1.6484375,0.2890625,1,0,15,15
2411,107,19,1.6640625,0.2890625,1,0,36,36
2412,108,19,1.6796875,0.2890625,1,0,15,15
2413,109,19,1.6953125,0.2890625,1,0,19,19
2414,110,19,1.7109375,0.2890625,1,0,19,19
2415,111,19,1.7265625,0.2890625,1,0,18,18
2416,112,19,1.7421875,0.2890625,1,0,16,16
2417,113,19,1.7578125,0.2890625,1,0,17,17
2418,114,19,1.7734375,0.2890625,1,0,17,17
2419,115,19,1.7890625,0.2890625,1,0,24,24
2420,116,19,1.8046875,0.2890625,1,0,15,15
2421,117,19,1.8203125,0.2890625,1,0,16,16
2422,118,19,1.8359375,0.2890625,1,0,23,23
2423,119,19,1.8515625,0.2890625,1,0,18,18
2424,120,19,1.8671875,0.2890625,1,0,15,15
2425,121,19,1.8828125,0.2890625,1,0,26,26
2426,122,19,1.8984375,0.2890625,1,0,21,21
2427,123,19,1.9140625,0.2890625,1,0,13,13
2428,124,19,1.9296875,0.2890625,1,0,20,20
2429,125,19,1.9453125,0.2890625,1,0,27,27
2430,126,19,1.9609375,0.2890625,1,0,10,10
2431,127,19,1.9765625,0.2890625,1,0,16,16
2432,128,19,1.9921875,0.2890625,1,0,17,17
2433,1,20,0.0078125,0.3046875,1,0,19,19
2434,2,20,0.0234375,0.3046875,1,0,27,27
2435,3,20,0.0390625,0.3046875,1,0,23,23
2436,4,20,0.0546875,0.3046875,1,0,29,29
2437,5,20,0.0703125,0.3046875,1,0,24,24
2438,6,20,0.0859375,0.3046875,1,0,19,19
2439,7,20,0.1015625,0.3046875,1,0,21,21
2440,8,20,0.1171875,0.3046875,1,0,21,21
2441,9,20,0.1328125,0.3046875,1,0,19,19
2442,10,20,0.1484375,0.3046875,1,0,30,30
2443,11,20,0.1640625,0.3046875,1,0,15,15
2444,12,20,0.1796875,0.3046875,1,0,13,13
2445,13,20,0.1953125,0.3046875,1,0,25,25
2446,14,20,0.2109375,0.3046875,1,0,8,8
2447,15,20,0.2265625,0.3046875,1,0,31,31
2448,16,20,0.2421875,0.3046875,1,0,23,23
2449,17,20,0.2578125,0.3046875,1,0,23,23
2450,18,20,0.2734375,0.3046875,1,0,18,18
2451,19,20,0.2890625,0.3046875,1,0,22,22
2452,20,20,0.3046875,0.3046875,1,0,23,23
2453,21,20,0.3203125,0.3046875,1,0,13,13
2454,22,20,0.3359375,0.3046875,1,0,24,24
2455,23,20,0.3515625,0.3046875,1,0,24,24
2456,24,20,0.3671875,0.3046875,1,0,16,16
2457,25,20,0.3828125,0.3046875,1,0,24,24
2458,26,20,0.3984375,0.3046875,1,0,36,36
2459,27,20,0.4140625,0.3046875,1,0,15,15
2460,28,20,0.4296875,0.3046875,1,0,32,32
2461,29,20,0.4453125,0.3046875,1,0,24,24
2462,30,20,0.4609375,0.3046875,1,0,18,18
2463,31,20,0.4765625,0.3046875,1,0,22,22
2464,32,20,0.4921875,0.3046875,1,0,11,11
2465,33,20,0.5078125,0.3046875,1,0,14,14
2466,34,20,0.5234375,0.3046875,1,0,24,24
2467,35,20,0.5390625,0.3046875,1,0,16,16
2468,36,20,0.5546875,0.3046875,1,0,21,21
2469,37,20,0.5703125,0.3046875,1,0,25,25
2470,38,20,0.5859375,0.3046875,1,0,30,30
2471,39,20,0.6015625,0.3046875,1,0,12,12
2472,40,20,0.6171875,0.3046875,1,0,21,21
2473,41,20,0.6328125,0.3046875,1,0,30,30
2474,42,20,0.6484375,0.3046875,1,0,13,13
2475,43,20,0.6640625,0.3046875,1,0,19,19
2476,44,20,0.6796875,0.3046875,1,0,21,21
2477,45,20,0.6953125,0.3046875,1,0,18,18
2478,46,20,0.7109375,0.3046875,1,0,19,19
2479,47,20,0.7265625,0.3046875,1,0,20,20
2480,48,20,0.7421875,0.3046875,1,0,11,11
2481,49,20,0.7578125,0.3046875,1,0,16,16
2482,50,20,0.7734375,0.3046875,1,0,25,25
2483,51,20,0.7890625,0.3046875,1,0,16,16
2484,52,20,0.8046875,0.3046875,1,0,17,17
2485,53,20,0.8203125,0.3046875,1,0,14,14
2486,54,20,0.8359375,0.3046875,1,0,21,21
2487,55,20,0.8515625,0.3046875,1,0,15,15
2488,56,20,0.8671875,0.3046875,1,0,4,4
2489,57,20,0.8828125,0.3046875,1,0,22,22
2490,58,20,0.8984375,0.3046875,1,0,16,16
2491,59,20,0.9140625,0.3046875,1,0,25,25
2492,60,20,0.9296875,0.3046875,1,0,27,27
2493,61,20,0.9453125,0.3046875,1,0,12,12
2494,62,20,0.9609375,0.3046875,1,0,18,18
2495,63,20,0.9765625,0.3046875,1,0,17,17
2496,64,20,0.9921875,0.3046875,1,0,12,12
2497,65,20,1.0078125,0.3046875,1,0,28,28
2498,66,20,1.0234375,0.3046875,1,0,30,30
2499,67,20,1.0390625,0.3046875,1,0,17,17
2500,68,20,1.0546875,0.3046875,1,0,21,21
2501,69,20,1.0703125,0.3046875,1,0,15,15
2502,70,20,1.0859375,0.3046875,1,0,25,25
2503,71,20,1.1015625,0.3046875,1,0,23,23
2504,72,20,1.1171875,0.3046875,1,0,20,20
2505,73,20,1.1328125,0.3046875,1,0,14,14
2506,74,20,1.1484375,0.3046875,1,0,26,26
2507,75,20,1.1640625,0.3046875,1,0,17,17
2508,76,20,1.1796875,0.3046875,1,0,21,21
2509,77,20,1.1953125,0.3046875,1,0,18,18
2510,78,20,1.2109375,0.3046875,1,0,17,17
2511,79,20,1.2265625,0.3046875,1,0,24,24
2512,80,20,1.2421875,0.3046875,1,0,22,22
2513,81,20,1.2578125,0.3046875,1,0,22,22
2514,82,20,1.2734375,0.3046875,1,0,17,17
2515,83,20,1.2890625,0.3046875,1,0,30,30
2516,84,20,1.3046875,0.3046875,1,0,21,21
2517,85,20,1.3203125,0.3046875,1,0,21,21
2518,86,20,1.3359375,0.3046875,1,0,27,27
2519,87,20,1.3515625,0.3046875,1,0,22,22
2520,88,20,1.3671875,0.3046875,1,0,27,27
2521,89,20,1.3828125,0.3046875,1,0,18,18
2522,90,20,1.3984375,0.3046875,1,0,20,20
2523,91,20,1.4140625,0.3046875,1,0,32,32
2524,92,20,1.4296875,0.3046875,1,0,25,25
2525,93,20,1.4453125,0.3046875,1,0,20,20
2526,94,20,1.4609375,0.3046875,1,0,27,27
2527,95,20,1.4765625,0.3046875,1,0,21,21
2528,96,20,1.4921875,0.3046875,1,0,29,29
2529,97,20,1.5078125,0.3046875,1,0,32,32
2530,98,20,1.5234375,0.3046875,1,0,26,26
2531,99,20,1.5390625,0.3046875,1,0,26,26
2532,100,20,1.5546875,0.3046875,1,0,16,16
2533,101,20,1.5703125,0.3046875,1,0,22,22
2534,102,20,1.5859375,0.3046875,1,0,22,22
2535,103,20,1.6015625,0.3046875,1,0,19,19
2536,104,20,1.6171875,0.3046875,1,0,23,23
2537,105,20,1.6328125,0.3046875,1,0,34,34
2538,106,20,1.6484375,0.3046875,1,0,12,12
2539,107,20,1.6640625,0.3046875,1,0,27,27
2540,108,20,1.6796875,0.3046875,1,0,16,16
2541,109,20,1.6953125,0.3046875,1,0,12,12
2542,110,20,1.7109375,0.3046875,1,0,20,20
2543,111,20,1.7265625,0.3046875,1,0,17,17
2544,112,20,1.7421875,0.3046875,1,0,22,22
2545,113,20,1.7578125,0.3046875,1,0,16,16
2546,114,20,1.7734375,0.3046875,1,0,22,22
2547,115,20,1.7890625,0.3046875,1,0,18,18
2548,116,20,1.8046875,0.3046875,1,0,31,31
2549,117,20,1.8203125,0.3046875,1,0,24,24
2550,118,20,1.8359375,0.3046875,1,0,25,25
2551,119,20,1.8515625,0.3046875,1,0,8,8
2552,120,20,1.8671875,0.3046875,1,0,20,20
2553,121,20,1.8828125,0.3046875,1,0,16,16
2554,122,20,1.8984375,0.3046875,1,0,22,22
2555,123,20,1.9140625,0.3046875,1,0,30,30
2556,124,20,1.9296875,0.3046875,1,0,8,8
2557,125,20,1.9453125,0.3046875,1,0,21,21
2558,126,20,1.9609375,0.3046875,1,0,27,27
2559,127,20,1.9765625,0.3046875,1,0,18,18
2560,128,20,1.9921875,0.3046875,1,0,13,13
2561,1,21,0.0078125,0.3203125,1,0,15,15
2562,2,21,0.0234375,0.3203125,1,0,13,13
2563,3,21,0.0390625,0.3203125,1,0,15,15
2564,4,21,0.0546875,0.3203125,1,0,21,21
2565,5,21,0.0703125,0.3203125,1,0,17,17
2566,6,21,0.0859375,0.3203125,1,0,10,10
2567,7,21,0.1015625,0.3203125,1,0,15,15
2568,8,21,0.1171875,0.3203125,1,0,19,19
2569,9,21,0.1328125,0.3203125,1,0,23,23
2570,10,21,0.1484375,0.3203125,1,0,23,23
2571,11,21,0.1640625,0.3203125,1,0,19,19
2572,12,21,0.1796875,0.3203125,1,0,21,21
2573,13,21,0.1953125,0.3203125,1,0,22,22
2574,14,21,0.2109375,0.3203125,1,0,14,14
2575,15,21,0.2265625,0.3203125,1,0,20,20
2576,16,21,0.2421875,0.3203125,1,0,22,22
2577,17,21,0.2578125,0.3203125,1,0,23,23
2578,18,21,0.2734375,0.3203125,1,0,34,34
2579,19,21,0.2890625,0.3203125,1,0,13,13
2580,20,21,0.3046875,0.3203125,1,0,12,12
2581,21,21,0.3203125,0.3203125,1,0,19,19
2582,22,21,0.3359375,0.3203125,1,0,13,13
2583,23,21,0.3515625,0.3203125,1,0,22,22
2584,24,21,0.3671875,0.3203125,1,0,27,27
2585,25,21,0.3828125,0.3203125,1,0,14,14
2586,26,21,0.3984375,0.3203125,1,0,20,20
2587,27,21,0.4140625,0.3203125,1,0,18,18
2588,28,21,0.4296875,0.3203125,1,0,21,21
2589,29,21,0.4453125,0.3203125,1,0,13,13
2590,30,21,0.4609375,0.3203125,1,0,23,23
2591,31,21,0.4765625,0.3203125,1,0,14,14
2592,32,21,0.4921875,0.3203125,1,0,26,26
2593,33,21,0.5078125,0.3203125,1,0,13,13
2594,34,21,0.5234375,0.3203125,1,0,16,16
2595,35,21,0.5390625,0.3203125,1,0,15,15
2596,36,21,0.5546875,0.3203125,1,0,28,28
2597,37,21,0.5703125,0.3203125,1,0,30,30
2598,38,21,0.5859375,0.3203125,1,0,18,18
2599,39,21,0.6015625,0.3203125,1,0,26,26
2600,40,21,0.6171875,0.3203125,1,0,19,19
2601,41,21,0.6328125,0.3203125,1,0,21,21
2602,42,21,0.6484375,0.3203125,1,0,25,25
2603,43,21,0.6640625,0.3203125,1,0,23,23
2604,44,21,0.6796875,0.3203125,1,0,17,17
2605,45,21,0.6953125,0.3203125,1,0,25,25
2606,46,21,0.7109375,0.3203125,1,0,28,28
2607,47,21,0.7265625,0.3203125,1,0,29,29
2608,48,21,0.7421875,0.3203125,1,0,21,21
2609,49,21,0.7578125,0.3203125,1,0,22,22
2610,50,21,0.7734375,0.3203125,1,0,24,24
2611,51,21,0.7890625,0.3203125,1,0,11,11
2612,52,21,0.8046875,0.3203125,1,0,25,25
2613,53,21,0.8203125,0.3203125,1,0,21,21
2614,54,21,0.8359375,0.3203125,1,0,11,11
2615,55,21,0.8515625,0.3203125,1,0,21,21
2616,56,21,0.8671875,0.3203125,1,0,31,31
2617,57,21,0.8828125,0.3203125,1,0,11,11
2618,58,21,0.8984375,0.3203125,1,0,24,24
2619,59,21,0.9140625,0.3203125,1,0,14,14
2620,60,21,0.9296875,0.3203125,1,0,25,25
2621,61,21,0.9453125,0.3203125,1,0,22,22
2622,62,21,0.9609375,0.3203125,1,0,22,22
2623,63,21,0.9765625,0.3203125,1,0,19,19
2624,64,21,0.9921875,0.3203125,1,0,21,21
2625,65,21,1.0078125,0.3203125,1,0,18,18
2626,66,21,1.0234375,0.3203125,1,0,23,23
2627,67,21,1.0390625,0.3203125,1,0,28,28
2628,68,21,1.0546875,0.3203125,1,0,12,12
2629,69,21,1.0703125,0.3203125,1,0,17,17
2630,70,21,1.0859375,0.3203125,1,0,17,17
2631,71,21,1.1015625,0.3203125,1,0,23,23
2632,72,21,1.1171875,0.3203125,1,0,21,21
2633,73,21,1.1328125,0.3203125,1,0,25,25
2634,74,21,1.1484375,0.3203125,1,0,26,26
2635,75,21,1.1640625,0.3203125,1,0,13,13
2636,76,21,1.1796875,0.3203125,1,0,17,17
2637,77,21,1.1953125,0.3203125,1,0,10,10
2638,78,21,1.2109375,0.3203125,1,0,15,15
2639,79,21,1.2265625,0.3203125,1,0,25,25
2640,80,21,1.2421875,0.3203125,1,0,28,28
2641,81,21,1.2578125,0.3203125,1,0,25,25
2642,82,21,1.2734375,0.3203125,1,0,21,21
2643,83,21,1.2890625,0.3203125,1,0,24,24
2644,84,21,1.3046875,0.3203125,1,0,6,6
2645,85,21,1.3203125,0.3203125,1,0,28,28
2646,86,21,1.3359375,0.3203125,1,0,11,11
2647,87,21,1.3515625,0.3203125,1,0,8,8
2648,88,21,1.3671875,0.3203125,1,0,35,35
2649,89,21,1.3828125,0.3203125,1,0,22,22
2650,90,21,1.3984375,0.3203125,1,0,14,14
2651,91,21,1.4140625,0.3203125,1,0,22,22
2652,92,21,1.4296875,0.3203125,1,0,31,31
2653,93,21,1.4453125,0.3203125,1,0,27,27
2654,94,21,1.4609375,0.3203125,1,0,29,29
2655,95,21,1.4765625,0.3203125,1,0,25,25
2656,96,21,1.4921875,0.3203125,1,0,15,15
2657,97,21,1.5078125,0.3203125,1,0,34,34
2658,98,21,1.5234375,0.3203125,1,0,26,26
2659,99,21,1.5390625,0.3203125,1,0,21,21
2660,100,21,1.5546875,0.3203125,1,0,19,19
2661,101,21,1.5703125,0.3203125,1,0,23,23
2662,102,21,1.5859375,0.3203125,1,0,13,13
2663,103,21,1.6015625,0.3203125,1,0,25,25
2664,104,21,1.6171875,0.3203125,1,0,30,30
2665,105,21,1.6328125,0.3203125,1,0,25,25
2666,106,21,1.6484375,0.3203125,1,0,26,26
2667,107,21,1.6640625,0.3203125,1,0,23,23
2668,108,21,1.6796875,0.3203125,1,0,18,18
2669,109,21,1.6953125,0.3203125,1,0,23,23
2670,110,21,1.7109375,0.3203125,1,0,25,25
2671,111,21,1.7265625,0.3203125,1,0,21,21
2672,112,21,1.7421875,0.3203125,1,0,13,13
2673,113,21,1.7578125,0.3203125,1,0,22,22
2674,114,21,1.7734375,0.3203125,1,0,11,11
2675,115,21,1.7890625,0.3203125,1,0,13,13
2676,116,21,1.8046875,0.3203125,1,0,26,26
2677,117,21,1.8203125,0.3203125,1,0,17,17
2678,118,21,1.8359375,0.3203125,1,0,22,22
2679,119,21,1.8515625,0.3203125,1,0,21,21
2680,120,21,1.8671875,0.3203125,1,0,15,15
2681,121,21,1.8828125,0.3203125,1,0,27,27
2682,122,21,1.8984375,0.3203125,1,0,30,30
2683,123,21,1.9140625,0.3203125,1,0,14,14
2684,124,21,1.9296875,0.3203125,1,0,17,17
2685,125,21,1.9453125,0.3203125,1,0,22,22
2686,126,21,1.9609375,0.3203125,1,0,18,18
2687,127,21,1.9765625,0.3203125,1,0,16,16
2688,128,21,1.9921875,0.3203125,1,0,23,23
2689,1,22,0.0078125,0.3359375,1,0,19,19
2690,2,22,0.0234375,0.3359375,1,0,11,11
2691,3,22,0.0390625,0.3359375,1,0,22,22
2692,4,22,0.0546875,0.3359375,1,0,23,23
2693,5,22,0.0703125,0.3359375,1,0,16,16
2694,6,22,0.0859375,0.3359375,1,0,10,10
2695,7,22,0.1015625,0.3359375,1,0,11,11
2696,8,22,0.1171875,0.3359375,1,0,24,24
2697,9,22,0.1328125,0.3359375,1,0,15,15
2698,10,22,0.1484375,0.3359375,1,0,19,19
2699,11,22,0.1640625,0.3359375,1,0,22,22
2700,12,22,0.1796875,0.3359375,1,0,29,29
2701,13,22,0.1953125,0.3359375,1,0,22,22
2702,14,22,0.2109375,0.3359375,1,0,9,9
2703,15,22,0.2265625,0.3359375,1,0,19,19
2704,16,22,0.2421875,0.3359375,1,0,30,30
2705,17,22,0.2578125,0.3359375,1,0,19,19
2706,18,22,0.2734375,0.3359375,1,0,28,28
2707,19,22,0.2890625,0.3359375,1,0,26,26
2708,20,22,0.3046875,0.3359375,1,0,27,27
2709,21,22,0.3203125,0.3359375,1,0,20,20
2710,22,22,0.3359375,0.3359375,1,0,18,18
2711,23,22,0.3515625,0.3359375,1,0,21,21
2712,24,22,0.3671875,0.3359375,1,0,21,21
2713,25,22,0.3828125,0.3359375,1,0,20,20
2714,26,22,0.3984375,0.3359375,1,0,25,25
2715,27,22,0.4140625,0.3359375,1,0,21,21
2716,28,22,0.4296875,0.3359375,1,0,28,28
2717,29,22,0.4453125,0.3359375,1,0,25,25
2718,30,22,0.4609375,0.3359375,1,0,20,20
2719,31,22,0.4765625,0.3359375,1,0,22,22
2720,32,22,0.4921875,0.3359375,1,0,16,16
2721,33,22,0.5078125,0.3359375,1,0,30,30
2722,34,22,0.5234375,0.3359375,1,0,21,21
2723,35,22,0.5390625,0.3359375,1,0,35,35
2724,36,22,0.5546875,0.3359375,1,0,32,32
2725,37,22,0.5703125,0.3359375,1,0,24,24
2726,38,22,0.5859375,0.3359375,1,0,19,19
2727,39,22,0.6015625,0.3359375,1,0,21,21
2728,40,22,0.6171875,0.3359375,1,0,6,6
2729,41,22,0.6328125,0.3359375,1,0,16,16
2730,42,22,0.6484375,0.3359375,1,0,17,17
2731,43,22,0.6640625,0.3359375,1,0,20,20
2732,44,22,0.6796875,0.3359375,1,0,12,12
2733,45,22,0.6953125,0.3359375,1,0,14,14
2734,46,22,0.7109375,0.3359375,1,0,16,16
2735,47,22,0.7265625,0.3359375,1,0,29,29
2736,48,22,0.7421875,0.3359375,1,0,19,19
2737,49,22,0.7578125,0.3359375,1,0,17,17
2738,50,22,0.7734375,0.3359375,1,0,28,28
2739,51,22,0.7890625,0.3359375,1,0,15,15
2740,52,22,0.8046875,0.3359375,1,0,18,18
2741,53,22,0.8203125,0.3359375,1,0,21,21
2742,54,22,0.8359375,0.3359375,1,0,15,15
2743,55,22,0.8515625,0.3359375,1,0,15,15
2744,56,22,0.8671875,0.3359375,1,0,24,24
2745,57,22,0.8828125,0.3359375,1,0,24,24
2746,58,22,0.8984375,0.3359375,1,0,25,25
2747,59,22,0.9140625,0.3359375,1,0,18,18
2748,60,22,0.9296875,0.3359375,1,0,29,29
2749,61,22,0.9453125,0.3359375,1,0,20,20
2750,62,22,0.9609375,0.3359375,1,0,21,21
2751,63,22,0.9765625,0.3359375,1,0,25,25
2752,64,22,0.9921875,0.3359375,1,0,26,26
2753,65,22,1.0078125,0.3359375,1,0,14,14
2754,66,22,1.0234375,0.3359375,1,0,17,17
2755,67,22,1.0390625,0.3359375,1,0,23,23
2756,68,22,1.0546875,0.3359375,1,0,33,33
2757,69,22,1.0703125,0.3359375,1,0,14,14
2758,70,22,1.0859375,0.3359375,1,0,24,24
2759,71,22,1.1015625,0.3359375,1,0,22,22
2760,72,22,1.1171875,0.3359375,1,0,16,16
2761,73,22,1.1328125,0.3359375,1,0,22,22
2762,74,22,1.1484375,0.3359375,1,0,25,25
2763,75,22,1.1640625,0.3359375,1,0,19,19
2764,76,22,1.1796875,0.3359375,1,0,19,19
2765,77,22,1.1953125,0.3359375,1,0,23,23
2766,78,22,1.2109375,0.3359375,1,0,22,22
2767,79,22,1.2265625,0.3359375,1,0,13,13
2768,80,22,1.2421875,0.3359375,1,0,15,15
2769,81,22,1.2578125,0.3359375,1,0,22,22
2770,82,22,1.2734375,0.3359375,1,0,22,22
2771,83,22,1.2890625,0.3359375,1,0,23,23
2772,84,22,1.3046875,0.3359375,1,0,11,11
2773,85,22,1.3203125,0.3359375,1,0,18,18
2774,86,22,1.3359375,0.3359375,1,0,18,18
2775,87,22,1.3515625,0.3359375,1,0,26,26
2776,88,22,1.3671875,0.3359375,1,0,19,19
2777,89,22,1.3828125,0.3359375,1,0,14,14
2778,90,22,1.3984375,0.3359375,1,0,27,27
2779,91,22,1.4140625,0.3359375,1,0,16,16
2780,92,22,1.4296875,0.3359375,1,0,16,16
2781,93,22,1.4453125,0.3359375,1,0,14,14
2782,94,22,1.4609375,0.3359375,1,0,15,15
2783,95,22,1.4765625,0.3359375,1,0,24,24
2784,96,22,1.4921875,0.3359375,1,0,19,19
2785,97,22,1.5078125,0.3359375,1,0,15,15
2786,98,22,1.5234375,0.3359375,1,0,18,18
2787,99,22,1.5390625,0.3359375,1,0,17,17
2788,100,22,1.5546875,0.3359375,1,0,17,17
2789,101,22,1.5703125,0.3359375,1,0,15,15
2790,102,22,1.5859375,0.3359375,1,0,20,20
2791,103,22,1.6015625,0.3359375,1,0,20,20
2792,104,22,1.6171875,0.3359375,1,0,13,13
2793,105,22,1.6328125,0.3359375,1,0,17,17
2794,106,22,1.6484375,0.3359375,1,0,32,32
2795,107,22,1.6640625,0.3359375,1,0,13,13
2796,108,22,1.6796875,0.3359375,1,0,22,22
2797,109,22,1.6953125,0.3359375,1,0,10,10
2798,110,22,1.7109375,0.3359375,1,0,20,20
2799,111,22,1.7265625,0.3359375,1,0,16,16
2800,112,22,1.7421875,0.3359375,1,0,10,10
2801,113,22,1.7578125,0.3359375,1,0,20,20
2802,114,22,1.7734375,0.3359375,1,0,26,26
2803,115,22,1.7890625,0.3359375,1,0,24,24
2804,116,22,1.8046875,0.3359375,1,0,14,14
2805,117,22,1.8203125,0.3359375,1,0,17,17
2806,118,22,1.8359375,0.3359375,1,0,20,20
2807,119,22,1.8515625,0.3359375,1,0,21,21
2808,120,22,1.8671875,0.3359375,1,0,26,26
2809,121,22,1.8828125,0.3359375,1,0,15,15
2810,122,22,1.8984375,0.3359375,1,0,16,16
2811,123,22,1.9140625,0.3359375,1,0,29,29
2812,124,22,1.9296875,0.3359375,1,0,22,22
2813,125,22,1.9453125,0.3359375,1,0,23,23
2814,126,22,1.9609375,0.3359375,1,0,21,21
2815,127,22,1.9765625,0.3359375,1,0,22,22
2816,128,22,1.9921875,0.3359375,1,0,15,15
2817,1,23,0.0078125,0.3515625,1,0,11,11
2818,2,23,0.0234375,0.3515625,1,0,10,10
2819,3,23,0.0390625,0.3515625,1,0,15,15
2820,4,23,0.0546875,0.3515625,1,0,27,27
2821,5,23,0.0703125,0.3515625,1,0,20,20
2822,6,23,0.0859375,0.3515625,1,0,25,25
2823,7,23,0.1015625,0.3515625,1,0,10,10
2824,8,23,0.1171875,0.3515625,1,0,11,11
2825,9,23,0.1328125,0.3515625,1,0,25,25
2826,10,23,0.1484375,0.3515625,1,0,18,18
2827,11,23,0.1640625,0.3515625,1,0,20,20
2828,12,23,0.1796875,0.3515625,1,0,23,23
2829,13,23,0.1953125,0.3515625,1,0,15,15
2830,14,23,0.2109375,0.3515625,1,0,26,26
2831,15,23,0.2265625,0.3515625,1,0,21,21
2832,16,23,0.2421875,0.3515625,1,0,19,19
2833,17,23,0.2578125,0.3515625,0,1,0,0
2834,18,23,0.2734375,0.3515625,0,1,0,0
2835,19,23,0.2890625,0.3515625,0,1,0,0
2836,20,23,0.3046875,0.3515625,0,1,0,0
2837,21,23,0.3203125,0.3515625,0,1,0,0
2838,22,23,0.3359375,0.3515625,0,1,0,0
2839,23,23,0.3515625,0.3515625,0,1,0,0
2840,24,23,0.3671875,0.3515625,0,1,0,0
2841,25,23,0.3828125,0.3515625,0,1,0,0
2842,26,23,0.3984375,0.3515625,0,1,0,0
2843,27,23,0.4140625,0.3515625,0,1,0,0
2844,28,23,0.4296875,0.3515625,0,1,0,0
2845,29,23,0.4453125,0.3515625,0,1,0,0
2846,30,23,0.4609375,0.3515625,0,1,0,0
2847,31,23,0.4765625,0.3515625,0,1,0,0
2848,32,23,0.4921875,0.3515625,0,1,0,0
2849,33,23,0.5078125,0.3515625,1,0,30,30
2850,34,23,0.5234375,0.3515625,1,0,16,16
2851,35,23,0.5390625,0.3515625,1,0,22,22
2852,36,23,0.5546875,0.3515625,1,0,22,22
2853,37,23,0.5703125,0.3515625,1,0,27,27
2854,38,23,0.5859375,0.3515625,1,0,33,33
2855,39,23,0.6015625,0.3515625,1,0,4,4
2856,40,23,0.6171875,0.3515625,1,0,16,16
2857,41,23,0.6328125,0.3515625,1,0,13,13
2858,42,23,0.6484375,0.3515625,1,0,15,15
2859,43,23,0.6640625,0.3515625,1,0,30,30
2860,44,23,0.6796875,0.3515625,1,0,15,15
2861,45,23,0.6953125,0.3515625,1,0,31,31
2862,46,23,0.7109375,0.3515625,1,0,19,19
2863,47,23,0.7265625,0.3515625,1,0,22,22
2864,48,23,0.7421875,0.3515625,1,0,25,25
2865,49,23,0.7578125,0.3515625,1,0,18,18
2866,50,23,0.7734375,0.3515625,1,0,9,9
2867,51,23,0.7890625,0.3515625,1,0,25,25
2868,52,23,0.8046875,0.3515625,1,0,11,11
2869,53,23,0.8203125,0.3515625,1,0,30,30
2870,54,23,0.8359375,0.3515625,1,0,4,4
2871,55,23,0.8515625,0.3515625,1,0,22,22
2872,56,23,0.8671875,0.3515625,1,0,24,24
2873,57,23,0.8828125,0.3515625,1,0,4,4
2874,58,23,0.8984375,0.3515625,1,0,17,17
2875,59,23,0.9140625,0.3515625,1,0,16,16
2876,60,23,0.9296875,0.3515625,1,0,14,14
2877,61,23,0.9453125,0.3515625,1,0,15,15
2878,62,23,0.9609375,0.3515625,1,0,27,27
2879,63,23,0.9765625,0.3515625,1,0,22,22
2880,64,23,0.9921875,0.3515625,1,0,29,29
2881,65,23,1.0078125,0.3515625,1,0,26,26
2882,66,23,1.0234375,0.3515625,1,0,17,17
2883,67,23,1.0390625,0.3515625,1,0,22,22
2884,68,23,1.0546875,0.3515625,1,0,25,25
2885,69,23,1.0703125,0.3515625,1,0,23,23
2886,70,23,1.0859375,0.3515625,1,0,4,4
2887,71,23,1.1015625,0.3515625,1,0,24,24
2888,72,23,1.1171875,0.3515625,1,0,10,10
2889,73,23,1.1328125,0.3515625,1,0,14,14
2890,74,23,1.1484375,0.3515625,1,0,25,25
2891,75,23,1.1640625,0.3515625,1,0,23,23
2892,76,23,1.1796875,0.3515625,1,0,28,28
2893,77,23,1.1953125,0.3515625,1,0,24,24
2894,78,23,1.2109375,0.3515625,1,0,13,13
2895,79,23,1.2265625,0.3515625,1,0,26,26
2896,80,23,1.2421875,0.3515625,1,0,14,14
2897,81,23,1.2578125,0.3515625,1,0,20,20
2898,82,23,1.2734375,0.3515625,1,0,28,28
2899,83,23,1.2890625,0.3515625,1,0,20,20
2900,84,23,1.3046875,0.3515625,1,0,24,24
2901,85,23,1.3203125,0.3515625,1,0,19,19
2902,86,23,1.3359375,0.3515625,1,0,23,23
2903,87,23,1.3515625,0.3515625,1,0,22,22
2904,88,23,1.3671875,0.3515625,1,0,18,18
2905,89,23,1.3828125,0.3515625,1,0,12,12
2906,90,23,1.3984375,0.3515625,1,0,18,18
2907,91,23,1.4140625,0.3515625,1,0,21,21
2908,92,23,1.4296875,0.3515625,1,0,15,15
2909,93,23,1.4453125,0.3515625,1,0,22,22
2910,94,23,1.4609375,0.3515625,1,0,13,13
2911,95,23,1.4765625,0.3515625,1,0,19,19
2912,96,23,1.4921875,0.3515625,1,0,11,11
2913,97,23,1.5078125,0.3515625,1,0,19,19
2914,98,23,1.5234375,0.3515625,1,0,21,21
2915,99,23,1.5390625,0.3515625,1,0,23,23
2916,100,23,1.5546875,0.3515625,1,0,23,23
2917,101,23,1.5703125,0.3515625,1,0,25,25
2918,102,23,1.5859375,0.3515625,1,0,22,22
2919,103,23,1.6015625,0.3515625,1,0,17,17
2920,104,23,1.6171875,0.3515625,1,0,24,24
2921,105,23,1.6328125,0.3515625,1,0,17,17
2922,106,23,1.6484375,0.3515625,1,0,19,19
2923,107,23,1.6640625,0.3515625,1,0,21,21
2924,108,23,1.6796875,0.3515625,1,0,22,22
2925,109,23,1.6953125,0.3515625,1,0,27,27
2926,110,23,1.7109375,0.3515625,1,0,22,22
2927,111,23,1.7265625,0.3515625,1,0,22,22
2928,112,23,1.7421875,0.3515625,1,0,22,22
2929,113,23,1.7578125,0.3515625,1,0,7,7
2930,114,23,1.7734375,0.3515625,1,0,12,12
2931,115,23,1.7890625,0.3515625,1,0,27,27
2932,116,23,1.8046875,0.3515625,1,0,19,19
2933,117,23,1.8203125,0.3515625,1,0,18,18
2934,118,23,1.8359375,0.3515625,1,0,18,18
2935,119,23,1.8515625,0.3515625,1,0,27,27
2936,120,23,1.8671875,0.3515625,1,0,20,20
2937,121,23,1.8828125,0.3515625,1,0,10,10
2938,122,23,1.8984375,0.3515625,1,0,13,13
2939,123,23,1.9140625,0.3515625,1,0,25,25
2940,124,23,1.9296875,0.3515625,1,0,17,17
2941,125,23,1.9453125,0.3515625,1,0,26,26
2942,126,23,1.9609375,0.3515625,1,0,9,9
2943,127,23,1.9765625,0.3515625,1,0,16,16
2944,128,23,1.9921875,0.3515625,1,0,20,20
2945,1,24,0.0078125,0.3671875,1,0,22,22
2946,2,24,0.0234375,0.3671875,1,0,23,23
2947,3,24,0.0390625,0.3671875,1,0,14,14
2948,4,24,0.0546875,0.3671875,1,0,10,10
2949,5,24,0.0703125,0.3671875,1,0,22,22
2950,6,24,0.0859375,0.3671875,1,0,28,28
2951,7,24,0.1015625,0.3671875,1,0,28,28
2952,8,24,0.1171875,0.3671875,1,0,24,24
2953,9,24,0.1328125,0.3671875,1,0,20,20
2954,10,24,0.1484375,0.3671875,1,0,25,25
2955,11,24,0.1640625,0.3671875,1,0,25,25
2956,12,24,0.1796875,0.3671875,1,0,23,23
2957,13,24,0.1953125,0.3671875,1,0,16,16
2958,14,24,0.2109375,0.3671875,1,0,30,30
2959,15,24,0.2265625,0.3671875,1,0,24,24
2960,16,24,0.2421875,0.3671875,1,0,20,20
2961,17,24,0.2578125,0.3671875,0,1,0,0
2962,18,24,0.2734375,0.3671875,0,1,0,0
2963,19,24,0.2890625,0.3671875,0,1,0,0
2964,20,24,0.3046875,0.3671875,0,1,0,0
2965,21,24,0.3203125,0.3671875,0,1,0,0
2966,22,24,0.3359375,0.3671875,0,1,0,0
2967,23,24,0.3515625,0.3671875,0,1,0,0
2968,24,24,0.3671875,0.3671875,0,1,0,0
2969,25,24,0.3828125,0.3671875,0,1,0,0
2970,26,24,0.3984375,0.3671875,0,1,0,0
2971,27,24,0.4140625,0.3671875,0,1,0,0
2972,28,24,0.4296875,0.3671875,0,1,0,0
2973,29,24,0.4453125,0.3671875,0,1,0,0
2974,30,24,0.4609375,0.3671875,0,1,0,0
2975,31,24,0.4765625,0.3671875,0,1,0,0
2976,32,24,0.4921875,0.3671875,0,1,0,0
2977,33,24,0.5078125,0.3671875,1,0,23,23
2978,34,24,0.5234375,0.3671875,1,0,27,27
2979,35,24,0.5390625,0.3671875,1,0,15,15
2980,36,24,0.5546875,0.3671875,1,0,27,27
2981,37,24,0.5703125,0.3671875,1,0,20,20
2982,38,24,0.5859375,0.3671875,1,0,22,22
2983,39,24,0.6015625,0.3671875,1,0,25,25
2984,40,24,0.6171875,0.3671875,1,0,19,19
2985,41,24,0.6328125,0.3671875,1,0,20,20
2986,42,24,0.6484375,0.3671875,1,0,13,13
2987,43,24,0.6640625,0.3671875,1,0,17,17
2988,44,24,0.6796875,0.3671875,1,0,14,14
2989,45,24,0.6953125,0.3671875,1,0,30,30
2990,46,24,0.7109375,0.3671875,1,0,28,28
2991,47,24,0.7265625,0.3671875,1,0,21,21
2992,48,24,0.7421875,0.3671875,1,0,18,18
2993,49,24,0.7578125,0.3671875,1,0,23,23
2994,50,24,0.7734375,0.3671875,1,0,12,12
2995,51,24,0.7890625,0.3671875,1,0,30,30
2996,52,24,0.8046875,0.3671875,1,0,10,10
2997,53,24,0.8203125,0.3671875,1,0,19,19
2998,54,24,0.8359375,0.3671875,1,0,31,31
2999,55,24,0.8515625,0.3671875,1,0,26,26
3000,56,24,0.8671875,0.3671875,1,0,20,20
3001,57,24,0.8828125,0.3671875,1,0,11,11
3002,58,24,0.8984375,0.3671875,1,0,25,25
3003,59,24,0.9140625,0.3671875,1,0,5,5
3004,60,24,0.9296875,0.3671875,1,0,19,19
3005,61,24,0.9453125,0.3671875,1,0,26,26
3006,62,24,0.9609375,0.3671875,1,0,13,13
3007,63,24,0.9765625,0.3671875,1,0,19,19
3008,64,24,0.9921875,0.3671875,1,0,21,21
3009,65,24,1.0078125,0.3671875,1,0,25,25
3010,66,24,1.0234375,0.3671875,1,0,18,18
3011,67,24,1.0390625,0.3671875,1,0,22,22
3012,68,24,1.0546875,0.3671875,1,0,27,27
3013,69,24,1.0703125,0.3671875,1,0,14,14
3014,70,24,1.0859375,0.3671875,1,0,14,14
3015,71,24,1.1015625,0.3671875,1,0,11,11
3016,72,24,1.1171875,0.3671875,1,0,20,20
3017,73,24,1.1328125,0.3671875,1,0,29,29
3018,74,24,1.1484375,0.3671875,1,0,10,10
3019,75,24,1.1640625,0.3671875,1,0,7,7
3020,76,24,1.1796875,0.3671875,1,0,27,27
3021,77,24,1.1953125,0.3671875,1,0,16,16
3022,78,24,1.2109375,0.3671875,1,0,16,16
3023,79,24,1.2265625,0.3671875,1,0,17,17
3024,80,24,1.2421875,0.3671875,1,0,21,21
3025,81,24,1.2578125,0.3671875,1,0,18,18
3026,82,24,1.2734375,0.3671875,1,0,26,26
3027,83,24,1.2890625,0.3671875,1,0,11,11
3028,84,24,1.3046875,0.3671875,1,0,17,17
3029,85,24,1.3203125,0.3671875,1,0,14,14
3030,86,24,1.3359375,0.3671875,1,0,16,16
3031,87,24,1.3515625,0.3671875,1,0,30,30
3032,88,24,1.3671875,0.3671875,1,0,19,19
3033,89,24,1.3828125,0.3671875,1,0,24,24
3034,90,24,1.3984375,0.3671875,1,0,7,7
3035,91,24,1.4140625,0.3671875,1,0,18,18
3036,92,24,1.4296875,0.3671875,1,0,18,18
3037,93,24,1.4453125,0.3671875,1,0,23,23
3038,94,24,1.4609375,0.3671875,1,0,21,21
3039,95,24,1.4765625,0.3671875,1,0,12,12
3040,96,24,1.4921875,0.3671875,1,0,10,10
3041,97,24,1.5078125,0.3671875,1,0,22,22
3042,98,24,1.5234375,0.3671875,1,0,22,22
3043,99,24,1.5390625,0.3671875,1,0,17,17
3044,100,24,1.5546875,0.3671875,1,0,18,18
3045,101,24,1.5703125,0.3671875,1,0,21,21
3046,102,24,1.5859375,0.3671875,1,0,28,28
3047,103,24,1.6015625,0.3671875,1,0,21,21
3048,104,24,1.6171875,0.3671875,1,0,12,12
3049,105,24,1.6328125,0.3671875,1,0,17,17
3050,106,24,1.6484375,0.3671875,1,0,13,13
3051,107,24,1.6640625,0.3671875,1,0,14,14
3052,108,24,1.6796875,0.3671875,1,0,18,18
3053,109,24,1.6953125,0.3671875,1,0,10,10
3054,110,24,1.7109375,0.3671875,1,0,18,18
3055,111,24,1.7265625,0.3671875,1,0,24,24
3056,112,24,1.7421875,0.3671875,1,0,25,25
3057,113,24,1.7578125,0.3671875,1,0,24,24
3058,114,24,1.7734375,0.3671875,1,0,19,19
3059,115,24,1.7890625,0.3671875,1,0,22,22
3060,116,24,1.8046875,0.3671875,1,0,11,11
3061,117,24,1.8203125,0.3671875,1,0,15,15
3062,118,24,1.8359375,0.3671875,1,0,24,24
3063,119,24,1.8515625,0.3671875,1,0,21,21
3064,120,24,1.8671875,0.3671875,1,0,29,29
3065,121,24,1.8828125,0.3671875,1,0,13,13
3066,122,24,1.8984375,0.3671875,1,0,23,23
3067,123,24,1.9140625,0.3671875,1,0,20,20
3068,124,24,1.9296875,0.3671875,1,0,29,29
3069,125,24,1.9453125,0.3671875,1,0,24,24
3070,126,24,1.9609375,0.3671875,1,0,23,23
3071,127,24,1.9765625,0.3671875,1,0,26,26
3072,128,24,1.9921875,0.3671875,1,0,24,24
3073,1,25,0.0078125,0.3828125,1,0,21,21
3074,2,25,0.0234375,0.3828125,1,0,21,21
3075,3,25,0.0390625,0.3828125,1,0,22,22
3076,4,25,0.0546875,0.3828125,1,0,19,19
3077,5,25,0.0703125,0.3828125,1,0,28,28
3078,6,25,0.0859375,0.3828125,1,0,26,26
3079,7,25,0.1015625,0.3828125,1,0,10,10
3080,8,25,0.1171875,0.3828125,1,0,22,22
3081,9,25,0.1328125,0.3828125,1,0,19,19
3082,10,25,0.1484375,0.3828125,1,0,25,25
3083,11,25,0.1640625,0.3828125,1,0,25,25
3084,12,25,0.1796875,0.3828125,1,0,29,29
3085,13,25,0.1953125,0.3828125,1,0,12,12
3086,14,25,0.2109375,0.3828125,1,0,18,18
3087,15,25,0.2265625,0.3828125,1,0,23,23
3088,16,25,0.2421875,0.3828125,1,0,25,25
3089,17,25,0.2578125,0.3828125,0,1,0,0
3090,18,25,0.2734375,0.3828125,0,1,0,0
3091,19,25,0.2890625,0.3828125,0,1,0,0
3092,20,25,0.3046875,0.3828125,0,1,0,0
3093,21,25,0.3203125,0.3828125,0,1,0,0
3094,22,25,0.3359375,0.3828125,0,1,0,0
3095,23,25,0.3515625,0.3828125,0,1,0,0
3096,24,25,0.3671875,0.3828125,0,1,0,0
3097,25,25,0.3828125,0.3828125,0,1,0,0
3098,26,25,0.3984375,0.3828125,0,1,0,0
3099,27,25,0.4140625,0.3828125,0,1,0,0
3100,28,25,0.4296875,0.3828125,0,1,0,0
3101,29,25,0.4453125,0.3828125,0,1,0,0
3102,30,25,0.4609375,0.3828125,0,1,0,0
3103,31,25,0.4765625,0.3828125,0,1,0,0
3104,32,25,0.4921875,0.3828125,0,1,0,0
3105,33,25,0.5078125,0.3828125,1,0,27,27
3106,34,25,0.5234375,0.3828125,1,0,25,25
3107,35,25,0.5390625,0.3828125,1,0,20,20
3108,36,25,0.5546875,0.3828125,1,0,11,11
3109,37,25,0.5703125,0.3828125,1,0,17,17
3110,38,25,0.5859375,0.3828125,1,0,23,23
3111,39,25,0.6015625,0.3828125,1,0,33,33
3112,40,25,0.6171875,0.3828125,1,0,19,19
3113,41,25,0.6328125,0.3828125,1,0,12,12
3114,42,25,0.6484375,0.3828125,1,0,23,23
3115,43,25,0.6640625,0.3828125,1,0,21,21
3116,44,25,0.6796875,0.3828125,1,0,20,20
3117,45,25,0.6953125,0.3828125,1,0,34,34
3118,46,25,0.7109375,0.3828125,1,0,14,14
3119,47,25,0.7265625,0.3828125,1,0,17,17
3120,48,25,0.7421875,0.3828125,1,0,17,17
3121,49,25,0.7578125,0.3828125,1,0,19,19
3122,50,25,0.7734375,0.3828125,1,0,26,26
3123,51,25,0.7890625,0.3828125,1,0,31,31
3124,52,25,0.8046875,0.3828125,1,0,17,17
3125,53,25,0.8203125,0.3828125,1,0,17,17
3126,54,25,0.8359375,0.3828125,1,0,27,27
3127,55,25,0.8515625,0.3828125,1,0,19,19
3128,56,25,0.8671875,0.3828125,1,0,10,10
3129,57,25,0.8828125,0.3828125,1,0,25,25
3130,58,25,0.8984375,0.3828125,1,0,20,20
3131,59,25,0.9140625,0.3828125,1,0,22,22
3132,60,25,0.9296875,0.3828125,1,0,22,22
3133,61,25,0.9453125,0.3828125,1,0,9,9
3134,62,25,0.9609375,0.3828125,1,0,30,30
3135,63,25,0.9765625,0.3828125,1,0,30,30
3136,64,25,0.9921875,0.3828125,1,0,22,22
3137,65,25,1.0078125,0.3828125,1,0,24,24
3138,66,25,1.0234375,0.3828125,1,0,25,25
3139,67,25,1.0390625,0.3828125,1,0,13,13
3140,68,25,1.0546875,0.3828125,1,0,22,22
3141,69,25,1.0703125,0.3828125,1,0,22,22
3142,70,25,1.0859375,0.3828125,1,0,12,12
3143,71,25,1.1015625,0.3828125,1,0,15,15
3144,72,25,1.1171875,0.3828125,1,0,20,20
3145,73,25,1.1328125,0.3828125,1,0,22,22
3146,74,25,1.1484375,0.3828125,1,0,30,30
3147,75,25,1.1640625,0.3828125,1,0,17,17
3148,76,25,1.1796875,0.3828125,1,0,26,26
3149,77,25,1.1953125,0.3828125,1,0,9,9
3150,78,25,1.2109375,0.3828125,1,0,18,18
3151,79,25,1.2265625,0.3828125,1,0,24,24
3152,80,25,1.2421875,0.3828125,1,0,36,36
3153,81,25,1.2578125,0.3828125,1,0,25,25
3154,82,25,1.2734375,0.3828125,1,0,22,22
3155,83,25,1.2890625,0.3828125,1,0,29,29
3156,84,25,1.3046875,0.3828125,1,0,14,14
3157,85,25,1.3203125,0.3828125,1,0,26,26
3158,86,25,1.3359375,0.3828125,1,0,23,23
3159,87,25,1.3515625,0.3828125,1,0,23,23
3160,88,25,1.3671875,0.3828125,1,0,14,14
3161,89,25,1.3828125,0.3828125,1,0,16,16
3162,90,25,1.3984375,0.3828125,1,0,25,25
3163,91,25,1.4140625,0.3828125,1,0,22,22
3164,92,25,1.4296875,0.3828125,1,0,15,15
3165,93,25,1.4453125,0.3828125,1,0,27,27
3166,94,25,1.4609375,0.3828125,1,0,22,22
3167,95,25,1.4765625,0.3828125,1,0,19,19
3168,96,25,1.4921875,0.3828125,1,0,10,10
3169,97,25,1.5078125,0.3828125,1,0,25,25
3170,98,25,1.5234375,0.3828125,1,0,26,26
3171,99,25,1.5390625,0.3828125,1,0,13,13
3172,100,25,1.5546875,0.3828125,1,0,27,27
3173,101,25,1.5703125,0.3828125,1,0,18,18
3174,102,25,1.5859375,0.3828125,1,0,18,18
3175,103,25,1.6015625,0.3828125,1,0,31,31
3176,104,25,1.6171875,0.3828125,1,0,20,20
3177,105,25,1.6328125,0.3828125,1,0,17,17
3178,106,25,1.6484375,0.3828125,1,0,20,20
3179,107,25,1.6640625,0.3828125,1,0,25,25
3180,108,25,1.6796875,0.3828125,1,0,22,22
3181,109,25,1.6953125,0.3828125,1,0,30,30
3182,110,25,1.7109375,0.3828125,1,0,24,24
3183,111,25,1.7265625,0.3828125,1,0,24,24
3184,112,25,1.7421875,0.3828125,1,0,22,22
3185,113,25,1.7578125,0.3828125,1,0,19,19
3186,114,25,1.7734375,0.3828125,1,0,25,25
3187,115,25,1.7890625,0.3828125,1,0,25,25
3188,116,25,1.8046875,0.3828125,1,0,25,25
3189,117,25,1.8203125,0.3828125,1,0,23,23
3190,118,25,1.8359375,0.3828125,1,0,20,20
3191,119,25,1.8515625,0.3828125,1,0,25,25
3192,120,25,1.8671875,0.3828125,1,0,27,27
3193,121,25,1.8828125,0.3828125,1,0,22,22
3194,122,25,1.8984375,0.3828125,1,0,11,11
3195,123,25,1.9140625,0.3828125,1,0,26,26
3196,124,25,1.9296875,0.3828125,1,0,23,23
3197,125,25,1.9453125,0.3828125,1,0,26,26
3198,126,25,1.9609375,0.3828125,1,0,21,21
3199,127,25,1.9765625,0.3828125,1,0,20,20
3200,128,25,1.9921875,0.3828125,1,0,20,20
3201,1,26,0.0078125,0.3984375,1,0,23,23
3202,2,26,0.0234375,0.3984375,1,0,18,18
3203,3,26,0.0390625,0.3984375,1,0,8,8
3204,4,26,0.0546875,0.3984375,1,0,21,21
3205,5,26,0.0703125,0.3984375,1,0,16,16
3206,6,26,0.0859375,0.3984375,1,0,18,18
3207,7,26,0.1015625,0.3984375,1,0,11,11
3208,8,26,0.1171875,0.3984375,1,0,20,20
3209,9,26,0.1328125,0.3984375,1,0,15,15
3210,10,26,0.1484375,0.3984375,1,0,31,31
3211,11,26,0.1640625,0.3984375,1,0,36,36
3212,12,26,0.1796875,0.3984375,1,0,15,15
3213,13,26,0.1953125,0.3984375,1,0,18,18
3214,14,26,0.2109375,0.3984375,1,0,16,16
3215,15,26,0.2265625,0.3984375,1,0,20,20
3216,16,26,0.2421875,0.3984375,1,0,4,4
3217,17,26,0.2578125,0.3984375,0,1,0,0
3218,18,26,0.2734375,0.3984375,0,1,0,0
3219,19,26,0.2890625,0.3984375,0,1,0,0
3220,20,26,0.3046875,0.3984375,0,1,0,0
3221,21,26,0.3203125,0.3984375,0,1,0,0
3222,22,26,0.3359375,0.3984375,0,1,0,0
3223,23,26,0.3515625,0.3984375,0,1,0,0
3224,24,26,0.3671875,0.3984375,0,1,0,0
3225,25,26,0.3828125,0.3984375,0,1,0,0
3226,26,26,0.3984375,0.3984375,0,1,0,0
3227,27,26,0.4140625,0.3984375,0,1,0,0
3228,28,26,0.4296875,0.3984375,0,1,0,0
3229,29,26,0.4453125,0.3984375,0,1,0,0
3230,30,26,0.4609375,0.3984375,0,1,0,0
3231,31,26,0.4765625,0.3984375,0,1,0,0
3232,32,26,0.4921875,0.3984375,0,1,0,0
3233,33,26,0.5078125,0.3984375,1,0,20,20
3234,34,26,0.5234375,0.3984375,1,0,21,21
3235,35,26,0.5390625,0.3984375,1,0,13,13
3236,36,26,0.5546875,0.3984375,1,0,21,21
3237,37,26,0.5703125,0.3984375,1,0,33,33
3238,38,26,0.5859375,0.3984375,1,0,27,27
3239,39,26,0.6015625,0.3984375,1,0,12,12
3240,40,26,0.6171875,0.3984375,1,0,23,23
3241,41,26,0.6328125,0.3984375,1,0,20,20
3242,42,26,0.6484375,0.3984375,1,0,28,28
3243,43,26,0.6640625,0.3984375,1,0,22,22
3244,44,26,0.6796875,0.3984375,1,0,20,20
3245,45,26,0.6953125,0.3984375,1,0,22,22
3246,46,26,0.7109375,0.3984375,1,0,7,7
3247,47,26,0.7265625,0.3984375,1,0,11,11
3248,48,26,0.7421875,0.3984375,1,0,22,22
3249,49,26,0.7578125,0.3984375,1,0,16,16
3250,50,26,0.7734375,0.3984375,1,0,21,21
3251,51,26,0.7890625,0.3984375,1,0,24,24
3252,52,26,0.8046875,0.3984375,1,0,15,15
3253,53,26,0.8203125,0.3984375,1,0,17,17
3254,54,26,0.8359375,0.3984375,1,0,20,20
3255,55,26,0.8515625,0.3984375,1,0,20,20
3256,56,26,0.8671875,0.3984375,1,0,21,21
3257,57,26,0.8828125,0.3984375,1,0,25,25
3258,58,26,0.8984375,0.3984375,1,0,7,7
3259,59,26,0.9140625,0.3984375,1,0,35,35
3260,60,26,0.9296875,0.3984375,1,0,24,24
3261,61,26,0.9453125,0.3984375,1,0,17,17
3262,62,26,0.9609375,0.3984375,1,0,23,23
3263,63,26,0.9765625,0.3984375,1,0,27,27
3264,64,26,0.9921875,0.3984375,1,0,9,9
3265,65,26,1.0078125,0.3984375,1,0,22,22
3266,66,26,1.0234375,0.3984375,1,0,28,28
3267,67,26,1.0390625,0.3984375,1,0,13,13
3268,68,26,1.0546875,0.3984375,1,0,16,16
3269,69,26,1.0703125,0.3984375,1,0,18,18
3270,70,26,1.0859375,0.3984375,1,0,16,16
3271,71,26,1.1015625,0.3984375,1,0,19,19
3272,72,26,1.1171875,0.3984375,1,0,20,20
3273,73,26,1.1328125,0.3984375,1,0,31,31
3274,74,26,1.1484375,0.3984375,1,0,19,19
3275,75,26,1.1640625,0.3984375,1,0,16,16
3276,76,26,1.1796875,0.3984375,1,0,21,21
3277,77,26,1.1953125,0.3984375,1,0,26,26
3278,78,26,1.2109375,0.3984375,1,0,27,27
3279,79,26,1.2265625,0.3984375,1,0,18,18
3280,80,26,1.2421875,0.3984375,1,0,28,28
3281,81,26,1.2578125,0.3984375,1,0,15,15
3282,82,26,1.2734375,0.3984375,1,0,18,18
3283,83,26,1.2890625,0.3984375,1,0,13,13
3284,84,26,1.3046875,0.3984375,1,0,29,29
3285,85,26,1.3203125,0.3984375,1,0,15,15
3286,86,26,1.3359375,0.3984375,1,0,23,23
3287,87,26,1.3515625,0.3984375,1,0,12,12
3288,88,26,1.3671875,0.3984375,1,0,24,24
3289,89,26,1.3828125,0.3984375,1,0,31,31
3290,90,26,1.3984375,0.3984375,1,0,20,20
3291,91,26,1.4140625,0.3984375,1,0,32,32
3292,92,26,1.4296875,0.3984375,1,0,22,22
3293,93,26,1.4453125,0.3984375,1,0,25,25
3294,94,26,1.4609375,0.3984375,1,0,21,21
3295,95,26,1.4765625,0.3984375,1,0,21,21
3296,96,26,1.4921875,0.3984375,1,0,14,14
3297,97,26,1.5078125,0.3984375,1,0,25,25
3298,98,26,1.5234375,0.3984375,1,0,22,22
3299,99,26,1.5390625,0.3984375,1,0,23,23
3300,100,26,1.5546875,0.3984375,1,0,26,26
3301,101,26,1.5703125,0.3984375,1,0,9,9
3302,102,26,1.5859375,0.3984375,1,0,31,31
3303,103,26,1.6015625,0.3984375,1,0,20,20
3304,104,26,1.6171875,0.3984375,1,0,16,16
3305,105,26,1.6328125,0.3984375,1,0,33,33
3306,106,26,1.6484375,0.3984375,1,0,20,20
3307,107,26,1.6640625,0.3984375,1,0,18,18
3308,108,26,1.6796875,0.3984375,1,0,24,24
3309,109,26,1.6953125,0.3984375,1,0,22,22
3310,110,26,1.7109375,0.3984375,1,0,20,20
3311,111,26,1.7265625,0.3984375,1,0,32,32
3312,112,26,1.7421875,0.3984375,1,0,16,16
3313,113,26,1.7578125,0.3984375,1,0,20,20
3314,114,26,1.7734375,0.3984375,1,0,22,22
3315,115,26,1.7890625,0.3984375,1,0,24,24
3316,116,26,1.8046875,0.3984375,1,0,27,27
3317,117,26,1.8203125,0.3984375,1,0,16,16
3318,118,26,1.8359375,0.3984375,1,0,16,16
3319,119,26,1.8515625,0.3984375,1,0,17,17
3320,120,26,1.8671875,0.3984375,1,0,24,24
3321,121,26,1.8828125,0.3984375,1,0,12,12
3322,122,26,1.8984375,0.3984375,1,0,14,14
3323,123,26,1.9140625,0.3984375,1,0,29,29
3324,124,26,1.9296875,0.3984375,1,0,26,26
3325,125,26,1.9453125,0.3984375,1,0,25,25
3326,126,26,1.9609375,0.3984375,1,0,27,27
3327,127,26,1.9765625,0.3984375,1,0,10,10
3328,128,26,1.9921875,0.3984375,1,0,17,17
3329,1,27,0.0078125,0.4140625,1,0,30,30
3330,2,27,0.0234375,0.4140625,1,0,9,9
3331,3,27,0.0390625,0.4140625,1,0,22,22
3332,4,27,0.0546875,0.4140625,1,0,19,19
3333,5,27,0.0703125,0.4140625,1,0,19,19
3334,6,27,0.0859375,0.4140625,1,0,28,28
3335,7,27,0.1015625,0.4140625,1,0,21,21
3336,8,27,0.1171875,0.4140625,1,0,6,6
3337,9,27,0.1328125,0.4140625,1,0,18,18
3338,10,27,0.1484375,0.4140625,1,0,17,17
3339,11,27,0.1640625,0.4140625,1,0,24,24
3340,12,27,0.1796875,0.4140625,1,0,15,15
3341,13,27,0.1953125,0.4140625,1,0,21,21
3342,14,27,0.2109375,0.4140625,1,0,20,20
3343,15,27,0.2265625,0.4140625,1,0,34,34
3344,16,27,0.2421875,0.4140625,1,0,23,23
3345,17,27,0.2578125,0.4140625,0,1,0,0
3346,18,27,0.2734375,0.4140625,0,1,0,0
3347,19,27,0.2890625,0.4140625,0,1,0,0
3348,20,27,0.3046875,0.4140625,0,1,0,0
3349,21,27,0.3203125,0.4140625,0,1,0,0
3350,22,27,0.3359375,0.4140625,0,1,0,0
3351,23,27,0.3515625,0.4140625,0,1,0,0
3352,24,27,0.3671875,0.4140625,0,1,0,0
3353,25,27,0.3828125,0.4140625,0,1,0,0
3354,26,27,0.3984375,0.4140625,0,1,0,0
3355,27,27,0.4140625,0.4140625,0,1,0,0
3356,28,27,0.4296875,0.4140625,0,1,0,0
3357,29,27,0.4453125,0.4140625,0,1,0,0
3358,30,27,0.4609375,0.4140625,0,1,0,0
3359,31,27,0.4765625,0.4140625,0,1,0,0
3360,32,27,0.4921875,0.4140625,0,1,0,0
3361,33,27,0.5078125,0.4140625,1,0,24,24
3362,34,27,0.5234375,0.4140625,1,0,19,19
3363,35,27,0.5390625,0.4140625,1,0,7,7
3364,36,27,0.5546875,0.4140625,1,0,12,12
3365,37,27,0.5703125,0.4140625,1,0,17,17
3366,38,27,0.5859375,0.4140625,1,0,22,22
3367,39,27,0.6015625,0.4140625,1,0,19,19
3368,40,27,0.6171875,0.4140625,1,0,13,13
3369,41,27,0.6328125,0.4140625,1,0,29,29
3370,42,27,0.6484375,0.4140625,1,0,19,19
3371,43,27,0.6640625,0.4140625,1,0,33,33
3372,44,27,0.6796875,0.4140625,1,0,18,18
3373,45,27,0.6953125,0.4140625,1,0,14,14
3374,46,27,0.7109375,0.4140625,1,0,18,18
3375,47,27,0.7265625,0.4140625,1,0,25,25
3376,48,27,0.7421875,0.4140625,1,0,16,16
3377,49,27,0.7578125,0.4140625,1,0,19,19
3378,50,27,0.7734375,0.4140625,1,0,8,8
3379,51,27,0.7890625,0.4140625,1,0,19,19
3380,52,27,0.8046875,0.4140625,1,0,8,8
3381,53,27,0.8203125,0.4140625,1,0,17,17
3382,54,27,0.8359375,0.4140625,1,0,26,26
3383,55,27,0.8515625,0.4140625,1,0,13,13
3384,56,27,0.8671875,0.4140625,1,0,22,22
3385,57,27,0.8828125,0.4140625,1,0,21,21
3386,58,27,0.8984375,0.4140625,1,0,10,10
3387,59,27,0.9140625,0.4140625,1,0,29,29
3388,60,27,0.9296875,0.4140625,1,0,17,17
3389,61,27,0.9453125,0.4140625,1,0,25,25
3390,62,27,0.9609375,0.4140625,1,0,22,22
3391,63,27,0.9765625,0.4140625,1,0,16,16
3392,64,27,0.9921875,0.4140625,1,0,30,30
3393,65,27,1.0078125,0.4140625,1,0,22,22
3394,66,27,1.0234375,0.4140625,1,0,5,5
3395,67,27,1.0390625,0.4140625,1,0,26,26
3396,68,27,1.0546875,0.4140625,1,0,27,27
3397,69,27,1.0703125,0.4140625,1,0,8,8
3398,70,27,1.0859375,0.4140625,1,0,21,21
3399,71,27,1.1015625,0.4140625,1,0,23,23
3400,72,27,1.1171875,0.4140625,1,0,15,15
3401,73,27,1.1328125,0.4140625,1,0,14,14
3402,74,27,1.1484375,0.4140625,1,0,22,22
3403,75,27,1.1640625,0.4140625,1,0,20,20
3404,76,27,1.1796875,0.4140625,1,0,13,13
3405,77,27,1.1953125,0.4140625,1,0,25,25
3406,78,27,1.2109375,0.4140625,1,0,16,16
3407,79,27,1.2265625,0.4140625,1,0,24,24
3408,80,27,1.2421875,0.4140625,1,0,29,29
3409,81,27,1.2578125,0.4140625,1,0,7,7
3410,82,27,1.2734375,0.4140625,1,0,21,21
3411,83,27,1.2890625,0.4140625,1,0,23,23
3412,84,27,1.3046875,0.4140625,1,0,20,20
3413,85,27,1.3203125,0.4140625,1,0,23,23
3414,86,27,1.3359375,0.4140625,1,0,23,23
3415,87,27,1.3515625,0.4140625,1,0,24,24
3416,88,27,1.3671875,0.4140625,1,0,24,24
3417,89,27,1.3828125,0.4140625,1,0,12,12
3418,90,27,1.3984375,0.4140625,1,0,12,12
3419,91,27,1.4140625,0.4140625,1,0,17,17
3420,92,27,1.4296875,0.4140625,1,0,27,27
3421,93,27,1.4453125,0.4140625,1,0,33,33
3422,94,27,1.4609375,0.4140625,1,0,25,25
3423,95,27,1.4765625,0.4140625,1,0,21,21
3424,96,27,1.4921875,0.4140625,1,0,16,16
3425,97,27,1.5078125,0.4140625,1,0,26,26
3426,98,27,1.5234375,0.4140625,1,0,30,30
3427,99,27,1.5390625,0.4140625,1,0,28,28
3428,100,27,1.5546875,0.4140625,1,0,26,26
3429,101,27,1.5703125,0.4140625,1,0,9,9
3430,102,27,1.5859375,0.4140625,1,0,19,19
3431,103,27,1.6015625,0.4140625,1,0,28,28
3432,104,27,1.6171875,0.4140625,1,0,30,30
3433,105,27,1.6328125,0.4140625,1,0,22,22
3434,106,27,1.6484375,0.4140625,1,0,24,24
3435,107,27,1.6640625,0.4140625,1,0,19,19
3436,108,27,1.6796875,0.4140625,1,0,15,15
3437,109,27,1.6953125,0.4140625,1,0,25,25
3438,110,27,1.7109375,0.4140625,1,0,24,24
3439,111,27,1.7265625,0.4140625,1,0,13,13
3440,112,27,1.7421875,0.4140625,1,0,23,23
3441,113,27,1.7578125,0.4140625,1,0,29,29
3442,114,27,1.7734375,0.4140625,1,0,25,25
3443,115,27,1.7890625,0.4140625,1,0,19,19
3444,116,27,1.8046875,0.4140625,1,0,14,14
3445,117,27,1.8203125,0.4140625,1,0,16,16
3446,118,27,1.8359375,0.4140625,1,0,26,26
3447,119,27,1.8515625,0.4140625,1,0,19,19
3448,120,27,1.8671875,0.4140625,1,0,36,36
3449,121,27,1.8828125,0.4140625,1,0,5,5
3450,122,27,1.8984375,0.4140625,1,0,27,27
3451,123,27,1.9140625,0.4140625,1,0,28,28
3452,124,27,1.9296875,0.4140625,1,0,17,17
3453,125,27,1.9453125,0.4140625,1,0,28,28
3454,126,27,1.9609375,0.4140625,1,0,15,15
3455,127,27,1.9765625,0.4140625,1,0,27,27
3456,128,27,1.9921875,0.4140625,1,0,21,21
3457,1,28,0.0078125,0.4296875,1,0,16,16
3458,2,28,0.0234375,0.4296875,1,0,23,23
3459,3,28,0.0390625,0.4296875,1,0,9,9
3460,4,28,0.0546875,0.4296875,1,0,13,13
3461,5,28,0.0703125,0.4296875,1,0,18,18
3462,6,28,0.0859375,0.4296875,1,0,17,17
3463,7,28,0.1015625,0.4296875,1,0,13,13
3464,8,28,0.1171875,0.4296875,1,0,18,18
3465,9,28,0.1328125,0.4296875,1,0,26,26
3466,10,28,0.1484375,0.4296875,1,0,12,12
3467,11,28,0.1640625,0.4296875,1,0,27,27
3468,12,28,0.1796875,0.4296875,1,0,19,19
3469,13,28,0.1953125,0.4296875,1,0,15,15
3470,14,28,0.2109375,0.4296875,1,0,9,9
3471,15,28,0.2265625,0.4296875,1,0,13,13
3472,16,28,0.2421875,0.4296875,1,0,34,34
3473,17,28,0.2578125,0.4296875,0,1,0,0
3474,18,28,0.2734375,0.4296875,0,1,0,0
3475,19,28,0.2890625,0.4296875,0,1,0,0
3476,20,28,0.3046875,0.4296875,0,1,0,0
3477,21,28,0.3203125,0.4296875,0,1,0,0
3478,22,28,0.3359375,0.4296875,0,1,0,0
3479,23,28,0.3515625,0.4296875,0,1,0,0
3480,24,28,0.3671875,0.4296875,0,1,0,0
3481,25,28,0.3828125,0.4296875,0,1,0,0
3482,26,28,0.3984375,0.4296875,0,1,0,0
3483,27,28,0.4140625,0.4296875,0,1,0,0
3484,28,28,0.4296875,0.4296875,0,1,0,0
3485,29,28,0.4453125,0.4296875,0,1,0,0
3486,30,28,0.4609375,0.4296875,0,1,0,0
3487,31,28,0.4765625,0.4296875,0,1,0,0
3488,32,28,0.4921875,0.4296875,0,1,0,0
3489,33,28,0.5078125,0.4296875,1,0,17,17
3490,34,28,0.5234375,0.4296875,1,0,15,15
3491,35,28,0.5390625,0.4296875,1,0,24,24
3492,36,28,0.5546875,0.4296875,1,0,26,26
3493,37,28,0.5703125,0.4296875,1,0,19,19
3494,38,28,0.5859375,0.4296875,1,0,22,22
3495,39,28,0.6015625,0.4296875,1,0,20,20
3496,40,28,0.6171875,0.4296875,1,0,20,20
3497,41,28,0.6328125,0.4296875,1,0,27,27
3498,42,28,0.6484375,0.4296875,1,0,13,13
3499,43,28,0.6640625,0.4296875,1,0,22,22
3500,44,28,0.6796875,0.4296875,1,0,21,21
3501,45,28,0.6953125,0.4296875,1,0,21,21
3502,46,28,0.7109375,0.4296875,1,0,18,18
3503,47,28,0.7265625,0.4296875,1,0,22,22
3504,48,28,0.7421875,0.4296875,1,0,27,27
3505,49,28,0.7578125,0.4296875,1,0,10,10
3506,50,28,0.7734375,0.4296875,1,0,20,20
3507,51,28,0.7890625,0.4296875,1,0,21,21
3508,52,28,0.8046875,0.4296875,1,0,22,22
3509,53,28,0.8203125,0.4296875,1,0,17,17
3510,54,28,0.8359375,0.4296875,1,0,15,15
3511,55,28,0.8515625,0.4296875,1,0,16,16
3512,56,28,0.8671875,0.4296875,1,0,28,28
3513,57,28,0.8828125,0.4296875,1,0,27,27
3514,58,28,0.8984375,0.4296875,1,0,16,16
3515,59,28,0.9140625,0.4296875,1,0,15,15
3516,60,28,0.9296875,0.4296875,1,0,25,25
3517,61,28,0.9453125,0.4296875,1,0,27,27
3518,62,28,0.9609375,0.4296875,1,0,29,29
3519,63,28,0.9765625,0.4296875,1,0,25,25
3520,64,28,0.9921875,0.4296875,1,0,26,26
3521,65,28,1.0078125,0.4296875,1,0,11,11
3522,66,28,1.0234375,0.4296875,1,0,17,17
3523,67,28,1.0390625,0.4296875,1,0,20,20
3524,68,28,1.0546875,0.4296875,1,0,24,24
3525,69,28,1.0703125,0.4296875,1,0,32,32
3526,70,28,1.0859375,0.4296875,1,0,10,10
3527,71,28,1.1015625,0.4296875,1,0,18,18
3528,72,28,1.1171875,0.4296875,1,0,16,16
3529,73,28,1.1328125,0.4296875,1,0,18,18
3530,74,28,1.1484375,0.4296875,1,0,31,31
3531,75,28,1.1640625,0.4296875,1,0,22,22
3532,76,28,1.1796875,0.4296875,1,0,25,25
3533,77,28,1.1953125,0.4296875,1,0,22,22
3534,78,28,1.2109375,0.4296875,1,0,14,14
3535,79,28,1.2265625,0.4296875,1,0,17,17
3536,80,28,1.2421875,0.4296875,1,0,22,22
3537,81,28,1.2578125,0.4296875,1,0,22,22
3538,82,28,1.2734375,0.4296875,1,0,22,22
3539,83,28,1.2890625,0.4296875,1,0,16,16
3540,84,28,1.3046875,0.4296875,1,0,15,15
3541,85,28,1.3203125,0.4296875,1,0,17,17
3542,86,28,1.3359375,0.4296875,1,0,12,12
3543,87,28,1.3515625,0.4296875,1,0,20,20
3544,88,28,1.3671875,0.4296875,1,0,21,21
3545,89,28,1.3828125,0.4296875,1,0,22,22
3546,90,28,1.3984375,0.4296875,1,0,23,23
3547,91,28,1.4140625,0.4296875,1,0,20,20
3548,92,28,1.4296875,0.4296875,1,0,14,14
3549,93,28,1.4453125,0.4296875,1,0,27,27
3550,94,28,1.4609375,0.4296875,1,0,26,26
3551,95,28,1.4765625,0.4296875,1,0,25,25
3552,96,28,1.4921875,0.4296875,1,0,25,25
3553,97,28,1.5078125,0.4296875,1,0,11,11
3554,98,28,1.5234375,0.4296875,1,0,20,20
3555,99,28,1.5390625,0.4296875,1,0,29,29
3556,100,28,1.5546875,0.4296875,1,0,22,22
3557,101,28,1.5703125,0.4296875,1,0,17,17
3558,102,28,1.5859375,0.4296875,1,0,23,23
3559,103,28,1.6015625,0.4296875,1,0,23,23
3560,104,28,1.6171875,0.4296875,1,0,25,25
3561,105,28,1.6328125,0.4296875,1,0,19,19
3562,106,28,1.6484375,0.4296875,1,0,17,17
3563,107,28,1.6640625,0.4296875,1,0,20,20
3564,108,28,1.6796875,0.4296875,1,0,13,13
3565,109,28,1.6953125,0.4296875,1,0,28,28
3566,110,28,1.7109375,0.4296875,1,0,23,23
3567,111,28,1.7265625,0.4296875,1,0,24,24
3568,112,28,1.7421875,0.4296875,1,0,26,26
3569,113,28,1.7578125,0.4296875,1,0,21,21
3570,114,28,1.7734375,0.4296875,1,0,23,23
3571,115,28,1.7890625,0.4296875,1,0,15,15
3572,116,28,1.8046875,0.4296875,1,0,16,16
3573,117,28,1.8203125,0.4296875,1,0,11,11
3574,118,28,1.8359375,0.4296875,1,0,21,21
3575,119,28,1.8515625,0.4296875,1,0,22,22
3576,120,28,1.8671875,0.4296875,1,0,24,24
3577,121,28,1.8828125,0.4296875,1,0,18,18
3578,122,28,1.8984375,0.4296875,1,0,15,15
3579,123,28,1.9140625,0.4296875,1,0,23,23
3580,124,28,1.9296875,0.4296875,1,0,24,24
3581,125,28,1.9453125,0.4296875,1,0,19,19
3582,126,28,1.9609375,0.4296875,1,0,19,19
3583,127,28,1.9765625,0.4296875,1,0,27,27
3584,128,28,1.9921875,0.4296875,1,0,13,13
3585,1,29,0.0078125,0.4453125,1,0,21,21
3586,2,29,0.0234375,0.4453125,1,0,26,26
3587,3,29,0.0390625,0.4453125,1,0,26,26
3588,4,29,0.0546875,0.4453125,1,0,22,22
3589,5,29,0.0703125,0.4453125,1,0,10,10
3590,6,29,0.0859375,0.4453125,1,0,13,13
3591,7,29,0.1015625,0.4453125,1,0,19,19
3592,8,29,0.1171875,0.4453125,1,0,12,12
3593,9,29,0.1328125,0.4453125,1,0,15,15
3594,10,29,0.1484375,0.4453125,1,0,20,20
3595,11,29,0.1640625,0.4453125,1,0,33,33
3596,12,29,0.1796875,0.4453125,1,0,19,19
3597,13,29,0.1953125,0.4453125,1,0,26,26
3598,14,29,0.2109375,0.4453125,1,0,29,29
3599,15,29,0.2265625,0.4453125,1,0,15,15
3600,16,29,0.2421875,0.4453125,1,0,28,28
3601,17,29,0.2578125,0.4453125,0,1,0,0
3602,18,29,0.2734375,0.4453125,0,1,0,0
3603,19,29,0.2890625,0.4453125,0,1,0,0
3604,20,29,0.3046875,0.4453125,0,1,0,0
3605,21,29,0.3203125,0.4453125,0,1,0,0
3606,22,29,0.3359375,0.4453125,0,1,0,0
3607,23,29,0.3515625,0.4453125,0,1,0,0
3608,24,29,0.3671875,0.4453125,0,1,0,0
3609,25,29,0.3828125,0.4453125,0,1,0,0
3610,26,29,0.3984375,0.4453125,0,1,0,0
3611,27,29,0.4140625,0.4453125,0,1,0,0
3612,28,29,0.4296875,0.4453125,0,1,0,0
3613,29,29,0.4453125,0.4453125,0,1,0,0
3614,30,29,0.4609375,0.4453125,0,1,0,0
3615,31,29,0.4765625,0.4453125,0,1,0,0
3616,32,29,0.4921875,0.4453125,0,1,0,0
3617,33,29,0.5078125,0.4453125,1,0,24,24
3618,34,29,0.5234375,0.4453125,1,0,24,24
3619,35,29,0.5390625,0.4453125,1,0,24,24
3620,36,29,0.5546875,0.4453125,1,0,24,24
3621,37,29,0.5703125,0.4453125,1,0,16,16
3622,38,29,0.5859375,0.4453125,1,0,15,15
3623,39,29,0.6015625,0.4453125,1,0,23,23
3624,40,29,0.6171875,0.4453125,1,0,17,17
3625,41,29,0.6328125,0.4453125,1,0,12,12
3626,42,29,0.6484375,0.4453125,1,0,21,21
3627,43,29,0.6640625,0.4453125,1,0,27,27
3628,44,29,0.6796875,0.4453125,1,0,23,23
3629,45,29,0.6953125,0.4453125,1,0,19,19
3630,46,29,0.7109375,0.4453125,1,0,27,27
3631,47,29,0.7265625,0.4453125,1,0,22,22
3632,48,29,0.7421875,0.4453125,1,0,11,11
3633,49,29,0.7578125,0.4453125,1,0,22,22
3634,50,29,0.7734375,0.4453125,1,0,23,23
3635,51,29,0.7890625,0.4453125,1,0,17,17
3636,52,29,0.8046875,0.4453125,1,0,13,13
3637,53,29,0.8203125,0.4453125,1,0,20,20
3638,54,29,0.8359375,0.4453125,1,0,17,17
3639,55,29,0.8515625,0.4453125,1,0,14,14
3640,56,29,0.8671875,0.4453125,1,0,21,21
3641,57,29,0.8828125,0.4453125,1,0,17,17
3642,58,29,0.8984375,0.4453125,1,0,26,26
3643,59,29,0.9140625,0.4453125,1,0,19,19
3644,60,29,0.9296875,0.4453125,1,0,35,35
3645,61,29,0.9453125,0.4453125,1,0,27,27
3646,62,29,0.9609375,0.4453125,1,0,18,18
3647,63,29,0.9765625,0.4453125,1,0,19,19
3648,64,29,0.9921875,0.4453125,1,0,14,14
3649,65,29,1.0078125,0.4453125,1,0,13,13
3650,66,29,1.0234375,0.4453125,1,0,27,27
3651,67,29,1.0390625,0.4453125,1,0,14,14
3652,68,29,1.0546875,0.4453125,1,0,12,12
3653,69,29,1.0703125,0.4453125,1,0,18,18
3654,70,29,1.0859375,0.4453125,1,0,22,22
3655,71,29,1.1015625,0.4453125,1,0,28,28
3656,72,29,1.1171875,0.4453125,1,0,20,20
3657,73,29,1.1328125,0.4453125,1,0,15,15
3658,74,29,1.1484375,0.4453125,1,0,17,17
3659,75,29,1.1640625,0.4453125,1,0,12,12
3660,76,29,1.1796875,0.4453125,1,0,27,27
3661,77,29,1.1953125,0.4453125,1,0,27,27
3662,78,29,1.2109375,0.4453125,1,0,20,20
3663,79,29,1.2265625,0.4453125,1,0,6,6
3664,80,29,1.2421875,0.4453125,1,0,18,18
3665,81,29,1.2578125,0.4453125,1,0,24,24
3666,82,29,1.2734375,0.4453125,1,0,15,15
3667,83,29,1.2890625,0.4453125,1,0,26,26
3668,84,29,1.3046875,0.4453125,1,0,21,21
3669,85,29,1.3203125,0.4453125,1,0,12,12
3670,86,29,1.3359375,0.4453125,1,0,27,27
3671,87,29,1.3515625,0.4453125,1,0,26,26
3672,88,29,1.3671875,0.4453125,1,0,18,18
3673,89,29,1.3828125,0.4453125,1,0,13,13
3674,90,29,1.3984375,0.4453125,1,0,15,15
3675,91,29,1.4140625,0.4453125,1,0,17,17
3676,92,29,1.4296875,0.4453125,1,0,10,10
3677,93,29,1.4453125,0.4453125,1,0,17,17
3678,94,29,1.4609375,0.4453125,1,0,19,19
3679,95,29,1.4765625,0.4453125,1,0,25,25
3680,96,29,1.4921875,0.4453125,1,0,26,26
3681,97,29,1.5078125,0.4453125,1,0,13,13
3682,98,29,1.5234375,0.4453125,1,0,4,4
3683,99,29,1.5390625,0.4453125,1,0,31,31
3684,100,29,1.5546875,0.4453125,1,0,16,16
3685,101,29,1.5703125,0.4453125,1,0,21,21
3686,102,29,1.5859375,0.4453125,1,0,5,5
3687,103,29,1.6015625,0.4453125,1,0,25,25
3688,104,29,1.6171875,0.4453125,1,0,20,20
3689,105,29,1.6328125,0.4453125,1,0,32,32
3690,106,29,1.6484375,0.4453125,1,0,33,33
3691,107,29,1.6640625,0.4453125,1,0,29,29
3692,108,29,1.6796875,0.4453125,1,0,25,25
3693,109,29,1.6953125,0.4453125,1,0,19,19
3694,110,29,1.7109375,0.4453125,1,0,14,14
3695,111,29,1.7265625,0.4453125,1,0,19,19
3696,112,29,1.7421875,0.4453125,1,0,22,22
3697,113,29,1.7578125,0.4453125,1,0,18,18
3698,114,29,1.7734375,0.4453125,1,0,21,21
3699,115,29,1.7890625,0.4453125,1,0,22,22
3700,116,29,1.8046875,0.4453125,1,0,30,30
3701,117,29,1.8203125,0.4453125,1,0,21,21
3702,118,29,1.8359375,0.4453125,1,0,26,26
3703,119,29,1.8515625,0.4453125,1,0,25,25
3704,120,29,1.8671875,0.4453125,1,0,28,28
3705,121,29,1.8828125,0.4453125,1,0,18,18
3706,122,29,1.8984375,0.4453125,1,0,20,20
3707,123,29,1.9140625,0.4453125,1,0,20,20
3708,124,29,1.9296875,0.4453125,1,0,29,29
3709,125,29,1.9453125,0.4453125,1,0,19,19
3710,126,29,1.9609375,0.4453125,1,0,29,29
3711,127,29,1.9765625,0.4453125,1,0,27,27
3712,128,29,1.9921875,0.4453125,1,0,21,21
3713,1,30,0.0078125,0.4609375,1,0,20,20
3714,2,30,0.0234375,0.4609375,1,0,21,21
3715,3,30,0.0390625,0.4609375,1,0,16,16
3716,4,30,0.0546875,0.4609375,1,0,29,29
3717,5,30,0.0703125,0.4609375,1,0,15,15
3718,6,30,0.0859375,0.4609375,1,0,15,15
3719,7,30,0.1015625,0.4609375,1,0,20,20
3720,8,30,0.1171875,0.4609375,1,0,28,28
3721,9,30,0.1328125,0.4609375,1,0,20,20
3722,10,30,0.1484375,0.4609375,1,0,17,17
3723,11,30,0.1640625,0.4609375,1,0,21,21
3724,12,30,0.1796875,0.4609375,1,0,29,29
3725,13,30,0.1953125,0.4609375,1,0,36,36
3726,14,30,0.2109375,0.4609375,1,0,19,19
3727,15,30,0.2265625,0.4609375,1,0,11,11
3728,16,30,0.2421875,0.4609375,1,0,29,29
3729,17,30,0.2578125,0.4609375,0,1,0,0
3730,18,30,0.2734375,0.4609375,0,1,0,0
3731,19,30,0.2890625,0.4609375,0,1,0,0
3732,20,30,0.3046875,0.4609375,0,1,0,0
3733,21,30,0.3203125,0.4609375,0,1,0,0
3734,22,30,0.3359375,0.4609375,0,1,0,0
3735,23,30,0.3515625,0.4609375,0,1,0,0
3736,24,30,0.3671875,0.4609375,0,1,0,0
3737,25,30,0.3828125,0.4609375,0,1,0,0
3738,26,30,0.3984375,0.4609375,0,1,0,0
3739,27,30,0.4140625,0.4609375,0,1,0,0
3740,28,30,0.4296875,0.4609375,0,1,0,0
3741,29,30,0.4453125,0.4609375,0,1,0,0
3742,30,30,0.4609375,0.4609375,0,1,0,0
3743,31,30,0.4765625,0.4609375,0,1,0,0
3744,32,30,0.4921875,0.4609375,0,1,0,0
3745,33,30,0.5078125,0.4609375,1,0,24,24
3746,34,30,0.5234375,0.4609375,1,0,26,26
3747,35,30,0.5390625,0.4609375,1,0,29,29
3748,36,30,0.5546875,0.4609375,1,0,26,26
3749,37,30,0.5703125,0.4609375,1,0,32,32
3750,38,30,0.5859375,0.4609375,1,0,20,20
3751,39,30,0.6015625,0.4609375,1,0,22,22
3752,40,30,0.6171875,0.4609375,1,0,24,24
3753,41,30,0.6328125,0.4609375,1,0,15,15
3754,42,30,0.6484375,0.4609375,1,0,21,21
3755,43,30,0.6640625,0.4609375,1,0,20,20
3756,44,30,0.6796875,0.4609375,1,0,17,17
3757,45,30,0.6953125,0.4609375,1,0,26,26
3758,46,30,0.7109375,0.4609375,1,0,16,16
3759,47,30,0.7265625,0.4609375,1,0,30,30
3760,48,30,0.7421875,0.4609375,1,0,29,29
3761,49,30,0.7578125,0.4609375,1,0,14,14
3762,50,30,0.7734375,0.4609375,1,0,19,19
3763,51,30,0.7890625,0.4609375,1,0,23,23
3764,52,30,0.8046875,0.4609375,1,0,30,30
3765,53,30,0.8203125,0.4609375,1,0,28,28
3766,54,30,0.8359375,0.4609375,1,0,22,22
3767,55,30,0.8515625,0.4609375,1,0,26,26
3768,56,30,0.8671875,0.4609375,1,0,20,20
3769,57,30,0.8828125,0.4609375,1,0,17,17
3770,58,30,0.8984375,0.4609375,1,0,16,16
3771,59,30,0.9140625,0.4609375,1,0,24,24
3772,60,30,0.9296875,0.4609375,1,0,18,18
3773,61,30,0.9453125,0.4609375,1,0,15,15
3774,62,30,0.9609375,0.4609375,1,0,9,9
3775,63,30,0.9765625,0.4609375,1,0,15,15
3776,64,30,0.9921875,0.4609375,1,0,19,19
3777,65,30,1.0078125,0.4609375,1,0,22,22
3778,66,30,1.0234375,0.4609375,1,0,22,22
3779,67,30,1.0390625,0.4609375,1,0,29,29
3780,68,30,1.0546875,0.4609375,1,0,29,29
3781,69,30,1.0703125,0.4609375,1,0,30,30
3782,70,30,1.0859375,0.4609375,1,0,15,15
3783,71,30,1.1015625,0.4609375,1,0,15,15
3784,72,30,1.1171875,0.4609375,1,0,20,20
3785,73,30,1.1328125,0.4609375,1,0,9,9
3786,74,30,1.1484375,0.4609375,1,0,23,23
3787,75,30,1.1640625,0.4609375,1,0,22,22
3788,76,30,1.1796875,0.4609375,1,0,35,35
3789,77,30,1.1953125,0.4609375,1,0,25,25
3790,78,30,1.2109375,0.4609375,1,0,13,13
3791,79,30,1.2265625,0.4609375,1,0,15,15
3792,80,30,1.2421875,0.4609375,1,0,24,24
3793,81,30,1.2578125,0.4609375,1,0,25,25
3794,82,30,1.2734375,0.4609375,1,0,28,28
3795,83,30,1.2890625,0.4609375,1,0,28,28
3796,84,30,1.3046875,0.4609375,1,0,25,25
3797,85,30,1.3203125,0.4609375,1,0,16,16
3798,86,30,1.3359375,0.4609375,1,0,18,18
3799,87,30,1.3515625,0.4609375,1,0,23,23
3800,88,30,1.3671875,0.4609375,1,0,18,18
3801,89,30,1.3828125,0.4609375,1,0,24,24
3802,90,30,1.3984375,0.4609375,1,0,21,21
3803,91,30,1.4140625,0.4609375,1,0,20,20
3804,92,30,1.4296875,0.4609375,1,0,19,19
3805,93,30,1.4453125,0.4609375,1,0,13,13
3806,94,30,1.4609375,0.4609375,1,0,24,24
3807,95,30,1.4765625,0.4609375,1,0,21,21
3808,96,30,1.4921875,0.4609375,1,0,14,14
3809,97,30,1.5078125,0.4609375,1,0,15,15
3810,98,30,1.5234375,0.4609375,1,0,30,30
3811,99,30,1.5390625,0.4609375,1,0,18,18
3812,100,30,1.5546875,0.4609375,1,0,22,22
3813,101,30,1.5703125,0.4609375,1,0,11,11
3814,102,30,1.5859375,0.4609375,1,0,20,20
3815,103,30,1.6015625,0.4609375,1,0,21,21
3816,104,30,1.6171875,0.4609375,1,0,8,8
3817,105,30,1.6328125,0.4609375,1,0,28,28
3818,106,30,1.6484375,0.4609375,1,0,28,28
3819,107,30,1.6640625,0.4609375,1,0,12,12
3820,108,30,1.6796875,0.4609375,1,0,23,23
3821,109,30,1.6953125,0.4609375,1,0,18,18
3822,110,30,1.7109375,0.4609375,1,0,17,17
3823,111,30,1.7265625,0.4609375,1,0,15,15
3824,112,30,1.7421875,0.4609375,1,0,14,14
3825,113,30,1.7578125,0.4609375,1,0,16,16
3826,114,30,1.7734375,0.4609375,1,0,19,19
3827,115,30,1.7890625,0.4609375,1,0,15,15
3828,116,30,1.8046875,0.4609375,1,0,15,15
3829,117,30,1.8203125,0.4609375,1,0,7,7
3830,118,30,1.8359375,0.4609375,1,0,19,19
3831,119,30,1.8515625,0.4609375,1,0,23,23
3832,120,30,1.8671875,0.4609375,1,0,23,23
3833,121,30,1.8828125,0.4609375,1,0,29,29
3834,122,30,1.8984375,0.4609375,1,0,9,9
3835,123,30,1.9140625,0.4609375,1,0,16,16
3836,124,30,1.9296875,0.4609375,1,0,23,23
3837,125,30,1.9453125,0.4609375,1,0,17,17
3838,126,30,1.9609375,0.4609375,1,0,18,18
3839,127,30,1.9765625,0.4609375,1,0,19,19
3840,128,30,1.9921875,0.4609375,1,0,12,12
3841,1,31,0.0078125,0.4765625,1,0,22,22
3842,2,31,0.0234375,0.4765625,1,0,21,21
3843,3,31,0.0390625,0.4765625,1,0,13,13
3844,4,31,0.0546875,0.4765625,1,0,27,27
3845,5,31,0.0703125,0.4765625,1,0,24,24
3846,6,31,0.0859375,0.4765625,1,0,25,25
3847,7,31,0.1015625,0.4765625,1,0,10,10
3848,8,31,0.1171875,0.4765625,1,0,21,21
3849,9,31,0.1328125,0.4765625,1,0,30,30
3850,10,31,0.1484375,0.4765625,1,0,17,17
3851,11,31,0.1640625,0.4765625,1,0,20,20
3852,12,31,0.1796875,0.4765625,1,0,20,20
3853,13,31,0.1953125,0.4765625,1,0,19,19
3854,14,31,0.2109375,0.4765625,1,0,15,15
3855,15,31,0.2265625,0.4765625,1,0,18,18
3856,16,31,0.2421875,0.4765625,1,0,26,26
3857,17,31,0.2578125,0.4765625,0,1,0,0
3858,18,31,0.2734375,0.4765625,0,1,0,0
3859,19,31,0.2890625,0.4765625,0,1,0,0
3860,20,31,0.3046875,0.4765625,0,1,0,0
3861,21,31,0.3203125,0.4765625,0,1,0,0
3862,22,31,0.3359375,0.4765625,0,1,0,0
3863,23,31,0.3515625,0.4765625,0,1,0,0
3864,24,31,0.3671875,0.4765625,0,1,0,0
3865,25,31,0.3828125,0.4765625,0,1,0,0
3866,26,31,0.3984375,0.4765625,0,1,0,0
3867,27,31,0.4140625,0.4765625,0,1,0,0
3868,28,31,0.4296875,0.4765625,0,1,0,0
3869,29,31,0.4453125,0.4765625,0,1,0,0
3870,30,31,0.4609375,0.4765625,0,1,0,0
3871,31,31,0.4765625,0.4765625,0,1,0,0
3872,32,31,0.4921875,0.4765625,0,1,0,0
3873,33,31,0.5078125,0.4765625,1,0,13,13
3874,34,31,0.5234375,0.4765625,1,0,11,11
3875,35,31,0.5390625,0.4765625,1,0,15,15
3876,36,31,0.5546875,0.4765625,1,0,19,19
3877,37,31,0.5703125,0.4765625,1,0,21,21
3878,38,31,0.5859375,0.4765625,1,0,13,13
3879,39,31,0.6015625,0.4765625,1,0,22,22
3880,40,31,0.6171875,0.4765625,1,0,15,15
3881,41,31,0.6328125,0.4765625,1,0,24,24
3882,42,31,0.6484375,0.4765625,1,0,14,14
3883,43,31,0.6640625,0.4765625,1,0,11,11
3884,44,31,0.6796875,0.4765625,1,0,34,34
3885,45,31,0.6953125,0.4765625,1,0,21,21
3886,46,31,0.7109375,0.4765625,1,0,26,26
3887,47,31,0.7265625,0.4765625,1,0,17,17
3888,48,31,0.7421875,0.4765625,1,0,14,14
3889,49,31,0.7578125,0.4765625,1,0,10,10
3890,50,31,0.7734375,0.4765625,1,0,28,28
3891,51,31,0.7890625,0.4765625,1,0,18,18
3892,52,31,0.8046875,0.4765625,1,0,23,23
3893,53,31,0.8203125,0.4765625,1,0,17,17
3894,54,31,0.8359375,0.4765625,1,0,9,9
3895,55,31,0.8515625,0.4765625,1,0,11,11
3896,56,31,0.8671875,0.4765625,1,0,16,16
3897,57,31,0.8828125,0.4765625,1,0,10,10
3898,58,31,0.8984375,0.4765625,1,0,22,22
3899,59,31,0.9140625,0.4765625,1,0,15,15
3900,60,31,0.9296875,0.4765625,1,0,15,15
3901,61,31,0.9453125,0.4765625,1,0,22,22
3902,62,31,0.9609375,0.4765625,1,0,11,11
3903,63,31,0.9765625,0.4765625,1,0,20,20
3904,64,31,0.9921875,0.4765625,1,0,13,13
3905,65,31,1.0078125,0.4765625,1,0,21,21
3906,66,31,1.0234375,0.4765625,1,0,21,21
3907,67,31,1.0390625,0.4765625,1,0,23,23
3908,68,31,1.0546875,0.4765625,1,0,15,15
3909,69,31,1.0703125,0.4765625,1,0,21,21
3910,70,31,1.0859375,0.4765625,1,0,17,17
3911,71,31,1.1015625,0.4765625,1,0,19,19
3912,72,31,1.1171875,0.4765625,1,0,27,27
3913,73,31,1.1328125,0.4765625,1,0,22,22
3914,74,31,1.1484375,0.4765625,1,0,26,26
3915,75,31,1.1640625,0.4765625,1,0,21,21
3916,76,31,1.1796875,0.4765625,1,0,20,20
3917,77,31,1.1953125,0.4765625,1,0,7,7
3918,78,31,1.2109375,0.4765625,1,0,9,9
3919,79,31,1.2265625,0.4765625,1,0,22,22
3920,80,31,1.2421875,0.4765625,1,0,21,21
3921,81,31,1.2578125,0.4765625,1,0,17,17
3922,82,31,1.2734375,0.4765625,1,0,21,21
3923,83,31,1.2890625,0.4765625,1,0,20,20
3924,84,31,1.3046875,0.4765625,1,0,12,12
3925,85,31,1.3203125,0.4765625,1,0,21,21
3926,86,31,1.3359375,0.4765625,1,0,26,26
3927,87,31,1.3515625,0.4765625,1,0,13,13
3928,88,31,1.3671875,0.4765625,1,0,14,14
3929,89,31,1.3828125,0.4765625,1,0,12,12
3930,90,31,1.3984375,0.4765625,1,0,24,24
3931,91,31,1.4140625,0.4765625,1,0,7,7
3932,92,31,1.4296875,0.4765625,1,0,30,30
3933,93,31,1.4453125,0.4765625,1,0,16,16
3934,94,31,1.4609375,0.4765625,1,0,26,26
3935,95,31,1.4765625,0.4765625,1,0,5,5
3936,96,31,1.4921875,0.4765625,1,0,21,21
3937,97,31,1.5078125,0.4765625,1,0,30,30
3938,98,31,1.5234375,0.4765625,1,0,20,20
3939,99,31,1.5390625,0.4765625,1,0,16,16
3940,100,31,1.5546875,0.4765625,1,0,21,21
3941,101,31,1.5703125,0.4765625,1,0,23,23
3942,102,31,1.5859375,0.4765625,1,0,13,13
3943,103,31,1.6015625,0.4765625,1,0,10,10
3944,104,31,1.6171875,0.4765625,1,0,24,24
3945,105,31,1.6328125,0.4765625,1,0,16,16
3946,106,31,1.6484375,0.4765625,1,0,22,22
3947,107,31,1.6640625,0.4765625,1,0,23,23
3948,108,31,1.6796875,0.4765625,1,0,11,11
3949,109,31,1.6953125,0.4765625,1,0,23,23
3950,110,31,1.7109375,0.4765625,1,0,24,24
3951,111,31,1.7265625,0.4765625,1,0,16,16
3952,112,31,1.7421875,0.4765625,1,0,26,26
3953,113,31,1.7578125,0.4765625,1,0,18,18
3954,114,31,1.7734375,0.4765625,1,0,28,28
3955,115,31,1.7890625,0.4765625,1,0,15,15
3956,116,31,1.8046875,0.4765625,1,0,24,24
3957,117,31,1.8203125,0.4765625,1,0,21,21
3958,118,31,1.8359375,0.4765625,1,0,24,24
3959,119,31,1.8515625,0.4765625,1,0,29,29
3960,120,31,1.8671875,0.4765625,1,0,27,27
3961,121,31,1.8828125,0.4765625,1,0,32,32
3962,122,31,1.8984375,0.4765625,1,0,23,23
3963,123,31,1.9140625,0.4765625,1,0,19,19
3964,124,31,1.9296875,0.4765625,1,0,31,31
3965,125,31,1.9453125,0.4765625,1,0,13,13
3966,126,31,1.9609375,0.4765625,1,0,11,11
3967,127,31,1.9765625,0.4765625,1,0,13,13
3968,128,31,1.9921875,0.4765625,1,0,15,15
3969,1,32,0.0078125,0.4921875,1,0,23,23
3970,2,32,0.0234375,0.4921875,1,0,15,15
3971,3,32,0.0390625,0.4921875,1,0,18,18
3972,4,32,0.0546875,0.4921875,1,0,32,32
3973,5,32,0.0703125,0.4921875,1,0,25,25
3974,6,32,0.0859375,0.4921875,1,0,24,24
3975,7,32,0.1015625,0.4921875,1,0,29,29
3976,8,32,0.1171875,0.4921875,1,0,16,16
3977,9,32,0.1328125,0.4921875,1,0,17,17
3978,10,32,0.1484375,0.4921875,1,0,19,19
3979,11,32,0.1640625,0.4921875,1,0,25,25
3980,12,32,0.1796875,0.4921875,1,0,23,23
3981,13,32,0.1953125,0.4921875,1,0,14,14
3982,14,32,0.2109375,0.4921875,1,0,20,20
3983,15,32,0.2265625,0.4921875,1,0,10,10
3984,16,32,0.2421875,0.4921875,1,0,5,5
3985,17,32,0.2578125,0.4921875,0,1,0,0
3986,18,32,0.2734375,0.4921875,0,1,0,0
3987,19,32,0.2890625,0.4921875,0,1,0,0
3988,20,32,0.3046875,0.4921875,0,1,0,0
3989,21,32,0.3203125,0.4921875,0,1,0,0
3990,22,32,0.3359375,0.4921875,0,1,0,0
3991,23,32,0.3515625,0.4921875,0,1,0,0
3992,24,32,0.3671875,0.4921875,0,1,0,0
3993,25,32,0.3828125,0.4921875,0,1,0,0
3994,26,32,0.3984375,0.4921875,0,1,0,0
3995,27,32,0.4140625,0.4921875,0,1,0,0
3996,28,32,0.4296875,0.4921875,0,1,0,0
3997,29,32,0.4453125,0.4921875,0,1,0,0
3998,30,32,0.4609375,0.4921875,0,1,0,0
3999,31,32,0.4765625,0.4921875,0,1,0,0
4000,32,32,0.4921875,0.4921875,0,1,0,0
4001,33,32,0.5078125,0.4921875,1,0,24,24
4002,34,32,0.5234375,0.4921875,1,0,12,12
4003,35,32,0.5390625,0.4921875,1,0,24,24
4004,36,32,0.5546875,0.4921875,1,0,8,8
4005,37,32,0.5703125,0.4921875,1,0,23,23
4006,38,32,0.5859375,0.4921875,1,0,16,16
4007,39,32,0.6015625,0.4921875,1,0,15,15
4008,40,32,0.6171875,0.4921875,1,0,22,22
4009,41,32,0.6328125,0.4921875,1,0,12,12
4010,42,32,0.6484375,0.4921875,1,0,19,19
4011,43,32,0.6640625,0.4921875,1,0,34,34
4012,44,32,0.6796875,0.4921875,1,0,21,21
4013,45,32,0.6953125,0.4921875,1,0,21,21
4014,46,32,0.7109375,0.4921875,1,0,28,28
4015,47,32,0.7265625,0.4921875,1,0,15,15
4016,48,32,0.7421875,0.4921875,1,0,10,10
4017,49,32,0.7578125,0.4921875,1,0,15,15
4018,50,32,0.7734375,0.4921875,1,0,23,23
4019,51,32,0.7890625,0.4921875,1,0,16,16
4020,52,32,0.8046875,0.4921875,1,0,21,21
4021,53,32,0.8203125,0.4921875,1,0,17,17
4022,54,32,0.8359375,0.4921875,1,0,18,18
4023,55,32,0.8515625,0.4921875,1,0,20,20
4024,56,32,0.8671875,0.4921875,1,0,31,31
4025,57,32,0.8828125,0.4921875,1,0,25,25
4026,58,32,0.8984375,0.4921875,1,0,24,24
4027,59,32,0.9140625,0.4921875,1,0,23,23
4028,60,32,0.9296875,0.4921875,1,0,25,25
4029,61,32,0.9453125,0.4921875,1,0,29,29
4030,62,32,0.9609375,0.4921875,1,0,13,13
4031,63,32,0.9765625,0.4921875,1,0,22,22
4032,64,32,0.9921875,0.4921875,1,0,12,12
4033,65,32,1.0078125,0.4921875,1,0,33,33
4034,66,32,1.0234375,0.4921875,1,0,26,26
4035,67,32,1.0390625,0.4921875,1,0,25,25
4036,68,32,1.0546875,0.4921875,1,0,18,18
4037,69,32,1.0703125,0.4921875,1,0,32,32
4038,70,32,1.0859375,0.4921875,1,0,15,15
4039,71,32,1.1015625,0.4921875,1,0,22,22
4040,72,32,1.1171875,0.4921875,1,0,21,21
4041,73,32,1.1328125,0.4921875,1,0,20,20
4042,74,32,1.1484375,0.4921875,1,0,15,15
4043,75,32,1.1640625,0.4921875,1,0,16,16
4044,76,32,1.1796875,0.4921875,1,0,23,23
4045,77,32,1.1953125,0.4921875,1,0,26,26
4046,78,32,1.2109375,0.4921875,1,0,10,10
4047,79,32,1.2265625,0.4921875,1,0,13,13
4048,80,32,1.2421875,0.4921875,1,0,24,24
4049,81,32,1.2578125,0.4921875,1,0,15,15
4050,82,32,1.2734375,0.4921875,1,0,28,28
4051,83,32,1.2890625,0.4921875,1,0,18,18
4052,84,32,1.3046875,0.4921875,1,0,18,18
4053,85,32,1.3203125,0.4921875,1,0,12,12
4054,86,32,1.3359375,0.4921875,1,0,16,16
4055,87,32,1.3515625,0.4921875,1,0,19,19
4056,88,32,1.3671875,0.4921875,1,0,19,19
4057,89,32,1.3828125,0.4921875,1,0,17,17
4058,90,32,1.3984375,0.4921875,1,0,17,17
4059,91,32,1.4140625,0.4921875,1,0,19,19
4060,92,32,1.4296875,0.4921875,1,0,28,28
4061,93,32,1.4453125,0.4921875,1,0,20,20
4062,94,32,1.4609375,0.4921875,1,0,28,28
4063,95,32,1.4765625,0.4921875,1,0,28,28
4064,96,32,1.4921875,0.4921875,1,0,18,18
4065,97,32,1.5078125,0.4921875,1,0,27,27
4066,98,32,1.5234375,0.4921875,1,0,8,8
4067,99,32,1.5390625,0.4921875,1,0,30,30
4068,100,32,1.5546875,0.4921875,1,0,26,26
4069,101,32,1.5703125,0.4921875,1,0,25,25
4070,102,32,1.5859375,0.4921875,1,0,11,11
4071,103,32,1.6015625,0.4921875,1,0,16,16
4072,104,32,1.6171875,0.4921875,1,0,32,32
4073,105,32,1.6328125,0.4921875,1,0,14,14
4074,106,32,1.6484375,0.4921875,1,0,25,25
4075,107,32,1.6640625,0.4921875,1,0,23,23
4076,108,32,1.6796875,0.4921875,1,0,20,20
4077,109,32,1.6953125,0.4921875,1,0,24,24
4078,110,32,1.7109375,0.4921875,1,0,24,24
4079,111,32,1.7265625,0.4921875,1,0,13,13
4080,112,32,1.7421875,0.4921875,1,0,21,21
4081,113,32,1.7578125,0.4921875,1,0,24,24
4082,114,32,1.7734375,0.4921875,1,0,17,17
4083,115,32,1.7890625,0.4921875,1,0,14,14
4084,116,32,1.8046875,0.4921875,1,0,30,30
4085,117,32,1.8203125,0.4921875,1,0,10,10
4086,118,32,1.8359375,0.4921875,1,0,26,26
4087,119,32,1.8515625,0.4921875,1,0,21,21
4088,120,32,1.8671875,0.4921875,1,0,16,16
4089,121,32,1.8828125,0.4921875,1,0,36,36
4090,122,32,1.8984375,0.4921875,1,0,19,19
4091,123,32,1.9140625,0.4921875,1,0,20,20
4092,124,32,1.9296875,0.4921875,1,0,16,16
4093,125,32,1.9453125,0.4921875,1,0,19,19
4094,126,32,1.9609375,0.4921875,1,0,6,6
4095,127,32,1.9765625,0.4921875,1,0,24,24
4096,128,32,1.9921875,0.4921875,1,0,28,28
4097,1,33,0.0078125,0.5078125,1,0,23,23
4098,2,33,0.0234375,0.5078125,1,0,25,25
4099,3,33,0.0390625,0.5078125,1,0,19,19
4100,4,33,0.0546875,0.5078125,1,0,18,18
4101,5,33,0.0703125,0.5078125,1,0,26,26
4102,6,33,0.0859375,0.5078125,1,0,25,25
4103,7,33,0.1015625,0.5078125,1,0,5,5
4104,8,33,0.1171875,0.5078125,1,0,13,13
4105,9,33,0.1328125,0.5078125,1,0,18,18
4106,10,33,0.1484375,0.5078125,1,0,26,26
4107,11,33,0.1640625,0.5078125,1,0,18,18
4108,12,33,0.1796875,0.5078125,1,0,25,25
4109,13,33,0.1953125,0.5078125,1,0,24,24
4110,14,33,0.2109375,0.5078125,1,0,17,17
4111,15,33,0.2265625,0.5078125,1,0,22,22
4112,16,33,0.2421875,0.5078125,1,0,22,22
4113,17,33,0.2578125,0.5078125,0,1,0,0
4114,18,33,0.2734375,0.5078125,0,1,0,0
4115,19,33,0.2890625,0.5078125,0,1,0,0
4116,20,33,0.3046875,0.5078125,0,1,0,0
4117,21,33,0.3203125,0.5078125,0,1,0,0
4118,22,33,0.3359375,0.5078125,0,1,0,0
4119,23,33,0.3515625,0.5078125,0,1,0,0
4120,24,33,0.3671875,0.5078125,0,1,0,0
4121,25,33,0.3828125,0.5078125,0,1,0,0
4122,26,33,0.3984375,0.5078125,0,1,0,0
4123,27,33,0.4140625,0.5078125,0,1,0,0
4124,28,33,0.4296875,0.5078125,0,1,0,0
4125,29,33,0.4453125,0.5078125,0,1,0,0
4126,30,33,0.4609375,0.5078125,0,1,0,0
4127,31,33,0.4765625,0.5078125,0,1,0,0
4128,32,33,0.4921875,0.5078125,0,1,0,0
4129,33,33,0.5078125,0.5078125,1,0,19,19
4130,34,33,0.5234375,0.5078125,1,0,11,11
4131,35,33,0.5390625,0.5078125,1,0,20,20
4132,36,33,0.5546875,0.5078125,1,0,16,16
4133,37,33,0.5703125,0.5078125,1,0,15,15
4134,38,33,0.5859375,0.5078125,1,0,23,23
4135,39,33,0.6015625,0.5078125,1,0,17,17
4136,40,33,0.6171875,0.5078125,1,0,28,28
4137,41,33,0.6328125,0.5078125,1,0,20,20
4138,42,33,0.6484375,0.5078125,1,0,27,27
4139,43,33,0.6640625,0.5078125,1,0,20,20
4140,44,33,0.6796875,0.5078125,1,0,20,20
4141,45,33,0.6953125,0.5078125,1,0,14,14
4142,46,33,0.7109375,0.5078125,1,0,21,21
4143,47,33,0.7265625,0.5078125,1,0,22,22
4144,48,33,0.7421875,0.5078125,1,0,13,13
4145,49,33,0.7578125,0.5078125,1,0,19,19
4146,50,33,0.7734375,0.5078125,1,0,21,21
4147,51,33,0.7890625,0.5078125,1,0,23,23
4148,52,33,0.8046875,0.5078125,1,0,25,25
4149,53,33,0.8203125,0.5078125,1,0,15,15
4150,54,33,0.8359375,0.5078125,1,0,23,23
4151,55,33,0.8515625,0.5078125,1,0,12,12
4152,56,33,0.8671875,0.5078125,1,0,26,26
4153,57,33,0.8828125,0.5078125,1,0,35,35
4154,58,33,0.8984375,0.5078125,1,0,12,12
4155,59,33,0.9140625,0.5078125,1,0,20,20
4156,60,33,0.9296875,0.5078125,1,0,28,28
4157,61,33,0.9453125,0.5078125,1,0,17,17
4158,62,33,0.9609375,0.5078125,1,0,25,25
4159,63,33,0.9765625,0.5078125,1,0,12,12
4160,64,33,0.9921875,0.5078125,1,0,20,20
4161,65,33,1.0078125,0.5078125,1,0,8,8
4162,66,33,1.0234375,0.5078125,1,0,36,36
4163,67,33,1.0390625,0.5078125,1,0,18,18
4164,68,33,1.0546875,0.5078125,1,0,14,14
4165,69,33,1.0703125,0.5078125,1,0,17,17
4166,70,33,1.0859375,0.5078125,1,0,31,31
4167,71,33,1.1015625,0.5078125,1,0,19,19
4168,72,33,1.1171875,0.5078125,1,0,22,22
4169,73,33,1.1328125,0.5078125,1,0,23,23
4170,74,33,1.1484375,0.5078125,1,0,19,19
4171,75,33,1.1640625,0.5078125,1,0,26,26
4172,76,33,1.1796875,0.5078125,1,0,31,31
4173,77,33,1.1953125,0.5078125,1,0,22,22
4174,78,33,1.2109375,0.5078125,1,0,20,20
4175,79,33,1.2265625,0.5078125,1,0,12,12
4176,80,33,1.2421875,0.5078125,1,0,25,25
4177,81,33,1.2578125,0.5078125,1,0,6,6
4178,82,33,1.2734375,0.5078125,1,0,20,20
4179,83,33,1.2890625,0.5078125,1,0,23,23
4180,84,33,1.3046875,0.5078125,1,0,15,15
4181,85,33,1.3203125,0.5078125,1,0,20,20
4182,86,33,1.3359375,0.5078125,1,0,25,25
4183,87,33,1.3515625,0.5078125,1,0,28,28
4184,88,33,1.3671875,0.5078125,1,0,28,28
4185,89,33,1.3828125,0.5078125,1,0,13,13
4186,90,33,1.3984375,0.5078125,1,0,21,21
4187,91,33,1.4140625,0.5078125,1,0,11,11
4188,92,33,1.4296875,0.5078125,1,0,7,7
4189,93,33,1.4453125,0.5078125,1,0,27,27
4190,94,33,1.4609375,0.5078125,1,0,19,19
4191,95,33,1.4765625,0.5078125,1,0,9,9
4192,96,33,1.4921875,0.5078125,1,0,16,16
4193,97,33,1.5078125,0.5078125,1,0,27,27
4194,98,33,1.5234375,0.5078125,1,0,23,23
4195,99,33,1.5390625,0.5078125,1,0,23,23
4196,100,33,1.5546875,0.5078125,1,0,14,14
4197,101,33,1.5703125,0.5078125,1,0,20,20
4198,102,33,1.5859375,0.5078125,1,0,33,33
4199,103,33,1.6015625,0.5078125,1,0,28,28
4200,104,33,1.6171875,0.5078125,1,0,21,21
4201,105,33,1.6328125,0.5078125,1,0,24,24
4202,106,33,1.6484375,0.5078125,1,0,31,31
4203,107,33,1.6640625,0.5078125,1,0,17,17
4204,108,33,1.6796875,0.5078125,1,0,18,18
4205,109,33,1.6953125,0.5078125,1,0,25,25
4206,110,33,1.7109375,0.5078125,1,0,23,23
4207,111,33,1.7265625,0.5078125,1,0,7,7
4208,112,33,1.7421875,0.5078125,1,0,15,15
4209,113,33,1.7578125,0.5078125,1,0,27,27
4210,114,33,1.7734375,0.5078125,1,0,21,21
4211,115,33,1.7890625,0.5078125,1,0,28,28
4212,116,33,1.8046875,0.5078125,1,0,27,27
4213,117,33,1.8203125,0.5078125,1,0,24,24
4214,118,33,1.8359375,0.5078125,1,0,26,26
4215,119,33,1.8515625,0.5078125,1,0,29,29
4216,120,33,1.8671875,0.5078125,1,0,19,19
4217,121,33,1.8828125,0.5078125,1,0,25,25
4218,122,33,1.8984375,0.5078125,1,0,21,21
4219,123,33,1.9140625,0.5078125,1,0,5,5
4220,124,33,1.9296875,0.5078125,1,0,24,24
4221,125,33,1.9453125,0.5078125,1,0,13,13
4222,126,33,1.9609375,0.5078125,1,0,18,18
4223,127,33,1.9765625,0.5078125,1,0,12,12
4224,128,33,1.9921875,0.5078125,1,0,16,16
4225,1,34,0.0078125,0.5234375,1,0,23,23
4226,2,34,0.0234375,0.5234375,1,0,21,21
4227,3,34,0.0390625,0.5234375,1,0,16,16
4228,4,34,0.0546875,0.5234375,1,0,26,26
4229,5,34,0.0703125,0.5234375,1,0,20,20
4230,6,34,0.0859375,0.5234375,1,0,17,17
4231,7,34,0.1015625,0.5234375,1,0,21,21
4232,8,34,0.1171875,0.5234375,1,0,15,15
4233,9,34,0.1328125,0.5234375,1,0,16,16
4234,10,34,0.1484375,0.5234375,1,0,16,16
4235,11,34,0.1640625,0.5234375,1,0,18,18
4236,12,34,0.1796875,0.5234375,1,0,21,21
4237,13,34,0.1953125,0.5234375,1,0,21,21
4238,14,34,0.2109375,0.5234375,1,0,19,19
4239,15,34,0.2265625,0.5234375,1,0,10,10
4240,16,34,0.2421875,0.5234375,1,0,21,21
4241,17,34,0.2578125,0.5234375,0,1,0,0
4242,18,34,0.2734375,0.5234375,0,1,0,0
4243,19,34,0.2890625,0.5234375,0,1,0,0
4244,20,34,0.3046875,0.5234375,0,1,0,0
4245,21,34,0.3203125,0.5234375,0,1,0,0
4246,22,34,0.3359375,0.5234375,0,1,0,0
4247,23,34,0.3515625,0.5234375,0,1,0,0
4248,24,34,0.3671875,0.5234375,0,1,0,0
4249,25,34,0.3828125,0.5234375,0,1,0,0
4250,26,34,0.3984375,0.5234375,0,1,0,0
4251,27,34,0.4140625,0.5234375,0,1,0,0
4252,28,34,0.4296875,0.5234375,0,1,0,0
4253,29,34,0.4453125,0.5234375,0,1,0,0
4254,30,34,0.4609375,0.5234375,0,1,0,0
4255,31,34,0.4765625,0.5234375,0,1,0,0
4256,32,34,0.4921875,0.5234375,0,1,0,0
4257,33,34,0.5078125,0.5234375,1,0,21,21
4258,34,34,0.5234375,0.5234375,1,0,17,17
4259,35,34,0.5390625,0.5234375,1,0,25,25
4260,36,34,0.5546875,0.5234375,1,0,31,31
4261,37,34,0.5703125,0.5234375,1,0,20,20
4262,38,34,0.5859375,0.5234375,1,0,17,17
4263,39,34,0.6015625,0.5234375,1,0,18,18
4264,40,34,0.6171875,0.5234375,1,0,9,9
4265,41,34,0.6328125,0.5234375,1,0,23,23
4266,42,34,0.6484375,0.5234375,1,0,16,16
4267,43,34,0.6640625,0.5234375,1,0,30,30
4268,44,34,0.6796875,0.5234375,1,0,23,23
4269,45,34,0.6953125,0.5234375,1,0,13,13
4270,46,34,0.7109375,0.5234375,1,0,26,26
4271,47,34,0.7265625,0.5234375,1,0,14,14
4272,48,34,0.7421875,0.5234375,1,0,18,18
4273,49,34,0.7578125,0.5234375,1,0,12,12
4274,50,34,0.7734375,0.5234375,1,0,19,19
4275,51,34,0.7890625,0.5234375,1,0,27,27
4276,52,34,0.8046875,0.5234375,1,0,21,21
4277,53,34,0.8203125,0.5234375,1,0,22,22
4278,54,34,0.8359375,0.5234375,1,0,17,17
4279,55,34,0.8515625,0.5234375,1,0,23,23
4280,56,34,0.8671875,0.5234375,1,0,18,18
4281,57,34,0.8828125,0.5234375,1,0,36,36
4282,58,34,0.8984375,0.5234375,1,0,11,11
4283,59,34,0.9140625,0.5234375,1,0,19,19
4284,60,34,0.9296875,0.5234375,1,0,21,21
4285,61,34,0.9453125,0.5234375,1,0,25,25
4286,62,34,0.9609375,0.5234375,1,0,11,11
4287,63,34,0.9765625,0.5234375,1,0,28,28
4288,64,34,0.9921875,0.5234375,1,0,13,13
4289,65,34,1.0078125,0.5234375,1,0,23,23
4290,66,34,1.0234375,0.5234375,1,0,21,21
4291,67,34,1.0390625,0.5234375,1,0,23,23
4292,68,34,1.0546875,0.5234375,1,0,23,23
4293,69,34,1.0703125,0.5234375,1,0,13,13
4294,70,34,1.0859375,0.5234375,1,0,11,11
4295,71,34,1.1015625,0.5234375,1,0,11,11
4296,72,34,1.1171875,0.5234375,1,0,20,20
4297,73,34,1.1328125,0.5234375,1,0,18,18
4298,74,34,1.1484375,0.5234375,1,0,15,15
4299,75,34,1.1640625,0.5234375,1,0,10,10
4300,76,34,1.1796875,0.5234375,1,0,17,17
4301,77,34,1.1953125,0.5234375,1,0,34,34
4302,78,34,1.2109375,0.5234375,1,0,16,16
4303,79,34,1.2265625,0.5234375,1,0,18,18
4304,80,34,1.2421875,0.5234375,1,0,18,18
4305,81,34,1.2578125,0.5234375,1,0,19,19
4306,82,34,1.2734375,0.5234375,1,0,24,24
4307,83,34,1.2890625,0.5234375,1,0,8,8
4308,84,34,1.3046875,0.5234375,1,0,8,8
4309,85,34,1.3203125,0.5234375,1,0,22,22
4310,86,34,1.3359375,0.5234375,1,0,17,17
4311,87,34,1.3515625,0.5234375,1,0,21,21
4312,88,34,1.3671875,0.5234375,1,0,15,15
4313,89,34,1.3828125,0.5234375,1,0,20,20
4314,90,34,1.3984375,0.5234375,1,0,30,30
4315,91,34,1.4140625,0.5234375,1,0,19,19
4316,92,34,1.4296875,0.5234375,1,0,33,33
4317,93,34,1.4453125,0.5234375,1,0,23,23
4318,94,34,1.4609375,0.5234375,1,0,21,21
4319,95,34,1.4765625,0.5234375,1,0,17,17
4320,96,34,1.4921875,0.5234375,1,0,16,16
4321,97,34,1.5078125,0.5234375,1,0,22,22
4322,98,34,1.5234375,0.5234375,1,0,14,14
4323,99,34,1.5390625,0.5234375,1,0,12,12
4324,100,34,1.5546875,0.5234375,1,0,5,5
4325,101,34,1.5703125,0.5234375,1,0,25,25
4326,102,34,1.5859375,0.5234375,1,0,24,24
4327,103,34,1.6015625,0.5234375,1,0,20,20
4328,104,34,1.6171875,0.5234375,1,0,25,25
4329,105,34,1.6328125,0.5234375,1,0,22,22
4330,106,34,1.6484375,0.5234375,1,0,24,24
4331,107,34,1.6640625,0.5234375,1,0,16,16
4332,108,34,1.6796875,0.5234375,1,0,23,23
4333,109,34,1.6953125,0.5234375,1,0,27,27
4334,110,34,1.7109375,0.5234375,1,0,18,18
4335,111,34,1.7265625,0.5234375,1,0,14,14
4336,112,34,1.7421875,0.5234375,1,0,22,22
4337,113,34,1.7578125,0.5234375,1,0,23,23
4338,114,34,1.7734375,0.5234375,1,0,19,19
4339,115,34,1.7890625,0.5234375,1,0,30,30
4340,116,34,1.8046875,0.5234375,1,0,12,12
4341,117,34,1.8203125,0.5234375,1,0,31,31
4342,118,34,1.8359375,0.5234375,1,0,19,19
4343,119,34,1.8515625,0.5234375,1,0,16,16
4344,120,34,1.8671875,0.5234375,1,0,24,24
4345,121,34,1.8828125,0.5234375,1,0,17,17
4346,122,34,1.8984375,0.5234375,1,0,16,16
4347,123,34,1.9140625,0.5234375,1,0,18,18
4348,124,34,1.9296875,0.5234375,1,0,22,22
4349,125,34,1.9453125,0.5234375,1,0,16,16
4350,126,34,1.9609375,0.5234375,1,0,18,18
4351,127,34,1.9765625,0.5234375,1,0,20,20
4352,128,34,1.9921875,0.5234375,1,0,19,19
4353,1,35,0.0078125,0.5390625,1,0,30,30
4354,2,35,0.0234375,0.5390625,1,0,33,33
4355,3,35,0.0390625,0.5390625,1,0,29,29
4356,4,35,0.0546875,0.5390625,1,0,13,13
4357,5,35,0.0703125,0.5390625,1,0,19,19
4358,6,35,0.0859375,0.5390625,1,0,9,9
4359,7,35,0.1015625,0.5390625,1,0,31,31
4360,8,35,0.1171875,0.5390625,1,0,22,22
4361,9,35,0.1328125,0.5390625,1,0,18,18
4362,10,35,0.1484375,0.5390625,1,0,17,17
4363,11,35,0.1640625,0.5390625,1,0,26,26
4364,12,35,0.1796875,0.5390625,1,0,31,31
4365,13,35,0.1953125,0.5390625,1,0,25,25
4366,14,35,0.2109375,0.5390625,1,0,8,8
4367,15,35,0.2265625,0.5390625,1,0,26,26
4368,16,35,0.2421875,0.5390625,1,0,18,18
4369,17,35,0.2578125,0.5390625,0,1,0,0
4370,18,35,0.2734375,0.5390625,0,1,0,0
4371,19,35,0.2890625,0.5390625,0,1,0,0
4372,20,35,0.3046875,0.5390625,0,1,0,0
4373,21,35,0.3203125,0.5390625,0,1,0,0
4374,22,35,0.3359375,0.5390625,0,1,0,0
4375,23,35,0.3515625,0.5390625,0,1,0,0
4376,24,35,0.3671875,0.5390625,0,1,0,0
4377,25,35,0.3828125,0.5390625,0,1,0,0
4378,26,35,0.3984375,0.5390625,0,1,0,0
4379,27,35,0.4140625,0.5390625,0,1,0,0
4380,28,35,0.4296875,0.5390625,0,1,0,0
4381,29,35,0.4453125,0.5390625,0,1,0,0
4382,30,35,0.4609375,0.5390625,0,1,0,0
4383,31,35,0.4765625,0.5390625,0,1,0,0
4384,32,35,0.4921875,0.5390625,0,1,0,0
4385,33,35,0.5078125,0.5390625,1,0,18,18
4386,34,35,0.5234375,0.5390625,1,0,18,18
4387,35,35,0.5390625,0.5390625,1,0,32,32
4388,36,35,0.5546875,0.5390625,1,0,10,10
4389,37,35,0.5703125,0.5390625,1,0,21,21
4390,38,35,0.5859375,0.5390625,1,0,16,16
4391,39,35,0.6015625,0.5390625,1,0,25,25
4392,40,35,0.6171875,0.5390625,1,0,14,14
4393,41,35,0.6328125,0.5390625,1,0,12,12
4394,42,35,0.6484375,0.5390625,1,0,23,23
4395,43,35,0.6640625,0.5390625,1,0,18,18
4396,44,35,0.6796875,0.5390625,1,0,19,19
4397,45,35,0.6953125,0.5390625,1,0,19,19
4398,46,35,0.7109375,0.5390625,1,0,25,25
4399,47,35,0.7265625,0.5390625,1,0,26,26
4400,48,35,0.7421875,0.5390625,1,0,10,10
4401,49,35,0.7578125,0.5390625,1,0,27,27
4402,50,35,0.7734375,0.5390625,1,0,9,9
4403,51,35,0.7890625,0.5390625,1,0,19,19
4404,52,35,0.8046875,0.5390625,1,0,11,11
4405,53,35,0.8203125,0.5390625,1,0,22,22
4406,54,35,0.8359375,0.5390625,1,0,15,15
4407,55,35,0.8515625,0.5390625,1,0,18,18
4408,56,35,0.8671875,0.5390625,1,0,24,24
4409,57,35,0.8828125,0.5390625,1,0,10,10
4410,58,35,0.8984375,0.5390625,1,0,26,26
4411,59,35,0.9140625,0.5390625,1,0,9,9
4412,60,35,0.9296875,0.5390625,1,0,26,26
4413,61,35,0.9453125,0.5390625,1,0,14,14
4414,62,35,0.9609375,0.5390625,1,0,26,26
4415,63,35,0.9765625,0.5390625,1,0,31,31
4416,64,35,0.9921875,0.5390625,1,0,24,24
4417,65,35,1.0078125,0.5390625,1,0,18,18
4418,66,35,1.0234375,0.5390625,1,0,25,25
4419,67,35,1.0390625,0.5390625,1,0,22,22
4420,68,35,1.0546875,0.5390625,1,0,8,8
4421,69,35,1.0703125,0.5390625,1,0,17,17
4422,70,35,1.0859375,0.5390625,1,0,26,26
4423,71,35,1.1015625,0.5390625,1,0,23,23
4424,72,35,1.1171875,0.5390625,1,0,36,36
4425,73,35,1.1328125,0.5390625,1,0,21,21
4426,74,35,1.1484375,0.5390625,1,0,15,15
4427,75,35,1.1640625,0.5390625,1,0,25,25
4428,76,35,1.1796875,0.5390625,1,0,10,10
4429,77,35,1.1953125,0.5390625,1,0,26,26
4430,78,35,1.2109375,0.5390625,1,0,9,9
4431,79,35,1.2265625,0.5390625,1,0,27,27
4432,80,35,1.2421875,0.5390625,1,0,4,4
4433,81,35,1.2578125,0.5390625,1,0,20,20
4434,82,35,1.2734375,0.5390625,1,0,26,26
4435,83,35,1.2890625,0.5390625,1,0,25,25
4436,84,35,1.3046875,0.5390625,1,0,20,20
4437,85,35,1.3203125,0.5390625,1,0,16,16
4438,86,35,1.3359375,0.5390625,1,0,25,25
4439,87,35,1.3515625,0.5390625,1,0,20,20
4440,88,35,1.3671875,0.5390625,1,0,22,22
4441,89,35,1.3828125,0.5390625,1,0,19,19
4442,90,35,1.3984375,0.5390625,1,0,21,21
4443,91,35,1.4140625,0.5390625,1,0,15,15
4444,92,35,1.4296875,0.5390625,1,0,18,18
4445,93,35,1.4453125,0.5390625,1,0,18,18
4446,94,35,1.4609375,0.5390625,1,0,29,29
4447,95,35,1.4765625,0.5390625,1,0,19,19
4448,96,35,1.4921875,0.5390625,1,0,22,22
4449,97,35,1.5078125,0.5390625,1,0,11,11
4450,98,35,1.5234375,0.5390625,1,0,22,22
4451,99,35,1.5390625,0.5390625,1,0,21,21
4452,100,35,1.5546875,0.5390625,1,0,29,29
4453,101,35,1.5703125,0.5390625,1,0,18,18
4454,102,35,1.5859375,0.5390625,1,0,20,20
4455,103,35,1.6015625,0.5390625,1,0,17,17
4456,104,35,1.6171875,0.5390625,1,0,17,17
4457,105,35,1.6328125,0.5390625,1,0,22,22
4458,106,35,1.6484375,0.5390625,1,0,25,25
4459,107,35,1.6640625,0.5390625,1,0,22,22
4460,108,35,1.6796875,0.5390625,1,0,21,21
4461,109,35,1.6953125,0.5390625,1,0,15,15
4462,110,35,1.7109375,0.5390625,1,0,17,17
4463,111,35,1.7265625,0.5390625,1,0,22,22
4464,112,35,1.7421875,0.5390625,1,0,15,15
4465,113,35,1.7578125,0.5390625,1,0,26,26
4466,114,35,1.7734375,0.5390625,1,0,26,26
4467,115,35,1.7890625,0.5390625,1,0,25,25
4468,116,35,1.8046875,0.5390625,1,0,12,12
4469,117,35,1.8203125,0.5390625,1,0,22,22
4470,118,35,1.8359375,0.5390625,1,0,14,14
4471,119,35,1.8515625,0.5390625,1,0,26,26
4472,120,35,1.8671875,0.5390625,1,0,18,18
4473,121,35,1.8828125,0.5390625,1,0,32,32
4474,122,35,1.8984375,0.5390625,1,0,26,26
4475,123,35,1.9140625,0.5390625,1,0,25,25
4476,124,35,1.9296875,0.5390625,1,0,21,21
4477,125,35,1.9453125,0.5390625,1,0,9,9
4478,126,35,1.9609375,0.5390625,1,0,21,21
4479,127,35,1.9765625,0.5390625,1,0,21,21
4480,128,35,1.9921875,0.5390625,1,0,22,22
4481,1,36,0.0078125,0.5546875,1,0,8,8
4482,2,36,0.0234375,0.5546875,1,0,12,12
4483,3,36,0.0390625,0.5546875,1,0,12,12
4484,4,36,0.0546875,0.5546875,1,0,15,15
4485,5,36,0.0703125,0.5546875,1,0,15,15
4486,6,36,0.0859375,0.5546875,1,0,17,17
4487,7,36,0.1015625,0.5546875,1,0,19,19
4488,8,36,0.1171875,0.5546875,1,0,35,35
4489,9,36,0.1328125,0.5546875,1,0,23,23
4490,10,36,0.1484375,0.5546875,1,0,25,25
4491,11,36,0.1640625,0.5546875,1,0,18,18
4492,12,36,0.1796875,0.5546875,1,0,26,26
4493,13,36,0.1953125,0.5546875,1,0,22,22
4494,14,36,0.2109375,0.5546875,1,0,22,22
4495,15,36,0.2265625,0.5546875,1,0,15,15
4496,16,36,0.2421875,0.5546875,1,0,25,25
4497,17,36,0.2578125,0.5546875,0,1,0,0
4498,18,36,0.2734375,0.5546875,0,1,0,0
4499,19,36,0.2890625,0.5546875,0,1,0,0
4500,20,36,0.3046875,0.5546875,0,1,0,0
4501,21,36,0.3203125,0.5546875,0,1,0,0
4502,22,36,0.3359375,0.5546875,0,1,0,0
4503,23,36,0.3515625,0.5546875,0,1,0,0
4504,24,36,0.3671875,0.5546875,0,1,0,0
4505,25,36,0.3828125,0.5546875,0,1,0,0
4506,26,36,0.3984375,0.5546875,0,1,0,0
4507,27,36,0.4140625,0.5546875,0,1,0,0
4508,28,36,0.4296875,0.5546875,0,1,0,0
4509,29,36,0.4453125,0.5546875,0,1,0,0
4510,30,36,0.4609375,0.5546875,0,1,0,0
4511,31,36,0.4765625,0.5546875,0,1,0,0
4512,32,36,0.4921875,0.5546875,0,1,0,0
4513,33,36,0.5078125,0.5546875,1,0,21,21
4514,34,36,0.5234375,0.5546875,1,0,29,29
4515,35,36,0.5390625,0.5546875,1,0,11,11
4516,36,36,0.5546875,0.5546875,1,0,15,15
4517,37,36,0.5703125,0.5546875,1,0,29,29
4518,38,36,0.5859375,0.5546875,1,0,32,32
4519,39,36,0.6015625,0.5546875,1,0,16,16
4520,40,36,0.6171875,0.5546875,1,0,20,20
4521,41,36,0.6328125,0.5546875,1,0,20,20
4522,42,36,0.6484375,0.5546875,1,0,27,27
4523,43,36,0.6640625,0.5546875,1,0,24,24
4524,44,36,0.6796875,0.5546875,1,0,30,30
4525,45,36,0.6953125,0.5546875,1,0,21,21
4526,46,36,0.7109375,0.5546875,1,0,17,17
4527,47,36,0.7265625,0.5546875,1,0,14,14
4528,48,36,0.7421875,0.5546875,1,0,20,20
4529,49,36,0.7578125,0.5546875,1,0,10,10
4530,50,36,0.7734375,0.5546875,1,0,14,14
4531,51,36,0.7890625,0.5546875,1,0,17,17
4532,52,36,0.8046875,0.5546875,1,0,24,24
4533,53,36,0.8203125,0.5546875,1,0,29,29
4534,54,36,0.8359375,0.5546875,1,0,16,16
4535,55,36,0.8515625,0.5546875,1,0,9,9
4536,56,36,0.8671875,0.5546875,1,0,18,18
4537,57,36,0.8828125,0.5546875,1,0,15,15
4538,58,36,0.8984375,0.5546875,1,0,26,26
4539,59,36,0.9140625,0.5546875,1,0,24,24
4540,60,36,0.9296875,0.5546875,1,0,20,20
4541,61,36,0.9453125,0.5546875,1,0,29,29
4542,62,36,0.9609375,0.5546875,1,0,30,30
4543,63,36,0.9765625,0.5546875,1,0,28,28
4544,64,36,0.9921875,0.5546875,1,0,23,23
4545,65,36,1.0078125,0.5546875,1,0,24,24
4546,66,36,1.0234375,0.5546875,1,0,21,21
4547,67,36,1.0390625,0.5546875,1,0,27,27
4548,68,36,1.0546875,0.5546875,1,0,18,18
4549,69,36,1.0703125,0.5546875,1,0,17,17
4550,70,36,1.0859375,0.5546875,1,0,12,12
4551,71,36,1.1015625,0.5546875,1,0,14,14
4552,72,36,1.1171875,0.5546875,1,0,25,25
4553,73,36,1.1328125,0.5546875,1,0,21,21
4554,74,36,1.1484375,0.5546875,1,0,28,28
4555,75,36,1.1640625,0.5546875,1,0,11,11
4556,76,36,1.1796875,0.5546875,1,0,18,18
4557,77,36,1.1953125,0.5546875,1,0,24,24
4558,78,36,1.2109375,0.5546875,1,0,12,12
4559,79,36,1.2265625,0.5546875,1,0,23,23
4560,80,36,1.2421875,0.5546875,1,0,27,27
4561,81,36,1.2578125,0.5546875,1,0,12,12
4562,82,36,1.2734375,0.5546875,1,0,11,11
4563,83,36,1.2890625,0.5546875,1,0,15,15
4564,84,36,1.3046875,0.5546875,1,0,8,8
4565,85,36,1.3203125,0.5546875,1,0,17,17
4566,86,36,1.3359375,0.5546875,1,0,30,30
4567,87,36,1.3515625,0.5546875,1,0,14,14
4568,88,36,1.3671875,0.5546875,1,0,20,20
4569,89,36,1.3828125,0.5546875,1,0,32,32
4570,90,36,1.3984375,0.5546875,1,0,33,33
4571,91,36,1.4140625,0.5546875,1,0,22,22
4572,92,36,1.4296875,0.5546875,1,0,20,20
4573,93,36,1.4453125,0.5546875,1,0,14,14
4574,94,36,1.4609375,0.5546875,1,0,24,24
4575,95,36,1.4765625,0.5546875,1,0,26,26
4576,96,36,1.4921875,0.5546875,1,0,20,20
4577,97,36,1.5078125,0.5546875,1,0,28,28
4578,98,36,1.5234375,0.5546875,1,0,21,21
4579,99,36,1.5390625,0.5546875,1,0,10,10
4580,100,36,1.5546875,0.5546875,1,0,23,23
4581,101,36,1.5703125,0.5546875,1,0,16,16
4582,102,36,1.5859375,0.5546875,1,0,14,14
4583,103,36,1.6015625,0.5546875,1,0,20,20
4584,104,36,1.6171875,0.5546875,1,0,16,16
4585,105,36,1.6328125,0.5546875,1,0,23,23
4586,106,36,1.6484375,0.5546875,1,0,14,14
4587,107,36,1.6640625,0.5546875,1,0,28,28
4588,108,36,1.6796875,0.5546875,1,0,14,14
4589,109,36,1.6953125,0.5546875,1,0,29,29
4590,110,36,1.7109375,0.5546875,1,0,19,19
4591,111,36,1.7265625,0.5546875,1,0,14,14
4592,112,36,1.7421875,0.5546875,1,0,13,13
4593,113,36,1.7578125,0.5546875,1,0,17,17
4594,114,36,1.7734375,0.5546875,1,0,21,21
4595,115,36,1.7890625,0.5546875,1,0,19,19
4596,116,36,1.8046875,0.5546875,1,0,18,18
4597,117,36,1.8203125,0.5546875,1,0,28,28
4598,118,36,1.8359375,0.5546875,1,0,21,21
4599,119,36,1.8515625,0.5546875,1,0,21,21
4600,120,36,1.8671875,0.5546875,1,0,15,15
4601,121,36,1.8828125,0.5546875,1,0,21,21
4602,122,36,1.8984375,0.5546875,1,0,14,14
4603,123,36,1.9140625,0.5546875,1,0,21,21
4604,124,36,1.9296875,0.5546875,1,0,26,26
4605,125,36,1.9453125,0.5546875,1,0,19,19
4606,126,36,1.9609375,0.5546875,1,0,16,16
4607,127,36,1.9765625,0.5546875,1,0,12,12
4608,128,36,1.9921875,0.5546875,1,0,17,17
4609,1,37,0.0078125,0.5703125,1,0,31,31
4610,2,37,0.0234375,0.5703125,1,0,27,27
4611,3,37,0.0390625,0.5703125,1,0,35,35
4612,4,37,0.0546875,0.5703125,1,0,11,11
4613,5,37,0.0703125,0.5703125,1,0,16,16
4614,6,37,0.0859375,0.5703125,1,0,18,18
4615,7,37,0.1015625,0.5703125,1,0,31,31
4616,8,37,0.1171875,0.5703125,1,0,19,19
4617,9,37,0.1328125,0.5703125,1,0,23,23
4618,10,37,0.1484375,0.5703125,1,0,12,12
4619,11,37,0.1640625,0.5703125,1,0,18,18
4620,12,37,0.1796875,0.5703125,1,0,25,25
4621,13,37,0.1953125,0.5703125,1,0,26,26
4622,14,37,0.2109375,0.5703125,1,0,15,15
4623,15,37,0.2265625,0.5703125,1,0,19,19
4624,16,37,0.2421875,0.5703125,1,0,20,20
4625,17,37,0.2578125,0.5703125,0,1,0,0
4626,18,37,0.2734375,0.5703125,0,1,0,0
4627,19,37,0.2890625,0.5703125,0,1,0,0
4628,20,37,0.3046875,0.5703125,0,1,0,0
4629,21,37,0.3203125,0.5703125,0,1,0,0
4630,22,37,0.3359375,0.5703125,0,1,0,0
4631,23,37,0.3515625,0.5703125,0,1,0,0
4632,24,37,0.3671875,0.5703125,0,1,0,0
4633,25,37,0.3828125,0.5703125,0,1,0,0
4634,26,37,0.3984375,0.5703125,0,1,0,0
4635,27,37,0.4140625,0.5703125,0,1,0,0
4636,28,37,0.4296875,0.5703125,0,1,0,0
4637,29,37,0.4453125,0.5703125,0,1,0,0
4638,30,37,0.4609375,0.5703125,0,1,0,0
4639,31,37,0.4765625,0.5703125,0,1,0,0
4640,32,37,0.4921875,0.5703125,0,1,0,0
4641,33,37,0.5078125,0.5703125,1,0,22,22
4642,34,37,0.5234375,0.5703125,1,0,16,16
4643,35,37,0.5390625,0.5703125,1,0,15,15
4644,36,37,0.5546875,0.5703125,1,0,20,20
4645,37,37,0.5703125,0.5703125,1,0,21,21
4646,38,37,0.5859375,0.5703125,1,0,4,4
4647,39,37,0.6015625,0.5703125,1,0,19,19
4648,40,37,0.6171875,0.5703125,1,0,20,20
4649,41,37,0.6328125,0.5703125,1,0,20,20
4650,42,37,0.6484375,0.5703125,1,0,20,20
4651,43,37,0.6640625,0.5703125,1,0,33,33
4652,44,37,0.6796875,0.5703125,1,0,20,20
4653,45,37,0.6953125,0.5703125,1,0,17,17
4654,46,37,0.7109375,0.5703125,1,0,15,15
4655,47,37,0.7265625,0.5703125,1,0,13,13
4656,48,37,0.7421875,0.5703125,1,0,36,36
4657,49,37,0.7578125,0.5703125,1,0,19,19
4658,50,37,0.7734375,0.5703125,1,0,17,17
4659,51,37,0.7890625,0.5703125,1,0,23,23
4660,52,37,0.8046875,0.5703125,1,0,27,27
4661,53,37,0.8203125,0.5703125,1,0,21,21
4662,54,37,0.8359375,0.5703125,1,0,22,22
4663,55,37,0.8515625,0.5703125,1,0,18,18
4664,56,37,0.8671875,0.5703125,1,0,27,27
4665,57,37,0.8828125,0.5703125,1,0,17,17
4666,58,37,0.8984375,0.5703125,1,0,22,22
4667,59,37,0.9140625,0.5703125,1,0,10,10
4668,60,37,0.9296875,0.5703125,1,0,25,25
4669,61,37,0.9453125,0.5703125,1,0,20,20
4670,62,37,0.9609375,0.5703125,1,0,20,20
4671,63,37,0.9765625,0.5703125,1,0,8,8
4672,64,37,0.9921875,0.5703125,1,0,16,16
4673,65,37,1.0078125,0.5703125,1,0,26,26
4674,66,37,1.0234375,0.5703125,1,0,17,17
4675,67,37,1.0390625,0.5703125,1,0,20,20
4676,68,37,1.0546875,0.5703125,1,0,29,29
4677,69,37,1.0703125,0.5703125,1,0,30,30
4678,70,37,1.0859375,0.5703125,1,0,18,18
4679,71,37,1.1015625,0.5703125,1,0,13,13
4680,72,37,1.1171875,0.5703125,1,0,32,32
4681,73,37,1.1328125,0.5703125,1,0,17,17
4682,74,37,1.1484375,0.5703125,1,0,15,15
4683,75,37,1.1640625,0.5703125,1,0,27,27
4684,76,37,1.1796875,0.5703125,1,0,25,25
4685,77,37,1.1953125,0.5703125,1,0,21,21
4686,78,37,1.2109375,0.5703125,1,0,12,12
4687,79,37,1.2265625,0.5703125,1,0,14,14
4688,80,37,1.2421875,0.5703125,1,0,10,10
4689,81,37,1.2578125,0.5703125,1,0,20,20
4690,82,37,1.2734375,0.5703125,1,0,22,22
4691,83,37,1.2890625,0.5703125,1,0,18,18
4692,84,37,1.3046875,0.5703125,1,0,16,16
4693,85,37,1.3203125,0.5703125,1,0,15,15
4694,86,37,1.3359375,0.5703125,1,0,8,8
4695,87,37,1.3515625,0.5703125,1,0,21,21
4696,88,37,1.3671875,0.5703125,1,0,17,17
4697,89,37,1.3828125,0.5703125,1,0,18,18
4698,90,37,1.3984375,0.5703125,1,0,13,13
4699,91,37,1.4140625,0.5703125,1,0,15,15
4700,92,37,1.4296875,0.5703125,1,0,26,26
4701,93,37,1.4453125,0.5703125,1,0,23,23
4702,94,37,1.4609375,0.5703125,1,0,22,22
4703,95,37,1.4765625,0.5703125,1,0,28,28
4704,96,37,1.4921875,0.5703125,1,0,19,19
4705,97,37,1.5078125,0.5703125,1,0,19,19
4706,98,37,1.5234375,0.5703125,1,0,23,23
4707,99,37,1.5390625,0.5703125,1,0,18,18
4708,100,37,1.5546875,0.5703125,1,0,18,18
4709,101,37,1.5703125,0.5703125,1,0,26,26
4710,102,37,1.5859375,0.5703125,1,0,12,12
4711,103,37,1.6015625,0.5703125,1,0,36,36
4712,104,37,1.6171875,0.5703125,1,0,18,18
4713,105,37,1.6328125,0.5703125,1,0,23,23
4714,106,37,1.6484375,0.5703125,1,0,18,18
4715,107,37,1.6640625,0.5703125,1,0,15,15
4716,108,37,1.6796875,0.5703125,1,0,19,19
4717,109,37,1.6953125,0.5703125,1,0,35,35
4718,110,37,1.7109375,0.5703125,1,0,17,17
4719,111,37,1.7265625,0.5703125,1,0,24,24
4720,112,37,1.7421875,0.5703125,1,0,30,30
4721,113,37,1.7578125,0.5703125,1,0,27,27
4722,114,37,1.7734375,0.5703125,1,0,16,16
4723,115,37,1.7890625,0.5703125,1,0,17,17
4724,116,37,1.8046875,0.5703125,1,0,14,14
4725,117,37,1.8203125,0.5703125,1,0,28,28
4726,118,37,1.8359375,0.5703125,1,0,15,15
4727,119,37,1.8515625,0.5703125,1,0,15,15
4728,120,37,1.8671875,0.5703125,1,0,26,26
4729,121,37,1.8828125,0.5703125,1,0,26,26
4730,122,37,1.8984375,0.5703125,1,0,28,28
4731,123,37,1.9140625,0.5703125,1,0,24,24
4732,124,37,1.9296875,0.5703125,1,0,26,26
4733,125,37,1.9453125,0.5703125,1,0,16,16
4734,126,37,1.9609375,0.5703125,1,0,19,19
4735,127,37,1.9765625,0.5703125,1,0,19,19
4736,128,37,1.9921875,0.5703125,1,0,23,23
4737,1,38,0.0078125,0.5859375,1,0,10,10
4738,2,38,0.0234375,0.5859375,1,0,19,19
4739,3,38,0.0390625,0.5859375,1,0,28,28
4740,4,38,0.0546875,0.5859375,1,0,26,26
4741,5,38,0.0703125,0.5859375,1,0,20,20
4742,6,38,0.0859375,0.5859375,1,0,26,26
4743,7,38,0.1015625,0.5859375,1,0,21,21
4744,8,38,0.1171875,0.5859375,1,0,22,22
4745,9,38,0.1328125,0.5859375,1,0,15,15
4746,10,38,0.1484375,0.5859375,1,0,20,20
4747,11,38,0.1640625,0.5859375,1,0,18,18
4748,12,38,0.1796875,0.5859375,1,0,24,24
4749,13,38,0.1953125,0.5859375,1,0,31,31
4750,14,38,0.2109375,0.5859375,1,0,24,24
4751,15,38,0.2265625,0.5859375,1,0,15,15
4752,16,38,0.2421875,0.5859375,1,0,17,17
4753,17,38,0.2578125,0.5859375,0,1,0,0
4754,18,38,0.2734375,0.5859375,0,1,0,0
4755,19,38,0.2890625,0.5859375,0,1,0,0
4756,20,38,0.3046875,0.5859375,0,1,0,0
4757,21,38,0.3203125,0.5859375,0,1,0,0
4758,22,38,0.3359375,0.5859375,0,1,0,0
4759,23,38,0.3515625,0.5859375,0,1,0,0
4760,24,38,0.3671875,0.5859375,0,1,0,0
4761,25,38,0.3828125,0.5859375,0,1,0,0
4762,26,38,0.3984375,0.5859375,0,1,0,0
4763,27,38,0.4140625,0.5859375,0,1,0,0
4764,28,38,0.4296875,0.5859375,0,1,0,0
4765,29,38,0.4453125,0.5859375,0,1,0,0
4766,30,38,0.4609375,0.5859375,0,1,0,0
4767,31,38,0.4765625,0.5859375,0,1,0,0
4768,32,38,0.4921875,0.5859375,0,1,0,0
4769,33,38,0.5078125,0.5859375,1,0,17,17
4770,34,38,0.5234375,0.5859375,1,0,24,24
4771,35,38,0.5390625,0.5859375,1,0,24,24
4772,36,38,0.5546875,0.5859375,1,0,11,11
4773,37,38,0.5703125,0.5859375,1,0,19,19
4774,38,38,0.5859375,0.5859375,1,0,9,9
4775,39,38,0.6015625,0.5859375,1,0,25,25
4776,40,38,0.6171875,0.5859375,1,0,26,26
4777,41,38,0.6328125,0.5859375,1,0,26,26
4778,42,38,0.6484375,0.5859375,1,0,4,4
4779,43,38,0.6640625,0.5859375,1,0,14,14
4780,44,38,0.6796875,0.5859375,1,0,18,18
4781,45,38,0.6953125,0.5859375,1,0,21,21
4782,46,38,0.7109375,0.5859375,1,0,16,16
4783,47,38,0.7265625,0.5859375,1,0,19,19
4784,48,38,0.7421875,0.5859375,1,0,11,11
4785,49,38,0.7578125,0.5859375,1,0,14,14
4786,50,38,0.7734375,0.5859375,1,0,22,22
4787,51,38,0.7890625,0.5859375,1,0,19,19
4788,52,38,0.8046875,0.5859375,1,0,17,17
4789,53,38,0.8203125,0.5859375,1,0,18,18
4790,54,38,0.8359375,0.5859375,1,0,30,30
4791,55,38,0.8515625,0.5859375,1,0,19,19
4792,56,38,0.8671875,0.5859375,1,0,23,23
4793,57,38,0.8828125,0.5859375,1,0,14,14
4794,58,38,0.8984375,0.5859375,1,0,20,20
4795,59,38,0.9140625,0.5859375,1,0,18,18
4796,60,38,0.9296875,0.5859375,1,0,25,25
4797,61,38,0.9453125,0.5859375,1,0,10,10
4798,62,38,0.9609375,0.5859375,1,0,16,16
4799,63,38,0.9765625,0.5859375,1,0,4,4
4800,64,38,0.9921875,0.5859375,1,0,18,18
4801,65,38,1.0078125,0.5859375,1,0,22,22
4802,66,38,1.0234375,0.5859375,1,0,26,26
4803,67,38,1.0390625,0.5859375,1,0,17,17
4804,68,38,1.0546875,0.5859375,1,0,22,22
4805,69,38,1.0703125,0.5859375,1,0,9,9
4806,70,38,1.0859375,0.5859375,1,0,15,15
4807,71,38,1.1015625,0.5859375,1,0,25,25
4808,72,38,1.1171875,0.5859375,1,0,18,18
4809,73,38,1.1328125,0.5859375,1,0,18,18
4810,74,38,1.1484375,0.5859375,1,0,24,24
4811,75,38,1.1640625,0.5859375,1,0,16,16
4812,76,38,1.1796875,0.5859375,1,0,19,19
4813,77,38,1.1953125,0.5859375,1,0,15,15
4814,78,38,1.2109375,0.5859375,1,0,15,15
4815,79,38,1.2265625,0.5859375,1,0,26,26
4816,80,38,1.2421875,0.5859375,1,0,27,27
4817,81,38,1.2578125,0.5859375,1,0,17,17
4818,82,38,1.2734375,0.5859375,1,0,27,27
4819,83,38,1.2890625,0.5859375,1,0,9,9
4820,84,38,1.3046875,0.5859375,1,0,30,30
4821,85,38,1.3203125,0.5859375,1,0,20,20
4822,86,38,1.3359375,0.5859375,1,0,21,21
4823,87,38,1.3515625,0.5859375,1,0,32,32
4824,88,38,1.3671875,0.5859375,1,0,23,23
4825,89,38,1.3828125,0.5859375,1,0,15,15
4826,90,38,1.3984375,0.5859375,1,0,16,16
4827,91,38,1.4140625,0.5859375,1,0,21,21
4828,92,38,1.4296875,0.5859375,1,0,16,16
4829,93,38,1.4453125,0.5859375,1,0,23,23
4830,94,38,1.4609375,0.5859375,1,0,23,23
4831,95,38,1.4765625,0.5859375,1,0,19,19
4832,96,38,1.4921875,0.5859375,1,0,20,20
4833,97,38,1.5078125,0.5859375,1,0,16,16
4834,98,38,1.5234375,0.5859375,1,0,22,22
4835,99,38,1.5390625,0.5859375,1,0,25,25
4836,100,38,1.5546875,0.5859375,1,0,21,21
4837,101,38,1.5703125,0.5859375,1,0,21,21
4838,102,38,1.5859375,0.5859375,1,0,29,29
4839,103,38,1.6015625,0.5859375,1,0,31,31
4840,104,38,1.6171875,0.5859375,1,0,17,17
4841,105,38,1.6328125,0.5859375,1,0,22,22
4842,106,38,1.6484375,0.5859375,1,0,22,22
4843,107,38,1.6640625,0.5859375,1,0,18,18
4844,108,38,1.6796875,0.5859375,1,0,21,21
4845,109,38,1.6953125,0.5859375,1,0,9,9
4846,110,38,1.7109375,0.5859375,1,0,13,13
4847,111,38,1.7265625,0.5859375,1,0,24,24
4848,112,38,1.7421875,0.5859375,1,0,15,15
4849,113,38,1.7578125,0.5859375,1,0,22,22
4850,114,38,1.7734375,0.5859375,1,0,16,16
4851,115,38,1.7890625,0.5859375,1,0,19,19
4852,116,38,1.8046875,0.5859375,1,0,7,7
4853,117,38,1.8203125,0.5859375,1,0,20,20
4854,118,38,1.8359375,0.5859375,1,0,27,27
4855,119,38,1.8515625,0.5859375,1,0,21,21
4856,120,38,1.8671875,0.5859375,1,0,23,23
4857,121,38,1.8828125,0.5859375,1,0,19,19
4858,122,38,1.8984375,0.5859375,1,0,17,17
4859,123,38,1.9140625,0.5859375,1,0,14,14
4860,124,38,1.9296875,0.5859375,1,0,26,26
4861,125,38,1.9453125,0.5859375,1,0,21,21
4862,126,38,1.9609375,0.5859375,1,0,12,12
4863,127,38,1.9765625,0.5859375,1,0,13,13
4864,128,38,1.9921875,0.5859375,1,0,22,22
4865,1,39,0.0078125,0.6015625,1,0,12,12
4866,2,39,0.0234375,0.6015625,1,0,31,31
4867,3,39,0.0390625,0.6015625,1,0,15,15
4868,4,39,0.0546875,0.6015625,1,0,7,7
4869,5,39,0.0703125,0.6015625,1,0,23,23
4870,6,39,0.0859375,0.6015625,1,0,22,22
4871,7,39,0.1015625,0.6015625,1,0,18,18
4872,8,39,0.1171875,0.6015625,1,0,11,11
4873,9,39,0.1328125,0.6015625,1,0,21,21
4874,10,39,0.1484375,0.6015625,1,0,6,6
4875,11,39,0.1640625,0.6015625,1,0,21,21
4876,12,39,0.1796875,0.6015625,1,0,25,25
4877,13,39,0.1953125,0.6015625,1,0,26,26
4878,14,39,0.2109375,0.6015625,1,0,16,16
4879,15,39,0.2265625,0.6015625,1,0,23,23
4880,16,39,0.2421875,0.6015625,1,0,10,10
4881,17,39,0.2578125,0.6015625,1,0,22,22
4882,18,39,0.2734375,0.6015625,1,0,22,22
4883,19,39,0.2890625,0.6015625,1,0,26,26
4884,20,39,0.3046875,0.6015625,1,0,25,25
4885,21,39,0.3203125,0.6015625,1,0,11,11
4886,22,39,0.3359375,0.6015625,1,0,13,13
4887,23,39,0.3515625,0.6015625,1,0,27,27
4888,24,39,0.3671875,0.6015625,1,0,4,4
4889,25,39,0.3828125,0.6015625,1,0,14,14
4890,26,39,0.3984375,0.6015625,1,0,19,19
4891,27,39,0.4140625,0.6015625,1,0,26,26
4892,28,39,0.4296875,0.6015625,1,0,20,20
4893,29,39,0.4453125,0.6015625,1,0,21,21
4894,30,39,0.4609375,0.6015625,1,0,22,22
4895,31,39,0.4765625,0.6015625,1,0,16,16
4896,32,39,0.4921875,0.6015625,1,0,24,24
4897,33,39,0.5078125,0.6015625,1,0,23,23
4898,34,39,0.5234375,0.6015625,1,0,22,22
4899,35,39,0.5390625,0.6015625,1,0,26,26
4900,36,39,0.5546875,0.6015625,1,0,22,22
4901,37,39,0.5703125,0.6015625,1,0,14,14
4902,38,39,0.5859375,0.6015625,1,0,20,20
4903,39,39,0.6015625,0.6015625,1,0,20,20
4904,40,39,0.6171875,0.6015625,1,0,27,27
4905,41,39,0.6328125,0.6015625,1,0,17,17
4906,42,39,0.6484375,0.6015625,1,0,11,11
4907,43,39,0.6640625,0.6015625,1,0,27,27
4908,44,39,0.6796875,0.6015625,1,0,18,18
4909,45,39,0.6953125,0.6015625,1,0,23,23
4910,46,39,0.7109375,0.6015625,1,0,14,14
4911,47,39,0.7265625,0.6015625,1,0,11,11
4912,48,39,0.7421875,0.6015625,1,0,22,22
4913,49,39,0.7578125,0.6015625,1,0,23,23
4914,50,39,0.7734375,0.6015625,1,0,17,17
4915,51,39,0.7890625,0.6015625,1,0,18,18
4916,52,39,0.8046875,0.6015625,1,0,16,16
4917,53,39,0.8203125,0.6015625,1,0,13,13
4918,54,39,0.8359375,0.6015625,1,0,10,10
4919,55,39,0.8515625,0.6015625,1,0,29,29
4920,56,39,0.8671875,0.6015625,1,0,20,20
4921,57,39,0.8828125,0.6015625,1,0,22,22
4922,58,39,0.8984375,0.6015625,1,0,24,24
4923,59,39,0.9140625,0.6015625,1,0,17,17
4924,60,39,0.9296875,0.6015625,1,0,13,13
4925,61,39,0.9453125,0.6015625,1,0,13,13
4926,62,39,0.9609375,0.6015625,1,0,17,17
4927,63,39,0.9765625,0.6015625,1,0,4,4
4928,64,39,0.9921875,0.6015625,1,0,15,15
4929,65,39,1.0078125,0.6015625,1,0,31,31
4930,66,39,1.0234375,0.6015625,1,0,7,7
4931,67,39,1.0390625,0.6015625,1,0,19,19
4932,68,39,1.0546875,0.6015625,1,0,23,23
4933,69,39,1.0703125,0.6015625,1,0,32,32
4934,70,39,1.0859375,0.6015625,1,0,18,18
4935,71,39,1.1015625,0.6015625,1,0,22,22
4936,72,39,1.1171875,0.6015625,1,0,19,19
4937,73,39,1.1328125,0.6015625,1,0,13,13
4938,74,39,1.1484375,0.6015625,1,0,20,20
4939,75,39,1.1640625,0.6015625,1,0,19,19
4940,76,39,1.1796875,0.6015625,1,0,20,20
4941,77,39,1.1953125,0.6015625,1,0,23,23
4942,78,39,1.2109375,0.6015625,1,0,26,26
4943,79,39,1.2265625,0.6015625,1,0,20,20
4944,80,39,1.2421875,0.6015625,1,0,15,15
4945,81,39,1.2578125,0.6015625,1,0,12,12
4946,82,39,1.2734375,0.6015625,1,0,30,30
4947,83,39,1.2890625,0.6015625,1,0,28,28
4948,84,39,1.3046875,0.6015625,1,0,15,15
4949,85,39,1.3203125,0.6015625,1,0,17,17
4950,86,39,1.3359375,0.6015625,1,0,15,15
4951,87,39,1.3515625,0.6015625,1,0,25,25
4952,88,39,1.3671875,0.6015625,1,0,13,13
4953,89,39,1.3828125,0.6015625,1,0,20,20
4954,90,39,1.3984375,0.6015625,1,0,17,17
4955,91,39,1.4140625,0.6015625,1,0,23,23
4956,92,39,1.4296875,0.6015625,1,0,27,27
4957,93,39,1.4453125,0.6015625,1,0,24,24
4958,94,39,1.4609375,0.6015625,1,0,36,36
4959,95,39,1.4765625,0.6015625,1,0,23,23
4960,96,39,1.4921875,0.6015625,1,0,28,28
4961,97,39,1.5078125,0.6015625,1,0,23,23
4962,98,39,1.5234375,0.6015625,1,0,19,19
4963,99,39,1.5390625,0.6015625,1,0,28,28
4964,100,39,1.5546875,0.6015625,1,0,25,25
4965,101,39,1.5703125,0.6015625,1,0,11,11
4966,102,39,1.5859375,0.6015625,1,0,22,22
4967,103,39,1.6015625,0.6015625,1,0,36,36
4968,104,39,1.6171875,0.6015625,1,0,21,21
4969,105,39,1.6328125,0.6015625,1,0,30,30
4970,106,39,1.6484375,0.6015625,1,0,16,16
4971,107,39,1.6640625,0.6015625,1,0,18,18
4972,108,39,1.6796875,0.6015625,1,0,20,20
4973,109,39,1.6953125,0.6015625,1,0,20,20
4974,110,39,1.7109375,0.6015625,1,0,7,7
4975,111,39,1.7265625,0.6015625,1,0,17,17
4976,112,39,1.7421875,0.6015625,1,0,15,15
4977,113,39,1.7578125,0.6015625,1,0,10,10
4978,114,39,1.7734375,0.6015625,1,0,22,22
4979,115,39,1.7890625,0.6015625,1,0,22,22
4980,116,39,1.8046875,0.6015625,1,0,25,25
4981,117,39,1.8203125,0.6015625,1,0,20,20
4982,118,39,1.8359375,0.6015625,1,0,25,25
4983,119,39,1.8515625,0.6015625,1,0,17,17
4984,120,39,1.8671875,0.6015625,1,0,18,18
4985,121,39,1.8828125,0.6015625,1,0,22,22
4986,122,39,1.8984375,0.6015625,1,0,29,29
4987,123,39,1.9140625,0.6015625,1,0,27,27
4988,124,39,1.9296875,0.6015625,1,0,16,16
4989,125,39,1.9453125,0.6015625,1,0,21,21
4990,126,39,1.9609375,0.6015625,1,0,20,20
4991,127,39,1.9765625,0.6015625,1,0,30,30
4992,128,39,1.9921875,0.6015625,1,0,21,21
4993,1,40,0.0078125,0.6171875,1,0,29,29
4994,2,40,0.0234375,0.6171875,1,0,26,26
4995,3,40,0.0390625,0.6171875,1,0,20,20
4996,4,40,0.0546875,0.6171875,1,0,31,31
4997,5,40,0.0703125,0.6171875,1,0,21,21
4998,6,40,0.0859375,0.6171875,1,0,29,29
4999,7,40,0.1015625,0.6171875,1,0,11,11
5000,8,40,0.1171875,0.6171875,1,0,12,12
5001,9,40,0.1328125,0.6171875,1,0,16,16
5002,10,40,0.1484375,0.6171875,1,0,9,9
5003,11,40,0.1640625,0.6171875,1,0,22,22
5004,12,40,0.1796875,0.6171875,1,0,28,28
5005,13,40,0.1953125,0.6171875,1,0,25,25
5006,14,40,0.2109375,0.6171875,1,0,22,22
5007,15,40,0.2265625,0.6171875,1,0,23,23
5008,16,40,0.2421875,0.6171875,1,0,20,20
5009,17,40,0.2578125,0.6171875,1,0,13,13
5010,18,40,0.2734375,0.6171875,1,0,12,12
5011,19,40,0.2890625,0.6171875,1,0,19,19
5012,20,40,0.3046875,0.6171875,1,0,6,6
5013,21,40,0.3203125,0.6171875,1,0,17,17
5014,22,40,0.3359375,0.6171875,1,0,9,9
5015,23,40,0.3515625,0.6171875,1,0,24,24
5016,24,40,0.3671875,0.6171875,1,0,14,14
5017,25,40,0.3828125,0.6171875,1,0,24,24
5018,26,40,0.3984375,0.6171875,1,0,21,21
5019,27,40,0.4140625,0.6171875,1,0,14,14
5020,28,40,0.4296875,0.6171875,1,0,19,19
5021,29,40,0.4453125,0.6171875,1,0,27,27
5022,30,40,0.4609375,0.6171875,1,0,18,18
5023,31,40,0.4765625,0.6171875,1,0,33,33
5024,32,40,0.4921875,0.6171875,1,0,15,15
5025,33,40,0.5078125,0.6171875,1,0,19,19
5026,34,40,0.5234375,0.6171875,1,0,19,19
5027,35,40,0.5390625,0.6171875,1,0,21,21
5028,36,40,0.5546875,0.6171875,1,0,24,24
5029,37,40,0.5703125,0.6171875,1,0,19,19
5030,38,40,0.5859375,0.6171875,1,0,26,26
5031,39,40,0.6015625,0.6171875,1,0,21,21
5032,40,40,0.6171875,0.6171875,1,0,19,19
5033,41,40,0.6328125,0.6171875,1,0,8,8
5034,42,40,0.6484375,0.6171875,1,0,17,17
5035,43,40,0.6640625,0.6171875,1,0,16,16
5036,44,40,0.6796875,0.6171875,1,0,16,16
5037,45,40,0.6953125,0.6171875,1,0,15,15
5038,46,40,0.7109375,0.6171875,1,0,22,22
5039,47,40,0.7265625,0.6171875,1,0,13,13
5040,48,40,0.7421875,0.6171875,1,0,25,25
5041,49,40,0.7578125,0.6171875,1,0,27,27
5042,50,40,0.7734375,0.6171875,1,0,21,21
5043,51,40,0.7890625,0.6171875,1,0,23,23
5044,52,40,0.8046875,0.6171875,1,0,27,27
5045,53,40,0.8203125,0.6171875,1,0,14,14
5046,54,40,0.8359375,0.6171875,1,0,15,15
5047,55,40,0.8515625,0.6171875,1,0,23,23
5048,56,40,0.8671875,0.6171875,1,0,32,32
5049,57,40,0.8828125,0.6171875,1,0,24,24
5050,58,40,0.8984375,0.6171875,1,0,20,20
5051,59,40,0.9140625,0.6171875,1,0,20,20
5052,60,40,0.9296875,0.6171875,1,0,22,22
5053,61,40,0.9453125,0.6171875,1,0,8,8
5054,62,40,0.9609375,0.6171875,1,0,17,17
5055,63,40,0.9765625,0.6171875,1,0,25,25
5056,64,40,0.9921875,0.6171875,1,0,24,24
5057,65,40,1.0078125,0.6171875,1,0,17,17
5058,66,40,1.0234375,0.6171875,1,0,8,8
5059,67,40,1.0390625,0.6171875,1,0,18,18
5060,68,40,1.0546875,0.6171875,1,0,27,27
5061,69,40,1.0703125,0.6171875,1,0,20,20
5062,70,40,1.0859375,0.6171875,1,0,36,36
5063,71,40,1.1015625,0.6171875,1,0,18,18
5064,72,40,1.1171875,0.6171875,1,0,36,36
5065,73,40,1.1328125,0.6171875,1,0,21,21
5066,74,40,1.1484375,0.6171875,1,0,21,21
5067,75,40,1.1640625,0.6171875,1,0,19,19
5068,76,40,1.1796875,0.6171875,1,0,22,22
5069,77,40,1.1953125,0.6171875,1,0,30,30
5070,78,40,1.2109375,0.6171875,1,0,21,21
5071,79,40,1.2265625,0.6171875,1,0,25,25
5072,80,40,1.2421875,0.6171875,1,0,22,22
5073,81,40,1.2578125,0.6171875,1,0,25,25
5074,82,40,1.2734375,0.6171875,1,0,21,21
5075,83,40,1.2890625,0.6171875,1,0,18,18
5076,84,40,1.3046875,0.6171875,1,0,14,14
5077,85,40,1.3203125,0.6171875,1,0,31,31
5078,86,40,1.3359375,0.6171875,1,0,25,25
5079,87,40,1.3515625,0.6171875,1,0,25,25
5080,88,40,1.3671875,0.6171875,1,0,15,15
5081,89,40,1.3828125,0.6171875,1,0,23,23
5082,90,40,1.3984375,0.6171875,1,0,27,27
5083,91,40,1.4140625,0.6171875,1,0,16,16
5084,92,40,1.4296875,0.6171875,1,0,17,17
5085,93,40,1.4453125,0.6171875,1,0,28,28
5086,94,40,1.4609375,0.6171875,1,0,9,9
5087,95,40,1.4765625,0.6171875,1,0,14,14
5088,96,40,1.4921875,0.6171875,1,0,23,23
5089,97,40,1.5078125,0.6171875,1,0,20,20
5090,98,40,1.5234375,0.6171875,1,0,20,20
5091,99,40,1.5390625,0.6171875,1,0,19,19
5092,100,40,1.5546875,0.6171875,1,0,24,24
5093,101,40,1.5703125,0.6171875,1,0,12,12
5094,102,40,1.5859375,0.6171875,1,0,24,24
5095,103,40,1.6015625,0.6171875,1,0,20,20
5096,104,40,1.6171875,0.6171875,1,0,28,28
5097,105,40,1.6328125,0.6171875,1,0,19,19
5098,106,40,1.6484375,0.6171875,1,0,14,14
5099,107,40,1.6640625,0.6171875,1,0,26,26
5100,108,40,1.6796875,0.6171875,1,0,15,15
5101,109,40,1.6953125,0.6171875,1,0,11,11
5102,110,40,1.7109375,0.6171875,1,0,18,18
5103,111,40,1.7265625,0.6171875,1,0,17,17
5104,112,40,1.7421875,0.6171875,1,0,24,24
5105,113,40,1.7578125,0.6171875,1,0,18,18
5106,114,40,1.7734375,0.6171875,1,0,21,21
5107,115,40,1.7890625,0.6171875,1,0,30,30
5108,116,40,1.8046875,0.6171875,1,0,22,22
5109,117,40,1.8203125,0.6171875,1,0,21,21
5110,118,40,1.8359375,0.6171875,1,0,28,28
5111,119,40,1.8515625,0.6171875,1,0,21,21
5112,120,40,1.8671875,0.6171875,1,0,13,13
5113,121,40,1.8828125,0.6171875,1,0,11,11
5114,122,40,1.8984375,0.6171875,1,0,26,26
5115,123,40,1.9140625,0.6171875,1,0,29,29
5116,124,40,1.9296875,0.6171875,1,0,30,30
5117,125,40,1.9453125,0.6171875,1,0,20,20
5118,126,40,1.9609375,0.6171875,1,0,13,13
5119,127,40,1.9765625,0.6171875,1,0,20,20
5120,128,40,1.9921875,0.6171875,1,0,16,16
5121,1,41,0.0078125,0.6328125,1,0,20,20
5122,2,41,0.0234375,0.6328125,1,0,14,14
5123,3,41,0.0390625,0.6328125,1,0,12,12
5124,4,41,0.0546875,0.6328125,1,0,18,18
5125,5,41,0.0703125,0.6328125,1,0,30,30
5126,6,41,0.0859375,0.6328125,1,0,18,18
5127,7,41,0.1015625,0.6328125,1,0,20,20
5128,8,41,0.1171875,0.6328125,1,0,16,16
5129,9,41,0.1328125,0.6328125,1,0,4,4
5130,10,41,0.1484375,0.6328125,1,0,16,16
5131,11,41,0.1640625,0.6328125,1,0,17,17
5132,12,41,0.1796875,0.6328125,1,0,24,24
5133,13,41,0.1953125,0.6328125,1,0,15,15
5134,14,41,0.2109375,0.6328125,1,0,27,27
5135,15,41,0.2265625,0.6328125,1,0,13,13
5136,16,41,0.2421875,0.6328125,1,0,27,27
5137,17,41,0.2578125,0.6328125,1,0,15,15
5138,18,41,0.2734375,0.6328125,1,0,17,17
5139,19,41,0.2890625,0.6328125,1,0,20,20
5140,20,41,0.3046875,0.6328125,1,0,13,13
5141,21,41,0.3203125,0.6328125,1,0,28,28
5142,22,41,0.3359375,0.6328125,1,0,14,14
5143,23,41,0.3515625,0.6328125,1,0,10,10
5144,24,41,0.3671875,0.6328125,1,0,21,21
5145,25,41,0.3828125,0.6328125,1,0,11,11
5146,26,41,0.3984375,0.6328125,1,0,23,23
5147,27,41,0.4140625,0.6328125,1,0,20,20
5148,28,41,0.4296875,0.6328125,1,0,25,25
5149,29,41,0.4453125,0.6328125,1,0,16,16
5150,30,41,0.4609375,0.6328125,1,0,12,12
5151,31,41,0.4765625,0.6328125,1,0,25,25
5152,32,41,0.4921875,0.6328125,1,0,18,18
5153,33,41,0.5078125,0.6328125,1,0,21,21
5154,34,41,0.5234375,0.6328125,1,0,34,34
5155,35,41,0.5390625,0.6328125,1,0,18,18
5156,36,41,0.5546875,0.6328125,1,0,26,26
5157,37,41,0.5703125,0.6328125,1,0,20,20
5158,38,41,0.5859375,0.6328125,1,0,23,23
5159,39,41,0.6015625,0.6328125,1,0,28,28
5160,40,41,0.6171875,0.6328125,1,0,22,22
5161,41,41,0.6328125,0.6328125,1,0,31,31
5162,42,41,0.6484375,0.6328125,1,0,4,4
5163,43,41,0.6640625,0.6328125,1,0,19,19
5164,44,41,0.6796875,0.6328125,1,0,23,23
5165,45,41,0.6953125,0.6328125,1,0,30,30
5166,46,41,0.7109375,0.6328125,1,0,14,14
5167,47,41,0.7265625,0.6328125,1,0,19,19
5168,48,41,0.7421875,0.6328125,1,0,20,20
5169,49,41,0.7578125,0.6328125,1,0,24,24
5170,50,41,0.7734375,0.6328125,1,0,17,17
5171,51,41,0.7890625,0.6328125,1,0,7,7
5172,52,41,0.8046875,0.6328125,1,0,22,22
5173,53,41,0.8203125,0.6328125,1,0,19,19
5174,54,41,0.8359375,0.6328125,1,0,22,22
5175,55,41,0.8515625,0.6328125,1,0,24,24
5176,56,41,0.8671875,0.6328125,1,0,27,27
5177,57,41,0.8828125,0.6328125,1,0,21,21
5178,58,41,0.8984375,0.6328125,1,0,21,21
5179,59,41,0.9140625,0.6328125,1,0,23,23
5180,60,41,0.9296875,0.6328125,1,0,11,11
5181,61,41,0.9453125,0.6328125,1,0,25,25
5182,62,41,0.9609375,0.6328125,1,0,20,20
5183,63,41,0.9765625,0.6328125,1,0,21,21
5184,64,41,0.9921875,0.6328125,1,0,22,22
5185,65,41,1.0078125,0.6328125,1,0,20,20
5186,66,41,1.0234375,0.6328125,1,0,22,22
5187,67,41,1.0390625,0.6328125,1,0,24,24
5188,68,41,1.0546875,0.6328125,1,0,28,28
5189,69,41,1.0703125,0.6328125,1,0,15,15
5190,70,41,1.0859375,0.6328125,1,0,31,31
5191,71,41,1.1015625,0.6328125,1,0,22,22
5192,72,41,1.1171875,0.6328125,1,0,18,18
5193,73,41,1.1328125,0.6328125,1,0,15,15
5194,74,41,1.1484375,0.6328125,1,0,17,17
5195,75,41,1.1640625,0.6328125,1,0,20,20
5196,76,41,1.1796875,0.6328125,1,0,12,12
5197,77,41,1.1953125,0.6328125,1,0,24,24
5198,78,41,1.2109375,0.6328125,1,0,18,18
5199,79,41,1.2265625,0.6328125,1,0,11,11
5200,80,41,1.2421875,0.6328125,1,0,23,23
5201,81,41,1.2578125,0.6328125,1,0,22,22
5202,82,41,1.2734375,0.6328125,1,0,23,23
5203,83,41,1.2890625,0.6328125,1,0,24,24
5204,84,41,1.3046875,0.6328125,1,0,11,11
5205,85,41,1.3203125,0.6328125,1,0,19,19
5206,86,41,1.3359375,0.6328125,1,0,12,12
5207,87,41,1.3515625,0.6328125,1,0,21,21
5208,88,41,1.3671875,0.6328125,1,0,12,12
5209,89,41,1.3828125,0.6328125,1,0,18,18
5210,90,41,1.3984375,0.6328125,1,0,34,34
5211,91,41,1.4140625,0.6328125,1,0,25,25
5212,92,41,1.4296875,0.6328125,1,0,24,24
5213,93,41,1.4453125,0.6328125,1,0,19,19
5214,94,41,1.4609375,0.6328125,1,0,12,12
5215,95,41,1.4765625,0.6328125,1,0,18,18
5216,96,41,1.4921875,0.6328125,1,0,16,16
5217,97,41,1.5078125,0.6328125,1,0,16,16
5218,98,41,1.5234375,0.6328125,1,0,30,30
5219,99,41,1.5390625,0.6328125,1,0,25,25
5220,100,41,1.5546875,0.6328125,1,0,20,20
5221,101,41,1.5703125,0.6328125,1,0,35,35
5222,102,41,1.5859375,0.6328125,1,0,27,27
5223,103,41,1.6015625,0.6328125,1,0,27,27
5224,104,41,1.6171875,0.6328125,1,0,25,25
5225,105,41,1.6328125,0.6328125,1,0,35,35
5226,106,41,1.6484375,0.6328125,1,0,27,27
5227,107,41,1.6640625,0.6328125,1,0,26,26
5228,108,41,1.6796875,0.6328125,1,0,18,18
5229,109,41,1.6953125,0.6328125,1,0,21,21
5230,110,41,1.7109375,0.6328125,1,0,13,13
5231,111,41,1.7265625,0.6328125,1,0,25,25
5232,112,41,1.7421875,0.6328125,1,0,18,18
5233,113,41,1.7578125,0.6328125,1,0,32,32
5234,114,41,1.7734375,0.6328125,1,0,22,22
5235,115,41,1.7890625,0.6328125,1,0,23,23
5236,116,41,1.8046875,0.6328125,1,0,34,34
5237,117,41,1.8203125,0.6328125,1,0,18,18
5238,118,41,1.8359375,0.6328125,1,0,19,19
5239,119,41,1.8515625,0.6328125,1,0,21,21
5240,120,41,1.8671875,0.6328125,1,0,9,9
5241,121,41,1.8828125,0.6328125,1,0,16,16
5242,122,41,1.8984375,0.6328125,1,0,36,36
5243,123,41,1.9140625,0.6328125,1,0,15,15
5244,124,41,1.9296875,0.6328125,1,0,24,24
5245,125,41,1.9453125,0.6328125,1,0,21,21
5246,126,41,1.9609375,0.6328125,1,0,19,19
5247,127,41,1.9765625,0.6328125,1,0,22,22
5248,128,41,1.9921875,0.6328125,1,0,14,14
5249,1,42,0.0078125,0.6484375,1,0,25,25
5250,2,42,0.0234375,0.6484375,1,0,20,20
5251,3,42,0.0390625,0.6484375,1,0,23,23
5252,4,42,0.0546875,0.6484375,1,0,19,19
5253,5,42,0.0703125,0.6484375,1,0,15,15
5254,6,42,0.0859375,0.6484375,1,0,18,18
5255,7,42,0.1015625,0.6484375,1,0,26,26
5256,8,42,0.1171875,0.6484375,1,0,24,24
5257,9,42,0.1328125,0.6484375,1,0,23,23
5258,10,42,0.1484375,0.6484375,1,0,20,20
5259,11,42,0.1640625,0.6484375,1,0,15,15
5260,12,42,0.1796875,0.6484375,1,0,20,20
5261,13,42,0.1953125,0.6484375,1,0,17,17
5262,14,42,0.2109375,0.6484375,1,0,23,23
5263,15,42,0.2265625,0.6484375,1,0,16,16
5264,16,42,0.2421875,0.6484375,1,0,11,11
5265,17,42,0.2578125,0.6484375,1,0,19,19
5266,18,42,0.2734375,0.6484375,1,0,16,16
5267,19,42,0.2890625,0.6484375,1,0,28,28
5268,20,42,0.3046875,0.6484375,1,0,13,13
5269,21,42,0.3203125,0.6484375,1,0,19,19
5270,22,42,0.3359375,0.6484375,1,0,17,17
5271,23,42,0.3515625,0.6484375,1,0,19,19
5272,24,42,0.3671875,0.6484375,1,0,23,23
5273,25,42,0.3828125,0.6484375,1,0,18,18
5274,26,42,0.3984375,0.6484375,1,0,11,11
5275,27,42,0.4140625,0.6484375,1,0,20,20
5276,28,42,0.4296875,0.6484375,1,0,21,21
5277,29,42,0.4453125,0.6484375,1,0,13,13
5278,30,42,0.4609375,0.6484375,1,0,29,29
5279,31,42,0.4765625,0.6484375,1,0,16,16
5280,32,42,0.4921875,0.6484375,1,0,19,19
5281,33,42,0.5078125,0.6484375,1,0,25,25
5282,34,42,0.5234375,0.6484375,1,0,11,11
5283,35,42,0.5390625,0.6484375,1,0,23,23
5284,36,42,0.5546875,0.6484375,1,0,26,26
5285,37,42,0.5703125,0.6484375,1,0,25,25
5286,38,42,0.5859375,0.6484375,1,0,27,27
5287,39,42,0.6015625,0.6484375,1,0,21,21
5288,40,42,0.6171875,0.6484375,1,0,15,15
5289,41,42,0.6328125,0.6484375,1,0,17,17
5290,42,42,0.6484375,0.6484375,1,0,29,29
5291,43,42,0.6640625,0.6484375,1,0,32,32
5292,44,42,0.6796875,0.6484375,1,0,25,25
5293,45,42,0.6953125,0.6484375,1,0,23,23
5294,46,42,0.7109375,0.6484375,1,0,23,23
5295,47,42,0.7265625,0.6484375,1,0,25,25
5296,48,42,0.7421875,0.6484375,1,0,20,20
5297,49,42,0.7578125,0.6484375,1,0,18,18
5298,50,42,0.7734375,0.6484375,1,0,10,10
5299,51,42,0.7890625,0.6484375,1,0,9,9
5300,52,42,0.8046875,0.6484375,1,0,17,17
5301,53,42,0.8203125,0.6484375,1,0,24,24
5302,54,42,0.8359375,0.6484375,1,0,22,22
5303,55,42,0.8515625,0.6484375,1,0,19,19
5304,56,42,0.8671875,0.6484375,1,0,11,11
5305,57,42,0.8828125,0.6484375,1,0,23,23
5306,58,42,0.8984375,0.6484375,1,0,16,16
5307,59,42,0.9140625,0.6484375,1,0,19,19
5308,60,42,0.9296875,0.6484375,1,0,21,21
5309,61,42,0.9453125,0.6484375,1,0,22,22
5310,62,42,0.9609375,0.6484375,1,0,15,15
5311,63,42,0.9765625,0.6484375,1,0,13,13
5312,64,42,0.9921875,0.6484375,1,0,20,20
5313,65,42,1.0078125,0.6484375,1,0,20,20
5314,66,42,1.0234375,0.6484375,1,0,23,23
5315,67,42,1.0390625,0.6484375,1,0,27,27
5316,68,42,1.0546875,0.6484375,1,0,11,11
5317,69,42,1.0703125,0.6484375,1,0,29,29
5318,70,42,1.0859375,0.6484375,1,0,19,19
5319,71,42,1.1015625,0.6484375,1,0,22,22
5320,72,42,1.1171875,0.6484375,1,0,18,18
5321,73,42,1.1328125,0.6484375,1,0,14,14
5322,74,42,1.1484375,0.6484375,1,0,30,30
5323,75,42,1.1640625,0.6484375,1,0,16,16
5324,76,42,1.1796875,0.6484375,1,0,24,24
5325,77,42,1.1953125,0.6484375,1,0,9,9
5326,78,42,1.2109375,0.6484375,1,0,24,24
5327,79,42,1.2265625,0.6484375,1,0,24,24
5328,80,42,1.2421875,0.6484375,1,0,10,10
5329,81,42,1.2578125,0.6484375,1,0,17,17
5330,82,42,1.2734375,0.6484375,1,0,20,20
5331,83,42,1.2890625,0.6484375,1,0,19,19
5332,84,42,1.3046875,0.6484375,1,0,24,24
5333,85,42,1.3203125,0.6484375,1,0,21,21
5334,86,42,1.3359375,0.6484375,1,0,24,24
5335,87,42,1.3515625,0.6484375,1,0,12,12
5336,88,42,1.3671875,0.6484375,1,0,21,21
5337,89,42,1.3828125,0.6484375,1,0,19,19
5338,90,42,1.3984375,0.6484375,1,0,19,19
5339,91,42,1.4140625,0.6484375,1,0,22,22
5340,92,42,1.4296875,0.6484375,1,0,15,15
5341,93,42,1.4453125,0.6484375,1,0,17,17
5342,94,42,1.4609375,0.6484375,1,0,21,21
5343,95,42,1.4765625,0.6484375,1,0,26,26
5344,96,42,1.4921875,0.6484375,1,0,26,26
5345,97,42,1.5078125,0.6484375,1,0,21,21
5346,98,42,1.5234375,0.6484375,1,0,19,19
5347,99,42,1.5390625,0.6484375,1,0,20,20
5348,100,42,1.5546875,0.6484375,1,0,16,16
5349,101,42,1.5703125,0.6484375,1,0,30,30
5350,102,42,1.5859375,0.6484375,1,0,14,14
5351,103,42,1.6015625,0.6484375,1,0,28,28
5352,104,42,1.6171875,0.6484375,1,0,18,18
5353,105,42,1.6328125,0.6484375,1,0,26,26
5354,106,42,1.6484375,0.6484375,1,0,16,16
5355,107,42,1.6640625,0.6484375,1,0,29,29
5356,108,42,1.6796875,0.6484375,1,0,20,20
5357,109,42,1.6953125,0.6484375,1,0,5,5
5358,110,42,1.7109375,0.6484375,1,0,18,18
5359,111,42,1.7265625,0.6484375,1,0,22,22
5360,112,42,1.7421875,0.6484375,1,0,19,19
5361,113,42,1.7578125,0.6484375,1,0,27,27
5362,114,42,1.7734375,0.6484375,1,0,29,29
5363,115,42,1.7890625,0.6484375,1,0,20,20
5364,116,42,1.8046875,0.6484375,1,0,25,25
5365,117,42,1.8203125,0.6484375,1,0,25,25
5366,118,42,1.8359375,0.6484375,1,0,9,9
5367,119,42,1.8515625,0.6484375,1,0,12,12
5368,120,42,1.8671875,0.6484375,1,0,27,27
5369,121,42,1.8828125,0.6484375,1,0,19,19
5370,122,42,1.8984375,0.6484375,1,0,11,11
5371,123,42,1.9140625,0.6484375,1,0,11,11
5372,124,42,1.9296875,0.6484375,1,0,21,21
5373,125,42,1.9453125,0.6484375,1,0,19,19
5374,126,42,1.9609375,0.6484375,1,0,22,22
5375,127,42,1.9765625,0.6484375,1,0,18,18
5376,128,42,1.9921875,0.6484375,1,0,27,27
5377,1,43,0.0078125,0.6640625,1,0,18,18
5378,2,43,0.0234375,0.6640625,1,0,26,26
5379,3,43,0.0390625,0.6640625,1,0,31,31
5380,4,43,0.0546875,0.6640625,1,0,12,12
5381,5,43,0.0703125,0.6640625,1,0,14,14
5382,6,43,0.0859375,0.6640625,1,0,22,22
5383,7,43,0.1015625,0.6640625,1,0,26,26
5384,8,43,0.1171875,0.6640625,1,0,20,20
5385,9,43,0.1328125,0.6640625,1,0,24,24
5386,10,43,0.1484375,0.6640625,1,0,19,19
5387,11,43,0.1640625,0.6640625,1,0,23,23
5388,12,43,0.1796875,0.6640625,1,0,25,25
5389,13,43,0.1953125,0.6640625,1,0,14,14
5390,14,43,0.2109375,0.6640625,1,0,22,22
5391,15,43,0.2265625,0.6640625,1,0,20,20
5392,16,43,0.2421875,0.6640625,1,0,22,22
5393,17,43,0.2578125,0.6640625,1,0,13,13
5394,18,43,0.2734375,0.6640625,1,0,26,26
5395,19,43,0.2890625,0.6640625,1,0,28,28
5396,20,43,0.3046875,0.6640625,1,0,10,10
5397,21,43,0.3203125,0.6640625,1,0,17,17
5398,22,43,0.3359375,0.6640625,1,0,14,14
5399,23,43,0.3515625,0.6640625,1,0,27,27
5400,24,43,0.3671875,0.6640625,1,0,7,7
5401,25,43,0.3828125,0.6640625,1,0,13,13
5402,26,43,0.3984375,0.6640625,1,0,8,8
5403,27,43,0.4140625,0.6640625,1,0,15,15
5404,28,43,0.4296875,0.6640625,1,0,30,30
5405,29,43,0.4453125,0.6640625,1,0,18,18
5406,30,43,0.4609375,0.6640625,1,0,22,22
5407,31,43,0.4765625,0.6640625,1,0,16,16
5408,32,43,0.4921875,0.6640625,1,0,9,9
5409,33,43,0.5078125,0.6640625,1,0,22,22
5410,34,43,0.5234375,0.6640625,1,0,21,21
5411,35,43,0.5390625,0.6640625,1,0,15,15
5412,36,43,0.5546875,0.6640625,1,0,18,18
5413,37,43,0.5703125,0.6640625,1,0,23,23
5414,38,43,0.5859375,0.6640625,1,0,14,14
5415,39,43,0.6015625,0.6640625,1,0,15,15
5416,40,43,0.6171875,0.6640625,1,0,27,27
5417,41,43,0.6328125,0.6640625,1,0,19,19
5418,42,43,0.6484375,0.6640625,1,0,17,17
5419,43,43,0.6640625,0.6640625,1,0,26,26
5420,44,43,0.6796875,0.6640625,1,0,21,21
5421,45,43,0.6953125,0.6640625,1,0,23,23
5422,46,43,0.7109375,0.6640625,1,0,27,27
5423,47,43,0.7265625,0.6640625,1,0,25,25
5424,48,43,0.7421875,0.6640625,1,0,19,19
5425,49,43,0.7578125,0.6640625,1,0,24,24
5426,50,43,0.7734375,0.6640625,1,0,29,29
5427,51,43,0.7890625,0.6640625,1,0,21,21
5428,52,43,0.8046875,0.6640625,1,0,17,17
5429,53,43,0.8203125,0.6640625,1,0,27,27
5430,54,43,0.8359375,0.6640625,1,0,26,26
5431,55,43,0.8515625,0.6640625,1,0,24,24
5432,56,43,0.8671875,0.6640625,1,0,25,25
5433,57,43,0.8828125,0.6640625,1,0,19,19
5434,58,43,0.8984375,0.6640625,1,0,15,15
5435,59,43,0.9140625,0.6640625,1,0,19,19
5436,60,43,0.9296875,0.6640625,1,0,22,22
5437,61,43,0.9453125,0.6640625,1,0,21,21
5438,62,43,0.9609375,0.6640625,1,0,29,29
5439,63,43,0.9765625,0.6640625,1,0,10,10
5440,64,43,0.9921875,0.6640625,1,0,18,18
5441,65,43,1.0078125,0.6640625,1,0,25,25
5442,66,43,1.0234375,0.6640625,1,0,30,30
5443,67,43,1.0390625,0.6640625,1,0,20,20
5444,68,43,1.0546875,0.6640625,1,0,23,23
5445,69,43,1.0703125,0.6640625,1,0,23,23
5446,70,43,1.0859375,0.6640625,1,0,19,19
5447,71,43,1.1015625,0.6640625,1,0,16,16
5448,72,43,1.1171875,0.6640625,1,0,24,24
5449,73,43,1.1328125,0.6640625,1,0,30,30
5450,74,43,1.1484375,0.6640625,1,0,18,18
5451,75,43,1.1640625,0.6640625,1,0,9,9
5452,76,43,1.1796875,0.6640625,1,0,13,13
5453,77,43,1.1953125,0.6640625,1,0,23,23
5454,78,43,1.2109375,0.6640625,1,0,21,21
5455,79,43,1.2265625,0.6640625,1,0,24,24
5456,80,43,1.2421875,0.6640625,1,0,28,28
5457,81,43,1.2578125,0.6640625,1,0,16,16
5458,82,43,1.2734375,0.6640625,1,0,23,23
5459,83,43,1.2890625,0.6640625,1,0,16,16
5460,84,43,1.3046875,0.6640625,1,0,15,15
5461,85,43,1.3203125,0.6640625,1,0,17,17
5462,86,43,1.3359375,0.6640625,1,0,20,20
5463,87,43,1.3515625,0.6640625,1,0,17,17
5464,88,43,1.3671875,0.6640625,1,0,29,29
5465,89,43,1.3828125,0.6640625,1,0,20,20
5466,90,43,1.3984375,0.6640625,1,0,15,15
5467,91,43,1.4140625,0.6640625,1,0,27,27
5468,92,43,1.4296875,0.6640625,1,0,26,26
5469,93,43,1.4453125,0.6640625,1,0,17,17
5470,94,43,1.4609375,0.6640625,1,0,22,22
5471,95,43,1.4765625,0.6640625,1,0,12,12
5472,96,43,1.4921875,0.6640625,1,0,24,24
5473,97,43,1.5078125,0.6640625,1,0,12,12
5474,98,43,1.5234375,0.6640625,1,0,20,20
5475,99,43,1.5390625,0.6640625,1,0,20,20
5476,100,43,1.5546875,0.6640625,1,0,29,29
5477,101,43,1.5703125,0.6640625,1,0,28,28
5478,102,43,1.5859375,0.6640625,1,0,4,4
5479,103,43,1.6015625,0.6640625,1,0,10,10
5480,104,43,1.6171875,0.6640625,1,0,17,17
5481,105,43,1.6328125,0.6640625,1,0,35,35
5482,106,43,1.6484375,0.6640625,1,0,10,10
5483,107,43,1.6640625,0.6640625,1,0,22,22
5484,108,43,1.6796875,0.6640625,1,0,14,14
5485,109,43,1.6953125,0.6640625,1,0,11,11
5486,110,43,1.7109375,0.6640625,1,0,21,21
5487,111,43,1.7265625,0.6640625,1,0,15,15
5488,112,43,1.7421875,0.6640625,1,0,6,6
5489,113,43,1.7578125,0.6640625,1,0,25,25
5490,114,43,1.7734375,0.6640625,1,0,10,10
5491,115,43,1.7890625,0.6640625,1,0,19,19
5492,116,43,1.8046875,0.6640625,1,0,26,26
5493,117,43,1.8203125,0.6640625,1,0,19,19
5494,118,43,1.8359375,0.6640625,1,0,23,23
5495,119,43,1.8515625,0.6640625,1,0,24,24
5496,120,43,1.8671875,0.6640625,1,0,23,23
5497,121,43,1.8828125,0.6640625,1,0,26,26
5498,122,43,1.8984375,0.6640625,1,0,21,21
5499,123,43,1.9140625,0.6640625,1,0,26,26
5500,124,43,1.9296875,0.6640625,1,0,25,25
5501,125,43,1.9453125,0.6640625,1,0,10,10
5502,126,43,1.9609375,0.6640625,1,0,16,16
5503,127,43,1.9765625,0.6640625,1,0,24,24
5504,128,43,1.9921875,0.6640625,1,0,26,26
5505,1,44,0.0078125,0.6796875,1,0,20,20
5506,2,44,0.0234375,0.6796875,1,0,31,31
5507,3,44,0.0390625,0.6796875,1,0,27,27
5508,4,44,0.0546875,0.6796875,1,0,9,9
5509,5,44,0.0703125,0.6796875,1,0,16,16
5510,6,44,0.0859375,0.6796875,1,0,20,20
5511,7,44,0.1015625,0.6796875,1,0,30,30
5512,8,44,0.1171875,0.6796875,1,0,4,4
5513,9,44,0.1328125,0.6796875,1,0,19,19
5514,10,44,0.1484375,0.6796875,1,0,11,11
5515,11,44,0.1640625,0.6796875,1,0,23,23
5516,12,44,0.1796875,0.6796875,1,0,16,16
5517,13,44,0.1953125,0.6796875,1,0,13,13
5518,14,44,0.2109375,0.6796875,1,0,23,23
5519,15,44,0.2265625,0.6796875,1,0,16,16
5520,16,44,0.2421875,0.6796875,1,0,13,13
5521,17,44,0.2578125,0.6796875,1,0,33,33
5522,18,44,0.2734375,0.6796875,1,0,15,15
5523,19,44,0.2890625,0.6796875,1,0,19,19
5524,20,44,0.3046875,0.6796875,1,0,20,20
5525,21,44,0.3203125,0.6796875,1,0,22,22
5526,22,44,0.3359375,0.6796875,1,0,18,18
5527,23,44,0.3515625,0.6796875,1,0,20,20
5528,24,44,0.3671875,0.6796875,1,0,24,24
5529,25,44,0.3828125,0.6796875,1,0,26,26
5530,26,44,0.3984375,0.6796875,1,0,26,26
5531,27,44,0.4140625,0.6796875,1,0,16,16
5532,28,44,0.4296875,0.6796875,1,0,9,9
5533,29,44,0.4453125,0.6796875,1,0,34,34
5534,30,44,0.4609375,0.6796875,1,0,24,24
5535,31,44,0.4765625,0.6796875,1,0,12,12
5536,32,44,0.4921875,0.6796875,1,0,29,29
5537,33,44,0.5078125,0.6796875,1,0,22,22
5538,34,44,0.5234375,0.6796875,1,0,30,30
5539,35,44,0.5390625,0.6796875,1,0,22,22
5540,36,44,0.5546875,0.6796875,1,0,16,16
5541,37,44,0.5703125,0.6796875,1,0,8,8
5542,38,44,0.5859375,0.6796875,1,0,15,15
5543,39,44,0.6015625,0.6796875,1,0,24,24
5544,40,44,0.6171875,0.6796875,1,0,27,27
5545,41,44,0.6328125,0.6796875,1,0,30,30
5546,42,44,0.6484375,0.6796875,1,0,26,26
5547,43,44,0.6640625,0.6796875,1,0,17,17
5548,44,44,0.6796875,0.6796875,1,0,20,20
5549,45,44,0.6953125,0.6796875,1,0,19,19
5550,46,44,0.7109375,0.6796875,1,0,19,19
5551,47,44,0.7265625,0.6796875,1,0,14,14
5552,48,44,0.7421875,0.6796875,1,0,23,23
5553,49,44,0.7578125,0.6796875,1,0,15,15
5554,50,44,0.7734375,0.6796875,1,0,19,19
5555,51,44,0.7890625,0.6796875,1,0,25,25
5556,52,44,0.8046875,0.6796875,1,0,21,21
5557,53,44,0.8203125,0.6796875,1,0,23,23
5558,54,44,0.8359375,0.6796875,1,0,25,25
5559,55,44,0.8515625,0.6796875,1,0,19,19
5560,56,44,0.8671875,0.6796875,1,0,10,10
5561,57,44,0.8828125,0.6796875,1,0,12,12
5562,58,44,0.8984375,0.6796875,1,0,22,22
5563,59,44,0.9140625,0.6796875,1,0,22,22
5564,60,44,0.9296875,0.6796875,1,0,21,21
5565,61,44,0.9453125,0.6796875,1,0,31,31
5566,62,44,0.9609375,0.6796875,1,0,5,5
5567,63,44,0.9765625,0.6796875,1,0,20,20
5568,64,44,0.9921875,0.6796875,1,0,22,22
5569,65,44,1.0078125,0.6796875,1,0,25,25
5570,66,44,1.0234375,0.6796875,1,0,25,25
5571,67,44,1.0390625,0.6796875,1,0,12,12
5572,68,44,1.0546875,0.6796875,1,0,24,24
5573,69,44,1.0703125,0.6796875,1,0,18,18
5574,70,44,1.0859375,0.6796875,1,0,21,21
5575,71,44,1.1015625,0.6796875,1,0,16,16
5576,72,44,1.1171875,0.6796875,1,0,11,11
5577,73,44,1.1328125,0.6796875,1,0,18,18
5578,74,44,1.1484375,0.6796875,1,0,27,27
5579,75,44,1.1640625,0.6796875,1,0,22,22
5580,76,44,1.1796875,0.6796875,1,0,22,22
5581,77,44,1.1953125,0.6796875,1,0,24,24
5582,78,44,1.2109375,0.6796875,1,0,13,13
5583,79,44,1.2265625,0.6796875,1,0,21,21
5584,80,44,1.2421875,0.6796875,1,0,19,19
5585,81,44,1.2578125,0.6796875,1,0,18,18
5586,82,44,1.2734375,0.6796875,1,0,29,29
5587,83,44,1.2890625,0.6796875,1,0,13,13
5588,84,44,1.3046875,0.6796875,1,0,23,23
5589,85,44,1.3203125,0.6796875,1,0,26,26
5590,86,44,1.3359375,0.6796875,1,0,13,13
5591,87,44,1.3515625,0.6796875,1,0,20,20
5592,88,44,1.3671875,0.6796875,1,0,21,21
5593,89,44,1.3828125,0.6796875,1,0,19,19
5594,90,44,1.3984375,0.6796875,1,0,21,21
5595,91,44,1.4140625,0.6796875,1,0,23,23
5596,92,44,1.4296875,0.6796875,1,0,22,22
5597,93,44,1.4453125,0.6796875,1,0,16,16
5598,94,44,1.4609375,0.6796875,1,0,15,15
5599,95,44,1.4765625,0.6796875,1,0,14,14
5600,96,44,1.4921875,0.6796875,1,0,17,17
5601,97,44,1.5078125,0.6796875,1,0,25,25
5602,98,44,1.5234375,0.6796875,1,0,22,22
5603,99,44,1.5390625,0.6796875,1,0,18,18
5604,100,44,1.5546875,0.6796875,1,0,15,15
5605,101,44,1.5703125,0.6796875,1,0,21,21
5606,102,44,1.5859375,0.6796875,1,0,14,14
5607,103,44,1.6015625,0.6796875,1,0,12,12
5608,104,44,1.6171875,0.6796875,1,0,29,29
5609,105,44,1.6328125,0.6796875,1,0,20,20
5610,106,44,1.6484375,0.6796875,1,0,24,24
5611,107,44,1.6640625,0.6796875,1,0,21,21
5612,108,44,1.6796875,0.6796875,1,0,23,23
5613,109,44,1.6953125,0.6796875,1,0,20,20
5614,110,44,1.7109375,0.6796875,1,0,14,14
5615,111,44,1.7265625,0.6796875,1,0,9,9
5616,112,44,1.7421875,0.6796875,1,0,13,13
5617,113,44,1.7578125,0.6796875,1,0,24,24
5618,114,44,1.7734375,0.6796875,1,0,24,24
5619,115,44,1.7890625,0.6796875,1,0,21,21
5620,116,44,1.8046875,0.6796875,1,0,10,10
5621,117,44,1.8203125,0.6796875,1,0,23,23
5622,118,44,1.8359375,0.6796875,1,0,22,22
5623,119,44,1.8515625,0.6796875,1,0,31,31
5624,120,44,1.8671875,0.6796875,1,0,28,28
5625,121,44,1.8828125,0.6796875,1,0,15,15
5626,122,44,1.8984375,0.6796875,1,0,25,25
5627,123,44,1.9140625,0.6796875,1,0,19,19
5628,124,44,1.9296875,0.6796875,1,0,16,16
5629,125,44,1.9453125,0.6796875,1,0,23,23
5630,126,44,1.9609375,0.6796875,1,0,27,27
5631,127,44,1.9765625,0.6796875,1,0,20,20
5632,128,44,1.9921875,0.6796875,1,0,17,17
5633,1,45,0.0078125,0.6953125,1,0,25,25
5634,2,45,0.0234375,0.6953125,1,0,18,18
5635,3,45,0.0390625,0.6953125,1,0,20,20
5636,4,45,0.0546875,0.6953125,1,0,18,18
5637,5,45,0.0703125,0.6953125,1,0,14,14
5638,6,45,0.0859375,0.6953125,1,0,7,7
5639,7,45,0.1015625,0.6953125,1,0,26,26
5640,8,45,0.1171875,0.6953125,1,0,18,18
5641,9,45,0.1328125,0.6953125,1,0,14,14
5642,10,45,0.1484375,0.6953125,1,0,21,21
5643,11,45,0.1640625,0.6953125,1,0,22,22
5644,12,45,0.1796875,0.6953125,1,0,20,20
5645,13,45,0.1953125,0.6953125,1,0,18,18
5646,14,45,0.2109375,0.6953125,1,0,19,19
5647,15,45,0.2265625,0.6953125,1,0,31,31
5648,16,45,0.2421875,0.6953125,1,0,10,10
5649,17,45,0.2578125,0.6953125,1,0,10,10
5650,18,45,0.2734375,0.6953125,1,0,29,29
5651,19,45,0.2890625,0.6953125,1,0,26,26
5652,20,45,0.3046875,0.6953125,1,0,17,17
5653,21,45,0.3203125,0.6953125,1,0,17,17
5654,22,45,0.3359375,0.6953125,1,0,26,26
5655,23,45,0.3515625,0.6953125,1,0,23,23
5656,24,45,0.3671875,0.6953125,1,0,23,23
5657,25,45,0.3828125,0.6953125,1,0,27,27
5658,26,45,0.3984375,0.6953125,1,0,15,15
5659,27,45,0.4140625,0.6953125,1,0,25,25
5660,28,45,0.4296875,0.6953125,1,0,30,30
5661,29,45,0.4453125,0.6953125,1,0,17,17
5662,30,45,0.4609375,0.6953125,1,0,24,24
5663,31,45,0.4765625,0.6953125,1,0,31,31
5664,32,45,0.4921875,0.6953125,1,0,23,23
5665,33,45,0.5078125,0.6953125,1,0,19,19
5666,34,45,0.5234375,0.6953125,1,0,26,26
5667,35,45,0.5390625,0.6953125,1,0,19,19
5668,36,45,0.5546875,0.6953125,1,0,13,13
5669,37,45,0.5703125,0.6953125,1,0,18,18
5670,38,45,0.5859375,0.6953125,1,0,12,12
5671,39,45,0.6015625,0.6953125,1,0,26,26
5672,40,45,0.6171875,0.6953125,1,0,17,17
5673,41,45,0.6328125,0.6953125,1,0,9,9
5674,42,45,0.6484375,0.6953125,1,0,23,23
5675,43,45,0.6640625,0.6953125,1,0,33,33
5676,44,45,0.6796875,0.6953125,1,0,20,20
5677,45,45,0.6953125,0.6953125,1,0,24,24
5678,46,45,0.7109375,0.6953125,1,0,13,13
5679,47,45,0.7265625,0.6953125,1,0,21,21
5680,48,45,0.7421875,0.6953125,1,0,13,13
5681,49,45,0.7578125,0.6953125,1,0,16,16
5682,50,45,0.7734375,0.6953125,1,0,16,16
5683,51,45,0.7890625,0.6953125,1,0,21,21
5684,52,45,0.8046875,0.6953125,1,0,15,15
5685,53,45,0.8203125,0.6953125,1,0,14,14
5686,54,45,0.8359375,0.6953125,1,0,18,18
5687,55,45,0.8515625,0.6953125,1,0,12,12
5688,56,45,0.8671875,0.6953125,1,0,20,20
5689,57,45,0.8828125,0.6953125,1,0,14,14
5690,58,45,0.8984375,0.6953125,1,0,28,28
5691,59,45,0.9140625,0.6953125,1,0,20,20
5692,60,45,0.9296875,0.6953125,1,0,22,22
5693,61,45,0.9453125,0.6953125,1,0,20,20
5694,62,45,0.9609375,0.6953125,1,0,4,4
5695,63,45,0.9765625,0.6953125,1,0,31,31
5696,64,45,0.9921875,0.6953125,1,0,16,16
5697,65,45,1.0078125,0.6953125,1,0,25,25
5698,66,45,1.0234375,0.6953125,1,0,32,32
5699,67,45,1.0390625,0.6953125,1,0,30,30
5700,68,45,1.0546875,0.6953125,1,0,28,28
5701,69,45,1.0703125,0.6953125,1,0,23,23
5702,70,45,1.0859375,0.6953125,1,0,21,21
5703,71,45,1.1015625,0.6953125,1,0,17,17
5704,72,45,1.1171875,0.6953125,1,0,25,25
5705,73,45,1.1328125,0.6953125,1,0,19,19
5706,74,45,1.1484375,0.6953125,1,0,12,12
5707,75,45,1.1640625,0.6953125,1,0,9,9
5708,76,45,1.1796875,0.6953125,1,0,21,21
5709,77,45,1.1953125,0.6953125,1,0,22,22
5710,78,45,1.2109375,0.6953125,1,0,22,22
5711,79,45,1.2265625,0.6953125,1,0,12,12
5712,80,45,1.2421875,0.6953125,1,0,21,21
5713,81,45,1.2578125,0.6953125,1,0,18,18
5714,82,45,1.2734375,0.6953125,1,0,26,26
5715,83,45,1.2890625,0.6953125,1,0,14,14
5716,84,45,1.3046875,0.6953125,1,0,10,10
5717,85,45,1.3203125,0.6953125,1,0,25,25
5718,86,45,1.3359375,0.6953125,1,0,17,17
5719,87,45,1.3515625,0.6953125,1,0,20,20
5720,88,45,1.3671875,0.6953125,1,0,18,18
5721,89,45,1.3828125,0.6953125,1,0,14,14
5722,90,45,1.3984375,0.6953125,1,0,29,29
5723,91,45,1.4140625,0.6953125,1,0,21,21
5724,92,45,1.4296875,0.6953125,1,0,32,32
5725,93,45,1.4453125,0.6953125,1,0,23,23
5726,94,45,1.4609375,0.6953125,1,0,14,14
5727,95,45,1.4765625,0.6953125,1,0,4,4
5728,96,45,1.4921875,0.6953125,1,0,31,31
5729,97,45,1.5078125,0.6953125,1,0,26,26
5730,98,45,1.5234375,0.6953125,1,0,17,17
5731,99,45,1.5390625,0.6953125,1,0,9,9
5732,100,45,1.5546875,0.6953125,1,0,14,14
5733,101,45,1.5703125,0.6953125,1,0,24,24
5734,102,45,1.5859375,0.6953125,1,0,16,16
5735,103,45,1.6015625,0.6953125,1,0,18,18
5736,104,45,1.6171875,0.6953125,1,0,25,25
5737,105,45,1.6328125,0.6953125,1,0,11,11
5738,106,45,1.6484375,0.6953125,1,0,19,19
5739,107,45,1.6640625,0.6953125,1,0,22,22
5740,108,45,1.6796875,0.6953125,1,0,15,15
5741,109,45,1.6953125,0.6953125,1,0,14,14
5742,110,45,1.7109375,0.6953125,1,0,22,22
5743,111,45,1.7265625,0.6953125,1,0,11,11
5744,112,45,1.7421875,0.6953125,1,0,23,23
5745,113,45,1.7578125,0.6953125,1,0,21,21
5746,114,45,1.7734375,0.6953125,1,0,15,15
5747,115,45,1.7890625,0.6953125,1,0,19,19
5748,116,45,1.8046875,0.6953125,1,0,22,22
5749,117,45,1.8203125,0.6953125,1,0,14,14
5750,118,45,1.8359375,0.6953125,1,0,24,24
5751,119,45,1.8515625,0.6953125,1,0,18,18
5752,120,45,1.8671875,0.6953125,1,0,23,23
5753,121,45,1.8828125,0.6953125,1,0,6,6
5754,122,45,1.8984375,0.6953125,1,0,21,21
5755,123,45,1.9140625,0.6953125,1,0,7,7
5756,124,45,1.9296875,0.6953125,1,0,25,25
5757,125,45,1.9453125,0.6953125,1,0,26,26
5758,126,45,1.9609375,0.6953125,1,0,24,24
5759,127,45,1.9765625,0.6953125,1,0,24,24
5760,128,45,1.9921875,0.6953125,1,0,18,18
5761,1,46,0.0078125,0.7109375,1,0,36,36
5762,2,46,0.0234375,0.7109375,1,0,21,21
5763,3,46,0.0390625,0.7109375,1,0,26,26
5764,4,46,0.0546875,0.7109375,1,0,9,9
5765,5,46,0.0703125,0.7109375,1,0,13,13
5766,6,46,0.0859375,0.7109375,1,0,32,32
5767,7,46,0.1015625,0.7109375,1,0,17,17
5768,8,46,0.1171875,0.7109375,1,0,22,22
5769,9,46,0.1328125,0.7109375,1,0,8,8
5770,10,46,0.1484375,0.7109375,1,0,25,25
5771,11,46,0.1640625,0.7109375,1,0,18,18
5772,12,46,0.1796875,0.7109375,1,0,16,16
5773,13,46,0.1953125,0.7109375,1,0,21,21
5774,14,46,0.2109375,0.7109375,1,0,24,24
5775,15,46,0.2265625,0.7109375,1,0,27,27
5776,16,46,0.2421875,0.7109375,1,0,34,34
5777,17,46,0.2578125,0.7109375,1,0,15,15
5778,18,46,0.2734375,0.7109375,1,0,21,21
5779,19,46,0.2890625,0.7109375,1,0,21,21
5780,20,46,0.3046875,0.7109375,1,0,25,25
5781,21,46,0.3203125,0.7109375,1,0,14,14
5782,22,46,0.3359375,0.7109375,1,0,17,17
5783,23,46,0.3515625,0.7109375,1,0,28,28
5784,24,46,0.3671875,0.7109375,1,0,22,22
5785,25,46,0.3828125,0.7109375,1,0,9,9
5786,26,46,0.3984375,0.7109375,1,0,15,15
5787,27,46,0.4140625,0.7109375,1,0,23,23
5788,28,46,0.4296875,0.7109375,1,0,31,31
5789,29,46,0.4453125,0.7109375,1,0,12,12
5790,30,46,0.4609375,0.7109375,1,0,25,25
5791,31,46,0.4765625,0.7109375,1,0,20,20
5792,32,46,0.4921875,0.7109375,1,0,19,19
5793,33,46,0.5078125,0.7109375,1,0,16,16
5794,34,46,0.5234375,0.7109375,1,0,19,19
5795,35,46,0.5390625,0.7109375,1,0,27,27
5796,36,46,0.5546875,0.7109375,1,0,17,17
5797,37,46,0.5703125,0.7109375,1,0,14,14
5798,38,46,0.5859375,0.7109375,1,0,16,16
5799,39,46,0.6015625,0.7109375,1,0,22,22
5800,40,46,0.6171875,0.7109375,1,0,14,14
5801,41,46,0.6328125,0.7109375,1,0,16,16
5802,42,46,0.6484375,0.7109375,1,0,34,34
5803,43,46,0.6640625,0.7109375,1,0,24,24
5804,44,46,0.6796875,0.7109375,1,0,13,13
5805,45,46,0.6953125,0.7109375,1,0,30,30
5806,46,46,0.7109375,0.7109375,1,0,14,14
5807,47,46,0.7265625,0.7109375,1,0,27,27
5808,48,46,0.7421875,0.7109375,1,0,34,34
5809,49,46,0.7578125,0.7109375,1,0,17,17
5810,50,46,0.7734375,0.7109375,1,0,26,26
5811,51,46,0.7890625,0.7109375,1,0,25,25
5812,52,46,0.8046875,0.7109375,1,0,16,16
5813,53,46,0.8203125,0.7109375,1,0,24,24
5814,54,46,0.8359375,0.7109375,1,0,17,17
5815,55,46,0.8515625,0.7109375,1,0,18,18
5816,56,46,0.8671875,0.7109375,1,0,12,12
5817,57,46,0.8828125,0.7109375,1,0,24,24
5818,58,46,0.8984375,0.7109375,1,0,17,17
5819,59,46,0.9140625,0.7109375,1,0,21,21
5820,60,46,0.9296875,0.7109375,1,0,8,8
5821,61,46,0.9453125,0.7109375,1,0,17,17
5822,62,46,0.9609375,0.7109375,1,0,19,19
5823,63,46,0.9765625,0.7109375,1,0,32,32
5824,64,46,0.9921875,0.7109375,1,0,21,21
5825,65,46,1.0078125,0.7109375,1,0,26,26
5826,66,46,1.0234375,0.7109375,1,0,27,27
5827,67,46,1.0390625,0.7109375,1,0,21,21
5828,68,46,1.0546875,0.7109375,1,0,10,10
5829,69,46,1.0703125,0.7109375,1,0,14,14
5830,70,46,1.0859375,0.7109375,1,0,27,27
5831,71,46,1.1015625,0.7109375,1,0,20,20
5832,72,46,1.1171875,0.7109375,1,0,23,23
5833,73,46,1.1328125,0.7109375,1,0,16,16
5834,74,46,1.1484375,0.7109375,1,0,24,24
5835,75,46,1.1640625,0.7109375,1,0,22,22
5836,76,46,1.1796875,0.7109375,1,0,27,27
5837,77,46,1.1953125,0.7109375,1,0,24,24
5838,78,46,1.2109375,0.7109375,1,0,18,18
5839,79,46,1.2265625,0.7109375,1,0,18,18
5840,80,46,1.2421875,0.7109375,1,0,32,32
5841,81,46,1.2578125,0.7109375,1,0,19,19
5842,82,46,1.2734375,0.7109375,1,0,21,21
5843,83,46,1.2890625,0.7109375,1,0,23,23
5844,84,46,1.3046875,0.7109375,1,0,28,28
5845,85,46,1.3203125,0.7109375,1,0,18,18
5846,86,46,1.3359375,0.7109375,1,0,17,17
5847,87,46,1.3515625,0.7109375,1,0,12,12
5848,88,46,1.3671875,0.7109375,1,0,28,28
5849,89,46,1.3828125,0.7109375,1,0,28,28
5850,90,46,1.3984375,0.7109375,1,0,7,7
5851,91,46,1.4140625,0.7109375,1,0,10,10
5852,92,46,1.4296875,0.7109375,1,0,18,18
5853,93,46,1.4453125,0.7109375,1,0,15,15
5854,94,46,1.4609375,0.7109375,1,0,20,20
5855,95,46,1.4765625,0.7109375,1,0,19,19
5856,96,46,1.4921875,0.7109375,1,0,14,14
5857,97,46,1.5078125,0.7109375,1,0,23,23
5858,98,46,1.5234375,0.7109375,1,0,13,13
5859,99,46,1.5390625,0.7109375,1,0,13,13
5860,100,46,1.5546875,0.7109375,1,0,13,13
5861,101,46,1.5703125,0.7109375,1,0,17,17
5862,102,46,1.5859375,0.7109375,1,0,17,17
5863,103,46,1.6015625,0.7109375,1,0,20,20
5864,104,46,1.6171875,0.7109375,1,0,20,20
5865,105,46,1.6328125,0.7109375,1,0,27,27
5866,106,46,1.6484375,0.7109375,1,0,16,16
5867,107,46,1.6640625,0.7109375,1,0,15,15
5868,108,46,1.6796875,0.7109375,1,0,17,17
5869,109,46,1.6953125,0.7109375,1,0,18,18
5870,110,46,1.7109375,0.7109375,1,0,19,19
5871,111,46,1.7265625,0.7109375,1,0,24,24
5872,112,46,1.7421875,0.7109375,1,0,19,19
5873,113,46,1.7578125,0.7109375,1,0,18,18
5874,114,46,1.7734375,0.7109375,1,0,34,34
5875,115,46,1.7890625,0.7109375,1,0,23,23
5876,116,46,1.8046875,0.7109375,1,0,24,24
5877,117,46,1.8203125,0.7109375,1,0,13,13
5878,118,46,1.8359375,0.7109375,1,0,17,17
5879,119,46,1.8515625,0.7109375,1,0,11,11
5880,120,46,1.8671875,0.7109375,1,0,33,33
5881,121,46,1.8828125,0.7109375,1,0,17,17
5882,122,46,1.8984375,0.7109375,1,0,15,15
5883,123,46,1.9140625,0.7109375,1,0,12,12
5884,124,46,1.9296875,0.7109375,1,0,29,29
5885,125,46,1.9453125,0.7109375,1,0,15,15
5886,126,46,1.9609375,0.7109375,1,0,20,20
5887,127,46,1.9765625,0.7109375,1,0,30,30
5888,128,46,1.9921875,0.7109375,1,0,21,21
5889,1,47,0.0078125,0.7265625,1,0,24,24
5890,2,47,0.0234375,0.7265625,1,0,26,26
5891,3,47,0.0390625,0.7265625,1,0,12,12
5892,4,47,0.0546875,0.7265625,1,0,9,9
5893,5,47,0.0703125,0.7265625,1,0,16,16
5894,6,47,0.0859375,0.7265625,1,0,28,28
5895,7,47,0.1015625,0.7265625,1,0,13,13
5896,8,47,0.1171875,0.7265625,1,0,27,27
5897,9,47,0.1328125,0.7265625,1,0,18,18
5898,10,47,0.1484375,0.7265625,1,0,26,26
5899,11,47,0.1640625,0.7265625,1,0,21,21
5900,12,47,0.1796875,0.7265625,1,0,18,18
5901,13,47,0.1953125,0.7265625,1,0,22,22
5902,14,47,0.2109375,0.7265625,1,0,23,23
5903,15,47,0.2265625,0.7265625,1,0,18,18
5904,16,47,0.2421875,0.7265625,1,0,13,13
5905,17,47,0.2578125,0.7265625,1,0,22,22
5906,18,47,0.2734375,0.7265625,1,0,25,25
5907,19,47,0.2890625,0.7265625,1,0,23,23
5908,20,47,0.3046875,0.7265625,1,0,19,19
5909,21,47,0.3203125,0.7265625,1,0,21,21
5910,22,47,0.3359375,0.7265625,1,0,23,23
5911,23,47,0.3515625,0.7265625,1,0,22,22
5912,24,47,0.3671875,0.7265625,1,0,17,17
5913,25,47,0.3828125,0.7265625,1,0,15,15
5914,26,47,0.3984375,0.7265625,1,0,21,21
5915,27,47,0.4140625,0.7265625,1,0,22,22
5916,28,47,0.4296875,0.7265625,1,0,24,24
5917,29,47,0.4453125,0.7265625,1,0,15,15
5918,30,47,0.4609375,0.7265625,1,0,16,16
5919,31,47,0.4765625,0.7265625,1,0,22,22
5920,32,47,0.4921875,0.7265625,1,0,15,15
5921,33,47,0.5078125,0.7265625,1,0,23,23
5922,34,47,0.5234375,0.7265625,1,0,21,21
5923,35,47,0.5390625,0.7265625,1,0,16,16
5924,36,47,0.5546875,0.7265625,1,0,18,18
5925,37,47,0.5703125,0.7265625,1,0,12,12
5926,38,47,0.5859375,0.7265625,1,0,23,23
5927,39,47,0.6015625,0.7265625,1,0,20,20
5928,40,47,0.6171875,0.7265625,1,0,28,28
5929,41,47,0.6328125,0.7265625,1,0,25,25
5930,42,47,0.6484375,0.7265625,1,0,21,21
5931,43,47,0.6640625,0.7265625,1,0,26,26
5932,44,47,0.6796875,0.7265625,1,0,20,20
5933,45,47,0.6953125,0.7265625,1,0,19,19
5934,46,47,0.7109375,0.7265625,1,0,24,24
5935,47,47,0.7265625,0.7265625,1,0,20,20
5936,48,47,0.7421875,0.7265625,1,0,15,15
5937,49,47,0.7578125,0.7265625,1,0,16,16
5938,50,47,0.7734375,0.7265625,1,0,14,14
5939,51,47,0.7890625,0.7265625,1,0,22,22
5940,52,47,0.8046875,0.7265625,1,0,11,11
5941,53,47,0.8203125,0.7265625,1,0,20,20
5942,54,47,0.8359375,0.7265625,1,0,27,27
5943,55,47,0.8515625,0.7265625,1,0,15,15
5944,56,47,0.8671875,0.7265625,1,0,20,20
5945,57,47,0.8828125,0.7265625,1,0,28,28
5946,58,47,0.8984375,0.7265625,1,0,16,16
5947,59,47,0.9140625,0.7265625,1,0,13,13
5948,60,47,0.9296875,0.7265625,1,0,18,18
5949,61,47,0.9453125,0.7265625,1,0,22,22
5950,62,47,0.9609375,0.7265625,1,0,29,29
5951,63,47,0.9765625,0.7265625,1,0,16,16
5952,64,47,0.9921875,0.7265625,1,0,24,24
5953,65,47,1.0078125,0.7265625,1,0,9,9
5954,66,47,1.0234375,0.7265625,1,0,30,30
5955,67,47,1.0390625,0.7265625,1,0,20,20
5956,68,47,1.0546875,0.7265625,1,0,29,29
5957,69,47,1.0703125,0.7265625,1,0,20,20
5958,70,47,1.0859375,0.7265625,1,0,22,22
5959,71,47,1.1015625,0.7265625,1,0,14,14
5960,72,47,1.1171875,0.7265625,1,0,25,25
5961,73,47,1.1328125,0.7265625,1,0,18,18
5962,74,47,1.1484375,0.7265625,1,0,5,5
5963,75,47,1.1640625,0.7265625,1,0,21,21
5964,76,47,1.1796875,0.7265625,1,0,17,17
5965,77,47,1.1953125,0.7265625,1,0,16,16
5966,78,47,1.2109375,0.7265625,1,0,21,21
5967,79,47,1.2265625,0.7265625,1,0,26,26
5968,80,47,1.2421875,0.7265625,1,0,19,19
5969,81,47,1.2578125,0.7265625,1,0,15,15
5970,82,47,1.2734375,0.7265625,1,0,21,21
5971,83,47,1.2890625,0.7265625,1,0,14,14
5972,84,47,1.3046875,0.7265625,1,0,15,15
5973,85,47,1.3203125,0.7265625,1,0,19,19
5974,86,47,1.3359375,0.7265625,1,0,24,24
5975,87,47,1.3515625,0.7265625,1,0,13,13
5976,88,47,1.3671875,0.7265625,1,0,26,26
5977,89,47,1.3828125,0.7265625,1,0,23,23
5978,90,47,1.3984375,0.7265625,1,0,22,22
5979,91,47,1.4140625,0.7265625,1,0,20,20
5980,92,47,1.4296875,0.7265625,1,0,29,29
5981,93,47,1.4453125,0.7265625,1,0,13,13
5982,94,47,1.4609375,0.7265625,1,0,7,7
5983,95,47,1.4765625,0.7265625,1,0,16,16
5984,96,47,1.4921875,0.7265625,1,0,12,12
5985,97,47,1.5078125,0.7265625,1,0,32,32
5986,98,47,1.5234375,0.7265625,1,0,22,22
5987,99,47,1.5390625,0.7265625,1,0,23,23
5988,100,47,1.5546875,0.7265625,1,0,24,24
5989,101,47,1.5703125,0.7265625,1,0,16,16
5990,102,47,1.5859375,0.7265625,1,0,26,26
5991,103,47,1.6015625,0.7265625,1,0,31,31
5992,104,47,1.6171875,0.7265625,1,0,32,32
5993,105,47,1.6328125,0.7265625,1,0,12,12
5994,106,47,1.6484375,0.7265625,1,0,18,18
5995,107,47,1.6640625,0.7265625,1,0,9,9
5996,108,47,1.6796875,0.7265625,1,0,18,18
5997,109,47,1.6953125,0.7265625,1,0,36,36
5998,110,47,1.7109375,0.7265625,1,0,29,29
5999,111,47,1.7265625,0.7265625,1,0,15,15
6000,112,47,1.7421875,0.7265625,1,0,19,19
6001,113,47,1.7578125,0.7265625,1,0,16,16
6002,114,47,1.7734375,0.7265625,1,0,17,17
6003,115,47,1.7890625,0.7265625,1,0,22,22
6004,116,47,1.8046875,0.7265625,1,0,17,17
6005,117,47,1.8203125,0.7265625,1,0,30,30
6006,118,47,1.8359375,0.7265625,1,0,22,22
6007,119,47,1.8515625,0.7265625,1,0,26,26
6008,120,47,1.8671875,0.7265625,1,0,22,22
6009,121,47,1.8828125,0.7265625,1,0,27,27
6010,122,47,1.8984375,0.7265625,1,0,32,32
6011,123,47,1.9140625,0.7265625,1,0,16,16
6012,124,47,1.9296875,0.7265625,1,0,29,29
6013,125,47,1.9453125,0.7265625,1,0,13,13
6014,126,47,1.9609375,0.7265625,1,0,14,14
6015,127,47,1.9765625,0.7265625,1,0,19,19
6016,128,47,1.9921875,0.7265625,1,0,18,18
6017,1,48,0.0078125,0.7421875,1,0,24,24
6018,2,48,0.0234375,0.7421875,1,0,18,18
6019,3,48,0.0390625,0.7421875,1,0,25,25
6020,4,48,0.0546875,0.7421875,1,0,15,15
6021,5,48,0.0703125,0.7421875,1,0,30,30
6022,6,48,0.0859375,0.7421875,1,0,21,21
6023,7,48,0.1015625,0.7421875,1,0,34,34
6024,8,48,0.1171875,0.7421875,1,0,20,20
6025,9,48,0.1328125,0.7421875,1,0,20,20
6026,10,48,0.1484375,0.7421875,1,0,19,19
6027,11,48,0.1640625,0.7421875,1,0,16,16
6028,12,48,0.1796875,0.7421875,1,0,23,23
6029,13,48,0.1953125,0.7421875,1,0,14,14
6030,14,48,0.2109375,0.7421875,1,0,21,21
6031,15,48,0.2265625,0.7421875,1,0,23,23
6032,16,48,0.2421875,0.7421875,1,0,15,15
6033,17,48,0.2578125,0.7421875,1,0,26,26
6034,18,48,0.2734375,0.7421875,1,0,27,27
6035,19,48,0.2890625,0.7421875,1,0,20,20
6036,20,48,0.3046875,0.7421875,1,0,22,22
6037,21,48,0.3203125,0.7421875,1,0,24,24
6038,22,48,0.3359375,0.7421875,1,0,16,16
6039,23,48,0.3515625,0.7421875,1,0,22,22
6040,24,48,0.3671875,0.7421875,1,0,19,19
6041,25,48,0.3828125,0.7421875,1,0,12,12
6042,26,48,0.3984375,0.7421875,1,0,15,15
6043,27,48,0.4140625,0.7421875,1,0,23,23
6044,28,48,0.4296875,0.7421875,1,0,16,16
6045,29,48,0.4453125,0.7421875,1,0,21,21
6046,30,48,0.4609375,0.7421875,1,0,23,23
6047,31,48,0.4765625,0.7421875,1,0,23,23
6048,32,48,0.4921875,0.7421875,1,0,20,20
6049,33,48,0.5078125,0.7421875,1,0,25,25
6050,34,48,0.5234375,0.7421875,1,0,16,16
6051,35,48,0.5390625,0.7421875,1,0,25,25
6052,36,48,0.5546875,0.7421875,1,0,31,31
6053,37,48,0.5703125,0.7421875,1,0,21,21
6054,38,48,0.5859375,0.7421875,1,0,19,19
6055,39,48,0.6015625,0.7421875,1,0,26,26
6056,40,48,0.6171875,0.7421875,1,0,19,19
6057,41,48,0.6328125,0.7421875,1,0,29,29
6058,42,48,0.6484375,0.7421875,1,0,30,30
6059,43,48,0.6640625,0.7421875,1,0,23,23
6060,44,48,0.6796875,0.7421875,1,0,17,17
6061,45,48,0.6953125,0.7421875,1,0,19,19
6062,46,48,0.7109375,0.7421875,1,0,21,21
6063,47,48,0.7265625,0.7421875,1,0,29,29
6064,48,48,0.7421875,0.7421875,1,0,18,18
6065,49,48,0.7578125,0.7421875,1,0,18,18
6066,50,48,0.7734375,0.7421875,1,0,12,12
6067,51,48,0.7890625,0.7421875,1,0,14,14
6068,52,48,0.8046875,0.7421875,1,0,20,20
6069,53,48,0.8203125,0.7421875,1,0,33,33
6070,54,48,0.8359375,0.7421875,1,0,36,36
6071,55,48,0.8515625,0.7421875,1,0,21,21
6072,56,48,0.8671875,0.7421875,1,0,27,27
6073,57,48,0.8828125,0.7421875,1,0,18,18
6074,58,48,0.8984375,0.7421875,1,0,21,21
6075,59,48,0.9140625,0.7421875,1,0,16,16
6076,60,48,0.9296875,0.7421875,1,0,25,25
6077,61,48,0.9453125,0.7421875,1,0,16,16
6078,62,48,0.9609375,0.7421875,1,0,22,22
6079,63,48,0.9765625,0.7421875,1,0,25,25
6080,64,48,0.9921875,0.7421875,1,0,19,19
6081,65,48,1.0078125,0.7421875,1,0,16,16
6082,66,48,1.0234375,0.7421875,1,0,21,21
6083,67,48,1.0390625,0.7421875,1,0,11,11
6084,68,48,1.0546875,0.7421875,1,0,20,20
6085,69,48,1.0703125,0.7421875,1,0,19,19
6086,70,48,1.0859375,0.7421875,1,0,14,14
6087,71,48,1.1015625,0.7421875,1,0,17,17
6088,72,48,1.1171875,0.7421875,1,0,19,19
6089,73,48,1.1328125,0.7421875,1,0,16,16
6090,74,48,1.1484375,0.7421875,1,0,14,14
6091,75,48,1.1640625,0.7421875,1,0,24,24
6092,76,48,1.1796875,0.7421875,1,0,15,15
6093,77,48,1.1953125,0.7421875,1,0,17,17
6094,78,48,1.2109375,0.7421875,1,0,27,27
6095,79,48,1.2265625,0.7421875,1,0,11,11
6096,80,48,1.2421875,0.7421875,1,0,16,16
6097,81,48,1.2578125,0.7421875,1,0,20,20
6098,82,48,1.2734375,0.7421875,1,0,25,25
6099,83,48,1.2890625,0.7421875,1,0,21,21
6100,84,48,1.3046875,0.7421875,1,0,23,23
6101,85,48,1.3203125,0.7421875,1,0,19,19
6102,86,48,1.3359375,0.7421875,1,0,15,15
6103,87,48,1.3515625,0.7421875,1,0,24,24
6104,88,48,1.3671875,0.7421875,1,0,23,23
6105,89,48,1.3828125,0.7421875,1,0,26,26
6106,90,48,1.3984375,0.7421875,1,0,27,27
6107,91,48,1.4140625,0.7421875,1,0,14,14
6108,92,48,1.4296875,0.7421875,1,0,13,13
6109,93,48,1.4453125,0.7421875,1,0,20,20
6110,94,48,1.4609375,0.7421875,1,0,23,23
6111,95,48,1.4765625,0.7421875,1,0,13,13
6112,96,48,1.4921875,0.7421875,1,0,31,31
6113,97,48,1.5078125,0.7421875,1,0,24,24
6114,98,48,1.5234375,0.7421875,1,0,22,22
6115,99,48,1.5390625,0.7421875,1,0,16,16
6116,100,48,1.5546875,0.7421875,1,0,19,19
6117,101,48,1.5703125,0.7421875,1,0,16,16
6118,102,48,1.5859375,0.7421875,1,0,13,13
6119,103,48,1.6015625,0.7421875,1,0,13,13
6120,104,48,1.6171875,0.7421875,1,0,22,22
6121,105,48,1.6328125,0.7421875,1,0,17,17
6122,106,48,1.6484375,0.7421875,1,0,14,14
6123,107,48,1.6640625,0.7421875,1,0,13,13
6124,108,48,1.6796875,0.7421875,1,0,8,8
6125,109,48,1.6953125,0.7421875,1,0,16,16
6126,110,48,1.7109375,0.7421875,1,0,14,14
6127,111,48,1.7265625,0.7421875,1,0,17,17
6128,112,48,1.7421875,0.7421875,1,0,15,15
6129,113,48,1.7578125,0.7421875,1,0,23,23
6130,114,48,1.7734375,0.7421875,1,0,14,14
6131,115,48,1.7890625,0.7421875,1,0,25,25
6132,116,48,1.8046875,0.7421875,1,0,19,19
6133,117,48,1.8203125,0.7421875,1,0,30,30
6134,118,48,1.8359375,0.7421875,1,0,22,22
6135,119,48,1.8515625,0.7421875,1,0,21,21
6136,120,48,1.8671875,0.7421875,1,0,16,16
6137,121,48,1.8828125,0.7421875,1,0,11,11
6138,122,48,1.8984375,0.7421875,1,0,31,31
6139,123,48,1.9140625,0.7421875,1,0,26,26
6140,124,48,1.9296875,0.7421875,1,0,26,26
6141,125,48,1.9453125,0.7421875,1,0,22,22
6142,126,48,1.9609375,0.7421875,1,0,21,21
6143,127,48,1.9765625,0.7421875,1,0,14,14
6144,128,48,1.9921875,0.7421875,1,0,22,22
6145,1,49,0.0078125,0.7578125,1,0,22,22
6146,2,49,0.0234375,0.7578125,1,0,29,29
6147,3,49,0.0390625,0.7578125,1,0,22,22
6148,4,49,0.0546875,0.7578125,1,0,17,17
6149,5,49,0.0703125,0.7578125,1,0,20,20
6150,6,49,0.0859375,0.7578125,1,0,18,18
6151,7,49,0.1015625,0.7578125,1,0,23,23
6152,8,49,0.1171875,0.7578125,1,0,12,12
6153,9,49,0.1328125,0.7578125,1,0,8,8
6154,10,49,0.1484375,0.7578125,1,0,23,23
6155,11,49,0.1640625,0.7578125,1,0,21,21
6156,12,49,0.1796875,0.7578125,1,0,14,14
6157,13,49,0.1953125,0.7578125,1,0,29,29
6158,14,49,0.2109375,0.7578125,1,0,24,24
6159,15,49,0.2265625,0.7578125,1,0,23,23
6160,16,49,0.2421875,0.7578125,1,0,17,17
6161,17,49,0.2578125,0.7578125,1,0,12,12
6162,18,49,0.2734375,0.7578125,1,0,17,17
6163,19,49,0.2890625,0.7578125,1,0,17,17
6164,20,49,0.3046875,0.7578125,1,0,28,28
6165,21,49,0.3203125,0.7578125,1,0,23,23
6166,22,49,0.3359375,0.7578125,1,0,18,18
6167,23,49,0.3515625,0.7578125,1,0,30,30
6168,24,49,0.3671875,0.7578125,1,0,20,20
6169,25,49,0.3828125,0.7578125,1,0,20,20
6170,26,49,0.3984375,0.7578125,1,0,21,21
6171,27,49,0.4140625,0.7578125,1,0,18,18
6172,28,49,0.4296875,0.7578125,1,0,21,21
6173,29,49,0.4453125,0.7578125,1,0,19,19
6174,30,49,0.4609375,0.7578125,1,0,30,30
6175,31,49,0.4765625,0.7578125,1,0,17,17
6176,32,49,0.4921875,0.7578125,1,0,19,19
6177,33,49,0.5078125,0.7578125,1,0,20,20
6178,34,49,0.5234375,0.7578125,1,0,15,15
6179,35,49,0.5390625,0.7578125,1,0,21,21
6180,36,49,0.5546875,0.7578125,1,0,27,27
6181,37,49,0.5703125,0.7578125,1,0,17,17
6182,38,49,0.5859375,0.7578125,1,0,20,20
6183,39,49,0.6015625,0.7578125,1,0,27,27
6184,40,49,0.6171875,0.7578125,1,0,19,19
6185,41,49,0.6328125,0.7578125,1,0,18,18
6186,42,49,0.6484375,0.7578125,1,0,12,12
6187,43,49,0.6640625,0.7578125,1,0,12,12
6188,44,49,0.6796875,0.7578125,1,0,24,24
6189,45,49,0.6953125,0.7578125,1,0,22,22
6190,46,49,0.7109375,0.7578125,1,0,29,29
6191,47,49,0.7265625,0.7578125,1,0,25,25
6192,48,49,0.7421875,0.7578125,1,0,29,29
6193,49,49,0.7578125,0.7578125,1,0,17,17
6194,50,49,0.7734375,0.7578125,1,0,16,16
6195,51,49,0.7890625,0.7578125,1,0,11,11
6196,52,49,0.8046875,0.7578125,1,0,25,25
6197,53,49,0.8203125,0.7578125,1,0,19,19
6198,54,49,0.8359375,0.7578125,1,0,26,26
6199,55,49,0.8515625,0.7578125,1,0,22,22
6200,56,49,0.8671875,0.7578125,1,0,32,32
6201,57,49,0.8828125,0.7578125,1,0,19,19
6202,58,49,0.8984375,0.7578125,1,0,21,21
6203,59,49,0.9140625,0.7578125,1,0,26,26
6204,60,49,0.9296875,0.7578125,1,0,17,17
6205,61,49,0.9453125,0.7578125,1,0,13,13
6206,62,49,0.9609375,0.7578125,1,0,18,18
6207,63,49,0.9765625,0.7578125,1,0,22,22
6208,64,49,0.9921875,0.7578125,1,0,21,21
6209,65,49,1.0078125,0.7578125,1,0,15,15
6210,66,49,1.0234375,0.7578125,1,0,6,6
6211,67,49,1.0390625,0.7578125,1,0,25,25
6212,68,49,1.0546875,0.7578125,1,0,19,19
6213,69,49,1.0703125,0.7578125,1,0,21,21
6214,70,49,1.0859375,0.7578125,1,0,18,18
6215,71,49,1.1015625,0.7578125,1,0,20,20
6216,72,49,1.1171875,0.7578125,1,0,26,26
6217,73,49,1.1328125,0.7578125,1,0,15,15
6218,74,49,1.1484375,0.7578125,1,0,26,26
6219,75,49,1.1640625,0.7578125,1,0,14,14
6220,76,49,1.1796875,0.7578125,1,0,20,20
6221,77,49,1.1953125,0.7578125,1,0,17,17
6222,78,49,1.2109375,0.7578125,1,0,19,19
6223,79,49,1.2265625,0.7578125,1,0,23,23
6224,80,49,1.2421875,0.7578125,1,0,25,25
6225,81,49,1.2578125,0.7578125,1,0,15,15
6226,82,49,1.2734375,0.7578125,1,0,25,25
6227,83,49,1.2890625,0.7578125,1,0,18,18
6228,84,49,1.3046875,0.7578125,1,0,22,22
6229,85,49,1.3203125,0.7578125,1,0,20,20
6230,86,49,1.3359375,0.7578125,1,0,7,7
6231,87,49,1.3515625,0.7578125,1,0,13,13
6232,88,49,1.3671875,0.7578125,1,0,20,20
6233,89,49,1.3828125,0.7578125,1,0,31,31
6234,90,49,1.3984375,0.7578125,1,0,20,20
6235,91,49,1.4140625,0.7578125,1,0,25,25
6236,92,49,1.4296875,0.7578125,1,0,24,24
6237,93,49,1.4453125,0.7578125,1,0,24,24
6238,94,49,1.4609375,0.7578125,1,0,25,25
6239,95,49,1.4765625,0.7578125,1,0,16,16
6240,96,49,1.4921875,0.7578125,1,0,25,25
6241,97,49,1.5078125,0.7578125,1,0,11,11
6242,98,49,1.5234375,0.7578125,1,0,19,19
6243,99,49,1.5390625,0.7578125,1,0,28,28
6244,100,49,1.5546875,0.7578125,1,0,15,15
6245,101,49,1.5703125,0.7578125,1,0,20,20
6246,102,49,1.5859375,0.7578125,1,0,24,24
6247,103,49,1.6015625,0.7578125,1,0,26,26
6248,104,49,1.6171875,0.7578125,1,0,10,10
6249,105,49,1.6328125,0.7578125,1,0,18,18
6250,106,49,1.6484375,0.7578125,1,0,25,25
6251,107,49,1.6640625,0.7578125,1,0,14,14
6252,108,49,1.6796875,0.7578125,1,0,24,24
6253,109,49,1.6953125,0.7578125,1,0,16,16
6254,110,49,1.7109375,0.7578125,1,0,23,23
6255,111,49,1.7265625,0.7578125,1,0,25,25
6256,112,49,1.7421875,0.7578125,1,0,24,24
6257,113,49,1.7578125,0.7578125,1,0,15,15
6258,114,49,1.7734375,0.7578125,1,0,17,17
6259,115,49,1.7890625,0.7578125,1,0,28,28
6260,116,49,1.8046875,0.7578125,1,0,20,20
6261,117,49,1.8203125,0.7578125,1,0,22,22
6262,118,49,1.8359375,0.7578125,1,0,20,20
6263,119,49,1.8515625,0.7578125,1,0,24,24
6264,120,49,1.8671875,0.7578125,1,0,30,30
6265,121,49,1.8828125,0.7578125,1,0,13,13
6266,122,49,1.8984375,0.7578125,1,0,22,22
6267,123,49,1.9140625,0.7578125,1,0,14,14
6268,124,49,1.9296875,0.7578125,1,0,18,18
6269,125,49,1.9453125,0.7578125,1,0,21,21
6270,126,49,1.9609375,0.7578125,1,0,19,19
6271,127,49,1.9765625,0.7578125,1,0,5,5
6272,128,49,1.9921875,0.7578125,1,0,13,13
6273,1,50,0.0078125,0.7734375,1,0,17,17
6274,2,50,0.0234375,0.7734375,1,0,28,28
6275,3,50,0.0390625,0.7734375,1,0,22,22
6276,4,50,0.0546875,0.7734375,1,0,34,34
6277,5,50,0.0703125,0.7734375,1,0,14,14
6278,6,50,0.0859375,0.7734375,1,0,22,22
6279,7,50,0.1015625,0.7734375,1,0,19,19
6280,8,50,0.1171875,0.7734375,1,0,22,22
6281,9,50,0.1328125,0.7734375,1,0,8,8
6282,10,50,0.1484375,0.7734375,1,0,21,21
6283,11,50,0.1640625,0.7734375,1,0,13,13
6284,12,50,0.1796875,0.7734375,1,0,27,27
6285,13,50,0.1953125,0.7734375,1,0,28,28
6286,14,50,0.2109375,0.7734375,1,0,24,24
6287,15,50,0.2265625,0.7734375,1,0,15,15
6288,16,50,0.2421875,0.7734375,1,0,20,20
6289,17,50,0.2578125,0.7734375,1,0,20,20
6290,18,50,0.2734375,0.7734375,1,0,14,14
6291,19,50,0.2890625,0.7734375,1,0,22,22
6292,20,50,0.3046875,0.7734375,1,0,17,17
6293,21,50,0.3203125,0.7734375,1,0,18,18
6294,22,50,0.3359375,0.7734375,1,0,20,20
6295,23,50,0.3515625,0.7734375,1,0,9,9
6296,24,50,0.3671875,0.7734375,1,0,11,11
6297,25,50,0.3828125,0.7734375,1,0,20,20
6298,26,50,0.3984375,0.7734375,1,0,20,20
6299,27,50,0.4140625,0.7734375,1,0,18,18
6300,28,50,0.4296875,0.7734375,1,0,21,21
6301,29,50,0.4453125,0.7734375,1,0,17,17
6302,30,50,0.4609375,0.7734375,1,0,20,20
6303,31,50,0.4765625,0.7734375,1,0,19,19
6304,32,50,0.4921875,0.7734375,1,0,25,25
6305,33,50,0.5078125,0.7734375,1,0,14,14
6306,34,50,0.5234375,0.7734375,1,0,22,22
6307,35,50,0.5390625,0.7734375,1,0,30,30
6308,36,50,0.5546875,0.7734375,1,0,22,22
6309,37,50,0.5703125,0.7734375,1,0,23,23
6310,38,50,0.5859375,0.7734375,1,0,22,22
6311,39,50,0.6015625,0.7734375,1,0,17,17
6312,40,50,0.6171875,0.7734375,1,0,19,19
6313,41,50,0.6328125,0.7734375,1,0,31,31
6314,42,50,0.6484375,0.7734375,1,0,18,18
6315,43,50,0.6640625,0.7734375,1,0,11,11
6316,44,50,0.6796875,0.7734375,1,0,28,28
6317,45,50,0.6953125,0.7734375,1,0,35,35
6318,46,50,0.7109375,0.7734375,1,0,12,12
6319,47,50,0.7265625,0.7734375,1,0,18,18
6320,48,50,0.7421875,0.7734375,1,0,12,12
6321,49,50,0.7578125,0.7734375,1,0,24,24
6322,50,50,0.7734375,0.7734375,1,0,14,14
6323,51,50,0.7890625,0.7734375,1,0,21,21
6324,52,50,0.8046875,0.7734375,1,0,23,23
6325,53,50,0.8203125,0.7734375,1,0,10,10
6326,54,50,0.8359375,0.7734375,1,0,22,22
6327,55,50,0.8515625,0.7734375,1,0,16,16
6328,56,50,0.8671875,0.7734375,1,0,18,18
6329,57,50,0.8828125,0.7734375,1,0,19,19
6330,58,50,0.8984375,0.7734375,1,0,16,16
6331,59,50,0.9140625,0.7734375,1,0,20,20
6332,60,50,0.9296875,0.7734375,1,0,33,33
6333,61,50,0.9453125,0.7734375,1,0,31,31
6334,62,50,0.9609375,0.7734375,1,0,23,23
6335,63,50,0.9765625,0.7734375,1,0,19,19
6336,64,50,0.9921875,0.7734375,1,0,21,21
6337,65,50,1.0078125,0.7734375,1,0,28,28
6338,66,50,1.0234375,0.7734375,1,0,23,23
6339,67,50,1.0390625,0.7734375,1,0,31,31
6340,68,50,1.0546875,0.7734375,1,0,29,29
6341,69,50,1.0703125,0.7734375,1,0,26,26
6342,70,50,1.0859375,0.7734375,1,0,12,12
6343,71,50,1.1015625,0.7734375,1,0,17,17
6344,72,50,1.1171875,0.7734375,1,0,17,17
6345,73,50,1.1328125,0.7734375,1,0,12,12
6346,74,50,1.1484375,0.7734375,1,0,26,26
6347,75,50,1.1640625,0.7734375,1,0,27,27
6348,76,50,1.1796875,0.7734375,1,0,17,17
6349,77,50,1.1953125,0.7734375,1,0,12,12
6350,78,50,1.2109375,0.7734375,1,0,21,21
6351,79,50,1.2265625,0.7734375,1,0,25,25
6352,80,50,1.2421875,0.7734375,1,0,33,33
6353,81,50,1.2578125,0.7734375,1,0,16,16
6354,82,50,1.2734375,0.7734375,1,0,25,25
6355,83,50,1.2890625,0.7734375,1,0,21,21
6356,84,50,1.3046875,0.7734375,1,0,19,19
6357,85,50,1.3203125,0.7734375,1,0,22,22
6358,86,50,1.3359375,0.7734375,1,0,9,9
6359,87,50,1.3515625,0.7734375,1,0,25,25
6360,88,50,1.3671875,0.7734375,1,0,14,14
6361,89,50,1.3828125,0.7734375,1,0,16,16
6362,90,50,1.3984375,0.7734375,1,0,23,23
6363,91,50,1.4140625,0.7734375,1,0,27,27
6364,92,50,1.4296875,0.7734375,1,0,9,9
6365,93,50,1.4453125,0.7734375,1,0,23,23
6366,94,50,1.4609375,0.7734375,1,0,15,15
6367,95,50,1.4765625,0.7734375,1,0,16,16
6368,96,50,1.4921875,0.7734375,1,0,11,11
6369,97,50,1.5078125,0.7734375,1,0,21,21
6370,98,50,1.5234375,0.7734375,1,0,28,28
6371,99,50,1.5390625,0.7734375,1,0,18,18
6372,100,50,1.5546875,0.7734375,1,0,11,11
6373,101,50,1.5703125,0.7734375,1,0,26,26
6374,102,50,1.5859375,0.7734375,1,0,14,14
6375,103,50,1.6015625,0.7734375,1,0,18,18
6376,104,50,1.6171875,0.7734375,1,0,19,19
6377,105,50,1.6328125,0.7734375,1,0,32,32
6378,106,50,1.6484375,0.7734375,1,0,28,28
6379,107,50,1.6640625,0.7734375,1,0,18,18
6380,108,50,1.6796875,0.7734375,1,0,19,19
6381,109,50,1.6953125,0.7734375,1,0,10,10
6382,110,50,1.7109375,0.7734375,1,0,19,19
6383,111,50,1.7265625,0.7734375,1,0,30,30
6384,112,50,1.7421875,0.7734375,1,0,22,22
6385,113,50,1.7578125,0.7734375,1,0,36,36
6386,114,50,1.7734375,0.7734375,1,0,17,17
6387,115,50,1.7890625,0.7734375,1,0,36,36
6388,116,50,1.8046875,0.7734375,1,0,15,15
6389,117,50,1.8203125,0.7734375,1,0,15,15
6390,118,50,1.8359375,0.7734375,1,0,19,19
6391,119,50,1.8515625,0.7734375,1,0,19,19
6392,120,50,1.8671875,0.7734375,1,0,10,10
6393,121,50,1.8828125,0.7734375,1,0,18,18
6394,122,50,1.8984375,0.7734375,1,0,21,21
6395,123,50,1.9140625,0.7734375,1,0,17,17
6396,124,50,1.9296875,0.7734375,1,0,13,13
6397,125,50,1.9453125,0.7734375,1,0,18,18
6398,126,50,1.9609375,0.7734375,1,0,26,26
6399,127,50,1.9765625,0.7734375,1,0,28,28
6400,128,50,1.9921875,0.7734375,1,0,21,21
6401,1,51,0.0078125,0.7890625,1,0,25,25
6402,2,51,0.0234375,0.7890625,1,0,8,8
6403,3,51,0.0390625,0.7890625,1,0,21,21
6404,4,51,0.0546875,0.7890625,1,0,32,32
6405,5,51,0.0703125,0.7890625,1,0,25,25
6406,6,51,0.0859375,0.7890625,1,0,20,20
6407,7,51,0.1015625,0.7890625,1,0,26,26
6408,8,51,0.1171875,0.7890625,1,0,28,28
6409,9,51,0.1328125,0.7890625,1,0,25,25
6410,10,51,0.1484375,0.7890625,1,0,30,30
6411,11,51,0.1640625,0.7890625,1,0,35,35
6412,12,51,0.1796875,0.7890625,1,0,16,16
6413,13,51,0.1953125,0.7890625,1,0,25,25
6414,14,51,0.2109375,0.7890625,1,0,20,20
6415,15,51,0.2265625,0.7890625,1,0,28,28
6416,16,51,0.2421875,0.7890625,1,0,15,15
6417,17,51,0.2578125,0.7890625,1,0,24,24
6418,18,51,0.2734375,0.7890625,1,0,27,27
6419,19,51,0.2890625,0.7890625,1,0,28,28
6420,20,51,0.3046875,0.7890625,1,0,21,21
6421,21,51,0.3203125,0.7890625,1,0,24,24
6422,22,51,0.3359375,0.7890625,1,0,21,21
6423,23,51,0.3515625,0.7890625,1,0,22,22
6424,24,51,0.3671875,0.7890625,1,0,22,22
6425,25,51,0.3828125,0.7890625,1,0,27,27
6426,26,51,0.3984375,0.7890625,1,0,31,31
6427,27,51,0.4140625,0.7890625,1,0,16,16
6428,28,51,0.4296875,0.7890625,1,0,14,14
6429,29,51,0.4453125,0.7890625,1,0,19,19
6430,30,51,0.4609375,0.7890625,1,0,17,17
6431,31,51,0.4765625,0.7890625,1,0,16,16
6432,32,51,0.4921875,0.7890625,1,0,24,24
6433,33,51,0.5078125,0.7890625,1,0,21,21
6434,34,51,0.5234375,0.7890625,1,0,15,15
6435,35,51,0.5390625,0.7890625,1,0,15,15
6436,36,51,0.5546875,0.7890625,1,0,21,21
6437,37,51,0.5703125,0.7890625,1,0,25,25
6438,38,51,0.5859375,0.7890625,1,0,17,17
6439,39,51,0.6015625,0.7890625,1,0,20,20
6440,40,51,0.6171875,0.7890625,1,0,25,25
6441,41,51,0.6328125,0.7890625,1,0,23,23
6442,42,51,0.6484375,0.7890625,1,0,7,7
6443,43,51,0.6640625,0.7890625,1,0,9,9
6444,44,51,0.6796875,0.7890625,1,0,19,19
6445,45,51,0.6953125,0.7890625,1,0,32,32
6446,46,51,0.7109375,0.7890625,1,0,25,25
6447,47,51,0.7265625,0.7890625,1,0,19,19
6448,48,51,0.7421875,0.7890625,1,0,25,25
6449,49,51,0.7578125,0.7890625,1,0,27,27
6450,50,51,0.7734375,0.7890625,1,0,12,12
6451,51,51,0.7890625,0.7890625,1,0,18,18
6452,52,51,0.8046875,0.7890625,1,0,6,6
6453,53,51,0.8203125,0.7890625,1,0,11,11
6454,54,51,0.8359375,0.7890625,1,0,25,25
6455,55,51,0.8515625,0.7890625,1,0,22,22
6456,56,51,0.8671875,0.7890625,1,0,26,26
6457,57,51,0.8828125,0.7890625,1,0,34,34
6458,58,51,0.8984375,0.7890625,1,0,18,18
6459,59,51,0.9140625,0.7890625,1,0,8,8
6460,60,51,0.9296875,0.7890625,1,0,23,23
6461,61,51,0.9453125,0.7890625,1,0,20,20
6462,62,51,0.9609375,0.7890625,1,0,22,22
6463,63,51,0.9765625,0.7890625,1,0,6,6
6464,64,51,0.9921875,0.7890625,1,0,19,19
6465,65,51,1.0078125,0.7890625,1,0,16,16
6466,66,51,1.0234375,0.7890625,1,0,19,19
6467,67,51,1.0390625,0.7890625,1,0,13,13
6468,68,51,1.0546875,0.7890625,1,0,14,14
6469,69,51,1.0703125,0.7890625,1,0,23,23
6470,70,51,1.0859375,0.7890625,1,0,14,14
6471,71,51,1.1015625,0.7890625,1,0,23,23
6472,72,51,1.1171875,0.7890625,1,0,15,15
6473,73,51,1.1328125,0.7890625,1,0,4,4
6474,74,51,1.1484375,0.7890625,1,0,24,24
6475,75,51,1.1640625,0.7890625,1,0,8,8
6476,76,51,1.1796875,0.7890625,1,0,24,24
6477,77,51,1.1953125,0.7890625,1,0,24,24
6478,78,51,1.2109375,0.7890625,1,0,16,16
6479,79,51,1.2265625,0.7890625,1,0,9,9
6480,80,51,1.2421875,0.7890625,1,0,13,13
6481,81,51,1.2578125,0.7890625,1,0,11,11
6482,82,51,1.2734375,0.7890625,1,0,18,18
6483,83,51,1.2890625,0.7890625,1,0,23,23
6484,84,51,1.3046875,0.7890625,1,0,30,30
6485,85,51,1.3203125,0.7890625,1,0,18,18
6486,86,51,1.3359375,0.7890625,1,0,11,11
6487,87,51,1.3515625,0.7890625,1,0,24,24
6488,88,51,1.3671875,0.7890625,1,0,17,17
6489,89,51,1.3828125,0.7890625,1,0,30,30
6490,90,51,1.3984375,0.7890625,1,0,30,30
6491,91,51,1.4140625,0.7890625,1,0,27,27
6492,92,51,1.4296875,0.7890625,1,0,5,5
6493,93,51,1.4453125,0.7890625,1,0,24,24
6494,94,51,1.4609375,0.7890625,1,0,27,27
6495,95,51,1.4765625,0.7890625,1,0,14,14
6496,96,51,1.4921875,0.7890625,1,0,22,22
6497,97,51,1.5078125,0.7890625,1,0,15,15
6498,98,51,1.5234375,0.7890625,1,0,22,22
6499,99,51,1.5390625,0.7890625,1,0,17,17
6500,100,51,1.5546875,0.7890625,1,0,19,19
6501,101,51,1.5703125,0.7890625,1,0,22,22
6502,102,51,1.5859375,0.7890625,1,0,21,21
6503,103,51,1.6015625,0.7890625,1,0,15,15
6504,104,51,1.6171875,0.7890625,1,0,13,13
6505,105,51,1.6328125,0.7890625,1,0,24,24
6506,106,51,1.6484375,0.7890625,1,0,16,16
6507,107,51,1.6640625,0.7890625,1,0,18,18
6508,108,51,1.6796875,0.7890625,1,0,19,19
6509,109,51,1.6953125,0.7890625,1,0,12,12
6510,110,51,1.7109375,0.7890625,1,0,22,22
6511,111,51,1.7265625,0.7890625,1,0,15,15
6512,112,51,1.7421875,0.7890625,1,0,19,19
6513,113,51,1.7578125,0.7890625,1,0,20,20
6514,114,51,1.7734375,0.7890625,1,0,19,19
6515,115,51,1.7890625,0.7890625,1,0,16,16
6516,116,51,1.8046875,0.7890625,1,0,23,23
6517,117,51,1.8203125,0.7890625,1,0,18,18
6518,118,51,1.8359375,0.7890625,1,0,22,22
6519,119,51,1.8515625,0.7890625,1,0,19,19
6520,120,51,1.8671875,0.7890625,1,0,26,26
6521,121,51,1.8828125,0.7890625,1,0,15,15
6522,122,51,1.8984375,0.7890625,1,0,20,20
6523,123,51,1.9140625,0.7890625,1,0,26,26
6524,124,51,1.9296875,0.7890625,1,0,22,22
6525,125,51,1.9453125,0.7890625,1,0,12,12
6526,126,51,1.9609375,0.7890625,1,0,21,21
6527,127,51,1.9765625,0.7890625,1,0,17,17
6528,128,51,1.9921875,0.7890625,1,0,19,19
6529,1,52,0.0078125,0.8046875,1,0,22,22
6530,2,52,0.0234375,0.8046875,1,0,32,32
6531,3,52,0.0390625,0.8046875,1,0,16,16
6532,4,52,0.0546875,0.8046875,1,0,8,8
6533,5,52,0.0703125,0.8046875,1,0,11,11
6534,6,52,0.0859375,0.8046875,1,0,23,23
6535,7,52,0.1015625,0.8046875,1,0,28,28
6536,8,52,0.1171875,0.8046875,1,0,31,31
6537,9,52,0.1328125,0.8046875,1,0,23,23
6538,10,52,0.1484375,0.8046875,1,0,9,9
6539,11,52,0.1640625,0.8046875,1,0,24,24
6540,12,52,0.1796875,0.8046875,1,0,18,18
6541,13,52,0.1953125,0.8046875,1,0,20,20
6542,14,52,0.2109375,0.8046875,1,0,22,22
6543,15,52,0.2265625,0.8046875,1,0,20,20
6544,16,52,0.2421875,0.8046875,1,0,21,21
6545,17,52,0.2578125,0.8046875,1,0,15,15
6546,18,52,0.2734375,0.8046875,1,0,11,11
6547,19,52,0.2890625,0.8046875,1,0,20,20
6548,20,52,0.3046875,0.8046875,1,0,15,15
6549,21,52,0.3203125,0.8046875,1,0,15,15
6550,22,52,0.3359375,0.8046875,1,0,25,25
6551,23,52,0.3515625,0.8046875,1,0,28,28
6552,24,52,0.3671875,0.8046875,1,0,20,20
6553,25,52,0.3828125,0.8046875,1,0,33,33
6554,26,52,0.3984375,0.8046875,1,0,24,24
6555,27,52,0.4140625,0.8046875,1,0,16,16
6556,28,52,0.4296875,0.8046875,1,0,32,32
6557,29,52,0.4453125,0.8046875,1,0,28,28
6558,30,52,0.4609375,0.8046875,1,0,16,16
6559,31,52,0.4765625,0.8046875,1,0,18,18
6560,32,52,0.4921875,0.8046875,1,0,22,22
6561,33,52,0.5078125,0.8046875,1,0,22,22
6562,34,52,0.5234375,0.8046875,1,0,26,26
6563,35,52,0.5390625,0.8046875,1,0,27,27
6564,36,52,0.5546875,0.8046875,1,0,17,17
6565,37,52,0.5703125,0.8046875,1,0,29,29
6566,38,52,0.5859375,0.8046875,1,0,25,25
6567,39,52,0.6015625,0.8046875,1,0,30,30
6568,40,52,0.6171875,0.8046875,1,0,12,12
6569,41,52,0.6328125,0.8046875,1,0,20,20
6570,42,52,0.6484375,0.8046875,1,0,11,11
6571,43,52,0.6640625,0.8046875,1,0,18,18
6572,44,52,0.6796875,0.8046875,1,0,12,12
6573,45,52,0.6953125,0.8046875,1,0,27,27
6574,46,52,0.7109375,0.8046875,1,0,22,22
6575,47,52,0.7265625,0.8046875,1,0,22,22
6576,48,52,0.7421875,0.8046875,1,0,11,11
6577,49,52,0.7578125,0.8046875,1,0,22,22
6578,50,52,0.7734375,0.8046875,1,0,34,34
6579,51,52,0.7890625,0.8046875,1,0,23,23
6580,52,52,0.8046875,0.8046875,1,0,12,12
6581,53,52,0.8203125,0.8046875,1,0,23,23
6582,54,52,0.8359375,0.8046875,1,0,19,19
6583,55,52,0.8515625,0.8046875,1,0,9,9
6584,56,52,0.8671875,0.8046875,1,0,24,24
6585,57,52,0.8828125,0.8046875,1,0,19,19
6586,58,52,0.8984375,0.8046875,1,0,22,22
6587,59,52,0.9140625,0.8046875,1,0,24,24
6588,60,52,0.9296875,0.8046875,1,0,25,25
6589,61,52,0.9453125,0.8046875,1,0,22,22
6590,62,52,0.9609375,0.8046875,1,0,15,15
6591,63,52,0.9765625,0.8046875,1,0,23,23
6592,64,52,0.9921875,0.8046875,1,0,30,30
6593,65,52,1.0078125,0.8046875,1,0,22,22
6594,66,52,1.0234375,0.8046875,1,0,18,18
6595,67,52,1.0390625,0.8046875,1,0,18,18
6596,68,52,1.0546875,0.8046875,1,0,14,14
6597,69,52,1.0703125,0.8046875,1,0,28,28
6598,70,52,1.0859375,0.8046875,1,0,24,24
6599,71,52,1.1015625,0.8046875,1,0,22,22
6600,72,52,1.1171875,0.8046875,1,0,17,17
6601,73,52,1.1328125,0.8046875,1,0,10,10
6602,74,52,1.1484375,0.8046875,1,0,14,14
6603,75,52,1.1640625,0.8046875,1,0,15,15
6604,76,52,1.1796875,0.8046875,1,0,25,25
6605,77,52,1.1953125,0.8046875,1,0,20,20
6606,78,52,1.2109375,0.8046875,1,0,20,20
6607,79,52,1.2265625,0.8046875,1,0,20,20
6608,80,52,1.2421875,0.8046875,1,0,5,5
6609,81,52,1.2578125,0.8046875,1,0,28,28
6610,82,52,1.2734375,0.8046875,1,0,17,17
6611,83,52,1.2890625,0.8046875,1,0,20,20
6612,84,52,1.3046875,0.8046875,1,0,18,18
6613,85,52,1.3203125,0.8046875,1,0,23,23
6614,86,52,1.3359375,0.8046875,1,0,8,8
6615,87,52,1.3515625,0.8046875,1,0,28,28
6616,88,52,1.3671875,0.8046875,1,0,21,21
6617,89,52,1.3828125,0.8046875,1,0,15,15
6618,90,52,1.3984375,0.8046875,1,0,23,23
6619,91,52,1.4140625,0.8046875,1,0,11,11
6620,92,52,1.4296875,0.8046875,1,0,21,21
6621,93,52,1.4453125,0.8046875,1,0,14,14
6622,94,52,1.4609375,0.8046875,1,0,24,24
6623,95,52,1.4765625,0.8046875,1,0,21,21
6624,96,52,1.4921875,0.8046875,1,0,25,25
6625,97,52,1.5078125,0.8046875,1,0,20,20
6626,98,52,1.5234375,0.8046875,1,0,16,16
6627,99,52,1.5390625,0.8046875,1,0,31,31
6628,100,52,1.5546875,0.8046875,1,0,12,12
6629,101,52,1.5703125,0.8046875,1,0,17,17
6630,102,52,1.5859375,0.8046875,1,0,27,27
6631,103,52,1.6015625,0.8046875,1,0,18,18
6632,104,52,1.6171875,0.8046875,1,0,11,11
6633,105,52,1.6328125,0.8046875,1,0,13,13
6634,106,52,1.6484375,0.8046875,1,0,23,23
6635,107,52,1.6640625,0.8046875,1,0,12,12
6636,108,52,1.6796875,0.8046875,1,0,16,16
6637,109,52,1.6953125,0.8046875,1,0,19,19
6638,110,52,1.7109375,0.8046875,1,0,24,24
6639,111,52,1.7265625,0.8046875,1,0,33,33
6640,112,52,1.7421875,0.8046875,1,0,16,16
6641,113,52,1.7578125,0.8046875,1,0,6,6
6642,114,52,1.7734375,0.8046875,1,0,23,23
6643,115,52,1.7890625,0.8046875,1,0,27,27
6644,116,52,1.8046875,0.8046875,1,0,18,18
6645,117,52,1.8203125,0.8046875,1,0,10,10
6646,118,52,1.8359375,0.8046875,1,0,13,13
6647,119,52,1.8515625,0.8046875,1,0,29,29
6648,120,52,1.8671875,0.8046875,1,0,28,28
6649,121,52,1.8828125,0.8046875,1,0,20,20
6650,122,52,1.8984375,0.8046875,1,0,23,23
6651,123,52,1.9140625,0.8046875,1,0,11,11
6652,124,52,1.9296875,0.8046875,1,0,24,24
6653,125,52,1.9453125,0.8046875,1,0,18,18
6654,126,52,1.9609375,0.8046875,1,0,17,17
6655,127,52,1.9765625,0.8046875,1,0,19,19
6656,128,52,1.9921875,0.8046875,1,0,9,9
6657,1,53,0.0078125,0.8203125,1,0,22,22
6658,2,53,0.0234375,0.8203125,1,0,18,18
6659,3,53,0.0390625,0.8203125,1,0,15,15
6660,4,53,0.0546875,0.8203125,1,0,17,17
6661,5,53,0.0703125,0.8203125,1,0,17,17
6662,6,53,0.0859375,0.8203125,1,0,15,15
6663,7,53,0.1015625,0.8203125,1,0,26,26
6664,8,53,0.1171875,0.8203125,1,0,15,15
6665,9,53,0.1328125,0.8203125,1,0,28,28
6666,10,53,0.1484375,0.8203125,1,0,32,32
6667,11,53,0.1640625,0.8203125,1,0,18,18
6668,12,53,0.1796875,0.8203125,1,0,17,17
6669,13,53,0.1953125,0.8203125,1,0,22,22
6670,14,53,0.2109375,0.8203125,1,0,20,20
6671,15,53,0.2265625,0.8203125,1,0,21,21
6672,16,53,0.2421875,0.8203125,1,0,29,29
6673,17,53,0.2578125,0.8203125,1,0,19,19
6674,18,53,0.2734375,0.8203125,1,0,23,23
6675,19,53,0.2890625,0.8203125,1,0,14,14
6676,20,53,0.3046875,0.8203125,1,0,14,14
6677,21,53,0.3203125,0.8203125,1,0,25,25
6678,22,53,0.3359375,0.8203125,1,0,24,24
6679,23,53,0.3515625,0.8203125,1,0,22,22
6680,24,53,0.3671875,0.8203125,1,0,16,16
6681,25,53,0.3828125,0.8203125,1,0,17,17
6682,26,53,0.3984375,0.8203125,1,0,16,16
6683,27,53,0.4140625,0.8203125,1,0,33,33
6684,28,53,0.4296875,0.8203125,1,0,21,21
6685,29,53,0.4453125,0.8203125,1,0,19,19
6686,30,53,0.4609375,0.8203125,1,0,8,8
6687,31,53,0.4765625,0.8203125,1,0,23,23
6688,32,53,0.4921875,0.8203125,1,0,17,17
6689,33,53,0.5078125,0.8203125,1,0,19,19
6690,34,53,0.5234375,0.8203125,1,0,15,15
6691,35,53,0.5390625,0.8203125,1,0,5,5
6692,36,53,0.5546875,0.8203125,1,0,13,13
6693,37,53,0.5703125,0.8203125,1,0,13,13
6694,38,53,0.5859375,0.8203125,1,0,14,14
6695,39,53,0.6015625,0.8203125,1,0,27,27
6696,40,53,0.6171875,0.8203125,1,0,19,19
6697,41,53,0.6328125,0.8203125,1,0,12,12
6698,42,53,0.6484375,0.8203125,1,0,20,20
6699,43,53,0.6640625,0.8203125,1,0,29,29
6700,44,53,0.6796875,0.8203125,1,0,25,25
6701,45,53,0.6953125,0.8203125,1,0,24,24
6702,46,53,0.7109375,0.8203125,1,0,23,23
6703,47,53,0.7265625,0.8203125,1,0,20,20
6704,48,53,0.7421875,0.8203125,1,0,16,16
6705,49,53,0.7578125,0.8203125,1,0,25,25
6706,50,53,0.7734375,0.8203125,1,0,26,26
6707,51,53,0.7890625,0.8203125,1,0,19,19
6708,52,53,0.8046875,0.8203125,1,0,31,31
6709,53,53,0.8203125,0.8203125,1,0,18,18
6710,54,53,0.8359375,0.8203125,1,0,22,22
6711,55,53,0.8515625,0.8203125,1,0,29,29
6712,56,53,0.8671875,0.8203125,1,0,22,22
6713,57,53,0.8828125,0.8203125,1,0,28,28
6714,58,53,0.8984375,0.8203125,1,0,12,12
6715,59,53,0.9140625,0.8203125,1,0,24,24
6716,60,53,0.9296875,0.8203125,1,0,25,25
6717,61,53,0.9453125,0.8203125,1,0,9,9
6718,62,53,0.9609375,0.8203125,1,0,28,28
6719,63,53,0.9765625,0.8203125,1,0,24,24
6720,64,53,0.9921875,0.8203125,1,0,22,22
6721,65,53,1.0078125,0.8203125,1,0,19,19
6722,66,53,1.0234375,0.8203125,1,0,24,24
6723,67,53,1.0390625,0.8203125,1,0,18,18
6724,68,53,1.0546875,0.8203125,1,0,20,20
6725,69,53,1.0703125,0.8203125,1,0,23,23
6726,70,53,1.0859375,0.8203125,1,0,31,31
6727,71,53,1.1015625,0.8203125,1,0,18,18
6728,72,53,1.1171875,0.8203125,1,0,16,16
6729,73,53,1.1328125,0.8203125,1,0,35,35
6730,74,53,1.1484375,0.8203125,1,0,22,22
6731,75,53,1.1640625,0.8203125,1,0,23,23
6732,76,53,1.1796875,0.8203125,1,0,32,32
6733,77,53,1.1953125,0.8203125,1,0,28,28
6734,78,53,1.2109375,0.8203125,1,0,19,19
6735,79,53,1.2265625,0.8203125,1,0,19,19
6736,80,53,1.2421875,0.8203125,1,0,27,27
6737,81,53,1.2578125,0.8203125,1,0,20,20
6738,82,53,1.2734375,0.8203125,1,0,15,15
6739,83,53,1.2890625,0.8203125,1,0,24,24
6740,84,53,1.3046875,0.8203125,1,0,22,22
6741,85,53,1.3203125,0.8203125,1,0,15,15
6742,86,53,1.3359375,0.8203125,1,0,18,18
6743,87,53,1.3515625,0.8203125,1,0,28,28
6744,88,53,1.3671875,0.8203125,1,0,17,17
6745,89,53,1.3828125,0.8203125,1,0,16,16
6746,90,53,1.3984375,0.8203125,1,0,19,19
6747,91,53,1.4140625,0.8203125,1,0,21,21
6748,92,53,1.4296875,0.8203125,1,0,17,17
6749,93,53,1.4453125,0.8203125,1,0,12,12
6750,94,53,1.4609375,0.8203125,1,0,12,12
6751,95,53,1.4765625,0.8203125,1,0,26,26
6752,96,53,1.4921875,0.8203125,1,0,27,27
6753,97,53,1.5078125,0.8203125,1,0,23,23
6754,98,53,1.5234375,0.8203125,1,0,18,18
6755,99,53,1.5390625,0.8203125,1,0,18,18
6756,100,53,1.5546875,0.8203125,1,0,25,25
6757,101,53,1.5703125,0.8203125,1,0,23,23
6758,102,53,1.5859375,0.8203125,1,0,13,13
6759,103,53,1.6015625,0.8203125,1,0,23,23
6760,104,53,1.6171875,0.8203125,1,0,8,8
6761,105,53,1.6328125,0.8203125,1,0,14,14
6762,106,53,1.6484375,0.8203125,1,0,18,18
6763,107,53,1.6640625,0.8203125,1,0,13,13
6764,108,53,1.6796875,0.8203125,1,0,27,27
6765,109,53,1.6953125,0.8203125,1,0,26,26
6766,110,53,1.7109375,0.8203125,1,0,17,17
6767,111,53,1.7265625,0.8203125,1,0,25,25
6768,112,53,1.7421875,0.8203125,1,0,22,22
6769,113,53,1.7578125,0.8203125,1,0,22,22
6770,114,53,1.7734375,0.8203125,1,0,17,17
6771,115,53,1.7890625,0.8203125,1,0,22,22
6772,116,53,1.8046875,0.8203125,1,0,11,11
6773,117,53,1.8203125,0.8203125,1,0,17,17
6774,118,53,1.8359375,0.8203125,1,0,13,13
6775,119,53,1.8515625,0.8203125,1,0,31,31
6776,120,53,1.8671875,0.8203125,1,0,14,14
6777,121,53,1.8828125,0.8203125,1,0,14,14
6778,122,53,1.8984375,0.8203125,1,0,26,26
6779,123,53,1.9140625,0.8203125,1,0,19,19
6780,124,53,1.9296875,0.8203125,1,0,17,17
6781,125,53,1.9453125,0.8203125,1,0,16,16
6782,126,53,1.9609375,0.8203125,1,0,24,24
6783,127,53,1.9765625,0.8203125,1,0,22,22
6784,128,53,1.9921875,0.8203125,1,0,20,20
6785,1,54,0.0078125,0.8359375,1,0,22,22
6786,2,54,0.0234375,0.8359375,1,0,21,21
6787,3,54,0.0390625,0.8359375,1,0,20,20
6788,4,54,0.0546875,0.8359375,1,0,15,15
6789,5,54,0.0703125,0.8359375,1,0,21,21
6790,6,54,0.0859375,0.8359375,1,0,23,23
6791,7,54,0.1015625,0.8359375,1,0,26,26
6792,8,54,0.1171875,0.8359375,1,0,16,16
6793,9,54,0.1328125,0.8359375,1,0,25,25
6794,10,54,0.1484375,0.8359375,1,0,17,17
6795,11,54,0.1640625,0.8359375,1,0,24,24
6796,12,54,0.1796875,0.8359375,1,0,16,16
6797,13,54,0.1953125,0.8359375,1,0,19,19
6798,14,54,0.2109375,0.8359375,1,0,23,23
6799,15,54,0.2265625,0.8359375,1,0,32,32
6800,16,54,0.2421875,0.8359375,1,0,25,25
6801,17,54,0.2578125,0.8359375,1,0,16,16
6802,18,54,0.2734375,0.8359375,1,0,24,24
6803,19,54,0.2890625,0.8359375,1,0,24,24
6804,20,54,0.3046875,0.8359375,1,0,25,25
6805,21,54,0.3203125,0.8359375,1,0,31,31
6806,22,54,0.3359375,0.8359375,1,0,20,20
6807,23,54,0.3515625,0.8359375,1,0,12,12
6808,24,54,0.3671875,0.8359375,1,0,15,15
6809,25,54,0.3828125,0.8359375,1,0,27,27
6810,26,54,0.3984375,0.8359375,1,0,10,10
6811,27,54,0.4140625,0.8359375,1,0,14,14
6812,28,54,0.4296875,0.8359375,1,0,12,12
6813,29,54,0.4453125,0.8359375,1,0,21,21
6814,30,54,0.4609375,0.8359375,1,0,24,24
6815,31,54,0.4765625,0.8359375,1,0,18,18
6816,32,54,0.4921875,0.8359375,1,0,11,11
6817,33,54,0.5078125,0.8359375,1,0,17,17
6818,34,54,0.5234375,0.8359375,1,0,20,20
6819,35,54,0.5390625,0.8359375,1,0,31,31
6820,36,54,0.5546875,0.8359375,1,0,17,17
6821,37,54,0.5703125,0.8359375,1,0,22,22
6822,38,54,0.5859375,0.8359375,1,0,20,20
6823,39,54,0.6015625,0.8359375,1,0,28,28
6824,40,54,0.6171875,0.8359375,1,0,20,20
6825,41,54,0.6328125,0.8359375,1,0,19,19
6826,42,54,0.6484375,0.8359375,1,0,21,21
6827,43,54,0.6640625,0.8359375,1,0,18,18
6828,44,54,0.6796875,0.8359375,1,0,19,19
6829,45,54,0.6953125,0.8359375,1,0,17,17
6830,46,54,0.7109375,0.8359375,1,0,23,23
6831,47,54,0.7265625,0.8359375,1,0,12,12
6832,48,54,0.7421875,0.8359375,1,0,19,19
6833,49,54,0.7578125,0.8359375,1,0,18,18
6834,50,54,0.7734375,0.8359375,1,0,12,12
6835,51,54,0.7890625,0.8359375,1,0,22,22
6836,52,54,0.8046875,0.8359375,1,0,19,19
6837,53,54,0.8203125,0.8359375,1,0,21,21
6838,54,54,0.8359375,0.8359375,1,0,24,24
6839,55,54,0.8515625,0.8359375,1,0,17,17
6840,56,54,0.8671875,0.8359375,1,0,27,27
6841,57,54,0.8828125,0.8359375,1,0,20,20
6842,58,54,0.8984375,0.8359375,1,0,9,9
6843,59,54,0.9140625,0.8359375,1,0,16,16
6844,60,54,0.9296875,0.8359375,1,0,23,23
6845,61,54,0.9453125,0.8359375,1,0,27,27
6846,62,54,0.9609375,0.8359375,1,0,20,20
6847,63,54,0.9765625,0.8359375,1,0,16,16
6848,64,54,0.9921875,0.8359375,1,0,30,30
6849,65,54,1.0078125,0.8359375,1,0,29,29
6850,66,54,1.0234375,0.8359375,1,0,17,17
6851,67,54,1.0390625,0.8359375,1,0,8,8
6852,68,54,1.0546875,0.8359375,1,0,14,14
6853,69,54,1.0703125,0.8359375,1,0,24,24
6854,70,54,1.0859375,0.8359375,1,0,19,19
6855,71,54,1.1015625,0.8359375,1,0,4,4
6856,72,54,1.1171875,0.8359375,1,0,25,25
6857,73,54,1.1328125,0.8359375,1,0,19,19
6858,74,54,1.1484375,0.8359375,1,0,17,17
6859,75,54,1.1640625,0.8359375,1,0,19,19
6860,76,54,1.1796875,0.8359375,1,0,26,26
6861,77,54,1.1953125,0.8359375,1,0,27,27
6862,78,54,1.2109375,0.8359375,1,0,20,20
6863,79,54,1.2265625,0.8359375,1,0,15,15
6864,80,54,1.2421875,0.8359375,1,0,19,19
6865,81,54,1.2578125,0.8359375,1,0,26,26
6866,82,54,1.2734375,0.8359375,1,0,25,25
6867,83,54,1.2890625,0.8359375,1,0,25,25
6868,84,54,1.3046875,0.8359375,1,0,13,13
6869,85,54,1.3203125,0.8359375,1,0,18,18
6870,86,54,1.3359375,0.8359375,1,0,22,22
6871,87,54,1.3515625,0.8359375,1,0,16,16
6872,88,54,1.3671875,0.8359375,1,0,27,27
6873,89,54,1.3828125,0.8359375,1,0,28,28
6874,90,54,1.3984375,0.8359375,1,0,17,17
6875,91,54,1.4140625,0.8359375,1,0,25,25
6876,92,54,1.4296875,0.8359375,1,0,25,25
6877,93,54,1.4453125,0.8359375,1,0,11,11
6878,94,54,1.4609375,0.8359375,1,0,22,22
6879,95,54,1.4765625,0.8359375,1,0,26,26
6880,96,54,1.4921875,0.8359375,1,0,25,25
6881,97,54,1.5078125,0.8359375,1,0,14,14
6882,98,54,1.5234375,0.8359375,1,0,20,20
6883,99,54,1.5390625,0.8359375,1,0,22,22
6884,100,54,1.5546875,0.8359375,1,0,15,15
6885,101,54,1.5703125,0.8359375,1,0,17,17
6886,102,54,1.5859375,0.8359375,1,0,16,16
6887,103,54,1.6015625,0.8359375,1,0,30,30
6888,104,54,1.6171875,0.8359375,1,0,23,23
6889,105,54,1.6328125,0.8359375,1,0,16,16
6890,106,54,1.6484375,0.8359375,1,0,20,20
6891,107,54,1.6640625,0.8359375,1,0,16,16
6892,108,54,1.6796875,0.8359375,1,0,14,14
6893,109,54,1.6953125,0.8359375,1,0,19,19
6894,110,54,1.7109375,0.8359375,1,0,22,22
6895,111,54,1.7265625,0.8359375,1,0,16,16
6896,112,54,1.7421875,0.8359375,1,0,23,23
6897,113,54,1.7578125,0.8359375,1,0,15,15
6898,114,54,1.7734375,0.8359375,1,0,18,18
6899,115,54,1.7890625,0.8359375,1,0,22,22
6900,116,54,1.8046875,0.8359375,1,0,21,21
6901,117,54,1.8203125,0.8359375,1,0,12,12
6902,118,54,1.8359375,0.8359375,1,0,24,24
6903,119,54,1.8515625,0.8359375,1,0,17,17
6904,120,54,1.8671875,0.8359375,1,0,22,22
6905,121,54,1.8828125,0.8359375,1,0,13,13
6906,122,54,1.8984375,0.8359375,1,0,29,29
6907,123,54,1.9140625,0.8359375,1,0,30,30
6908,124,54,1.9296875,0.8359375,1,0,21,21
6909,125,54,1.9453125,0.8359375,1,0,17,17
6910,126,54,1.9609375,0.8359375,1,0,21,21
6911,127,54,1.9765625,0.8359375,1,0,22,22
6912,128,54,1.9921875,0.8359375,1,0,22,22
6913,1,55,0.0078125,0.8515625,1,0,33,33
6914,2,55,0.0234375,0.8515625,1,0,21,21
6915,3,55,0.0390625,0.8515625,1,0,20,20
6916,4,55,0.0546875,0.8515625,1,0,21,21
6917,5,55,0.0703125,0.8515625,1,0,20,20
6918,6,55,0.0859375,0.8515625,1,0,25,25
6919,7,55,0.1015625,0.8515625,1,0,20,20
6920,8,55,0.1171875,0.8515625,1,0,17,17
6921,9,55,0.1328125,0.8515625,1,0,12,12
6922,10,55,0.1484375,0.8515625,1,0,21,21
6923,11,55,0.1640625,0.8515625,1,0,24,24
6924,12,55,0.1796875,0.8515625,1,0,19,19
6925,13,55,0.1953125,0.8515625,1,0,18,18
6926,14,55,0.2109375,0.8515625,1,0,22,22
6927,15,55,0.2265625,0.8515625,1,0,15,15
6928,16,55,0.2421875,0.8515625,1,0,4,4
6929,17,55,0.2578125,0.8515625,1,0,25,25
6930,18,55,0.2734375,0.8515625,1,0,21,21
6931,19,55,0.2890625,0.8515625,1,0,10,10
6932,20,55,0.3046875,0.8515625,1,0,20,20
6933,21,55,0.3203125,0.8515625,1,0,24,24
6934,22,55,0.3359375,0.8515625,1,0,29,29
6935,23,55,0.3515625,0.8515625,1,0,23,23
6936,24,55,0.3671875,0.8515625,1,0,22,22
6937,25,55,0.3828125,0.8515625,1,0,18,18
6938,26,55,0.3984375,0.8515625,1,0,12,12
6939,27,55,0.4140625,0.8515625,1,0,16,16
6940,28,55,0.4296875,0.8515625,1,0,16,16
6941,29,55,0.4453125,0.8515625,1,0,13,13
6942,30,55,0.4609375,0.8515625,1,0,31,31
6943,31,55,0.4765625,0.8515625,1,0,25,25
6944,32,55,0.4921875,0.8515625,1,0,15,15
6945,33,55,0.5078125,0.8515625,1,0,14,14
6946,34,55,0.5234375,0.8515625,1,0,23,23
6947,35,55,0.5390625,0.8515625,1,0,17,17
6948,36,55,0.5546875,0.8515625,1,0,27,27
6949,37,55,0.5703125,0.8515625,1,0,14,14
6950,38,55,0.5859375,0.8515625,1,0,23,23
6951,39,55,0.6015625,0.8515625,1,0,13,13
6952,40,55,0.6171875,0.8515625,1,0,24,24
6953,41,55,0.6328125,0.8515625,1,0,18,18
6954,42,55,0.6484375,0.8515625,1,0,17,17
6955,43,55,0.6640625,0.8515625,1,0,12,12
6956,44,55,0.6796875,0.8515625,1,0,20,20
6957,45,55,0.6953125,0.8515625,1,0,24,24
6958,46,55,0.7109375,0.8515625,1,0,18,18
6959,47,55,0.7265625,0.8515625,1,0,22,22
6960,48,55,0.7421875,0.8515625,1,0,23,23
6961,49,55,0.7578125,0.8515625,1,0,15,15
6962,50,55,0.7734375,0.8515625,1,0,17,17
6963,51,55,0.7890625,0.8515625,1,0,19,19
6964,52,55,0.8046875,0.8515625,1,0,28,28
6965,53,55,0.8203125,0.8515625,1,0,19,19
6966,54,55,0.8359375,0.8515625,1,0,16,16
6967,55,55,0.8515625,0.8515625,1,0,25,25
6968,56,55,0.8671875,0.8515625,1,0,24,24
6969,57,55,0.8828125,0.8515625,1,0,15,15
6970,58,55,0.8984375,0.8515625,1,0,25,25
6971,59,55,0.9140625,0.8515625,1,0,15,15
6972,60,55,0.9296875,0.8515625,1,0,21,21
6973,61,55,0.9453125,0.8515625,1,0,15,15
6974,62,55,0.9609375,0.8515625,1,0,16,16
6975,63,55,0.9765625,0.8515625,1,0,16,16
6976,64,55,0.9921875,0.8515625,1,0,10,10
6977,65,55,1.0078125,0.8515625,1,0,19,19
6978,66,55,1.0234375,0.8515625,1,0,18,18
6979,67,55,1.0390625,0.8515625,1,0,29,29
6980,68,55,1.0546875,0.8515625,1,0,21,21
6981,69,55,1.0703125,0.8515625,1,0,25,25
6982,70,55,1.0859375,0.8515625,1,0,12,12
6983,71,55,1.1015625,0.8515625,1,0,25,25
6984,72,55,1.1171875,0.8515625,1,0,17,17
6985,73,55,1.1328125,0.8515625,1,0,17,17
6986,74,55,1.1484375,0.8515625,1,0,24,24
6987,75,55,1.1640625,0.8515625,1,0,19,19
6988,76,55,1.1796875,0.8515625,1,0,22,22
6989,77,55,1.1953125,0.8515625,1,0,18,18
6990,78,55,1.2109375,0.8515625,1,0,19,19
6991,79,55,1.2265625,0.8515625,1,0,20,20
6992,80,55,1.2421875,0.8515625,1,0,22,22
6993,81,55,1.2578125,0.8515625,1,0,12,12
6994,82,55,1.2734375,0.8515625,1,0,21,21
6995,83,55,1.2890625,0.8515625,1,0,15,15
6996,84,55,1.3046875,0.8515625,1,0,22,22
6997,85,55,1.3203125,0.8515625,1,0,23,23
6998,86,55,1.3359375,0.8515625,1,0,23,23
6999,87,55,1.3515625,0.8515625,1,0,11,11
7000,88,55,1.3671875,0.8515625,1,0,12,12
7001,89,55,1.3828125,0.8515625,1,0,24,24
7002,90,55,1.3984375,0.8515625,1,0,14,14
7003,91,55,1.4140625,0.8515625,1,0,17,17
7004,92,55,1.4296875,0.8515625,1,0,8,8
7005,93,55,1.4453125,0.8515625,1,0,16,16
7006,94,55,1.4609375,0.8515625,1,0,24,24
7007,95,55,1.4765625,0.8515625,1,0,18,18
7008,96,55,1.4921875,0.8515625,1,0,22,22
7009,97,55,1.5078125,0.8515625,1,0,20,20
7010,98,55,1.5234375,0.8515625,1,0,24,24
7011,99,55,1.5390625,0.8515625,1,0,24,24
7012,100,55,1.5546875,0.8515625,1,0,29,29
7013,101,55,1.5703125,0.8515625,1,0,19,19
7014,102,55,1.5859375,0.8515625,1,0,24,24
7015,103,55,1.6015625,0.8515625,1,0,23,23
7016,104,55,1.6171875,0.8515625,1,0,7,7
7017,105,55,1.6328125,0.8515625,1,0,26,26
7018,106,55,1.6484375,0.8515625,1,0,22,22
7019,107,55,1.6640625,0.8515625,1,0,24,24
7020,108,55,1.6796875,0.8515625,1,0,27,27
7021,109,55,1.6953125,0.8515625,1,0,16,16
7022,110,55,1.7109375,0.8515625,1,0,19,19
7023,111,55,1.7265625,0.8515625,1,0,23,23
7024,112,55,1.7421875,0.8515625,1,0,15,15
7025,113,55,1.7578125,0.8515625,1,0,13,13
7026,114,55,1.7734375,0.8515625,1,0,24,24
7027,115,55,1.7890625,0.8515625,1,0,11,11
7028,116,55,1.8046875,0.8515625,1,0,17,17
7029,117,55,1.8203125,0.8515625,1,0,19,19
7030,118,55,1.8359375,0.8515625,1,0,21,21
7031,119,55,1.8515625,0.8515625,1,0,24,24
7032,120,55,1.8671875,0.8515625,1,0,27,27
7033,121,55,1.8828125,0.8515625,1,0,19,19
7034,122,55,1.8984375,0.8515625,1,0,9,9
7035,123,55,1.9140625,0.8515625,1,0,15,15
7036,124,55,1.9296875,0.8515625,1,0,29,29
7037,125,55,1.9453125,0.8515625,1,0,13,13
7038,126,55,1.9609375,0.8515625,1,0,17,17
7039,127,55,1.9765625,0.8515625,1,0,8,8
7040,128,55,1.9921875,0.8515625,1,0,30,30
7041,1,56,0.0078125,0.8671875,1,0,33,33
7042,2,56,0.0234375,0.8671875,1,0,20,20
7043,3,56,0.0390625,0.8671875,1,0,19,19
7044,4,56,0.0546875,0.8671875,1,0,19,19
7045,5,56,0.0703125,0.8671875,1,0,24,24
7046,6,56,0.0859375,0.8671875,1,0,9,9
7047,7,56,0.1015625,0.8671875,1,0,16,16
7048,8,56,0.1171875,0.8671875,1,0,23,23
7049,9,56,0.1328125,0.8671875,1,0,15,15
7050,10,56,0.1484375,0.8671875,1,0,19,19
7051,11,56,0.1640625,0.8671875,1,0,23,23
7052,12,56,0.1796875,0.8671875,1,0,17,17
7053,13,56,0.1953125,0.8671875,1,0,19,19
7054,14,56,0.2109375,0.8671875,1,0,23,23
7055,15,56,0.2265625,0.8671875,1,0,18,18
7056,16,56,0.2421875,0.8671875,1,0,20,20
7057,17,56,0.2578125,0.8671875,1,0,31,31
7058,18,56,0.2734375,0.8671875,1,0,18,18
7059,19,56,0.2890625,0.8671875,1,0,13,13
7060,20,56,0.3046875,0.8671875,1,0,14,14
7061,21,56,0.3203125,0.8671875,1,0,27,27
7062,22,56,0.3359375,0.8671875,1,0,13,13
7063,23,56,0.3515625,0.8671875,1,0,13,13
7064,24,56,0.3671875,0.8671875,1,0,32,32
7065,25,56,0.3828125,0.8671875,1,0,26,26
7066,26,56,0.3984375,0.8671875,1,0,7,7
7067,27,56,0.4140625,0.8671875,1,0,16,16
7068,28,56,0.4296875,0.8671875,1,0,11,11
7069,29,56,0.4453125,0.8671875,1,0,25,25
7070,30,56,0.4609375,0.8671875,1,0,22,22
7071,31,56,0.4765625,0.8671875,1,0,26,26
7072,32,56,0.4921875,0.8671875,1,0,19,19
7073,33,56,0.5078125,0.8671875,1,0,27,27
7074,34,56,0.5234375,0.8671875,1,0,14,14
7075,35,56,0.5390625,0.8671875,1,0,27,27
7076,36,56,0.5546875,0.8671875,1,0,27,27
7077,37,56,0.5703125,0.8671875,1,0,15,15
7078,38,56,0.5859375,0.8671875,1,0,17,17
7079,39,56,0.6015625,0.8671875,1,0,18,18
7080,40,56,0.6171875,0.8671875,1,0,26,26
7081,41,56,0.6328125,0.8671875,1,0,24,24
7082,42,56,0.6484375,0.8671875,1,0,28,28
7083,43,56,0.6640625,0.8671875,1,0,29,29
7084,44,56,0.6796875,0.8671875,1,0,21,21
7085,45,56,0.6953125,0.8671875,1,0,15,15
7086,46,56,0.7109375,0.8671875,1,0,23,23
7087,47,56,0.7265625,0.8671875,1,0,12,12
7088,48,56,0.7421875,0.8671875,1,0,25,25
7089,49,56,0.7578125,0.8671875,1,0,21,21
7090,50,56,0.7734375,0.8671875,1,0,33,33
7091,51,56,0.7890625,0.8671875,1,0,14,14
7092,52,56,0.8046875,0.8671875,1,0,9,9
7093,53,56,0.8203125,0.8671875,1,0,20,20
7094,54,56,0.8359375,0.8671875,1,0,23,23
7095,55,56,0.8515625,0.8671875,1,0,25,25
7096,56,56,0.8671875,0.8671875,1,0,27,27
7097,57,56,0.8828125,0.8671875,1,0,22,22
7098,58,56,0.8984375,0.8671875,1,0,18,18
7099,59,56,0.9140625,0.8671875,1,0,13,13
7100,60,56,0.9296875,0.8671875,1,0,20,20
7101,61,56,0.9453125,0.8671875,1,0,36,36
7102,62,56,0.9609375,0.8671875,1,0,15,15
7103,63,56,0.9765625,0.8671875,1,0,20,20
7104,64,56,0.9921875,0.8671875,1,0,10,10
7105,65,56,1.0078125,0.8671875,1,0,12,12
7106,66,56,1.0234375,0.8671875,1,0,18,18
7107,67,56,1.0390625,0.8671875,1,0,20,20
7108,68,56,1.0546875,0.8671875,1,0,32,32
7109,69,56,1.0703125,0.8671875,1,0,22,22
7110,70,56,1.0859375,0.8671875,1,0,25,25
7111,71,56,1.1015625,0.8671875,1,0,16,16
7112,72,56,1.1171875,0.8671875,1,0,21,21
7113,73,56,1.1328125,0.8671875,1,0,26,26
7114,74,56,1.1484375,0.8671875,1,0,23,23
7115,75,56,1.1640625,0.8671875,1,0,27,27
7116,76,56,1.1796875,0.8671875,1,0,11,11
7117,77,56,1.1953125,0.8671875,1,0,18,18
7118,78,56,1.2109375,0.8671875,1,0,22,22
7119,79,56,1.2265625,0.8671875,1,0,14,14
7120,80,56,1.2421875,0.8671875,1,0,16,16
7121,81,56,1.2578125,0.8671875,1,0,15,15
7122,82,56,1.2734375,0.8671875,1,0,25,25
7123,83,56,1.2890625,0.8671875,1,0,21,21
7124,84,56,1.3046875,0.8671875,1,0,21,21
7125,85,56,1.3203125,0.8671875,1,0,18,18
7126,86,56,1.3359375,0.8671875,1,0,26,26
7127,87,56,1.3515625,0.8671875,1,0,26,26
7128,88,56,1.3671875,0.8671875,1,0,17,17
7129,89,56,1.3828125,0.8671875,1,0,20,20
7130,90,56,1.3984375,0.8671875,1,0,8,8
7131,91,56,1.4140625,0.8671875,1,0,23,23
7132,92,56,1.4296875,0.8671875,1,0,29,29
7133,93,56,1.4453125,0.8671875,1,0,30,30
7134,94,56,1.4609375,0.8671875,1,0,4,4
7135,95,56,1.4765625,0.8671875,1,0,23,23
7136,96,56,1.4921875,0.8671875,1,0,23,23
7137,97,56,1.5078125,0.8671875,1,0,16,16
7138,98,56,1.5234375,0.8671875,1,0,18,18
7139,99,56,1.5390625,0.8671875,1,0,26,26
7140,100,56,1.5546875,0.8671875,1,0,11,11
7141,101,56,1.5703125,0.8671875,1,0,19,19
7142,102,56,1.5859375,0.8671875,1,0,15,15
7143,103,56,1.6015625,0.8671875,1,0,26,26
7144,104,56,1.6171875,0.8671875,1,0,23,23
7145,105,56,1.6328125,0.8671875,1,0,22,22
7146,106,56,1.6484375,0.8671875,1,0,24,24
7147,107,56,1.6640625,0.8671875,1,0,20,20
7148,108,56,1.6796875,0.8671875,1,0,21,21
7149,109,56,1.6953125,0.8671875,1,0,21,21
7150,110,56,1.7109375,0.8671875,1,0,28,28
7151,111,56,1.7265625,0.8671875,1,0,22,22
7152,112,56,1.7421875,0.8671875,1,0,21,21
7153,113,56,1.7578125,0.8671875,1,0,14,14
7154,114,56,1.7734375,0.8671875,1,0,25,25
7155,115,56,1.7890625,0.8671875,1,0,17,17
7156,116,56,1.8046875,0.8671875,1,0,26,26
7157,117,56,1.8203125,0.8671875,1,0,30,30
7158,118,56,1.8359375,0.8671875,1,0,20,20
7159,119,56,1.8515625,0.8671875,1,0,21,21
7160,120,56,1.8671875,0.8671875,1,0,18,18
7161,121,56,1.8828125,0.8671875,1,0,19,19
7162,122,56,1.8984375,0.8671875,1,0,27,27
7163,123,56,1.9140625,0.8671875,1,0,24,24
7164,124,56,1.9296875,0.8671875,1,0,13,13
7165,125,56,1.9453125,0.8671875,1,0,19,19
7166,126,56,1.9609375,0.8671875,1,0,19,19
7167,127,56,1.9765625,0.8671875,1,0,25,25
7168,128,56,1.9921875,0.8671875,1,0,15,15
7169,1,57,0.0078125,0.8828125,1,0,8,8
7170,2,57,0.0234375,0.8828125,1,0,22,22
7171,3,57,0.0390625,0.8828125,1,0,21,21
7172,4,57,0.0546875,0.8828125,1,0,13,13
7173,5,57,0.0703125,0.8828125,1,0,21,21
7174,6,57,0.0859375,0.8828125,1,0,18,18
7175,7,57,0.1015625,0.8828125,1,0,15,15
7176,8,57,0.1171875,0.8828125,1,0,18,18
7177,9,57,0.1328125,0.8828125,1,0,16,16
7178,10,57,0.1484375,0.8828125,1,0,23,23
7179,11,57,0.1640625,0.8828125,1,0,4,4
7180,12,57,0.1796875,0.8828125,1,0,29,29
7181,13,57,0.1953125,0.8828125,1,0,23,23
7182,14,57,0.2109375,0.8828125,1,0,21,21
7183,15,57,0.2265625,0.8828125,1,0,7,7
7184,16,57,0.2421875,0.8828125,1,0,22,22
7185,17,57,0.2578125,0.8828125,1,0,24,24
7186,18,57,0.2734375,0.8828125,1,0,12,12
7187,19,57,0.2890625,0.8828125,1,0,23,23
7188,20,57,0.3046875,0.8828125,1,0,17,17
7189,21,57,0.3203125,0.8828125,1,0,18,18
7190,22,57,0.3359375,0.8828125,1,0,27,27
7191,23,57,0.3515625,0.8828125,1,0,18,18
7192,24,57,0.3671875,0.8828125,1,0,14,14
7193,25,57,0.3828125,0.8828125,1,0,14,14
7194,26,57,0.3984375,0.8828125,1,0,16,16
7195,27,57,0.4140625,0.8828125,1,0,28,28
7196,28,57,0.4296875,0.8828125,1,0,15,15
7197,29,57,0.4453125,0.8828125,1,0,27,27
7198,30,57,0.4609375,0.8828125,1,0,19,19
7199,31,57,0.4765625,0.8828125,1,0,9,9
7200,32,57,0.4921875,0.8828125,1,0,19,19
7201,33,57,0.5078125,0.8828125,1,0,11,11
7202,34,57,0.5234375,0.8828125,1,0,21,21
7203,35,57,0.5390625,0.8828125,1,0,22,22
7204,36,57,0.5546875,0.8828125,1,0,18,18
7205,37,57,0.5703125,0.8828125,1,0,25,25
7206,38,57,0.5859375,0.8828125,1,0,29,29
7207,39,57,0.6015625,0.8828125,1,0,14,14
7208,40,57,0.6171875,0.8828125,1,0,21,21
7209,41,57,0.6328125,0.8828125,1,0,24,24
7210,42,57,0.6484375,0.8828125,1,0,15,15
7211,43,57,0.6640625,0.8828125,1,0,35,35
7212,44,57,0.6796875,0.8828125,1,0,21,21
7213,45,57,0.6953125,0.8828125,1,0,16,16
7214,46,57,0.7109375,0.8828125,1,0,26,26
7215,47,57,0.7265625,0.8828125,1,0,11,11
7216,48,57,0.7421875,0.8828125,1,0,21,21
7217,49,57,0.7578125,0.8828125,1,0,18,18
7218,50,57,0.7734375,0.8828125,1,0,22,22
7219,51,57,0.7890625,0.8828125,1,0,20,20
7220,52,57,0.8046875,0.8828125,1,0,26,26
7221,53,57,0.8203125,0.8828125,1,0,28,28
7222,54,57,0.8359375,0.8828125,1,0,21,21
7223,55,57,0.8515625,0.8828125,1,0,22,22
7224,56,57,0.8671875,0.8828125,1,0,18,18
7225,57,57,0.8828125,0.8828125,1,0,26,26
7226,58,57,0.8984375,0.8828125,1,0,18,18
7227,59,57,0.9140625,0.8828125,1,0,7,7
7228,60,57,0.9296875,0.8828125,1,0,7,7
7229,61,57,0.9453125,0.8828125,1,0,15,15
7230,62,57,0.9609375,0.8828125,1,0,10,10
7231,63,57,0.9765625,0.8828125,1,0,19,19
7232,64,57,0.9921875,0.8828125,1,0,16,16
7233,65,57,1.0078125,0.8828125,1,0,17,17
7234,66,57,1.0234375,0.8828125,1,0,21,21
7235,67,57,1.0390625,0.8828125,1,0,24,24
7236,68,57,1.0546875,0.8828125,1,0,21,21
7237,69,57,1.0703125,0.8828125,1,0,18,18
7238,70,57,1.0859375,0.8828125,1,0,33,33
7239,71,57,1.1015625,0.8828125,1,0,28,28
7240,72,57,1.1171875,0.8828125,1,0,18,18
7241,73,57,1.1328125,0.8828125,1,0,20,20
7242,74,57,1.1484375,0.8828125,1,0,16,16
7243,75,57,1.1640625,0.8828125,1,0,17,17
7244,76,57,1.1796875,0.8828125,1,0,12,12
7245,77,57,1.1953125,0.8828125,1,0,19,19
7246,78,57,1.2109375,0.8828125,1,0,19,19
7247,79,57,1.2265625,0.8828125,1,0,28,28
7248,80,57,1.2421875,0.8828125,1,0,17,17
7249,81,57,1.2578125,0.8828125,1,0,7,7
7250,82,57,1.2734375,0.8828125,1,0,23,23
7251,83,57,1.2890625,0.8828125,1,0,25,25
7252,84,57,1.3046875,0.8828125,1,0,28,28
7253,85,57,1.3203125,0.8828125,1,0,13,13
7254,86,57,1.3359375,0.8828125,1,0,17,17
7255,87,57,1.3515625,0.8828125,1,0,26,26
7256,88,57,1.3671875,0.8828125,1,0,16,16
7257,89,57,1.3828125,0.8828125,1,0,13,13
7258,90,57,1.3984375,0.8828125,1,0,10,10
7259,91,57,1.4140625,0.8828125,1,0,17,17
7260,92,57,1.4296875,0.8828125,1,0,25,25
7261,93,57,1.4453125,0.8828125,1,0,19,19
7262,94,57,1.4609375,0.8828125,1,0,24,24
7263,95,57,1.4765625,0.8828125,1,0,19,19
7264,96,57,1.4921875,0.8828125,1,0,22,22
7265,97,57,1.5078125,0.8828125,1,0,21,21
7266,98,57,1.5234375,0.8828125,1,0,15,15
7267,99,57,1.5390625,0.8828125,1,0,10,10
7268,100,57,1.5546875,0.8828125,1,0,22,22
7269,101,57,1.5703125,0.8828125,1,0,26,26
7270,102,57,1.5859375,0.8828125,1,0,26,26
7271,103,57,1.6015625,0.8828125,1,0,31,31
7272,104,57,1.6171875,0.8828125,1,0,16,16
7273,105,57,1.6328125,0.8828125,1,0,25,25
7274,106,57,1.6484375,0.8828125,1,0,24,24
7275,107,57,1.6640625,0.8828125,1,0,22,22
7276,108,57,1.6796875,0.8828125,1,0,14,14
7277,109,57,1.6953125,0.8828125,1,0,23,23
7278,110,57,1.7109375,0.8828125,1,0,28,28
7279,111,57,1.7265625,0.8828125,1,0,28,28
7280,112,57,1.7421875,0.8828125,1,0,13,13
7281,113,57,1.7578125,0.8828125,1,0,19,19
7282,114,57,1.7734375,0.8828125,1,0,22,22
7283,115,57,1.7890625,0.8828125,1,0,19,19
7284,116,57,1.8046875,0.8828125,1,0,9,9
7285,117,57,1.8203125,0.8828125,1,0,31,31
7286,118,57,1.8359375,0.8828125,1,0,32,32
7287,119,57,1.8515625,0.8828125,1,0,15,15
7288,120,57,1.8671875,0.8828125,1,0,15,15
7289,121,57,1.8828125,0.8828125,1,0,19,19
7290,122,57,1.8984375,0.8828125,1,0,22,22
7291,123,57,1.9140625,0.8828125,1,0,27,27
7292,124,57,1.9296875,0.8828125,1,0,12,12
7293,125,57,1.9453125,0.8828125,1,0,27,27
7294,126,57,1.9609375,0.8828125,1,0,11,11
7295,127,57,1.9765625,0.8828125,1,0,18,18
7296,128,57,1.9921875,0.8828125,1,0,12,12
7297,1,58,0.0078125,0.8984375,1,0,8,8
7298,2,58,0.0234375,0.8984375,1,0,20,20
7299,3,58,0.0390625,0.8984375,1,0,23,23
7300,4,58,0.0546875,0.8984375,1,0,23,23
7301,5,58,0.0703125,0.8984375,1,0,16,16
7302,6,58,0.0859375,0.8984375,1,0,24,24
7303,7,58,0.1015625,0.8984375,1,0,18,18
7304,8,58,0.1171875,0.8984375,1,0,20,20
7305,9,58,0.1328125,0.8984375,1,0,25,25
7306,10,58,0.1484375,0.8984375,1,0,23,23
7307,11,58,0.1640625,0.8984375,1,0,21,21
7308,12,58,0.1796875,0.8984375,1,0,12,12
7309,13,58,0.1953125,0.8984375,1,0,21,21
7310,14,58,0.2109375,0.8984375,1,0,17,17
7311,15,58,0.2265625,0.8984375,1,0,19,19
7312,16,58,0.2421875,0.8984375,1,0,21,21
7313,17,58,0.2578125,0.8984375,1,0,27,27
7314,18,58,0.2734375,0.8984375,1,0,21,21
7315,19,58,0.2890625,0.8984375,1,0,16,16
7316,20,58,0.3046875,0.8984375,1,0,20,20
7317,21,58,0.3203125,0.8984375,1,0,24,24
7318,22,58,0.3359375,0.8984375,1,0,21,21
7319,23,58,0.3515625,0.8984375,1,0,17,17
7320,24,58,0.3671875,0.8984375,1,0,19,19
7321,25,58,0.3828125,0.8984375,1,0,19,19
7322,26,58,0.3984375,0.8984375,1,0,10,10
7323,27,58,0.4140625,0.8984375,1,0,30,30
7324,28,58,0.4296875,0.8984375,1,0,16,16
7325,29,58,0.4453125,0.8984375,1,0,24,24
7326,30,58,0.4609375,0.8984375,1,0,22,22
7327,31,58,0.4765625,0.8984375,1,0,14,14
7328,32,58,0.4921875,0.8984375,1,0,22,22
7329,33,58,0.5078125,0.8984375,1,0,22,22
7330,34,58,0.5234375,0.8984375,1,0,36,36
7331,35,58,0.5390625,0.8984375,1,0,12,12
7332,36,58,0.5546875,0.8984375,1,0,12,12
7333,37,58,0.5703125,0.8984375,1,0,22,22
7334,38,58,0.5859375,0.8984375,1,0,22,22
7335,39,58,0.6015625,0.8984375,1,0,25,25
7336,40,58,0.6171875,0.8984375,1,0,17,17
7337,41,58,0.6328125,0.8984375,1,0,24,24
7338,42,58,0.6484375,0.8984375,1,0,13,13
7339,43,58,0.6640625,0.8984375,1,0,16,16
7340,44,58,0.6796875,0.8984375,1,0,14,14
7341,45,58,0.6953125,0.8984375,1,0,12,12
7342,46,58,0.7109375,0.8984375,1,0,13,13
7343,47,58,0.7265625,0.8984375,1,0,22,22
7344,48,58,0.7421875,0.8984375,1,0,7,7
7345,49,58,0.7578125,0.8984375,1,0,22,22
7346,50,58,0.7734375,0.8984375,1,0,28,28
7347,51,58,0.7890625,0.8984375,1,0,23,23
7348,52,58,0.8046875,0.8984375,1,0,4,4
7349,53,58,0.8203125,0.8984375,1,0,10,10
7350,54,58,0.8359375,0.8984375,1,0,16,16
7351,55,58,0.8515625,0.8984375,1,0,14,14
7352,56,58,0.8671875,0.8984375,1,0,19,19
7353,57,58,0.8828125,0.8984375,1,0,17,17
7354,58,58,0.8984375,0.8984375,1,0,15,15
7355,59,58,0.9140625,0.8984375,1,0,18,18
7356,60,58,0.9296875,0.8984375,1,0,31,31
7357,61,58,0.9453125,0.8984375,1,0,25,25
7358,62,58,0.9609375,0.8984375,1,0,10,10
7359,63,58,0.9765625,0.8984375,1,0,26,26
7360,64,58,0.9921875,0.8984375,1,0,21,21
7361,65,58,1.0078125,0.8984375,1,0,21,21
7362,66,58,1.0234375,0.8984375,1,0,4,4
7363,67,58,1.0390625,0.8984375,1,0,22,22
7364,68,58,1.0546875,0.8984375,1,0,19,19
7365,69,58,1.0703125,0.8984375,1,0,6,6
7366,70,58,1.0859375,0.8984375,1,0,25,25
7367,71,58,1.1015625,0.8984375,1,0,19,19
7368,72,58,1.1171875,0.8984375,1,0,23,23
7369,73,58,1.1328125,0.8984375,1,0,23,23
7370,74,58,1.1484375,0.8984375,1,0,15,15
7371,75,58,1.1640625,0.8984375,1,0,13,13
7372,76,58,1.1796875,0.8984375,1,0,26,26
7373,77,58,1.1953125,0.8984375,1,0,17,17
7374,78,58,1.2109375,0.8984375,1,0,13,13
7375,79,58,1.2265625,0.8984375,1,0,20,20
7376,80,58,1.2421875,0.8984375,1,0,14,14
7377,81,58,1.2578125,0.8984375,1,0,16,16
7378,82,58,1.2734375,0.8984375,1,0,21,21
7379,83,58,1.2890625,0.8984375,1,0,18,18
7380,84,58,1.3046875,0.8984375,1,0,23,23
7381,85,58,1.3203125,0.8984375,1,0,19,19
7382,86,58,1.3359375,0.8984375,1,0,16,16
7383,87,58,1.3515625,0.8984375,1,0,27,27
7384,88,58,1.3671875,0.8984375,1,0,10,10
7385,89,58,1.3828125,0.8984375,1,0,23,23
7386,90,58,1.3984375,0.8984375,1,0,17,17
7387,91,58,1.4140625,0.8984375,1,0,26,26
7388,92,58,1.4296875,0.8984375,1,0,14,14
7389,93,58,1.4453125,0.8984375,1,0,29,29
7390,94,58,1.4609375,0.8984375,1,0,13,13
7391,95,58,1.4765625,0.8984375,1,0,19,19
7392,96,58,1.4921875,0.8984375,1,0,16,16
7393,97,58,1.5078125,0.8984375,1,0,34,34
7394,98,58,1.5234375,0.8984375,1,0,16,16
7395,99,58,1.5390625,0.8984375,1,0,27,27
7396,100,58,1.5546875,0.8984375,1,0,21,21
7397,101,58,1.5703125,0.8984375,1,0,10,10
7398,102,58,1.5859375,0.8984375,1,0,24,24
7399,103,58,1.6015625,0.8984375,1,0,14,14
7400,104,58,1.6171875,0.8984375,1,0,20,20
7401,105,58,1.6328125,0.8984375,1,0,21,21
7402,106,58,1.6484375,0.8984375,1,0,21,21
7403,107,58,1.6640625,0.8984375,1,0,15,15
7404,108,58,1.6796875,0.8984375,1,0,28,28
7405,109,58,1.6953125,0.8984375,1,0,12,12
7406,110,58,1.7109375,0.8984375,1,0,14,14
7407,111,58,1.7265625,0.8984375,1,0,31,31
7408,112,58,1.7421875,0.8984375,1,0,25,25
7409,113,58,1.7578125,0.8984375,1,0,16,16
7410,114,58,1.7734375,0.8984375,1,0,15,15
7411,115,58,1.7890625,0.8984375,1,0,10,10
7412,116,58,1.8046875,0.8984375,1,0,25,25
7413,117,58,1.8203125,0.8984375,1,0,7,7
7414,118,58,1.8359375,0.8984375,1,0,27,27
7415,119,58,1.8515625,0.8984375,1,0,23,23
7416,120,58,1.8671875,0.8984375,1,0,29,29
7417,121,58,1.8828125,0.8984375,1,0,22,22
7418,122,58,1.8984375,0.8984375,1,0,21,21
7419,123,58,1.9140625,0.8984375,1,0,15,15
7420,124,58,1.9296875,0.8984375,1,0,14,14
7421,125,58,1.9453125,0.8984375,1,0,14,14
7422,126,58,1.9609375,0.8984375,1,0,22,22
7423,127,58,1.9765625,0.8984375,1,0,20,20
7424,128,58,1.9921875,0.8984375,1,0,13,13
7425,1,59,0.0078125,0.9140625,1,0,23,23
7426,2,59,0.0234375,0.9140625,1,0,21,21
7427,3,59,0.0390625,0.9140625,1,0,19,19
7428,4,59,0.0546875,0.9140625,1,0,30,30
7429,5,59,0.0703125,0.9140625,1,0,23,23
7430,6,59,0.0859375,0.9140625,1,0,13,13
7431,7,59,0.1015625,0.9140625,1,0,23,23
7432,8,59,0.1171875,0.9140625,1,0,14,14
7433,9,59,0.1328125,0.9140625,1,0,8,8
7434,10,59,0.1484375,0.9140625,1,0,21,21
7435,11,59,0.1640625,0.9140625,1,0,23,23
7436,12,59,0.1796875,0.9140625,1,0,14,14
7437,13,59,0.1953125,0.9140625,1,0,30,30
7438,14,59,0.2109375,0.9140625,1,0,17,17
7439,15,59,0.2265625,0.9140625,1,0,19,19
7440,16,59,0.2421875,0.9140625,1,0,19,19
7441,17,59,0.2578125,0.9140625,1,0,15,15
7442,18,59,0.2734375,0.9140625,1,0,13,13
7443,19,59,0.2890625,0.9140625,1,0,16,16
7444,20,59,0.3046875,0.9140625,1,0,19,19
7445,21,59,0.3203125,0.9140625,1,0,27,27
7446,22,59,0.3359375,0.9140625,1,0,25,25
7447,23,59,0.3515625,0.9140625,1,0,21,21
7448,24,59,0.3671875,0.9140625,1,0,25,25
7449,25,59,0.3828125,0.9140625,1,0,17,17
7450,26,59,0.3984375,0.9140625,1,0,18,18
7451,27,59,0.4140625,0.9140625,1,0,15,15
7452,28,59,0.4296875,0.9140625,1,0,26,26
7453,29,59,0.4453125,0.9140625,1,0,25,25
7454,30,59,0.4609375,0.9140625,1,0,15,15
7455,31,59,0.4765625,0.9140625,1,0,33,33
7456,32,59,0.4921875,0.9140625,1,0,21,21
7457,33,59,0.5078125,0.9140625,1,0,15,15
7458,34,59,0.5234375,0.9140625,1,0,14,14
7459,35,59,0.5390625,0.9140625,1,0,16,16
7460,36,59,0.5546875,0.9140625,1,0,14,14
7461,37,59,0.5703125,0.9140625,1,0,9,9
7462,38,59,0.5859375,0.9140625,1,0,19,19
7463,39,59,0.6015625,0.9140625,1,0,17,17
7464,40,59,0.6171875,0.9140625,1,0,20,20
7465,41,59,0.6328125,0.9140625,1,0,19,19
7466,42,59,0.6484375,0.9140625,1,0,21,21
7467,43,59,0.6640625,0.9140625,1,0,20,20
7468,44,59,0.6796875,0.9140625,1,0,15,15
7469,45,59,0.6953125,0.9140625,1,0,13,13
7470,46,59,0.7109375,0.9140625,1,0,20,20
7471,47,59,0.7265625,0.9140625,1,0,18,18
7472,48,59,0.7421875,0.9140625,1,0,21,21
7473,49,59,0.7578125,0.9140625,1,0,14,14
7474,50,59,0.7734375,0.9140625,1,0,19,19
7475,51,59,0.7890625,0.9140625,1,0,29,29
7476,52,59,0.8046875,0.9140625,1,0,21,21
7477,53,59,0.8203125,0.9140625,1,0,21,21
7478,54,59,0.8359375,0.9140625,1,0,33,33
7479,55,59,0.8515625,0.9140625,1,0,17,17
7480,56,59,0.8671875,0.9140625,1,0,19,19
7481,57,59,0.8828125,0.9140625,1,0,28,28
7482,58,59,0.8984375,0.9140625,1,0,20,20
7483,59,59,0.9140625,0.9140625,1,0,18,18
7484,60,59,0.9296875,0.9140625,1,0,16,16
7485,61,59,0.9453125,0.9140625,1,0,20,20
7486,62,59,0.9609375,0.9140625,1,0,19,19
7487,63,59,0.9765625,0.9140625,1,0,20,20
7488,64,59,0.9921875,0.9140625,1,0,27,27
7489,65,59,1.0078125,0.9140625,1,0,21,21
7490,66,59,1.0234375,0.9140625,1,0,24,24
7491,67,59,1.0390625,0.9140625,1,0,23,23
7492,68,59,1.0546875,0.9140625,1,0,17,17
7493,69,59,1.0703125,0.9140625,1,0,16,16
7494,70,59,1.0859375,0.9140625,1,0,24,24
7495,71,59,1.1015625,0.9140625,1,0,20,20
7496,72,59,1.1171875,0.9140625,1,0,28,28
7497,73,59,1.1328125,0.9140625,1,0,18,18
7498,74,59,1.1484375,0.9140625,1,0,16,16
7499,75,59,1.1640625,0.9140625,1,0,11,11
7500,76,59,1.1796875,0.9140625,1,0,27,27
7501,77,59,1.1953125,0.9140625,1,0,23,23
7502,78,59,1.2109375,0.9140625,1,0,25,25
7503,79,59,1.2265625,0.9140625,1,0,27,27
7504,80,59,1.2421875,0.9140625,1,0,25,25
7505,81,59,1.2578125,0.9140625,1,0,22,22
7506,82,59,1.2734375,0.9140625,1,0,20,20
7507,83,59,1.2890625,0.9140625,1,0,24,24
7508,84,59,1.3046875,0.9140625,1,0,21,21
7509,85,59,1.3203125,0.9140625,1,0,29,29
7510,86,59,1.3359375,0.9140625,1,0,24,24
7511,87,59,1.3515625,0.9140625,1,0,14,14
7512,88,59,1.3671875,0.9140625,1,0,23,23
7513,89,59,1.3828125,0.9140625,1,0,20,20
7514,90,59,1.3984375,0.9140625,1,0,23,23
7515,91,59,1.4140625,0.9140625,1,0,19,19
7516,92,59,1.4296875,0.9140625,1,0,15,15
7517,93,59,1.4453125,0.9140625,1,0,9,9
7518,94,59,1.4609375,0.9140625,1,0,23,23
7519,95,59,1.4765625,0.9140625,1,0,14,14
7520,96,59,1.4921875,0.9140625,1,0,17,17
7521,97,59,1.5078125,0.9140625,1,0,13,13
7522,98,59,1.5234375,0.9140625,1,0,31,31
7523,99,59,1.5390625,0.9140625,1,0,13,13
7524,100,59,1.5546875,0.9140625,1,0,21,21
7525,101,59,1.5703125,0.9140625,1,0,19,19
7526,102,59,1.5859375,0.9140625,1,0,10,10
7527,103,59,1.6015625,0.9140625,1,0,25,25
7528,104,59,1.6171875,0.9140625,1,0,16,16
7529,105,59,1.6328125,0.9140625,1,0,15,15
7530,106,59,1.6484375,0.9140625,1,0,10,10
7531,107,59,1.6640625,0.9140625,1,0,34,34
7532,108,59,1.6796875,0.9140625,1,0,24,24
7533,109,59,1.6953125,0.9140625,1,0,25,25
7534,110,59,1.7109375,0.9140625,1,0,12,12
7535,111,59,1.7265625,0.9140625,1,0,21,21
7536,112,59,1.7421875,0.9140625,1,0,20,20
7537,113,59,1.7578125,0.9140625,1,0,11,11
7538,114,59,1.7734375,0.9140625,1,0,18,18
7539,115,59,1.7890625,0.9140625,1,0,30,30
7540,116,59,1.8046875,0.9140625,1,0,18,18
7541,117,59,1.8203125,0.9140625,1,0,12,12
7542,118,59,1.8359375,0.9140625,1,0,31,31
7543,119,59,1.8515625,0.9140625,1,0,26,26
7544,120,59,1.8671875,0.9140625,1,0,23,23
7545,121,59,1.8828125,0.9140625,1,0,24,24
7546,122,59,1.8984375,0.9140625,1,0,24,24
7547,123,59,1.9140625,0.9140625,1,0,21,21
7548,124,59,1.9296875,0.9140625,1,0,27,27
7549,125,59,1.9453125,0.9140625,1,0,25,25
7550,126,59,1.9609375,0.9140625,1,0,15,15
7551,127,59,1.9765625,0.9140625,1,0,24,24
7552,128,59,1.9921875,0.9140625,1,0,23,23
7553,1,60,0.0078125,0.9296875,1,0,13,13
7554,2,60,0.0234375,0.9296875,1,0,17,17
7555,3,60,0.0390625,0.9296875,1,0,18,18
7556,4,60,0.0546875,0.9296875,1,0,13,13
7557,5,60,0.0703125,0.9296875,1,0,31,31
7558,6,60,0.0859375,0.9296875,1,0,20,20
7559,7,60,0.1015625,0.9296875,1,0,22,22
7560,8,60,0.1171875,0.9296875,1,0,20,20
7561,9,60,0.1328125,0.9296875,1,0,30,30
7562,10,60,0.1484375,0.9296875,1,0,17,17
7563,11,60,0.1640625,0.9296875,1,0,25,25
7564,12,60,0.1796875,0.9296875,1,0,19,19
7565,13,60,0.1953125,0.9296875,1,0,12,12
7566,14,60,0.2109375,0.9296875,1,0,18,18
7567,15,60,0.2265625,0.9296875,1,0,24,24
7568,16,60,0.2421875,0.9296875,1,0,20,20
7569,17,60,0.2578125,0.9296875,1,0,20,20
7570,18,60,0.2734375,0.9296875,1,0,20,20
7571,19,60,0.2890625,0.9296875,1,0,23,23
7572,20,60,0.3046875,0.9296875,1,0,22,22
7573,21,60,0.3203125,0.9296875,1,0,19,19
7574,22,60,0.3359375,0.9296875,1,0,14,14
7575,23,60,0.3515625,0.9296875,1,0,17,17
7576,24,60,0.3671875,0.9296875,1,0,33,33
7577,25,60,0.3828125,0.9296875,1,0,15,15
7578,26,60,0.3984375,0.9296875,1,0,26,26
7579,27,60,0.4140625,0.9296875,1,0,31,31
7580,28,60,0.4296875,0.9296875,1,0,14,14
7581,29,60,0.4453125,0.9296875,1,0,14,14
7582,30,60,0.4609375,0.9296875,1,0,20,20
7583,31,60,0.4765625,0.9296875,1,0,21,21
7584,32,60,0.4921875,0.9296875,1,0,18,18
7585,33,60,0.5078125,0.9296875,1,0,14,14
7586,34,60,0.5234375,0.9296875,1,0,27,27
7587,35,60,0.5390625,0.9296875,1,0,25,25
7588,36,60,0.5546875,0.9296875,1,0,15,15
7589,37,60,0.5703125,0.9296875,1,0,16,16
7590,38,60,0.5859375,0.9296875,1,0,16,16
7591,39,60,0.6015625,0.9296875,1,0,24,24
7592,40,60,0.6171875,0.9296875,1,0,21,21
7593,41,60,0.6328125,0.9296875,1,0,23,23
7594,42,60,0.6484375,0.9296875,1,0,15,15
7595,43,60,0.6640625,0.9296875,1,0,14,14
7596,44,60,0.6796875,0.9296875,1,0,20,20
7597,45,60,0.6953125,0.9296875,1,0,25,25
7598,46,60,0.7109375,0.9296875,1,0,10,10
7599,47,60,0.7265625,0.9296875,1,0,14,14
7600,48,60,0.7421875,0.9296875,1,0,20,20
7601,49,60,0.7578125,0.9296875,1,0,21,21
7602,50,60,0.7734375,0.9296875,1,0,18,18
7603,51,60,0.7890625,0.9296875,1,0,14,14
7604,52,60,0.8046875,0.9296875,1,0,26,26
7605,53,60,0.8203125,0.9296875,1,0,19,19
7606,54,60,0.8359375,0.9296875,1,0,22,22
7607,55,60,0.8515625,0.9296875,1,0,21,21
7608,56,60,0.8671875,0.9296875,1,0,21,21
7609,57,60,0.8828125,0.9296875,1,0,19,19
7610,58,60,0.8984375,0.9296875,1,0,27,27
7611,59,60,0.9140625,0.9296875,1,0,28,28
7612,60,60,0.9296875,0.9296875,1,0,18,18
7613,61,60,0.9453125,0.9296875,1,0,21,21
7614,62,60,0.9609375,0.9296875,1,0,19,19
7615,63,60,0.9765625,0.9296875,1,0,25,25
7616,64,60,0.9921875,0.9296875,1,0,21,21
7617,65,60,1.0078125,0.9296875,1,0,21,21
7618,66,60,1.0234375,0.9296875,1,0,15,15
7619,67,60,1.0390625,0.9296875,1,0,22,22
7620,68,60,1.0546875,0.9296875,1,0,19,19
7621,69,60,1.0703125,0.9296875,1,0,24,24
7622,70,60,1.0859375,0.9296875,1,0,21,21
7623,71,60,1.1015625,0.9296875,1,0,14,14
7624,72,60,1.1171875,0.9296875,1,0,27,27
7625,73,60,1.1328125,0.9296875,1,0,24,24
7626,74,60,1.1484375,0.9296875,1,0,15,15
7627,75,60,1.1640625,0.9296875,1,0,15,15
7628,76,60,1.1796875,0.9296875,1,0,17,17
7629,77,60,1.1953125,0.9296875,1,0,23,23
7630,78,60,1.2109375,0.9296875,1,0,21,21
7631,79,60,1.2265625,0.9296875,1,0,19,19
7632,80,60,1.2421875,0.9296875,1,0,24,24
7633,81,60,1.2578125,0.9296875,1,0,30,30
7634,82,60,1.2734375,0.9296875,1,0,19,19
7635,83,60,1.2890625,0.9296875,1,0,21,21
7636,84,60,1.3046875,0.9296875,1,0,27,27
7637,85,60,1.3203125,0.9296875,1,0,19,19
7638,86,60,1.3359375,0.9296875,1,0,16,16
7639,87,60,1.3515625,0.9296875,1,0,17,17
7640,88,60,1.3671875,0.9296875,1,0,17,17
7641,89,60,1.3828125,0.9296875,1,0,12,12
7642,90,60,1.3984375,0.9296875,1,0,21,21
7643,91,60,1.4140625,0.9296875,1,0,31,31
7644,92,60,1.4296875,0.9296875,1,0,22,22
7645,93,60,1.4453125,0.9296875,1,0,20,20
7646,94,60,1.4609375,0.9296875,1,0,12,12
7647,95,60,1.4765625,0.9296875,1,0,4,4
7648,96,60,1.4921875,0.9296875,1,0,15,15
7649,97,60,1.5078125,0.9296875,1,0,17,17
7650,98,60,1.5234375,0.9296875,1,0,19,19
7651,99,60,1.5390625,0.9296875,1,0,29,29
7652,100,60,1.5546875,0.9296875,1,0,29,29
7653,101,60,1.5703125,0.9296875,1,0,26,26
7654,102,60,1.5859375,0.9296875,1,0,23,23
7655,103,60,1.6015625,0.9296875,1,0,15,15
7656,104,60,1.6171875,0.9296875,1,0,23,23
7657,105,60,1.6328125,0.9296875,1,0,24,24
7658,106,60,1.6484375,0.9296875,1,0,18,18
7659,107,60,1.6640625,0.9296875,1,0,19,19
7660,108,60,1.6796875,0.9296875,1,0,31,31
7661,109,60,1.6953125,0.9296875,1,0,21,21
7662,110,60,1.7109375,0.9296875,1,0,15,15
7663,111,60,1.7265625,0.9296875,1,0,27,27
7664,112,60,1.7421875,0.9296875,1,0,22,22
7665,113,60,1.7578125,0.9296875,1,0,19,19
7666,114,60,1.7734375,0.9296875,1,0,25,25
7667,115,60,1.7890625,0.9296875,1,0,11,11
7668,116,60,1.8046875,0.9296875,1,0,21,21
7669,117,60,1.8203125,0.9296875,1,0,17,17
7670,118,60,1.8359375,0.9296875,1,0,26,26
7671,119,60,1.8515625,0.9296875,1,0,25,25
7672,120,60,1.8671875,0.9296875,1,0,21,21
7673,121,60,1.8828125,0.9296875,1,0,19,19
7674,122,60,1.8984375,0.9296875,1,0,20,20
7675,123,60,1.9140625,0.9296875,1,0,30,30
7676,124,60,1.9296875,0.9296875,1,0,34,34
7677,125,60,1.9453125,0.9296875,1,0,26,26
7678,126,60,1.9609375,0.9296875,1,0,28,28
7679,127,60,1.9765625,0.9296875,1,0,18,18
7680,128,60,1.9921875,0.9296875,1,0,26,26
7681,1,61,0.0078125,0.9453125,1,0,36,36
7682,2,61,0.0234375,0.9453125,1,0,19,19
7683,3,61,0.0390625,0.9453125,1,0,29,29
7684,4,61,0.0546875,0.9453125,1,0,21,21
7685,5,61,0.0703125,0.9453125,1,0,29,29
7686,6,61,0.0859375,0.9453125,1,0,12,12
7687,7,61,0.1015625,0.9453125,1,0,33,33
7688,8,61,0.1171875,0.9453125,1,0,22,22
7689,9,61,0.1328125,0.9453125,1,0,29,29
7690,10,61,0.1484375,0.9453125,1,0,21,21
7691,11,61,0.1640625,0.9453125,1,0,14,14
7692,12,61,0.1796875,0.9453125,1,0,16,16
7693,13,61,0.1953125,0.9453125,1,0,21,21
7694,14,61,0.2109375,0.9453125,1,0,16,16
7695,15,61,0.2265625,0.9453125,1,0,25,25
7696,16,61,0.2421875,0.9453125,1,0,20,20
7697,17,61,0.2578125,0.9453125,1,0,18,18
7698,18,61,0.2734375,0.9453125,1,0,12,12
7699,19,61,0.2890625,0.9453125,1,0,30,30
7700,20,61,0.3046875,0.9453125,1,0,24,24
7701,21,61,0.3203125,0.9453125,1,0,20,20
7702,22,61,0.3359375,0.9453125,1,0,19,19
7703,23,61,0.3515625,0.9453125,1,0,22,22
7704,24,61,0.3671875,0.9453125,1,0,23,23
7705,25,61,0.3828125,0.9453125,1,0,23,23
7706,26,61,0.3984375,0.9453125,1,0,19,19
7707,27,61,0.4140625,0.9453125,1,0,6,6
7708,28,61,0.4296875,0.9453125,1,0,32,32
7709,29,61,0.4453125,0.9453125,1,0,20,20
7710,30,61,0.4609375,0.9453125,1,0,15,15
7711,31,61,0.4765625,0.9453125,1,0,26,26
7712,32,61,0.4921875,0.9453125,1,0,30,30
7713,33,61,0.5078125,0.9453125,1,0,24,24
7714,34,61,0.5234375,0.9453125,1,0,23,23
7715,35,61,0.5390625,0.9453125,1,0,24,24
7716,36,61,0.5546875,0.9453125,1,0,25,25
7717,37,61,0.5703125,0.9453125,1,0,28,28
7718,38,61,0.5859375,0.9453125,1,0,12,12
7719,39,61,0.6015625,0.9453125,1,0,31,31
7720,40,61,0.6171875,0.9453125,1,0,16,16
7721,41,61,0.6328125,0.9453125,1,0,24,24
7722,42,61,0.6484375,0.9453125,1,0,28,28
7723,43,61,0.6640625,0.9453125,1,0,22,22
7724,44,61,0.6796875,0.9453125,1,0,24,24
7725,45,61,0.6953125,0.9453125,1,0,14,14
7726,46,61,0.7109375,0.9453125,1,0,19,19
7727,47,61,0.7265625,0.9453125,1,0,20,20
7728,48,61,0.7421875,0.9453125,1,0,10,10
7729,49,61,0.7578125,0.9453125,1,0,26,26
7730,50,61,0.7734375,0.9453125,1,0,34,34
7731,51,61,0.7890625,0.9453125,1,0,16,16
7732,52,61,0.8046875,0.9453125,1,0,20,20
7733,53,61,0.8203125,0.9453125,1,0,15,15
7734,54,61,0.8359375,0.9453125,1,0,20,20
7735,55,61,0.8515625,0.9453125,1,0,16,16
7736,56,61,0.8671875,0.9453125,1,0,26,26
7737,57,61,0.8828125,0.9453125,1,0,18,18
7738,58,61,0.8984375,0.9453125,1,0,16,16
7739,59,61,0.9140625,0.9453125,1,0,30,30
7740,60,61,0.9296875,0.9453125,1,0,19,19
7741,61,61,0.9453125,0.9453125,1,0,14,14
7742,62,61,0.9609375,0.9453125,1,0,19,19
7743,63,61,0.9765625,0.9453125,1,0,10,10
7744,64,61,0.9921875,0.9453125,1,0,24,24
7745,65,61,1.0078125,0.9453125,1,0,24,24
7746,66,61,1.0234375,0.9453125,1,0,21,21
7747,67,61,1.0390625,0.9453125,1,0,26,26
7748,68,61,1.0546875,0.9453125,1,0,24,24
7749,69,61,1.0703125,0.9453125,1,0,19,19
7750,70,61,1.0859375,0.9453125,1,0,20,20
7751,71,61,1.1015625,0.9453125,1,0,26,26
7752,72,61,1.1171875,0.9453125,1,0,15,15
7753,73,61,1.1328125,0.9453125,1,0,24,24
7754,74,61,1.1484375,0.9453125,1,0,19,19
7755,75,61,1.1640625,0.9453125,1,0,20,20
7756,76,61,1.1796875,0.9453125,1,0,23,23
7757,77,61,1.1953125,0.9453125,1,0,23,23
7758,78,61,1.2109375,0.9453125,1,0,22,22
7759,79,61,1.2265625,0.9453125,1,0,23,23
7760,80,61,1.2421875,0.9453125,1,0,30,30
7761,81,61,1.2578125,0.9453125,1,0,13,13
7762,82,61,1.2734375,0.9453125,1,0,14,14
7763,83,61,1.2890625,0.9453125,1,0,16,16
7764,84,61,1.3046875,0.9453125,1,0,31,31
7765,85,61,1.3203125,0.9453125,1,0,25,25
7766,86,61,1.3359375,0.9453125,1,0,25,25
7767,87,61,1.3515625,0.9453125,1,0,19,19
7768,88,61,1.3671875,0.9453125,1,0,19,19
7769,89,61,1.3828125,0.9453125,1,0,9,9
7770,90,61,1.3984375,0.9453125,1,0,24,24
7771,91,61,1.4140625,0.9453125,1,0,22,22
7772,92,61,1.4296875,0.9453125,1,0,15,15
7773,93,61,1.4453125,0.9453125,1,0,14,14
7774,94,61,1.4609375,0.9453125,1,0,19,19
7775,95,61,1.4765625,0.9453125,1,0,24,24
7776,96,61,1.4921875,0.9453125,1,0,29,29
7777,97,61,1.5078125,0.9453125,1,0,20,20
7778,98,61,1.5234375,0.9453125,1,0,17,17
7779,99,61,1.5390625,0.9453125,1,0,27,27
7780,100,61,1.5546875,0.9453125,1,0,6,6
7781,101,61,1.5703125,0.9453125,1,0,15,15
7782,102,61,1.5859375,0.9453125,1,0,27,27
7783,103,61,1.6015625,0.9453125,1,0,21,21
7784,104,61,1.6171875,0.9453125,1,0,13,13
7785,105,61,1.6328125,0.9453125,1,0,22,22
7786,106,61,1.6484375,0.9453125,1,0,15,15
7787,107,61,1.6640625,0.9453125,1,0,22,22
7788,108,61,1.6796875,0.9453125,1,0,15,15
7789,109,61,1.6953125,0.9453125,1,0,28,28
7790,110,61,1.7109375,0.9453125,1,0,10,10
7791,111,61,1.7265625,0.9453125,1,0,21,21
7792,112,61,1.7421875,0.9453125,1,0,14,14
7793,113,61,1.7578125,0.9453125,1,0,16,16
7794,114,61,1.7734375,0.9453125,1,0,17,17
7795,115,61,1.7890625,0.9453125,1,0,15,15
7796,116,61,1.8046875,0.9453125,1,0,22,22
7797,117,61,1.8203125,0.9453125,1,0,23,23
7798,118,61,1.8359375,0.9453125,1,0,20,20
7799,119,61,1.8515625,0.9453125,1,0,22,22
7800,120,61,1.8671875,0.9453125,1,0,23,23
7801,121,61,1.8828125,0.9453125,1,0,20,20
7802,122,61,1.8984375,0.9453125,1,0,26,26
7803,123,61,1.9140625,0.9453125,1,0,15,15
7804,124,61,1.9296875,0.9453125,1,0,19,19
7805,125,61,1.9453125,0.9453125,1,0,26,26
7806,126,61,1.9609375,0.9453125,1,0,24,24
7807,127,61,1.9765625,0.9453125,1,0,14,14
7808,128,61,1.9921875,0.9453125,1,0,7,7
7809,1,62,0.0078125,0.9609375,1,0,24,24
7810,2,62,0.0234375,0.9609375,1,0,17,17
7811,3,62,0.0390625,0.9609375,1,0,15,15
7812,4,62,0.0546875,0.9609375,1,0,15,15
7813,5,62,0.0703125,0.9609375,1,0,28,28
7814,6,62,0.0859375,0.9609375,1,0,27,27
7815,7,62,0.1015625,0.9609375,1,0,29,29
7816,8,62,0.1171875,0.9609375,1,0,35,35
7817,9,62,0.1328125,0.9609375,1,0,20,20
7818,10,62,0.1484375,0.9609375,1,0,24,24
7819,11,62,0.1640625,0.9609375,1,0,16,16
7820,12,62,0.1796875,0.9609375,1,0,22,22
7821,13,62,0.1953125,0.9609375,1,0,23,23
7822,14,62,0.2109375,0.9609375,1,0,21,21
7823,15,62,0.2265625,0.9609375,1,0,21,21
7824,16,62,0.2421875,0.9609375,1,0,18,18
7825,17,62,0.2578125,0.9609375,1,0,22,22
7826,18,62,0.2734375,0.9609375,1,0,26,26
7827,19,62,0.2890625,0.9609375,1,0,22,22
7828,20,62,0.3046875,0.9609375,1,0,12,12
7829,21,62,0.3203125,0.9609375,1,0,19,19
7830,22,62,0.3359375,0.9609375,1,0,29,29
7831,23,62,0.3515625,0.9609375,1,0,17,17
7832,24,62,0.3671875,0.9609375,1,0,28,28
7833,25,62,0.3828125,0.9609375,1,0,33,33
7834,26,62,0.3984375,0.9609375,1,0,9,9
7835,27,62,0.4140625,0.9609375,1,0,20,20
7836,28,62,0.4296875,0.9609375,1,0,13,13
7837,29,62,0.4453125,0.9609375,1,0,23,23
7838,30,62,0.4609375,0.9609375,1,0,16,16
7839,31,62,0.4765625,0.9609375,1,0,19,19
7840,32,62,0.4921875,0.9609375,1,0,24,24
7841,33,62,0.5078125,0.9609375,1,0,23,23
7842,34,62,0.5234375,0.9609375,1,0,21,21
7843,35,62,0.5390625,0.9609375,1,0,20,20
7844,36,62,0.5546875,0.9609375,1,0,30,30
7845,37,62,0.5703125,0.9609375,1,0,7,7
7846,38,62,0.5859375,0.9609375,1,0,17,17
7847,39,62,0.6015625,0.9609375,1,0,23,23
7848,40,62,0.6171875,0.9609375,1,0,32,32
7849,41,62,0.6328125,0.9609375,1,0,9,9
7850,42,62,0.6484375,0.9609375,1,0,12,12
7851,43,62,0.6640625,0.9609375,1,0,31,31
7852,44,62,0.6796875,0.9609375,1,0,24,24
7853,45,62,0.6953125,0.9609375,1,0,22,22
7854,46,62,0.7109375,0.9609375,1,0,17,17
7855,47,62,0.7265625,0.9609375,1,0,24,24
7856,48,62,0.7421875,0.9609375,1,0,30,30
7857,49,62,0.7578125,0.9609375,1,0,29,29
7858,50,62,0.7734375,0.9609375,1,0,26,26
7859,51,62,0.7890625,0.9609375,1,0,17,17
7860,52,62,0.8046875,0.9609375,1,0,21,21
7861,53,62,0.8203125,0.9609375,1,0,23,23
7862,54,62,0.8359375,0.9609375,1,0,15,15
7863,55,62,0.8515625,0.9609375,1,0,13,13
7864,56,62,0.8671875,0.9609375,1,0,14,14
7865,57,62,0.8828125,0.9609375,1,0,5,5
7866,58,62,0.8984375,0.9609375,1,0,25,25
7867,59,62,0.9140625,0.9609375,1,0,15,15
7868,60,62,0.9296875,0.9609375,1,0,19,19
7869,61,62,0.9453125,0.9609375,1,0,19,19
7870,62,62,0.9609375,0.9609375,1,0,22,22
7871,63,62,0.9765625,0.9609375,1,0,26,26
7872,64,62,0.9921875,0.9609375,1,0,15,15
7873,65,62,1.0078125,0.9609375,1,0,27,27
7874,66,62,1.0234375,0.9609375,1,0,36,36
7875,67,62,1.0390625,0.9609375,1,0,14,14
7876,68,62,1.0546875,0.9609375,1,0,9,9
7877,69,62,1.0703125,0.9609375,1,0,20,20
7878,70,62,1.0859375,0.9609375,1,0,15,15
7879,71,62,1.1015625,0.9609375,1,0,18,18
7880,72,62,1.1171875,0.9609375,1,0,21,21
7881,73,62,1.1328125,0.9609375,1,0,20,20
7882,74,62,1.1484375,0.9609375,1,0,14,14
7883,75,62,1.1640625,0.9609375,1,0,27,27
7884,76,62,1.1796875,0.9609375,1,0,16,16
7885,77,62,1.1953125,0.9609375,1,0,22,22
7886,78,62,1.2109375,0.9609375,1,0,17,17
7887,79,62,1.2265625,0.9609375,1,0,30,30
7888,80,62,1.2421875,0.9609375,1,0,12,12
7889,81,62,1.2578125,0.9609375,1,0,17,17
7890,82,62,1.2734375,0.9609375,1,0,12,12
7891,83,62,1.2890625,0.9609375,1,0,17,17
7892,84,62,1.3046875,0.9609375,1,0,23,23
7893,85,62,1.3203125,0.9609375,1,0,7,7
7894,86,62,1.3359375,0.9609375,1,0,18,18
7895,87,62,1.3515625,0.9609375,1,0,15,15
7896,88,62,1.3671875,0.9609375,1,0,28,28
7897,89,62,1.3828125,0.9609375,1,0,24,24
7898,90,62,1.3984375,0.9609375,1,0,21,21
7899,91,62,1.4140625,0.9609375,1,0,14,14
7900,92,62,1.4296875,0.9609375,1,0,30,30
7901,93,62,1.4453125,0.9609375,1,0,16,16
7902,94,62,1.4609375,0.9609375,1,0,17,17
7903,95,62,1.4765625,0.9609375,1,0,26,26
7904,96,62,1.4921875,0.9609375,1,0,17,17
7905,97,62,1.5078125,0.9609375,1,0,19,19
7906,98,62,1.5234375,0.9609375,1,0,14,14
7907,99,62,1.5390625,0.9609375,1,0,22,22
7908,100,62,1.5546875,0.9609375,1,0,20,20
7909,101,62,1.5703125,0.9609375,1,0,20,20
7910,102,62,1.5859375,0.9609375,1,0,9,9
7911,103,62,1.6015625,0.9609375,1,0,21,21
7912,104,62,1.6171875,0.9609375,1,0,19,19
7913,105,62,1.6328125,0.9609375,1,0,18,18
7914,106,62,1.6484375,0.9609375,1,0,19,19
7915,107,62,1.6640625,0.9609375,1,0,9,9
7916,108,62,1.6796875,0.9609375,1,0,15,15
7917,109,62,1.6953125,0.9609375,1,0,4,4
7918,110,62,1.7109375,0.9609375,1,0,13,13
7919,111,62,1.7265625,0.9609375,1,0,18,18
7920,112,62,1.7421875,0.9609375,1,0,10,10
7921,113,62,1.7578125,0.9609375,1,0,20,20
7922,114,62,1.7734375,0.9609375,1,0,14,14
7923,115,62,1.7890625,0.9609375,1,0,30,30
7924,116,62,1.8046875,0.9609375,1,0,22,22
7925,117,62,1.8203125,0.9609375,1,0,23,23
7926,118,62,1.8359375,0.9609375,1,0,35,35
7927,119,62,1.8515625,0.9609375,1,0,20,20
7928,120,62,1.8671875,0.9609375,1,0,11,11
7929,121,62,1.8828125,0.9609375,1,0,15,15
7930,122,62,1.8984375,0.9609375,1,0,18,18
7931,123,62,1.9140625,0.9609375,1,0,17,17
7932,124,62,1.9296875,0.9609375,1,0,25,25
7933,125,62,1.9453125,0.9609375,1,0,18,18
7934,126,62,1.9609375,0.9609375,1,0,20,20
7935,127,62,1.9765625,0.9609375,1,0,18,18
7936,128,62,1.9921875,0.9609375,1,0,17,17
7937,1,63,0.0078125,0.9765625,1,0,21,21
7938,2,63,0.0234375,0.9765625,1,0,24,24
7939,3,63,0.0390625,0.9765625,1,0,17,17
7940,4,63,0.0546875,0.9765625,1,0,18,18
7941,5,63,0.0703125,0.9765625,1,0,17,17
7942,6,63,0.0859375,0.9765625,1,0,16,16
7943,7,63,0.1015625,0.9765625,1,0,20,20
7944,8,63,0.1171875,0.9765625,1,0,22,22
7945,9,63,0.1328125,0.9765625,1,0,9,9
7946,10,63,0.1484375,0.9765625,1,0,21,21
7947,11,63,0.1640625,0.9765625,1,0,22,22
7948,12,63,0.1796875,0.9765625,1,0,23,23
7949,13,63,0.1953125,0.9765625,1,0,25,25
7950,14,63,0.2109375,0.9765625,1,0,14,14
7951,15,63,0.2265625,0.9765625,1,0,30,30
7952,16,63,0.2421875,0.9765625,1,0,19,19
7953,17,63,0.2578125,0.9765625,1,0,23,23
7954,18,63,0.2734375,0.9765625,1,0,26,26
7955,19,63,0.2890625,0.9765625,1,0,24,24
7956,20,63,0.3046875,0.9765625,1,0,15,15
7957,21,63,0.3203125,0.9765625,1,0,16,16
7958,22,63,0.3359375,0.9765625,1,0,17,17
7959,23,63,0.3515625,0.9765625,1,0,19,19
7960,24,63,0.3671875,0.9765625,1,0,6,6
7961,25,63,0.3828125,0.9765625,1,0,15,15
7962,26,63,0.3984375,0.9765625,1,0,18,18
7963,27,63,0.4140625,0.9765625,1,0,22,22
7964,28,63,0.4296875,0.9765625,1,0,20,20
7965,29,63,0.4453125,0.9765625,1,0,20,20
7966,30,63,0.4609375,0.9765625,1,0,18,18
7967,31,63,0.4765625,0.9765625,1,0,19,19
7968,32,63,0.4921875,0.9765625,1,0,28,28
7969,33,63,0.5078125,0.9765625,1,0,23,23
7970,34,63,0.5234375,0.9765625,1,0,18,18
7971,35,63,0.5390625,0.9765625,1,0,19,19
7972,36,63,0.5546875,0.9765625,1,0,28,28
7973,37,63,0.5703125,0.9765625,1,0,17,17
7974,38,63,0.5859375,0.9765625,1,0,25,25
7975,39,63,0.6015625,0.9765625,1,0,21,21
7976,40,63,0.6171875,0.9765625,1,0,24,24
7977,41,63,0.6328125,0.9765625,1,0,15,15
7978,42,63,0.6484375,0.9765625,1,0,21,21
7979,43,63,0.6640625,0.9765625,1,0,24,24
7980,44,63,0.6796875,0.9765625,1,0,22,22
7981,45,63,0.6953125,0.9765625,1,0,21,21
7982,46,63,0.7109375,0.9765625,1,0,16,16
7983,47,63,0.7265625,0.9765625,1,0,27,27
7984,48,63,0.7421875,0.9765625,1,0,20,20
7985,49,63,0.7578125,0.9765625,1,0,24,24
7986,50,63,0.7734375,0.9765625,1,0,23,23
7987,51,63,0.7890625,0.9765625,1,0,22,22
7988,52,63,0.8046875,0.9765625,1,0,22,22
7989,53,63,0.8203125,0.9765625,1,0,11,11
7990,54,63,0.8359375,0.9765625,1,0,19,19
7991,55,63,0.8515625,0.9765625,1,0,23,23
7992,56,63,0.8671875,0.9765625,1,0,17,17
7993,57,63,0.8828125,0.9765625,1,0,29,29
7994,58,63,0.8984375,0.9765625,1,0,20,20
7995,59,63,0.9140625,0.9765625,1,0,12,12
7996,60,63,0.9296875,0.9765625,1,0,22,22
7997,61,63,0.9453125,0.9765625,1,0,22,22
7998,62,63,0.9609375,0.9765625,1,0,14,14
7999,63,63,0.9765625,0.9765625,1,0,27,27
8000,64,63,0.9921875,0.9765625,1,0,22,22
8001,65,63,1.0078125,0.9765625,1,0,22,22
8002,66,63,1.0234375,0.9765625,1,0,19,19
8003,67,63,1.0390625,0.9765625,1,0,11,11
8004,68,63,1.0546875,0.9765625,1,0,22,22
8005,69,63,1.0703125,0.9765625,1,0,26,26
8006,70,63,1.0859375,0.9765625,1,0,18,18
8007,71,63,1.1015625,0.9765625,1,0,24,24
8008,72,63,1.1171875,0.9765625,1,0,26,26
8009,73,63,1.1328125,0.9765625,1,0,19,19
8010,74,63,1.1484375,0.9765625,1,0,10,10
8011,75,63,1.1640625,0.9765625,1,0,10,10
8012,76,63,1.1796875,0.9765625,1,0,13,13
8013,77,63,1.1953125,0.9765625,1,0,27,27
8014,78,63,1.2109375,0.9765625,1,0,20,20
8015,79,63,1.2265625,0.9765625,1,0,8,8
8016,80,63,1.2421875,0.9765625,1,0,18,18
8017,81,63,1.2578125,0.9765625,1,0,21,21
8018,82,63,1.2734375,0.9765625,1,0,21,21
8019,83,63,1.2890625,0.9765625,1,0,20,20
8020,84,63,1.3046875,0.9765625,1,0,25,25
8021,85,63,1.3203125,0.9765625,1,0,20,20
8022,86,63,1.3359375,0.9765625,1,0,15,15
8023,87,63,1.3515625,0.9765625,1,0,21,21
8024,88,63,1.3671875,0.9765625,1,0,22,22
8025,89,63,1.3828125,0.9765625,1,0,24,24
8026,90,63,1.3984375,0.9765625,1,0,17,17
8027,91,63,1.4140625,0.9765625,1,0,22,22
8028,92,63,1.4296875,0.9765625,1,0,10,10
8029,93,63,1.4453125,0.9765625,1,0,36,36
8030,94,63,1.4609375,0.9765625,1,0,19,19
8031,95,63,1.4765625,0.9765625,1,0,18,18
8032,96,63,1.4921875,0.9765625,1,0,25,25
8033,97,63,1.5078125,0.9765625,1,0,31,31
8034,98,63,1.5234375,0.9765625,1,0,24,24
8035,99,63,1.5390625,0.9765625,1,0,8,8
8036,100,63,1.5546875,0.9765625,1,0,14,14
8037,101,63,1.5703125,0.9765625,1,0,19,19
8038,102,63,1.5859375,0.9765625,1,0,15,15
8039,103,63,1.6015625,0.9765625,1,0,30,30
8040,104,63,1.6171875,0.9765625,1,0,13,13
8041,105,63,1.6328125,0.9765625,1,0,18,18
8042,106,63,1.6484375,0.9765625,1,0,22,22
8043,107,63,1.6640625,0.9765625,1,0,30,30
8044,108,63,1.6796875,0.9765625,1,0,12,12
8045,109,63,1.6953125,0.9765625,1,0,7,7
8046,110,63,1.7109375,0.9765625,1,0,28,28
8047,111,63,1.7265625,0.9765625,1,0,22,22
8048,112,63,1.7421875,0.9765625,1,0,15,15
8049,113,63,1.7578125,0.9765625,1,0,30,30
8050,114,63,1.7734375,0.9765625,1,0,20,20
8051,115,63,1.7890625,0.9765625,1,0,21,21
8052,116,63,1.8046875,0.9765625,1,0,17,17
8053,117,63,1.8203125,0.9765625,1,0,23,23
8054,118,63,1.8359375,0.9765625,1,0,14,14
8055,119,63,1.8515625,0.9765625,1,0,8,8
8056,120,63,1.8671875,0.9765625,1,0,20,20
8057,121,63,1.8828125,0.9765625,1,0,21,21
8058,122,63,1.8984375,0.9765625,1,0,22,22
8059,123,63,1.9140625,0.9765625,1,0,24,24
8060,124,63,1.9296875,0.9765625,1,0,20,20
8061,125,63,1.9453125,0.9765625,1,0,21,21
8062,126,63,1.9609375,0.9765625,1,0,14,14
8063,127,63,1.9765625,0.9765625,1,0,21,21
8064,128,63,1.9921875,0.9765625,1,0,25,25
8065,1,64,0.0078125,0.9921875,1,0,32,32
8066,2,64,0.0234375,0.9921875,1,0,24,24
8067,3,64,0.0390625,0.9921875,1,0,11,11
8068,4,64,0.0546875,0.9921875,1,0,15,15
8069,5,64,0.0703125,0.9921875,1,0,16,16
8070,6,64,0.0859375,0.9921875,1,0,18,18
8071,7,64,0.1015625,0.9921875,1,0,15,15
8072,8,64,0.1171875,0.9921875,1,0,20,20
8073,9,64,0.1328125,0.9921875,1,0,14,14
8074,10,64,0.1484375,0.9921875,1,0,29,29
8075,11,64,0.1640625,0.9921875,1,0,20,20
8076,12,64,0.1796875,0.9921875,1,0,27,27
8077,13,64,0.1953125,0.9921875,1,0,10,10
8078,14,64,0.2109375,0.9921875,1,0,27,27
8079,15,64,0.2265625,0.9921875,1,0,21,21
8080,16,64,0.2421875,0.9921875,1,0,32,32
8081,17,64,0.2578125,0.9921875,1,0,19,19
8082,18,64,0.2734375,0.9921875,1,0,26,26
8083,19,64,0.2890625,0.9921875,1,0,17,17
8084,20,64,0.3046875,0.9921875,1,0,16,16
8085,21,64,0.3203125,0.9921875,1,0,13,13
8086,22,64,0.3359375,0.9921875,1,0,26,26
8087,23,64,0.3515625,0.9921875,1,0,21,21
8088,24,64,0.3671875,0.9921875,1,0,23,23
8089,25,64,0.3828125,0.9921875,1,0,20,20
8090,26,64,0.3984375,0.9921875,1,0,22,22
8091,27,64,0.4140625,0.9921875,1,0,22,22
8092,28,64,0.4296875,0.9921875,1,0,30,30
8093,29,64,0.4453125,0.9921875,1,0,16,16
8094,30,64,0.4609375,0.9921875,1,0,13,13
8095,31,64,0.4765625,0.9921875,1,0,26,26
8096,32,64,0.4921875,0.9921875,1,0,13,13
8097,33,64,0.5078125,0.9921875,1,0,23,23
8098,34,64,0.5234375,0.9921875,1,0,25,25
8099,35,64,0.5390625,0.9921875,1,0,23,23
8100,36,64,0.5546875,0.9921875,1,0,17,17
8101,37,64,0.5703125,0.9921875,1,0,21,21
8102,38,64,0.5859375,0.9921875,1,0,20,20
8103,39,64,0.6015625,0.9921875,1,0,18,18
8104,40,64,0.6171875,0.9921875,1,0,19,19
8105,41,64,0.6328125,0.9921875,1,0,17,17
8106,42,64,0.6484375,0.9921875,1,0,21,21
8107,43,64,0.6640625,0.9921875,1,0,31,31
8108,44,64,0.6796875,0.9921875,1,0,15,15
8109,45,64,0.6953125,0.9921875,1,0,17,17
8110,46,64,0.7109375,0.9921875,1,0,29,29
8111,47,64,0.7265625,0.9921875,1,0,17,17
8112,48,64,0.7421875,0.9921875,1,0,14,14
8113,49,64,0.7578125,0.9921875,1,0,14,14
8114,50,64,0.7734375,0.9921875,1,0,23,23
8115,51,64,0.7890625,0.9921875,1,0,25,25
8116,52,64,0.8046875,0.9921875,1,0,15,15
8117,53,64,0.8203125,0.9921875,1,0,16,16
8118,54,64,0.8359375,0.9921875,1,0,21,21
8119,55,64,0.8515625,0.9921875,1,0,20,20
8120,56,64,0.8671875,0.9921875,1,0,20,20
8121,57,64,0.8828125,0.9921875,1,0,33,33
8122,58,64,0.8984375,0.9921875,1,0,14,14
8123,59,64,0.9140625,0.9921875,1,0,23,23
8124,60,64,0.9296875,0.9921875,1,0,22,22
8125,61,64,0.9453125,0.9921875,1,0,29,29
8126,62,64,0.9609375,0.9921875,1,0,20,20
8127,63,64,0.9765625,0.9921875,1,0,19,19
8128,64,64,0.9921875,0.9921875,1,0,25,25
8129,65,64,1.0078125,0.9921875,1,0,19,19
8130,66,64,1.0234375,0.9921875,1,0,29,29
8131,67,64,1.0390625,0.9921875,1,0,18,18
8132,68,64,1.0546875,0.9921875,1,0,22,22
8133,69,64,1.0703125,0.9921875,1,0,23,23
8134,70,64,1.0859375,0.9921875,1,0,15,15
8135,71,64,1.1015625,0.9921875,1,0,20,20
8136,72,64,1.1171875,0.9921875,1,0,25,25
8137,73,64,1.1328125,0.9921875,1,0,11,11
8138,74,64,1.1484375,0.9921875,1,0,16,16
8139,75,64,1.1640625,0.9921875,1,0,21,21
8140,76,64,1.1796875,0.9921875,1,0,21,21
8141,77,64,1.1953125,0.9921875,1,0,30,30
8142,78,64,1.2109375,0.9921875,1,0,15,15
8143,79,64,1.2265625,0.9921875,1,0,9,9
8144,80,64,1.2421875,0.9921875,1,0,26,26
8145,81,64,1.2578125,0.9921875,1,0,22,22
8146,82,64,1.2734375,0.9921875,1,0,20,20
8147,83,64,1.2890625,0.9921875,1,0,18,18
8148,84,64,1.3046875,0.9921875,1,0,19,19
8149,85,64,1.3203125,0.9921875,1,0,13,13
8150,86,64,1.3359375,0.9921875,1,0,24,24
8151,87,64,1.3515625,0.9921875,1,0,14,14
8152,88,64,1.3671875,0.9921875,1,0,21,21
8153,89,64,1.3828125,0.9921875,1,0,23,23
8154,90,64,1.3984375,0.9921875,1,0,6,6
8155,91,64,1.4140625,0.9921875,1,0,21,21
8156,92,64,1.4296875,0.9921875,1,0,14,14
8157,93,64,1.4453125,0.9921875,1,0,21,21
8158,94,64,1.4609375,0.9921875,1,0,17,17
8159,95,64,1.4765625,0.9921875,1,0,11,11
8160,96,64,1.4921875,0.9921875,1,0,17,17
8161,97,64,1.5078125,0.9921875,1,0,11,11
8162,98,64,1.5234375,0.9921875,1,0,26,26
8163,99,64,1.5390625,0.9921875,1,0,18,18
8164,100,64,1.5546875,0.9921875,1,0,15,15
8165,101,64,1.5703125,0.9921875,1,0,24,24
8166,102,64,1.5859375,0.9921875,1,0,16,16
8167,103,64,1.6015625,0.9921875,1,0,15,15
8168,104,64,1.6171875,0.9921875,1,0,21,21
8169,105,64,1.6328125,0.9921875,1,0,22,22
8170,106,64,1.6484375,0.9921875,1,0,16,16
8171,107,64,1.6640625,0.9921875,1,0,25,25
8172,108,64,1.6796875,0.9921875,1,0,11,11
8173,109,64,1.6953125,0.9921875,1,0,9,9
8174,110,64,1.7109375,0.9921875,1,0,20,20
8175,111,64,1.7265625,0.9921875,1,0,22,22
8176,112,64,1.7421875,0.9921875,1,0,21,21
8177,113,64,1.7578125,0.9921875,1,0,19,19
8178,114,64,1.7734375,0.9921875,1,0,24,24
8179,115,64,1.7890625,0.9921875,1,0,19,19
8180,116,64,1.8046875,0.9921875,1,0,14,14
8181,117,64,1.8203125,0.9921875,1,0,29,29
8182,118,64,1.8359375,0.9921875,1,0,28,28
8183,119,64,1.8515625,0.9921875,1,0,19,19
8184,120,64,1.8671875,0.9921875,1,0,29,29
8185,121,64,1.8828125,0.9921875,1,0,17,17
8186,122,64,1.8984375,0.9921875,1,0,16,16
8187,123,64,1.9140625,0.9921875,1,0,28,28
8188,124,64,1.9296875,0.9921875,1,0,21,21
8189,125,64,1.9453125,0.9921875,1,0,21,21
8190,126,64,1.9609375,0.9921875,1,0,16,16
8191,127,64,1.9765625,0.9921875,1,0,33,33
8192,128,64,1.9921875,0.9921875,1,0,24,24
