cell,ix,iy,xc,yc,isFluidCell,nFluid,mass,distanceToCylinder
1,1,1,0.0104166666666667,0.0104166666666667,1,14,14,1.00406839185301
2,2,1,0.03125,0.0104166666666667,1,20,20,0.985434660759356
3,3,1,0.0520833333333333,0.0104166666666667,1,25,25,0.966882302422447
4,4,1,0.0729166666666667,0.0104166666666667,1,15,15,0.948415636673844
5,5,1,0.09375,0.0104166666666667,1,16,16,0.930039272444395
6,6,1,0.114583333333333,0.0104166666666667,1,17,17,0.91175813013234
7,7,1,0.135416666666667,0.0104166666666667,1,26,26,0.893577465805035
8,8,1,0.15625,0.0104166666666667,1,16,16,0.875502897370263
9,9,1,0.177083333333333,0.0104166666666667,1,23,23,0.857540432856783
10,10,1,0.197916666666667,0.0104166666666667,1,23,23,0.839696500945326
11,11,1,0.21875,0.0104166666666667,1,13,13,0.82197798388995
12,12,1,0.239583333333333,0.0104166666666667,1,16,16,0.80439225296451
13,13,1,0.260416666666667,0.0104166666666667,1,27,27,0.786947206558667
14,14,1,0.28125,0.0104166666666667,1,23,23,0.769651311030908
15,15,1,0.302083333333333,0.0104166666666667,1,18,18,0.752513644400422
16,16,1,0.322916666666667,0.0104166666666667,1,21,21,0.735543942923145
17,17,1,0.34375,0.0104166666666667,1,28,28,0.718752650547024
18,18,1,0.364583333333333,0.0104166666666667,1,29,29,0.702150971174102
19,19,1,0.385416666666667,0.0104166666666667,1,17,17,0.685750923568588
20,20,1,0.40625,0.0104166666666667,1,14,14,0.669565398635995
21,21,1,0.427083333333333,0.0104166666666667,1,14,14,0.65360821865358
22,22,1,0.447916666666667,0.0104166666666667,1,17,17,0.637894197851035
23,23,1,0.46875,0.0104166666666667,1,13,13,0.622439203516654
24,24,1,0.489583333333333,0.0104166666666667,1,17,17,0.607260216531998
25,25,1,0.510416666666667,0.0104166666666667,1,17,17,0.592375389911828
26,26,1,0.53125,0.0104166666666667,1,28,28,0.57780410354156
27,27,1,0.552083333333333,0.0104166666666667,1,23,23,0.563567012859708
28,28,1,0.572916666666667,0.0104166666666667,1,18,18,0.549686088729695
29,29,1,0.59375,0.0104166666666667,1,30,30,0.53618464519177
30,30,1,0.614583333333333,0.0104166666666667,1,20,20,0.523087351197424
31,31,1,0.635416666666667,0.0104166666666667,1,20,20,0.51042022183265
32,32,1,0.65625,0.0104166666666667,1,21,21,0.498210583973385
33,33,1,0.677083333333333,0.0104166666666667,1,18,18,0.486487010844135
34,34,1,0.697916666666667,0.0104166666666667,1,21,21,0.47527921964517
35,35,1,0.71875,0.0104166666666667,1,19,19,0.464617926369486
36,36,1,0.739583333333333,0.0104166666666667,1,30,30,0.45453465225859
37,37,1,0.760416666666667,0.0104166666666667,1,17,17,0.44506147716463
38,38,1,0.78125,0.0104166666666667,1,19,19,0.43623073650974
39,39,1,0.802083333333333,0.0104166666666667,1,19,19,0.428074660651524
40,40,1,0.822916666666667,0.0104166666666667,1,23,23,0.420624958316658
41,41,1,0.84375,0.0104166666666667,1,16,16,0.413912349314334
42,42,1,0.864583333333333,0.0104166666666667,1,20,20,0.407966055843192
43,43,1,0.885416666666667,0.0104166666666667,1,17,17,0.402813266089465
44,44,1,0.90625,0.0104166666666667,1,28,28,0.398478588083558
45,45,1,0.927083333333333,0.0104166666666667,1,28,28,0.394983515438197
46,46,1,0.947916666666667,0.0104166666666667,1,20,20,0.392345929087353
47,47,1,0.96875,0.0104166666666667,1,20,20,0.390579659971526
48,48,1,0.989583333333333,0.0104166666666667,1,27,27,0.389694136397632
49,49,1,1.01041666666667,0.0104166666666667,1,13,13,0.389694136397632
50,50,1,1.03125,0.0104166666666667,1,23,23,0.390579659971526
51,51,1,1.05208333333333,0.0104166666666667,1,17,17,0.392345929087353
52,52,1,1.07291666666667,0.0104166666666667,1,22,22,0.394983515438197
53,53,1,1.09375,0.0104166666666667,1,15,15,0.398478588083558
54,54,1,1.11458333333333,0.0104166666666667,1,33,33,0.402813266089465
55,55,1,1.13541666666667,0.0104166666666667,1,17,17,0.407966055843192
56,56,1,1.15625,0.0104166666666667,1,19,19,0.413912349314334
57,57,1,1.17708333333333,0.0104166666666667,1,24,24,0.420624958316658
58,58,1,1.19791666666667,0.0104166666666667,1,15,15,0.428074660651524
59,59,1,1.21875,0.0104166666666667,1,29,29,0.43623073650974
60,60,1,1.23958333333333,0.0104166666666667,1,17,17,0.44506147716463
61,61,1,1.26041666666667,0.0104166666666667,1,16,16,0.45453465225859
62,62,1,1.28125,0.0104166666666667,1,19,19,0.464617926369486
63,63,1,1.30208333333333,0.0104166666666667,1,24,24,0.47527921964517
64,64,1,1.32291666666667,0.0104166666666667,1,12,12,0.486487010844135
65,65,1,1.34375,0.0104166666666667,1,19,19,0.498210583973385
66,66,1,1.36458333333333,0.0104166666666667,1,27,27,0.51042022183265
67,67,1,1.38541666666667,0.0104166666666667,1,21,21,0.523087351197424
68,68,1,1.40625,0.0104166666666667,1,30,30,0.53618464519177
69,69,1,1.42708333333333,0.0104166666666667,1,22,22,0.549686088729695
70,70,1,1.44791666666667,0.0104166666666667,1,18,18,0.563567012859708
71,71,1,1.46875,0.0104166666666667,1,31,31,0.57780410354156
72,72,1,1.48958333333333,0.0104166666666667,1,9,9,0.592375389911828
73,73,1,1.51041666666667,0.0104166666666667,1,28,28,0.607260216531998
74,74,1,1.53125,0.0104166666666667,1,22,22,0.622439203516654
75,75,1,1.55208333333333,0.0104166666666667,1,14,14,0.637894197851035
76,76,1,1.57291666666667,0.0104166666666667,1,23,23,0.65360821865358
77,77,1,1.59375,0.0104166666666667,1,25,25,0.669565398635995
78,78,1,1.61458333333333,0.0104166666666667,1,20,20,0.685750923568588
79,79,1,1.63541666666667,0.0104166666666667,1,22,22,0.702150971174102
80,80,1,1.65625,0.0104166666666667,1,18,18,0.718752650547024
81,81,1,1.67708333333333,0.0104166666666667,1,24,24,0.735543942923145
82,82,1,1.69791666666667,0.0104166666666667,1,16,16,0.752513644400422
83,83,1,1.71875,0.0104166666666667,1,18,18,0.769651311030908
84,84,1,1.73958333333333,0.0104166666666667,1,27,27,0.786947206558667
85,85,1,1.76041666666667,0.0104166666666667,1,24,24,0.80439225296451
86,86,1,1.78125,0.0104166666666667,1,20,20,0.82197798388995
87,87,1,1.80208333333333,0.0104166666666667,1,12,12,0.839696500945326
88,88,1,1.82291666666667,0.0104166666666667,1,36,36,0.857540432856783
89,89,1,1.84375,0.0104166666666667,1,23,23,0.875502897370263
90,90,1,1.86458333333333,0.0104166666666667,1,18,18,0.893577465805035
91,91,1,1.88541666666667,0.0104166666666667,1,23,23,0.91175813013234
92,92,1,1.90625,0.0104166666666667,1,9,9,0.930039272444395
93,93,1,1.92708333333333,0.0104166666666667,1,16,16,0.948415636673844
94,94,1,1.94791666666667,0.0104166666666667,1,17,17,0.966882302422447
95,95,1,1.96875,0.0104166666666667,1,26,26,0.985434660759356
96,96,1,1.98958333333333,0.0104166666666667,1,15,15,1.00406839185301
97,97,1,2.01041666666667,0.0104166666666667,1,23,23,1.02277944430576
98,98,1,2.03125,0.0104166666666667,1,25,25,1.04156401606646
99,99,1,2.05208333333333,0.0104166666666667,1,10,10,1.0604185368028
100,100,1,2.07291666666667,0.0104166666666667,1,22,22,1.07933965162242
101,101,1,2.09375,0.0104166666666667,1,19,19,1.09832420603849
102,102,1,2.11458333333333,0.0104166666666667,1,14,14,1.11736923208295
103,103,1,2.13541666666667,0.0104166666666667,1,28,28,1.13647193547699
104,104,1,2.15625,0.0104166666666667,1,23,23,1.15562968377535
105,105,1,2.17708333333333,0.0104166666666667,1,21,21,1.17483999540683
106,106,1,2.19791666666667,0.0104166666666667,1,22,22,1.19410052953994
107,107,1,2.21875,0.0104166666666667,1,24,24,1.21340907670755
108,108,1,2.23958333333333,0.0104166666666667,1,29,29,1.23276355013016
109,109,1,2.26041666666667,0.0104166666666667,1,22,22,1.252161977682
110,110,1,2.28125,0.0104166666666667,1,15,15,1.27160249444866
111,111,1,2.30208333333333,0.0104166666666667,1,11,11,1.29108333582939
112,112,1,2.32291666666667,0.0104166666666667,1,20,20,1.31060283114072
113,113,1,2.34375,0.0104166666666667,1,28,28,1.33015939768187
114,114,1,2.36458333333333,0.0104166666666667,1,17,17,1.34975153522557
115,115,1,2.38541666666667,0.0104166666666667,1,22,22,1.36937782090093
116,116,1,2.40625,0.0104166666666667,1,16,16,1.38903690443782
117,117,1,2.42708333333333,0.0104166666666667,1,19,19,1.40872750374465
118,118,1,2.44791666666667,0.0104166666666667,1,15,15,1.42844840079372
119,119,1,2.46875,0.0104166666666667,1,31,31,1.44819843779077
120,120,1,2.48958333333333,0.0104166666666667,1,4,4,1.4679765136067
121,121,1,2.51041666666667,0.0104166666666667,1,12,12,1.48778158045186
122,122,1,2.53125,0.0104166666666667,1,22,22,1.50761264077444
123,123,1,2.55208333333333,0.0104166666666667,1,25,25,1.5274687443662
124,124,1,2.57291666666667,0.0104166666666667,1,26,26,1.54734898566016
125,125,1,2.59375,0.0104166666666667,1,27,27,1.56725250120603
126,126,1,2.61458333333333,0.0104166666666667,1,19,19,1.58717846731031
127,127,1,2.63541666666667,0.0104166666666667,1,26,26,1.60712609782901
128,128,1,2.65625,0.0104166666666667,1,20,20,1.6270946421021
129,129,1,2.67708333333333,0.0104166666666667,1,19,19,1.64708338301932
130,130,1,2.69791666666667,0.0104166666666667,1,18,18,1.66709163520804
131,131,1,2.71875,0.0104166666666667,1,23,23,1.68711874333458
132,132,1,2.73958333333333,0.0104166666666667,1,31,31,1.70716408051092
133,133,1,2.76041666666667,0.0104166666666667,1,13,13,1.72722704679948
134,134,1,2.78125,0.0104166666666667,1,36,36,1.74730706780919
135,135,1,2.80208333333333,0.0104166666666667,1,30,30,1.76740359337652
136,136,1,2.82291666666667,0.0104166666666667,1,17,17,1.78751609632577
137,137,1,2.84375,0.0104166666666667,1,14,14,1.80764407130308
138,138,1,2.86458333333333,0.0104166666666667,1,18,18,1.82778703367935
139,139,1,2.88541666666667,0.0104166666666667,1,23,23,1.84794451851746
140,140,1,2.90625,0.0104166666666667,1,14,14,1.86811607959942
141,141,1,2.92708333333333,0.0104166666666667,1,27,27,1.88830128850959
142,142,1,2.94791666666667,0.0104166666666667,1,35,35,1.90849973377035
143,143,1,2.96875,0.0104166666666667,1,25,25,1.9287110200267
144,144,1,2.98958333333333,0.0104166666666667,1,32,32,1.94893476727678
145,145,1,3.01041666666667,0.0104166666666667,1,26,26,1.96917061014526
146,146,1,3.03125,0.0104166666666667,1,30,30,1.98941819719696
147,147,1,3.05208333333333,0.0104166666666667,1,23,23,2.00967719028818
148,148,1,3.07291666666667,0.0104166666666667,1,34,34,2.02994726395332
149,149,1,3.09375,0.0104166666666667,1,17,17,2.05022810482464
150,150,1,3.11458333333333,0.0104166666666667,1,17,17,2.07051941108318
151,151,1,3.13541666666667,0.0104166666666667,1,26,26,2.09082089193881
152,152,1,3.15625,0.0104166666666667,1,10,10,2.11113226713776
153,153,1,3.17708333333333,0.0104166666666667,1,17,17,2.13145326649597
154,154,1,3.19791666666667,0.0104166666666667,1,15,15,2.15178362945663
155,155,1,3.21875,0.0104166666666667,1,20,20,2.17212310467056
156,156,1,3.23958333333333,0.0104166666666667,1,6,6,2.19247144959806
157,157,1,3.26041666666667,0.0104166666666667,1,15,15,2.212828430131
158,158,1,3.28125,0.0104166666666667,1,26,26,2.23319382023393
159,159,1,3.30208333333333,0.0104166666666667,1,30,30,2.25356740160313
160,160,1,3.32291666666667,0.0104166666666667,1,16,16,2.27394896334263
161,161,1,3.34375,0.0104166666666667,1,19,19,2.29433830165618
162,162,1,3.36458333333333,0.0104166666666667,1,26,26,2.31473521955422
163,163,1,3.38541666666667,0.0104166666666667,1,22,22,2.3351395265752
164,164,1,3.40625,0.0104166666666667,1,20,20,2.35555103852023
165,165,1,3.42708333333333,0.0104166666666667,1,24,24,2.37596957720046
166,166,1,3.44791666666667,0.0104166666666667,1,18,18,2.39639497019647
167,167,1,3.46875,0.0104166666666667,1,23,23,2.41682705062898
168,168,1,3.48958333333333,0.0104166666666667,1,13,13,2.43726565694034
169,169,1,3.51041666666667,0.0104166666666667,1,22,22,2.4577106326861
170,170,1,3.53125,0.0104166666666667,1,13,13,2.47816182633631
171,171,1,3.55208333333333,0.0104166666666667,1,18,18,2.49861909108579
172,172,1,3.57291666666667,0.0104166666666667,1,23,23,2.51908228467318
173,173,1,3.59375,0.0104166666666667,1,15,15,2.53955126920804
174,174,1,3.61458333333333,0.0104166666666667,1,25,25,2.5600259110058
175,175,1,3.63541666666667,0.0104166666666667,1,16,16,2.58050608043
176,176,1,3.65625,0.0104166666666667,1,32,32,2.60099165174159
177,177,1,3.67708333333333,0.0104166666666667,1,18,18,2.62148250295476
178,178,1,3.69791666666667,0.0104166666666667,1,23,23,2.64197851569912
179,179,1,3.71875,0.0104166666666667,1,16,16,2.66247957508789
180,180,1,3.73958333333333,0.0104166666666667,1,15,15,2.68298556959168
181,181,1,3.76041666666667,0.0104166666666667,1,14,14,2.70349639091776
182,182,1,3.78125,0.0104166666666667,1,16,16,2.72401193389436
183,183,1,3.80208333333333,0.0104166666666667,1,22,22,2.74453209636
184,184,1,3.82291666666667,0.0104166666666667,1,17,17,2.76505677905731
185,185,1,3.84375,0.0104166666666667,1,14,14,2.78558588553136
186,186,1,3.86458333333333,0.0104166666666667,1,22,22,2.8061193220322
187,187,1,3.88541666666667,0.0104166666666667,1,17,17,2.82665699742138
188,188,1,3.90625,0.0104166666666667,1,23,23,2.84719882308231
189,189,1,3.92708333333333,0.0104166666666667,1,21,21,2.86774471283423
190,190,1,3.94791666666667,0.0104166666666667,1,12,12,2.8882945828497
191,191,1,3.96875,0.0104166666666667,1,16,16,2.90884835157536
192,192,1,3.98958333333333,0.0104166666666667,1,18,18,2.92940593965586
193,1,2,0.0104166666666667,0.03125,1,22,22,0.994989377168158
194,2,2,0.03125,0.03125,1,17,17,0.97619845985766
195,3,2,0.0520833333333333,0.03125,1,21,21,0.95748407526754
196,4,2,0.0729166666666667,0.03125,1,20,20,0.938850359505374
197,5,2,0.09375,0.03125,1,20,20,0.920301732332157
198,6,2,0.114583333333333,0.03125,1,34,34,0.901842919878716
199,7,2,0.135416666666667,0.03125,1,20,20,0.883478979326848
200,8,2,0.15625,0.03125,1,15,15,0.865215325717531
201,9,2,0.177083333333333,0.03125,1,21,21,0.847057761056726
202,10,2,0.197916666666667,0.03125,1,19,19,0.829012505895971
203,11,2,0.21875,0.03125,1,15,15,0.811086233569578
204,12,2,0.239583333333333,0.03125,1,20,20,0.793286107271598
205,13,2,0.260416666666667,0.03125,1,25,25,0.775619820152813
206,14,2,0.28125,0.03125,1,21,21,0.758095638609124
207,15,2,0.302083333333333,0.03125,1,18,18,0.740722448915878
208,16,2,0.322916666666667,0.03125,1,24,24,0.723509807335516
209,17,2,0.34375,0.03125,1,24,24,0.706467993785246
210,18,2,0.364583333333333,0.03125,1,28,28,0.689608069093635
211,19,2,0.385416666666667,0.03125,1,19,19,0.672941935795381
212,20,2,0.40625,0.03125,1,27,27,0.656482402306888
213,21,2,0.427083333333333,0.03125,1,14,14,0.640243250184995
214,22,2,0.447916666666667,0.03125,1,20,20,0.624239303990362
215,23,2,0.46875,0.03125,1,20,20,0.608486503047165
216,24,2,0.489583333333333,0.03125,1,14,14,0.593001974103329
217,25,2,0.510416666666667,0.03125,1,22,22,0.57780410354156
218,26,2,0.53125,0.03125,1,17,17,0.562912607362388
219,27,2,0.552083333333333,0.03125,1,18,18,0.54834859664981
220,28,2,0.572916666666667,0.03125,1,20,20,0.534134635634351
221,29,2,0.59375,0.03125,1,9,9,0.520294788789975
222,30,2,0.614583333333333,0.03125,1,11,11,0.50685465265123
223,31,2,0.635416666666667,0.03125,1,20,20,0.493841367239134
224,32,2,0.65625,0.03125,1,20,20,0.481283601179321
225,33,2,0.677083333333333,0.03125,1,18,18,0.469211503846427
226,34,2,0.697916666666667,0.03125,1,21,21,0.457656617263507
227,35,2,0.71875,0.03125,1,17,17,0.446651740141747
228,36,2,0.739583333333333,0.03125,1,20,20,0.43623073650974
229,37,2,0.760416666666667,0.03125,1,19,19,0.426428282020553
230,38,2,0.78125,0.03125,1,25,25,0.417279542413964
231,39,2,0.802083333333333,0.03125,1,21,21,0.408819780909159
232,40,2,0.822916666666667,0.03125,1,25,25,0.401083894616904
233,41,2,0.84375,0.03125,1,16,16,0.394105884401309
234,42,2,0.864583333333333,0.03125,1,30,30,0.387918267859599
235,43,2,0.885416666666667,0.03125,1,31,31,0.38255145091252
236,44,2,0.90625,0.03125,1,18,18,0.378033079399324
237,45,2,0.927083333333333,0.03125,1,7,7,0.374387397363988
238,46,2,0.947916666666667,0.03125,1,26,26,0.371634642611324
239,47,2,0.96875,0.03125,1,22,22,0.369790511824153
240,48,2,0.989583333333333,0.03125,1,28,28,0.368865726455287
241,49,2,1.01041666666667,0.03125,1,20,20,0.368865726455287
242,50,2,1.03125,0.03125,1,18,18,0.369790511824153
243,51,2,1.05208333333333,0.03125,1,8,8,0.371634642611324
244,52,2,1.07291666666667,0.03125,1,36,36,0.374387397363988
245,53,2,1.09375,0.03125,1,13,13,0.378033079399324
246,54,2,1.11458333333333,0.03125,1,14,14,0.38255145091252
247,55,2,1.13541666666667,0.03125,1,12,12,0.387918267859599
248,56,2,1.15625,0.03125,1,12,12,0.394105884401309
249,57,2,1.17708333333333,0.03125,1,17,17,0.401083894616904
250,58,2,1.19791666666667,0.03125,1,16,16,0.408819780909159
251,59,2,1.21875,0.03125,1,29,29,0.417279542413964
252,60,2,1.23958333333333,0.03125,1,14,14,0.426428282020553
253,61,2,1.26041666666667,0.03125,1,19,19,0.43623073650974
254,62,2,1.28125,0.03125,1,14,14,0.446651740141747
255,63,2,1.30208333333333,0.03125,1,28,28,0.457656617263507
256,64,2,1.32291666666667,0.03125,1,18,18,0.469211503846427
257,65,2,1.34375,0.03125,1,22,22,0.481283601179321
258,66,2,1.36458333333333,0.03125,1,17,17,0.493841367239134
259,67,2,1.38541666666667,0.03125,1,21,21,0.506854652651229
260,68,2,1.40625,0.03125,1,16,16,0.520294788789975
261,69,2,1.42708333333333,0.03125,1,24,24,0.534134635634351
262,70,2,1.44791666666667,0.03125,1,19,19,0.54834859664981
263,71,2,1.46875,0.03125,1,24,24,0.562912607362388
264,72,2,1.48958333333333,0.03125,1,21,21,0.57780410354156
265,73,2,1.51041666666667,0.03125,1,20,20,0.593001974103329
266,74,2,1.53125,0.03125,1,20,20,0.608486503047165
267,75,2,1.55208333333333,0.03125,1,18,18,0.624239303990362
268,76,2,1.57291666666667,0.03125,1,18,18,0.640243250184994
269,77,2,1.59375,0.03125,1,23,23,0.656482402306888
270,78,2,1.61458333333333,0.03125,1,10,10,0.672941935795381
271,79,2,1.63541666666667,0.03125,1,21,21,0.689608069093634
272,80,2,1.65625,0.03125,1,15,15,0.706467993785246
273,81,2,1.67708333333333,0.03125,1,16,16,0.723509807335515
274,82,2,1.69791666666667,0.03125,1,18,18,0.740722448915878
275,83,2,1.71875,0.03125,1,14,14,0.758095638609124
276,84,2,1.73958333333333,0.03125,1,18,18,0.775619820152813
277,85,2,1.76041666666667,0.03125,1,17,17,0.793286107271598
278,86,2,1.78125,0.03125,1,17,17,0.811086233569578
279,87,2,1.80208333333333,0.03125,1,33,33,0.829012505895971
280,88,2,1.82291666666667,0.03125,1,21,21,0.847057761056725
281,89,2,1.84375,0.03125,1,24,24,0.865215325717531
282,90,2,1.86458333333333,0.03125,1,16,16,0.883478979326847
283,91,2,1.88541666666667,0.03125,1,22,22,0.901842919878716
284,92,2,1.90625,0.03125,1,24,24,0.920301732332157
285,93,2,1.92708333333333,0.03125,1,25,25,0.938850359505374
286,94,2,1.94791666666667,0.03125,1,18,18,0.95748407526754
287,95,2,1.96875,0.03125,1,25,25,0.97619845985766
288,96,2,1.98958333333333,0.03125,1,13,13,0.994989377168158
289,97,2,2.01041666666667,0.03125,1,19,19,1.01385295383986
290,98,2,2.03125,0.03125,1,19,19,1.03278556002449
291,99,2,2.05208333333333,0.03125,1,22,22,1.05178379168044
292,100,2,2.07291666666667,0.03125,1,16,16,1.07084445427696
293,101,2,2.09375,0.03125,1,20,20,1.08996454779124
294,102,2,2.11458333333333,0.03125,1,26,26,1.10914125289167
295,103,2,2.13541666666667,0.03125,1,15,15,1.12837191820899
296,104,2,2.15625,0.03125,1,16,16,1.14765404860482
297,105,2,2.17708333333333,0.03125,1,26,26,1.16698529435472
298,106,2,2.19791666666667,0.03125,1,27,27,1.18636344116963
299,107,2,2.21875,0.03125,1,23,23,1.20578640098601
300,108,2,2.23958333333333,0.03125,1,10,10,1.22525220346083
301,109,2,2.26041666666667,0.03125,1,14,14,1.24475898811315
302,110,2,2.28125,0.03125,1,20,20,1.26430499705894
303,111,2,2.30208333333333,0.03125,1,18,18,1.28388856829025
304,112,2,2.32291666666667,0.03125,1,26,26,1.30350812945435
305,113,2,2.34375,0.03125,1,16,16,1.32316219209196
306,114,2,2.36458333333333,0.03125,1,23,23,1.3428493462975
307,115,2,2.38541666666667,0.03125,1,14,14,1.36256825576715
308,116,2,2.40625,0.03125,1,22,22,1.38231765320393
309,117,2,2.42708333333333,0.03125,1,17,17,1.40209633605098
310,118,2,2.44791666666667,0.03125,1,21,21,1.42190316252747
311,119,2,2.46875,0.03125,1,16,16,1.441737047943
312,120,2,2.48958333333333,0.03125,1,19,19,1.46159696126896
313,121,2,2.51041666666667,0.03125,1,11,11,1.48148192194677
314,122,2,2.53125,0.03125,1,23,23,1.50139099691487
315,123,2,2.55208333333333,0.03125,1,25,25,1.52132329783764
316,124,2,2.57291666666667,0.03125,1,27,27,1.54127797852094
317,125,2,2.59375,0.03125,1,25,25,1.56125423250025
318,126,2,2.61458333333333,0.03125,1,16,16,1.58125129078843
319,127,2,2.63541666666667,0.03125,1,19,19,1.60126841977129
320,128,2,2.65625,0.03125,1,20,20,1.62130491924005
321,129,2,2.67708333333333,0.03125,1,22,22,1.64136012055073
322,130,2,2.69791666666667,0.03125,1,21,21,1.66143338490118
323,131,2,2.71875,0.03125,1,15,15,1.6815241017174
324,132,2,2.73958333333333,0.03125,1,28,28,1.70163168714116
325,133,2,2.76041666666667,0.03125,1,16,16,1.72175558261194
326,134,2,2.78125,0.03125,1,31,31,1.74189525353642
327,135,2,2.80208333333333,0.03125,1,13,13,1.76205018803946
328,136,2,2.82291666666667,0.03125,1,22,22,1.7822198957909
329,137,2,2.84375,0.03125,1,16,16,1.80240390690305
330,138,2,2.86458333333333,0.03125,1,22,22,1.82260177089392
331,139,2,2.88541666666667,0.03125,1,13,13,1.84281305571186
332,140,2,2.90625,0.03125,1,12,12,1.86303734681743
333,141,2,2.92708333333333,0.03125,1,14,14,1.88327424631873
334,142,2,2.94791666666667,0.03125,1,9,9,1.90352337215661
335,143,2,2.96875,0.03125,1,20,20,1.92378435733652
336,144,2,2.98958333333333,0.03125,1,17,17,1.944056849204
337,145,2,3.01041666666667,0.03125,1,16,16,1.96434050876088
338,146,2,3.03125,0.03125,1,15,15,1.98463501001974
339,147,2,3.05208333333333,0.03125,1,20,20,2.0049400393941
340,148,2,3.07291666666667,0.03125,1,29,29,2.02525529512208
341,149,2,3.09375,0.03125,1,18,18,2.04558048672148
342,150,2,3.11458333333333,0.03125,1,19,19,2.06591533447434
343,151,2,3.13541666666667,0.03125,1,14,14,2.0862595689391
344,152,2,3.15625,0.03125,1,13,13,2.10661293048872
345,153,2,3.17708333333333,0.03125,1,12,12,2.12697516887319
346,154,2,3.19791666666667,0.03125,1,27,27,2.14734604280496
347,155,2,3.21875,0.03125,1,21,21,2.16772531956584
348,156,2,3.23958333333333,0.03125,1,24,24,2.18811277463425
349,157,2,3.26041666666667,0.03125,1,22,22,2.20850819133146
350,158,2,3.28125,0.03125,1,19,19,2.22891136048584
351,159,2,3.30208333333333,0.03125,1,16,16,2.24932208011399
352,160,2,3.32291666666667,0.03125,1,21,21,2.26974015511781
353,161,2,3.34375,0.03125,1,30,30,2.29016539699662
354,162,2,3.36458333333333,0.03125,1,26,26,2.31059762357341
355,163,2,3.38541666666667,0.03125,1,23,23,2.33103665873452
356,164,2,3.40625,0.03125,1,18,18,2.3514823321819
357,165,2,3.42708333333333,0.03125,1,21,21,2.3719344791973
358,166,2,3.44791666666667,0.03125,1,13,13,2.39239294041779
359,167,2,3.46875,0.03125,1,15,15,2.41285756162183
360,168,2,3.48958333333333,0.03125,1,20,20,2.43332819352549
361,169,2,3.51041666666667,0.03125,1,22,22,2.45380469158818
362,170,2,3.53125,0.03125,1,17,17,2.47428691582737
363,171,2,3.55208333333333,0.03125,1,27,27,2.49477473064191
364,172,2,3.57291666666667,0.03125,1,23,23,2.51526800464333
365,173,2,3.59375,0.03125,1,4,4,2.53576661049494
366,174,2,3.61458333333333,0.03125,1,18,18,2.55627042475807
367,175,2,3.63541666666667,0.03125,1,16,16,2.57677932774527
368,176,2,3.65625,0.03125,1,25,25,2.59729320338001
369,177,2,3.67708333333333,0.03125,1,34,34,2.61781193906258
370,178,2,3.69791666666667,0.03125,1,22,22,2.63833542554191
371,179,2,3.71875,0.03125,1,20,20,2.65886355679291
372,180,2,3.73958333333333,0.03125,1,15,15,2.67939622989918
373,181,2,3.76041666666667,0.03125,1,10,10,2.69993334494075
374,182,2,3.78125,0.03125,1,10,10,2.72047480488658
375,183,2,3.80208333333333,0.03125,1,23,23,2.74102051549165
376,184,2,3.82291666666667,0.03125,1,34,34,2.76157038519839
377,185,2,3.84375,0.03125,1,16,16,2.78212432504221
378,186,2,3.86458333333333,0.03125,1,36,36,2.80268224856099
379,187,2,3.88541666666667,0.03125,1,17,17,2.82324407170831
380,188,2,3.90625,0.03125,1,21,21,2.84380971277017
381,189,2,3.92708333333333,0.03125,1,21,21,2.86437909228523
382,190,2,3.94791666666667,0.03125,1,14,14,2.88495213296815
383,191,2,3.96875,0.03125,1,8,8,2.90552875963615
384,192,2,3.98958333333333,0.03125,1,12,12,2.92610889913837
385,1,3,0.0104166666666667,0.0520833333333333,1,25,25,0.986234097185726
386,2,3,0.03125,0.0520833333333333,1,25,25,0.967289043688624
387,3,3,0.0520833333333333,0.0520833333333333,1,32,32,0.948415636673844
388,4,3,0.0729166666666667,0.0520833333333333,1,24,24,0.929617816095964
389,5,3,0.09375,0.0520833333333333,1,20,20,0.9108997985843
390,6,3,0.114583333333333,0.0520833333333333,1,32,32,0.892266100342488
391,7,3,0.135416666666667,0.0520833333333333,1,19,19,0.873721562129316
392,8,3,0.15625,0.0520833333333333,1,13,13,0.855271376509198
393,9,3,0.177083333333333,0.0520833333333333,1,25,25,0.836921117573703
394,10,3,0.197916666666667,0.0520833333333333,1,26,26,0.818676773347889
395,11,3,0.21875,0.0520833333333333,1,22,22,0.800544781106291
396,12,3,0.239583333333333,0.0520833333333333,1,28,28,0.782532065832297
397,13,3,0.260416666666667,0.0520833333333333,1,17,17,0.764646082060297
398,14,3,0.28125,0.0520833333333333,1,30,30,0.746894859340744
399,15,3,0.302083333333333,0.0520833333333333,1,26,26,0.729287051562298
400,16,3,0.322916666666667,0.0520833333333333,1,24,24,0.711831990349946
401,17,3,0.34375,0.0520833333333333,1,21,21,0.694539742730203
402,18,3,0.364583333333333,0.0520833333333333,1,25,25,0.67742117321022
403,19,3,0.385416666666667,0.0520833333333333,1,8,8,0.660488010351833
404,20,3,0.40625,0.0520833333333333,1,19,19,0.643752917828077
405,21,3,0.427083333333333,0.0520833333333333,1,30,30,0.627229569821128
406,22,3,0.447916666666667,0.0520833333333333,1,15,15,0.610932730447982
407,23,3,0.46875,0.0520833333333333,1,24,24,0.594878336673247
408,24,3,0.489583333333333,0.0520833333333333,1,27,27,0.579083583875276
409,25,3,0.510416666666667,0.0520833333333333,1,28,28,0.563567012859708
410,26,3,0.53125,0.0520833333333333,1,21,21,0.54834859664981
411,27,3,0.552083333333333,0.0520833333333333,1,25,25,0.533449824812949
412,28,3,0.572916666666667,0.0520833333333333,1,21,21,0.518893782396373
413,29,3,0.59375,0.0520833333333333,1,22,22,0.5047052197375
414,30,3,0.614583333333333,0.0520833333333333,1,22,22,0.490910608486785
415,31,3,0.635416666666667,0.0520833333333333,1,27,27,0.477538178151213
416,32,3,0.65625,0.0520833333333333,1,31,31,0.464617926369486
417,33,3,0.677083333333333,0.0520833333333333,1,16,16,0.452181595029107
418,34,3,0.697916666666667,0.0520833333333333,1,14,14,0.440262603328748
419,35,3,0.71875,0.0520833333333333,1,19,19,0.428895928116088
420,36,3,0.739583333333333,0.0520833333333333,1,17,17,0.418117921476912
421,37,3,0.760416666666667,0.0520833333333333,1,16,16,0.407966055843192
422,38,3,0.78125,0.0520833333333333,1,24,24,0.398478588083558
423,39,3,0.802083333333333,0.0520833333333333,1,18,18,0.389694136397632
424,40,3,0.822916666666667,0.0520833333333333,1,22,22,0.381651167570704
425,41,3,0.84375,0.0520833333333333,1,16,16,0.374387397363988
426,42,3,0.864583333333333,0.0520833333333333,1,15,15,0.367939113442004
427,43,3,0.885416666666667,0.0520833333333333,1,10,10,0.362340437941086
428,44,3,0.90625,0.0520833333333333,1,29,29,0.35762255492685
429,45,3,0.927083333333333,0.0520833333333333,1,17,17,0.353812935641499
430,46,3,0.947916666666667,0.0520833333333333,1,23,23,0.350934600456528
431,47,3,0.96875,0.0520833333333333,1,21,21,0.349005459630256
432,48,3,0.989583333333333,0.0520833333333333,1,13,13,0.348037774325137
433,49,3,1.01041666666667,0.0520833333333333,1,17,17,0.348037774325137
434,50,3,1.03125,0.0520833333333333,1,24,24,0.349005459630256
435,51,3,1.05208333333333,0.0520833333333333,1,31,31,0.350934600456528
436,52,3,1.07291666666667,0.0520833333333333,1,8,8,0.353812935641499
437,53,3,1.09375,0.0520833333333333,1,21,21,0.35762255492685
438,54,3,1.11458333333333,0.0520833333333333,1,27,27,0.362340437941086
439,55,3,1.13541666666667,0.0520833333333333,1,15,15,0.367939113442004
440,56,3,1.15625,0.0520833333333333,1,12,12,0.374387397363988
441,57,3,1.17708333333333,0.0520833333333333,1,24,24,0.381651167570704
442,58,3,1.19791666666667,0.0520833333333333,1,14,14,0.389694136397632
443,59,3,1.21875,0.0520833333333333,1,22,22,0.398478588083558
444,60,3,1.23958333333333,0.0520833333333333,1,17,17,0.407966055843192
445,61,3,1.26041666666667,0.0520833333333333,1,23,23,0.418117921476912
446,62,3,1.28125,0.0520833333333333,1,23,23,0.428895928116088
447,63,3,1.30208333333333,0.0520833333333333,1,9,9,0.440262603328747
448,64,3,1.32291666666667,0.0520833333333333,1,9,9,0.452181595029107
449,65,3,1.34375,0.0520833333333333,1,19,19,0.464617926369486
450,66,3,1.36458333333333,0.0520833333333333,1,16,16,0.477538178151213
451,67,3,1.38541666666667,0.0520833333333333,1,30,30,0.490910608486785
452,68,3,1.40625,0.0520833333333333,1,26,26,0.5047052197375
453,69,3,1.42708333333333,0.0520833333333333,1,16,16,0.518893782396373
454,70,3,1.44791666666667,0.0520833333333333,1,29,29,0.533449824812949
455,71,3,1.46875,0.0520833333333333,1,25,25,0.54834859664981
456,72,3,1.48958333333333,0.0520833333333333,1,19,19,0.563567012859708
457,73,3,1.51041666666667,0.0520833333333333,1,16,16,0.579083583875276
458,74,3,1.53125,0.0520833333333333,1,24,24,0.594878336673247
459,75,3,1.55208333333333,0.0520833333333333,1,15,15,0.610932730447981
460,76,3,1.57291666666667,0.0520833333333333,1,26,26,0.627229569821127
461,77,3,1.59375,0.0520833333333333,1,21,21,0.643752917828077
462,78,3,1.61458333333333,0.0520833333333333,1,13,13,0.660488010351832
463,79,3,1.63541666666667,0.0520833333333333,1,27,27,0.67742117321022
464,80,3,1.65625,0.0520833333333333,1,19,19,0.694539742730203
465,81,3,1.67708333333333,0.0520833333333333,1,16,16,0.711831990349946
466,82,3,1.69791666666667,0.0520833333333333,1,15,15,0.729287051562297
467,83,3,1.71875,0.0520833333333333,1,26,26,0.746894859340744
468,84,3,1.73958333333333,0.0520833333333333,1,27,27,0.764646082060297
469,85,3,1.76041666666667,0.0520833333333333,1,18,18,0.782532065832297
470,86,3,1.78125,0.0520833333333333,1,19,19,0.800544781106291
471,87,3,1.80208333333333,0.0520833333333333,1,25,25,0.818676773347889
472,88,3,1.82291666666667,0.0520833333333333,1,23,23,0.836921117573702
473,89,3,1.84375,0.0520833333333333,1,25,25,0.855271376509198
474,90,3,1.86458333333333,0.0520833333333333,1,18,18,0.873721562129316
475,91,3,1.88541666666667,0.0520833333333333,1,24,24,0.892266100342488
476,92,3,1.90625,0.0520833333333333,1,14,14,0.9108997985843
477,93,3,1.92708333333333,0.0520833333333333,1,17,17,0.929617816095964
478,94,3,1.94791666666667,0.0520833333333333,1,13,13,0.948415636673844
479,95,3,1.96875,0.0520833333333333,1,25,25,0.967289043688624
480,96,3,1.98958333333333,0.0520833333333333,1,21,21,0.986234097185726
481,97,3,2.01041666666667,0.0520833333333333,1,19,19,1.00524711289175
482,98,3,2.03125,0.0520833333333333,1,20,20,1.02432464296473
483,99,3,2.05208333333333,0.0520833333333333,1,24,24,1.04346345833855
484,100,3,2.07291666666667,0.0520833333333333,1,15,15,1.06266053252396
485,101,3,2.09375,0.0520833333333333,1,19,19,1.08191302674003
486,102,3,2.11458333333333,0.0520833333333333,1,20,20,1.10121827626049
487,103,3,2.13541666666667,0.0520833333333333,1,14,14,1.12057377786934
488,104,3,2.15625,0.0520833333333333,1,23,23,1.13997717832941
489,105,3,2.17708333333333,0.0520833333333333,1,12,12,1.15942626377605
490,106,3,2.19791666666667,0.0520833333333333,1,31,31,1.17891894995561
491,107,3,2.21875,0.0520833333333333,1,20,20,1.19845327323619
492,108,3,2.23958333333333,0.0520833333333333,1,24,24,1.21802738232389
493,109,3,2.26041666666667,0.0520833333333333,1,22,22,1.23763953062433
494,110,3,2.28125,0.0520833333333333,1,17,17,1.25728806919452
495,111,3,2.30208333333333,0.0520833333333333,1,23,23,1.27697144023477
496,112,3,2.32291666666667,0.0520833333333333,1,25,25,1.2966881710755
497,113,3,2.34375,0.0520833333333333,1,11,11,1.31643686861709
498,114,3,2.36458333333333,0.0520833333333333,1,13,13,1.33621621418535
499,115,3,2.38541666666667,0.0520833333333333,1,12,12,1.35602495876807
500,116,3,2.40625,0.0520833333333333,1,15,15,1.37586191860139
501,117,3,2.42708333333333,0.0520833333333333,1,14,14,1.39572597107744
502,118,3,2.44791666666667,0.0520833333333333,1,23,23,1.41561605094723
503,119,3,2.46875,0.0520833333333333,1,15,15,1.43553114679507
504,120,3,2.48958333333333,0.0520833333333333,1,10,10,1.45547029776278
505,121,3,2.51041666666667,0.0520833333333333,1,16,16,1.47543259050402
506,122,3,2.53125,0.0520833333333333,1,36,36,1.49541715635058
507,123,3,2.55208333333333,0.0520833333333333,1,19,19,1.51542316867404
508,124,3,2.57291666666667,0.0520833333333333,1,27,27,1.53544984042787
509,125,3,2.59375,0.0520833333333333,1,22,22,1.55549642185593
510,126,3,2.61458333333333,0.0520833333333333,1,23,23,1.5755621983548
511,127,3,2.63541666666667,0.0520833333333333,1,21,21,1.59564648847833
512,128,3,2.65625,0.0520833333333333,1,10,10,1.61574864207371
513,129,3,2.67708333333333,0.0520833333333333,1,24,24,1.63586803853928
514,130,3,2.69791666666667,0.0520833333333333,1,25,25,1.6560040851952
515,131,3,2.71875,0.0520833333333333,1,25,25,1.67615621575856
516,132,3,2.73958333333333,0.0520833333333333,1,23,23,1.69632388891561
517,133,3,2.76041666666667,0.0520833333333333,1,24,24,1.71650658698381
518,134,3,2.78125,0.0520833333333333,1,36,36,1.7367038146576
519,135,3,2.80208333333333,0.0520833333333333,1,24,24,1.75691509783177
520,136,3,2.82291666666667,0.0520833333333333,1,16,16,1.77713998249701
521,137,3,2.84375,0.0520833333333333,1,26,26,1.79737803370277
522,138,3,2.86458333333333,0.0520833333333333,1,16,16,1.8176288345825
523,139,3,2.88541666666667,0.0520833333333333,1,21,21,1.83789198543733
524,140,3,2.90625,0.0520833333333333,1,21,21,1.85816710287395
525,141,3,2.92708333333333,0.0520833333333333,1,27,27,1.87845381899323
526,142,3,2.94791666666667,0.0520833333333333,1,19,19,1.89875178062599
527,143,3,2.96875,0.0520833333333333,1,22,22,1.91906064861306
528,144,3,2.98958333333333,0.0520833333333333,1,17,17,1.93938009712647
529,145,3,3.01041666666667,0.0520833333333333,1,23,23,1.95970981302923
530,146,3,3.03125,0.0520833333333333,1,16,16,1.98004949527115
531,147,3,3.05208333333333,0.0520833333333333,1,8,8,2.00039885431844
532,148,3,3.07291666666667,0.0520833333333333,1,29,29,2.02075761161483
533,149,3,3.09375,0.0520833333333333,1,24,24,2.04112549907234
534,150,3,3.11458333333333,0.0520833333333333,1,22,22,2.06150225858982
535,151,3,3.13541666666667,0.0520833333333333,1,19,19,2.08188764159742
536,152,3,3.15625,0.0520833333333333,1,22,22,2.10228140862556
537,153,3,3.17708333333333,0.0520833333333333,1,19,19,2.12268332889675
538,154,3,3.19791666666667,0.0520833333333333,1,25,25,2.14309317993901
539,155,3,3.21875,0.0520833333333333,1,27,27,2.16351074721941
540,156,3,3.23958333333333,0.0520833333333333,1,23,23,2.18393582379677
541,157,3,3.26041666666667,0.0520833333333333,1,27,27,2.20436820999211
542,158,3,3.28125,0.0520833333333333,1,22,22,2.22480771307603
543,159,3,3.30208333333333,0.0520833333333333,1,13,13,2.2452541469719
544,160,3,3.32291666666667,0.0520833333333333,1,17,17,2.265707331974
545,161,3,3.34375,0.0520833333333333,1,15,15,2.28616709447972
546,162,3,3.36458333333333,0.0520833333333333,1,17,17,2.306633266735
547,163,3,3.38541666666667,0.0520833333333333,1,26,26,2.32710568659234
548,164,3,3.40625,0.0520833333333333,1,18,18,2.34758419728061
549,165,3,3.42708333333333,0.0520833333333333,1,17,17,2.36806864718594
550,166,3,3.44791666666667,0.0520833333333333,1,29,29,2.38855888964321
551,167,3,3.46875,0.0520833333333333,1,20,20,2.40905478273747
552,168,3,3.48958333333333,0.0520833333333333,1,22,22,2.42955618911478
553,169,3,3.51041666666667,0.0520833333333333,1,16,16,2.45006297580188
554,170,3,3.53125,0.0520833333333333,1,9,9,2.47057501403437
555,171,3,3.55208333333333,0.0520833333333333,1,21,21,2.49109217909274
556,172,3,3.57291666666667,0.0520833333333333,1,11,11,2.51161435014607
557,173,3,3.59375,0.0520833333333333,1,20,20,2.53214141010277
558,174,3,3.61458333333333,0.0520833333333333,1,14,14,2.55267324546809
559,175,3,3.63541666666667,0.0520833333333333,1,9,9,2.57320974620815
560,176,3,3.65625,0.0520833333333333,1,21,21,2.59375080561988
561,177,3,3.67708333333333,0.0520833333333333,1,26,26,2.61429632020693
562,178,3,3.69791666666667,0.0520833333333333,1,21,21,2.63484618956086
563,179,3,3.71875,0.0520833333333333,1,22,22,2.65540031624767
564,180,3,3.73958333333333,0.0520833333333333,1,11,11,2.67595860569922
565,181,3,3.76041666666667,0.0520833333333333,1,14,14,2.6965209661093
566,182,3,3.78125,0.0520833333333333,1,9,9,2.71708730833423
567,183,3,3.80208333333333,0.0520833333333333,1,20,20,2.73765754579763
568,184,3,3.82291666666667,0.0520833333333333,1,18,18,2.75823159439928
569,185,3,3.84375,0.0520833333333333,1,24,24,2.77880937242774
570,186,3,3.86458333333333,0.0520833333333333,1,17,17,2.79939080047669
571,187,3,3.88541666666667,0.0520833333333333,1,10,10,2.81997580136472
572,188,3,3.90625,0.0520833333333333,1,21,21,2.84056430005837
573,189,3,3.92708333333333,0.0520833333333333,1,13,13,2.8611562235984
574,190,3,3.94791666666667,0.0520833333333333,1,13,13,2.88175150102903
575,191,3,3.96875,0.0520833333333333,1,19,19,2.90235006333002
576,192,3,3.98958333333333,0.0520833333333333,1,11,11,2.9229518433515
577,1,4,0.0104166666666667,0.0729166666666667,1,31,31,0.977810441228986
578,2,4,0.03125,0.0729166666666667,1,22,22,0.958714662272659
579,3,4,0.0520833333333333,0.0729166666666667,1,12,12,0.939685616210764
580,4,4,0.0729166666666667,0.0729166666666667,1,24,24,0.920727035281988
581,5,4,0.09375,0.0729166666666667,1,8,8,0.901842919878716
582,6,4,0.114583333333333,0.0729166666666667,1,8,8,0.883037561450336
583,7,4,0.135416666666667,0.0729166666666667,1,15,15,0.864315567586093
584,8,4,0.15625,0.0729166666666667,1,19,19,0.845681889490917
585,9,4,0.177083333333333,0.0729166666666667,1,12,12,0.827141852085693
586,10,4,0.197916666666667,0.0729166666666667,1,28,28,0.80870118698185
587,11,4,0.21875,0.0729166666666667,1,35,35,0.790366068598254
588,12,4,0.239583333333333,0.0729166666666667,1,20,20,0.772143153705603
589,13,4,0.260416666666667,0.0729166666666667,1,25,25,0.754039624698735
590,14,4,0.28125,0.0729166666666667,1,9,9,0.736063236909213
591,15,4,0.302083333333333,0.0729166666666667,1,18,18,0.718222370277312
592,16,4,0.322916666666667,0.0729166666666667,1,13,13,0.700526085701702
593,17,4,0.34375,0.0729166666666667,1,26,26,0.682984186373589
594,18,4,0.364583333333333,0.0729166666666667,1,20,20,0.66560728437554
595,19,4,0.385416666666667,0.0729166666666667,1,22,22,0.648406872778586
596,20,4,0.40625,0.0729166666666667,1,31,31,0.631395403397582
597,21,4,0.427083333333333,0.0729166666666667,1,22,22,0.614586370255937
598,22,4,0.447916666666667,0.0729166666666667,1,21,21,0.59799439865629
599,23,4,0.46875,0.0729166666666667,1,15,15,0.581635339540954
600,24,4,0.489583333333333,0.0729166666666667,1,11,11,0.565526368540137
601,25,4,0.510416666666667,0.0729166666666667,1,20,20,0.549686088729695
602,26,4,0.53125,0.0729166666666667,1,15,15,0.534134635634351
603,27,4,0.552083333333333,0.0729166666666667,1,15,15,0.518893782396373
604,28,4,0.572916666666667,0.0729166666666667,1,25,25,0.503987042263509
605,29,4,0.59375,0.0729166666666667,1,28,28,0.489439764616463
606,30,4,0.614583333333333,0.0729166666666667,1,20,20,0.47527921964517
607,31,4,0.635416666666667,0.0729166666666667,1,33,33,0.461534665497648
608,32,4,0.65625,0.0729166666666667,1,24,24,0.448237390289199
609,33,4,0.677083333333333,0.0729166666666667,1,16,16,0.435420719829017
610,34,4,0.697916666666667,0.0729166666666667,1,32,32,0.423119980395405
611,35,4,0.71875,0.0729166666666667,1,28,28,0.411372404526399
612,36,4,0.739583333333333,0.0729166666666667,1,16,16,0.40021696681429
613,37,4,0.760416666666667,0.0729166666666667,1,18,18,0.389694136397632
614,38,4,0.78125,0.0729166666666667,1,22,22,0.379845533595043
615,39,4,0.802083333333333,0.0729166666666667,1,21,21,0.370713480320625
616,40,4,0.822916666666667,0.0729166666666667,1,24,24,0.362340437941086
617,41,4,0.84375,0.0729166666666667,1,17,17,0.354768332352981
618,42,4,0.864583333333333,0.0729166666666667,1,27,27,0.348037774325137
619,43,4,0.885416666666667,0.0729166666666667,1,15,15,0.342187193266482
620,44,4,0.90625,0.0729166666666667,1,25,25,0.33725191378782
621,45,4,0.927083333333333,0.0729166666666667,1,22,22,0.333263215480946
622,46,4,0.947916666666667,0.0729166666666667,1,27,27,0.330247425584654
623,47,4,0.96875,0.0729166666666667,1,7,7,0.328225099814468
624,48,4,0.989583333333333,0.0729166666666667,1,17,17,0.327210346966872
625,49,4,1.01041666666667,0.0729166666666667,1,24,24,0.327210346966872
626,50,4,1.03125,0.0729166666666667,1,29,29,0.328225099814468
627,51,4,1.05208333333333,0.0729166666666667,1,18,18,0.330247425584654
628,52,4,1.07291666666667,0.0729166666666667,1,19,19,0.333263215480946
629,53,4,1.09375,0.0729166666666667,1,15,15,0.33725191378782
630,54,4,1.11458333333333,0.0729166666666667,1,16,16,0.342187193266482
631,55,4,1.13541666666667,0.0729166666666667,1,14,14,0.348037774325137
632,56,4,1.15625,0.0729166666666667,1,13,13,0.354768332352981
633,57,4,1.17708333333333,0.0729166666666667,1,15,15,0.362340437941086
634,58,4,1.19791666666667,0.0729166666666667,1,22,22,0.370713480320625
635,59,4,1.21875,0.0729166666666667,1,21,21,0.379845533595043
636,60,4,1.23958333333333,0.0729166666666667,1,15,15,0.389694136397632
637,61,4,1.26041666666667,0.0729166666666667,1,25,25,0.40021696681429
638,62,4,1.28125,0.0729166666666667,1,27,27,0.411372404526399
639,63,4,1.30208333333333,0.0729166666666667,1,12,12,0.423119980395405
640,64,4,1.32291666666667,0.0729166666666667,1,23,23,0.435420719829017
641,65,4,1.34375,0.0729166666666667,1,14,14,0.448237390289199
642,66,4,1.36458333333333,0.0729166666666667,1,27,27,0.461534665497648
643,67,4,1.38541666666667,0.0729166666666667,1,19,19,0.47527921964517
644,68,4,1.40625,0.0729166666666667,1,6,6,0.489439764616463
645,69,4,1.42708333333333,0.0729166666666667,1,23,23,0.503987042263509
646,70,4,1.44791666666667,0.0729166666666667,1,23,23,0.518893782396373
647,71,4,1.46875,0.0729166666666667,1,19,19,0.534134635634351
648,72,4,1.48958333333333,0.0729166666666667,1,25,25,0.549686088729695
649,73,4,1.51041666666667,0.0729166666666667,1,22,22,0.565526368540137
650,74,4,1.53125,0.0729166666666667,1,21,21,0.581635339540954
651,75,4,1.55208333333333,0.0729166666666667,1,5,5,0.59799439865629
652,76,4,1.57291666666667,0.0729166666666667,1,31,31,0.614586370255937
653,77,4,1.59375,0.0729166666666667,1,20,20,0.631395403397582
654,78,4,1.61458333333333,0.0729166666666667,1,8,8,0.648406872778586
655,79,4,1.63541666666667,0.0729166666666667,1,13,13,0.66560728437554
656,80,4,1.65625,0.0729166666666667,1,19,19,0.682984186373589
657,81,4,1.67708333333333,0.0729166666666667,1,20,20,0.700526085701702
658,82,4,1.69791666666667,0.0729166666666667,1,24,24,0.718222370277312
659,83,4,1.71875,0.0729166666666667,1,26,26,0.736063236909213
660,84,4,1.73958333333333,0.0729166666666667,1,16,16,0.754039624698735
661,85,4,1.76041666666667,0.0729166666666667,1,18,18,0.772143153705603
662,86,4,1.78125,0.0729166666666667,1,18,18,0.790366068598254
663,87,4,1.80208333333333,0.0729166666666667,1,27,27,0.808701186981849
664,88,4,1.82291666666667,0.0729166666666667,1,16,16,0.827141852085693
665,89,4,1.84375,0.0729166666666667,1,22,22,0.845681889490917
666,90,4,1.86458333333333,0.0729166666666667,1,36,36,0.864315567586093
667,91,4,1.88541666666667,0.0729166666666667,1,11,11,0.883037561450335
668,92,4,1.90625,0.0729166666666667,1,12,12,0.901842919878716
669,93,4,1.92708333333333,0.0729166666666667,1,21,21,0.920727035281987
670,94,4,1.94791666666667,0.0729166666666667,1,22,22,0.939685616210764
671,95,4,1.96875,0.0729166666666667,1,10,10,0.958714662272659
672,96,4,1.98958333333333,0.0729166666666667,1,25,25,0.977810441228986
673,97,4,2.01041666666667,0.0729166666666667,1,27,27,0.996969468075064
674,98,4,2.03125,0.0729166666666667,1,22,22,1.01618848592481
675,99,4,2.05208333333333,0.0729166666666667,1,16,16,1.03546444853588
676,100,4,2.07291666666667,0.0729166666666667,1,18,18,1.0547945043263
677,101,4,2.09375,0.0729166666666667,1,22,22,1.07417598174682
678,102,4,2.11458333333333,0.0729166666666667,1,25,25,1.09360637588593
679,103,4,2.13541666666667,0.0729166666666667,1,21,21,1.11308333619564
680,104,4,2.15625,0.0729166666666667,1,16,16,1.13260465523667
681,105,4,2.17708333333333,0.0729166666666667,1,15,15,1.15216825835118
682,106,4,2.19791666666667,0.0729166666666667,1,21,21,1.17177219417979
683,107,4,2.21875,0.0729166666666667,1,11,11,1.1914146259475
684,108,4,2.23958333333333,0.0729166666666667,1,20,20,1.21109382345006
685,109,4,2.26041666666667,0.0729166666666667,1,21,21,1.23080815567918
686,110,4,2.28125,0.0729166666666667,1,31,31,1.25055608403025
687,111,4,2.30208333333333,0.0729166666666667,1,16,16,1.27033615604185
688,112,4,2.32291666666667,0.0729166666666667,1,8,8,1.2901469996211
689,113,4,2.34375,0.0729166666666667,1,26,26,1.30998731771286
690,114,4,2.36458333333333,0.0729166666666667,1,15,15,1.32985588337504
691,115,4,2.38541666666667,0.0729166666666667,1,24,24,1.34975153522557
692,116,4,2.40625,0.0729166666666667,1,12,12,1.36967317322972
693,117,4,2.42708333333333,0.0729166666666667,1,9,9,1.38961975479949
694,118,4,2.44791666666667,0.0729166666666667,1,16,16,1.40959029117911
695,119,4,2.46875,0.0729166666666667,1,18,18,1.42958384409326
696,120,4,2.48958333333333,0.0729166666666667,1,17,17,1.44959952263659
697,121,4,2.51041666666667,0.0729166666666667,1,30,30,1.46963648038505
698,122,4,2.53125,0.0729166666666667,1,9,9,1.48969391271122
699,123,4,2.55208333333333,0.0729166666666667,1,12,12,1.5097710542876
700,124,4,2.57291666666667,0.0729166666666667,1,11,11,1.52986717676285
701,125,4,2.59375,0.0729166666666667,1,23,23,1.54998158659759
702,126,4,2.61458333333333,0.0729166666666667,1,20,20,1.57011362304751
703,127,4,2.63541666666667,0.0729166666666667,1,22,22,1.59026265628222
704,128,4,2.65625,0.0729166666666667,1,18,18,1.61042808562977
705,129,4,2.67708333333333,0.0729166666666667,1,26,26,1.63060933793723
706,130,4,2.69791666666667,0.0729166666666667,1,24,24,1.65080586603871
707,131,4,2.71875,0.0729166666666667,1,21,21,1.67101714732272
708,132,4,2.73958333333333,0.0729166666666667,1,24,24,1.69124268239181
709,133,4,2.76041666666667,0.0729166666666667,1,15,15,1.71148199380753
710,134,4,2.78125,0.0729166666666667,1,20,20,1.73173462491462
711,135,4,2.80208333333333,0.0729166666666667,1,12,12,1.7520001387389
712,136,4,2.82291666666667,0.0729166666666667,1,28,28,1.77227811695331
713,137,4,2.84375,0.0729166666666667,1,22,22,1.79256815890765
714,138,4,2.86458333333333,0.0729166666666667,1,14,14,1.81286988071734
715,139,4,2.88541666666667,0.0729166666666667,1,14,14,1.83318291440711
716,140,4,2.90625,0.0729166666666667,1,19,19,1.85350690710607
717,141,4,2.92708333333333,0.0729166666666667,1,21,21,1.87384152029038
718,142,4,2.94791666666667,0.0729166666666667,1,11,11,1.89418642907048
719,143,4,2.96875,0.0729166666666667,1,18,18,1.91454132151989
720,144,4,2.98958333333333,0.0729166666666667,1,15,15,1.93490589804268
721,145,4,3.01041666666667,0.0729166666666667,1,22,22,1.95527987077727
722,146,4,3.03125,0.0729166666666667,1,24,24,1.97566296303401
723,147,4,3.05208333333333,0.0729166666666667,1,24,24,1.99605490876445
724,148,4,3.07291666666667,0.0729166666666667,1,18,18,2.01645545206025
725,149,4,3.09375,0.0729166666666667,1,25,25,2.03686434667976
726,150,4,3.11458333333333,0.0729166666666667,1,30,30,2.05728135560066
727,151,4,3.13541666666667,0.0729166666666667,1,11,11,2.07770625059692
728,152,4,3.15625,0.0729166666666667,1,17,17,2.09813881183858
729,153,4,3.17708333333333,0.0729166666666667,1,30,30,2.11857882751298
730,154,4,3.19791666666667,0.0729166666666667,1,28,28,2.13902609346613
731,155,4,3.21875,0.0729166666666667,1,21,21,2.1594804128629
732,156,4,3.23958333333333,0.0729166666666667,1,22,22,2.17994159586502
733,157,4,3.26041666666667,0.0729166666666667,1,18,18,2.20040945932579
734,158,4,3.28125,0.0729166666666667,1,12,12,2.22088382650039
735,159,4,3.30208333333333,0.0729166666666667,1,23,23,2.24136452677113
736,160,4,3.32291666666667,0.0729166666666667,1,19,19,2.26185139538644
737,161,4,3.34375,0.0729166666666667,1,24,24,2.28234427321307
738,162,4,3.36458333333333,0.0729166666666667,1,30,30,2.30284300650061
739,163,4,3.38541666666667,0.0729166666666667,1,24,24,2.32334744665766
740,164,4,3.40625,0.0729166666666667,1,22,22,2.343857450039
741,165,4,3.42708333333333,0.0729166666666667,1,19,19,2.36437287774305
742,166,4,3.44791666666667,0.0729166666666667,1,20,20,2.38489359541924
743,167,4,3.46875,0.0729166666666667,1,25,25,2.40541947308452
744,168,4,3.48958333333333,0.0729166666666667,1,17,17,2.42595038494865
745,169,4,3.51041666666667,0.0729166666666667,1,12,12,2.44648620924773
746,170,4,3.53125,0.0729166666666667,1,8,8,2.46702682808558
747,171,4,3.55208333333333,0.0729166666666667,1,31,31,2.48757212728242
748,172,4,3.57291666666667,0.0729166666666667,1,17,17,2.50812199623066
749,173,4,3.59375,0.0729166666666667,1,21,21,2.52867632775721
750,174,4,3.61458333333333,0.0729166666666667,1,16,16,2.54923501799209
751,175,4,3.63541666666667,0.0729166666666667,1,27,27,2.56979796624306
752,176,4,3.65625,0.0729166666666667,1,20,20,2.59036507487573
753,177,4,3.67708333333333,0.0729166666666667,1,18,18,2.6109362491992
754,178,4,3.69791666666667,0.0729166666666667,1,36,36,2.63151139735658
755,179,4,3.71875,0.0729166666666667,1,19,19,2.65209043022047
756,180,4,3.73958333333333,0.0729166666666667,1,20,20,2.67267326129295
757,181,4,3.76041666666667,0.0729166666666667,1,19,19,2.69325980660987
758,182,4,3.78125,0.0729166666666667,1,22,22,2.71384998464934
759,183,4,3.80208333333333,0.0729166666666667,1,36,36,2.73444371624408
760,184,4,3.82291666666667,0.0729166666666667,1,14,14,2.7550409244975
761,185,4,3.84375,0.0729166666666667,1,21,21,2.77564153470336
762,186,4,3.86458333333333,0.0729166666666667,1,22,22,2.79624547426875
763,187,4,3.88541666666667,0.0729166666666667,1,22,22,2.8168526726403
764,188,4,3.90625,0.0729166666666667,1,7,7,2.83746306123347
765,189,4,3.92708333333333,0.0729166666666667,1,17,17,2.85807657336467
766,190,4,3.94791666666667,0.0729166666666667,1,16,16,2.87869314418626
767,191,4,3.96875,0.0729166666666667,1,28,28,2.89931271062407
768,192,4,3.98958333333333,0.0729166666666667,1,25,25,2.91993521131755
769,1,5,0.0104166666666667,0.09375,1,4,4,0.969726243536687
770,2,5,0.03125,0.09375,1,22,22,0.950483519623226
771,3,5,0.0520833333333333,0.09375,1,27,27,0.931302608085738
772,4,5,0.0729166666666667,0.09375,1,15,15,0.912187022957934
773,5,5,0.09375,0.09375,1,14,14,0.893140536379419
774,6,5,0.114583333333333,0.09375,1,18,18,0.874167201311516
775,7,5,0.135416666666667,0.09375,1,16,16,0.855271376509198
776,8,5,0.15625,0.09375,1,11,11,0.836457753985731
777,9,5,0.177083333333333,0.09375,1,11,11,0.817731389229865
778,10,5,0.197916666666667,0.09375,1,26,26,0.799097734460004
779,11,5,0.21875,0.09375,1,19,19,0.780562675225336
780,12,5,0.239583333333333,0.09375,1,23,23,0.76213257068994
781,13,5,0.260416666666667,0.09375,1,15,15,0.74381429796161
782,14,5,0.28125,0.09375,1,33,33,0.725615300851432
783,15,5,0.302083333333333,0.09375,1,18,18,0.70754364347143
784,16,5,0.322916666666667,0.09375,1,21,21,0.689608069093635
785,17,5,0.34375,0.09375,1,14,14,0.671818064701779
786,18,5,0.364583333333333,0.09375,1,22,22,0.654183931662415
787,19,5,0.385416666666667,0.09375,1,15,15,0.636716862920289
788,20,5,0.40625,0.09375,1,20,20,0.619429027076334
789,21,5,0.427083333333333,0.09375,1,15,15,0.602333659626566
790,22,5,0.447916666666667,0.09375,1,29,29,0.585445161515088
791,23,5,0.46875,0.09375,1,19,19,0.568779204969772
792,24,5,0.489583333333333,0.09375,1,23,23,0.552352846327132
793,25,5,0.510416666666667,0.09375,1,14,14,0.53618464519177
794,26,5,0.53125,0.09375,1,14,14,0.520294788789975
795,27,5,0.552083333333333,0.09375,1,25,25,0.5047052197375
796,28,5,0.572916666666667,0.09375,1,24,24,0.489439764616463
797,29,5,0.59375,0.09375,1,22,22,0.47452425971407
798,30,5,0.614583333333333,0.09375,1,16,16,0.459986668988151
799,31,5,0.635416666666667,0.09375,1,18,18,0.445857187773913
800,32,5,0.65625,0.09375,1,16,16,0.4321683239352
801,33,5,0.677083333333333,0.09375,1,33,33,0.418954946128381
802,34,5,0.697916666666667,0.09375,1,21,21,0.406254286675953
803,35,5,0.71875,0.09375,1,19,19,0.394105884401309
804,36,5,0.739583333333333,0.09375,1,8,8,0.38255145091252
805,37,5,0.760416666666667,0.09375,1,23,23,0.371634642611324
806,38,5,0.78125,0.09375,1,17,17,0.361400720632294
807,39,5,0.802083333333333,0.09375,1,22,22,0.35189608257258
808,40,5,0.822916666666667,0.09375,1,17,17,0.343167653878805
809,41,5,0.84375,0.09375,1,27,27,0.335262133662004
810,42,5,0.864583333333333,0.09375,1,5,5,0.328225099814468
811,43,5,0.885416666666667,0.09375,1,21,21,0.322099991444892
812,44,5,0.90625,0.09375,1,30,30,0.316927002003948
813,45,5,0.927083333333333,0.09375,1,15,15,0.312741932419978
814,46,5,0.947916666666667,0.09375,1,14,14,0.309575067736198
815,47,5,0.96875,0.09375,1,15,15,0.307450150325166
816,48,5,0.989583333333333,0.09375,1,14,14,0.306383525065232
817,49,5,1.01041666666667,0.09375,1,15,15,0.306383525065232
818,50,5,1.03125,0.09375,1,19,19,0.307450150325166
819,51,5,1.05208333333333,0.09375,1,18,18,0.309575067736198
820,52,5,1.07291666666667,0.09375,1,23,23,0.312741932419978
821,53,5,1.09375,0.09375,1,28,28,0.316927002003948
822,54,5,1.11458333333333,0.09375,1,19,19,0.322099991444892
823,55,5,1.13541666666667,0.09375,1,20,20,0.328225099814468
824,56,5,1.15625,0.09375,1,19,19,0.335262133662004
825,57,5,1.17708333333333,0.09375,1,16,16,0.343167653878805
826,58,5,1.19791666666667,0.09375,1,14,14,0.35189608257258
827,59,5,1.21875,0.09375,1,17,17,0.361400720632294
828,60,5,1.23958333333333,0.09375,1,23,23,0.371634642611324
829,61,5,1.26041666666667,0.09375,1,21,21,0.38255145091252
830,62,5,1.28125,0.09375,1,24,24,0.394105884401309
831,63,5,1.30208333333333,0.09375,1,26,26,0.406254286675953
832,64,5,1.32291666666667,0.09375,1,13,13,0.418954946128381
833,65,5,1.34375,0.09375,1,20,20,0.4321683239352
834,66,5,1.36458333333333,0.09375,1,22,22,0.445857187773913
835,67,5,1.38541666666667,0.09375,1,17,17,0.45998666898815
836,68,5,1.40625,0.09375,1,14,14,0.47452425971407
837,69,5,1.42708333333333,0.09375,1,21,21,0.489439764616463
838,70,5,1.44791666666667,0.09375,1,24,24,0.5047052197375
839,71,5,1.46875,0.09375,1,10,10,0.520294788789975
840,72,5,1.48958333333333,0.09375,1,19,19,0.53618464519177
841,73,5,1.51041666666667,0.09375,1,26,26,0.552352846327132
842,74,5,1.53125,0.09375,1,21,21,0.568779204969772
843,75,5,1.55208333333333,0.09375,1,22,22,0.585445161515088
844,76,5,1.57291666666667,0.09375,1,24,24,0.602333659626565
845,77,5,1.59375,0.09375,1,7,7,0.619429027076334
846,78,5,1.61458333333333,0.09375,1,25,25,0.636716862920288
847,79,5,1.63541666666667,0.09375,1,30,30,0.654183931662415
848,80,5,1.65625,0.09375,1,16,16,0.671818064701779
849,81,5,1.67708333333333,0.09375,1,19,19,0.689608069093634
850,82,5,1.69791666666667,0.09375,1,22,22,0.707543643471429
851,83,5,1.71875,0.09375,1,25,25,0.725615300851432
852,84,5,1.73958333333333,0.09375,1,26,26,0.74381429796161
853,85,5,1.76041666666667,0.09375,1,21,21,0.76213257068994
854,86,5,1.78125,0.09375,1,24,24,0.780562675225336
855,87,5,1.80208333333333,0.09375,1,23,23,0.799097734460004
856,88,5,1.82291666666667,0.09375,1,23,23,0.817731389229865
857,89,5,1.84375,0.09375,1,18,18,0.836457753985731
858,90,5,1.86458333333333,0.09375,1,31,31,0.855271376509198
859,91,5,1.88541666666667,0.09375,1,15,15,0.874167201311516
860,92,5,1.90625,0.09375,1,14,14,0.893140536379419
861,93,5,1.92708333333333,0.09375,1,18,18,0.912187022957934
862,94,5,1.94791666666667,0.09375,1,15,15,0.931302608085738
863,95,5,1.96875,0.09375,1,30,30,0.950483519623226
864,96,5,1.98958333333333,0.09375,1,22,22,0.969726243536687
865,97,5,2.01041666666667,0.09375,1,17,17,0.98902750322376
866,98,5,2.03125,0.09375,1,12,12,1.00838424068551
867,99,5,2.05208333333333,0.09375,1,9,9,1.02779359936904
868,100,5,2.07291666666667,0.09375,1,28,28,1.04725290852153
869,101,5,2.09375,0.09375,1,19,19,1.06675966891215
870,102,5,2.11458333333333,0.09375,1,13,13,1.08631153979233
871,103,5,2.13541666666667,0.09375,1,36,36,1.10590632697753
872,104,5,2.15625,0.09375,1,27,27,1.12554197194547
873,105,5,2.17708333333333,0.09375,1,8,8,1.14521654185572
874,106,5,2.19791666666667,0.09375,1,23,23,1.16492822040532
875,107,5,2.21875,0.09375,1,29,29,1.1846752994434
876,108,5,2.23958333333333,0.09375,1,22,22,1.20445617127513
877,109,5,2.26041666666667,0.09375,1,28,28,1.22426932159252
878,110,5,2.28125,0.09375,1,19,19,1.24411332297541
879,111,5,2.30208333333333,0.09375,1,24,24,1.26398682891164
880,112,5,2.32291666666667,0.09375,1,9,9,1.28388856829025
881,113,5,2.34375,0.09375,1,26,26,1.30381734032601
882,114,5,2.36458333333333,0.09375,1,12,12,1.32377200987767
883,115,5,2.38541666666667,0.09375,1,16,16,1.34375150312572
884,116,5,2.40625,0.09375,1,34,34,1.3637548035788
885,117,5,2.42708333333333,0.09375,1,10,10,1.38378094838078
886,118,5,2.44791666666667,0.09375,1,26,26,1.40382902489316
887,119,5,2.46875,0.09375,1,15,15,1.42389816752958
888,120,5,2.48958333333333,0.09375,1,13,13,1.44398755482175
889,121,5,2.51041666666667,0.09375,1,19,19,1.46409640669763
890,122,5,2.53125,0.09375,1,13,13,1.48422398195457
891,123,5,2.55208333333333,0.09375,1,19,19,1.50436957591171
892,124,5,2.57291666666667,0.09375,1,25,25,1.52453251822725
893,125,5,2.59375,0.09375,1,22,22,1.5447121708676
894,126,5,2.61458333333333,0.09375,1,16,16,1.56490792621627
895,127,5,2.63541666666667,0.09375,1,26,26,1.58511920531193
896,128,5,2.65625,0.09375,1,14,14,1.60534545620528
897,129,5,2.67708333333333,0.09375,1,10,10,1.62558615242602
898,130,5,2.69791666666667,0.09375,1,20,20,1.64584079155129
899,131,5,2.71875,0.09375,1,18,18,1.6661088938681
900,132,5,2.73958333333333,0.09375,1,19,19,1.68639000112269
901,133,5,2.76041666666667,0.09375,1,26,26,1.70668367535044
902,134,5,2.78125,0.09375,1,27,27,1.72698949778043
903,135,5,2.80208333333333,0.09375,1,20,20,1.74730706780919
904,136,5,2.82291666666667,0.09375,1,19,19,1.7676360020387
905,137,5,2.84375,0.09375,1,24,24,1.78797593337415
906,138,5,2.86458333333333,0.09375,1,27,27,1.80832651017703
907,139,5,2.88541666666667,0.09375,1,24,24,1.82868739546989
908,140,5,2.90625,0.09375,1,22,22,1.84905826618908
909,141,5,2.92708333333333,0.09375,1,14,14,1.86943881248215
910,142,5,2.94791666666667,0.09375,1,21,21,1.88982873704693
911,143,5,2.96875,0.09375,1,24,24,1.91022775450942
912,144,5,2.98958333333333,0.09375,1,17,17,1.93063559083795
913,145,5,3.01041666666667,0.09375,1,28,28,1.95105198279105
914,146,5,3.03125,0.09375,1,18,18,1.97147667739707
915,147,5,3.05208333333333,0.09375,1,19,19,1.99190943146314
916,148,5,3.07291666666667,0.09375,1,28,28,2.0123500111119
917,149,5,3.09375,0.09375,1,22,22,2.03279819134394
918,150,5,3.11458333333333,0.09375,1,23,23,2.05325375562452
919,151,5,3.13541666666667,0.09375,1,25,25,2.07371649549286
920,152,5,3.15625,0.09375,1,13,13,2.09418621019274
921,153,5,3.17708333333333,0.09375,1,31,31,2.11466270632297
922,154,5,3.19791666666667,0.09375,1,19,19,2.13514579750653
923,155,5,3.21875,0.09375,1,25,25,2.15563530407732
924,156,5,3.23958333333333,0.09375,1,21,21,2.17613105278331
925,157,5,3.26041666666667,0.09375,1,15,15,2.19663287650518
926,158,5,3.28125,0.09375,1,16,16,2.21714061398958
927,159,5,3.30208333333333,0.09375,1,11,11,2.23765410959601
928,160,5,3.32291666666667,0.09375,1,22,22,2.25817321305662
929,161,5,3.34375,0.09375,1,27,27,2.27869777924813
930,162,5,3.36458333333333,0.09375,1,24,24,2.29922766797521
931,163,5,3.38541666666667,0.09375,1,26,26,2.31976274376458
932,164,5,3.40625,0.09375,1,19,19,2.34030287566933
933,165,5,3.42708333333333,0.09375,1,11,11,2.36084793708275
934,166,5,3.44791666666667,0.09375,1,22,22,2.3813978055613
935,167,5,3.46875,0.09375,1,20,20,2.40195236265601
936,168,5,3.48958333333333,0.09375,1,29,29,2.42251149375203
937,169,5,3.51041666666667,0.09375,1,27,27,2.44307508791577
938,170,5,3.53125,0.09375,1,20,20,2.46364303774921
939,171,5,3.55208333333333,0.09375,1,21,21,2.48421523925113
940,172,5,3.57291666666667,0.09375,1,24,24,2.50479159168466
941,173,5,3.59375,0.09375,1,12,12,2.52537199745103
942,174,5,3.61458333333333,0.09375,1,21,21,2.54595636196904
943,175,5,3.63541666666667,0.09375,1,20,20,2.56654459356007
944,176,5,3.65625,0.09375,1,23,23,2.58713660333821
945,177,5,3.67708333333333,0.09375,1,20,20,2.60773230510535
946,178,5,3.69791666666667,0.09375,1,31,31,2.62833161525093
947,179,5,3.71875,0.09375,1,15,15,2.64893445265616
948,180,5,3.73958333333333,0.09375,1,20,20,2.6695407386023
949,181,5,3.76041666666667,0.09375,1,20,20,2.69015039668314
950,182,5,3.78125,0.09375,1,13,13,2.71076335272111
951,183,5,3.80208333333333,0.09375,1,17,17,2.73137953468701
952,184,5,3.82291666666667,0.09375,1,9,9,2.75199887262328
953,185,5,3.84375,0.09375,1,21,21,2.77262129857035
954,186,5,3.86458333333333,0.09375,1,19,19,2.79324674649625
955,187,5,3.88541666666667,0.09375,1,20,20,2.81387515222903
956,188,5,3.90625,0.09375,1,21,21,2.83450645339212
957,189,5,3.92708333333333,0.09375,1,24,24,2.8551405893422
958,190,5,3.94791666666667,0.09375,1,18,18,2.87577750110977
959,191,5,3.96875,0.09375,1,16,16,2.89641713134203
960,192,5,3.98958333333333,0.09375,1,22,22,2.91705942424813
961,1,6,0.0104166666666667,0.114583333333333,1,23,23,0.961989256327744
962,2,6,0.03125,0.114583333333333,1,23,23,0.942603745170928
963,3,6,0.0520833333333333,0.114583333333333,1,19,19,0.923275140853568
964,4,6,0.0729166666666667,0.114583333333333,1,22,22,0.904006730001791
965,5,6,0.09375,0.114583333333333,1,10,10,0.884802045816541
966,6,6,0.114583333333333,0.114583333333333,1,15,15,0.865664890402232
967,7,6,0.135416666666667,0.114583333333333,1,20,20,0.846599359403028
968,8,6,0.15625,0.114583333333333,1,10,10,0.827609869203883
969,9,6,0.177083333333333,0.114583333333333,1,16,16,0.80870118698185
970,10,6,0.197916666666667,0.114583333333333,1,26,26,0.789878463923898
971,11,6,0.21875,0.114583333333333,1,22,22,0.771147271960628
972,12,6,0.239583333333333,0.114583333333333,1,15,15,0.752513644400422
973,13,6,0.260416666666667,0.114583333333333,1,21,21,0.733984120885337
974,14,6,0.28125,0.114583333333333,1,17,17,0.715565797127641
975,15,6,0.302083333333333,0.114583333333333,1,18,18,0.697266379923019
976,16,6,0.322916666666667,0.114583333333333,1,29,29,0.679094247971465
977,17,6,0.34375,0.114583333333333,1,26,26,0.661058519066993
978,18,6,0.364583333333333,0.114583333333333,1,19,19,0.64316912423904
979,19,6,0.385416666666667,0.114583333333333,1,24,24,0.625436889436673
980,20,6,0.40625,0.114583333333333,1,19,19,0.607873625334667
981,21,6,0.427083333333333,0.114583333333333,1,19,19,0.590492225799023
982,22,6,0.447916666666667,0.114583333333333,1,25,25,0.573306775466346
983,23,6,0.46875,0.114583333333333,1,16,16,0.556332666750973
984,24,6,0.489583333333333,0.114583333333333,1,24,24,0.539586726375365
985,25,6,0.510416666666667,0.114583333333333,1,24,24,0.523087351197424
986,26,6,0.53125,0.114583333333333,1,26,26,0.50685465265123
987,27,6,0.552083333333333,0.114583333333333,1,31,31,0.490910608486785
988,28,6,0.572916666666667,0.114583333333333,1,20,20,0.47527921964517
989,29,6,0.59375,0.114583333333333,1,12,12,0.459986668988151
990,30,6,0.614583333333333,0.114583333333333,1,15,15,0.445061477164631
991,31,6,0.635416666666667,0.114583333333333,1,27,27,0.430534649093619
992,32,6,0.65625,0.114583333333333,1,10,10,0.416439802343356
993,33,6,0.677083333333333,0.114583333333333,1,14,14,0.402813266089465
994,34,6,0.697916666666667,0.114583333333333,1,12,12,0.389694136397632
995,35,6,0.71875,0.114583333333333,1,21,21,0.377124270441616
996,36,6,0.739583333333333,0.114583333333333,1,24,24,0.365148199203461
997,37,6,0.760416666666667,0.114583333333333,1,18,18,0.353812935641499
998,38,6,0.78125,0.114583333333333,1,11,11,0.343167653878805
999,39,6,0.802083333333333,0.114583333333333,1,18,18,0.333263215480946
1000,40,6,0.822916666666667,0.114583333333333,1,21,21,0.324151522322965
1001,41,6,0.84375,0.114583333333333,1,27,27,0.315884682868274
1002,42,6,0.864583333333333,0.114583333333333,1,31,31,0.308513990648491
1003,43,6,0.885416666666667,0.114583333333333,1,11,11,0.302088730533725
1004,44,6,0.90625,0.114583333333333,1,24,24,0.296654849263745
1005,45,6,0.927083333333333,0.114583333333333,1,32,32,0.292253549661724
1006,46,6,0.947916666666667,0.114583333333333,1,15,15,0.288919889637385
1007,47,6,0.96875,0.114583333333333,1,12,12,0.286681483193137
1008,48,6,0.989583333333333,0.114583333333333,1,25,25,0.28555740673587
1009,49,6,1.01041666666667,0.114583333333333,1,22,22,0.28555740673587
1010,50,6,1.03125,0.114583333333333,1,16,16,0.286681483193137
1011,51,6,1.05208333333333,0.114583333333333,1,30,30,0.288919889637385
1012,52,6,1.07291666666667,0.114583333333333,1,13,13,0.292253549661724
1013,53,6,1.09375,0.114583333333333,1,12,12,0.296654849263745
1014,54,6,1.11458333333333,0.114583333333333,1,32,32,0.302088730533725
1015,55,6,1.13541666666667,0.114583333333333,1,20,20,0.308513990648491
1016,56,6,1.15625,0.114583333333333,1,18,18,0.315884682868274
1017,57,6,1.17708333333333,0.114583333333333,1,12,12,0.324151522322965
1018,58,6,1.19791666666667,0.114583333333333,1,23,23,0.333263215480946
1019,59,6,1.21875,0.114583333333333,1,11,11,0.343167653878805
1020,60,6,1.23958333333333,0.114583333333333,1,27,27,0.353812935641499
1021,61,6,1.26041666666667,0.114583333333333,1,8,8,0.36514819920346
1022,62,6,1.28125,0.114583333333333,1,18,18,0.377124270441616
1023,63,6,1.30208333333333,0.114583333333333,1,21,21,0.389694136397632
1024,64,6,1.32291666666667,0.114583333333333,1,17,17,0.402813266089465
1025,65,6,1.34375,0.114583333333333,1,24,24,0.416439802343356
1026,66,6,1.36458333333333,0.114583333333333,1,17,17,0.430534649093618
1027,67,6,1.38541666666667,0.114583333333333,1,17,17,0.44506147716463
1028,68,6,1.40625,0.114583333333333,1,20,20,0.459986668988151
1029,69,6,1.42708333333333,0.114583333333333,1,16,16,0.47527921964517
1030,70,6,1.44791666666667,0.114583333333333,1,19,19,0.490910608486785
1031,71,6,1.46875,0.114583333333333,1,21,21,0.50685465265123
1032,72,6,1.48958333333333,0.114583333333333,1,14,14,0.523087351197424
1033,73,6,1.51041666666667,0.114583333333333,1,17,17,0.539586726375365
1034,74,6,1.53125,0.114583333333333,1,16,16,0.556332666750973
1035,75,6,1.55208333333333,0.114583333333333,1,35,35,0.573306775466346
1036,76,6,1.57291666666667,0.114583333333333,1,22,22,0.590492225799023
1037,77,6,1.59375,0.114583333333333,1,31,31,0.607873625334667
1038,78,6,1.61458333333333,0.114583333333333,1,22,22,0.625436889436673
1039,79,6,1.63541666666667,0.114583333333333,1,23,23,0.64316912423904
1040,80,6,1.65625,0.114583333333333,1,24,24,0.661058519066993
1041,81,6,1.67708333333333,0.114583333333333,1,27,27,0.679094247971465
1042,82,6,1.69791666666667,0.114583333333333,1,20,20,0.697266379923019
1043,83,6,1.71875,0.114583333333333,1,21,21,0.715565797127641
1044,84,6,1.73958333333333,0.114583333333333,1,18,18,0.733984120885337
1045,85,6,1.76041666666667,0.114583333333333,1,4,4,0.752513644400422
1046,86,6,1.78125,0.114583333333333,1,27,27,0.771147271960628
1047,87,6,1.80208333333333,0.114583333333333,1,16,16,0.789878463923897
1048,88,6,1.82291666666667,0.114583333333333,1,22,22,0.808701186981849
1049,89,6,1.84375,0.114583333333333,1,7,7,0.827609869203883
1050,90,6,1.86458333333333,0.114583333333333,1,19,19,0.846599359403028
1051,91,6,1.88541666666667,0.114583333333333,1,19,19,0.865664890402232
1052,92,6,1.90625,0.114583333333333,1,21,21,0.884802045816541
1053,93,6,1.92708333333333,0.114583333333333,1,23,23,0.904006730001791
1054,94,6,1.94791666666667,0.114583333333333,1,14,14,0.923275140853568
1055,95,6,1.96875,0.114583333333333,1,19,19,0.942603745170928
1056,96,6,1.98958333333333,0.114583333333333,1,13,13,0.961989256327744
1057,97,6,2.01041666666667,0.114583333333333,1,13,13,0.981428614020464
1058,98,6,2.03125,0.114583333333333,1,24,24,1.00091896588461
1059,99,6,2.05208333333333,0.114583333333333,1,26,26,1.02045765079374
1060,100,6,2.07291666666667,0.114583333333333,1,16,16,1.04004218367372
1061,101,6,2.09375,0.114583333333333,1,13,13,1.05967024168271
1062,102,6,2.11458333333333,0.114583333333333,1,24,24,1.07933965162242
1063,103,6,2.13541666666667,0.114583333333333,1,28,28,1.09904837846056
1064,104,6,2.15625,0.114583333333333,1,22,22,1.11879451485656
1065,105,6,2.17708333333333,0.114583333333333,1,16,16,1.13857627159394
1066,106,6,2.19791666666667,0.114583333333333,1,20,20,1.15839196883253
1067,107,6,2.21875,0.114583333333333,1,13,13,1.17824002810288
1068,108,6,2.23958333333333,0.114583333333333,1,15,15,1.19811896497286
1069,109,6,2.26041666666667,0.114583333333333,1,23,23,1.21802738232389
1070,110,6,2.28125,0.114583333333333,1,21,21,1.23796396418007
1071,111,6,2.30208333333333,0.114583333333333,1,23,23,1.25792747003987
1072,112,6,2.32291666666667,0.114583333333333,1,14,14,1.27791672966435
1073,113,6,2.34375,0.114583333333333,1,26,26,1.2979306382809
1074,114,6,2.36458333333333,0.114583333333333,1,21,21,1.31796815216547
1075,115,6,2.38541666666667,0.114583333333333,1,31,31,1.33802828456961
1076,116,6,2.40625,0.114583333333333,1,25,25,1.35811010196228
1077,117,6,2.42708333333333,0.114583333333333,1,17,17,1.37821272055893
1078,118,6,2.44791666666667,0.114583333333333,1,22,22,1.39833530311328
1079,119,6,2.46875,0.114583333333333,1,22,22,1.4184770559493
1080,120,6,2.48958333333333,0.114583333333333,1,22,22,1.43863722621315
1081,121,6,2.51041666666667,0.114583333333333,1,29,29,1.45881509932669
1082,122,6,2.53125,0.114583333333333,1,21,21,1.47900999662587
1083,123,6,2.55208333333333,0.114583333333333,1,21,21,1.49922127316877
1084,124,6,2.57291666666667,0.114583333333333,1,17,17,1.51944831569958
1085,125,6,2.59375,0.114583333333333,1,16,16,1.53969054075592
1086,126,6,2.61458333333333,0.114583333333333,1,21,21,1.55994739290805
1087,127,6,2.63541666666667,0.114583333333333,1,22,22,1.58021834311959
1088,128,6,2.65625,0.114583333333333,1,25,25,1.60050288722026
1089,129,6,2.67708333333333,0.114583333333333,1,27,27,1.62080054448181
1090,130,6,2.69791666666667,0.114583333333333,1,16,16,1.64111085628942
1091,131,6,2.71875,0.114583333333333,1,9,9,1.66143338490118
1092,132,6,2.73958333333333,0.114583333333333,1,21,21,1.68176771228899
1093,133,6,2.76041666666667,0.114583333333333,1,24,24,1.70211343905488
1094,134,6,2.78125,0.114583333333333,1,28,28,1.72247018341712
1095,135,6,2.80208333333333,0.114583333333333,1,16,16,1.742837580261
1096,136,6,2.82291666666667,0.114583333333333,1,18,18,1.76321528024959
1097,137,6,2.84375,0.114583333333333,1,21,21,1.78360294899016
1098,138,6,2.86458333333333,0.114583333333333,1,16,16,1.80400026625232
1099,139,6,2.88541666666667,0.114583333333333,1,18,18,1.82440692523408
1100,140,6,2.90625,0.114583333333333,1,16,16,1.84482263187275
1101,141,6,2.92708333333333,0.114583333333333,1,28,28,1.86524710419722
1102,142,6,2.94791666666667,0.114583333333333,1,5,5,1.88568007171906
1103,143,6,2.96875,0.114583333333333,1,20,20,1.90612127485963
1104,144,6,2.98958333333333,0.114583333333333,1,23,23,1.9265704644108
1105,145,6,3.01041666666667,0.114583333333333,1,31,31,1.94702740102705
1106,146,6,3.03125,0.114583333333333,1,19,19,1.96749185474682
1107,147,6,3.05208333333333,0.114583333333333,1,20,20,1.98796360454125
1108,148,6,3.07291666666667,0.114583333333333,1,16,16,2.00844243788843
1109,149,6,3.09375,0.114583333333333,1,15,15,2.02892815037155
1110,150,6,3.11458333333333,0.114583333333333,1,20,20,2.04942054529949
1111,151,6,3.13541666666667,0.114583333333333,1,27,27,2.06991943334821
1112,152,6,3.15625,0.114583333333333,1,30,30,2.0904246322219
1113,153,6,3.17708333333333,0.114583333333333,1,7,7,2.11093596633241
1114,154,6,3.19791666666667,0.114583333333333,1,9,9,2.13145326649597
1115,155,6,3.21875,0.114583333333333,1,17,17,2.1519763696461
1116,156,6,3.23958333333333,0.114583333333333,1,20,20,2.17250511856165
1117,157,6,3.26041666666667,0.114583333333333,1,29,29,2.19303936160915
1118,158,6,3.28125,0.114583333333333,1,19,19,2.21357895249858
1119,159,6,3.30208333333333,0.114583333333333,1,14,14,2.23412375005173
1120,160,6,3.32291666666667,0.114583333333333,1,15,15,2.25467361798238
1121,161,6,3.34375,0.114583333333333,1,15,15,2.27522842468771
1122,162,6,3.36458333333333,0.114583333333333,1,21,21,2.29578804305018
1123,163,6,3.38541666666667,0.114583333333333,1,25,25,2.31635235024935
1124,164,6,3.40625,0.114583333333333,1,16,16,2.33692122758296
1125,165,6,3.42708333333333,0.114583333333333,1,22,22,2.35749456029691
1126,166,6,3.44791666666667,0.114583333333333,1,18,18,2.37807223742346
1127,167,6,3.46875,0.114583333333333,1,17,17,2.39865415162732
1128,168,6,3.48958333333333,0.114583333333333,1,23,23,2.41924019905914
1129,169,6,3.51041666666667,0.114583333333333,1,29,29,2.43983027921596
1130,170,6,3.53125,0.114583333333333,1,29,29,2.46042429480827
1131,171,6,3.55208333333333,0.114583333333333,1,18,18,2.48102215163338
1132,172,6,3.57291666666667,0.114583333333333,1,25,25,2.50162375845462
1133,173,6,3.59375,0.114583333333333,1,28,28,2.52222902688618
1134,174,6,3.61458333333333,0.114583333333333,1,16,16,2.54283787128323
1135,175,6,3.63541666666667,0.114583333333333,1,4,4,2.56345020863708
1136,176,6,3.65625,0.114583333333333,1,16,16,2.58406595847502
1137,177,6,3.67708333333333,0.114583333333333,1,28,28,2.60468504276479
1138,178,6,3.69791666666667,0.114583333333333,1,24,24,2.62530738582315
1139,179,6,3.71875,0.114583333333333,1,24,24,2.64593291422869
1140,180,6,3.73958333333333,0.114583333333333,1,17,17,2.6665615567383
1141,181,6,3.76041666666667,0.114583333333333,1,24,24,2.68719324420743
1142,182,6,3.78125,0.114583333333333,1,21,21,2.70782790951377
1143,183,6,3.80208333333333,0.114583333333333,1,6,6,2.72846548748414
1144,184,6,3.82291666666667,0.114583333333333,1,21,21,2.74910591482466
1145,185,6,3.84375,0.114583333333333,1,16,16,2.76974913005378
1146,186,6,3.86458333333333,0.114583333333333,1,21,21,2.79039507343815
1147,187,6,3.88541666666667,0.114583333333333,1,25,25,2.81104368693124
1148,188,6,3.90625,0.114583333333333,1,18,18,2.83169491411443
1149,189,6,3.92708333333333,0.114583333333333,1,24,24,2.85234870014066
1150,190,6,3.94791666666667,0.114583333333333,1,22,22,2.87300499168023
1151,191,6,3.96875,0.114583333333333,1,17,17,2.893663736869
1152,192,6,3.98958333333333,0.114583333333333,1,19,19,2.91432488525854
1153,1,7,0.0104166666666667,0.135416666666667,1,15,15,0.954607121422739
1154,2,7,0.03125,0.135416666666667,1,33,33,0.935083363524139
1155,3,7,0.0520833333333333,0.135416666666667,1,31,31,0.915611645211342
1156,4,7,0.0729166666666667,0.135416666666667,1,15,15,0.896195018000436
1157,5,7,0.09375,0.135416666666667,1,12,12,0.876836767041682
1158,6,7,0.114583333333333,0.135416666666667,1,22,22,0.857540432856783
1159,7,7,0.135416666666667,0.135416666666667,1,23,23,0.838309835407379
1160,8,7,0.15625,0.135416666666667,1,25,25,0.819149100768991
1161,9,7,0.177083333333333,0.135416666666667,1,15,15,0.800062690717831
1162,10,7,0.197916666666667,0.135416666666667,1,20,20,0.781055435574604
1163,11,7,0.21875,0.135416666666667,1,11,11,0.76213257068994
1164,12,7,0.239583333333333,0.135416666666667,1,25,25,0.743299777000379
1165,13,7,0.260416666666667,0.135416666666667,1,25,25,0.724563226131804
1166,14,7,0.28125,0.135416666666667,1,21,21,0.705929630578529
1167,15,7,0.302083333333333,0.135416666666667,1,21,21,0.687406299540178
1168,16,7,0.322916666666667,0.135416666666667,1,23,23,0.669001201053823
1169,17,7,0.34375,0.135416666666667,1,12,12,0.650723031113635
1170,18,7,0.364583333333333,0.135416666666667,1,18,18,0.632581290521552
1171,19,7,0.385416666666667,0.135416666666667,1,16,16,0.614586370255937
1172,20,7,0.40625,0.135416666666667,1,21,21,0.59674964617461
1173,21,7,0.427083333333333,0.135416666666667,1,22,22,0.579083583875276
1174,22,7,0.447916666666667,0.135416666666667,1,4,4,0.561601854508351
1175,23,7,0.46875,0.135416666666667,1,25,25,0.544319462258005
1176,24,7,0.489583333333333,0.135416666666667,1,21,21,0.527252884055192
1177,25,7,0.510416666666667,0.135416666666667,1,10,10,0.510420221832651
1178,26,7,0.53125,0.135416666666667,1,20,20,0.493841367239134
1179,27,7,0.552083333333333,0.135416666666667,1,24,24,0.477538178151213
1180,28,7,0.572916666666667,0.135416666666667,1,29,29,0.461534665497648
1181,29,7,0.59375,0.135416666666667,1,23,23,0.445857187773913
1182,30,7,0.614583333333333,0.135416666666667,1,22,22,0.430534649093619
1183,31,7,0.635416666666667,0.135416666666667,1,18,18,0.415598694615191
1184,32,7,0.65625,0.135416666666667,1,12,12,0.401083894616904
1185,33,7,0.677083333333333,0.135416666666667,1,16,16,0.38702790531504
1186,34,7,0.697916666666667,0.135416666666667,1,16,16,0.37347159072348
1187,35,7,0.71875,0.135416666666667,1,13,13,0.36045908552709
1188,36,7,0.739583333333333,0.135416666666667,1,32,32,0.348037774325137
1189,37,7,0.760416666666667,0.135416666666667,1,25,25,0.336258158153582
1190,38,7,0.78125,0.135416666666667,1,15,15,0.325173575665803
1191,39,7,0.802083333333333,0.135416666666667,1,23,23,0.314839744827914
1192,40,7,0.822916666666667,0.135416666666667,1,16,16,0.305314092882161
1193,41,7,0.84375,0.135416666666667,1,27,27,0.296654849263745
1194,42,7,0.864583333333333,0.135416666666667,1,18,18,0.288919889637385
1195,43,7,0.885416666666667,0.135416666666667,1,22,22,0.28216534016342
1196,44,7,0.90625,0.135416666666667,1,27,27,0.27644397915818
1197,45,7,0.927083333333333,0.135416666666667,1,28,28,0.271803506199474
1198,46,7,0.947916666666667,0.135416666666667,1,12,12,0.268284781867994
1199,47,7,0.96875,0.135416666666667,1,26,26,0.265920168130215
1200,48,7,0.989583333333333,0.135416666666667,1,18,18,0.264732112500242
1201,49,7,1.01041666666667,0.135416666666667,1,28,28,0.264732112500242
1202,50,7,1.03125,0.135416666666667,1,24,24,0.265920168130215
1203,51,7,1.05208333333333,0.135416666666667,1,9,9,0.268284781867994
1204,52,7,1.07291666666667,0.135416666666667,1,25,25,0.271803506199474
1205,53,7,1.09375,0.135416666666667,1,21,21,0.27644397915818
1206,54,7,1.11458333333333,0.135416666666667,1,26,26,0.28216534016342
1207,55,7,1.13541666666667,0.135416666666667,1,18,18,0.288919889637385
1208,56,7,1.15625,0.135416666666667,1,16,16,0.296654849263745
1209,57,7,1.17708333333333,0.135416666666667,1,13,13,0.305314092882161
1210,58,7,1.19791666666667,0.135416666666667,1,27,27,0.314839744827914
1211,59,7,1.21875,0.135416666666667,1,25,25,0.325173575665803
1212,60,7,1.23958333333333,0.135416666666667,1,31,31,0.336258158153582
1213,61,7,1.26041666666667,0.135416666666667,1,21,21,0.348037774325137
1214,62,7,1.28125,0.135416666666667,1,24,24,0.36045908552709
1215,63,7,1.30208333333333,0.135416666666667,1,8,8,0.37347159072348
1216,64,7,1.32291666666667,0.135416666666667,1,21,21,0.38702790531504
1217,65,7,1.34375,0.135416666666667,1,29,29,0.401083894616904
1218,66,7,1.36458333333333,0.135416666666667,1,17,17,0.415598694615191
1219,67,7,1.38541666666667,0.135416666666667,1,17,17,0.430534649093618
1220,68,7,1.40625,0.135416666666667,1,10,10,0.445857187773913
1221,69,7,1.42708333333333,0.135416666666667,1,33,33,0.461534665497648
1222,70,7,1.44791666666667,0.135416666666667,1,24,24,0.477538178151213
1223,71,7,1.46875,0.135416666666667,1,22,22,0.493841367239134
1224,72,7,1.48958333333333,0.135416666666667,1,10,10,0.51042022183265
1225,73,7,1.51041666666667,0.135416666666667,1,28,28,0.527252884055191
1226,74,7,1.53125,0.135416666666667,1,15,15,0.544319462258005
1227,75,7,1.55208333333333,0.135416666666667,1,29,29,0.561601854508351
1228,76,7,1.57291666666667,0.135416666666667,1,18,18,0.579083583875276
1229,77,7,1.59375,0.135416666666667,1,16,16,0.59674964617461
1230,78,7,1.61458333333333,0.135416666666667,1,21,21,0.614586370255937
1231,79,7,1.63541666666667,0.135416666666667,1,22,22,0.632581290521552
1232,80,7,1.65625,0.135416666666667,1,22,22,0.650723031113635
1233,81,7,1.67708333333333,0.135416666666667,1,20,20,0.669001201053823
1234,82,7,1.69791666666667,0.135416666666667,1,18,18,0.687406299540177
1235,83,7,1.71875,0.135416666666667,1,22,22,0.705929630578529
1236,84,7,1.73958333333333,0.135416666666667,1,15,15,0.724563226131804
1237,85,7,1.76041666666667,0.135416666666667,1,24,24,0.743299777000379
1238,86,7,1.78125,0.135416666666667,1,20,20,0.76213257068994
1239,87,7,1.80208333333333,0.135416666666667,1,27,27,0.781055435574604
1240,88,7,1.82291666666667,0.135416666666667,1,12,12,0.800062690717831
1241,89,7,1.84375,0.135416666666667,1,15,15,0.819149100768991
1242,90,7,1.86458333333333,0.135416666666667,1,19,19,0.838309835407379
1243,91,7,1.88541666666667,0.135416666666667,1,23,23,0.857540432856783
1244,92,7,1.90625,0.135416666666667,1,13,13,0.876836767041682
1245,93,7,1.92708333333333,0.135416666666667,1,28,28,0.896195018000436
1246,94,7,1.94791666666667,0.135416666666667,1,29,29,0.915611645211342
1247,95,7,1.96875,0.135416666666667,1,22,22,0.935083363524139
1248,96,7,1.98958333333333,0.135416666666667,1,18,18,0.954607121422739
1249,97,7,2.01041666666667,0.135416666666667,1,11,11,0.97418008137473
1250,98,7,2.03125,0.135416666666667,1,13,13,0.993799602049866
1251,99,7,2.05208333333333,0.135416666666667,1,25,25,1.01346322221357
1252,100,7,2.07291666666667,0.135416666666667,1,5,5,1.0331686461227
1253,101,7,2.09375,0.135416666666667,1,25,25,1.05291373026972
1254,102,7,2.11458333333333,0.135416666666667,1,24,24,1.07269647133812
1255,103,7,2.13541666666667,0.135416666666667,1,29,29,1.09251499524697
1256,104,7,2.15625,0.135416666666667,1,19,19,1.11236754717554
1257,105,7,2.17708333333333,0.135416666666667,1,23,23,1.13225248247084
1258,106,7,2.19791666666667,0.135416666666667,1,23,23,1.15216825835118
1259,107,7,2.21875,0.135416666666667,1,23,23,1.17211342632819
1260,108,7,2.23958333333333,0.135416666666667,1,27,27,1.19208662527797
1261,109,7,2.26041666666667,0.135416666666667,1,22,22,1.2120865750992
1262,110,7,2.28125,0.135416666666667,1,17,17,1.23211207090261
1263,111,7,2.30208333333333,0.135416666666667,1,23,23,1.252161977682
1264,112,7,2.32291666666667,0.135416666666667,1,18,18,1.27223522542197
1265,113,7,2.34375,0.135416666666667,1,14,14,1.29233080460228
1266,114,7,2.36458333333333,0.135416666666667,1,29,29,1.31244776206257
1267,115,7,2.38541666666667,0.135416666666667,1,12,12,1.33258519719499
1268,116,7,2.40625,0.135416666666667,1,16,16,1.35274225843556
1269,117,7,2.42708333333333,0.135416666666667,1,23,23,1.37291814002755
1270,118,7,2.44791666666667,0.135416666666667,1,27,27,1.39311207903344
1271,119,7,2.46875,0.135416666666667,1,27,27,1.41332335257355
1272,120,7,2.48958333333333,0.135416666666667,1,30,30,1.43355127527217
1273,121,7,2.51041666666667,0.135416666666667,1,10,10,1.45379519689336
1274,122,7,2.53125,0.135416666666667,1,22,22,1.47405450015063
1275,123,7,2.55208333333333,0.135416666666667,1,21,21,1.4943285986758
1276,124,7,2.57291666666667,0.135416666666667,1,20,20,1.51461693513422
1277,125,7,2.59375,0.135416666666667,1,17,17,1.53491897947404
1278,126,7,2.61458333333333,0.135416666666667,1,12,12,1.55523422729903
1279,127,7,2.63541666666667,0.135416666666667,1,30,30,1.5755621983548
1280,128,7,2.65625,0.135416666666667,1,25,25,1.59590243511956
1281,129,7,2.67708333333333,0.135416666666667,1,13,13,1.61625450149122
1282,130,7,2.69791666666667,0.135416666666667,1,29,29,1.63661798156327
1283,131,7,2.71875,0.135416666666667,1,9,9,1.6569924784826
1284,132,7,2.73958333333333,0.135416666666667,1,20,20,1.67737761338314
1285,133,7,2.76041666666667,0.135416666666667,1,10,10,1.6977730243894
1286,134,7,2.78125,0.135416666666667,1,10,10,1.71817836568485
1287,135,7,2.80208333333333,0.135416666666667,1,30,30,1.73859330664022
1288,136,7,2.82291666666667,0.135416666666667,1,24,24,1.75901753099737
1289,137,7,2.84375,0.135416666666667,1,15,15,1.77945073610469
1290,138,7,2.86458333333333,0.135416666666667,1,10,10,1.79989263220027
1291,139,7,2.88541666666667,0.135416666666667,1,19,19,1.82034294173954
1292,140,7,2.90625,0.135416666666667,1,22,22,1.84080139876404
1293,141,7,2.92708333333333,0.135416666666667,1,24,24,1.86126774830862
1294,142,7,2.94791666666667,0.135416666666667,1,11,11,1.88174174584435
1295,143,7,2.96875,0.135416666666667,1,24,24,1.90222315675462
1296,144,7,2.98958333333333,0.135416666666667,1,17,17,1.9227117558422
1297,145,7,3.01041666666667,0.135416666666667,1,21,21,1.94320732686518
1298,146,7,3.03125,0.135416666666667,1,6,6,1.96370966209989
1299,147,7,3.05208333333333,0.135416666666667,1,29,29,1.98421856192888
1300,148,7,3.07291666666667,0.135416666666667,1,18,18,2.00473383445244
1301,149,7,3.09375,0.135416666666667,1,18,18,2.02525529512208
1302,150,7,3.11458333333333,0.135416666666667,1,19,19,2.04578276639448
1303,151,7,3.13541666666667,0.135416666666667,1,14,14,2.06631607740473
1304,152,7,3.15625,0.135416666666667,1,17,17,2.0868550636575
1305,153,7,3.17708333333333,0.135416666666667,1,12,12,2.10739956673508
1306,154,7,3.19791666666667,0.135416666666667,1,23,23,2.12794943402124
1307,155,7,3.21875,0.135416666666667,1,19,19,2.14850451843986
1308,156,7,3.23958333333333,0.135416666666667,1,18,18,2.1690646782075
1309,157,7,3.26041666666667,0.135416666666667,1,23,23,2.18962977659902
1310,158,7,3.28125,0.135416666666667,1,26,26,2.21019968172547
1311,159,7,3.30208333333333,0.135416666666667,1,27,27,2.23077426632344
1312,160,7,3.32291666666667,0.135416666666667,1,17,17,2.25135340755536
1313,161,7,3.34375,0.135416666666667,1,21,21,2.27193698681994
1314,162,7,3.36458333333333,0.135416666666667,1,25,25,2.29252488957215
1315,163,7,3.38541666666667,0.135416666666667,1,28,28,2.31311700515237
1316,164,7,3.40625,0.135416666666667,1,13,13,2.33371322662397
1317,165,7,3.42708333333333,0.135416666666667,1,15,15,2.35431345061891
1318,166,7,3.44791666666667,0.135416666666667,1,24,24,2.37491757719098
1319,167,7,3.46875,0.135416666666667,1,21,21,2.39552550967616
1320,168,7,3.48958333333333,0.135416666666667,1,30,30,2.41613715455965
1321,169,7,3.51041666666667,0.135416666666667,1,21,21,2.43675242134943
1322,170,7,3.53125,0.135416666666667,1,18,18,2.45737122245568
1323,171,7,3.55208333333333,0.135416666666667,1,26,26,2.47799347307595
1324,172,7,3.57291666666667,0.135416666666667,1,22,22,2.49861909108579
1325,173,7,3.59375,0.135416666666667,1,22,22,2.51924799693432
1326,174,7,3.61458333333333,0.135416666666667,1,22,22,2.53988011354472
1327,175,7,3.63541666666667,0.135416666666667,1,24,24,2.56051536621928
1328,176,7,3.65625,0.135416666666667,1,20,20,2.5811536825487
1329,177,7,3.67708333333333,0.135416666666667,1,6,6,2.60179499232557
1330,178,7,3.69791666666667,0.135416666666667,1,19,19,2.62243922746169
1331,179,7,3.71875,0.135416666666667,1,24,24,2.64308632190904
1332,180,7,3.73958333333333,0.135416666666667,1,14,14,2.66373621158428
1333,181,7,3.76041666666667,0.135416666666667,1,15,15,2.6843888342966
1334,182,7,3.78125,0.135416666666667,1,21,21,2.70504412967861
1335,183,7,3.80208333333333,0.135416666666667,1,12,12,2.72570203912035
1336,184,7,3.82291666666667,0.135416666666667,1,27,27,2.74636250570599
1337,185,7,3.84375,0.135416666666667,1,15,15,2.76702547415339
1338,186,7,3.86458333333333,0.135416666666667,1,23,23,2.78769089075606
1339,187,7,3.88541666666667,0.135416666666667,1,17,17,2.80835870332774
1340,188,7,3.90625,0.135416666666667,1,13,13,2.82902886114911
1341,189,7,3.92708333333333,0.135416666666667,1,11,11,2.84970131491685
1342,190,7,3.94791666666667,0.135416666666667,1,24,24,2.87037601669478
1343,191,7,3.96875,0.135416666666667,1,30,30,2.89105291986692
1344,192,7,3.98958333333333,0.135416666666667,1,25,25,2.91173197909258
1345,1,8,0.0104166666666667,0.15625,1,13,13,0.947587340564552
1346,2,8,0.03125,0.15625,1,33,33,0.927930262712408
1347,3,8,0.0520833333333333,0.15625,1,26,26,0.908320420027505
1348,4,8,0.0729166666666667,0.15625,1,14,14,0.888760622923691
1349,5,8,0.09375,0.15625,1,12,12,0.869253901204426
1350,6,8,0.114583333333333,0.15625,1,19,19,0.849803525004572
1351,7,8,0.135416666666667,0.15625,1,21,21,0.830413028056775
1352,8,8,0.15625,0.15625,1,28,28,0.811086233569578
1353,9,8,0.177083333333333,0.15625,1,21,21,0.791827283041833
1354,10,8,0.197916666666667,0.15625,1,17,17,0.77264066838024
1355,11,8,0.21875,0.15625,1,12,12,0.753531267734229
1356,12,8,0.239583333333333,0.15625,1,20,20,0.734504385515406
1357,13,8,0.260416666666667,0.15625,1,23,23,0.715565797127641
1358,14,8,0.28125,0.15625,1,20,20,0.696721798998873
1359,15,8,0.302083333333333,0.15625,1,22,22,0.677979264576577
1360,16,8,0.322916666666667,0.15625,1,23,23,0.659345707025317
1361,17,8,0.34375,0.15625,1,12,12,0.640829349445606
1362,18,8,0.364583333333333,0.15625,1,19,19,0.622439203516654
1363,19,8,0.385416666666667,0.15625,1,22,22,0.604185157548149
1364,20,8,0.40625,0.15625,1,24,24,0.58607807500313
1365,21,8,0.427083333333333,0.15625,1,36,36,0.568129904617691
1366,22,8,0.447916666666667,0.15625,1,20,20,0.550353803282832
1367,23,8,0.46875,0.15625,1,31,31,0.532764272853643
1368,24,8,0.489583333333333,0.15625,1,18,18,0.515377311989247
1369,25,8,0.510416666666667,0.15625,1,14,14,0.498210583973385
1370,26,8,0.53125,0.15625,1,14,14,0.481283601179321
1371,27,8,0.552083333333333,0.15625,1,27,27,0.464617926369486
1372,28,8,0.572916666666667,0.15625,1,13,13,0.448237390289199
1373,29,8,0.59375,0.15625,1,13,13,0.4321683239352
1374,30,8,0.614583333333333,0.15625,1,32,32,0.416439802343356
1375,31,8,0.635416666666667,0.15625,1,26,26,0.401083894616904
1376,32,8,0.65625,0.15625,1,8,8,0.386135912065751
1377,33,8,0.677083333333333,0.15625,1,16,16,0.371634642611324
1378,34,8,0.697916666666667,0.15625,1,11,11,0.35762255492685
1379,35,8,0.71875,0.15625,1,25,25,0.344145950110997
1380,36,8,0.739583333333333,0.15625,1,22,22,0.331255032176759
1381,37,8,0.760416666666667,0.15625,1,26,26,0.319003861689974
1382,38,8,0.78125,0.15625,1,19,19,0.307450150325166
1383,39,8,0.802083333333333,0.15625,1,19,19,0.296654849263745
1384,40,8,0.822916666666667,0.15625,1,27,27,0.286681483193137
1385,41,8,0.84375,0.15625,1,34,34,0.27759518667483
1386,42,8,0.864583333333333,0.15625,1,27,27,0.269461413561838
1387,43,8,0.885416666666667,0.15625,1,24,24,0.262344315227627
1388,44,8,0.90625,0.15625,1,20,20,0.256304820343481
1389,45,8,0.927083333333333,0.15625,1,21,21,0.251398495696521
1390,46,8,0.947916666666667,0.15625,1,16,16,0.247673318089138
1391,47,8,0.96875,0.15625,1,21,21,0.245167531787102
1392,48,8,0.989583333333333,0.15625,1,24,24,0.243907792067066
1393,49,8,1.01041666666667,0.15625,1,9,9,0.243907792067066
1394,50,8,1.03125,0.15625,1,12,12,0.245167531787102
1395,51,8,1.05208333333333,0.15625,1,16,16,0.247673318089138
1396,52,8,1.07291666666667,0.15625,1,17,17,0.251398495696521
1397,53,8,1.09375,0.15625,1,21,21,0.256304820343481
1398,54,8,1.11458333333333,0.15625,1,17,17,0.262344315227627
1399,55,8,1.13541666666667,0.15625,1,21,21,0.269461413561837
1400,56,8,1.15625,0.15625,1,26,26,0.27759518667483
1401,57,8,1.17708333333333,0.15625,1,25,25,0.286681483193137
1402,58,8,1.19791666666667,0.15625,1,19,19,0.296654849263745
1403,59,8,1.21875,0.15625,1,22,22,0.307450150325166
1404,60,8,1.23958333333333,0.15625,1,17,17,0.319003861689974
1405,61,8,1.26041666666667,0.15625,1,20,20,0.331255032176759
1406,62,8,1.28125,0.15625,1,15,15,0.344145950110997
1407,63,8,1.30208333333333,0.15625,1,20,20,0.35762255492685
1408,64,8,1.32291666666667,0.15625,1,24,24,0.371634642611324
1409,65,8,1.34375,0.15625,1,14,14,0.386135912065751
1410,66,8,1.36458333333333,0.15625,1,21,21,0.401083894616904
1411,67,8,1.38541666666667,0.15625,1,18,18,0.416439802343356
1412,68,8,1.40625,0.15625,1,22,22,0.4321683239352
1413,69,8,1.42708333333333,0.15625,1,22,22,0.448237390289199
1414,70,8,1.44791666666667,0.15625,1,19,19,0.464617926369486
1415,71,8,1.46875,0.15625,1,28,28,0.481283601179321
1416,72,8,1.48958333333333,0.15625,1,29,29,0.498210583973384
1417,73,8,1.51041666666667,0.15625,1,19,19,0.515377311989247
1418,74,8,1.53125,0.15625,1,22,22,0.532764272853643
1419,75,8,1.55208333333333,0.15625,1,15,15,0.550353803282832
1420,76,8,1.57291666666667,0.15625,1,31,31,0.568129904617691
1421,77,8,1.59375,0.15625,1,18,18,0.58607807500313
1422,78,8,1.61458333333333,0.15625,1,31,31,0.604185157548149
1423,79,8,1.63541666666667,0.15625,1,29,29,0.622439203516654
1424,80,8,1.65625,0.15625,1,12,12,0.640829349445606
1425,81,8,1.67708333333333,0.15625,1,25,25,0.659345707025316
1426,82,8,1.69791666666667,0.15625,1,22,22,0.677979264576577
1427,83,8,1.71875,0.15625,1,11,11,0.696721798998873
1428,84,8,1.73958333333333,0.15625,1,15,15,0.715565797127641
1429,85,8,1.76041666666667,0.15625,1,15,15,0.734504385515405
1430,86,8,1.78125,0.15625,1,12,12,0.753531267734229
1431,87,8,1.80208333333333,0.15625,1,24,24,0.772640668380239
1432,88,8,1.82291666666667,0.15625,1,21,21,0.791827283041833
1433,89,8,1.84375,0.15625,1,24,24,0.811086233569578
1434,90,8,1.86458333333333,0.15625,1,21,21,0.830413028056775
1435,91,8,1.88541666666667,0.15625,1,18,18,0.849803525004572
1436,92,8,1.90625,0.15625,1,16,16,0.869253901204426
1437,93,8,1.92708333333333,0.15625,1,27,27,0.88876062292369
1438,94,8,1.94791666666667,0.15625,1,18,18,0.908320420027505
1439,95,8,1.96875,0.15625,1,31,31,0.927930262712408
1440,96,8,1.98958333333333,0.15625,1,17,17,0.947587340564552
1441,97,8,2.01041666666667,0.15625,1,16,16,0.967289043688624
1442,98,8,2.03125,0.15625,1,22,22,0.98703294568288
1443,99,8,2.05208333333333,0.15625,1,22,22,1.00681678826162
1444,100,8,2.07291666666667,0.15625,1,14,14,1.02663846734927
1445,101,8,2.09375,0.15625,1,21,21,1.04649602049026
1446,102,8,2.11458333333333,0.15625,1,21,21,1.06638761543684
1447,103,8,2.13541666666667,0.15625,1,22,22,1.08631153979233
1448,104,8,2.15625,0.15625,1,20,20,1.10626619160117
1449,105,8,2.17708333333333,0.15625,1,30,30,1.12625007078944
1450,106,8,2.19791666666667,0.15625,1,29,29,1.14626177136979
1451,107,8,2.21875,0.15625,1,16,16,1.16629997433468
1452,108,8,2.23958333333333,0.15625,1,15,15,1.18636344116963
1453,109,8,2.26041666666667,0.15625,1,27,27,1.2064510079261
1454,110,8,2.28125,0.15625,1,26,26,1.22656157979945
1455,111,8,2.30208333333333,0.15625,1,12,12,1.24669412616393
1456,112,8,2.32291666666667,0.15625,1,27,27,1.26684767602116
1457,113,8,2.34375,0.15625,1,17,17,1.28702131382326
1458,114,8,2.36458333333333,0.15625,1,21,21,1.30721417563607
1459,115,8,2.38541666666667,0.15625,1,22,22,1.32742544561101
1460,116,8,2.40625,0.15625,1,15,15,1.34765435273756
1461,117,8,2.42708333333333,0.15625,1,21,21,1.36790016785127
1462,118,8,2.44791666666667,0.15625,1,23,23,1.38816220087432
1463,119,8,2.46875,0.15625,1,14,14,1.4084397982684
1464,120,8,2.48958333333333,0.15625,1,23,23,1.42873234068114
1465,121,8,2.51041666666667,0.15625,1,20,20,1.44903924076972
1466,122,8,2.53125,0.15625,1,14,14,1.46935994118621
1467,123,8,2.55208333333333,0.15625,1,25,25,1.48969391271122
1468,124,8,2.57291666666667,0.15625,1,18,18,1.51004065252334
1469,125,8,2.59375,0.15625,1,15,15,1.5303996825932
1470,126,8,2.61458333333333,0.15625,1,25,25,1.5507705481919
1471,127,8,2.63541666666667,0.15625,1,21,21,1.57115281650456
1472,128,8,2.65625,0.15625,1,17,17,1.59154607534054
1473,129,8,2.67708333333333,0.15625,1,29,29,1.61194993193272
1474,130,8,2.69791666666667,0.15625,1,15,15,1.63236401181866
1475,131,8,2.71875,0.15625,1,17,17,1.65278795779752
1476,132,8,2.73958333333333,0.15625,1,17,17,1.67322142895666
1477,133,8,2.76041666666667,0.15625,1,23,23,1.69366409976277
1478,134,8,2.78125,0.15625,1,12,12,1.7141156592125
1479,135,8,2.80208333333333,0.15625,1,25,25,1.73457581003833
1480,136,8,2.82291666666667,0.15625,1,15,15,1.75504426796535
1481,137,8,2.84375,0.15625,1,25,25,1.77552076101546
1482,138,8,2.86458333333333,0.15625,1,24,24,1.79600502885526
1483,139,8,2.88541666666667,0.15625,1,20,20,1.8164968221848
1484,140,8,2.90625,0.15625,1,27,27,1.83699590216397
1485,141,8,2.92708333333333,0.15625,1,31,31,1.85750203987406
1486,142,8,2.94791666666667,0.15625,1,21,21,1.87801501581201
1487,143,8,2.96875,0.15625,1,23,23,1.89853461941494
1488,144,8,2.98958333333333,0.15625,1,21,21,1.91906064861306
1489,145,8,3.01041666666667,0.15625,1,27,27,1.93959290940891
1490,146,8,3.03125,0.15625,1,13,13,1.96013121548119
1491,147,8,3.05208333333333,0.15625,1,21,21,1.98067538781148
1492,148,8,3.07291666666667,0.15625,1,25,25,2.00122525433244
1493,149,8,3.09375,0.15625,1,25,25,2.02178064959599
1494,150,8,3.11458333333333,0.15625,1,21,21,2.04234141446015
1495,151,8,3.13541666666667,0.15625,1,16,16,2.0629073957934
1496,152,8,3.15625,0.15625,1,16,16,2.08347844619543
1497,153,8,3.17708333333333,0.15625,1,17,17,2.10405442373317
1498,154,8,3.19791666666667,0.15625,1,22,22,2.12463519169124
1499,155,8,3.21875,0.15625,1,22,22,2.14522061833576
1500,156,8,3.23958333333333,0.15625,1,18,18,2.16581057669092
1501,157,8,3.26041666666667,0.15625,1,21,21,2.18640494432733
1502,158,8,3.28125,0.15625,1,15,15,2.20700360316147
1503,159,8,3.30208333333333,0.15625,1,15,15,2.22760643926569
1504,160,8,3.32291666666667,0.15625,1,23,23,2.24821334268796
1505,161,8,3.34375,0.15625,1,30,30,2.2688242072809
1506,162,8,3.36458333333333,0.15625,1,16,16,2.28943893053951
1507,163,8,3.38541666666667,0.15625,1,20,20,2.31005741344706
1508,164,8,3.40625,0.15625,1,21,21,2.33067956032876
1509,165,8,3.42708333333333,0.15625,1,28,28,2.35130527871264
1510,166,8,3.44791666666667,0.15625,1,19,19,2.3719344791973
1511,167,8,3.46875,0.15625,1,13,13,2.39256707532616
1512,168,8,3.48958333333333,0.15625,1,25,25,2.41320298346773
1513,169,8,3.51041666666667,0.15625,1,23,23,2.43384212270176
1514,170,8,3.53125,0.15625,1,28,28,2.45448441471073
1515,171,8,3.55208333333333,0.15625,1,12,12,2.4751297836765
1516,172,8,3.57291666666667,0.15625,1,24,24,2.4957781561819
1517,173,8,3.59375,0.15625,1,36,36,2.51642946111681
1518,174,8,3.61458333333333,0.15625,1,18,18,2.53708362958865
1519,175,8,3.63541666666667,0.15625,1,23,23,2.55774059483698
1520,176,8,3.65625,0.15625,1,23,23,2.57840029215201
1521,177,8,3.67708333333333,0.15625,1,28,28,2.59906265879677
1522,178,8,3.69791666666667,0.15625,1,26,26,2.61972763393281
1523,179,8,3.71875,0.15625,1,7,7,2.64039515854922
1524,180,8,3.73958333333333,0.15625,1,25,25,2.66106517539477
1525,181,8,3.76041666666667,0.15625,1,24,24,2.68173762891311
1526,182,8,3.78125,0.15625,1,17,17,2.70241246518067
1527,183,8,3.80208333333333,0.15625,1,15,15,2.72308963184743
1528,184,8,3.82291666666667,0.15625,1,25,25,2.74376907808008
1529,185,8,3.84375,0.15625,1,26,26,2.76445075450775
1530,186,8,3.86458333333333,0.15625,1,10,10,2.78513461316991
1531,187,8,3.88541666666667,0.15625,1,5,5,2.80582060746664
1532,188,8,3.90625,0.15625,1,17,17,2.82650869211079
1533,189,8,3.92708333333333,0.15625,1,20,20,2.84719882308231
1534,190,8,3.94791666666667,0.15625,1,26,26,2.86789095758438
1535,191,8,3.96875,0.15625,1,16,16,2.88858505400131
1536,192,8,3.98958333333333,0.15625,1,18,18,2.90928107185827
1537,1,9,0.0104166666666667,0.177083333333333,1,23,23,0.940937244612864
1538,2,9,0.03125,0.177083333333333,1,8,8,0.921152161096039
1539,3,9,0.0520833333333333,0.177083333333333,1,14,14,0.901409596796214
1540,4,9,0.0729166666666667,0.177083333333333,1,22,22,0.881712116944451
1541,5,9,0.09375,0.177083333333333,1,16,16,0.862062490751568
1542,6,9,0.114583333333333,0.177083333333333,1,14,14,0.842463711355627
1543,7,9,0.135416666666667,0.177083333333333,1,30,30,0.822919018055695
1544,8,9,0.15625,0.177083333333333,1,26,26,0.803431921126939
1545,9,9,0.177083333333333,0.177083333333333,1,24,24,0.784006229553214
1546,10,9,0.197916666666667,0.177083333333333,1,15,15,0.764646082060297
1547,11,9,0.21875,0.177083333333333,1,16,16,0.745355981886395
1548,12,9,0.239583333333333,0.177083333333333,1,19,19,0.726140835787431
1549,13,9,0.260416666666667,0.177083333333333,1,33,33,0.707005997843607
1550,14,9,0.28125,0.177083333333333,1,23,23,0.68795731871156
1551,15,9,0.302083333333333,0.177083333333333,1,17,17,0.669001201053823
1552,16,9,0.322916666666667,0.177083333333333,1,29,29,0.650144661974535
1553,17,9,0.34375,0.177083333333333,1,18,18,0.631395403397582
1554,18,9,0.364583333333333,0.177083333333333,1,23,23,0.612761891439834
1555,19,9,0.385416666666667,0.177083333333333,1,27,27,0.594253445956318
1556,20,9,0.40625,0.177083333333333,1,23,23,0.575880341562847
1557,21,9,0.427083333333333,0.177083333333333,1,12,12,0.557653921569358
1558,22,9,0.447916666666667,0.177083333333333,1,22,22,0.539586726375365
1559,23,9,0.46875,0.177083333333333,1,24,24,0.521692637974032
1560,24,9,0.489583333333333,0.177083333333333,1,12,12,0.503987042263509
1561,25,9,0.510416666666667,0.177083333333333,1,23,23,0.486487010844135
1562,26,9,0.53125,0.177083333333333,1,17,17,0.469211503846427
1563,27,9,0.552083333333333,0.177083333333333,1,18,18,0.452181595029107
1564,28,9,0.572916666666667,0.177083333333333,1,27,27,0.435420719829017
1565,29,9,0.59375,0.177083333333333,1,18,18,0.418954946128381
1566,30,9,0.614583333333333,0.177083333333333,1,14,14,0.402813266089466
1567,31,9,0.635416666666667,0.177083333333333,1,14,14,0.38702790531504
1568,32,9,0.65625,0.177083333333333,1,16,16,0.371634642611324
1569,33,9,0.677083333333333,0.177083333333333,1,28,28,0.356673129516312
1570,34,9,0.697916666666667,0.177083333333333,1,15,15,0.342187193266482
1571,35,9,0.71875,0.177083333333333,1,27,27,0.328225099814468
1572,36,9,0.739583333333333,0.177083333333333,1,19,19,0.314839744827914
1573,37,9,0.760416666666667,0.177083333333333,1,9,9,0.302088730533725
1574,38,9,0.78125,0.177083333333333,1,19,19,0.290034275559355
1575,39,9,0.802083333333333,0.177083333333333,1,22,22,0.278742895056205
1576,40,9,0.822916666666667,0.177083333333333,1,25,25,0.268284781867994
1577,41,9,0.84375,0.177083333333333,1,12,12,0.258732819952553
1578,42,9,0.864583333333333,0.177083333333333,1,23,23,0.250161173207742
1579,43,9,0.885416666666667,0.177083333333333,1,26,26,0.242643420904136
1580,44,9,0.90625,0.177083333333333,1,17,17,0.236250258157687
1581,45,9,0.927083333333333,0.177083333333333,1,19,19,0.231046845459806
1582,46,9,0.947916666666667,0.177083333333333,1,23,23,0.227089968085575
1583,47,9,0.96875,0.177083333333333,1,4,4,0.22442523963328
1584,48,9,0.989583333333333,0.177083333333333,1,31,31,0.223084633734809
1585,49,9,1.01041666666667,0.177083333333333,1,15,15,0.223084633734809
1586,50,9,1.03125,0.177083333333333,1,28,28,0.22442523963328
1587,51,9,1.05208333333333,0.177083333333333,1,25,25,0.227089968085575
1588,52,9,1.07291666666667,0.177083333333333,1,15,15,0.231046845459806
1589,53,9,1.09375,0.177083333333333,1,24,24,0.236250258157687
1590,54,9,1.11458333333333,0.177083333333333,1,33,33,0.242643420904136
1591,55,9,1.13541666666667,0.177083333333333,1,23,23,0.250161173207742
1592,56,9,1.15625,0.177083333333333,1,21,21,0.258732819952553
1593,57,9,1.17708333333333,0.177083333333333,1,14,14,0.268284781867993
1594,58,9,1.19791666666667,0.177083333333333,1,13,13,0.278742895056205
1595,59,9,1.21875,0.177083333333333,1,22,22,0.290034275559355
1596,60,9,1.23958333333333,0.177083333333333,1,23,23,0.302088730533725
1597,61,9,1.26041666666667,0.177083333333333,1,11,11,0.314839744827914
1598,62,9,1.28125,0.177083333333333,1,18,18,0.328225099814468
1599,63,9,1.30208333333333,0.177083333333333,1,23,23,0.342187193266482
1600,64,9,1.32291666666667,0.177083333333333,1,13,13,0.356673129516312
1601,65,9,1.34375,0.177083333333333,1,16,16,0.371634642611324
1602,66,9,1.36458333333333,0.177083333333333,1,15,15,0.38702790531504
1603,67,9,1.38541666666667,0.177083333333333,1,20,20,0.402813266089465
1604,68,9,1.40625,0.177083333333333,1,18,18,0.418954946128381
1605,69,9,1.42708333333333,0.177083333333333,1,20,20,0.435420719829017
1606,70,9,1.44791666666667,0.177083333333333,1,12,12,0.452181595029107
1607,71,9,1.46875,0.177083333333333,1,21,21,0.469211503846427
1608,72,9,1.48958333333333,0.177083333333333,1,25,25,0.486487010844135
1609,73,9,1.51041666666667,0.177083333333333,1,18,18,0.503987042263509
1610,74,9,1.53125,0.177083333333333,1,28,28,0.521692637974032
1611,75,9,1.55208333333333,0.177083333333333,1,19,19,0.539586726375365
1612,76,9,1.57291666666667,0.177083333333333,1,23,23,0.557653921569358
1613,77,9,1.59375,0.177083333333333,1,19,19,0.575880341562847
1614,78,9,1.61458333333333,0.177083333333333,1,20,20,0.594253445956318
1615,79,9,1.63541666666667,0.177083333333333,1,18,18,0.612761891439833
1616,80,9,1.65625,0.177083333333333,1,13,13,0.631395403397582
1617,81,9,1.67708333333333,0.177083333333333,1,10,10,0.650144661974535
1618,82,9,1.69791666666667,0.177083333333333,1,16,16,0.669001201053823
1619,83,9,1.71875,0.177083333333333,1,13,13,0.68795731871156
1620,84,9,1.73958333333333,0.177083333333333,1,18,18,0.707005997843607
1621,85,9,1.76041666666667,0.177083333333333,1,20,20,0.726140835787431
1622,86,9,1.78125,0.177083333333333,1,29,29,0.745355981886395
1623,87,9,1.80208333333333,0.177083333333333,1,12,12,0.764646082060297
1624,88,9,1.82291666666667,0.177083333333333,1,20,20,0.784006229553214
1625,89,9,1.84375,0.177083333333333,1,19,19,0.803431921126939
1626,90,9,1.86458333333333,0.177083333333333,1,21,21,0.822919018055695
1627,91,9,1.88541666666667,0.177083333333333,1,28,28,0.842463711355627
1628,92,9,1.90625,0.177083333333333,1,20,20,0.862062490751568
1629,93,9,1.92708333333333,0.177083333333333,1,15,15,0.881712116944451
1630,94,9,1.94791666666667,0.177083333333333,1,19,19,0.901409596796214
1631,95,9,1.96875,0.177083333333333,1,17,17,0.921152161096039
1632,96,9,1.98958333333333,0.177083333333333,1,21,21,0.940937244612864
1633,97,9,2.01041666666667,0.177083333333333,1,20,20,0.96076246817508
1634,98,9,2.03125,0.177083333333333,1,21,21,0.980625622549785
1635,99,9,2.05208333333333,0.177083333333333,1,27,27,1.00052465392143
1636,100,9,2.07291666666667,0.177083333333333,1,28,28,1.02045765079374
1637,101,9,2.09375,0.177083333333333,1,22,22,1.04042283215968
1638,102,9,2.11458333333333,0.177083333333333,1,13,13,1.0604185368028
1639,103,9,2.13541666666667,0.177083333333333,1,18,18,1.080443213609
1640,104,9,2.15625,0.177083333333333,1,18,18,1.1004954127822
1641,105,9,2.17708333333333,0.177083333333333,1,13,13,1.12057377786934
1642,106,9,2.19791666666667,0.177083333333333,1,26,26,1.14067703851119
1643,107,9,2.21875,0.177083333333333,1,26,26,1.16080400384481
1644,108,9,2.23958333333333,0.177083333333333,1,17,17,1.18095355649176
1645,109,9,2.26041666666667,0.177083333333333,1,31,31,1.20112464707353
1646,110,9,2.28125,0.177083333333333,1,25,25,1.22131628920221
1647,111,9,2.30208333333333,0.177083333333333,1,27,27,1.24152755489984
1648,112,9,2.32291666666667,0.177083333333333,1,20,20,1.26175757040508
1649,113,9,2.34375,0.177083333333333,1,18,18,1.28200551233022
1650,114,9,2.36458333333333,0.177083333333333,1,18,18,1.30227060413539
1651,115,9,2.38541666666667,0.177083333333333,1,13,13,1.32255211289038
1652,116,9,2.40625,0.177083333333333,1,27,27,1.3428493462975
1653,117,9,2.42708333333333,0.177083333333333,1,24,24,1.36316164995153
1654,118,9,2.44791666666667,0.177083333333333,1,21,21,1.38348840481556
1655,119,9,2.46875,0.177083333333333,1,10,10,1.40382902489316
1656,120,9,2.48958333333333,0.177083333333333,1,14,14,1.42418295507972
1657,121,9,2.51041666666667,0.177083333333333,1,14,14,1.44454966917725
1658,122,9,2.53125,0.177083333333333,1,15,15,1.46492866805842
1659,123,9,2.55208333333333,0.177083333333333,1,25,25,1.48531947796721
1660,124,9,2.57291666666667,0.177083333333333,1,20,20,1.50572164894445
1661,125,9,2.59375,0.177083333333333,1,29,29,1.52613475336797
1662,126,9,2.61458333333333,0.177083333333333,1,26,26,1.54655838459767
1663,127,9,2.63541666666667,0.177083333333333,1,4,4,1.56699215571706
1664,128,9,2.65625,0.177083333333333,1,14,14,1.58743569836338
1665,129,9,2.67708333333333,0.177083333333333,1,27,27,1.60788866163915
1666,130,9,2.69791666666667,0.177083333333333,1,14,14,1.62835071109875
1667,131,9,2.71875,0.177083333333333,1,21,21,1.64882152780411
1668,132,9,2.73958333333333,0.177083333333333,1,25,25,1.66930080744407
1669,133,9,2.76041666666667,0.177083333333333,1,27,27,1.68978825951253
1670,134,9,2.78125,0.177083333333333,1,18,18,1.71028360654101
1671,135,9,2.80208333333333,0.177083333333333,1,20,20,1.73078658338128
1672,136,9,2.82291666666667,0.177083333333333,1,23,23,1.75129693653455
1673,137,9,2.84375,0.177083333333333,1,22,22,1.77181442352363
1674,138,9,2.86458333333333,0.177083333333333,1,19,19,1.79233881230491
1675,139,9,2.88541666666667,0.177083333333333,1,29,29,1.81286988071734
1676,140,9,2.90625,0.177083333333333,1,25,25,1.83340741596569
1677,141,9,2.92708333333333,0.177083333333333,1,15,15,1.85395121413566
1678,142,9,2.94791666666667,0.177083333333333,1,14,14,1.8745010797386
1679,143,9,2.96875,0.177083333333333,1,15,15,1.89505682528371
1680,144,9,2.98958333333333,0.177083333333333,1,25,25,1.91561827087593
1681,145,9,3.01041666666667,0.177083333333333,1,22,22,1.93618524383766
1682,146,9,3.03125,0.177083333333333,1,23,23,1.95675757835266
1683,147,9,3.05208333333333,0.177083333333333,1,18,18,1.97733511513081
1684,148,9,3.07291666666667,0.177083333333333,1,22,22,1.9979177010921
1685,149,9,3.09375,0.177083333333333,1,17,17,2.01850518906872
1686,150,9,3.11458333333333,0.177083333333333,1,19,19,2.03909743752411
1687,151,9,3.13541666666667,0.177083333333333,1,31,31,2.05969431028766
1688,152,9,3.15625,0.177083333333333,1,19,19,2.08029567630427
1689,153,9,3.17708333333333,0.177083333333333,1,23,23,2.10090140939772
1690,154,9,3.19791666666667,0.177083333333333,1,24,24,2.12151138804694
1691,155,9,3.21875,0.177083333333333,1,25,25,2.14212549517441
1692,156,9,3.23958333333333,0.177083333333333,1,10,10,2.16274361794604
1693,157,9,3.26041666666667,0.177083333333333,1,23,23,2.18336564758156
1694,158,9,3.28125,0.177083333333333,1,6,6,2.20399147917502
1695,159,9,3.30208333333333,0.177083333333333,1,20,20,2.22462101152472
1696,160,9,3.32291666666667,0.177083333333333,1,15,15,2.2452541469719
1697,161,9,3.34375,0.177083333333333,1,15,15,2.26589079124779
1698,162,9,3.36458333333333,0.177083333333333,1,26,26,2.28653085332851
1699,163,9,3.38541666666667,0.177083333333333,1,20,20,2.30717424529722
1700,164,9,3.40625,0.177083333333333,1,15,15,2.32782088221333
1701,165,9,3.42708333333333,0.177083333333333,1,24,24,2.34847068198816
1702,166,9,3.44791666666667,0.177083333333333,1,24,24,2.36912356526674
1703,167,9,3.46875,0.177083333333333,1,21,21,2.38977945531549
1704,168,9,3.48958333333333,0.177083333333333,1,14,14,2.41043827791528
1705,169,9,3.51041666666667,0.177083333333333,1,21,21,2.43109996125971
1706,170,9,3.53125,0.177083333333333,1,16,16,2.45176443585828
1707,171,9,3.55208333333333,0.177083333333333,1,18,18,2.47243163444413
1708,172,9,3.57291666666667,0.177083333333333,1,17,17,2.49310149188616
1709,173,9,3.59375,0.177083333333333,1,13,13,2.51377394510526
1710,174,9,3.61458333333333,0.177083333333333,1,17,17,2.53444893299444
1711,175,9,3.63541666666667,0.177083333333333,1,26,26,2.55512639634266
1712,176,9,3.65625,0.177083333333333,1,9,9,2.57580627776211
1713,177,9,3.67708333333333,0.177083333333333,1,17,17,2.59648852161885
1714,178,9,3.69791666666667,0.177083333333333,1,18,18,2.61717307396656
1715,179,9,3.71875,0.177083333333333,1,19,19,2.63785988248323
1716,180,9,3.73958333333333,0.177083333333333,1,31,31,2.65854889641074
1717,181,9,3.76041666666667,0.177083333333333,1,28,28,2.679240066497
1718,182,9,3.78125,0.177083333333333,1,28,28,2.69993334494075
1719,183,9,3.80208333333333,0.177083333333333,1,29,29,2.72062868533871
1720,184,9,3.82291666666667,0.177083333333333,1,19,19,2.74132604263494
1721,185,9,3.84375,0.177083333333333,1,22,22,2.76202537307256
1722,186,9,3.86458333333333,0.177083333333333,1,17,17,2.7827266341473
1723,187,9,3.88541666666667,0.177083333333333,1,27,27,2.80342978456323
1724,188,9,3.90625,0.177083333333333,1,12,12,2.82413478419021
1725,189,9,3.92708333333333,0.177083333333333,1,10,10,2.84484159402316
1726,190,9,3.94791666666667,0.177083333333333,1,8,8,2.86555017614307
1727,191,9,3.96875,0.177083333333333,1,18,18,2.88626049367953
1728,192,9,3.98958333333333,0.177083333333333,1,19,19,2.90697251077484
1729,1,10,0.0104166666666667,0.197916666666667,1,28,28,0.934663961819918
1730,2,10,0.03125,0.197916666666667,1,8,8,0.91475657316313
1731,3,10,0.0520833333333333,0.197916666666667,1,20,20,0.894887102751977
1732,4,10,0.0729166666666667,0.197916666666667,1,9,9,0.875057868653047
1733,5,10,0.09375,0.197916666666667,1,18,18,0.855271376509198
1734,6,10,0.114583333333333,0.197916666666667,1,23,23,0.835530338304904
1735,7,10,0.135416666666667,0.197916666666667,1,15,15,0.815837693347219
1736,8,10,0.15625,0.197916666666667,1,19,19,0.796196631759893
1737,9,10,0.177083333333333,0.197916666666667,1,22,22,0.776610620832052
1738,10,10,0.197916666666667,0.197916666666667,1,18,18,0.757083434613509
1739,11,10,0.21875,0.197916666666667,1,24,24,0.737619187207276
1740,12,10,0.239583333333333,0.197916666666667,1,15,15,0.718222370277312
1741,13,10,0.260416666666667,0.197916666666667,1,18,18,0.698897895367251
1742,14,10,0.28125,0.197916666666667,1,23,23,0.679651141715176
1743,15,10,0.302083333333333,0.197916666666667,1,15,15,0.660488010351833
1744,16,10,0.322916666666667,0.197916666666667,1,15,15,0.641414985386427
1745,17,10,0.34375,0.197916666666667,1,14,14,0.622439203516654
1746,18,10,0.364583333333333,0.197916666666667,1,21,21,0.603568532948679
1747,19,10,0.385416666666667,0.197916666666667,1,24,24,0.5848116630789
1748,20,10,0.40625,0.197916666666667,1,20,20,0.566178206471645
1749,21,10,0.427083333333333,0.197916666666667,1,19,19,0.547678814862909
1750,22,10,0.447916666666667,0.197916666666667,1,21,21,0.529325311124717
1751,23,10,0.46875,0.197916666666667,1,27,27,0.511130839328026
1752,24,10,0.489583333333333,0.197916666666667,1,21,21,0.493110035228615
1753,25,10,0.510416666666667,0.197916666666667,1,15,15,0.47527921964517
1754,26,10,0.53125,0.197916666666667,1,20,20,0.457656617263507
1755,27,10,0.552083333333333,0.197916666666667,1,24,24,0.440262603328748
1756,28,10,0.572916666666667,0.197916666666667,1,21,21,0.423119980395405
1757,29,10,0.59375,0.197916666666667,1,17,17,0.406254286675953
1758,30,10,0.614583333333333,0.197916666666667,1,19,19,0.389694136397632
1759,31,10,0.635416666666667,0.197916666666667,1,19,19,0.37347159072348
1760,32,10,0.65625,0.197916666666667,1,10,10,0.35762255492685
1761,33,10,0.677083333333333,0.197916666666667,1,30,30,0.342187193266482
1762,34,10,0.697916666666667,0.197916666666667,1,16,16,0.327210346966873
1763,35,10,0.71875,0.197916666666667,1,24,24,0.312741932419978
1764,36,10,0.739583333333333,0.197916666666667,1,22,22,0.298837285814097
1765,37,10,0.760416666666667,0.197916666666667,1,14,14,0.28555740673587
1766,38,10,0.78125,0.197916666666667,1,22,22,0.272969037291003
1767,39,10,0.802083333333333,0.197916666666667,1,25,25,0.261144496319994
1768,40,10,0.822916666666667,0.197916666666667,1,22,22,0.250161173207742
1769,41,10,0.84375,0.197916666666667,1,11,11,0.240100577444052
1770,42,10,0.864583333333333,0.197916666666667,1,12,12,0.231046845459806
1771,43,10,0.885416666666667,0.197916666666667,1,26,26,0.223084633734809
1772,44,10,0.90625,0.197916666666667,1,32,32,0.216296384389354
1773,45,10,0.927083333333333,0.197916666666667,1,10,10,0.210759039378673
1774,46,10,0.947916666666667,0.197916666666667,1,19,19,0.206540395199212
1775,47,10,0.96875,0.197916666666667,1,25,25,0.203695411189859
1776,48,10,0.989583333333333,0.197916666666667,1,23,23,0.202262877678061
1777,49,10,1.01041666666667,0.197916666666667,1,20,20,0.202262877678061
1778,50,10,1.03125,0.197916666666667,1,18,18,0.203695411189859
1779,51,10,1.05208333333333,0.197916666666667,1,29,29,0.206540395199212
1780,52,10,1.07291666666667,0.197916666666667,1,13,13,0.210759039378673
1781,53,10,1.09375,0.197916666666667,1,24,24,0.216296384389354
1782,54,10,1.11458333333333,0.197916666666667,1,24,24,0.223084633734809
1783,55,10,1.13541666666667,0.197916666666667,1,17,17,0.231046845459806
1784,56,10,1.15625,0.197916666666667,1,8,8,0.240100577444052
1785,57,10,1.17708333333333,0.197916666666667,1,22,22,0.250161173207742
1786,58,10,1.19791666666667,0.197916666666667,1,14,14,0.261144496319994
1787,59,10,1.21875,0.197916666666667,1,30,30,0.272969037291003
1788,60,10,1.23958333333333,0.197916666666667,1,30,30,0.28555740673587
1789,61,10,1.26041666666667,0.197916666666667,1,31,31,0.298837285814097
1790,62,10,1.28125,0.197916666666667,1,17,17,0.312741932419978
1791,63,10,1.30208333333333,0.197916666666667,1,19,19,0.327210346966872
1792,64,10,1.32291666666667,0.197916666666667,1,15,15,0.342187193266482
1793,65,10,1.34375,0.197916666666667,1,18,18,0.35762255492685
1794,66,10,1.36458333333333,0.197916666666667,1,16,16,0.37347159072348
1795,67,10,1.38541666666667,0.197916666666667,1,28,28,0.389694136397632
1796,68,10,1.40625,0.197916666666667,1,20,20,0.406254286675953
1797,69,10,1.42708333333333,0.197916666666667,1,15,15,0.423119980395405
1798,70,10,1.44791666666667,0.197916666666667,1,18,18,0.440262603328747
1799,71,10,1.46875,0.197916666666667,1,20,20,0.457656617263507
1800,72,10,1.48958333333333,0.197916666666667,1,10,10,0.47527921964517
1801,73,10,1.51041666666667,0.197916666666667,1,5,5,0.493110035228615
1802,74,10,1.53125,0.197916666666667,1,17,17,0.511130839328026
1803,75,10,1.55208333333333,0.197916666666667,1,24,24,0.529325311124717
1804,76,10,1.57291666666667,0.197916666666667,1,17,17,0.547678814862909
1805,77,10,1.59375,0.197916666666667,1,19,19,0.566178206471645
1806,78,10,1.61458333333333,0.197916666666667,1,17,17,0.5848116630789
1807,79,10,1.63541666666667,0.197916666666667,1,9,9,0.603568532948678
1808,80,10,1.65625,0.197916666666667,1,21,21,0.622439203516654
1809,81,10,1.67708333333333,0.197916666666667,1,26,26,0.641414985386427
1810,82,10,1.69791666666667,0.197916666666667,1,21,21,0.660488010351832
1811,83,10,1.71875,0.197916666666667,1,22,22,0.679651141715176
1812,84,10,1.73958333333333,0.197916666666667,1,13,13,0.69889789536725
1813,85,10,1.76041666666667,0.197916666666667,1,36,36,0.718222370277312
1814,86,10,1.78125,0.197916666666667,1,21,21,0.737619187207276
1815,87,10,1.80208333333333,0.197916666666667,1,29,29,0.757083434613509
1816,88,10,1.82291666666667,0.197916666666667,1,21,21,0.776610620832052
1817,89,10,1.84375,0.197916666666667,1,19,19,0.796196631759893
1818,90,10,1.86458333333333,0.197916666666667,1,27,27,0.815837693347219
1819,91,10,1.88541666666667,0.197916666666667,1,14,14,0.835530338304904
1820,92,10,1.90625,0.197916666666667,1,6,6,0.855271376509198
1821,93,10,1.92708333333333,0.197916666666667,1,21,21,0.875057868653047
1822,94,10,1.94791666666667,0.197916666666667,1,16,16,0.894887102751977
1823,95,10,1.96875,0.197916666666667,1,23,23,0.91475657316313
1824,96,10,1.98958333333333,0.197916666666667,1,18,18,0.934663961819918
1825,97,10,2.01041666666667,0.197916666666667,1,27,27,0.954607121422739
1826,98,10,2.03125,0.197916666666667,1,27,27,0.974584060359067
1827,99,10,2.05208333333333,0.197916666666667,1,25,25,0.994592929154741
1828,100,10,2.07291666666667,0.197916666666667,1,24,24,1.01463200828295
1829,101,10,2.09375,0.197916666666667,1,18,18,1.03469969717885
1830,102,10,2.11458333333333,0.197916666666667,1,18,18,1.0547945043263
1831,103,10,2.13541666666667,0.197916666666667,1,24,24,1.07491503829946
1832,104,10,2.15625,0.197916666666667,1,20,20,1.09505999965599
1833,105,10,2.17708333333333,0.197916666666667,1,17,17,1.11522817359082
1834,106,10,2.19791666666667,0.197916666666667,1,21,21,1.13541842327025
1835,107,10,2.21875,0.197916666666667,1,28,28,1.15562968377535
1836,108,10,2.23958333333333,0.197916666666667,1,22,22,1.17586095659188
1837,109,10,2.26041666666667,0.197916666666667,1,23,23,1.19611130459112
1838,110,10,2.28125,0.197916666666667,1,18,18,1.21637984745201
1839,111,10,2.30208333333333,0.197916666666667,1,18,18,1.23666575748099
1840,112,10,2.32291666666667,0.197916666666667,1,26,26,1.25696825579017
1841,113,10,2.34375,0.197916666666667,1,15,15,1.27728660879926
1842,114,10,2.36458333333333,0.197916666666667,1,28,28,1.29762012503001
1843,115,10,2.38541666666667,0.197916666666667,1,24,24,1.31796815216547
1844,116,10,2.40625,0.197916666666667,1,29,29,1.33833007434934
1845,117,10,2.42708333333333,0.197916666666667,1,21,21,1.35870530970294
1846,118,10,2.44791666666667,0.197916666666667,1,10,10,1.37909330804006
1847,119,10,2.46875,0.197916666666667,1,19,19,1.39949354876164
1848,120,10,2.48958333333333,0.197916666666667,1,6,6,1.41990553891425
1849,121,10,2.51041666666667,0.197916666666667,1,16,16,1.44032881139782
1850,122,10,2.53125,0.197916666666667,1,20,20,1.46076292330955
1851,123,10,2.55208333333333,0.197916666666667,1,21,21,1.48120745441226
1852,124,10,2.57291666666667,0.197916666666667,1,20,20,1.50166200571642
1853,125,10,2.59375,0.197916666666667,1,17,17,1.5221261981664
1854,126,10,2.61458333333333,0.197916666666667,1,23,23,1.54259967142197
1855,127,10,2.63541666666667,0.197916666666667,1,31,31,1.56308208272739
1856,128,10,2.65625,0.197916666666667,1,10,10,1.5835731058608
1857,129,10,2.67708333333333,0.197916666666667,1,22,22,1.6040724301573
1858,130,10,2.69791666666667,0.197916666666667,1,13,13,1.62457975960007
1859,131,10,2.71875,0.197916666666667,1,11,11,1.64509481197377
1860,132,10,2.73958333333333,0.197916666666667,1,13,13,1.66561731807572
1861,133,10,2.76041666666667,0.197916666666667,1,9,9,1.68614702097995
1862,134,10,2.78125,0.197916666666667,1,20,20,1.70668367535044
1863,135,10,2.80208333333333,0.197916666666667,1,7,7,1.72722704679948
1864,136,10,2.82291666666667,0.197916666666667,1,20,20,1.74777691128796
1865,137,10,2.84375,0.197916666666667,1,18,18,1.76833305456436
1866,138,10,2.86458333333333,0.197916666666667,1,16,16,1.78889527163954
1867,139,10,2.88541666666667,0.197916666666667,1,12,12,1.80946336629489
1868,140,10,2.90625,0.197916666666667,1,23,23,1.83003715062114
1869,141,10,2.92708333333333,0.197916666666667,1,15,15,1.85061644458589
1870,142,10,2.94791666666667,0.197916666666667,1,18,18,1.87120107562764
1871,143,10,2.96875,0.197916666666667,1,17,17,1.89179087827457
1872,144,10,2.98958333333333,0.197916666666667,1,31,31,1.91238569378625
1873,145,10,3.01041666666667,0.197916666666667,1,19,19,1.93298536981674
1874,146,10,3.03125,0.197916666666667,1,19,19,1.95358976009761
1875,147,10,3.05208333333333,0.197916666666667,1,16,16,1.97419872413957
1876,148,10,3.07291666666667,0.197916666666667,1,19,19,1.9948121269513
1877,149,10,3.09375,0.197916666666667,1,14,14,2.01542983877456
1878,150,10,3.11458333333333,0.197916666666667,1,23,23,2.03605173483436
1879,151,10,3.13541666666667,0.197916666666667,1,15,15,2.05667769510318
1880,152,10,3.15625,0.197916666666667,1,15,15,2.07730760407844
1881,153,10,3.17708333333333,0.197916666666667,1,23,23,2.09794135057229
1882,154,10,3.19791666666667,0.197916666666667,1,17,17,2.11857882751298
1883,155,10,3.21875,0.197916666666667,1,23,23,2.13921993175699
1884,156,10,3.23958333333333,0.197916666666667,1,26,26,2.15986456391135
1885,157,10,3.26041666666667,0.197916666666667,1,11,11,2.18051262816548
1886,158,10,3.28125,0.197916666666667,1,17,17,2.20116403213195
1887,159,10,3.30208333333333,0.197916666666667,1,10,10,2.2218186866956
1888,160,10,3.32291666666667,0.197916666666667,1,25,25,2.24247650587056
1889,161,10,3.34375,0.197916666666667,1,17,17,2.26313740666466
1890,162,10,3.36458333333333,0.197916666666667,1,29,29,2.2838013089508
1891,163,10,3.38541666666667,0.197916666666667,1,17,17,2.30446813534488
1892,164,10,3.40625,0.197916666666667,1,13,13,2.32513781108987
1893,165,10,3.42708333333333,0.197916666666667,1,20,20,2.34581026394572
1894,166,10,3.44791666666667,0.197916666666667,1,30,30,2.36648542408469
1895,167,10,3.46875,0.197916666666667,1,12,12,2.3871632239919
1896,168,10,3.48958333333333,0.197916666666667,1,33,33,2.4078435983707
1897,169,10,3.51041666666667,0.197916666666667,1,13,13,2.42852648405263
1898,170,10,3.53125,0.197916666666667,1,23,23,2.44921181991175
1899,171,10,3.55208333333333,0.197916666666667,1,18,18,2.46989954678302
1900,172,10,3.57291666666667,0.197916666666667,1,34,34,2.49058960738456
1901,173,10,3.59375,0.197916666666667,1,26,26,2.5112819462436
1902,174,10,3.61458333333333,0.197916666666667,1,16,16,2.53197650962584
1903,175,10,3.63541666666667,0.197916666666667,1,27,27,2.55267324546809
1904,176,10,3.65625,0.197916666666667,1,17,17,2.57337210331405
1905,177,10,3.67708333333333,0.197916666666667,1,16,16,2.59407303425295
1906,178,10,3.69791666666667,0.197916666666667,1,14,14,2.61477599086104
1907,179,10,3.71875,0.197916666666667,1,20,20,2.63548092714568
1908,180,10,3.73958333333333,0.197916666666667,1,25,25,2.65618779849189
1909,181,10,3.76041666666667,0.197916666666667,1,30,30,2.67689656161134
1910,182,10,3.78125,0.197916666666667,1,17,17,2.69760717449355
1911,183,10,3.80208333333333,0.197916666666667,1,17,17,2.71831959635919
1912,184,10,3.82291666666667,0.197916666666667,1,20,20,2.73903378761547
1913,185,10,3.84375,0.197916666666667,1,20,20,2.75974970981339
1914,186,10,3.86458333333333,0.197916666666667,1,21,21,2.78046732560689
1915,187,10,3.88541666666667,0.197916666666667,1,14,14,2.80118659871363
1916,188,10,3.90625,0.197916666666667,1,19,19,2.82190749387755
1917,189,10,3.92708333333333,0.197916666666667,1,26,26,2.84262997683289
1918,190,10,3.94791666666667,0.197916666666667,1,22,22,2.86335401426979
1919,191,10,3.96875,0.197916666666667,1,9,9,2.88407957380124
1920,192,10,3.98958333333333,0.197916666666667,1,27,27,2.90480662393143
1921,1,11,0.0104166666666667,0.21875,1,19,19,0.928774385427199
1922,2,11,0.03125,0.21875,1,23,23,0.908750774473061
1923,3,11,0.0520833333333333,0.21875,1,26,26,0.888760622923691
1924,4,11,0.0729166666666667,0.21875,1,22,22,0.868806001965535
1925,5,11,0.09375,0.21875,1,24,24,0.848889153168061
1926,6,11,0.114583333333333,0.21875,1,30,30,0.829012505895971
1927,7,11,0.135416666666667,0.21875,1,15,15,0.809178696834554
1928,8,11,0.15625,0.21875,1,28,28,0.789390591922357
1929,9,11,0.177083333333333,0.21875,1,22,22,0.769651311030908
1930,10,11,0.197916666666667,0.21875,1,23,23,0.74996425578439
1931,11,11,0.21875,0.21875,1,20,20,0.730333140974151
1932,12,11,0.239583333333333,0.21875,1,18,18,0.710762030095419
1933,13,11,0.260416666666667,0.21875,1,28,28,0.691255375618039
1934,14,11,0.28125,0.21875,1,21,21,0.671818064701779
1935,15,11,0.302083333333333,0.21875,1,23,23,0.652455471181592
1936,16,11,0.322916666666667,0.21875,1,15,15,0.633173514781991
1937,17,11,0.34375,0.21875,1,24,24,0.613978728674741
1938,18,11,0.364583333333333,0.21875,1,30,30,0.594878336673247
1939,19,11,0.385416666666667,0.21875,1,22,22,0.575880341562847
1940,20,11,0.40625,0.21875,1,34,34,0.556993626300895
1941,21,11,0.427083333333333,0.21875,1,12,12,0.538228070085016
1942,22,11,0.447916666666667,0.21875,1,19,19,0.519594681581794
1943,23,11,0.46875,0.21875,1,15,15,0.50110575192723
1944,24,11,0.489583333333333,0.21875,1,13,13,0.482775030445807
1945,25,11,0.510416666666667,0.21875,1,16,16,0.464617926369486
1946,26,11,0.53125,0.21875,1,19,19,0.446651740141747
1947,27,11,0.552083333333333,0.21875,1,27,27,0.428895928116088
1948,28,11,0.572916666666667,0.21875,1,25,25,0.411372404526399
1949,29,11,0.59375,0.21875,1,21,21,0.394105884401309
1950,30,11,0.614583333333333,0.21875,1,25,25,0.377124270441616
1951,31,11,0.635416666666667,0.21875,1,17,17,0.36045908552709
1952,32,11,0.65625,0.21875,1,18,18,0.344145950110997
1953,33,11,0.677083333333333,0.21875,1,16,16,0.328225099814468
1954,34,11,0.697916666666667,0.21875,1,26,26,0.312741932419978
1955,35,11,0.71875,0.21875,1,25,25,0.297747564417433
1956,36,11,0.739583333333333,0.21875,1,15,15,0.28329936443696
1957,37,11,0.760416666666667,0.21875,1,33,33,0.269461413561838
1958,38,11,0.78125,0.21875,1,21,21,0.256304820343481
1959,39,11,0.802083333333333,0.21875,1,22,22,0.243907792067066
1960,40,11,0.822916666666667,0.21875,1,19,19,0.232355336115496
1961,41,11,0.84375,0.21875,1,24,24,0.221738441905844
1962,42,11,0.864583333333333,0.21875,1,16,16,0.21215258466191
1963,43,11,0.885416666666667,0.21875,1,18,18,0.203695411189859
1964,44,11,0.90625,0.21875,1,17,17,0.196463530640786
1965,45,11,0.927083333333333,0.21875,1,33,33,0.190548451687112
1966,46,11,0.947916666666667,0.21875,1,20,20,0.186031879536375
1967,47,11,0.96875,0.21875,1,33,33,0.182980785566794
1968,48,11,0.989583333333333,0.21875,1,21,21,0.181442835127215
1969,49,11,1.01041666666667,0.21875,1,20,20,0.181442835127215
1970,50,11,1.03125,0.21875,1,27,27,0.182980785566794
1971,51,11,1.05208333333333,0.21875,1,18,18,0.186031879536375
1972,52,11,1.07291666666667,0.21875,1,23,23,0.190548451687112
1973,53,11,1.09375,0.21875,1,31,31,0.196463530640786
1974,54,11,1.11458333333333,0.21875,1,26,26,0.203695411189859
1975,55,11,1.13541666666667,0.21875,1,34,34,0.21215258466191
1976,56,11,1.15625,0.21875,1,23,23,0.221738441905844
1977,57,11,1.17708333333333,0.21875,1,21,21,0.232355336115496
1978,58,11,1.19791666666667,0.21875,1,24,24,0.243907792067066
1979,59,11,1.21875,0.21875,1,18,18,0.256304820343481
1980,60,11,1.23958333333333,0.21875,1,34,34,0.269461413561837
1981,61,11,1.26041666666667,0.21875,1,20,20,0.28329936443696
1982,62,11,1.28125,0.21875,1,16,16,0.297747564417433
1983,63,11,1.30208333333333,0.21875,1,28,28,0.312741932419978
1984,64,11,1.32291666666667,0.21875,1,16,16,0.328225099814468
1985,65,11,1.34375,0.21875,1,22,22,0.344145950110997
1986,66,11,1.36458333333333,0.21875,1,11,11,0.36045908552709
1987,67,11,1.38541666666667,0.21875,1,17,17,0.377124270441616
1988,68,11,1.40625,0.21875,1,15,15,0.394105884401309
1989,69,11,1.42708333333333,0.21875,1,19,19,0.411372404526399
1990,70,11,1.44791666666667,0.21875,1,14,14,0.428895928116088
1991,71,11,1.46875,0.21875,1,17,17,0.446651740141747
1992,72,11,1.48958333333333,0.21875,1,34,34,0.464617926369486
1993,73,11,1.51041666666667,0.21875,1,29,29,0.482775030445807
1994,74,11,1.53125,0.21875,1,16,16,0.50110575192723
1995,75,11,1.55208333333333,0.21875,1,15,15,0.519594681581794
1996,76,11,1.57291666666667,0.21875,1,16,16,0.538228070085016
1997,77,11,1.59375,0.21875,1,22,22,0.556993626300895
1998,78,11,1.61458333333333,0.21875,1,22,22,0.575880341562847
1999,79,11,1.63541666666667,0.21875,1,11,11,0.594878336673246
2000,80,11,1.65625,0.21875,1,20,20,0.613978728674741
2001,81,11,1.67708333333333,0.21875,1,27,27,0.633173514781991
2002,82,11,1.69791666666667,0.21875,1,24,24,0.652455471181592
2003,83,11,1.71875,0.21875,1,21,21,0.671818064701779
2004,84,11,1.73958333333333,0.21875,1,11,11,0.691255375618039
2005,85,11,1.76041666666667,0.21875,1,19,19,0.710762030095418
2006,86,11,1.78125,0.21875,1,20,20,0.730333140974151
2007,87,11,1.80208333333333,0.21875,1,15,15,0.749964255784389
2008,88,11,1.82291666666667,0.21875,1,16,16,0.769651311030908
2009,89,11,1.84375,0.21875,1,26,26,0.789390591922357
2010,90,11,1.86458333333333,0.21875,1,22,22,0.809178696834554
2011,91,11,1.88541666666667,0.21875,1,19,19,0.829012505895971
2012,92,11,1.90625,0.21875,1,19,19,0.848889153168061
2013,93,11,1.92708333333333,0.21875,1,26,26,0.868806001965535
2014,94,11,1.94791666666667,0.21875,1,18,18,0.88876062292369
2015,95,11,1.96875,0.21875,1,26,26,0.908750774473061
2016,96,11,1.98958333333333,0.21875,1,23,23,0.928774385427199
2017,97,11,2.01041666666667,0.21875,1,11,11,0.948829539428489
2018,98,11,2.03125,0.21875,1,17,17,0.968914461030442
2019,99,11,2.05208333333333,0.21875,1,7,7,0.98902750322376
2020,100,11,2.07291666666667,0.21875,1,22,22,1.00916713623832
2021,101,11,2.09375,0.21875,1,20,20,1.02933193747454
2022,102,11,2.11458333333333,0.21875,1,26,26,1.04952058243619
2023,103,11,2.13541666666667,0.21875,1,21,21,1.06973183655248
2024,104,11,2.15625,0.21875,1,12,12,1.08996454779124
2025,105,11,2.17708333333333,0.21875,1,21,21,1.11021763997684
2026,106,11,2.19791666666667,0.21875,1,21,21,1.13049010673706
2027,107,11,2.21875,0.21875,1,20,20,1.15078100601184
2028,108,11,2.23958333333333,0.21875,1,19,19,1.17108945506513
2029,109,11,2.26041666666667,0.21875,1,25,25,1.1914146259475
2030,110,11,2.28125,0.21875,1,20,20,1.21175574136346
2031,111,11,2.30208333333333,0.21875,1,26,26,1.23211207090261
2032,112,11,2.32291666666667,0.21875,1,25,25,1.25248292759814
2033,113,11,2.34375,0.21875,1,21,21,1.27286766478055
2034,114,11,2.36458333333333,0.21875,1,26,26,1.29326567319773
2035,115,11,2.38541666666667,0.21875,1,13,13,1.31367637837582
2036,116,11,2.40625,0.21875,1,26,26,1.33409923819797
2037,117,11,2.42708333333333,0.21875,1,17,17,1.35453374068042
2038,118,11,2.44791666666667,0.21875,1,21,21,1.37497940192774
2039,119,11,2.46875,0.21875,1,30,30,1.39543576425067
2040,120,11,2.48958333333333,0.21875,1,23,23,1.41590239443192
2041,121,11,2.51041666666667,0.21875,1,36,36,1.43637888212656
2042,122,11,2.53125,0.21875,1,7,7,1.45686483838514
2043,123,11,2.55208333333333,0.21875,1,6,6,1.47735989428891
2044,124,11,2.57291666666667,0.21875,1,12,12,1.49786369968711
2045,125,11,2.59375,0.21875,1,25,25,1.51837592202801
2046,126,11,2.61458333333333,0.21875,1,32,32,1.53889624527539
2047,127,11,2.63541666666667,0.21875,1,20,20,1.5594243689036
2048,128,11,2.65625,0.21875,1,26,26,1.57996000696445
2049,129,11,2.67708333333333,0.21875,1,8,8,1.60050288722026
2050,130,11,2.69791666666667,0.21875,1,24,24,1.62105275033755
2051,131,11,2.71875,0.21875,1,23,23,1.6416093491366
2052,132,11,2.73958333333333,0.21875,1,24,24,1.6621724478924
2053,133,11,2.76041666666667,0.21875,1,16,16,1.68274182168304
2054,134,11,2.78125,0.21875,1,31,31,1.70331725578169
2055,135,11,2.80208333333333,0.21875,1,24,24,1.723898545089
2056,136,11,2.82291666666667,0.21875,1,27,27,1.74448549360279
2057,137,11,2.84375,0.21875,1,18,18,1.7650779139221
2058,138,11,2.86458333333333,0.21875,1,18,18,1.78567562678326
2059,139,11,2.88541666666667,0.21875,1,23,23,1.80627846062543
2060,140,11,2.90625,0.21875,1,33,33,1.8268862511835
2061,141,11,2.92708333333333,0.21875,1,12,12,1.84749884110649
2062,142,11,2.94791666666667,0.21875,1,36,36,1.86811607959942
2063,143,11,2.96875,0.21875,1,24,24,1.88873782208716
2064,144,11,2.98958333333333,0.21875,1,16,16,1.90936392989866
2065,145,11,3.01041666666667,0.21875,1,22,22,1.92999426997002
2066,146,11,3.03125,0.21875,1,19,19,1.95062871456536
2067,147,11,3.05208333333333,0.21875,1,18,18,1.97126714101403
2068,148,11,3.07291666666667,0.21875,1,12,12,1.99190943146314
2069,149,11,3.09375,0.21875,1,20,20,2.01255547264445
2070,150,11,3.11458333333333,0.21875,1,22,22,2.03320515565454
2071,151,11,3.13541666666667,0.21875,1,24,24,2.05385837574753
2072,152,11,3.15625,0.21875,1,24,24,2.07451503213935
2073,153,11,3.17708333333333,0.21875,1,23,23,2.09517502782302
2074,154,11,3.19791666666667,0.21875,1,22,22,2.11583826939403
2075,155,11,3.21875,0.21875,1,30,30,2.13650466688536
2076,156,11,3.23958333333333,0.21875,1,23,23,2.15717413361142
2077,157,11,3.26041666666667,0.21875,1,20,20,2.17784658602032
2078,158,11,3.28125,0.21875,1,27,27,2.19852194355416
2079,159,11,3.30208333333333,0.21875,1,23,23,2.21920012851653
2080,160,11,3.32291666666667,0.21875,1,23,23,2.23988106594711
2081,161,11,3.34375,0.21875,1,24,24,2.26056468350266
2082,162,11,3.36458333333333,0.21875,1,29,29,2.28125091134424
2083,163,11,3.38541666666667,0.21875,1,13,13,2.30193968203015
2084,164,11,3.40625,0.21875,1,15,15,2.32263093041429
2085,165,11,3.42708333333333,0.21875,1,14,14,2.34332459354963
2086,166,11,3.44791666666667,0.21875,1,18,18,2.36402061059652
2087,167,11,3.46875,0.21875,1,15,15,2.38471892273553
2088,168,11,3.48958333333333,0.21875,1,23,23,2.40541947308452
2089,169,11,3.51041666666667,0.21875,1,16,16,2.42612220661982
2090,170,11,3.53125,0.21875,1,22,22,2.44682707010115
2091,171,11,3.55208333333333,0.21875,1,22,22,2.46753401200019
2092,172,11,3.57291666666667,0.21875,1,30,30,2.48824298243251
2093,173,11,3.59375,0.21875,1,26,26,2.50895393309273
2094,174,11,3.61458333333333,0.21875,1,19,19,2.52966681719271
2095,175,11,3.63541666666667,0.21875,1,31,31,2.55038158940264
2096,176,11,3.65625,0.21875,1,16,16,2.57109820579476
2097,177,11,3.67708333333333,0.21875,1,21,21,2.5918166237898
2098,178,11,3.69791666666667,0.21875,1,15,15,2.61253680210569
2099,179,11,3.71875,0.21875,1,24,24,2.63325870070873
2100,180,11,3.73958333333333,0.21875,1,16,16,2.65398228076685
2101,181,11,3.76041666666667,0.21875,1,26,26,2.67470750460496
2102,182,11,3.78125,0.21875,1,11,11,2.69543433566235
2103,183,11,3.80208333333333,0.21875,1,21,21,2.71616273845182
2104,184,11,3.82291666666667,0.21875,1,23,23,2.73689267852072
2105,185,11,3.84375,0.21875,1,20,20,2.75762412241358
2106,186,11,3.86458333333333,0.21875,1,17,17,2.77835703763642
2107,187,11,3.88541666666667,0.21875,1,24,24,2.79909139262248
2108,188,11,3.90625,0.21875,1,6,6,2.81982715669952
2109,189,11,3.92708333333333,0.21875,1,35,35,2.84056430005837
2110,190,11,3.94791666666667,0.21875,1,12,12,2.86130279372291
2111,191,11,3.96875,0.21875,1,17,17,2.8820426095212
2112,192,11,3.98958333333333,0.21875,1,19,19,2.90278372005785
2113,1,12,0.0104166666666667,0.239583333333333,1,29,29,0.923275140853568
2114,2,12,0.03125,0.239583333333333,1,13,13,0.903141766041958
2115,3,12,0.0520833333333333,0.239583333333333,1,31,31,0.883037561450336
2116,4,12,0.0729166666666667,0.239583333333333,1,9,9,0.862964354076631
2117,5,12,0.09375,0.239583333333333,1,21,21,0.84292412355278
2118,6,12,0.114583333333333,0.239583333333333,1,14,14,0.822919018055695
2119,7,12,0.135416666666667,0.239583333333333,1,16,16,0.802951372198722
2120,8,12,0.15625,0.239583333333333,1,16,16,0.783023727188448
2121,9,12,0.177083333333333,0.239583333333333,1,25,25,0.763138853577775
2122,10,12,0.197916666666667,0.239583333333333,1,22,22,0.743299777000379
2123,11,12,0.21875,0.239583333333333,1,4,4,0.723509807335516
2124,12,12,0.239583333333333,0.239583333333333,1,26,26,0.703772571827518
2125,13,12,0.260416666666667,0.239583333333333,1,14,14,0.684092052773284
2126,14,12,0.28125,0.239583333333333,1,17,17,0.664472630496199
2127,15,12,0.302083333333333,0.239583333333333,1,23,23,0.644919132449214
2128,16,12,0.322916666666667,0.239583333333333,1,19,19,0.625436889436673
2129,17,12,0.34375,0.239583333333333,1,21,21,0.606031800117939
2130,18,12,0.364583333333333,0.239583333333333,1,12,12,0.586710405160396
2131,19,12,0.385416666666667,0.239583333333333,1,23,23,0.567479972650033
2132,20,12,0.40625,0.239583333333333,1,13,13,0.54834859664981
2133,21,12,0.427083333333333,0.239583333333333,1,16,16,0.529325311124717
2134,22,12,0.447916666666667,0.239583333333333,1,20,20,0.510420221832651
2135,23,12,0.46875,0.239583333333333,1,20,20,0.491644659215122
2136,24,12,0.489583333333333,0.239583333333333,1,20,20,0.473011355811461
2137,25,12,0.510416666666667,0.239583333333333,1,23,23,0.45453465225859
2138,26,12,0.53125,0.239583333333333,1,22,22,0.43623073650974
2139,27,12,0.552083333333333,0.239583333333333,1,19,19,0.418117921476912
2140,28,12,0.572916666666667,0.239583333333333,1,14,14,0.40021696681429
2141,29,12,0.59375,0.239583333333333,1,17,17,0.38255145091252
2142,30,12,0.614583333333333,0.239583333333333,1,33,33,0.365148199203461
2143,31,12,0.635416666666667,0.239583333333333,1,15,15,0.348037774325137
2144,32,12,0.65625,0.239583333333333,1,26,26,0.331255032176759
2145,33,12,0.677083333333333,0.239583333333333,1,31,31,0.314839744827914
2146,34,12,0.697916666666667,0.239583333333333,1,14,14,0.298837285814097
2147,35,12,0.71875,0.239583333333333,1,14,14,0.28329936443696
2148,36,12,0.739583333333333,0.239583333333333,1,20,20,0.268284781867994
2149,37,12,0.760416666666667,0.239583333333333,1,21,21,0.253860161488813
2150,38,12,0.78125,0.239583333333333,1,19,19,0.240100577444052
2151,39,12,0.802083333333333,0.239583333333333,1,22,22,0.227089968085575
2152,40,12,0.822916666666667,0.239583333333333,1,15,15,0.214921176204812
2153,41,12,0.84375,0.239583333333333,1,8,8,0.203695411189859
2154,42,12,0.864583333333333,0.239583333333333,1,25,25,0.193520891741779
2155,43,12,0.885416666666667,0.239583333333333,1,16,16,0.184510422578076
2156,44,12,0.90625,0.239583333333333,1,19,19,0.17677771365805
2157,45,12,0.927083333333333,0.239583333333333,1,16,16,0.170432395536399
2158,46,12,0.947916666666667,0.239583333333333,1,22,22,0.165573932999624
2159,47,12,0.96875,0.239583333333333,1,12,12,0.162284964833629
2160,48,12,0.989583333333333,0.239583333333333,1,18,18,0.160624916733267
2161,49,12,1.01041666666667,0.239583333333333,1,26,26,0.160624916733267
2162,50,12,1.03125,0.239583333333333,1,22,22,0.162284964833629
2163,51,12,1.05208333333333,0.239583333333333,1,31,31,0.165573932999624
2164,52,12,1.07291666666667,0.239583333333333,1,28,28,0.170432395536399
2165,53,12,1.09375,0.239583333333333,1,28,28,0.17677771365805
2166,54,12,1.11458333333333,0.239583333333333,1,23,23,0.184510422578076
2167,55,12,1.13541666666667,0.239583333333333,1,21,21,0.193520891741779
2168,56,12,1.15625,0.239583333333333,1,18,18,0.203695411189859
2169,57,12,1.17708333333333,0.239583333333333,1,18,18,0.214921176204812
2170,58,12,1.19791666666667,0.239583333333333,1,21,21,0.227089968085575
2171,59,12,1.21875,0.239583333333333,1,15,15,0.240100577444052
2172,60,12,1.23958333333333,0.239583333333333,1,15,15,0.253860161488813
2173,61,12,1.26041666666667,0.239583333333333,1,14,14,0.268284781867993
2174,62,12,1.28125,0.239583333333333,1,18,18,0.28329936443696
2175,63,12,1.30208333333333,0.239583333333333,1,23,23,0.298837285814097
2176,64,12,1.32291666666667,0.239583333333333,1,25,25,0.314839744827914
2177,65,12,1.34375,0.239583333333333,1,25,25,0.331255032176759
2178,66,12,1.36458333333333,0.239583333333333,1,20,20,0.348037774325137
2179,67,12,1.38541666666667,0.239583333333333,1,17,17,0.36514819920346
2180,68,12,1.40625,0.239583333333333,1,18,18,0.38255145091252
2181,69,12,1.42708333333333,0.239583333333333,1,21,21,0.40021696681429
2182,70,12,1.44791666666667,0.239583333333333,1,21,21,0.418117921476912
2183,71,12,1.46875,0.239583333333333,1,31,31,0.43623073650974
2184,72,12,1.48958333333333,0.239583333333333,1,25,25,0.45453465225859
2185,73,12,1.51041666666667,0.239583333333333,1,33,33,0.473011355811461
2186,74,12,1.53125,0.239583333333333,1,21,21,0.491644659215122
2187,75,12,1.55208333333333,0.239583333333333,1,23,23,0.51042022183265
2188,76,12,1.57291666666667,0.239583333333333,1,20,20,0.529325311124717
2189,77,12,1.59375,0.239583333333333,1,22,22,0.54834859664981
2190,78,12,1.61458333333333,0.239583333333333,1,16,16,0.567479972650033
2191,79,12,1.63541666666667,0.239583333333333,1,13,13,0.586710405160396
2192,80,12,1.65625,0.239583333333333,1,12,12,0.606031800117939
2193,81,12,1.67708333333333,0.239583333333333,1,19,19,0.625436889436673
2194,82,12,1.69791666666667,0.239583333333333,1,19,19,0.644919132449213
2195,83,12,1.71875,0.239583333333333,1,33,33,0.664472630496199
2196,84,12,1.73958333333333,0.239583333333333,1,13,13,0.684092052773284
2197,85,12,1.76041666666667,0.239583333333333,1,29,29,0.703772571827518
2198,86,12,1.78125,0.239583333333333,1,11,11,0.723509807335516
2199,87,12,1.80208333333333,0.239583333333333,1,18,18,0.743299777000379
2200,88,12,1.82291666666667,0.239583333333333,1,26,26,0.763138853577775
2201,89,12,1.84375,0.239583333333333,1,23,23,0.783023727188448
2202,90,12,1.86458333333333,0.239583333333333,1,14,14,0.802951372198722
2203,91,12,1.88541666666667,0.239583333333333,1,22,22,0.822919018055695
2204,92,12,1.90625,0.239583333333333,1,19,19,0.84292412355278
2205,93,12,1.92708333333333,0.239583333333333,1,25,25,0.862964354076631
2206,94,12,1.94791666666667,0.239583333333333,1,16,16,0.883037561450335
2207,95,12,1.96875,0.239583333333333,1,15,15,0.903141766041958
2208,96,12,1.98958333333333,0.239583333333333,1,29,29,0.923275140853568
2209,97,12,2.01041666666667,0.239583333333333,1,21,21,0.943435997345096
2210,98,12,2.03125,0.239583333333333,1,15,15,0.963622772780734
2211,99,12,2.05208333333333,0.239583333333333,1,26,26,0.98383401891413
2212,100,12,2.07291666666667,0.239583333333333,1,22,22,1.00406839185301
2213,101,12,2.09375,0.239583333333333,1,16,16,1.02432464296473
2214,102,12,2.11458333333333,0.239583333333333,1,12,12,1.04460161070227
2215,103,12,2.13541666666667,0.239583333333333,1,25,25,1.06489821324536
2216,104,12,2.15625,0.239583333333333,1,21,21,1.08521344186513
2217,105,12,2.17708333333333,0.239583333333333,1,22,22,1.10554635493161
2218,106,12,2.19791666666667,0.239583333333333,1,25,25,1.12589607249373
2219,107,12,2.21875,0.239583333333333,1,18,18,1.14626177136979
2220,108,12,2.23958333333333,0.239583333333333,1,11,11,1.16664268069395
2221,109,12,2.26041666666667,0.239583333333333,1,19,19,1.18703807787062
2222,110,12,2.28125,0.239583333333333,1,19,19,1.20744728489441
2223,111,12,2.30208333333333,0.239583333333333,1,16,16,1.22786966499812
2224,112,12,2.32291666666667,0.239583333333333,1,14,14,1.24830461959537
2225,113,12,2.34375,0.239583333333333,1,14,14,1.26875158548868
2226,114,12,2.36458333333333,0.239583333333333,1,23,23,1.28921003231653
2227,115,12,2.38541666666667,0.239583333333333,1,17,17,1.30967946021624
2228,116,12,2.40625,0.239583333333333,1,18,18,1.33015939768187
2229,117,12,2.42708333333333,0.239583333333333,1,6,6,1.35064939959852
2230,118,12,2.44791666666667,0.239583333333333,1,14,14,1.37114904543656
2231,119,12,2.46875,0.239583333333333,1,28,28,1.39165793759085
2232,120,12,2.48958333333333,0.239583333333333,1,26,26,1.41217569985178
2233,121,12,2.51041666666667,0.239583333333333,1,22,22,1.43270197599606
2234,122,12,2.53125,0.239583333333333,1,23,23,1.45323642848659
2235,123,12,2.55208333333333,0.239583333333333,1,28,28,1.47377873727182
2236,124,12,2.57291666666667,0.239583333333333,1,21,21,1.4943285986758
2237,125,12,2.59375,0.239583333333333,1,16,16,1.51488572437116
2238,126,12,2.61458333333333,0.239583333333333,1,24,24,1.53544984042787
2239,127,12,2.63541666666667,0.239583333333333,1,8,8,1.55602068643145
2240,128,12,2.65625,0.239583333333333,1,29,29,1.57659801466475
2241,129,12,2.67708333333333,0.239583333333333,1,18,18,1.59718158934812
2242,130,12,2.69791666666667,0.239583333333333,1,19,19,1.61777118593316
2243,131,12,2.71875,0.239583333333333,1,26,26,1.63836659044569
2244,132,12,2.73958333333333,0.239583333333333,1,17,17,1.65896759887409
2245,133,12,2.76041666666667,0.239583333333333,1,16,16,1.67957401659935
2246,134,12,2.78125,0.239583333333333,1,13,13,1.70018565786359
2247,135,12,2.80208333333333,0.239583333333333,1,32,32,1.72080234527407
2248,136,12,2.82291666666667,0.239583333333333,1,4,4,1.74142390933997
2249,137,12,2.84375,0.239583333333333,1,22,22,1.76205018803946
2250,138,12,2.86458333333333,0.239583333333333,1,15,15,1.78268102641478
2251,139,12,2.88541666666667,0.239583333333333,1,22,22,1.80331627619327
2252,140,12,2.90625,0.239583333333333,1,21,21,1.82395579543236
2253,141,12,2.92708333333333,0.239583333333333,1,11,11,1.84459944818692
2254,142,12,2.94791666666667,0.239583333333333,1,16,16,1.86524710419722
2255,143,12,2.96875,0.239583333333333,1,24,24,1.88589863859608
2256,144,12,2.98958333333333,0.239583333333333,1,29,29,1.90655393163392
2257,145,12,3.01041666666667,0.239583333333333,1,22,22,1.92721286842031
2258,146,12,3.03125,0.239583333333333,1,16,16,1.94787533868099
2259,147,12,3.05208333333333,0.239583333333333,1,24,24,1.96854123652931
2260,148,12,3.07291666666667,0.239583333333333,1,11,11,1.98921046025101
2261,149,12,3.09375,0.239583333333333,1,24,24,2.00988291210147
2262,150,12,3.11458333333333,0.239583333333333,1,25,25,2.03055849811473
2263,151,12,3.13541666666667,0.239583333333333,1,30,30,2.05123712792327
2264,152,12,3.15625,0.239583333333333,1,18,18,2.07191871458804
2265,153,12,3.17708333333333,0.239583333333333,1,29,29,2.09260317443799
2266,154,12,3.19791666666667,0.239583333333333,1,21,21,2.11329042691846
2267,155,12,3.21875,0.239583333333333,1,21,21,2.13398039444794
2268,156,12,3.23958333333333,0.239583333333333,1,16,16,2.15467300228264
2269,157,12,3.26041666666667,0.239583333333333,1,29,29,2.17536817838833
2270,158,12,3.28125,0.239583333333333,1,11,11,2.19606585331906
2271,159,12,3.30208333333333,0.239583333333333,1,19,19,2.21676596010233
2272,160,12,3.32291666666667,0.239583333333333,1,28,28,2.2374684341303
2273,161,12,3.34375,0.239583333333333,1,28,28,2.25817321305662
2274,162,12,3.36458333333333,0.239583333333333,1,26,26,2.27888023669868
2275,163,12,3.38541666666667,0.239583333333333,1,20,20,2.29958944694481
2276,164,12,3.40625,0.239583333333333,1,22,22,2.32030078766623
2277,165,12,3.42708333333333,0.239583333333333,1,16,16,2.34101420463344
2278,166,12,3.44791666666667,0.239583333333333,1,14,14,2.36172964543676
2279,167,12,3.46875,0.239583333333333,1,28,28,2.38244705941089
2280,168,12,3.48958333333333,0.239583333333333,1,15,15,2.40316639756307
2281,169,12,3.51041666666667,0.239583333333333,1,16,16,2.42388761250487
2282,170,12,3.53125,0.239583333333333,1,24,24,2.44461065838721
2283,171,12,3.55208333333333,0.239583333333333,1,25,25,2.46533549083849
2284,172,12,3.57291666666667,0.239583333333333,1,30,30,2.48606206690576
2285,173,12,3.59375,0.239583333333333,1,21,21,2.50679034499857
2286,174,12,3.61458333333333,0.239583333333333,1,24,24,2.52752028483554
2287,175,12,3.63541666666667,0.239583333333333,1,8,8,2.54825184739334
2288,176,12,3.65625,0.239583333333333,1,4,4,2.56898499485812
2289,177,12,3.67708333333333,0.239583333333333,1,17,17,2.58971969057909
2290,178,12,3.69791666666667,0.239583333333333,1,8,8,2.61045589902429
2291,179,12,3.71875,0.239583333333333,1,17,17,2.63119358573825
2292,180,12,3.73958333333333,0.239583333333333,1,31,31,2.65193271730171
2293,181,12,3.76041666666667,0.239583333333333,1,17,17,2.67267326129295
2294,182,12,3.78125,0.239583333333333,1,13,13,2.69341518625101
2295,183,12,3.80208333333333,0.239583333333333,1,15,15,2.71415846164039
2296,184,12,3.82291666666667,0.239583333333333,1,13,13,2.73490305781736
2297,185,12,3.84375,0.239583333333333,1,26,26,2.7556489459977
2298,186,12,3.86458333333333,0.239583333333333,1,19,19,2.77639609822585
2299,187,12,3.88541666666667,0.239583333333333,1,24,24,2.79714448734535
2300,188,12,3.90625,0.239583333333333,1,25,25,2.81789408697056
2301,189,12,3.92708333333333,0.239583333333333,1,13,13,2.83864487145956
2302,190,12,3.94791666666667,0.239583333333333,1,19,19,2.85939681588814
2303,191,12,3.96875,0.239583333333333,1,21,21,2.88014989602499
2304,192,12,3.98958333333333,0.239583333333333,1,24,24,2.90090408830776
2305,1,13,0.0104166666666667,0.260416666666667,1,28,28,0.91817255277395
2306,2,13,0.03125,0.260416666666667,1,36,36,0.897936238499791
2307,3,13,0.0520833333333333,0.260416666666667,1,18,18,0.877725002521443
2308,4,13,0.0729166666666667,0.260416666666667,1,26,26,0.857540432856783
2309,5,13,0.09375,0.260416666666667,1,21,21,0.837384252113887
2310,6,13,0.114583333333333,0.260416666666667,1,21,21,0.817258331781305
2311,7,13,0.135416666666667,0.260416666666667,1,14,14,0.797164708338936
2312,8,13,0.15625,0.260416666666667,1,13,13,0.777105601459203
2313,9,13,0.177083333333333,0.260416666666667,1,29,29,0.757083434613509
2314,10,13,0.197916666666667,0.260416666666667,1,33,33,0.737100858452685
2315,11,13,0.21875,0.260416666666667,1,18,18,0.717160777393966
2316,12,13,0.239583333333333,0.260416666666667,1,15,15,0.697266379923019
2317,13,13,0.260416666666667,0.260416666666667,1,22,22,0.677421173210221
2318,14,13,0.28125,0.260416666666667,1,21,21,0.657629022748674
2319,15,13,0.302083333333333,0.260416666666667,1,22,22,0.637894197851035
2320,16,13,0.322916666666667,0.260416666666667,1,19,19,0.618221423997425
2321,17,13,0.34375,0.260416666666667,1,19,19,0.598615943212801
2322,18,13,0.364583333333333,0.260416666666667,1,21,21,0.579083583875276
2323,19,13,0.385416666666667,0.260416666666667,1,19,19,0.559630841624482
2324,20,13,0.40625,0.260416666666667,1,15,15,0.540264973359555
2325,21,13,0.427083333333333,0.260416666666667,1,25,25,0.520994106699537
2326,22,13,0.447916666666667,0.260416666666667,1,20,20,0.501827367735595
2327,23,13,0.46875,0.260416666666667,1,18,18,0.482775030445807
2328,24,13,0.489583333333333,0.260416666666667,1,12,12,0.463848691780182
2329,25,13,0.510416666666667,0.260416666666667,1,31,31,0.445061477164631
2330,26,13,0.53125,0.260416666666667,1,24,24,0.426428282020553
2331,27,13,0.552083333333333,0.260416666666667,1,20,20,0.407966055843192
2332,28,13,0.572916666666667,0.260416666666667,1,19,19,0.389694136397632
2333,29,13,0.59375,0.260416666666667,1,23,23,0.371634642611324
2334,30,13,0.614583333333333,0.260416666666667,1,23,23,0.353812935641499
2335,31,13,0.635416666666667,0.260416666666667,1,23,23,0.336258158153582
2336,32,13,0.65625,0.260416666666667,1,19,19,0.319003861689974
2337,33,13,0.677083333333333,0.260416666666667,1,6,6,0.302088730533725
2338,34,13,0.697916666666667,0.260416666666667,1,32,32,0.28555740673587
2339,35,13,0.71875,0.260416666666667,1,20,20,0.269461413561838
2340,36,13,0.739583333333333,0.260416666666667,1,15,15,0.253860161488813
2341,37,13,0.760416666666667,0.260416666666667,1,26,26,0.238821999318554
2342,38,13,0.78125,0.260416666666667,1,30,30,0.22442523963328
2343,39,13,0.802083333333333,0.260416666666667,1,19,19,0.210759039378673
2344,40,13,0.822916666666667,0.260416666666667,1,24,24,0.197923950959898
2345,41,13,0.84375,0.260416666666667,1,24,24,0.186031879536375
2346,42,13,0.864583333333333,0.260416666666667,1,24,24,0.175205100283811
2347,43,13,0.885416666666667,0.260416666666667,1,13,13,0.165573932999624
2348,44,13,0.90625,0.260416666666667,1,16,16,0.157272688233926
2349,45,13,0.927083333333333,0.260416666666667,1,14,14,0.150433651670236
2350,46,13,0.947916666666667,0.260416666666667,1,16,16,0.145179214498746
2351,47,13,0.96875,0.260416666666667,1,19,19,0.141612781348817
2352,48,13,0.989583333333333,0.260416666666667,1,22,22,0.139809675692111
2353,49,13,1.01041666666667,0.260416666666667,1,27,27,0.139809675692111
2354,50,13,1.03125,0.260416666666667,1,19,19,0.141612781348817
2355,51,13,1.05208333333333,0.260416666666667,1,23,23,0.145179214498746
2356,52,13,1.07291666666667,0.260416666666667,1,19,19,0.150433651670236
2357,53,13,1.09375,0.260416666666667,1,22,22,0.157272688233926
2358,54,13,1.11458333333333,0.260416666666667,1,12,12,0.165573932999624
2359,55,13,1.13541666666667,0.260416666666667,1,20,20,0.175205100283811
2360,56,13,1.15625,0.260416666666667,1,20,20,0.186031879536375
2361,57,13,1.17708333333333,0.260416666666667,1,20,20,0.197923950959898
2362,58,13,1.19791666666667,0.260416666666667,1,29,29,0.210759039378673
2363,59,13,1.21875,0.260416666666667,1,22,22,0.22442523963328
2364,60,13,1.23958333333333,0.260416666666667,1,16,16,0.238821999318554
2365,61,13,1.26041666666667,0.260416666666667,1,13,13,0.253860161488813
2366,62,13,1.28125,0.260416666666667,1,17,17,0.269461413561838
2367,63,13,1.30208333333333,0.260416666666667,1,21,21,0.28555740673587
2368,64,13,1.32291666666667,0.260416666666667,1,20,20,0.302088730533725
2369,65,13,1.34375,0.260416666666667,1,32,32,0.319003861689974
2370,66,13,1.36458333333333,0.260416666666667,1,25,25,0.336258158153582
2371,67,13,1.38541666666667,0.260416666666667,1,15,15,0.353812935641499
2372,68,13,1.40625,0.260416666666667,1,28,28,0.371634642611324
2373,69,13,1.42708333333333,0.260416666666667,1,21,21,0.389694136397632
2374,70,13,1.44791666666667,0.260416666666667,1,22,22,0.407966055843192
2375,71,13,1.46875,0.260416666666667,1,27,27,0.426428282020553
2376,72,13,1.48958333333333,0.260416666666667,1,27,27,0.44506147716463
2377,73,13,1.51041666666667,0.260416666666667,1,16,16,0.463848691780182
2378,74,13,1.53125,0.260416666666667,1,21,21,0.482775030445807
2379,75,13,1.55208333333333,0.260416666666667,1,21,21,0.501827367735595
2380,76,13,1.57291666666667,0.260416666666667,1,21,21,0.520994106699536
2381,77,13,1.59375,0.260416666666667,1,24,24,0.540264973359555
2382,78,13,1.61458333333333,0.260416666666667,1,13,13,0.559630841624482
2383,79,13,1.63541666666667,0.260416666666667,1,25,25,0.579083583875276
2384,80,13,1.65625,0.260416666666667,1,17,17,0.598615943212801
2385,81,13,1.67708333333333,0.260416666666667,1,12,12,0.618221423997425
2386,82,13,1.69791666666667,0.260416666666667,1,21,21,0.637894197851035
2387,83,13,1.71875,0.260416666666667,1,8,8,0.657629022748674
2388,84,13,1.73958333333333,0.260416666666667,1,21,21,0.67742117321022
2389,85,13,1.76041666666667,0.260416666666667,1,19,19,0.697266379923019
2390,86,13,1.78125,0.260416666666667,1,24,24,0.717160777393966
2391,87,13,1.80208333333333,0.260416666666667,1,14,14,0.737100858452685
2392,88,13,1.82291666666667,0.260416666666667,1,14,14,0.757083434613509
2393,89,13,1.84375,0.260416666666667,1,23,23,0.777105601459203
2394,90,13,1.86458333333333,0.260416666666667,1,18,18,0.797164708338936
2395,91,13,1.88541666666667,0.260416666666667,1,19,19,0.817258331781305
2396,92,13,1.90625,0.260416666666667,1,26,26,0.837384252113887
2397,93,13,1.92708333333333,0.260416666666667,1,26,26,0.857540432856783
2398,94,13,1.94791666666667,0.260416666666667,1,15,15,0.877725002521443
2399,95,13,1.96875,0.260416666666667,1,19,19,0.897936238499791
2400,96,13,1.98958333333333,0.260416666666667,1,26,26,0.91817255277395
2401,97,13,2.01041666666667,0.260416666666667,1,24,24,0.938432479215133
2402,98,13,2.03125,0.260416666666667,1,20,20,0.958714662272659
2403,99,13,2.05208333333333,0.260416666666667,1,22,22,0.979017846881546
2404,100,13,2.07291666666667,0.260416666666667,1,18,18,0.999340869440512
2405,101,13,2.09375,0.260416666666667,1,17,17,1.01968264973211
2406,102,13,2.11458333333333,0.260416666666667,1,23,23,1.04004218367372
2407,103,13,2.13541666666667,0.260416666666667,1,25,25,1.0604185368028
2408,104,13,2.15625,0.260416666666667,1,13,13,1.08081083841194
2409,105,13,2.17708333333333,0.260416666666667,1,18,18,1.10121827626049
2410,106,13,2.19791666666667,0.260416666666667,1,25,25,1.12164009179827
2411,107,13,2.21875,0.260416666666667,1,23,23,1.14207557584517
2412,108,13,2.23958333333333,0.260416666666667,1,27,27,1.16252406467714
2413,109,13,2.26041666666667,0.260416666666667,1,21,21,1.18298493647518
2414,110,13,2.28125,0.260416666666667,1,20,20,1.20345760809898
2415,111,13,2.30208333333333,0.260416666666667,1,25,25,1.22394153215146
2416,112,13,2.32291666666667,0.260416666666667,1,20,20,1.24443619430435
2417,113,13,2.34375,0.260416666666667,1,20,20,1.26494111085831
2418,114,13,2.36458333333333,0.260416666666667,1,20,20,1.28545582651423
2419,115,13,2.38541666666667,0.260416666666667,1,13,13,1.30597991233477
2420,116,13,2.40625,0.260416666666667,1,26,26,1.32651296387769
2421,117,13,2.42708333333333,0.260416666666667,1,28,28,1.34705459948438
2422,118,13,2.44791666666667,0.260416666666667,1,25,25,1.36760445870889
2423,119,13,2.46875,0.260416666666667,1,7,7,1.38816220087432
2424,120,13,2.48958333333333,0.260416666666667,1,21,21,1.40872750374465
2425,121,13,2.51041666666667,0.260416666666667,1,20,20,1.42930006230156
2426,122,13,2.53125,0.260416666666667,1,26,26,1.44987958761676
2427,123,13,2.55208333333333,0.260416666666667,1,10,10,1.4704658058112
2428,124,13,2.57291666666667,0.260416666666667,1,23,23,1.49105845709354
2429,125,13,2.59375,0.260416666666667,1,26,26,1.51165729487106
2430,126,13,2.61458333333333,0.260416666666667,1,11,11,1.53226208492659
2431,127,13,2.63541666666667,0.260416666666667,1,23,23,1.55287260465597
2432,128,13,2.65625,0.260416666666667,1,26,26,1.57348864236095
2433,129,13,2.67708333333333,0.260416666666667,1,17,17,1.59410999659277
2434,130,13,2.69791666666667,0.260416666666667,1,15,15,1.61473647554239
2435,131,13,2.71875,0.260416666666667,1,20,20,1.63536789647357
2436,132,13,2.73958333333333,0.260416666666667,1,27,27,1.6560040851952
2437,133,13,2.76041666666667,0.260416666666667,1,21,21,1.67664487556993
2438,134,13,2.78125,0.260416666666667,1,26,26,1.69729010905616
2439,135,13,2.80208333333333,0.260416666666667,1,21,21,1.71793963428077
2440,136,13,2.82291666666667,0.260416666666667,1,10,10,1.73859330664022
2441,137,13,2.84375,0.260416666666667,1,28,28,1.75925098792796
2442,138,13,2.86458333333333,0.260416666666667,1,25,25,1.779912545986
2443,139,13,2.88541666666667,0.260416666666667,1,17,17,1.80057785437891
2444,140,13,2.90625,0.260416666666667,1,14,14,1.8212467920887
2445,141,13,2.92708333333333,0.260416666666667,1,20,20,1.84191924322878
2446,142,13,2.94791666666667,0.260416666666667,1,16,16,1.86259509677592
2447,143,13,2.96875,0.260416666666667,1,23,23,1.88327424631873
2448,144,13,2.98958333333333,0.260416666666667,1,24,24,1.90395658982147
2449,145,13,3.01041666666667,0.260416666666667,1,25,25,1.92464202940229
2450,146,13,3.03125,0.260416666666667,1,24,24,1.94533047112468
2451,147,13,3.05208333333333,0.260416666666667,1,27,27,1.96602182480136
2452,148,13,3.07291666666667,0.260416666666667,1,24,24,1.98671600380971
2453,149,13,3.09375,0.260416666666667,1,18,18,2.00741292491792
2454,150,13,3.11458333333333,0.260416666666667,1,28,28,2.02811250812127
2455,151,13,3.13541666666667,0.260416666666667,1,27,27,2.04881467648769
2456,152,13,3.15625,0.260416666666667,1,13,13,2.06951935601209
2457,153,13,3.17708333333333,0.260416666666667,1,18,18,2.09022647547894
2458,154,13,3.19791666666667,0.260416666666667,1,20,20,2.11093596633241
2459,155,13,3.21875,0.260416666666667,1,29,29,2.13164776255374
2460,156,13,3.23958333333333,0.260416666666667,1,11,11,2.15236180054527
2461,157,13,3.26041666666667,0.260416666666667,1,29,29,2.17307801902081
2462,158,13,3.28125,0.260416666666667,1,13,13,2.19379635890179
2463,159,13,3.30208333333333,0.260416666666667,1,21,21,2.2145167632191
2464,160,13,3.32291666666667,0.260416666666667,1,22,22,2.23523917701997
2465,161,13,3.34375,0.260416666666667,1,17,17,2.25596354727978
2466,162,13,3.36458333333333,0.260416666666667,1,18,18,2.27668982281847
2467,163,13,3.38541666666667,0.260416666666667,1,13,13,2.29741795422121
2468,164,13,3.40625,0.260416666666667,1,24,24,2.31814789376314
2469,165,13,3.42708333333333,0.260416666666667,1,26,26,2.3388795953379
2470,166,13,3.44791666666667,0.260416666666667,1,5,5,2.35961301438977
2471,167,13,3.46875,0.260416666666667,1,16,16,2.3803481078492
2472,168,13,3.48958333333333,0.260416666666667,1,9,9,2.40108483407145
2473,169,13,3.51041666666667,0.260416666666667,1,21,21,2.42182315277834
2474,170,13,3.53125,0.260416666666667,1,18,18,2.44256302500275
2475,171,13,3.55208333333333,0.260416666666667,1,14,14,2.46330441303582
2476,172,13,3.57291666666667,0.260416666666667,1,10,10,2.4840472803767
2477,173,13,3.59375,0.260416666666667,1,12,12,2.50479159168466
2478,174,13,3.61458333333333,0.260416666666667,1,8,8,2.52553731273344
2479,175,13,3.63541666666667,0.260416666666667,1,23,23,2.54628441036778
2480,176,13,3.65625,0.260416666666667,1,27,27,2.56703285246191
2481,177,13,3.67708333333333,0.260416666666667,1,30,30,2.58778260788
2482,178,13,3.69791666666667,0.260416666666667,1,22,22,2.6085336464384
2483,179,13,3.71875,0.260416666666667,1,17,17,2.62928593886956
2484,180,13,3.73958333333333,0.260416666666667,1,24,24,2.65003945678765
2485,181,13,3.76041666666667,0.260416666666667,1,15,15,2.6707941726556
2486,182,13,3.78125,0.260416666666667,1,25,25,2.69155005975374
2487,183,13,3.80208333333333,0.260416666666667,1,18,18,2.71230709214971
2488,184,13,3.82291666666667,0.260416666666667,1,14,14,2.73306524466973
2489,185,13,3.84375,0.260416666666667,1,18,18,2.75382449287112
2490,186,13,3.86458333333333,0.260416666666667,1,14,14,2.774584813016
2491,187,13,3.88541666666667,0.260416666666667,1,22,22,2.79534618204609
2492,188,13,3.90625,0.260416666666667,1,16,16,2.81610857755865
2493,189,13,3.92708333333333,0.260416666666667,1,24,24,2.83687197778332
2494,190,13,3.94791666666667,0.260416666666667,1,26,26,2.85763636156006
2495,191,13,3.96875,0.260416666666667,1,19,19,2.87840170831792
2496,192,13,3.98958333333333,0.260416666666667,1,18,18,2.89916799805472
2497,1,14,0.0104166666666667,0.28125,1,31,31,0.913472612412941
2498,2,14,0.03125,0.28125,1,24,24,0.893140536379419
2499,3,14,0.0520833333333333,0.28125,1,21,21,0.872829671342545
2500,4,14,0.0729166666666667,0.28125,1,16,16,0.852541374137861
2501,5,14,0.09375,0.28125,1,16,16,0.832277118136019
2502,6,14,0.114583333333333,0.28125,1,16,16,0.81203850582698
2503,7,14,0.135416666666667,0.28125,1,13,13,0.791827283041833
2504,8,14,0.15625,0.28125,1,15,15,0.771645355061335
2505,9,14,0.177083333333333,0.28125,1,22,22,0.751494804903575
2506,10,14,0.197916666666667,0.28125,1,29,29,0.731377914134788
2507,11,14,0.21875,0.28125,1,22,22,0.711297186609198
2508,12,14,0.239583333333333,0.28125,1,20,20,0.691255375618039
2509,13,14,0.260416666666667,0.28125,1,20,20,0.671255515017199
2510,14,14,0.28125,0.28125,1,24,24,0.651300955010707
2511,15,14,0.302083333333333,0.28125,1,18,18,0.631395403397582
2512,16,14,0.322916666666667,0.28125,1,29,29,0.611542973247419
2513,17,14,0.34375,0.28125,1,13,13,0.591748238161833
2514,18,14,0.364583333333333,0.28125,1,23,23,0.572016296512055
2515,19,14,0.385416666666667,0.28125,1,24,24,0.552352846327132
2516,20,14,0.40625,0.28125,1,11,11,0.532764272853643
2517,21,14,0.427083333333333,0.28125,1,19,19,0.513257751230626
2518,22,14,0.447916666666667,0.28125,1,18,18,0.493841367239134
2519,23,14,0.46875,0.28125,1,22,22,0.47452425971407
2520,24,14,0.489583333333333,0.28125,1,26,26,0.455316788969243
2521,25,14,0.510416666666667,0.28125,1,22,22,0.43623073650974
2522,26,14,0.53125,0.28125,1,12,12,0.417279542413964
2523,27,14,0.552083333333333,0.28125,1,19,19,0.398478588083558
2524,28,14,0.572916666666667,0.28125,1,29,29,0.379845533595043
2525,29,14,0.59375,0.28125,1,17,17,0.361400720632294
2526,30,14,0.614583333333333,0.28125,1,28,28,0.343167653878805
2527,31,14,0.635416666666667,0.28125,1,33,33,0.325173575665803
2528,32,14,0.65625,0.28125,1,9,9,0.307450150325166
2529,33,14,0.677083333333333,0.28125,1,20,20,0.290034275559355
2530,34,14,0.697916666666667,0.28125,1,13,13,0.272969037291003
2531,35,14,0.71875,0.28125,1,24,24,0.256304820343481
2532,36,14,0.739583333333333,0.28125,1,16,16,0.240100577444052
2533,37,14,0.760416666666667,0.28125,1,19,19,0.22442523963328
2534,38,14,0.78125,0.28125,1,24,24,0.209359216769115
2535,39,14,0.802083333333333,0.28125,1,16,16,0.194995880385548
2536,40,14,0.822916666666667,0.28125,1,26,26,0.181442835127215
2537,41,14,0.84375,0.28125,1,21,21,0.168822664595082
2538,42,14,0.864583333333333,0.28125,1,20,20,0.157272688233926
2539,43,14,0.885416666666667,0.28125,1,17,17,0.146943116481869
2540,44,14,0.90625,0.28125,1,32,32,0.137992909558247
2541,45,14,0.927083333333333,0.28125,1,22,22,0.130582746053944
2542,46,14,0.947916666666667,0.28125,1,25,25,0.124864928592947
2543,47,14,0.96875,0.28125,1,20,20,0.120970869120796
2544,48,14,0.989583333333333,0.28125,1,14,14,0.118997875433632
2545,49,14,1.01041666666667,0.28125,1,19,19,0.118997875433632
2546,50,14,1.03125,0.28125,1,32,32,0.120970869120796
2547,51,14,1.05208333333333,0.28125,1,20,20,0.124864928592947
2548,52,14,1.07291666666667,0.28125,1,13,13,0.130582746053944
2549,53,14,1.09375,0.28125,1,17,17,0.137992909558247
2550,54,14,1.11458333333333,0.28125,1,11,11,0.146943116481869
2551,55,14,1.13541666666667,0.28125,1,23,23,0.157272688233926
2552,56,14,1.15625,0.28125,1,23,23,0.168822664595082
2553,57,14,1.17708333333333,0.28125,1,34,34,0.181442835127214
2554,58,14,1.19791666666667,0.28125,1,12,12,0.194995880385548
2555,59,14,1.21875,0.28125,1,14,14,0.209359216769115
2556,60,14,1.23958333333333,0.28125,1,20,20,0.22442523963328
2557,61,14,1.26041666666667,0.28125,1,14,14,0.240100577444052
2558,62,14,1.28125,0.28125,1,24,24,0.256304820343481
2559,63,14,1.30208333333333,0.28125,1,19,19,0.272969037291003
2560,64,14,1.32291666666667,0.28125,1,16,16,0.290034275559355
2561,65,14,1.34375,0.28125,1,18,18,0.307450150325166
2562,66,14,1.36458333333333,0.28125,1,23,23,0.325173575665803
2563,67,14,1.38541666666667,0.28125,1,22,22,0.343167653878805
2564,68,14,1.40625,0.28125,1,13,13,0.361400720632294
2565,69,14,1.42708333333333,0.28125,1,18,18,0.379845533595042
2566,70,14,1.44791666666667,0.28125,1,16,16,0.398478588083558
2567,71,14,1.46875,0.28125,1,18,18,0.417279542413964
2568,72,14,1.48958333333333,0.28125,1,27,27,0.43623073650974
2569,73,14,1.51041666666667,0.28125,1,24,24,0.455316788969243
2570,74,14,1.53125,0.28125,1,16,16,0.47452425971407
2571,75,14,1.55208333333333,0.28125,1,19,19,0.493841367239134
2572,76,14,1.57291666666667,0.28125,1,24,24,0.513257751230626
2573,77,14,1.59375,0.28125,1,29,29,0.532764272853643
2574,78,14,1.61458333333333,0.28125,1,31,31,0.552352846327132
2575,79,14,1.63541666666667,0.28125,1,11,11,0.572016296512055
2576,80,14,1.65625,0.28125,1,12,12,0.591748238161833
2577,81,14,1.67708333333333,0.28125,1,18,18,0.611542973247419
2578,82,14,1.69791666666667,0.28125,1,21,21,0.631395403397581
2579,83,14,1.71875,0.28125,1,23,23,0.651300955010707
2580,84,14,1.73958333333333,0.28125,1,21,21,0.671255515017199
2581,85,14,1.76041666666667,0.28125,1,27,27,0.691255375618039
2582,86,14,1.78125,0.28125,1,31,31,0.711297186609198
2583,87,14,1.80208333333333,0.28125,1,23,23,0.731377914134788
2584,88,14,1.82291666666667,0.28125,1,18,18,0.751494804903575
2585,89,14,1.84375,0.28125,1,21,21,0.771645355061335
2586,90,14,1.86458333333333,0.28125,1,12,12,0.791827283041833
2587,91,14,1.88541666666667,0.28125,1,11,11,0.81203850582698
2588,92,14,1.90625,0.28125,1,8,8,0.832277118136019
2589,93,14,1.92708333333333,0.28125,1,17,17,0.852541374137861
2590,94,14,1.94791666666667,0.28125,1,12,12,0.872829671342545
2591,95,14,1.96875,0.28125,1,15,15,0.893140536379419
2592,96,14,1.98958333333333,0.28125,1,17,17,0.913472612412941
2593,97,14,2.01041666666667,0.28125,1,24,24,0.933824647983292
2594,98,14,2.03125,0.28125,1,17,17,0.954195487089562
2595,99,14,2.05208333333333,0.28125,1,34,34,0.974584060359066
2596,100,14,2.07291666666667,0.28125,1,17,17,0.994989377168158
2597,101,14,2.09375,0.28125,1,23,23,1.01541051859842
2598,102,14,2.11458333333333,0.28125,1,25,25,1.03584663112783
2599,103,14,2.13541666666667,0.28125,1,18,18,1.05629692096989
2600,104,14,2.15625,0.28125,1,14,14,1.07676064898517
2601,105,14,2.17708333333333,0.28125,1,32,32,1.09723712609955
2602,106,14,2.19791666666667,0.28125,1,25,25,1.11772570917172
2603,107,14,2.21875,0.28125,1,8,8,1.13822579725993
2604,108,14,2.23958333333333,0.28125,1,27,27,1.158736828244
2605,109,14,2.26041666666667,0.28125,1,26,26,1.17925827576417
2606,110,14,2.28125,0.28125,1,22,22,1.19978964644284
2607,111,14,2.30208333333333,0.28125,1,17,17,1.22033047735953
2608,112,14,2.32291666666667,0.28125,1,27,27,1.24088033375259
2609,113,14,2.34375,0.28125,1,9,9,1.2614388069245
2610,114,14,2.36458333333333,0.28125,1,14,14,1.28200551233022
2611,115,14,2.38541666666667,0.28125,1,21,21,1.3025800878302
2612,116,14,2.40625,0.28125,1,23,23,1.32316219209196
2613,117,14,2.42708333333333,0.28125,1,30,30,1.34375150312572
2614,118,14,2.44791666666667,0.28125,1,27,27,1.36434771694127
2615,119,14,2.46875,0.28125,1,33,33,1.38495054631459
2616,120,14,2.48958333333333,0.28125,1,4,4,1.40555971965394
2617,121,14,2.51041666666667,0.28125,1,15,15,1.42617497995624
2618,122,14,2.53125,0.28125,1,15,15,1.44679608384557
2619,123,14,2.55208333333333,0.28125,1,17,17,1.46742280068624
2620,124,14,2.57291666666667,0.28125,1,23,23,1.488054911764
2621,125,14,2.59375,0.28125,1,16,16,1.50869220952922
2622,126,14,2.61458333333333,0.28125,1,21,21,1.52933449689675
2623,127,14,2.63541666666667,0.28125,1,14,14,1.54998158659759
2624,128,14,2.65625,0.28125,1,9,9,1.57063330057796
2625,129,14,2.67708333333333,0.28125,1,29,29,1.59128946944172
2626,130,14,2.69791666666667,0.28125,1,11,11,1.61194993193272
2627,131,14,2.71875,0.28125,1,25,25,1.63261453445364
2628,132,14,2.73958333333333,0.28125,1,22,22,1.65328313061842
2629,133,14,2.76041666666667,0.28125,1,16,16,1.6739555808356
2630,134,14,2.78125,0.28125,1,18,18,1.69463175192015
2631,135,14,2.80208333333333,0.28125,1,25,25,1.71531151673143
2632,136,14,2.82291666666667,0.28125,1,13,13,1.7359947538354
2633,137,14,2.84375,0.28125,1,23,23,1.75668134718912
2634,138,14,2.86458333333333,0.28125,1,28,28,1.7773711858459
2635,139,14,2.88541666666667,0.28125,1,16,16,1.79806416367952
2636,140,14,2.90625,0.28125,1,25,25,1.81876017912609
2637,141,14,2.92708333333333,0.28125,1,16,16,1.83945913494229
2638,142,14,2.94791666666667,0.28125,1,11,11,1.86016093797876
2639,143,14,2.96875,0.28125,1,19,19,1.88086549896756
2640,144,14,2.98958333333333,0.28125,1,27,27,1.9015727323227
2641,145,14,3.01041666666667,0.28125,1,7,7,1.92228255595283
2642,146,14,3.03125,0.28125,1,22,22,1.94299489108514
2643,147,14,3.05208333333333,0.28125,1,23,23,1.96370966209989
2644,148,14,3.07291666666667,0.28125,1,21,21,1.98442679637459
2645,149,14,3.09375,0.28125,1,22,22,2.00514622413741
2646,150,14,3.11458333333333,0.28125,1,36,36,2.02586787832902
2647,151,14,3.13541666666667,0.28125,1,12,12,2.04659169447237
2648,152,14,3.15625,0.28125,1,20,20,2.06731761054996
2649,153,14,3.17708333333333,0.28125,1,21,21,2.0880455668879
2650,154,14,3.19791666666667,0.28125,1,19,19,2.10877550604653
2651,155,14,3.21875,0.28125,1,16,16,2.12950737271712
2652,156,14,3.23958333333333,0.28125,1,17,17,2.15024111362415
2653,157,14,3.26041666666667,0.28125,1,27,27,2.17097667743296
2654,158,14,3.28125,0.28125,1,18,18,2.19171401466239
2655,159,14,3.30208333333333,0.28125,1,15,15,2.21245307760203
2656,160,14,3.32291666666667,0.28125,1,31,31,2.23319382023392
2657,161,14,3.34375,0.28125,1,13,13,2.25393619815831
2658,162,14,3.36458333333333,0.28125,1,13,13,2.27468016852328
2659,163,14,3.38541666666667,0.28125,1,16,16,2.29542568995807
2660,164,14,3.40625,0.28125,1,14,14,2.31617272250971
2661,165,14,3.42708333333333,0.28125,1,11,11,2.33692122758296
2662,166,14,3.44791666666667,0.28125,1,28,28,2.35767116788321
2663,167,14,3.46875,0.28125,1,19,19,2.37842250736229
2664,168,14,3.48958333333333,0.28125,1,17,17,2.3991752111669
2665,169,14,3.51041666666667,0.28125,1,19,19,2.4199292455896
2666,170,14,3.53125,0.28125,1,27,27,2.44068457802223
2667,171,14,3.55208333333333,0.28125,1,16,16,2.4614411769115
2668,172,14,3.57291666666667,0.28125,1,17,17,2.48219901171678
2669,173,14,3.59375,0.28125,1,22,22,2.50295805286985
2670,174,14,3.61458333333333,0.28125,1,16,16,2.52371827173659
2671,175,14,3.63541666666667,0.28125,1,16,16,2.54447964058044
2672,176,14,3.65625,0.28125,1,14,14,2.56524213252755
2673,177,14,3.67708333333333,0.28125,1,21,21,2.58600572153358
2674,178,14,3.69791666666667,0.28125,1,11,11,2.60677038235196
2675,179,14,3.71875,0.28125,1,28,28,2.62753609050366
2676,180,14,3.73958333333333,0.28125,1,17,17,2.64830282224826
2677,181,14,3.76041666666667,0.28125,1,19,19,2.66907055455637
2678,182,14,3.78125,0.28125,1,8,8,2.68983926508321
2679,183,14,3.80208333333333,0.28125,1,15,15,2.71060893214343
2680,184,14,3.82291666666667,0.28125,1,23,23,2.73137953468701
2681,185,14,3.84375,0.28125,1,19,19,2.75215105227616
2682,186,14,3.86458333333333,0.28125,1,14,14,2.77292346506326
2683,187,14,3.88541666666667,0.28125,1,24,24,2.79369675376978
2684,188,14,3.90625,0.28125,1,24,24,2.81447089966601
2685,189,14,3.92708333333333,0.28125,1,21,21,2.83524588455171
2686,190,14,3.94791666666667,0.28125,1,17,17,2.85602169073759
2687,191,14,3.96875,0.28125,1,12,12,2.87679830102746
2688,192,14,3.98958333333333,0.28125,1,21,21,2.89757569870128
2689,1,15,0.0104166666666667,0.302083333333333,1,23,23,0.909180945398572
2690,2,15,0.03125,0.302083333333333,1,21,21,0.888760622923691
2691,3,15,0.0520833333333333,0.302083333333333,1,26,26,0.868357895557675
2692,4,15,0.0729166666666667,0.302083333333333,1,13,13,0.847973899371121
2693,5,15,0.09375,0.302083333333333,1,19,19,0.827609869203883
2694,6,15,0.114583333333333,0.302083333333333,1,18,18,0.807267149496528
2695,7,15,0.135416666666667,0.302083333333333,1,16,16,0.786947206558667
2696,8,15,0.15625,0.302083333333333,1,25,25,0.766651642497979
2697,9,15,0.177083333333333,0.302083333333333,1,21,21,0.746382211073828
2698,10,15,0.197916666666667,0.302083333333333,1,20,20,0.726140835787431
2699,11,15,0.21875,0.302083333333333,1,27,27,0.705929630578529
2700,12,15,0.239583333333333,0.302083333333333,1,30,30,0.685750923568588
2701,13,15,0.260416666666667,0.302083333333333,1,36,36,0.66560728437554
2702,14,15,0.28125,0.302083333333333,1,21,21,0.645501555628454
2703,15,15,0.302083333333333,0.302083333333333,1,21,21,0.625436889436673
2704,16,15,0.322916666666667,0.302083333333333,1,20,20,0.605416789722376
2705,17,15,0.34375,0.302083333333333,1,13,13,0.585445161515088
2706,18,15,0.364583333333333,0.302083333333333,1,25,25,0.565526368540137
2707,19,15,0.385416666666667,0.302083333333333,1,23,23,0.545665300721322
2708,20,15,0.40625,0.302083333333333,1,18,18,0.525867453574992
2709,21,15,0.427083333333333,0.302083333333333,1,11,11,0.506139021915673
2710,22,15,0.447916666666667,0.302083333333333,1,19,19,0.486487010844135
2711,23,15,0.46875,0.302083333333333,1,23,23,0.466919367674491
2712,24,15,0.489583333333333,0.302083333333333,1,26,26,0.447445139311288
2713,25,15,0.510416666666667,0.302083333333333,1,24,24,0.428074660651524
2714,26,15,0.53125,0.302083333333333,1,15,15,0.408819780909159
2715,27,15,0.552083333333333,0.302083333333333,1,16,16,0.389694136397632
2716,28,15,0.572916666666667,0.302083333333333,1,18,18,0.370713480320625
2717,29,15,0.59375,0.302083333333333,1,19,19,0.35189608257258
2718,30,15,0.614583333333333,0.302083333333333,1,6,6,0.333263215480946
2719,31,15,0.635416666666667,0.302083333333333,1,15,15,0.314839744827914
2720,32,15,0.65625,0.302083333333333,1,18,18,0.296654849263745
2721,33,15,0.677083333333333,0.302083333333333,1,22,22,0.278742895056205
2722,34,15,0.697916666666667,0.302083333333333,1,20,20,0.261144496319994
2723,35,15,0.71875,0.302083333333333,1,20,20,0.243907792067066
2724,36,15,0.739583333333333,0.302083333333333,1,18,18,0.227089968085575
2725,37,15,0.760416666666667,0.302083333333333,1,19,19,0.210759039378673
2726,38,15,0.78125,0.302083333333333,1,28,28,0.194995880385548
2727,39,15,0.802083333333333,0.302083333333333,1,23,23,0.179896434219675
2728,40,15,0.822916666666667,0.302083333333333,1,11,11,0.165573932999624
2729,41,15,0.84375,0.302083333333333,1,18,18,0.152160800768963
2730,42,15,0.864583333333333,0.302083333333333,1,19,19,0.139809675692111
2731,43,15,0.885416666666667,0.302083333333333,1,19,19,0.12869269166771
2732,44,15,0.90625,0.302083333333333,1,21,21,0.118997875433632
2733,45,15,0.927083333333333,0.302083333333333,1,16,16,0.110921424284548
2734,46,15,0.947916666666667,0.302083333333333,1,14,14,0.104655028170714
2735,47,15,0.96875,0.302083333333333,1,23,23,0.100368583975743
2736,48,15,0.989583333333333,0.302083333333333,1,31,31,0.0981905999004214
2737,49,15,1.01041666666667,0.302083333333333,1,22,22,0.0981905999004213
2738,50,15,1.03125,0.302083333333333,1,22,22,0.100368583975743
2739,51,15,1.05208333333333,0.302083333333333,1,12,12,0.104655028170714
2740,52,15,1.07291666666667,0.302083333333333,1,21,21,0.110921424284548
2741,53,15,1.09375,0.302083333333333,1,22,22,0.118997875433632
2742,54,15,1.11458333333333,0.302083333333333,1,9,9,0.12869269166771
2743,55,15,1.13541666666667,0.302083333333333,1,19,19,0.139809675692111
2744,56,15,1.15625,0.302083333333333,1,15,15,0.152160800768963
2745,57,15,1.17708333333333,0.302083333333333,1,20,20,0.165573932999624
2746,58,15,1.19791666666667,0.302083333333333,1,25,25,0.179896434219675
2747,59,15,1.21875,0.302083333333333,1,26,26,0.194995880385548
2748,60,15,1.23958333333333,0.302083333333333,1,24,24,0.210759039378673
2749,61,15,1.26041666666667,0.302083333333333,1,25,25,0.227089968085574
2750,62,15,1.28125,0.302083333333333,1,27,27,0.243907792067066
2751,63,15,1.30208333333333,0.302083333333333,1,9,9,0.261144496319994
2752,64,15,1.32291666666667,0.302083333333333,1,30,30,0.278742895056205
2753,65,15,1.34375,0.302083333333333,1,20,20,0.296654849263745
2754,66,15,1.36458333333333,0.302083333333333,1,6,6,0.314839744827914
2755,67,15,1.38541666666667,0.302083333333333,1,22,22,0.333263215480946
2756,68,15,1.40625,0.302083333333333,1,13,13,0.35189608257258
2757,69,15,1.42708333333333,0.302083333333333,1,24,24,0.370713480320625
2758,70,15,1.44791666666667,0.302083333333333,1,22,22,0.389694136397632
2759,71,15,1.46875,0.302083333333333,1,24,24,0.408819780909159
2760,72,15,1.48958333333333,0.302083333333333,1,17,17,0.428074660651524
2761,73,15,1.51041666666667,0.302083333333333,1,14,14,0.447445139311288
2762,74,15,1.53125,0.302083333333333,1,18,18,0.466919367674491
2763,75,15,1.55208333333333,0.302083333333333,1,9,9,0.486487010844135
2764,76,15,1.57291666666667,0.302083333333333,1,25,25,0.506139021915673
2765,77,15,1.59375,0.302083333333333,1,18,18,0.525867453574992
2766,78,15,1.61458333333333,0.302083333333333,1,20,20,0.545665300721322
2767,79,15,1.63541666666667,0.302083333333333,1,26,26,0.565526368540137
2768,80,15,1.65625,0.302083333333333,1,18,18,0.585445161515088
2769,81,15,1.67708333333333,0.302083333333333,1,19,19,0.605416789722376
2770,82,15,1.69791666666667,0.302083333333333,1,19,19,0.625436889436673
2771,83,15,1.71875,0.302083333333333,1,18,18,0.645501555628454
2772,84,15,1.73958333333333,0.302083333333333,1,18,18,0.66560728437554
2773,85,15,1.76041666666667,0.302083333333333,1,16,16,0.685750923568588
2774,86,15,1.78125,0.302083333333333,1,13,13,0.705929630578529
2775,87,15,1.80208333333333,0.302083333333333,1,8,8,0.726140835787431
2776,88,15,1.82291666666667,0.302083333333333,1,25,25,0.746382211073828
2777,89,15,1.84375,0.302083333333333,1,21,21,0.766651642497979
2778,90,15,1.86458333333333,0.302083333333333,1,14,14,0.786947206558667
2779,91,15,1.88541666666667,0.302083333333333,1,23,23,0.807267149496528
2780,92,15,1.90625,0.302083333333333,1,24,24,0.827609869203883
2781,93,15,1.92708333333333,0.302083333333333,1,26,26,0.847973899371121
2782,94,15,1.94791666666667,0.302083333333333,1,4,4,0.868357895557675
2783,95,15,1.96875,0.302083333333333,1,16,16,0.888760622923691
2784,96,15,1.98958333333333,0.302083333333333,1,17,17,0.909180945398572
2785,97,15,2.01041666666667,0.302083333333333,1,18,18,0.929617816095964
2786,98,15,2.03125,0.302083333333333,1,24,24,0.950070268812733
2787,99,15,2.05208333333333,0.302083333333333,1,26,26,0.970537410472993
2788,100,15,2.07291666666667,0.302083333333333,1,25,25,0.991018414398013
2789,101,15,2.09375,0.302083333333333,1,13,13,1.01151251429952
2790,102,15,2.11458333333333,0.302083333333333,1,9,9,1.0320189989081
2791,103,15,2.13541666666667,0.302083333333333,1,4,4,1.05253720716031
2792,104,15,2.15625,0.302083333333333,1,20,20,1.07306652387852
2793,105,15,2.17708333333333,0.302083333333333,1,23,23,1.09360637588593
2794,106,15,2.19791666666667,0.302083333333333,1,18,18,1.11415622850695
2795,107,15,2.21875,0.302083333333333,1,25,25,1.13471558240934
2796,108,15,2.23958333333333,0.302083333333333,1,29,29,1.15528397075013
2797,109,15,2.26041666666667,0.302083333333333,1,20,20,1.17586095659188
2798,110,15,2.28125,0.302083333333333,1,18,18,1.19644613056017
2799,111,15,2.30208333333333,0.302083333333333,1,25,25,1.21703910871655
2800,112,15,2.32291666666667,0.302083333333333,1,12,12,1.23763953062433
2801,113,15,2.34375,0.302083333333333,1,17,17,1.25824705758726
2802,114,15,2.36458333333333,0.302083333333333,1,17,17,1.27886137104335
2803,115,15,2.38541666666667,0.302083333333333,1,19,19,1.29948217109838
2804,116,15,2.40625,0.302083333333333,1,18,18,1.32010917518494
2805,117,15,2.42708333333333,0.302083333333333,1,10,10,1.34074211683501
2806,118,15,2.44791666666667,0.302083333333333,1,27,27,1.3613807445548
2807,119,15,2.46875,0.302083333333333,1,18,18,1.3820248207923
2808,120,15,2.48958333333333,0.302083333333333,1,20,20,1.40267412098861
2809,121,15,2.51041666666667,0.302083333333333,1,19,19,1.42332843270547
2810,122,15,2.53125,0.302083333333333,1,27,27,1.44398755482175
2811,123,15,2.55208333333333,0.302083333333333,1,19,19,1.46465129679285
2812,124,15,2.57291666666667,0.302083333333333,1,14,14,1.48531947796721
2813,125,15,2.59375,0.302083333333333,1,20,20,1.50599192695494
2814,126,15,2.61458333333333,0.302083333333333,1,15,15,1.52666848104407
2815,127,15,2.63541666666667,0.302083333333333,1,22,22,1.54734898566016
2816,128,15,2.65625,0.302083333333333,1,13,13,1.5680332938657
2817,129,15,2.67708333333333,0.302083333333333,1,16,16,1.58872126589585
2818,130,15,2.69791666666667,0.302083333333333,1,19,19,1.60941276872758
2819,131,15,2.71875,0.302083333333333,1,18,18,1.6301076756793
2820,132,15,2.73958333333333,0.302083333333333,1,20,20,1.65080586603871
2821,133,15,2.76041666666667,0.302083333333333,1,18,18,1.67150722471635
2822,134,15,2.78125,0.302083333333333,1,15,15,1.69221164192303
2823,135,15,2.80208333333333,0.302083333333333,1,17,17,1.71291901286909
2824,136,15,2.82291666666667,0.302083333333333,1,17,17,1.73362923748384
2825,137,15,2.84375,0.302083333333333,1,32,32,1.75434222015367
2826,138,15,2.86458333333333,0.302083333333333,1,16,16,1.77505786947734
2827,139,15,2.88541666666667,0.302083333333333,1,22,22,1.79577609803713
2828,140,15,2.90625,0.302083333333333,1,15,15,1.8164968221848
2829,141,15,2.92708333333333,0.302083333333333,1,16,16,1.83721996184108
2830,142,15,2.94791666666667,0.302083333333333,1,13,13,1.85794544030783
2831,143,15,2.96875,0.302083333333333,1,17,17,1.87867318409192
2832,144,15,2.98958333333333,0.302083333333333,1,18,18,1.89940312273994
2833,145,15,3.01041666666667,0.302083333333333,1,25,25,1.92013518868306
2834,146,15,3.03125,0.302083333333333,1,19,19,1.94086931709124
2835,147,15,3.05208333333333,0.302083333333333,1,26,26,1.96160544573613
2836,148,15,3.07291666666667,0.302083333333333,1,16,16,1.98234351486225
2837,149,15,3.09375,0.302083333333333,1,7,7,2.00308346706555
2838,150,15,3.11458333333333,0.302083333333333,1,16,16,2.02382524717914
2839,151,15,3.13541666666667,0.302083333333333,1,12,12,2.04456880216565
2840,152,15,3.15625,0.302083333333333,1,16,16,2.0653140810156
2841,153,15,3.17708333333333,0.302083333333333,1,19,19,2.08606103465165
2842,154,15,3.19791666666667,0.302083333333333,1,23,23,2.10680961583811
2843,155,15,3.21875,0.302083333333333,1,26,26,2.1275597790956
2844,156,15,3.23958333333333,0.302083333333333,1,14,14,2.14831148062026
2845,157,15,3.26041666666667,0.302083333333333,1,21,21,2.1690646782075
2846,158,15,3.28125,0.302083333333333,1,15,15,2.18981933117974
2847,159,15,3.30208333333333,0.302083333333333,1,26,26,2.21057540031819
2848,160,15,3.32291666666667,0.302083333333333,1,13,13,2.23133284779806
2849,161,15,3.34375,0.302083333333333,1,18,18,2.25209163712736
2850,162,15,3.36458333333333,0.302083333333333,1,22,22,2.27285173308874
2851,163,15,3.38541666666667,0.302083333333333,1,9,9,2.29361310168447
2852,164,15,3.40625,0.302083333333333,1,10,10,2.31437571008417
2853,165,15,3.42708333333333,0.302083333333333,1,15,15,2.3351395265752
2854,166,15,3.44791666666667,0.302083333333333,1,17,17,2.35590452051559
2855,167,15,3.46875,0.302083333333333,1,22,22,2.37667066228928
2856,168,15,3.48958333333333,0.302083333333333,1,20,20,2.39743792326367
2857,169,15,3.51041666666667,0.302083333333333,1,32,32,2.41820627574911
2858,170,15,3.53125,0.302083333333333,1,28,28,2.43897569296054
2859,171,15,3.55208333333333,0.302083333333333,1,20,20,2.45974614898084
2860,172,15,3.57291666666667,0.302083333333333,1,20,20,2.48051761872605
2861,173,15,3.59375,0.302083333333333,1,29,29,2.5012900779122
2862,174,15,3.61458333333333,0.302083333333333,1,25,25,2.52206350302369
2863,175,15,3.63541666666667,0.302083333333333,1,25,25,2.54283787128323
2864,176,15,3.65625,0.302083333333333,1,20,20,2.56361316062307
2865,177,15,3.67708333333333,0.302083333333333,1,13,13,2.58438934965767
2866,178,15,3.69791666666667,0.302083333333333,1,25,25,2.60516641765756
2867,179,15,3.71875,0.302083333333333,1,28,28,2.62594434452438
2868,180,15,3.73958333333333,0.302083333333333,1,26,26,2.64672311076712
2869,181,15,3.76041666666667,0.302083333333333,1,17,17,2.66750269747936
2870,182,15,3.78125,0.302083333333333,1,15,15,2.68828308631754
2871,183,15,3.80208333333333,0.302083333333333,1,19,19,2.70906425948017
2872,184,15,3.82291666666667,0.302083333333333,1,10,10,2.72984619968805
2873,185,15,3.84375,0.302083333333333,1,22,22,2.75062889016519
2874,186,15,3.86458333333333,0.302083333333333,1,20,20,2.77141231462073
2875,187,15,3.88541666666667,0.302083333333333,1,15,15,2.79219645723146
2876,188,15,3.90625,0.302083333333333,1,15,15,2.81298130262528
2877,189,15,3.92708333333333,0.302083333333333,1,24,24,2.83376683586515
2878,190,15,3.94791666666667,0.302083333333333,1,28,28,2.85455304243392
2879,191,15,3.96875,0.302083333333333,1,11,11,2.87533990821964
2880,192,15,3.98958333333333,0.302083333333333,1,19,19,2.89612741950153
2881,1,16,0.0104166666666667,0.322916666666667,1,19,19,0.905302780537066
2882,2,16,0.03125,0.322916666666667,1,32,32,0.884802045816541
2883,3,16,0.0520833333333333,0.322916666666667,1,18,18,0.864315567586093
2884,4,16,0.0729166666666667,0.322916666666667,1,19,19,0.843844274172858
2885,5,16,0.09375,0.322916666666667,1,20,20,0.823389175507513
2886,6,16,0.114583333333333,0.322916666666667,1,15,15,0.802951372198722
2887,7,16,0.135416666666667,0.322916666666667,1,30,30,0.782532065832297
2888,8,16,0.15625,0.322916666666667,1,25,25,0.76213257068994
2889,9,16,0.177083333333333,0.322916666666667,1,12,12,0.741754327118205
2890,10,16,0.197916666666667,0.322916666666667,1,15,15,0.721398916821513
2891,11,16,0.21875,0.322916666666667,1,20,20,0.701068080405432
2892,12,16,0.239583333333333,0.322916666666667,1,17,17,0.680763737560146
2893,13,16,0.260416666666667,0.322916666666667,1,12,12,0.660488010351833
2894,14,16,0.28125,0.322916666666667,1,29,29,0.640243250184995
2895,15,16,0.302083333333333,0.322916666666667,1,16,16,0.620032069116061
2896,16,16,0.322916666666667,0.322916666666667,1,23,23,0.599857376343368
2897,17,16,0.34375,0.322916666666667,1,22,22,0.579722420878144
2898,18,16,0.364583333333333,0.322916666666667,1,10,10,0.559630841624482
2899,19,16,0.385416666666667,0.322916666666667,1,21,21,0.539586726375365
2900,20,16,0.40625,0.322916666666667,1,10,10,0.519594681581794
2901,21,16,0.427083333333333,0.322916666666667,1,19,19,0.499659915192677
2902,22,16,0.447916666666667,0.322916666666667,1,32,32,0.479788335419823
2903,23,16,0.46875,0.322916666666667,1,19,19,0.459986668988151
2904,24,16,0.489583333333333,0.322916666666667,1,26,26,0.440262603328748
2905,25,16,0.510416666666667,0.322916666666667,1,17,17,0.420624958316658
2906,26,16,0.53125,0.322916666666667,1,16,16,0.401083894616904
2907,27,16,0.552083333333333,0.322916666666667,1,13,13,0.381651167570704
2908,28,16,0.572916666666667,0.322916666666667,1,26,26,0.362340437941086
2909,29,16,0.59375,0.322916666666667,1,21,21,0.343167653878805
2910,30,16,0.614583333333333,0.322916666666667,1,23,23,0.324151522322965
2911,31,16,0.635416666666667,0.322916666666667,1,20,20,0.305314092882161
2912,32,16,0.65625,0.322916666666667,1,22,22,0.286681483193137
2913,33,16,0.677083333333333,0.322916666666667,1,22,22,0.268284781867994
2914,34,16,0.697916666666667,0.322916666666667,1,30,30,0.250161173207742
2915,35,16,0.71875,0.322916666666667,1,16,16,0.232355336115496
2916,36,16,0.739583333333333,0.322916666666667,1,13,13,0.214921176204812
2917,37,16,0.760416666666667,0.322916666666667,1,26,26,0.197923950959898
2918,38,16,0.78125,0.322916666666667,1,13,13,0.181442835127215
2919,39,16,0.802083333333333,0.322916666666667,1,25,25,0.165573932999624
2920,40,16,0.822916666666667,0.322916666666667,1,12,12,0.150433651670236
2921,41,16,0.84375,0.322916666666667,1,16,16,0.136162167682388
2922,42,16,0.864583333333333,0.322916666666667,1,23,23,0.122926401656591
2923,43,16,0.885416666666667,0.322916666666667,1,31,31,0.110921424284548
2924,44,16,0.90625,0.322916666666667,1,23,23,0.100368583975743
2925,45,16,0.927083333333333,0.322916666666667,1,21,21,0.0915080865713567
2926,46,16,0.947916666666667,0.322916666666667,1,20,20,0.0845838036111391
2927,47,16,0.96875,0.322916666666667,1,22,22,0.0798195468920007
2928,48,16,0.989583333333333,0.322916666666667,1,15,15,0.0773894413117334
2929,49,16,1.01041666666667,0.322916666666667,1,15,15,0.0773894413117334
2930,50,16,1.03125,0.322916666666667,1,25,25,0.0798195468920007
2931,51,16,1.05208333333333,0.322916666666667,1,19,19,0.0845838036111391
2932,52,16,1.07291666666667,0.322916666666667,1,22,22,0.0915080865713566
2933,53,16,1.09375,0.322916666666667,1,32,32,0.100368583975743
2934,54,16,1.11458333333333,0.322916666666667,1,18,18,0.110921424284548
2935,55,16,1.13541666666667,0.322916666666667,1,30,30,0.122926401656591
2936,56,16,1.15625,0.322916666666667,1,18,18,0.136162167682388
2937,57,16,1.17708333333333,0.322916666666667,1,20,20,0.150433651670236
2938,58,16,1.19791666666667,0.322916666666667,1,22,22,0.165573932999624
2939,59,16,1.21875,0.322916666666667,1,14,14,0.181442835127215
2940,60,16,1.23958333333333,0.322916666666667,1,12,12,0.197923950959898
2941,61,16,1.26041666666667,0.322916666666667,1,14,14,0.214921176204812
2942,62,16,1.28125,0.322916666666667,1,22,22,0.232355336115496
2943,63,16,1.30208333333333,0.322916666666667,1,14,14,0.250161173207742
2944,64,16,1.32291666666667,0.322916666666667,1,16,16,0.268284781867993
2945,65,16,1.34375,0.322916666666667,1,27,27,0.286681483193137
2946,66,16,1.36458333333333,0.322916666666667,1,12,12,0.305314092882161
2947,67,16,1.38541666666667,0.322916666666667,1,29,29,0.324151522322965
2948,68,16,1.40625,0.322916666666667,1,21,21,0.343167653878805
2949,69,16,1.42708333333333,0.322916666666667,1,18,18,0.362340437941086
2950,70,16,1.44791666666667,0.322916666666667,1,9,9,0.381651167570704
2951,71,16,1.46875,0.322916666666667,1,18,18,0.401083894616904
2952,72,16,1.48958333333333,0.322916666666667,1,22,22,0.420624958316658
2953,73,16,1.51041666666667,0.322916666666667,1,29,29,0.440262603328747
2954,74,16,1.53125,0.322916666666667,1,23,23,0.459986668988151
2955,75,16,1.55208333333333,0.322916666666667,1,24,24,0.479788335419823
2956,76,16,1.57291666666667,0.322916666666667,1,27,27,0.499659915192677
2957,77,16,1.59375,0.322916666666667,1,21,21,0.519594681581794
2958,78,16,1.61458333333333,0.322916666666667,1,22,22,0.539586726375365
2959,79,16,1.63541666666667,0.322916666666667,1,30,30,0.559630841624482
2960,80,16,1.65625,0.322916666666667,1,17,17,0.579722420878144
2961,81,16,1.67708333333333,0.322916666666667,1,21,21,0.599857376343368
2962,82,16,1.69791666666667,0.322916666666667,1,30,30,0.620032069116061
2963,83,16,1.71875,0.322916666666667,1,24,24,0.640243250184995
2964,84,16,1.73958333333333,0.322916666666667,1,30,30,0.660488010351832
2965,85,16,1.76041666666667,0.322916666666667,1,20,20,0.680763737560146
2966,86,16,1.78125,0.322916666666667,1,18,18,0.701068080405432
2967,87,16,1.80208333333333,0.322916666666667,1,18,18,0.721398916821513
2968,88,16,1.82291666666667,0.322916666666667,1,15,15,0.741754327118205
2969,89,16,1.84375,0.322916666666667,1,22,22,0.76213257068994
2970,90,16,1.86458333333333,0.322916666666667,1,24,24,0.782532065832297
2971,91,16,1.88541666666667,0.322916666666667,1,14,14,0.802951372198722
2972,92,16,1.90625,0.322916666666667,1,20,20,0.823389175507513
2973,93,16,1.92708333333333,0.322916666666667,1,29,29,0.843844274172858
2974,94,16,1.94791666666667,0.322916666666667,1,10,10,0.864315567586093
2975,95,16,1.96875,0.322916666666667,1,28,28,0.884802045816541
2976,96,16,1.98958333333333,0.322916666666667,1,17,17,0.905302780537066
2977,97,16,2.01041666666667,0.322916666666667,1,26,26,0.925816917009182
2978,98,16,2.03125,0.322916666666667,1,25,25,0.946343666987307
2979,99,16,2.05208333333333,0.322916666666667,1,24,24,0.966882302422447
2980,100,16,2.07291666666667,0.322916666666667,1,17,17,0.987432149862949
2981,101,16,2.09375,0.322916666666667,1,35,35,1.00799258546456
2982,102,16,2.11458333333333,0.322916666666667,1,21,21,1.02856303053436
2983,103,16,2.13541666666667,0.322916666666667,1,26,26,1.04914294754347
2984,104,16,2.15625,0.322916666666667,1,22,22,1.06973183655248
2985,105,16,2.17708333333333,0.322916666666667,1,22,22,1.09032923200077
2986,106,16,2.19791666666667,0.322916666666667,1,17,17,1.11093469981755
2987,107,16,2.21875,0.322916666666667,1,15,15,1.13154783481781
2988,108,16,2.23958333333333,0.322916666666667,1,21,21,1.15216825835118
2989,109,16,2.26041666666667,0.322916666666667,1,27,27,1.17279561617549
2990,110,16,2.28125,0.322916666666667,1,23,23,1.19342957653072
2991,111,16,2.30208333333333,0.322916666666667,1,30,30,1.21406982839151
2992,112,16,2.32291666666667,0.322916666666667,1,22,22,1.2347160798795
2993,113,16,2.34375,0.322916666666667,1,20,20,1.25536805681868
2994,114,16,2.36458333333333,0.322916666666667,1,21,21,1.27602550141905
2995,115,16,2.38541666666667,0.322916666666667,1,31,31,1.2966881710755
2996,116,16,2.40625,0.322916666666667,1,20,20,1.31735583727039
2997,117,16,2.42708333333333,0.322916666666667,1,17,17,1.33802828456961
2998,118,16,2.44791666666667,0.322916666666667,1,11,11,1.35870530970294
2999,119,16,2.46875,0.322916666666667,1,20,20,1.3793867207206
3000,120,16,2.48958333333333,0.322916666666667,1,20,20,1.40007233621879
3001,121,16,2.51041666666667,0.322916666666667,1,14,14,1.42076198462774
3002,122,16,2.53125,0.322916666666667,1,24,24,1.44145550355644
3003,123,16,2.55208333333333,0.322916666666667,1,26,26,1.46215273918895
3004,124,16,2.57291666666667,0.322916666666667,1,29,29,1.48285354572753
3005,125,16,2.59375,0.322916666666667,1,20,20,1.5035577848785
3006,126,16,2.61458333333333,0.322916666666667,1,20,20,1.52426532537705
3007,127,16,2.63541666666667,0.322916666666667,1,21,21,1.5449760425476
3008,128,16,2.65625,0.322916666666667,1,26,26,1.56568981789661
3009,129,16,2.67708333333333,0.322916666666667,1,16,16,1.58640653873521
3010,130,16,2.69791666666667,0.322916666666667,1,12,12,1.60712609782901
3011,131,16,2.71875,0.322916666666667,1,16,16,1.62784839307285
3012,132,16,2.73958333333333,0.322916666666667,1,22,22,1.64857332718864
3013,133,16,2.76041666666667,0.322916666666667,1,16,16,1.66930080744407
3014,134,16,2.78125,0.322916666666667,1,18,18,1.69003074539083
3015,135,16,2.80208333333333,0.322916666666667,1,16,16,1.71076305662067
3016,136,16,2.82291666666667,0.322916666666667,1,34,34,1.73149766053783
3017,137,16,2.84375,0.322916666666667,1,24,24,1.75223448014673
3018,138,16,2.86458333333333,0.322916666666667,1,23,23,1.77297344185359
3019,139,16,2.88541666666667,0.322916666666667,1,29,29,1.79371447528103
3020,140,16,2.90625,0.322916666666667,1,16,16,1.81445751309462
3021,141,16,2.92708333333333,0.322916666666667,1,27,27,1.83520249084057
3022,142,16,2.94791666666667,0.322916666666667,1,19,19,1.85594934679358
3023,143,16,2.96875,0.322916666666667,1,19,19,1.87669802181427
3024,144,16,2.98958333333333,0.322916666666667,1,16,16,1.89744845921546
3025,145,16,3.01041666666667,0.322916666666667,1,21,21,1.9182006046366
3026,146,16,3.03125,0.322916666666667,1,16,16,1.93895440592585
3027,147,16,3.05208333333333,0.322916666666667,1,17,17,1.95970981302923
3028,148,16,3.07291666666667,0.322916666666667,1,22,22,1.98046677788637
3029,149,16,3.09375,0.322916666666667,1,26,26,2.00122525433244
3030,150,16,3.11458333333333,0.322916666666667,1,27,27,2.02198519800576
3031,151,16,3.13541666666667,0.322916666666667,1,19,19,2.04274656626075
3032,152,16,3.15625,0.322916666666667,1,24,24,2.06350931808588
3033,153,16,3.17708333333333,0.322916666666667,1,25,25,2.08427341402633
3034,154,16,3.19791666666667,0.322916666666667,1,13,13,2.10503881611085
3035,155,16,3.21875,0.322916666666667,1,21,21,2.12580548778289
3036,156,16,3.23958333333333,0.322916666666667,1,20,20,2.14657339383535
3037,157,16,3.26041666666667,0.322916666666667,1,18,18,2.16734250034901
3038,158,16,3.28125,0.322916666666667,1,20,20,2.18811277463425
3039,159,16,3.30208333333333,0.322916666666667,1,15,15,2.20888418517594
3040,160,16,3.32291666666667,0.322916666666667,1,30,30,2.22965670158121
3041,161,16,3.34375,0.322916666666667,1,23,23,2.25043029453001
3042,162,16,3.36458333333333,0.322916666666667,1,24,24,2.27120493572829
3043,163,16,3.38541666666667,0.322916666666667,1,19,19,2.29198059786353
3044,164,16,3.40625,0.322916666666667,1,27,27,2.3127572545626
3045,165,16,3.42708333333333,0.322916666666667,1,21,21,2.33353488035181
3046,166,16,3.44791666666667,0.322916666666667,1,19,19,2.35431345061891
3047,167,16,3.46875,0.322916666666667,1,17,17,2.37509294157703
3048,168,16,3.48958333333333,0.322916666666667,1,18,18,2.39587333023043
3049,169,16,3.51041666666667,0.322916666666667,1,19,19,2.41665459434191
3050,170,16,3.53125,0.322916666666667,1,25,25,2.4374367124018
3051,171,16,3.55208333333333,0.322916666666667,1,21,21,2.45821966359854
3052,172,16,3.57291666666667,0.322916666666667,1,12,12,2.47900342779058
3053,173,16,3.59375,0.322916666666667,1,14,14,2.49978798547967
3054,174,16,3.61458333333333,0.322916666666667,1,26,26,2.52057331778542
3055,175,16,3.63541666666667,0.322916666666667,1,16,16,2.54135940642104
3056,176,16,3.65625,0.322916666666667,1,26,26,2.5621462336702
3057,177,16,3.67708333333333,0.322916666666667,1,13,13,2.58293378236504
3058,178,16,3.69791666666667,0.322916666666667,1,4,4,2.60372203586504
3059,179,16,3.71875,0.322916666666667,1,11,11,2.62451097803706
3060,180,16,3.73958333333333,0.322916666666667,1,18,18,2.64530059323605
3061,181,16,3.76041666666667,0.322916666666667,1,16,16,2.66609086628685
3062,182,16,3.78125,0.322916666666667,1,28,28,2.68688178246664
3063,183,16,3.80208333333333,0.322916666666667,1,22,22,2.70767332748824
3064,184,16,3.82291666666667,0.322916666666667,1,10,10,2.72846548748414
3065,185,16,3.84375,0.322916666666667,1,15,15,2.74925824899121
3066,186,16,3.86458333333333,0.322916666666667,1,17,17,2.77005159893608
3067,187,16,3.88541666666667,0.322916666666667,1,21,21,2.79084552462117
3068,188,16,3.90625,0.322916666666667,1,24,24,2.81164001371125
3069,189,16,3.92708333333333,0.322916666666667,1,18,18,2.83243505422068
3070,190,16,3.94791666666667,0.322916666666667,1,22,22,2.85323063450106
3071,191,16,3.96875,0.322916666666667,1,19,19,2.87402674322953
3072,192,16,3.98958333333333,0.322916666666667,1,17,17,2.89482336939742
3073,1,17,0.0104166666666667,0.34375,1,12,12,0.901842919878716
3074,2,17,0.03125,0.34375,1,30,30,0.881269904256724
3075,3,17,0.0520833333333333,0.34375,1,29,29,0.860708108347403
3076,4,17,0.0729166666666667,0.34375,1,19,19,0.840158268295527
3077,5,17,0.09375,0.34375,1,21,21,0.819621185597635
3078,6,17,0.114583333333333,0.34375,1,21,21,0.799097734460004
3079,7,17,0.135416666666667,0.34375,1,20,20,0.778588870164981
3080,8,17,0.15625,0.34375,1,25,25,0.758095638609124
3081,9,17,0.177083333333333,0.34375,1,13,13,0.737619187207276
3082,10,17,0.197916666666667,0.34375,1,16,16,0.717160777393966
3083,11,17,0.21875,0.34375,1,12,12,0.696721798998873
3084,12,17,0.239583333333333,0.34375,1,18,18,0.676303786828613
3085,13,17,0.260416666666667,0.34375,1,26,26,0.655908439855281
3086,14,17,0.28125,0.34375,1,31,31,0.635537643496239
3087,15,17,0.302083333333333,0.34375,1,21,21,0.615193495573828
3088,16,17,0.322916666666667,0.34375,1,25,25,0.594878336673247
3089,17,17,0.34375,0.34375,1,14,14,0.574594785778841
3090,18,17,0.364583333333333,0.34375,1,11,11,0.554345782272475
3091,19,17,0.385416666666667,0.34375,1,24,24,0.534134635634351
3092,20,17,0.40625,0.34375,1,22,22,0.513965084512141
3093,21,17,0.427083333333333,0.34375,1,23,23,0.493841367239134
3094,22,17,0.447916666666667,0.34375,1,14,14,0.473768306413351
3095,23,17,0.46875,0.34375,1,18,18,0.453751410833417
3096,24,17,0.489583333333333,0.34375,1,22,22,0.433796998971623
3097,25,17,0.510416666666667,0.34375,1,18,18,0.413912349314334
3098,26,17,0.53125,0.34375,1,21,21,0.394105884401309
3099,27,17,0.552083333333333,0.34375,1,27,27,0.374387397363988
3100,28,17,0.572916666666667,0.34375,1,10,10,0.354768332352981
3101,29,17,0.59375,0.34375,1,25,25,0.335262133662004
3102,30,17,0.614583333333333,0.34375,1,19,19,0.315884682868274
3103,31,17,0.635416666666667,0.34375,1,16,16,0.296654849263745
3104,32,17,0.65625,0.34375,1,25,25,0.27759518667483
3105,33,17,0.677083333333333,0.34375,1,34,34,0.258732819952553
3106,34,17,0.697916666666667,0.34375,1,7,7,0.240100577444052
3107,35,17,0.71875,0.34375,1,35,35,0.221738441905844
3108,36,17,0.739583333333333,0.34375,1,20,20,0.203695411189859
3109,37,17,0.760416666666667,0.34375,1,16,16,0.186031879536375
3110,38,17,0.78125,0.34375,1,21,21,0.168822664595082
3111,39,17,0.802083333333333,0.34375,1,20,20,0.152160800768963
3112,40,17,0.822916666666667,0.34375,1,11,11,0.136162167682388
3113,41,17,0.84375,0.34375,1,20,20,0.120970869120796
3114,42,17,0.864583333333333,0.34375,1,5,5,0.106764929596658
3115,43,17,0.885416666666667,0.34375,1,27,27,0.0937612003931071
3116,44,17,0.90625,0.34375,1,15,15,0.0822172467139156
3117,45,17,0.927083333333333,0.34375,1,18,18,0.072426514137988
3118,46,17,0.947916666666667,0.34375,1,24,24,0.0647019614671031
3119,47,17,0.96875,0.34375,1,22,22,0.0593443597997745
3120,48,17,0.989583333333333,0.34375,1,28,28,0.0565968372747178
3121,49,17,1.01041666666667,0.34375,1,27,27,0.0565968372747178
3122,50,17,1.03125,0.34375,1,23,23,0.0593443597997745
3123,51,17,1.05208333333333,0.34375,1,18,18,0.0647019614671031
3124,52,17,1.07291666666667,0.34375,1,14,14,0.0724265141379879
3125,53,17,1.09375,0.34375,1,18,18,0.0822172467139156
3126,54,17,1.11458333333333,0.34375,1,29,29,0.093761200393107
3127,55,17,1.13541666666667,0.34375,1,20,20,0.106764929596658
3128,56,17,1.15625,0.34375,1,25,25,0.120970869120796
3129,57,17,1.17708333333333,0.34375,1,18,18,0.136162167682388
3130,58,17,1.19791666666667,0.34375,1,23,23,0.152160800768962
3131,59,17,1.21875,0.34375,1,13,13,0.168822664595082
3132,60,17,1.23958333333333,0.34375,1,21,21,0.186031879536375
3133,61,17,1.26041666666667,0.34375,1,24,24,0.203695411189859
3134,62,17,1.28125,0.34375,1,25,25,0.221738441905844
3135,63,17,1.30208333333333,0.34375,1,17,17,0.240100577444052
3136,64,17,1.32291666666667,0.34375,1,11,11,0.258732819952553
3137,65,17,1.34375,0.34375,1,28,28,0.27759518667483
3138,66,17,1.36458333333333,0.34375,1,31,31,0.296654849263745
3139,67,17,1.38541666666667,0.34375,1,21,21,0.315884682868273
3140,68,17,1.40625,0.34375,1,11,11,0.335262133662004
3141,69,17,1.42708333333333,0.34375,1,25,25,0.354768332352981
3142,70,17,1.44791666666667,0.34375,1,29,29,0.374387397363987
3143,71,17,1.46875,0.34375,1,27,27,0.394105884401309
3144,72,17,1.48958333333333,0.34375,1,11,11,0.413912349314334
3145,73,17,1.51041666666667,0.34375,1,17,17,0.433796998971623
3146,74,17,1.53125,0.34375,1,12,12,0.453751410833417
3147,75,17,1.55208333333333,0.34375,1,10,10,0.47376830641335
3148,76,17,1.57291666666667,0.34375,1,25,25,0.493841367239134
3149,77,17,1.59375,0.34375,1,12,12,0.513965084512141
3150,78,17,1.61458333333333,0.34375,1,9,9,0.534134635634351
3151,79,17,1.63541666666667,0.34375,1,20,20,0.554345782272475
3152,80,17,1.65625,0.34375,1,19,19,0.574594785778841
3153,81,17,1.67708333333333,0.34375,1,20,20,0.594878336673247
3154,82,17,1.69791666666667,0.34375,1,22,22,0.615193495573828
3155,83,17,1.71875,0.34375,1,26,26,0.635537643496239
3156,84,17,1.73958333333333,0.34375,1,23,23,0.655908439855281
3157,85,17,1.76041666666667,0.34375,1,22,22,0.676303786828613
3158,86,17,1.78125,0.34375,1,18,18,0.696721798998873
3159,87,17,1.80208333333333,0.34375,1,29,29,0.717160777393966
3160,88,17,1.82291666666667,0.34375,1,17,17,0.737619187207276
3161,89,17,1.84375,0.34375,1,24,24,0.758095638609124
3162,90,17,1.86458333333333,0.34375,1,31,31,0.778588870164981
3163,91,17,1.88541666666667,0.34375,1,13,13,0.799097734460003
3164,92,17,1.90625,0.34375,1,21,21,0.819621185597635
3165,93,17,1.92708333333333,0.34375,1,27,27,0.840158268295527
3166,94,17,1.94791666666667,0.34375,1,35,35,0.860708108347402
3167,95,17,1.96875,0.34375,1,15,15,0.881269904256724
3168,96,17,1.98958333333333,0.34375,1,13,13,0.901842919878716
3169,97,17,2.01041666666667,0.34375,1,27,27,0.922426477932657
3170,98,17,2.03125,0.34375,1,32,32,0.943019954267415
3171,99,17,2.05208333333333,0.34375,1,21,21,0.963622772780734
3172,100,17,2.07291666666667,0.34375,1,15,15,0.984234400907438
3173,101,17,2.09375,0.34375,1,17,17,1.00485434560398
3174,102,17,2.11458333333333,0.34375,1,19,19,1.02548214976713
3175,103,17,2.13541666666667,0.34375,1,10,10,1.04611738903327
3176,104,17,2.15625,0.34375,1,25,25,1.06675966891215
3177,105,17,2.17708333333333,0.34375,1,19,19,1.08740862221525
3178,106,17,2.19791666666667,0.34375,1,15,15,1.10806390674408
3179,107,17,2.21875,0.34375,1,19,19,1.12872520320859
3180,108,17,2.23958333333333,0.34375,1,6,6,1.14939221334927
3181,109,17,2.26041666666667,0.34375,1,22,22,1.17006465824032
3182,110,17,2.28125,0.34375,1,15,15,1.19074227675396
3183,111,17,2.30208333333333,0.34375,1,8,8,1.21142482416814
3184,112,17,2.32291666666667,0.34375,1,8,8,1.23211207090261
3185,113,17,2.34375,0.34375,1,23,23,1.25280380136959
3186,114,17,2.36458333333333,0.34375,1,17,17,1.27349981292722
3187,115,17,2.38541666666667,0.34375,1,18,18,1.29419991492532
3188,116,17,2.40625,0.34375,1,13,13,1.31490392783397
3189,117,17,2.42708333333333,0.34375,1,25,25,1.33561168244682
3190,118,17,2.44791666666667,0.34375,1,21,21,1.3563230191517
3191,119,17,2.46875,0.34375,1,26,26,1.37703778726206
3192,120,17,2.48958333333333,0.34375,1,27,27,1.39775584440337
3193,121,17,2.51041666666667,0.34375,1,13,13,1.4184770559493
3194,122,17,2.53125,0.34375,1,12,12,1.43920129450309
3195,123,17,2.55208333333333,0.34375,1,28,28,1.45992843941993
3196,124,17,2.57291666666667,0.34375,1,15,15,1.48065837636656
3197,125,17,2.59375,0.34375,1,11,11,1.50139099691487
3198,126,17,2.61458333333333,0.34375,1,23,23,1.5221261981664
3199,127,17,2.63541666666667,0.34375,1,23,23,1.54286388240509
3200,128,17,2.65625,0.34375,1,21,21,1.56360395677577
3201,129,17,2.67708333333333,0.34375,1,13,13,1.58434633298631
3202,130,17,2.69791666666667,0.34375,1,25,25,1.6050909270313
3203,131,17,2.71875,0.34375,1,26,26,1.62583765893551
3204,132,17,2.73958333333333,0.34375,1,13,13,1.64658645251562
3205,133,17,2.76041666666667,0.34375,1,12,12,1.66733723515852
3206,134,17,2.78125,0.34375,1,23,23,1.688089937615
3207,135,17,2.80208333333333,0.34375,1,18,18,1.70884449380752
3208,136,17,2.82291666666667,0.34375,1,25,25,1.72960084065107
3209,137,17,2.84375,0.34375,1,14,14,1.75035891788593
3210,138,17,2.86458333333333,0.34375,1,18,18,1.77111866792153
3211,139,17,2.88541666666667,0.34375,1,15,15,1.79188003569054
3212,140,17,2.90625,0.34375,1,18,18,1.81264296851242
3213,141,17,2.92708333333333,0.34375,1,20,20,1.83340741596569
3214,142,17,2.94791666666667,0.34375,1,26,26,1.85417332976831
3215,143,17,2.96875,0.34375,1,16,16,1.87494066366562
3216,144,17,2.98958333333333,0.34375,1,21,21,1.89570937332513
3217,145,17,3.01041666666667,0.34375,1,18,18,1.91647941623789
3218,146,17,3.03125,0.34375,1,23,23,1.93725075162583
3219,147,17,3.05208333333333,0.34375,1,27,27,1.95802334035463
3220,148,17,3.07291666666667,0.34375,1,11,11,1.97879714485191
3221,149,17,3.09375,0.34375,1,23,23,1.9995721290301
3222,150,17,3.11458333333333,0.34375,1,22,22,2.02034825821399
3223,151,17,3.13541666666667,0.34375,1,14,14,2.04112549907234
3224,152,17,3.15625,0.34375,1,17,17,2.0619038195535
3225,153,17,3.17708333333333,0.34375,1,22,22,2.08268318882466
3226,154,17,3.19791666666667,0.34375,1,13,13,2.10346357721454
3227,155,17,3.21875,0.34375,1,16,16,2.12424495615928
3228,156,17,3.23958333333333,0.34375,1,15,15,2.14502729815128
3229,157,17,3.26041666666667,0.34375,1,13,13,2.16581057669092
3230,158,17,3.28125,0.34375,1,14,14,2.18659476624084
3231,159,17,3.30208333333333,0.34375,1,28,28,2.20737984218271
3232,160,17,3.32291666666667,0.34375,1,14,14,2.22816578077631
3233,161,17,3.34375,0.34375,1,13,13,2.24895255912077
3234,162,17,3.36458333333333,0.34375,1,17,17,2.26974015511781
3235,163,17,3.38541666666667,0.34375,1,16,16,2.29052854743697
3236,164,17,3.40625,0.34375,1,19,19,2.31131771548255
3237,165,17,3.42708333333333,0.34375,1,20,20,2.3321076393623
3238,166,17,3.44791666666667,0.34375,1,22,22,2.35289829985763
3239,167,17,3.46875,0.34375,1,23,23,2.37368967839541
3240,168,17,3.48958333333333,0.34375,1,17,17,2.39448175702111
3241,169,17,3.51041666666667,0.34375,1,15,15,2.41527451837325
3242,170,17,3.53125,0.34375,1,16,16,2.43606794565919
3243,171,17,3.55208333333333,0.34375,1,11,11,2.45686202263199
3244,172,17,3.57291666666667,0.34375,1,23,23,2.47765673356852
3245,173,17,3.59375,0.34375,1,18,18,2.49845206324843
3246,174,17,3.61458333333333,0.34375,1,14,14,2.51924799693432
3247,175,17,3.63541666666667,0.34375,1,18,18,2.54004452035272
3248,176,17,3.65625,0.34375,1,19,19,2.560841619676
3249,177,17,3.67708333333333,0.34375,1,19,19,2.58163928150509
3250,178,17,3.69791666666667,0.34375,1,19,19,2.60243749285303
3251,179,17,3.71875,0.34375,1,28,28,2.62323624112929
3252,180,17,3.73958333333333,0.34375,1,9,9,2.64403551412473
3253,181,17,3.76041666666667,0.34375,1,15,15,2.66483529999729
3254,182,17,3.78125,0.34375,1,29,29,2.68563558725832
3255,183,17,3.80208333333333,0.34375,1,23,23,2.70643636475949
3256,184,17,3.82291666666667,0.34375,1,20,20,2.72723762168029
3257,185,17,3.84375,0.34375,1,15,15,2.74803934751611
3258,186,17,3.86458333333333,0.34375,1,8,8,2.76884153206675
3259,187,17,3.88541666666667,0.34375,1,9,9,2.78964416542552
3260,188,17,3.90625,0.34375,1,31,31,2.81044723796876
3261,189,17,3.92708333333333,0.34375,1,23,23,2.8312507403458
3262,190,17,3.94791666666667,0.34375,1,25,25,2.85205466346935
3263,191,17,3.96875,0.34375,1,27,27,2.87285899850632
3264,192,17,3.98958333333333,0.34375,1,16,16,2.893663736869
3265,1,18,0.0104166666666667,0.364583333333333,1,15,15,0.898805710447343
3266,2,18,0.03125,0.364583333333333,1,23,23,0.878168817797373
3267,3,18,0.0520833333333333,0.364583333333333,1,28,28,0.857540432856783
3268,4,18,0.0729166666666667,0.364583333333333,1,16,16,0.836921117573703
3269,5,18,0.09375,0.364583333333333,1,4,4,0.816311484218719
3270,6,18,0.114583333333333,0.364583333333333,1,27,27,0.795712201112736
3271,7,18,0.135416666666667,0.364583333333333,1,14,14,0.775123999150343
3272,8,18,0.15625,0.364583333333333,1,17,17,0.754547679249737
3273,9,18,0.177083333333333,0.364583333333333,1,24,24,0.733984120885337
3274,10,18,0.197916666666667,0.364583333333333,1,22,22,0.713434291889777
3275,11,18,0.21875,0.364583333333333,1,22,22,0.692899259749378
3276,12,18,0.239583333333333,0.364583333333333,1,16,16,0.672380204663193
3277,13,18,0.260416666666667,0.364583333333333,1,22,22,0.651878434692441
3278,14,18,0.28125,0.364583333333333,1,21,21,0.631395403397582
3279,15,18,0.302083333333333,0.364583333333333,1,13,13,0.610932730447982
3280,16,18,0.322916666666667,0.364583333333333,1,21,21,0.590492225799023
3281,17,18,0.34375,0.364583333333333,1,20,20,0.570075918169808
3282,18,18,0.364583333333333,0.364583333333333,1,17,17,0.549686088729695
3283,19,18,0.385416666666667,0.364583333333333,1,24,24,0.529325311124717
3284,20,18,0.40625,0.364583333333333,1,10,10,0.508996499260144
3285,21,18,0.427083333333333,0.364583333333333,1,30,30,0.4887029646227
3286,22,18,0.447916666666667,0.364583333333333,1,12,12,0.468448485401761
3287,23,18,0.46875,0.364583333333333,1,31,31,0.448237390289199
3288,24,18,0.489583333333333,0.364583333333333,1,30,30,0.428074660651524
3289,25,18,0.510416666666667,0.364583333333333,1,6,6,0.407966055843192
3290,26,18,0.53125,0.364583333333333,1,20,20,0.387918267859599
3291,27,18,0.552083333333333,0.364583333333333,1,16,16,0.367939113442004
3292,28,18,0.572916666666667,0.364583333333333,1,4,4,0.348037774325137
3293,29,18,0.59375,0.364583333333333,1,24,24,0.328225099814468
3294,30,18,0.614583333333333,0.364583333333333,1,24,24,0.308513990648491
3295,31,18,0.635416666666667,0.364583333333333,1,20,20,0.288919889637385
3296,32,18,0.65625,0.364583333333333,1,21,21,0.269461413561838
3297,33,18,0.677083333333333,0.364583333333333,1,17,17,0.250161173207742
3298,34,18,0.697916666666667,0.364583333333333,1,23,23,0.231046845459806
3299,35,18,0.71875,0.364583333333333,1,16,16,0.21215258466191
3300,36,18,0.739583333333333,0.364583333333333,1,19,19,0.193520891741779
3301,37,18,0.760416666666667,0.364583333333333,1,26,26,0.175205100283811
3302,38,18,0.78125,0.364583333333333,1,19,19,0.157272688233926
3303,39,18,0.802083333333333,0.364583333333333,1,14,14,0.139809675692111
3304,40,18,0.822916666666667,0.364583333333333,1,17,17,0.122926401656591
3305,41,18,0.84375,0.364583333333333,1,27,27,0.106764929596658
3306,42,18,0.864583333333333,0.364583333333333,1,28,28,0.0915080865713567
3307,43,18,0.885416666666667,0.364583333333333,1,22,22,0.0773894413117334
3308,44,18,0.90625,0.364583333333333,1,20,20,0.0647019614671031
3309,45,18,0.927083333333333,0.364583333333333,1,18,18,0.0538002402107646
3310,46,18,0.947916666666667,0.364583333333333,1,17,17,0.0450873778873346
3311,47,18,0.96875,0.364583333333333,1,15,15,0.0389756673346493
3312,48,18,0.989583333333333,0.364583333333333,1,20,20,0.0358167167750552
3313,49,18,1.01041666666667,0.364583333333333,1,27,27,0.0358167167750552
3314,50,18,1.03125,0.364583333333333,1,24,24,0.0389756673346493
3315,51,18,1.05208333333333,0.364583333333333,1,24,24,0.0450873778873346
3316,52,18,1.07291666666667,0.364583333333333,1,19,19,0.0538002402107645
3317,53,18,1.09375,0.364583333333333,1,22,22,0.0647019614671031
3318,54,18,1.11458333333333,0.364583333333333,1,17,17,0.0773894413117333
3319,55,18,1.13541666666667,0.364583333333333,1,18,18,0.0915080865713565
3320,56,18,1.15625,0.364583333333333,1,14,14,0.106764929596658
3321,57,18,1.17708333333333,0.364583333333333,1,23,23,0.122926401656591
3322,58,18,1.19791666666667,0.364583333333333,1,23,23,0.139809675692111
3323,59,18,1.21875,0.364583333333333,1,19,19,0.157272688233926
3324,60,18,1.23958333333333,0.364583333333333,1,19,19,0.175205100283811
3325,61,18,1.26041666666667,0.364583333333333,1,22,22,0.193520891741778
3326,62,18,1.28125,0.364583333333333,1,18,18,0.21215258466191
3327,63,18,1.30208333333333,0.364583333333333,1,22,22,0.231046845459806
3328,64,18,1.32291666666667,0.364583333333333,1,15,15,0.250161173207742
3329,65,18,1.34375,0.364583333333333,1,20,20,0.269461413561838
3330,66,18,1.36458333333333,0.364583333333333,1,20,20,0.288919889637385
3331,67,18,1.38541666666667,0.364583333333333,1,18,18,0.308513990648491
3332,68,18,1.40625,0.364583333333333,1,15,15,0.328225099814468
3333,69,18,1.42708333333333,0.364583333333333,1,16,16,0.348037774325137
3334,70,18,1.44791666666667,0.364583333333333,1,17,17,0.367939113442004
3335,71,18,1.46875,0.364583333333333,1,23,23,0.387918267859599
3336,72,18,1.48958333333333,0.364583333333333,1,24,24,0.407966055843192
3337,73,18,1.51041666666667,0.364583333333333,1,25,25,0.428074660651524
3338,74,18,1.53125,0.364583333333333,1,9,9,0.448237390289199
3339,75,18,1.55208333333333,0.364583333333333,1,18,18,0.46844848540176
3340,76,18,1.57291666666667,0.364583333333333,1,29,29,0.488702964622699
3341,77,18,1.59375,0.364583333333333,1,18,18,0.508996499260144
3342,78,18,1.61458333333333,0.364583333333333,1,27,27,0.529325311124717
3343,79,18,1.63541666666667,0.364583333333333,1,16,16,0.549686088729695
3344,80,18,1.65625,0.364583333333333,1,25,25,0.570075918169808
3345,81,18,1.67708333333333,0.364583333333333,1,8,8,0.590492225799023
3346,82,18,1.69791666666667,0.364583333333333,1,30,30,0.610932730447981
3347,83,18,1.71875,0.364583333333333,1,22,22,0.631395403397582
3348,84,18,1.73958333333333,0.364583333333333,1,17,17,0.651878434692441
3349,85,18,1.76041666666667,0.364583333333333,1,29,29,0.672380204663193
3350,86,18,1.78125,0.364583333333333,1,8,8,0.692899259749378
3351,87,18,1.80208333333333,0.364583333333333,1,22,22,0.713434291889776
3352,88,18,1.82291666666667,0.364583333333333,1,14,14,0.733984120885337
3353,89,18,1.84375,0.364583333333333,1,23,23,0.754547679249737
3354,90,18,1.86458333333333,0.364583333333333,1,19,19,0.775123999150343
3355,91,18,1.88541666666667,0.364583333333333,1,25,25,0.795712201112736
3356,92,18,1.90625,0.364583333333333,1,17,17,0.816311484218719
3357,93,18,1.92708333333333,0.364583333333333,1,12,12,0.836921117573702
3358,94,18,1.94791666666667,0.364583333333333,1,19,19,0.857540432856783
3359,95,18,1.96875,0.364583333333333,1,24,24,0.878168817797373
3360,96,18,1.98958333333333,0.364583333333333,1,19,19,0.898805710447343
3361,97,18,2.01041666666667,0.364583333333333,1,24,24,0.919450594138278
3362,98,18,2.03125,0.364583333333333,1,26,26,0.940102993030551
3363,99,18,2.05208333333333,0.364583333333333,1,15,15,0.96076246817508
3364,100,18,2.07291666666667,0.364583333333333,1,22,22,0.981428614020464
3365,101,18,2.09375,0.364583333333333,1,15,15,1.00210105530805
3366,102,18,2.11458333333333,0.364583333333333,1,15,15,1.02277944430576
3367,103,18,2.13541666666667,0.364583333333333,1,27,27,1.04346345833855
3368,104,18,2.15625,0.364583333333333,1,22,22,1.06415279757904
3369,105,18,2.17708333333333,0.364583333333333,1,33,33,1.08484718306718
3370,106,18,2.19791666666667,0.364583333333333,1,25,25,1.10554635493161
3371,107,18,2.21875,0.364583333333333,1,9,9,1.12625007078944
3372,108,18,2.23958333333333,0.364583333333333,1,11,11,1.14695810430378
3373,109,18,2.26041666666667,0.364583333333333,1,26,26,1.16767024388136
3374,110,18,2.28125,0.364583333333333,1,18,18,1.18838629149456
3375,111,18,2.30208333333333,0.364583333333333,1,21,21,1.2091060616144
3376,112,18,2.32291666666667,0.364583333333333,1,26,26,1.22982938024228
3377,113,18,2.34375,0.364583333333333,1,20,20,1.25055608403025
3378,114,18,2.36458333333333,0.364583333333333,1,28,28,1.27128601948033
3379,115,18,2.38541666666667,0.364583333333333,1,15,15,1.2920190422149
3380,116,18,2.40625,0.364583333333333,1,27,27,1.31275501631072
3381,117,18,2.42708333333333,0.364583333333333,1,11,11,1.33349381369048
3382,118,18,2.44791666666667,0.364583333333333,1,25,25,1.35423531356594
3383,119,18,2.46875,0.364583333333333,1,16,16,1.37497940192774
3384,120,18,2.48958333333333,0.364583333333333,1,14,14,1.39572597107744
3385,121,18,2.51041666666667,0.364583333333333,1,19,19,1.41647491919766
3386,122,18,2.53125,0.364583333333333,1,22,22,1.43722614995683
3387,123,18,2.55208333333333,0.364583333333333,1,19,19,1.45797957214535
3388,124,18,2.57291666666667,0.364583333333333,1,19,19,1.47873509934026
3389,125,18,2.59375,0.364583333333333,1,24,24,1.49949264959584
3390,126,18,2.61458333333333,0.364583333333333,1,14,14,1.52025214515793
3391,127,18,2.63541666666667,0.364583333333333,1,22,22,1.54101351219977
3392,128,18,2.65625,0.364583333333333,1,17,17,1.56177668057748
3393,129,18,2.67708333333333,0.364583333333333,1,13,13,1.58254158360367
3394,130,18,2.69791666666667,0.364583333333333,1,15,15,1.60330815783743
3395,131,18,2.71875,0.364583333333333,1,21,21,1.62407634288946
3396,132,18,2.73958333333333,0.364583333333333,1,20,20,1.64484608124104
3397,133,18,2.76041666666667,0.364583333333333,1,25,25,1.66561731807572
3398,134,18,2.78125,0.364583333333333,1,30,30,1.68639000112269
3399,135,18,2.80208333333333,0.364583333333333,1,17,17,1.70716408051092
3400,136,18,2.82291666666667,0.364583333333333,1,17,17,1.72793950863321
3401,137,18,2.84375,0.364583333333333,1,22,22,1.7487162400193
3402,138,18,2.86458333333333,0.364583333333333,1,20,20,1.76949423121751
3403,139,18,2.88541666666667,0.364583333333333,1,18,18,1.79027344068406
3404,140,18,2.90625,0.364583333333333,1,22,22,1.81105382867964
3405,141,18,2.92708333333333,0.364583333333333,1,9,9,1.83183535717261
3406,142,18,2.94791666666667,0.364583333333333,1,19,19,1.85261798974835
3407,143,18,2.96875,0.364583333333333,1,13,13,1.87340169152434
3408,144,18,2.98958333333333,0.364583333333333,1,16,16,1.89418642907048
3409,145,18,3.01041666666667,0.364583333333333,1,9,9,1.91497217033442
3410,146,18,3.03125,0.364583333333333,1,23,23,1.93575888457133
3411,147,18,3.05208333333333,0.364583333333333,1,22,22,1.95654654227799
3412,148,18,3.07291666666667,0.364583333333333,1,26,26,1.97733511513081
3413,149,18,3.09375,0.364583333333333,1,19,19,1.99812457592754
3414,150,18,3.11458333333333,0.364583333333333,1,22,22,2.01891489853232
3415,151,18,3.13541666666667,0.364583333333333,1,7,7,2.03970605782404
3416,152,18,3.15625,0.364583333333333,1,17,17,2.06049802964759
3417,153,18,3.17708333333333,0.364583333333333,1,17,17,2.08129079076791
3418,154,18,3.19791666666667,0.364583333333333,1,24,24,2.10208431882665
3419,155,18,3.21875,0.364583333333333,1,21,21,2.12287859230123
3420,156,18,3.23958333333333,0.364583333333333,1,25,25,2.14367359046621
3421,157,18,3.26041666666667,0.364583333333333,1,14,14,2.16446929335674
3422,158,18,3.28125,0.364583333333333,1,13,13,2.18526568173399
3423,159,18,3.30208333333333,0.364583333333333,1,17,17,2.20606273705253
3424,160,18,3.32291666666667,0.364583333333333,1,29,29,2.22686044142937
3425,161,18,3.34375,0.364583333333333,1,22,22,2.24765877761465
3426,162,18,3.36458333333333,0.364583333333333,1,21,21,2.26845772896391
3427,163,18,3.38541666666667,0.364583333333333,1,21,21,2.28925727941179
3428,164,18,3.40625,0.364583333333333,1,21,21,2.31005741344706
3429,165,18,3.42708333333333,0.364583333333333,1,9,9,2.33085811608896
3430,166,18,3.44791666666667,0.364583333333333,1,22,22,2.35165937286475
3431,167,18,3.46875,0.364583333333333,1,22,22,2.37246116978834
3432,168,18,3.48958333333333,0.364583333333333,1,20,20,2.39326349334005
3433,169,18,3.51041666666667,0.364583333333333,1,14,14,2.41406633044733
3434,170,18,3.53125,0.364583333333333,1,29,29,2.43486966846643
3435,171,18,3.55208333333333,0.364583333333333,1,30,30,2.455673495165
3436,172,18,3.57291666666667,0.364583333333333,1,18,18,2.47647779870548
3437,173,18,3.59375,0.364583333333333,1,27,27,2.49728256762931
3438,174,18,3.61458333333333,0.364583333333333,1,19,19,2.51808779084193
3439,175,18,3.63541666666667,0.364583333333333,1,24,24,2.53889345759838
3440,176,18,3.65625,0.364583333333333,1,23,23,2.55969955748974
3441,177,18,3.67708333333333,0.364583333333333,1,17,17,2.58050608043
3442,178,18,3.69791666666667,0.364583333333333,1,29,29,2.60131301664374
3443,179,18,3.71875,0.364583333333333,1,26,26,2.62212035665419
3444,180,18,3.73958333333333,0.364583333333333,1,19,19,2.64292809127197
3445,181,18,3.76041666666667,0.364583333333333,1,20,20,2.66373621158428
3446,182,18,3.78125,0.364583333333333,1,14,14,2.68454470894455
3447,183,18,3.80208333333333,0.364583333333333,1,19,19,2.70535357496262
3448,184,18,3.82291666666667,0.364583333333333,1,23,23,2.72616280149526
3449,185,18,3.84375,0.364583333333333,1,16,16,2.74697238063721
3450,186,18,3.86458333333333,0.364583333333333,1,20,20,2.76778230471251
3451,187,18,3.88541666666667,0.364583333333333,1,14,14,2.78859256626629
3452,188,18,3.90625,0.364583333333333,1,23,23,2.80940315805684
3453,189,18,3.92708333333333,0.364583333333333,1,18,18,2.83021407304806
3454,190,18,3.94791666666667,0.364583333333333,1,15,15,2.85102530440222
3455,191,18,3.96875,0.364583333333333,1,14,14,2.87183684547303
3456,192,18,3.98958333333333,0.364583333333333,1,14,14,2.89264868979898
3457,1,19,0.0104166666666667,0.385416666666667,1,17,17,0.896195018000436
3458,2,19,0.03125,0.385416666666667,1,12,12,0.875502897370263
3459,3,19,0.0520833333333333,0.385416666666667,1,8,8,0.854816918169249
3460,4,19,0.0729166666666667,0.385416666666667,1,29,29,0.834137488393557
3461,5,19,0.09375,0.385416666666667,1,33,33,0.81346505284974
3462,6,19,0.114583333333333,0.385416666666667,1,12,12,0.792800097384005
3463,7,19,0.135416666666667,0.385416666666667,1,25,25,0.772143153705603
3464,8,19,0.15625,0.385416666666667,1,9,9,0.751494804903575
3465,9,19,0.177083333333333,0.385416666666667,1,31,31,0.730855691775386
3466,10,19,0.197916666666667,0.385416666666667,1,16,16,0.710226520109586
3467,11,19,0.21875,0.385416666666667,1,28,28,0.689608069093634
3468,12,19,0.239583333333333,0.385416666666667,1,18,18,0.669001201053823
3469,13,19,0.260416666666667,0.385416666666667,1,14,14,0.648406872778586
3470,14,19,0.28125,0.385416666666667,1,20,20,0.627826148731809
3471,15,19,0.302083333333333,0.385416666666667,1,35,35,0.607260216531998
3472,16,19,0.322916666666667,0.385416666666667,1,31,31,0.586710405160396
3473,17,19,0.34375,0.385416666666667,1,29,29,0.566178206471645
3474,18,19,0.364583333333333,0.385416666666667,1,12,12,0.545665300721322
3475,19,19,0.385416666666667,0.385416666666667,1,20,20,0.525173587005152
3476,20,19,0.40625,0.385416666666667,1,26,26,0.5047052197375
3477,21,19,0.427083333333333,0.385416666666667,1,24,24,0.484262652599173
3478,22,19,0.447916666666667,0.385416666666667,1,25,25,0.463848691780182
3479,23,19,0.46875,0.385416666666667,1,11,11,0.443466560864399
3480,24,19,0.489583333333333,0.385416666666667,1,15,15,0.423119980395405
3481,25,19,0.510416666666667,0.385416666666667,1,10,10,0.402813266089465
3482,26,19,0.53125,0.385416666666667,1,22,22,0.38255145091252
3483,27,19,0.552083333333333,0.385416666666667,1,20,20,0.362340437941087
3484,28,19,0.572916666666667,0.385416666666667,1,31,31,0.342187193266482
3485,29,19,0.59375,0.385416666666667,1,22,22,0.322099991444892
3486,30,19,0.614583333333333,0.385416666666667,1,26,26,0.302088730533725
3487,31,19,0.635416666666667,0.385416666666667,1,15,15,0.28216534016342
3488,32,19,0.65625,0.385416666666667,1,22,22,0.262344315227627
3489,33,19,0.677083333333333,0.385416666666667,1,9,9,0.242643420904136
3490,34,19,0.697916666666667,0.385416666666667,1,13,13,0.223084633734809
3491,35,19,0.71875,0.385416666666667,1,10,10,0.203695411189859
3492,36,19,0.739583333333333,0.385416666666667,1,26,26,0.184510422578076
3493,37,19,0.760416666666667,0.385416666666667,1,9,9,0.165573932999624
3494,38,19,0.78125,0.385416666666667,1,22,22,0.146943116481869
3495,39,19,0.802083333333333,0.385416666666667,1,21,21,0.12869269166771
3496,40,19,0.822916666666667,0.385416666666667,1,18,18,0.110921424284548
3497,41,19,0.84375,0.385416666666667,1,27,27,0.0937612003931071
3498,42,19,0.864583333333333,0.385416666666667,1,14,14,0.0773894413117334
3499,43,19,0.885416666666667,0.385416666666667,1,21,21,0.0620453040219172
3500,44,19,0.90625,0.385416666666667,1,21,21,0.0480486500369989
3501,45,19,0.927083333333333,0.385416666666667,1,17,17,0.0358167167750552
3502,46,19,0.947916666666667,0.385416666666667,1,29,29,0.0258650622249435
3503,47,19,0.96875,0.385416666666667,1,17,17,0.0187682734478269
3504,48,19,0.989583333333333,0.385416666666667,1,17,17,0.015055843929034
3505,49,19,1.01041666666667,0.385416666666667,1,17,17,0.015055843929034
3506,50,19,1.03125,0.385416666666667,1,23,23,0.0187682734478269
3507,51,19,1.05208333333333,0.385416666666667,1,24,24,0.0258650622249434
3508,52,19,1.07291666666667,0.385416666666667,1,27,27,0.0358167167750551
3509,53,19,1.09375,0.385416666666667,1,17,17,0.0480486500369989
3510,54,19,1.11458333333333,0.385416666666667,1,11,11,0.0620453040219171
3511,55,19,1.13541666666667,0.385416666666667,1,19,19,0.0773894413117333
3512,56,19,1.15625,0.385416666666667,1,31,31,0.0937612003931071
3513,57,19,1.17708333333333,0.385416666666667,1,17,17,0.110921424284548
3514,58,19,1.19791666666667,0.385416666666667,1,18,18,0.12869269166771
3515,59,19,1.21875,0.385416666666667,1,11,11,0.146943116481869
3516,60,19,1.23958333333333,0.385416666666667,1,26,26,0.165573932999624
3517,61,19,1.26041666666667,0.385416666666667,1,26,26,0.184510422578076
3518,62,19,1.28125,0.385416666666667,1,15,15,0.203695411189859
3519,63,19,1.30208333333333,0.385416666666667,1,18,18,0.223084633734809
3520,64,19,1.32291666666667,0.385416666666667,1,25,25,0.242643420904136
3521,65,19,1.34375,0.385416666666667,1,17,17,0.262344315227627
3522,66,19,1.36458333333333,0.385416666666667,1,28,28,0.28216534016342
3523,67,19,1.38541666666667,0.385416666666667,1,13,13,0.302088730533725
3524,68,19,1.40625,0.385416666666667,1,4,4,0.322099991444892
3525,69,19,1.42708333333333,0.385416666666667,1,21,21,0.342187193266482
3526,70,19,1.44791666666667,0.385416666666667,1,25,25,0.362340437941086
3527,71,19,1.46875,0.385416666666667,1,20,20,0.38255145091252
3528,72,19,1.48958333333333,0.385416666666667,1,4,4,0.402813266089465
3529,73,19,1.51041666666667,0.385416666666667,1,19,19,0.423119980395405
3530,74,19,1.53125,0.385416666666667,1,26,26,0.443466560864399
3531,75,19,1.55208333333333,0.385416666666667,1,17,17,0.463848691780182
3532,76,19,1.57291666666667,0.385416666666667,1,14,14,0.484262652599173
3533,77,19,1.59375,0.385416666666667,1,15,15,0.5047052197375
3534,78,19,1.61458333333333,0.385416666666667,1,15,15,0.525173587005152
3535,79,19,1.63541666666667,0.385416666666667,1,17,17,0.545665300721322
3536,80,19,1.65625,0.385416666666667,1,22,22,0.566178206471645
3537,81,19,1.67708333333333,0.385416666666667,1,21,21,0.586710405160396
3538,82,19,1.69791666666667,0.385416666666667,1,10,10,0.607260216531998
3539,83,19,1.71875,0.385416666666667,1,31,31,0.627826148731809
3540,84,19,1.73958333333333,0.385416666666667,1,16,16,0.648406872778586
3541,85,19,1.76041666666667,0.385416666666667,1,32,32,0.669001201053823
3542,86,19,1.78125,0.385416666666667,1,29,29,0.689608069093634
3543,87,19,1.80208333333333,0.385416666666667,1,23,23,0.710226520109586
3544,88,19,1.82291666666667,0.385416666666667,1,23,23,0.730855691775386
3545,89,19,1.84375,0.385416666666667,1,14,14,0.751494804903575
3546,90,19,1.86458333333333,0.385416666666667,1,12,12,0.772143153705603
3547,91,19,1.88541666666667,0.385416666666667,1,22,22,0.792800097384005
3548,92,19,1.90625,0.385416666666667,1,10,10,0.81346505284974
3549,93,19,1.92708333333333,0.385416666666667,1,18,18,0.834137488393557
3550,94,19,1.94791666666667,0.385416666666667,1,17,17,0.854816918169249
3551,95,19,1.96875,0.385416666666667,1,20,20,0.875502897370263
3552,96,19,1.98958333333333,0.385416666666667,1,23,23,0.896195018000436
3553,97,19,2.01041666666667,0.385416666666667,1,30,30,0.916892905155482
3554,98,19,2.03125,0.385416666666667,1,22,22,0.937596213744912
3555,99,19,2.05208333333333,0.385416666666667,1,23,23,0.958304625594897
3556,100,19,2.07291666666667,0.385416666666667,1,13,13,0.979017846881546
3557,101,19,2.09375,0.385416666666667,1,22,22,0.999735605851596
3558,102,19,2.11458333333333,0.385416666666667,1,20,20,1.02045765079374
3559,103,19,2.13541666666667,0.385416666666667,1,15,15,1.0411837482291
3560,104,19,2.15625,0.385416666666667,1,21,21,1.06191368129383
3561,105,19,2.17708333333333,0.385416666666667,1,26,26,1.08264724829041
3562,106,19,2.19791666666667,0.385416666666667,1,20,20,1.10338426138767
3563,107,19,2.21875,0.385416666666667,1,28,28,1.12412454545188
3564,108,19,2.23958333333333,0.385416666666667,1,24,24,1.14486793699394
3565,109,19,2.26041666666667,0.385416666666667,1,19,19,1.16561428321937
3566,110,19,2.28125,0.385416666666667,1,23,23,1.18636344116963
3567,111,19,2.30208333333333,0.385416666666667,1,15,15,1.2071152769447
3568,112,19,2.32291666666667,0.385416666666667,1,22,22,1.22786966499812
3569,113,19,2.34375,0.385416666666667,1,7,7,1.24862648749673
3570,114,19,2.36458333333333,0.385416666666667,1,13,13,1.26938563373832
3571,115,19,2.38541666666667,0.385416666666667,1,20,20,1.2901469996211
3572,116,19,2.40625,0.385416666666667,1,19,19,1.3109104871599
3573,117,19,2.42708333333333,0.385416666666667,1,27,27,1.33167600404406
3574,118,19,2.44791666666667,0.385416666666667,1,17,17,1.35244346323321
3575,119,19,2.46875,0.385416666666667,1,27,27,1.37321278258702
3576,120,19,2.48958333333333,0.385416666666667,1,22,22,1.39398388452561
3577,121,19,2.51041666666667,0.385416666666667,1,20,20,1.4147566957179
3578,122,19,2.53125,0.385416666666667,1,24,24,1.43553114679507
3579,123,19,2.55208333333333,0.385416666666667,1,23,23,1.45630717208682
3580,124,19,2.57291666666667,0.385416666666667,1,11,11,1.47708470937853
3581,125,19,2.59375,0.385416666666667,1,24,24,1.49786369968711
3582,126,19,2.61458333333333,0.385416666666667,1,20,20,1.51864408705421
3583,127,19,2.63541666666667,0.385416666666667,1,19,19,1.53942581835498
3584,128,19,2.65625,0.385416666666667,1,23,23,1.56020884312118
3585,129,19,2.67708333333333,0.385416666666667,1,18,18,1.58099311337739
3586,130,19,2.69791666666667,0.385416666666667,1,29,29,1.60177858348912
3587,131,19,2.71875,0.385416666666667,1,11,11,1.6225652100219
3588,132,19,2.73958333333333,0.385416666666667,1,22,22,1.64335295161046
3589,133,19,2.76041666666667,0.385416666666667,1,15,15,1.66414176883706
3590,134,19,2.78125,0.385416666666667,1,23,23,1.68493162411835
3591,135,19,2.80208333333333,0.385416666666667,1,21,21,1.70572248159997
3592,136,19,2.82291666666667,0.385416666666667,1,17,17,1.72651430705836
3593,137,19,2.84375,0.385416666666667,1,22,22,1.74730706780919
3594,138,19,2.86458333333333,0.385416666666667,1,22,22,1.76810073262183
3595,139,19,2.88541666666667,0.385416666666667,1,18,18,1.78889527163954
3596,140,19,2.90625,0.385416666666667,1,22,22,1.80969065630478
3597,141,19,2.92708333333333,0.385416666666667,1,14,14,1.83048685928936
3598,142,19,2.94791666666667,0.385416666666667,1,16,16,1.85128385442907
3599,143,19,2.96875,0.385416666666667,1,7,7,1.8720816166624
3600,144,19,2.98958333333333,0.385416666666667,1,22,22,1.89288012197311
3601,145,19,3.01041666666667,0.385416666666667,1,27,27,1.91367934733633
3602,146,19,3.03125,0.385416666666667,1,15,15,1.934479270668
3603,147,19,3.05208333333333,0.385416666666667,1,10,10,1.95527987077727
3604,148,19,3.07291666666667,0.385416666666667,1,13,13,1.97608112732191
3605,149,19,3.09375,0.385416666666667,1,17,17,1.99688302076625
3606,150,19,3.11458333333333,0.385416666666667,1,11,11,2.01768553234159
3607,151,19,3.13541666666667,0.385416666666667,1,25,25,2.03848864400902
3608,152,19,3.15625,0.385416666666667,1,18,18,2.05929233842428
3609,153,19,3.17708333333333,0.385416666666667,1,36,36,2.08009659890463
3610,154,19,3.19791666666667,0.385416666666667,1,21,21,2.10090140939772
3611,155,19,3.21875,0.385416666666667,1,17,17,2.12170675445203
3612,156,19,3.23958333333333,0.385416666666667,1,20,20,2.14251261918907
3613,157,19,3.26041666666667,0.385416666666667,1,17,17,2.16331898927708
3614,158,19,3.28125,0.385416666666667,1,19,19,2.18412585090616
3615,159,19,3.30208333333333,0.385416666666667,1,29,29,2.20493319076473
3616,160,19,3.32291666666667,0.385416666666667,1,25,25,2.2257409960173
3617,161,19,3.34375,0.385416666666667,1,17,17,2.24654925428336
3618,162,19,3.36458333333333,0.385416666666667,1,29,29,2.2673579536174
3619,163,19,3.38541666666667,0.385416666666667,1,21,21,2.28816708249002
3620,164,19,3.40625,0.385416666666667,1,9,9,2.30897662976995
3621,165,19,3.42708333333333,0.385416666666667,1,17,17,2.32978658470702
3622,166,19,3.44791666666667,0.385416666666667,1,8,8,2.35059693691603
3623,167,19,3.46875,0.385416666666667,1,21,21,2.37140767636134
3624,168,19,3.48958333333333,0.385416666666667,1,23,23,2.39221879334237
3625,169,19,3.51041666666667,0.385416666666667,1,12,12,2.41303027847966
3626,170,19,3.53125,0.385416666666667,1,18,18,2.43384212270176
3627,171,19,3.55208333333333,0.385416666666667,1,21,21,2.45465431723268
3628,172,19,3.57291666666667,0.385416666666667,1,18,18,2.47546685357993
3629,173,19,3.59375,0.385416666666667,1,7,7,2.49627972352321
3630,174,19,3.61458333333333,0.385416666666667,1,11,11,2.5170929191036
3631,175,19,3.63541666666667,0.385416666666667,1,21,21,2.53790643261322
3632,176,19,3.65625,0.385416666666667,1,22,22,2.55872025658545
3633,177,19,3.67708333333333,0.385416666666667,1,24,24,2.57953438378553
3634,178,19,3.69791666666667,0.385416666666667,1,19,19,2.60034880720168
3635,179,19,3.71875,0.385416666666667,1,15,15,2.62116352003656
3636,180,19,3.73958333333333,0.385416666666667,1,11,11,2.64197851569912
3637,181,19,3.76041666666667,0.385416666666667,1,22,22,2.66279378779685
3638,182,19,3.78125,0.385416666666667,1,16,16,2.68360933012838
3639,183,19,3.80208333333333,0.385416666666667,1,25,25,2.70442513667636
3640,184,19,3.82291666666667,0.385416666666667,1,22,22,2.72524120160071
3641,185,19,3.84375,0.385416666666667,1,27,27,2.74605751923214
3642,186,19,3.86458333333333,0.385416666666667,1,14,14,2.76687408406593
3643,187,19,3.88541666666667,0.385416666666667,1,23,23,2.78769089075606
3644,188,19,3.90625,0.385416666666667,1,11,11,2.80850793410948
3645,189,19,3.92708333333333,0.385416666666667,1,17,17,2.82932520908068
3646,190,19,3.94791666666667,0.385416666666667,1,17,17,2.85014271076653
3647,191,19,3.96875,0.385416666666667,1,24,24,2.87096043440127
3648,192,19,3.98958333333333,0.385416666666667,1,20,20,2.89177837535173
3649,1,20,0.0104166666666667,0.40625,1,19,19,0.894014203173733
3650,2,20,0.03125,0.40625,1,20,20,0.87327571889984
3651,3,20,0.0520833333333333,0.40625,1,33,33,0.852541374137861
3652,4,20,0.0729166666666667,0.40625,1,12,12,0.831811445220783
3653,5,20,0.09375,0.40625,1,29,29,0.811086233569578
3654,6,20,0.114583333333333,0.40625,1,28,28,0.790366068598254
3655,7,20,0.135416666666667,0.40625,1,11,11,0.769651311030908
3656,8,20,0.15625,0.40625,1,17,17,0.748942356700383
3657,9,20,0.177083333333333,0.40625,1,22,22,0.728239640911843
3658,10,20,0.197916666666667,0.40625,1,33,33,0.70754364347143
3659,11,20,0.21875,0.40625,1,31,31,0.686854894500886
3660,12,20,0.239583333333333,0.40625,1,23,23,0.666173981184721
3661,13,20,0.260416666666667,0.40625,1,30,30,0.645501555628454
3662,14,20,0.28125,0.40625,1,19,19,0.62483834404645
3663,15,20,0.302083333333333,0.40625,1,24,24,0.604185157548149
3664,16,20,0.322916666666667,0.40625,1,26,26,0.583542904855122
3665,17,20,0.34375,0.40625,1,25,25,0.562912607362388
3666,18,20,0.364583333333333,0.40625,1,12,12,0.542295417061167
3667,19,20,0.385416666666667,0.40625,1,22,22,0.521692637974032
3668,20,20,0.40625,0.40625,1,15,15,0.50110575192723
3669,21,20,0.427083333333333,0.40625,1,22,22,0.480536449712199
3670,22,20,0.447916666666667,0.40625,1,19,19,0.459986668988151
3671,23,20,0.46875,0.40625,1,23,23,0.439458640676002
3672,24,20,0.489583333333333,0.40625,1,11,11,0.418954946128381
3673,25,20,0.510416666666667,0.40625,1,19,19,0.398478588083558
3674,26,20,0.53125,0.40625,1,20,20,0.378033079399324
3675,27,20,0.552083333333333,0.40625,1,18,18,0.35762255492685
3676,28,20,0.572916666666667,0.40625,1,16,16,0.33725191378782
3677,29,20,0.59375,0.40625,1,7,7,0.316927002003948
3678,30,20,0.614583333333333,0.40625,1,27,27,0.296654849263745
3679,31,20,0.635416666666667,0.40625,1,23,23,0.27644397915818
3680,32,20,0.65625,0.40625,1,17,17,0.256304820343481
3681,33,20,0.677083333333333,0.40625,1,19,19,0.236250258157687
3682,34,20,0.697916666666667,0.40625,1,20,20,0.216296384389354
3683,35,20,0.71875,0.40625,1,19,19,0.196463530640786
3684,36,20,0.739583333333333,0.40625,1,18,18,0.176777713658051
3685,37,20,0.760416666666667,0.40625,1,26,26,0.157272688233926
3686,38,20,0.78125,0.40625,1,25,25,0.137992909558247
3687,39,20,0.802083333333333,0.40625,1,22,22,0.118997875433632
3688,40,20,0.822916666666667,0.40625,1,29,29,0.100368583975743
3689,41,20,0.84375,0.40625,1,16,16,0.0822172467139156
3690,42,20,0.864583333333333,0.40625,1,22,22,0.0647019614671032
3691,43,20,0.885416666666667,0.40625,1,17,17,0.0480486500369989
3692,44,20,0.90625,0.40625,1,29,29,0.0325825214724776
3693,45,20,0.927083333333333,0.40625,1,8,8,0.0187682734478269
3694,46,20,0.947916666666667,0.40625,1,22,22,0.00724614730194793
3695,47,20,0.96875,0.40625,0,0,0,-0.00117882311973815
3696,48,20,0.989583333333333,0.40625,0,0,0,-0.00567307147773524
3697,49,20,1.01041666666667,0.40625,0,0,0,-0.00567307147773527
3698,50,20,1.03125,0.40625,0,0,0,-0.00117882311973815
3699,51,20,1.05208333333333,0.40625,1,24,24,0.00724614730194788
3700,52,20,1.07291666666667,0.40625,1,17,17,0.0187682734478268
3701,53,20,1.09375,0.40625,1,8,8,0.0325825214724776
3702,54,20,1.11458333333333,0.40625,1,30,30,0.0480486500369988
3703,55,20,1.13541666666667,0.40625,1,16,16,0.064701961467103
3704,56,20,1.15625,0.40625,1,30,30,0.0822172467139156
3705,57,20,1.17708333333333,0.40625,1,20,20,0.100368583975743
3706,58,20,1.19791666666667,0.40625,1,23,23,0.118997875433631
3707,59,20,1.21875,0.40625,1,13,13,0.137992909558247
3708,60,20,1.23958333333333,0.40625,1,18,18,0.157272688233926
3709,61,20,1.26041666666667,0.40625,1,15,15,0.17677771365805
3710,62,20,1.28125,0.40625,1,21,21,0.196463530640786
3711,63,20,1.30208333333333,0.40625,1,21,21,0.216296384389354
3712,64,20,1.32291666666667,0.40625,1,30,30,0.236250258157687
3713,65,20,1.34375,0.40625,1,26,26,0.256304820343481
3714,66,20,1.36458333333333,0.40625,1,10,10,0.27644397915818
3715,67,20,1.38541666666667,0.40625,1,14,14,0.296654849263745
3716,68,20,1.40625,0.40625,1,31,31,0.316927002003948
3717,69,20,1.42708333333333,0.40625,1,28,28,0.33725191378782
3718,70,20,1.44791666666667,0.40625,1,25,25,0.35762255492685
3719,71,20,1.46875,0.40625,1,32,32,0.378033079399324
3720,72,20,1.48958333333333,0.40625,1,11,11,0.398478588083558
3721,73,20,1.51041666666667,0.40625,1,16,16,0.418954946128381
3722,74,20,1.53125,0.40625,1,18,18,0.439458640676002
3723,75,20,1.55208333333333,0.40625,1,20,20,0.45998666898815
3724,76,20,1.57291666666667,0.40625,1,19,19,0.480536449712199
3725,77,20,1.59375,0.40625,1,23,23,0.50110575192723
3726,78,20,1.61458333333333,0.40625,1,36,36,0.521692637974032
3727,79,20,1.63541666666667,0.40625,1,17,17,0.542295417061166
3728,80,20,1.65625,0.40625,1,19,19,0.562912607362388
3729,81,20,1.67708333333333,0.40625,1,23,23,0.583542904855122
3730,82,20,1.69791666666667,0.40625,1,10,10,0.604185157548149
3731,83,20,1.71875,0.40625,1,16,16,0.62483834404645
3732,84,20,1.73958333333333,0.40625,1,18,18,0.645501555628454
3733,85,20,1.76041666666667,0.40625,1,16,16,0.66617398118472
3734,86,20,1.78125,0.40625,1,20,20,0.686854894500886
3735,87,20,1.80208333333333,0.40625,1,27,27,0.707543643471429
3736,88,20,1.82291666666667,0.40625,1,15,15,0.728239640911842
3737,89,20,1.84375,0.40625,1,21,21,0.748942356700383
3738,90,20,1.86458333333333,0.40625,1,25,25,0.769651311030908
3739,91,20,1.88541666666667,0.40625,1,18,18,0.790366068598254
3740,92,20,1.90625,0.40625,1,20,20,0.811086233569578
3741,93,20,1.92708333333333,0.40625,1,19,19,0.831811445220783
3742,94,20,1.94791666666667,0.40625,1,26,26,0.852541374137861
3743,95,20,1.96875,0.40625,1,22,22,0.87327571889984
3744,96,20,1.98958333333333,0.40625,1,7,7,0.894014203173733
3745,97,20,2.01041666666667,0.40625,1,27,27,0.914756573163129
3746,98,20,2.03125,0.40625,1,11,11,0.935502595361306
3747,99,20,2.05208333333333,0.40625,1,30,30,0.956252054567364
3748,100,20,2.07291666666667,0.40625,1,16,16,0.977004752130236
3749,101,20,2.09375,0.40625,1,21,21,0.997760504390644
3750,102,20,2.11458333333333,0.40625,1,14,14,1.01851914129551
3751,103,20,2.13541666666667,0.40625,1,22,22,1.03928050516299
3752,104,20,2.15625,0.40625,1,18,18,1.06004444957941
3753,105,20,2.17708333333333,0.40625,1,17,17,1.08081083841194
3754,106,20,2.19791666666667,0.40625,1,25,25,1.10157954492317
3755,107,20,2.21875,0.40625,1,19,19,1.1223504509755
3756,108,20,2.23958333333333,0.40625,1,17,17,1.14312344631488
3757,109,20,2.26041666666667,0.40625,1,13,13,1.16389842792493
3758,110,20,2.28125,0.40625,1,18,18,1.1846752994434
3759,111,20,2.30208333333333,0.40625,1,25,25,1.20545397063414
3760,112,20,2.32291666666667,0.40625,1,30,30,1.22623435690848
3761,113,20,2.34375,0.40625,1,28,28,1.24701637889077
3762,114,20,2.36458333333333,0.40625,1,17,17,1.26779996202336
3763,115,20,2.38541666666667,0.40625,1,23,23,1.28858503620692
3764,116,20,2.40625,0.40625,1,7,7,1.30937153547246
3765,117,20,2.42708333333333,0.40625,1,29,29,1.33015939768187
3766,118,20,2.44791666666667,0.40625,1,23,23,1.35094856425413
3767,119,20,2.46875,0.40625,1,18,18,1.37173897991458
3768,120,20,2.48958333333333,0.40625,1,23,23,1.39253059246517
3769,121,20,2.51041666666667,0.40625,1,15,15,1.41332335257355
3770,122,20,2.53125,0.40625,1,4,4,1.4341172135792
3771,123,20,2.55208333333333,0.40625,1,14,14,1.45491213131518
3772,124,20,2.57291666666667,0.40625,1,10,10,1.47570806394388
3773,125,20,2.59375,0.40625,1,17,17,1.4965049718056
3774,126,20,2.61458333333333,0.40625,1,16,16,1.51730281727875
3775,127,20,2.63541666666667,0.40625,1,20,20,1.53810156465071
3776,128,20,2.65625,0.40625,1,17,17,1.55890117999837
3777,129,20,2.67708333333333,0.40625,1,11,11,1.57970163107751
3778,130,20,2.69791666666667,0.40625,1,11,11,1.60050288722026
3779,131,20,2.71875,0.40625,1,12,12,1.62130491924005
3780,132,20,2.73958333333333,0.40625,1,28,28,1.64210769934327
3781,133,20,2.76041666666667,0.40625,1,26,26,1.66291120104723
3782,134,20,2.78125,0.40625,1,26,26,1.68371539910379
3783,135,20,2.80208333333333,0.40625,1,28,28,1.70452026942835
3784,136,20,2.82291666666667,0.40625,1,17,17,1.72532578903359
3785,137,20,2.84375,0.40625,1,22,22,1.74613193596774
3786,138,20,2.86458333333333,0.40625,1,24,24,1.76693868925695
3787,139,20,2.88541666666667,0.40625,1,26,26,1.78774602885146
3788,140,20,2.90625,0.40625,1,18,18,1.80855393557531
3789,141,20,2.92708333333333,0.40625,1,16,16,1.82936239107927
3790,142,20,2.94791666666667,0.40625,1,21,21,1.85017137779678
3791,143,20,2.96875,0.40625,1,18,18,1.87098087890268
3792,144,20,2.98958333333333,0.40625,1,24,24,1.89179087827457
3793,145,20,3.01041666666667,0.40625,1,18,18,1.91260136045644
3794,146,20,3.03125,0.40625,1,21,21,1.93341231062468
3795,147,20,3.05208333333333,0.40625,1,18,18,1.95422371455605
3796,148,20,3.07291666666667,0.40625,1,19,19,1.9750355585976
3797,149,20,3.09375,0.40625,1,25,25,1.9958478296384
3798,150,20,3.11458333333333,0.40625,1,17,17,2.01666051508292
3799,151,20,3.13541666666667,0.40625,1,22,22,2.03747360282596
3800,152,20,3.15625,0.40625,1,15,15,2.058287081229
3801,153,20,3.17708333333333,0.40625,1,31,31,2.079100939098
3802,154,20,3.19791666666667,0.40625,1,21,21,2.09991516566233
3803,155,20,3.21875,0.40625,1,21,21,2.12072975055498
3804,156,20,3.23958333333333,0.40625,1,29,29,2.14154468379384
3805,157,20,3.26041666666667,0.40625,1,23,23,2.16235995576399
3806,158,20,3.28125,0.40625,1,19,19,2.18317555720098
3807,159,20,3.30208333333333,0.40625,1,26,26,2.20399147917502
3808,160,20,3.32291666666667,0.40625,1,20,20,2.22480771307602
3809,161,20,3.34375,0.40625,1,19,19,2.2456242505994
3810,162,20,3.36458333333333,0.40625,1,13,13,2.26644108373265
3811,163,20,3.38541666666667,0.40625,1,20,20,2.28725820474265
3812,164,20,3.40625,0.40625,1,23,23,2.30807560616356
3813,165,20,3.42708333333333,0.40625,1,19,19,2.3288932807854
3814,166,20,3.44791666666667,0.40625,1,26,26,2.34971122164316
3815,167,20,3.46875,0.40625,1,17,17,2.37052942200655
3816,168,20,3.48958333333333,0.40625,1,15,15,2.3913478753701
3817,169,20,3.51041666666667,0.40625,1,25,25,2.41216657544395
3818,170,20,3.53125,0.40625,1,18,18,2.43298551614493
3819,171,20,3.55208333333333,0.40625,1,26,26,2.45380469158818
3820,172,20,3.57291666666667,0.40625,1,26,26,2.4746240960791
3821,173,20,3.59375,0.40625,1,19,19,2.49544372410576
3822,174,20,3.61458333333333,0.40625,1,23,23,2.51626357033164
3823,175,20,3.63541666666667,0.40625,1,20,20,2.53708362958865
3824,176,20,3.65625,0.40625,1,24,24,2.55790389687061
3825,177,20,3.67708333333333,0.40625,1,23,23,2.57872436732694
3826,178,20,3.69791666666667,0.40625,1,23,23,2.59954503625662
3827,179,20,3.71875,0.40625,1,22,22,2.62036589910255
3828,180,20,3.73958333333333,0.40625,1,17,17,2.64118695144599
3829,181,20,3.76041666666667,0.40625,1,15,15,2.66200818900146
3830,182,20,3.78125,0.40625,1,27,27,2.68282960761165
3831,183,20,3.80208333333333,0.40625,1,16,16,2.70365120324274
3832,184,20,3.82291666666667,0.40625,1,14,14,2.72447297197981
3833,185,20,3.84375,0.40625,1,9,9,2.74529491002251
3834,186,20,3.86458333333333,0.40625,1,27,27,2.7661170136809
3835,187,20,3.88541666666667,0.40625,1,19,19,2.78693927937146
3836,188,20,3.90625,0.40625,1,18,18,2.80776170361328
3837,189,20,3.92708333333333,0.40625,1,16,16,2.82858428302444
3838,190,20,3.94791666666667,0.40625,1,22,22,2.84940701431849
3839,191,20,3.96875,0.40625,1,25,25,2.87022989430111
3840,192,20,3.98958333333333,0.40625,1,11,11,2.89105291986692
3841,1,21,0.0104166666666667,0.427083333333333,1,15,15,0.892266100342488
3842,2,21,0.03125,0.427083333333333,1,15,15,0.87149029988867
3843,3,21,0.0520833333333333,0.427083333333333,1,18,18,0.850717017425386
3844,4,21,0.0729166666666667,0.427083333333333,1,35,35,0.829946421694402
3845,5,21,0.09375,0.427083333333333,1,21,21,0.809178696834554
3846,6,21,0.114583333333333,0.427083333333333,1,25,25,0.78841404417585
3847,7,21,0.135416666666667,0.427083333333333,1,17,17,0.76765268428995
3848,8,21,0.15625,0.427083333333333,1,18,18,0.746894859340744
3849,9,21,0.177083333333333,0.427083333333333,1,15,15,0.726140835787431
3850,10,21,0.197916666666667,0.427083333333333,1,21,21,0.705390907503238
3851,11,21,0.21875,0.427083333333333,1,16,16,0.684645399386103
3852,12,21,0.239583333333333,0.427083333333333,1,23,23,0.663904671554129
3853,13,21,0.260416666666667,0.427083333333333,1,23,23,0.64316912423904
3854,14,21,0.28125,0.427083333333333,1,20,20,0.622439203516654
3855,15,21,0.302083333333333,0.427083333333333,1,18,18,0.601715408045804
3856,16,21,0.322916666666667,0.427083333333333,1,25,25,0.580998297028381
3857,17,21,0.34375,0.427083333333333,1,22,22,0.560288499655853
3858,18,21,0.364583333333333,0.427083333333333,1,4,4,0.539586726375365
3859,19,21,0.385416666666667,0.427083333333333,1,20,20,0.518893782396373
3860,20,21,0.40625,0.427083333333333,1,19,19,0.498210583973385
3861,21,21,0.427083333333333,0.427083333333333,1,22,22,0.477538178151213
3862,22,21,0.447916666666667,0.427083333333333,1,15,15,0.456877766859319
3863,23,21,0.46875,0.427083333333333,1,28,28,0.43623073650974
3864,24,21,0.489583333333333,0.427083333333333,1,24,24,0.415598694615191
3865,25,21,0.510416666666667,0.427083333333333,1,22,22,0.394983515438197
3866,26,21,0.53125,0.427083333333333,1,27,27,0.374387397363988
3867,27,21,0.552083333333333,0.427083333333333,1,21,21,0.353812935641499
3868,28,21,0.572916666666667,0.427083333333333,1,14,14,0.333263215480946
3869,29,21,0.59375,0.427083333333333,1,28,28,0.312741932419978
3870,30,21,0.614583333333333,0.427083333333333,1,17,17,0.292253549661724
3871,31,21,0.635416666666667,0.427083333333333,1,15,15,0.271803506199474
3872,32,21,0.65625,0.427083333333333,1,13,13,0.251398495696521
3873,33,21,0.677083333333333,0.427083333333333,1,24,24,0.231046845459806
3874,34,21,0.697916666666667,0.427083333333333,1,24,24,0.210759039378673
3875,35,21,0.71875,0.427083333333333,1,19,19,0.190548451687112
3876,36,21,0.739583333333333,0.427083333333333,1,11,11,0.170432395536399
3877,37,21,0.760416666666667,0.427083333333333,1,17,17,0.150433651670236
3878,38,21,0.78125,0.427083333333333,1,21,21,0.130582746053944
3879,39,21,0.802083333333333,0.427083333333333,1,20,20,0.110921424284548
3880,40,21,0.822916666666667,0.427083333333333,1,16,16,0.0915080865713566
3881,41,21,0.84375,0.427083333333333,1,14,14,0.072426514137988
3882,42,21,0.864583333333333,0.427083333333333,1,27,27,0.0538002402107647
3883,43,21,0.885416666666667,0.427083333333333,1,13,13,0.0358167167750552
3884,44,21,0.90625,0.427083333333333,1,22,22,0.0187682734478269
3885,45,21,0.927083333333333,0.427083333333333,1,26,26,0.00311973892303824
3886,46,21,0.947916666666667,0.427083333333333,0,0,0,-0.0103924451349726
3887,47,21,0.96875,0.427083333333333,0,0,0,-0.0206690301472509
3888,48,21,0.989583333333333,0.427083333333333,0,0,0,-0.0263430436264013
3889,49,21,1.01041666666667,0.427083333333333,0,0,0,-0.0263430436264013
3890,50,21,1.03125,0.427083333333333,0,0,0,-0.0206690301472509
3891,51,21,1.05208333333333,0.427083333333333,0,0,0,-0.0103924451349727
3892,52,21,1.07291666666667,0.427083333333333,1,23,23,0.00311973892303809
3893,53,21,1.09375,0.427083333333333,1,21,21,0.0187682734478269
3894,54,21,1.11458333333333,0.427083333333333,1,36,36,0.0358167167750551
3895,55,21,1.13541666666667,0.427083333333333,1,23,23,0.0538002402107645
3896,56,21,1.15625,0.427083333333333,1,34,34,0.072426514137988
3897,57,21,1.17708333333333,0.427083333333333,1,17,17,0.0915080865713566
3898,58,21,1.19791666666667,0.427083333333333,1,26,26,0.110921424284548
3899,59,21,1.21875,0.427083333333333,1,19,19,0.130582746053944
3900,60,21,1.23958333333333,0.427083333333333,1,17,17,0.150433651670236
3901,61,21,1.26041666666667,0.427083333333333,1,16,16,0.170432395536399
3902,62,21,1.28125,0.427083333333333,1,18,18,0.190548451687112
3903,63,21,1.30208333333333,0.427083333333333,1,17,17,0.210759039378673
3904,64,21,1.32291666666667,0.427083333333333,1,31,31,0.231046845459806
3905,65,21,1.34375,0.427083333333333,1,19,19,0.251398495696521
3906,66,21,1.36458333333333,0.427083333333333,1,26,26,0.271803506199474
3907,67,21,1.38541666666667,0.427083333333333,1,19,19,0.292253549661723
3908,68,21,1.40625,0.427083333333333,1,27,27,0.312741932419978
3909,69,21,1.42708333333333,0.427083333333333,1,11,11,0.333263215480946
3910,70,21,1.44791666666667,0.427083333333333,1,22,22,0.353812935641499
3911,71,21,1.46875,0.427083333333333,1,27,27,0.374387397363988
3912,72,21,1.48958333333333,0.427083333333333,1,25,25,0.394983515438197
3913,73,21,1.51041666666667,0.427083333333333,1,26,26,0.415598694615191
3914,74,21,1.53125,0.427083333333333,1,18,18,0.43623073650974
3915,75,21,1.55208333333333,0.427083333333333,1,23,23,0.456877766859319
3916,76,21,1.57291666666667,0.427083333333333,1,22,22,0.477538178151213
3917,77,21,1.59375,0.427083333333333,1,24,24,0.498210583973385
3918,78,21,1.61458333333333,0.427083333333333,1,16,16,0.518893782396373
3919,79,21,1.63541666666667,0.427083333333333,1,20,20,0.539586726375365
3920,80,21,1.65625,0.427083333333333,1,30,30,0.560288499655853
3921,81,21,1.67708333333333,0.427083333333333,1,21,21,0.580998297028381
3922,82,21,1.69791666666667,0.427083333333333,1,16,16,0.601715408045804
3923,83,21,1.71875,0.427083333333333,1,20,20,0.622439203516654
3924,84,21,1.73958333333333,0.427083333333333,1,25,25,0.64316912423904
3925,85,21,1.76041666666667,0.427083333333333,1,24,24,0.663904671554129
3926,86,21,1.78125,0.427083333333333,1,24,24,0.684645399386103
3927,87,21,1.80208333333333,0.427083333333333,1,28,28,0.705390907503238
3928,88,21,1.82291666666667,0.427083333333333,1,22,22,0.726140835787431
3929,89,21,1.84375,0.427083333333333,1,27,27,0.746894859340744
3930,90,21,1.86458333333333,0.427083333333333,1,33,33,0.76765268428995
3931,91,21,1.88541666666667,0.427083333333333,1,22,22,0.78841404417585
3932,92,21,1.90625,0.427083333333333,1,20,20,0.809178696834554
3933,93,21,1.92708333333333,0.427083333333333,1,9,9,0.829946421694402
3934,94,21,1.94791666666667,0.427083333333333,1,20,20,0.850717017425386
3935,95,21,1.96875,0.427083333333333,1,17,17,0.87149029988867
3936,96,21,1.98958333333333,0.427083333333333,1,17,17,0.892266100342488
3937,97,21,2.01041666666667,0.427083333333333,1,21,21,0.913044263867851
3938,98,21,2.03125,0.427083333333333,1,12,12,0.933824647983292
3939,99,21,2.05208333333333,0.427083333333333,1,24,24,0.954607121422739
3940,100,21,2.07291666666667,0.427083333333333,1,18,18,0.975391563054541
3941,101,21,2.09375,0.427083333333333,1,22,22,0.996177860923025
3942,102,21,2.11458333333333,0.427083333333333,1,28,28,1.01696591139668
3943,103,21,2.13541666666667,0.427083333333333,1,23,23,1.03775561840943
3944,104,21,2.15625,0.427083333333333,1,25,25,1.05854689278327
3945,105,21,2.17708333333333,0.427083333333333,1,10,10,1.07933965162242
3946,106,21,2.19791666666667,0.427083333333333,1,23,23,1.10013381777015
3947,107,21,2.21875,0.427083333333333,1,24,24,1.12092931932106
3948,108,21,2.23958333333333,0.427083333333333,1,14,14,1.14172608918213
3949,109,21,2.26041666666667,0.427083333333333,1,16,16,1.16252406467714
3950,110,21,2.28125,0.427083333333333,1,13,13,1.18332318718933
3951,111,21,2.30208333333333,0.427083333333333,1,12,12,1.20412340183827
3952,112,21,2.32291666666667,0.427083333333333,1,23,23,1.22492465718705
3953,113,21,2.34375,0.427083333333333,1,26,26,1.24572690497655
3954,114,21,2.36458333333333,0.427083333333333,1,15,15,1.26653009988397
3955,115,21,2.38541666666667,0.427083333333333,1,18,18,1.28733419930295
3956,116,21,2.40625,0.427083333333333,1,25,25,1.30813916314325
3957,117,21,2.42708333333333,0.427083333333333,1,27,27,1.32894495364781
3958,118,21,2.44791666666667,0.427083333333333,1,17,17,1.34975153522557
3959,119,21,2.46875,0.427083333333333,1,24,24,1.3705588742984
3960,120,21,2.48958333333333,0.427083333333333,1,27,27,1.39136693916092
3961,121,21,2.51041666666667,0.427083333333333,1,7,7,1.41217569985178
3962,122,21,2.53125,0.427083333333333,1,24,24,1.43298512803542
3963,123,21,2.55208333333333,0.427083333333333,1,18,18,1.45379519689336
3964,124,21,2.57291666666667,0.427083333333333,1,10,10,1.47460588102406
3965,125,21,2.59375,0.427083333333333,1,12,12,1.49541715635058
3966,126,21,2.61458333333333,0.427083333333333,1,21,21,1.51622900003544
3967,127,21,2.63541666666667,0.427083333333333,1,30,30,1.53704139040187
3968,128,21,2.65625,0.427083333333333,1,13,13,1.55785430686106
3969,129,21,2.67708333333333,0.427083333333333,1,18,18,1.57866772984478
3970,130,21,2.69791666666667,0.427083333333333,1,22,22,1.59948164074291
3971,131,21,2.71875,0.427083333333333,1,36,36,1.62029602184559
3972,132,21,2.73958333333333,0.427083333333333,1,18,18,1.64111085628942
3973,133,21,2.76041666666667,0.427083333333333,1,19,19,1.66192612800752
3974,134,21,2.78125,0.427083333333333,1,31,31,1.68274182168304
3975,135,21,2.80208333333333,0.427083333333333,1,25,25,1.70355792270599
3976,136,21,2.82291666666667,0.427083333333333,1,17,17,1.72437441713287
3977,137,21,2.84375,0.427083333333333,1,19,19,1.74519129164913
3978,138,21,2.86458333333333,0.427083333333333,1,24,24,1.76600853353414
3979,139,21,2.88541666666667,0.427083333333333,1,26,26,1.78682613062842
3980,140,21,2.90625,0.427083333333333,1,22,22,1.80764407130308
3981,141,21,2.92708333333333,0.427083333333333,1,7,7,1.82846234443115
3982,142,21,2.94791666666667,0.427083333333333,1,23,23,1.84928093936086
3983,143,21,2.96875,0.427083333333333,1,13,13,1.8700998458905
3984,144,21,2.98958333333333,0.427083333333333,1,24,24,1.89091905424494
3985,145,21,3.01041666666667,0.427083333333333,1,21,21,1.91173855505354
3986,146,21,3.03125,0.427083333333333,1,13,13,1.93255833932947
3987,147,21,3.05208333333333,0.427083333333333,1,32,32,1.95337839845028
3988,148,21,3.07291666666667,0.427083333333333,1,25,25,1.97419872413957
3989,149,21,3.09375,0.427083333333333,1,20,20,1.99501930844987
3990,150,21,3.11458333333333,0.427083333333333,1,19,19,2.01584014374642
3991,151,21,3.13541666666667,0.427083333333333,1,34,34,2.03666122269197
3992,152,21,3.15625,0.427083333333333,1,23,23,2.05748253823241
3993,153,21,3.17708333333333,0.427083333333333,1,8,8,2.07830408358327
3994,154,21,3.19791666666667,0.427083333333333,1,32,32,2.09912585221694
3995,155,21,3.21875,0.427083333333333,1,21,21,2.11994783785065
3996,156,21,3.23958333333333,0.427083333333333,1,27,27,2.14077003443509
3997,157,21,3.26041666666667,0.427083333333333,1,15,15,2.16159243614366
3998,158,21,3.28125,0.427083333333333,1,19,19,2.18241503736235
3999,159,21,3.30208333333333,0.427083333333333,1,36,36,2.20323783268009
4000,160,21,3.32291666666667,0.427083333333333,1,26,26,2.2240608168797
4001,161,21,3.34375,0.427083333333333,1,14,14,2.24488398492927
4002,162,21,3.36458333333333,0.427083333333333,1,12,12,2.265707331974
4003,163,21,3.38541666666667,0.427083333333333,1,21,21,2.28653085332851
4004,164,21,3.40625,0.427083333333333,1,21,21,2.30735454446946
4005,165,21,3.42708333333333,0.427083333333333,1,10,10,2.32817840102868
4006,166,21,3.44791666666667,0.427083333333333,1,18,18,2.34900241878652
4007,167,21,3.46875,0.427083333333333,1,14,14,2.36982659366559
4008,168,21,3.48958333333333,0.427083333333333,1,24,24,2.39065092172486
4009,169,21,3.51041666666667,0.427083333333333,1,14,14,2.41147539915396
4010,170,21,3.53125,0.427083333333333,1,21,21,2.43230002226785
4011,171,21,3.55208333333333,0.427083333333333,1,14,14,2.45312478750169
4012,172,21,3.57291666666667,0.427083333333333,1,27,27,2.47394969140597
4013,173,21,3.59375,0.427083333333333,1,15,15,2.49477473064191
4014,174,21,3.61458333333333,0.427083333333333,1,17,17,2.51559990197702
4015,175,21,3.63541666666667,0.427083333333333,1,13,13,2.53642520228096
4016,176,21,3.65625,0.427083333333333,1,21,21,2.55725062852148
4017,177,21,3.67708333333333,0.427083333333333,1,9,9,2.57807617776061
4018,178,21,3.69791666666667,0.427083333333333,1,4,4,2.59890184715109
4019,179,21,3.71875,0.427083333333333,1,25,25,2.61972763393281
4020,180,21,3.73958333333333,0.427083333333333,1,14,14,2.64055353542958
4021,181,21,3.76041666666667,0.427083333333333,1,18,18,2.66137954904589
4022,182,21,3.78125,0.427083333333333,1,14,14,2.68220567226396
4023,183,21,3.80208333333333,0.427083333333333,1,23,23,2.70303190264082
4024,184,21,3.82291666666667,0.427083333333333,1,20,20,2.72385823780554
4025,185,21,3.84375,0.427083333333333,1,35,35,2.74468467545663
4026,186,21,3.86458333333333,0.427083333333333,1,29,29,2.76551121335947
4027,187,21,3.88541666666667,0.427083333333333,1,26,26,2.78633784934397
4028,188,21,3.90625,0.427083333333333,1,19,19,2.80716458130216
4029,189,21,3.92708333333333,0.427083333333333,1,20,20,2.82799140718609
4030,190,21,3.94791666666667,0.427083333333333,1,20,20,2.84881832500561
4031,191,21,3.96875,0.427083333333333,1,17,17,2.86964533282643
4032,192,21,3.98958333333333,0.427083333333333,1,27,27,2.89047242876811
4033,1,22,0.0104166666666667,0.447916666666667,1,19,19,0.890952999502107
4034,2,22,0.03125,0.447916666666667,1,21,21,0.870149079322921
4035,3,22,0.0520833333333333,0.447916666666667,1,21,21,0.849346449172037
4036,4,22,0.0729166666666667,0.447916666666667,1,28,28,0.828545195752773
4037,5,22,0.09375,0.447916666666667,1,23,23,0.807745413709764
4038,6,22,0.114583333333333,0.447916666666667,1,19,19,0.786947206558667
4039,7,22,0.135416666666667,0.447916666666667,1,21,21,0.766150687749475
4040,8,22,0.15625,0.447916666666667,1,26,26,0.745355981886395
4041,9,22,0.177083333333333,0.447916666666667,1,11,11,0.724563226131804
4042,10,22,0.197916666666667,0.447916666666667,1,19,19,0.703772571827518
4043,11,22,0.21875,0.447916666666667,1,16,16,0.682984186373589
4044,12,22,0.239583333333333,0.447916666666667,1,15,15,0.662198255413613
4045,13,22,0.260416666666667,0.447916666666667,1,19,19,0.641414985386427
4046,14,22,0.28125,0.447916666666667,1,22,22,0.620634606517832
4047,15,22,0.302083333333333,0.447916666666667,1,25,25,0.599857376343368
4048,16,22,0.322916666666667,0.447916666666667,1,24,24,0.579083583875276
4049,17,22,0.34375,0.447916666666667,1,22,22,0.558313554555207
4050,18,22,0.364583333333333,0.447916666666667,1,23,23,0.537547656170807
4051,19,22,0.385416666666667,0.447916666666667,1,23,23,0.516786305961978
4052,20,22,0.40625,0.447916666666667,1,15,15,0.496029979204999
4053,21,22,0.427083333333333,0.447916666666667,1,30,30,0.47527921964517
4054,22,22,0.447916666666667,0.447916666666667,1,21,21,0.45453465225859
4055,23,22,0.46875,0.447916666666667,1,23,23,0.433796998971623
4056,24,22,0.489583333333333,0.447916666666667,1,18,18,0.413067098167698
4057,25,22,0.510416666666667,0.447916666666667,1,13,13,0.392345929087353
4058,26,22,0.53125,0.447916666666667,1,17,17,0.371634642611324
4059,27,22,0.552083333333333,0.447916666666667,1,14,14,0.350934600456528
4060,28,22,0.572916666666667,0.447916666666667,1,25,25,0.330247425584654
4061,29,22,0.59375,0.447916666666667,1,4,4,0.309575067736198
4062,30,22,0.614583333333333,0.447916666666667,1,27,27,0.288919889637385
4063,31,22,0.635416666666667,0.447916666666667,1,22,22,0.268284781867994
4064,32,22,0.65625,0.447916666666667,1,16,16,0.247673318089138
4065,33,22,0.677083333333333,0.447916666666667,1,13,13,0.227089968085575
4066,34,22,0.697916666666667,0.447916666666667,1,9,9,0.206540395199212
4067,35,22,0.71875,0.447916666666667,1,28,28,0.186031879536375
4068,36,22,0.739583333333333,0.447916666666667,1,17,17,0.165573932999624
4069,37,22,0.760416666666667,0.447916666666667,1,25,25,0.145179214498746
4070,38,22,0.78125,0.447916666666667,1,17,17,0.124864928592947
4071,39,22,0.802083333333333,0.447916666666667,1,17,17,0.104655028170714
4072,40,22,0.822916666666667,0.447916666666667,1,24,24,0.0845838036111391
4073,41,22,0.84375,0.447916666666667,1,35,35,0.0647019614671031
4074,42,22,0.864583333333333,0.447916666666667,1,20,20,0.0450873778873347
4075,43,22,0.885416666666667,0.447916666666667,1,17,17,0.0258650622249435
4076,44,22,0.90625,0.447916666666667,1,19,19,0.00724614730194793
4077,45,22,0.927083333333333,0.447916666666667,0,0,0,-0.0103924451349726
4078,46,22,0.947916666666667,0.447916666666667,0,0,0,-0.0263430436264012
4079,47,22,0.96875,0.447916666666667,0,0,0,-0.0392609177620281
4080,48,22,0.989583333333333,0.447916666666667,0,0,0,-0.0468852134000751
4081,49,22,1.01041666666667,0.447916666666667,0,0,0,-0.0468852134000752
4082,50,22,1.03125,0.447916666666667,0,0,0,-0.0392609177620281
4083,51,22,1.05208333333333,0.447916666666667,0,0,0,-0.0263430436264013
4084,52,22,1.07291666666667,0.447916666666667,0,0,0,-0.0103924451349727
4085,53,22,1.09375,0.447916666666667,1,15,15,0.00724614730194793
4086,54,22,1.11458333333333,0.447916666666667,1,17,17,0.0258650622249434
4087,55,22,1.13541666666667,0.447916666666667,1,25,25,0.0450873778873344
4088,56,22,1.15625,0.447916666666667,1,22,22,0.0647019614671031
4089,57,22,1.17708333333333,0.447916666666667,1,14,14,0.084583803611139
4090,58,22,1.19791666666667,0.447916666666667,1,13,13,0.104655028170713
4091,59,22,1.21875,0.447916666666667,1,25,25,0.124864928592947
4092,60,22,1.23958333333333,0.447916666666667,1,22,22,0.145179214498746
4093,61,22,1.26041666666667,0.447916666666667,1,26,26,0.165573932999624
4094,62,22,1.28125,0.447916666666667,1,22,22,0.186031879536375
4095,63,22,1.30208333333333,0.447916666666667,1,10,10,0.206540395199212
4096,64,22,1.32291666666667,0.447916666666667,1,25,25,0.227089968085574
4097,65,22,1.34375,0.447916666666667,1,19,19,0.247673318089138
4098,66,22,1.36458333333333,0.447916666666667,1,4,4,0.268284781867993
4099,67,22,1.38541666666667,0.447916666666667,1,24,24,0.288919889637385
4100,68,22,1.40625,0.447916666666667,1,20,20,0.309575067736198
4101,69,22,1.42708333333333,0.447916666666667,1,22,22,0.330247425584654
4102,70,22,1.44791666666667,0.447916666666667,1,15,15,0.350934600456528
4103,71,22,1.46875,0.447916666666667,1,12,12,0.371634642611324
4104,72,22,1.48958333333333,0.447916666666667,1,25,25,0.392345929087353
4105,73,22,1.51041666666667,0.447916666666667,1,21,21,0.413067098167698
4106,74,22,1.53125,0.447916666666667,1,15,15,0.433796998971623
4107,75,22,1.55208333333333,0.447916666666667,1,19,19,0.45453465225859
4108,76,22,1.57291666666667,0.447916666666667,1,24,24,0.47527921964517
4109,77,22,1.59375,0.447916666666667,1,16,16,0.496029979204999
4110,78,22,1.61458333333333,0.447916666666667,1,25,25,0.516786305961977
4111,79,22,1.63541666666667,0.447916666666667,1,15,15,0.537547656170806
4112,80,22,1.65625,0.447916666666667,1,27,27,0.558313554555207
4113,81,22,1.67708333333333,0.447916666666667,1,23,23,0.579083583875276
4114,82,22,1.69791666666667,0.447916666666667,1,22,22,0.599857376343368
4115,83,22,1.71875,0.447916666666667,1,20,20,0.620634606517832
4116,84,22,1.73958333333333,0.447916666666667,1,28,28,0.641414985386427
4117,85,22,1.76041666666667,0.447916666666667,1,32,32,0.662198255413613
4118,86,22,1.78125,0.447916666666667,1,22,22,0.682984186373589
4119,87,22,1.80208333333333,0.447916666666667,1,11,11,0.703772571827518
4120,88,22,1.82291666666667,0.447916666666667,1,18,18,0.724563226131804
4121,89,22,1.84375,0.447916666666667,1,20,20,0.745355981886395
4122,90,22,1.86458333333333,0.447916666666667,1,26,26,0.766150687749475
4123,91,22,1.88541666666667,0.447916666666667,1,22,22,0.786947206558667
4124,92,22,1.90625,0.447916666666667,1,20,20,0.807745413709764
4125,93,22,1.92708333333333,0.447916666666667,1,15,15,0.828545195752773
4126,94,22,1.94791666666667,0.447916666666667,1,23,23,0.849346449172037
4127,95,22,1.96875,0.447916666666667,1,30,30,0.870149079322921
4128,96,22,1.98958333333333,0.447916666666667,1,16,16,0.890952999502107
4129,97,22,2.01041666666667,0.447916666666667,1,16,16,0.91175813013234
4130,98,22,2.03125,0.447916666666667,1,27,27,0.932564398045522
4131,99,22,2.05208333333333,0.447916666666667,1,9,9,0.953371735850592
4132,100,22,2.07291666666667,0.447916666666667,1,27,27,0.97418008137473
4133,101,22,2.09375,0.447916666666667,1,14,14,0.994989377168158
4134,102,22,2.11458333333333,0.447916666666667,1,20,20,1.01579957006425
4135,103,22,2.13541666666667,0.447916666666667,1,10,10,1.03661061078786
4136,104,22,2.15625,0.447916666666667,1,15,15,1.0574224536059
4137,105,22,2.17708333333333,0.447916666666667,1,19,19,1.07823505601481
4138,106,22,2.19791666666667,0.447916666666667,1,21,21,1.09904837846056
4139,107,22,2.21875,0.447916666666667,1,20,20,1.11986238408728
4140,108,22,2.23958333333333,0.447916666666667,1,29,29,1.14067703851119
4141,109,22,2.26041666666667,0.447916666666667,1,17,17,1.16149230961676
4142,110,22,2.28125,0.447916666666667,1,19,19,1.18230816737285
4143,111,22,2.30208333333333,0.447916666666667,1,24,24,1.20312458366633
4144,112,22,2.32291666666667,0.447916666666667,1,12,12,1.22394153215146
4145,113,22,2.34375,0.447916666666667,1,14,14,1.24475898811315
4146,114,22,2.36458333333333,0.447916666666667,1,10,10,1.26557692834282
4147,115,22,2.38541666666667,0.447916666666667,1,19,19,1.28639533102535
4148,116,22,2.40625,0.447916666666667,1,20,20,1.30721417563607
4149,117,22,2.42708333333333,0.447916666666667,1,16,16,1.3280334428468
4150,118,22,2.44791666666667,0.447916666666667,1,26,26,1.34885311443991
4151,119,22,2.46875,0.447916666666667,1,15,15,1.36967317322972
4152,120,22,2.48958333333333,0.447916666666667,1,25,25,1.39049360299048
4153,121,22,2.51041666666667,0.447916666666667,1,7,7,1.4113143883903
4154,122,22,2.53125,0.447916666666667,1,13,13,1.43213551493042
4155,123,22,2.55208333333333,0.447916666666667,1,26,26,1.45295696888942
4156,124,22,2.57291666666667,0.447916666666667,1,14,14,1.47377873727182
4157,125,22,2.59375,0.447916666666667,1,17,17,1.49460080776071
4158,126,22,2.61458333333333,0.447916666666667,1,34,34,1.51542316867404
4159,127,22,2.63541666666667,0.447916666666667,1,19,19,1.53624580892426
4160,128,22,2.65625,0.447916666666667,1,23,23,1.55706871798097
4161,129,22,2.67708333333333,0.447916666666667,1,25,25,1.57789188583638
4162,130,22,2.69791666666667,0.447916666666667,1,21,21,1.59871530297327
4163,131,22,2.71875,0.447916666666667,1,30,30,1.61953896033533
4164,132,22,2.73958333333333,0.447916666666667,1,31,31,1.6403628492996
4165,133,22,2.76041666666667,0.447916666666667,1,27,27,1.66118696165083
4166,134,22,2.78125,0.447916666666667,1,14,14,1.6820112895577
4167,135,22,2.80208333333333,0.447916666666667,1,18,18,1.70283582555065
4168,136,22,2.82291666666667,0.447916666666667,1,33,33,1.72366056250121
4169,137,22,2.84375,0.447916666666667,1,13,13,1.74448549360279
4170,138,22,2.86458333333333,0.447916666666667,1,21,21,1.76531061235269
4171,139,22,2.88541666666667,0.447916666666667,1,29,29,1.78613591253535
4172,140,22,2.90625,0.447916666666667,1,24,24,1.80696138820667
4173,141,22,2.92708333333333,0.447916666666667,1,23,23,1.82778703367935
4174,142,22,2.94791666666667,0.447916666666667,1,12,12,1.84861284350917
4175,143,22,2.96875,0.447916666666667,1,18,18,1.86943881248215
4176,144,22,2.98958333333333,0.447916666666667,1,32,32,1.89026493560252
4177,145,22,3.01041666666667,0.447916666666667,1,18,18,1.91109120808138
4178,146,22,3.03125,0.447916666666667,1,25,25,1.93191762532616
4179,147,22,3.05208333333333,0.447916666666667,1,27,27,1.95274418293063
4180,148,22,3.07291666666667,0.447916666666667,1,23,23,1.97357087666555
4181,149,22,3.09375,0.447916666666667,1,32,32,1.99439770246988
4182,150,22,3.11458333333333,0.447916666666667,1,10,10,2.01522465644248
4183,151,22,3.13541666666667,0.447916666666667,1,25,25,2.03605173483436
4184,152,22,3.15625,0.447916666666667,1,16,16,2.05687893404129
4185,153,22,3.17708333333333,0.447916666666667,1,8,8,2.07770625059692
4186,154,22,3.19791666666667,0.447916666666667,1,27,27,2.0985336811662
4187,155,22,3.21875,0.447916666666667,1,12,12,2.11936122253929
4188,156,22,3.23958333333333,0.447916666666667,1,24,24,2.14018887162568
4189,157,22,3.26041666666667,0.447916666666667,1,26,26,2.16101662544873
4190,158,22,3.28125,0.447916666666667,1,22,22,2.18184448114045
4191,159,22,3.30208333333333,0.447916666666667,1,11,11,2.20267243593661
4192,160,22,3.32291666666667,0.447916666666667,1,29,29,2.22350048717208
4193,161,22,3.34375,0.447916666666667,1,15,15,2.24432863227644
4194,162,22,3.36458333333333,0.447916666666667,1,14,14,2.26515686876978
4195,163,22,3.38541666666667,0.447916666666667,1,19,19,2.2859851942588
4196,164,22,3.40625,0.447916666666667,1,27,27,2.30681360643302
4197,165,22,3.42708333333333,0.447916666666667,1,15,15,2.32764210306123
4198,166,22,3.44791666666667,0.447916666666667,1,20,20,2.34847068198816
4199,167,22,3.46875,0.447916666666667,1,27,27,2.36929934113123
4200,168,22,3.48958333333333,0.447916666666667,1,17,17,2.39012807847753
4201,169,22,3.51041666666667,0.447916666666667,1,26,26,2.41095689208096
4202,170,22,3.53125,0.447916666666667,1,23,23,2.43178578005942
4203,171,22,3.55208333333333,0.447916666666667,1,22,22,2.45261474059226
4204,172,22,3.57291666666667,0.447916666666667,1,26,26,2.47344377191774
4205,173,22,3.59375,0.447916666666667,1,25,25,2.49427287233073
4206,174,22,3.61458333333333,0.447916666666667,1,19,19,2.51510204018037
4207,175,22,3.63541666666667,0.447916666666667,1,27,27,2.53593127386803
4208,176,22,3.65625,0.447916666666667,1,21,21,2.55676057184518
4209,177,22,3.67708333333333,0.447916666666667,1,27,27,2.57758993261146
4210,178,22,3.69791666666667,0.447916666666667,1,29,29,2.59841935471285
4211,179,22,3.71875,0.447916666666667,1,17,17,2.61924883673987
4212,180,22,3.73958333333333,0.447916666666667,1,16,16,2.64007837732589
4213,181,22,3.76041666666667,0.447916666666667,1,24,24,2.66090797514554
4214,182,22,3.78125,0.447916666666667,1,16,16,2.68173762891311
4215,183,22,3.80208333333333,0.447916666666667,1,18,18,2.70256733738113
4216,184,22,3.82291666666667,0.447916666666667,1,18,18,2.72339709933894
4217,185,22,3.84375,0.447916666666667,1,9,9,2.74422691361134
4218,186,22,3.86458333333333,0.447916666666667,1,20,20,2.7650567790573
4219,187,22,3.88541666666667,0.447916666666667,1,20,20,2.78588669456874
4220,188,22,3.90625,0.447916666666667,1,17,17,2.80671665906932
4221,189,22,3.92708333333333,0.447916666666667,1,8,8,2.82754667151335
4222,190,22,3.94791666666667,0.447916666666667,1,10,10,2.84837673088468
4223,191,22,3.96875,0.447916666666667,1,24,24,2.86920683619567
4224,192,22,3.98958333333333,0.447916666666667,1,9,9,2.89003698648621
4225,1,23,0.0104166666666667,0.46875,1,11,11,0.890076631433704
4226,2,23,0.03125,0.46875,1,18,18,0.869253901204426
4227,3,23,0.0520833333333333,0.46875,1,21,21,0.84843163667417
4228,4,23,0.0729166666666667,0.46875,1,16,16,0.827609869203883
4229,5,23,0.09375,0.46875,1,27,27,0.806788633034182
4230,6,23,0.114583333333333,0.46875,1,18,18,0.785967965623538
4231,7,23,0.135416666666667,0.46875,1,20,20,0.765147908035255
4232,8,23,0.15625,0.46875,1,22,22,0.744328505381644
4233,9,23,0.177083333333333,0.46875,1,10,10,0.723509807335516
4234,10,23,0.197916666666667,0.46875,1,20,20,0.702691868721187
4235,11,23,0.21875,0.46875,1,17,17,0.6818747501998
4236,12,23,0.239583333333333,0.46875,1,21,21,0.661058519066993
4237,13,23,0.260416666666667,0.46875,1,18,18,0.640243250184995
4238,14,23,0.28125,0.46875,1,19,19,0.619429027076334
4239,15,23,0.302083333333333,0.46875,1,24,24,0.598615943212801
4240,16,23,0.322916666666667,0.46875,1,25,25,0.57780410354156
4241,17,23,0.34375,0.46875,1,15,15,0.556993626300895
4242,18,23,0.364583333333333,0.46875,1,27,27,0.53618464519177
4243,19,23,0.385416666666667,0.46875,1,22,22,0.515377311989247
4244,20,23,0.40625,0.46875,1,23,23,0.494571799701264
4245,21,23,0.427083333333333,0.46875,1,19,19,0.473768306413351
4246,22,23,0.447916666666667,0.46875,1,22,22,0.452967059999458
4247,23,23,0.46875,0.46875,1,25,25,0.4321683239352
4248,24,23,0.489583333333333,0.46875,1,27,27,0.411372404526399
4249,25,23,0.510416666666667,0.46875,1,14,14,0.390579659971526
4250,26,23,0.53125,0.46875,1,17,17,0.369790511824153
4251,27,23,0.552083333333333,0.46875,1,19,19,0.349005459630256
4252,28,23,0.572916666666667,0.46875,1,20,20,0.328225099814468
4253,29,23,0.59375,0.46875,1,23,23,0.307450150325166
4254,30,23,0.614583333333333,0.46875,1,26,26,0.286681483193137
4255,31,23,0.635416666666667,0.46875,1,25,25,0.265920168130215
4256,32,23,0.65625,0.46875,1,16,16,0.245167531787102
4257,33,23,0.677083333333333,0.46875,1,20,20,0.22442523963328
4258,34,23,0.697916666666667,0.46875,1,22,22,0.203695411189859
4259,35,23,0.71875,0.46875,1,22,22,0.182980785566794
4260,36,23,0.739583333333333,0.46875,1,17,17,0.162284964833629
4261,37,23,0.760416666666667,0.46875,1,11,11,0.141612781348817
4262,38,23,0.78125,0.46875,1,19,19,0.120970869120796
4263,39,23,0.802083333333333,0.46875,1,14,14,0.100368583975743
4264,40,23,0.822916666666667,0.46875,1,22,22,0.0798195468920007
4265,41,23,0.84375,0.46875,1,23,23,0.0593443597997745
4266,42,23,0.864583333333333,0.46875,1,20,20,0.0389756673346494
4267,43,23,0.885416666666667,0.46875,1,27,27,0.0187682734478269
4268,44,23,0.90625,0.46875,0,0,0,-0.00117882311973815
4269,45,23,0.927083333333333,0.46875,0,0,0,-0.0206690301472509
4270,46,23,0.947916666666667,0.46875,0,0,0,-0.0392609177620281
4271,47,23,0.96875,0.46875,0,0,0,-0.0558058261758408
4272,48,23,0.989583333333333,0.46875,0,0,0,-0.0670596077065794
4273,49,23,1.01041666666667,0.46875,0,0,0,-0.0670596077065794
4274,50,23,1.03125,0.46875,0,0,0,-0.0558058261758408
4275,51,23,1.05208333333333,0.46875,0,0,0,-0.0392609177620282
4276,52,23,1.07291666666667,0.46875,0,0,0,-0.0206690301472511
4277,53,23,1.09375,0.46875,0,0,0,-0.00117882311973815
4278,54,23,1.11458333333333,0.46875,1,20,20,0.0187682734478268
4279,55,23,1.13541666666667,0.46875,1,21,21,0.0389756673346492
4280,56,23,1.15625,0.46875,1,14,14,0.0593443597997745
4281,57,23,1.17708333333333,0.46875,1,24,24,0.0798195468920006
4282,58,23,1.19791666666667,0.46875,1,20,20,0.100368583975743
4283,59,23,1.21875,0.46875,1,25,25,0.120970869120796
4284,60,23,1.23958333333333,0.46875,1,16,16,0.141612781348817
4285,61,23,1.26041666666667,0.46875,1,26,26,0.162284964833628
4286,62,23,1.28125,0.46875,1,14,14,0.182980785566794
4287,63,23,1.30208333333333,0.46875,1,29,29,0.203695411189859
4288,64,23,1.32291666666667,0.46875,1,20,20,0.22442523963328
4289,65,23,1.34375,0.46875,1,12,12,0.245167531787102
4290,66,23,1.36458333333333,0.46875,1,21,21,0.265920168130214
4291,67,23,1.38541666666667,0.46875,1,27,27,0.286681483193137
4292,68,23,1.40625,0.46875,1,26,26,0.307450150325166
4293,69,23,1.42708333333333,0.46875,1,10,10,0.328225099814468
4294,70,23,1.44791666666667,0.46875,1,17,17,0.349005459630256
4295,71,23,1.46875,0.46875,1,25,25,0.369790511824153
4296,72,23,1.48958333333333,0.46875,1,21,21,0.390579659971526
4297,73,23,1.51041666666667,0.46875,1,13,13,0.411372404526399
4298,74,23,1.53125,0.46875,1,20,20,0.4321683239352
4299,75,23,1.55208333333333,0.46875,1,19,19,0.452967059999458
4300,76,23,1.57291666666667,0.46875,1,17,17,0.47376830641335
4301,77,23,1.59375,0.46875,1,32,32,0.494571799701264
4302,78,23,1.61458333333333,0.46875,1,20,20,0.515377311989247
4303,79,23,1.63541666666667,0.46875,1,29,29,0.536184645191769
4304,80,23,1.65625,0.46875,1,16,16,0.556993626300895
4305,81,23,1.67708333333333,0.46875,1,19,19,0.57780410354156
4306,82,23,1.69791666666667,0.46875,1,26,26,0.598615943212801
4307,83,23,1.71875,0.46875,1,25,25,0.619429027076334
4308,84,23,1.73958333333333,0.46875,1,5,5,0.640243250184995
4309,85,23,1.76041666666667,0.46875,1,17,17,0.661058519066993
4310,86,23,1.78125,0.46875,1,23,23,0.6818747501998
4311,87,23,1.80208333333333,0.46875,1,23,23,0.702691868721187
4312,88,23,1.82291666666667,0.46875,1,8,8,0.723509807335515
4313,89,23,1.84375,0.46875,1,25,25,0.744328505381644
4314,90,23,1.86458333333333,0.46875,1,24,24,0.765147908035255
4315,91,23,1.88541666666667,0.46875,1,17,17,0.785967965623538
4316,92,23,1.90625,0.46875,1,15,15,0.806788633034182
4317,93,23,1.92708333333333,0.46875,1,19,19,0.827609869203883
4318,94,23,1.94791666666667,0.46875,1,18,18,0.84843163667417
4319,95,23,1.96875,0.46875,1,18,18,0.869253901204426
4320,96,23,1.98958333333333,0.46875,1,20,20,0.890076631433704
4321,97,23,2.01041666666667,0.46875,1,21,21,0.9108997985843
4322,98,23,2.03125,0.46875,1,27,27,0.931723376201199
4323,99,23,2.05208333333333,0.46875,1,23,23,0.952547339922427
4324,100,23,2.07291666666667,0.46875,1,16,16,0.973371667276117
4325,101,23,2.09375,0.46875,1,16,16,0.994196337500725
4326,102,23,2.11458333333333,0.46875,1,27,27,1.01502133138539
4327,103,23,2.13541666666667,0.46875,1,28,28,1.03584663112783
4328,104,23,2.15625,0.46875,1,7,7,1.05667222020761
4329,105,23,2.17708333333333,0.46875,1,16,16,1.0774980832728
4330,106,23,2.19791666666667,0.46875,1,20,20,1.09832420603849
4331,107,23,2.21875,0.46875,1,16,16,1.1191505751957
4332,108,23,2.23958333333333,0.46875,1,20,20,1.13997717832941
4333,109,23,2.26041666666667,0.46875,1,26,26,1.16080400384481
4334,110,23,2.28125,0.46875,1,31,31,1.18163104090062
4335,111,23,2.30208333333333,0.46875,1,20,20,1.20245827934888
4336,112,23,2.32291666666667,0.46875,1,24,24,1.22328570968043
4337,113,23,2.34375,0.46875,1,22,22,1.24411332297541
4338,114,23,2.36458333333333,0.46875,1,23,23,1.26494111085831
4339,115,23,2.38541666666667,0.46875,1,20,20,1.28576906545708
4340,116,23,2.40625,0.46875,1,12,12,1.30659717936586
4341,117,23,2.42708333333333,0.46875,1,32,32,1.32742544561101
4342,118,23,2.44791666666667,0.46875,1,19,19,1.34825385761997
4343,119,23,2.46875,0.46875,1,26,26,1.36908240919289
4344,120,23,2.48958333333333,0.46875,1,33,33,1.38991109447659
4345,121,23,2.51041666666667,0.46875,1,21,21,1.41073990794062
4346,122,23,2.53125,0.46875,1,23,23,1.43156884435536
4347,123,23,2.55208333333333,0.46875,1,12,12,1.4523978987718
4348,124,23,2.57291666666667,0.46875,1,16,16,1.47322706650305
4349,125,23,2.59375,0.46875,1,20,20,1.49405634310711
4350,126,23,2.61458333333333,0.46875,1,14,14,1.51488572437116
4351,127,23,2.63541666666667,0.46875,1,20,20,1.53571520629696
4352,128,23,2.65625,0.46875,1,28,28,1.55654478508732
4353,129,23,2.67708333333333,0.46875,1,27,27,1.57737445713366
4354,130,23,2.69791666666667,0.46875,1,21,21,1.59820421900443
4355,131,23,2.71875,0.46875,1,28,28,1.61903406743438
4356,132,23,2.73958333333333,0.46875,1,19,19,1.63986399931463
4357,133,23,2.76041666666667,0.46875,1,14,14,1.6606940116834
4358,134,23,2.78125,0.46875,1,26,26,1.6815241017174
4359,135,23,2.80208333333333,0.46875,1,17,17,1.70235426672388
4360,136,23,2.82291666666667,0.46875,1,22,22,1.72318450413311
4361,137,23,2.84375,0.46875,1,16,16,1.74401481149149
4362,138,23,2.86458333333333,0.46875,1,10,10,1.76484518645502
4363,139,23,2.88541666666667,0.46875,1,23,23,1.78567562678326
4364,140,23,2.90625,0.46875,1,15,15,1.80650613033371
4365,141,23,2.92708333333333,0.46875,1,16,16,1.82733669505645
4366,142,23,2.94791666666667,0.46875,1,25,25,1.84816731898925
4367,143,23,2.96875,0.46875,1,21,21,1.86899800025292
4368,144,23,2.98958333333333,0.46875,1,13,13,1.88982873704693
4369,145,23,3.01041666666667,0.46875,1,19,19,1.91065952764537
4370,146,23,3.03125,0.46875,1,20,20,1.93149037039313
4371,147,23,3.05208333333333,0.46875,1,25,25,1.95232126370226
4372,148,23,3.07291666666667,0.46875,1,25,25,1.97315220604866
4373,149,23,3.09375,0.46875,1,26,26,1.99398319596887
4374,150,23,3.11458333333333,0.46875,1,30,30,2.01481423205706
4375,151,23,3.13541666666667,0.46875,1,26,26,2.03564531296229
4376,152,23,3.15625,0.46875,1,16,16,2.05647643738576
4377,153,23,3.17708333333333,0.46875,1,30,30,2.07730760407844
4378,154,23,3.19791666666667,0.46875,1,31,31,2.09813881183858
4379,155,23,3.21875,0.46875,1,24,24,2.11897005950959
4380,156,23,3.23958333333333,0.46875,1,36,36,2.13980134597791
4381,157,23,3.26041666666667,0.46875,1,23,23,2.160632670171
4382,158,23,3.28125,0.46875,1,24,24,2.1814640310555
4383,159,23,3.30208333333333,0.46875,1,21,21,2.20229542763545
4384,160,23,3.32291666666667,0.46875,1,28,28,2.22312685895062
4385,161,23,3.34375,0.46875,1,19,19,2.2439583240749
4386,162,23,3.36458333333333,0.46875,1,27,27,2.26478982211481
4387,163,23,3.38541666666667,0.46875,1,10,10,2.28562135220808
4388,164,23,3.40625,0.46875,1,16,16,2.30645291352231
4389,165,23,3.42708333333333,0.46875,1,15,15,2.32728450525365
4390,166,23,3.44791666666667,0.46875,1,24,24,2.34811612662562
4391,167,23,3.46875,0.46875,1,26,26,2.36894777688796
4392,168,23,3.48958333333333,0.46875,1,18,18,2.38977945531549
4393,169,23,3.51041666666667,0.46875,1,13,13,2.41061116120712
4394,170,23,3.53125,0.46875,1,16,16,2.43144289388483
4395,171,23,3.55208333333333,0.46875,1,25,25,2.45227465269273
4396,172,23,3.57291666666667,0.46875,1,28,28,2.47310643699617
4397,173,23,3.59375,0.46875,1,17,17,2.49393824618089
4398,174,23,3.61458333333333,0.46875,1,22,22,2.51477007965221
4399,175,23,3.63541666666667,0.46875,1,18,18,2.53560193683425
4400,176,23,3.65625,0.46875,1,19,19,2.55643381716918
4401,177,23,3.67708333333333,0.46875,1,15,15,2.57726572011653
4402,178,23,3.69791666666667,0.46875,1,23,23,2.59809764515256
4403,179,23,3.71875,0.46875,1,15,15,2.61892959176953
4404,180,23,3.73958333333333,0.46875,1,26,26,2.63976155947516
4405,181,23,3.76041666666667,0.46875,1,19,19,2.66059354779205
4406,182,23,3.78125,0.46875,1,24,24,2.68142555625708
4407,183,23,3.80208333333333,0.46875,1,22,22,2.7022575844209
4408,184,23,3.82291666666667,0.46875,1,16,16,2.72308963184743
4409,185,23,3.84375,0.46875,1,5,5,2.74392169811336
4410,186,23,3.86458333333333,0.46875,1,4,4,2.76475378280771
4411,187,23,3.88541666666667,0.46875,1,11,11,2.78558588553136
4412,188,23,3.90625,0.46875,1,23,23,2.80641800589661
4413,189,23,3.92708333333333,0.46875,1,17,17,2.82725014352682
4414,190,23,3.94791666666667,0.46875,1,17,17,2.84808229805599
4415,191,23,3.96875,0.46875,1,20,20,2.86891446912841
4416,192,23,3.98958333333333,0.46875,1,19,19,2.88974665639824
4417,1,24,0.0104166666666667,0.489583333333333,1,22,22,0.889638156376135
4418,2,24,0.03125,0.489583333333333,1,15,15,0.868806001965535
4419,3,24,0.0520833333333333,0.489583333333333,1,20,20,0.847973899371121
4420,4,24,0.0729166666666667,0.489583333333333,1,19,19,0.827141852085693
4421,5,24,0.09375,0.489583333333333,1,10,10,0.806309863923175
4422,6,24,0.114583333333333,0.489583333333333,1,22,22,0.785477939056392
4423,7,24,0.135416666666667,0.489583333333333,1,24,24,0.764646082060297
4424,8,24,0.15625,0.489583333333333,1,29,29,0.74381429796161
4425,9,24,0.177083333333333,0.489583333333333,1,28,28,0.722982592295987
4426,10,24,0.197916666666667,0.489583333333333,1,28,28,0.702150971174102
4427,11,24,0.21875,0.489583333333333,1,23,23,0.681319441358299
4428,12,24,0.239583333333333,0.489583333333333,1,16,16,0.660488010351833
4429,13,24,0.260416666666667,0.489583333333333,1,25,25,0.639656686503197
4430,14,24,0.28125,0.489583333333333,1,30,30,0.618825479128588
4431,15,24,0.302083333333333,0.489583333333333,1,23,23,0.59799439865629
4432,16,24,0.322916666666667,0.489583333333333,1,28,28,0.577163456797709
4433,17,24,0.34375,0.489583333333333,1,16,16,0.556332666750973
4434,18,24,0.364583333333333,0.489583333333333,1,29,29,0.535502043444569
4435,19,24,0.385416666666667,0.489583333333333,1,23,23,0.514671603830497
4436,20,24,0.40625,0.489583333333333,1,23,23,0.493841367239134
4437,21,24,0.427083333333333,0.489583333333333,1,20,20,0.473011355811461
4438,22,24,0.447916666666667,0.489583333333333,1,21,21,0.452181595029107
4439,23,24,0.46875,0.489583333333333,1,18,18,0.431352114369035
4440,24,24,0.489583333333333,0.489583333333333,1,23,23,0.410522948118452
4441,25,24,0.510416666666667,0.489583333333333,1,16,16,0.389694136397632
4442,26,24,0.53125,0.489583333333333,1,22,22,0.368865726455287
4443,27,24,0.552083333333333,0.489583333333333,1,18,18,0.348037774325137
4444,28,24,0.572916666666667,0.489583333333333,1,25,25,0.327210346966872
4445,29,24,0.59375,0.489583333333333,1,26,26,0.306383525065232
4446,30,24,0.614583333333333,0.489583333333333,1,14,14,0.28555740673587
4447,31,24,0.635416666666667,0.489583333333333,1,24,24,0.264732112500242
4448,32,24,0.65625,0.489583333333333,1,19,19,0.243907792067066
4449,33,24,0.677083333333333,0.489583333333333,1,21,21,0.223084633734809
4450,34,24,0.697916666666667,0.489583333333333,1,12,12,0.202262877678061
4451,35,24,0.71875,0.489583333333333,1,20,20,0.181442835127215
4452,36,24,0.739583333333333,0.489583333333333,1,15,15,0.160624916733267
4453,37,24,0.760416666666667,0.489583333333333,1,21,21,0.139809675692111
4454,38,24,0.78125,0.489583333333333,1,20,20,0.118997875433632
4455,39,24,0.802083333333333,0.489583333333333,1,27,27,0.0981905999004214
4456,40,24,0.822916666666667,0.489583333333333,1,19,19,0.0773894413117334
4457,41,24,0.84375,0.489583333333333,1,15,15,0.0565968372747178
4458,42,24,0.864583333333333,0.489583333333333,1,19,19,0.0358167167750552
4459,43,24,0.885416666666667,0.489583333333333,1,27,27,0.015055843929034
4460,44,24,0.90625,0.489583333333333,0,0,0,-0.00567307147773526
4461,45,24,0.927083333333333,0.489583333333333,0,0,0,-0.0263430436264012
4462,46,24,0.947916666666667,0.489583333333333,0,0,0,-0.0468852134000751
4463,47,24,0.96875,0.489583333333333,0,0,0,-0.0670596077065794
4464,48,24,0.989583333333333,0.489583333333333,0,0,0,-0.0852686087252802
4465,49,24,1.01041666666667,0.489583333333333,0,0,0,-0.0852686087252804
4466,50,24,1.03125,0.489583333333333,0,0,0,-0.0670596077065794
4467,51,24,1.05208333333333,0.489583333333333,0,0,0,-0.0468852134000752
4468,52,24,1.07291666666667,0.489583333333333,0,0,0,-0.0263430436264014
4469,53,24,1.09375,0.489583333333333,0,0,0,-0.00567307147773526
4470,54,24,1.11458333333333,0.489583333333333,1,14,14,0.0150558439290339
4471,55,24,1.13541666666667,0.489583333333333,1,20,20,0.035816716775055
4472,56,24,1.15625,0.489583333333333,1,21,21,0.0565968372747178
4473,57,24,1.17708333333333,0.489583333333333,1,16,16,0.0773894413117333
4474,58,24,1.19791666666667,0.489583333333333,1,10,10,0.0981905999004212
4475,59,24,1.21875,0.489583333333333,1,14,14,0.118997875433632
4476,60,24,1.23958333333333,0.489583333333333,1,27,27,0.139809675692111
4477,61,24,1.26041666666667,0.489583333333333,1,12,12,0.160624916733267
4478,62,24,1.28125,0.489583333333333,1,21,21,0.181442835127215
4479,63,24,1.30208333333333,0.489583333333333,1,19,19,0.202262877678061
4480,64,24,1.32291666666667,0.489583333333333,1,21,21,0.223084633734809
4481,65,24,1.34375,0.489583333333333,1,26,26,0.243907792067066
4482,66,24,1.36458333333333,0.489583333333333,1,27,27,0.264732112500242
4483,67,24,1.38541666666667,0.489583333333333,1,23,23,0.28555740673587
4484,68,24,1.40625,0.489583333333333,1,16,16,0.306383525065232
4485,69,24,1.42708333333333,0.489583333333333,1,23,23,0.327210346966872
4486,70,24,1.44791666666667,0.489583333333333,1,21,21,0.348037774325137
4487,71,24,1.46875,0.489583333333333,1,10,10,0.368865726455287
4488,72,24,1.48958333333333,0.489583333333333,1,27,27,0.389694136397632
4489,73,24,1.51041666666667,0.489583333333333,1,21,21,0.410522948118452
4490,74,24,1.53125,0.489583333333333,1,27,27,0.431352114369035
4491,75,24,1.55208333333333,0.489583333333333,1,22,22,0.452181595029107
4492,76,24,1.57291666666667,0.489583333333333,1,25,25,0.473011355811461
4493,77,24,1.59375,0.489583333333333,1,26,26,0.493841367239134
4494,78,24,1.61458333333333,0.489583333333333,1,21,21,0.514671603830497
4495,79,24,1.63541666666667,0.489583333333333,1,5,5,0.535502043444568
4496,80,24,1.65625,0.489583333333333,1,25,25,0.556332666750973
4497,81,24,1.67708333333333,0.489583333333333,1,12,12,0.577163456797709
4498,82,24,1.69791666666667,0.489583333333333,1,21,21,0.59799439865629
4499,83,24,1.71875,0.489583333333333,1,25,25,0.618825479128588
4500,84,24,1.73958333333333,0.489583333333333,1,17,17,0.639656686503197
4501,85,24,1.76041666666667,0.489583333333333,1,18,18,0.660488010351832
4502,86,24,1.78125,0.489583333333333,1,22,22,0.681319441358299
4503,87,24,1.80208333333333,0.489583333333333,1,24,24,0.702150971174102
4504,88,24,1.82291666666667,0.489583333333333,1,32,32,0.722982592295987
4505,89,24,1.84375,0.489583333333333,1,25,25,0.74381429796161
4506,90,24,1.86458333333333,0.489583333333333,1,21,21,0.764646082060297
4507,91,24,1.88541666666667,0.489583333333333,1,16,16,0.785477939056392
4508,92,24,1.90625,0.489583333333333,1,16,16,0.806309863923175
4509,93,24,1.92708333333333,0.489583333333333,1,19,19,0.827141852085693
4510,94,24,1.94791666666667,0.489583333333333,1,24,24,0.847973899371121
4511,95,24,1.96875,0.489583333333333,1,27,27,0.868806001965535
4512,96,24,1.98958333333333,0.489583333333333,1,22,22,0.889638156376135
4513,97,24,2.01041666666667,0.489583333333333,1,22,22,0.910470359398148
4514,98,24,2.03125,0.489583333333333,1,17,17,0.931302608085738
4515,99,24,2.05208333333333,0.489583333333333,1,24,24,0.952134899726372
4516,100,24,2.07291666666667,0.489583333333333,1,14,14,0.972967231818174
4517,101,24,2.09375,0.489583333333333,1,28,28,0.993799602049866
4518,102,24,2.11458333333333,0.489583333333333,1,20,20,1.01463200828295
4519,103,24,2.13541666666667,0.489583333333333,1,19,19,1.03546444853588
4520,104,24,2.15625,0.489583333333333,1,22,22,1.05629692096989
4521,105,24,2.17708333333333,0.489583333333333,1,23,23,1.07712942387639
4522,106,24,2.19791666666667,0.489583333333333,1,19,19,1.09796195566563
4523,107,24,2.21875,0.489583333333333,1,14,14,1.11879451485656
4524,108,24,2.23958333333333,0.489583333333333,1,14,14,1.13962710006769
4525,109,24,2.26041666666667,0.489583333333333,1,11,11,1.16045971000883
4526,110,24,2.28125,0.489583333333333,1,19,19,1.18129234347375
4527,111,24,2.30208333333333,0.489583333333333,1,13,13,1.20212499933335
4528,112,24,2.32291666666667,0.489583333333333,1,20,20,1.22295767652971
4529,113,24,2.34375,0.489583333333333,1,27,27,1.24379037407047
4530,114,24,2.36458333333333,0.489583333333333,1,17,17,1.26462309102387
4531,115,24,2.38541666666667,0.489583333333333,1,20,20,1.28545582651423
4532,116,24,2.40625,0.489583333333333,1,23,23,1.30628857971771
4533,117,24,2.42708333333333,0.489583333333333,1,17,17,1.3271213498586
4534,118,24,2.44791666666667,0.489583333333333,1,31,31,1.34795413620582
4535,119,24,2.46875,0.489583333333333,1,22,22,1.3687869380698
4536,120,24,2.48958333333333,0.489583333333333,1,27,27,1.38961975479949
4537,121,24,2.51041666666667,0.489583333333333,1,21,21,1.4104525857798
4538,122,24,2.53125,0.489583333333333,1,12,12,1.4312854304291
4539,123,24,2.55208333333333,0.489583333333333,1,14,14,1.45211828819699
4540,124,24,2.57291666666667,0.489583333333333,1,25,25,1.47295115856222
4541,125,24,2.59375,0.489583333333333,1,21,21,1.49378404103079
4542,126,24,2.61458333333333,0.489583333333333,1,17,17,1.51461693513422
4543,127,24,2.63541666666667,0.489583333333333,1,22,22,1.53544984042787
4544,128,24,2.65625,0.489583333333333,1,29,29,1.5562827564895
4545,129,24,2.67708333333333,0.489583333333333,1,29,29,1.57711568291781
4546,130,24,2.69791666666667,0.489583333333333,1,29,29,1.59794861933125
4547,131,24,2.71875,0.489583333333333,1,21,21,1.61878156536671
4548,132,24,2.73958333333333,0.489583333333333,1,23,23,1.63961452067852
4549,133,24,2.76041666666667,0.489583333333333,1,16,16,1.66044748493734
4550,134,24,2.78125,0.489583333333333,1,15,15,1.68128045782927
4551,135,24,2.80208333333333,0.489583333333333,1,30,30,1.70211343905488
4552,136,24,2.82291666666667,0.489583333333333,1,19,19,1.72294642832848
4553,137,24,2.84375,0.489583333333333,1,6,6,1.74377942537725
4554,138,24,2.86458333333333,0.489583333333333,1,18,18,1.76461242994057
4555,139,24,2.88541666666667,0.489583333333333,1,21,21,1.78544544176937
4556,140,24,2.90625,0.489583333333333,1,14,14,1.80627846062543
4557,141,24,2.92708333333333,0.489583333333333,1,19,19,1.82711148628084
4558,142,24,2.94791666666667,0.489583333333333,1,21,21,1.84794451851746
4559,143,24,2.96875,0.489583333333333,1,14,14,1.86877755712636
4560,144,24,2.98958333333333,0.489583333333333,1,23,23,1.88961060190737
4561,145,24,3.01041666666667,0.489583333333333,1,13,13,1.91044365266862
4562,146,24,3.03125,0.489583333333333,1,22,22,1.93127670922611
4563,147,24,3.05208333333333,0.489583333333333,1,24,24,1.9521097714033
4564,148,24,3.07291666666667,0.489583333333333,1,23,23,1.97294283903076
4565,149,24,3.09375,0.489583333333333,1,23,23,1.99377591194579
4566,150,24,3.11458333333333,0.489583333333333,1,11,11,2.01460898999213
4567,151,24,3.13541666666667,0.489583333333333,1,10,10,2.03544207301959
4568,152,24,3.15625,0.489583333333333,1,11,11,2.0562751608838
4569,153,24,3.17708333333333,0.489583333333333,1,14,14,2.07710825344589
4570,154,24,3.19791666666667,0.489583333333333,1,26,26,2.09794135057229
4571,155,24,3.21875,0.489583333333333,1,30,30,2.11877445213443
4572,156,24,3.23958333333333,0.489583333333333,1,24,24,2.13960755800852
4573,157,24,3.26041666666667,0.489583333333333,1,23,23,2.16044066807534
4574,158,24,3.28125,0.489583333333333,1,19,19,2.18127378222002
4575,159,24,3.30208333333333,0.489583333333333,1,25,25,2.20210690033186
4576,160,24,3.32291666666667,0.489583333333333,1,23,23,2.22294002230411
4577,161,24,3.34375,0.489583333333333,1,20,20,2.24377314803384
4578,162,24,3.36458333333333,0.489583333333333,1,34,34,2.26460627742172
4579,163,24,3.38541666666667,0.489583333333333,1,23,23,2.28543941037192
4580,164,24,3.40625,0.489583333333333,1,19,19,2.30627254679191
4581,165,24,3.42708333333333,0.489583333333333,1,21,21,2.32710568659234
4582,166,24,3.44791666666667,0.489583333333333,1,18,18,2.3479388296869
4583,167,24,3.46875,0.489583333333333,1,17,17,2.3687719759922
4584,168,24,3.48958333333333,0.489583333333333,1,30,30,2.38960512542764
4585,169,24,3.51041666666667,0.489583333333333,1,21,21,2.41043827791528
4586,170,24,3.53125,0.489583333333333,1,16,16,2.43127143337976
4587,171,24,3.55208333333333,0.489583333333333,1,24,24,2.45210459174819
4588,172,24,3.57291666666667,0.489583333333333,1,20,20,2.47293775295003
4589,173,24,3.59375,0.489583333333333,1,15,15,2.493770916917
4590,174,24,3.61458333333333,0.489583333333333,1,17,17,2.514604083583
4591,175,24,3.63541666666667,0.489583333333333,1,15,15,2.53543725288402
4592,176,24,3.65625,0.489583333333333,1,16,16,2.55627042475807
4593,177,24,3.67708333333333,0.489583333333333,1,15,15,2.57710359914508
4594,178,24,3.69791666666667,0.489583333333333,1,12,12,2.59793677598683
4595,179,24,3.71875,0.489583333333333,1,29,29,2.61876995522689
4596,180,24,3.73958333333333,0.489583333333333,1,30,30,2.63960313681055
4597,181,24,3.76041666666667,0.489583333333333,1,24,24,2.66043632068475
4598,182,24,3.78125,0.489583333333333,1,22,22,2.68126950679801
4599,183,24,3.80208333333333,0.489583333333333,1,27,27,2.70210269510039
4600,184,24,3.82291666666667,0.489583333333333,1,19,19,2.72293588554343
4601,185,24,3.84375,0.489583333333333,1,18,18,2.74376907808008
4602,186,24,3.86458333333333,0.489583333333333,1,18,18,2.76460227266466
4603,187,24,3.88541666666667,0.489583333333333,1,30,30,2.78543546925282
4604,188,24,3.90625,0.489583333333333,1,22,22,2.80626866780146
4605,189,24,3.92708333333333,0.489583333333333,1,26,26,2.82710186826872
4606,190,24,3.94791666666667,0.489583333333333,1,24,24,2.84793507061393
4607,191,24,3.96875,0.489583333333333,1,16,16,2.86876827479755
4608,192,24,3.98958333333333,0.489583333333333,1,17,17,2.88960148078116
4609,1,25,0.0104166666666667,0.510416666666667,1,21,21,0.889638156376135
4610,2,25,0.03125,0.510416666666667,1,20,20,0.868806001965535
4611,3,25,0.0520833333333333,0.510416666666667,1,22,22,0.847973899371121
4612,4,25,0.0729166666666667,0.510416666666667,1,12,12,0.827141852085693
4613,5,25,0.09375,0.510416666666667,1,19,19,0.806309863923175
4614,6,25,0.114583333333333,0.510416666666667,1,19,19,0.785477939056392
4615,7,25,0.135416666666667,0.510416666666667,1,21,21,0.764646082060297
4616,8,25,0.15625,0.510416666666667,1,18,18,0.74381429796161
4617,9,25,0.177083333333333,0.510416666666667,1,10,10,0.722982592295987
4618,10,25,0.197916666666667,0.510416666666667,1,15,15,0.702150971174102
4619,11,25,0.21875,0.510416666666667,1,18,18,0.681319441358299
4620,12,25,0.239583333333333,0.510416666666667,1,4,4,0.660488010351833
4621,13,25,0.260416666666667,0.510416666666667,1,25,25,0.639656686503197
4622,14,25,0.28125,0.510416666666667,1,7,7,0.618825479128588
4623,15,25,0.302083333333333,0.510416666666667,1,4,4,0.59799439865629
4624,16,25,0.322916666666667,0.510416666666667,1,25,25,0.577163456797709
4625,17,25,0.34375,0.510416666666667,1,12,12,0.556332666750973
4626,18,25,0.364583333333333,0.510416666666667,1,21,21,0.535502043444569
4627,19,25,0.385416666666667,0.510416666666667,1,21,21,0.514671603830497
4628,20,25,0.40625,0.510416666666667,1,13,13,0.493841367239134
4629,21,25,0.427083333333333,0.510416666666667,1,25,25,0.473011355811461
4630,22,25,0.447916666666667,0.510416666666667,1,29,29,0.452181595029107
4631,23,25,0.46875,0.510416666666667,1,11,11,0.431352114369035
4632,24,25,0.489583333333333,0.510416666666667,1,18,18,0.410522948118452
4633,25,25,0.510416666666667,0.510416666666667,1,28,28,0.389694136397632
4634,26,25,0.53125,0.510416666666667,1,18,18,0.368865726455287
4635,27,25,0.552083333333333,0.510416666666667,1,22,22,0.348037774325137
4636,28,25,0.572916666666667,0.510416666666667,1,14,14,0.327210346966872
4637,29,25,0.59375,0.510416666666667,1,18,18,0.306383525065232
4638,30,25,0.614583333333333,0.510416666666667,1,15,15,0.28555740673587
4639,31,25,0.635416666666667,0.510416666666667,1,15,15,0.264732112500242
4640,32,25,0.65625,0.510416666666667,1,21,21,0.243907792067066
4641,33,25,0.677083333333333,0.510416666666667,1,18,18,0.223084633734809
4642,34,25,0.697916666666667,0.510416666666667,1,33,33,0.202262877678061
4643,35,25,0.71875,0.510416666666667,1,25,25,0.181442835127215
4644,36,25,0.739583333333333,0.510416666666667,1,22,22,0.160624916733267
4645,37,25,0.760416666666667,0.510416666666667,1,12,12,0.139809675692111
4646,38,25,0.78125,0.510416666666667,1,20,20,0.118997875433632
4647,39,25,0.802083333333333,0.510416666666667,1,11,11,0.0981905999004214
4648,40,25,0.822916666666667,0.510416666666667,1,34,34,0.0773894413117334
4649,41,25,0.84375,0.510416666666667,1,20,20,0.0565968372747178
4650,42,25,0.864583333333333,0.510416666666667,1,34,34,0.0358167167750552
4651,43,25,0.885416666666667,0.510416666666667,1,18,18,0.015055843929034
4652,44,25,0.90625,0.510416666666667,0,0,0,-0.00567307147773526
4653,45,25,0.927083333333333,0.510416666666667,0,0,0,-0.0263430436264012
4654,46,25,0.947916666666667,0.510416666666667,0,0,0,-0.0468852134000751
4655,47,25,0.96875,0.510416666666667,0,0,0,-0.0670596077065794
4656,48,25,0.989583333333333,0.510416666666667,0,0,0,-0.0852686087252802
4657,49,25,1.01041666666667,0.510416666666667,0,0,0,-0.0852686087252804
4658,50,25,1.03125,0.510416666666667,0,0,0,-0.0670596077065794
4659,51,25,1.05208333333333,0.510416666666667,0,0,0,-0.0468852134000752
4660,52,25,1.07291666666667,0.510416666666667,0,0,0,-0.0263430436264015
4661,53,25,1.09375,0.510416666666667,0,0,0,-0.00567307147773526
4662,54,25,1.11458333333333,0.510416666666667,1,22,22,0.0150558439290339
4663,55,25,1.13541666666667,0.510416666666667,1,20,20,0.035816716775055
4664,56,25,1.15625,0.510416666666667,1,20,20,0.0565968372747178
4665,57,25,1.17708333333333,0.510416666666667,1,20,20,0.0773894413117333
4666,58,25,1.19791666666667,0.510416666666667,1,19,19,0.0981905999004212
4667,59,25,1.21875,0.510416666666667,1,21,21,0.118997875433632
4668,60,25,1.23958333333333,0.510416666666667,1,11,11,0.139809675692111
4669,61,25,1.26041666666667,0.510416666666667,1,28,28,0.160624916733267
4670,62,25,1.28125,0.510416666666667,1,26,26,0.181442835127215
4671,63,25,1.30208333333333,0.510416666666667,1,16,16,0.202262877678061
4672,64,25,1.32291666666667,0.510416666666667,1,17,17,0.223084633734809
4673,65,25,1.34375,0.510416666666667,1,14,14,0.243907792067066
4674,66,25,1.36458333333333,0.510416666666667,1,21,21,0.264732112500242
4675,67,25,1.38541666666667,0.510416666666667,1,15,15,0.28555740673587
4676,68,25,1.40625,0.510416666666667,1,17,17,0.306383525065232
4677,69,25,1.42708333333333,0.510416666666667,1,24,24,0.327210346966872
4678,70,25,1.44791666666667,0.510416666666667,1,16,16,0.348037774325137
4679,71,25,1.46875,0.510416666666667,1,20,20,0.368865726455287
4680,72,25,1.48958333333333,0.510416666666667,1,17,17,0.389694136397632
4681,73,25,1.51041666666667,0.510416666666667,1,26,26,0.410522948118452
4682,74,25,1.53125,0.510416666666667,1,16,16,0.431352114369035
4683,75,25,1.55208333333333,0.510416666666667,1,20,20,0.452181595029107
4684,76,25,1.57291666666667,0.510416666666667,1,35,35,0.473011355811461
4685,77,25,1.59375,0.510416666666667,1,20,20,0.493841367239134
4686,78,25,1.61458333333333,0.510416666666667,1,14,14,0.514671603830497
4687,79,25,1.63541666666667,0.510416666666667,1,4,4,0.535502043444568
4688,80,25,1.65625,0.510416666666667,1,19,19,0.556332666750973
4689,81,25,1.67708333333333,0.510416666666667,1,24,24,0.577163456797709
4690,82,25,1.69791666666667,0.510416666666667,1,24,24,0.59799439865629
4691,83,25,1.71875,0.510416666666667,1,25,25,0.618825479128588
4692,84,25,1.73958333333333,0.510416666666667,1,27,27,0.639656686503197
4693,85,25,1.76041666666667,0.510416666666667,1,34,34,0.660488010351832
4694,86,25,1.78125,0.510416666666667,1,26,26,0.681319441358299
4695,87,25,1.80208333333333,0.510416666666667,1,28,28,0.702150971174102
4696,88,25,1.82291666666667,0.510416666666667,1,19,19,0.722982592295987
4697,89,25,1.84375,0.510416666666667,1,15,15,0.74381429796161
4698,90,25,1.86458333333333,0.510416666666667,1,20,20,0.764646082060297
4699,91,25,1.88541666666667,0.510416666666667,1,17,17,0.785477939056392
4700,92,25,1.90625,0.510416666666667,1,20,20,0.806309863923175
4701,93,25,1.92708333333333,0.510416666666667,1,20,20,0.827141852085693
4702,94,25,1.94791666666667,0.510416666666667,1,24,24,0.847973899371121
4703,95,25,1.96875,0.510416666666667,1,12,12,0.868806001965535
4704,96,25,1.98958333333333,0.510416666666667,1,12,12,0.889638156376135
4705,97,25,2.01041666666667,0.510416666666667,1,14,14,0.910470359398148
4706,98,25,2.03125,0.510416666666667,1,23,23,0.931302608085738
4707,99,25,2.05208333333333,0.510416666666667,1,22,22,0.952134899726372
4708,100,25,2.07291666666667,0.510416666666667,1,20,20,0.972967231818174
4709,101,25,2.09375,0.510416666666667,1,19,19,0.993799602049866
4710,102,25,2.11458333333333,0.510416666666667,1,23,23,1.01463200828295
4711,103,25,2.13541666666667,0.510416666666667,1,21,21,1.03546444853588
4712,104,25,2.15625,0.510416666666667,1,24,24,1.05629692096989
4713,105,25,2.17708333333333,0.510416666666667,1,17,17,1.07712942387639
4714,106,25,2.19791666666667,0.510416666666667,1,13,13,1.09796195566563
4715,107,25,2.21875,0.510416666666667,1,15,15,1.11879451485656
4716,108,25,2.23958333333333,0.510416666666667,1,21,21,1.13962710006769
4717,109,25,2.26041666666667,0.510416666666667,1,10,10,1.16045971000883
4718,110,25,2.28125,0.510416666666667,1,25,25,1.18129234347375
4719,111,25,2.30208333333333,0.510416666666667,1,18,18,1.20212499933335
4720,112,25,2.32291666666667,0.510416666666667,1,26,26,1.22295767652971
4721,113,25,2.34375,0.510416666666667,1,20,20,1.24379037407047
4722,114,25,2.36458333333333,0.510416666666667,1,19,19,1.26462309102387
4723,115,25,2.38541666666667,0.510416666666667,1,14,14,1.28545582651423
4724,116,25,2.40625,0.510416666666667,1,15,15,1.30628857971771
4725,117,25,2.42708333333333,0.510416666666667,1,12,12,1.3271213498586
4726,118,25,2.44791666666667,0.510416666666667,1,22,22,1.34795413620582
4727,119,25,2.46875,0.510416666666667,1,32,32,1.3687869380698
4728,120,25,2.48958333333333,0.510416666666667,1,17,17,1.38961975479949
4729,121,25,2.51041666666667,0.510416666666667,1,16,16,1.4104525857798
4730,122,25,2.53125,0.510416666666667,1,20,20,1.4312854304291
4731,123,25,2.55208333333333,0.510416666666667,1,4,4,1.45211828819699
4732,124,25,2.57291666666667,0.510416666666667,1,26,26,1.47295115856222
4733,125,25,2.59375,0.510416666666667,1,30,30,1.49378404103079
4734,126,25,2.61458333333333,0.510416666666667,1,20,20,1.51461693513422
4735,127,25,2.63541666666667,0.510416666666667,1,17,17,1.53544984042787
4736,128,25,2.65625,0.510416666666667,1,31,31,1.5562827564895
4737,129,25,2.67708333333333,0.510416666666667,1,13,13,1.57711568291781
4738,130,25,2.69791666666667,0.510416666666667,1,6,6,1.59794861933125
4739,131,25,2.71875,0.510416666666667,1,24,24,1.61878156536671
4740,132,25,2.73958333333333,0.510416666666667,1,5,5,1.63961452067852
4741,133,25,2.76041666666667,0.510416666666667,1,20,20,1.66044748493734
4742,134,25,2.78125,0.510416666666667,1,21,21,1.68128045782927
4743,135,25,2.80208333333333,0.510416666666667,1,25,25,1.70211343905488
4744,136,25,2.82291666666667,0.510416666666667,1,32,32,1.72294642832848
4745,137,25,2.84375,0.510416666666667,1,11,11,1.74377942537725
4746,138,25,2.86458333333333,0.510416666666667,1,15,15,1.76461242994057
4747,139,25,2.88541666666667,0.510416666666667,1,22,22,1.78544544176937
4748,140,25,2.90625,0.510416666666667,1,25,25,1.80627846062543
4749,141,25,2.92708333333333,0.510416666666667,1,18,18,1.82711148628084
4750,142,25,2.94791666666667,0.510416666666667,1,28,28,1.84794451851746
4751,143,25,2.96875,0.510416666666667,1,22,22,1.86877755712636
4752,144,25,2.98958333333333,0.510416666666667,1,19,19,1.88961060190737
4753,145,25,3.01041666666667,0.510416666666667,1,19,19,1.91044365266862
4754,146,25,3.03125,0.510416666666667,1,14,14,1.93127670922611
4755,147,25,3.05208333333333,0.510416666666667,1,21,21,1.9521097714033
4756,148,25,3.07291666666667,0.510416666666667,1,21,21,1.97294283903076
4757,149,25,3.09375,0.510416666666667,1,22,22,1.99377591194579
4758,150,25,3.11458333333333,0.510416666666667,1,16,16,2.01460898999213
4759,151,25,3.13541666666667,0.510416666666667,1,23,23,2.03544207301959
4760,152,25,3.15625,0.510416666666667,1,21,21,2.0562751608838
4761,153,25,3.17708333333333,0.510416666666667,1,25,25,2.07710825344589
4762,154,25,3.19791666666667,0.510416666666667,1,20,20,2.09794135057229
4763,155,25,3.21875,0.510416666666667,1,18,18,2.11877445213443
4764,156,25,3.23958333333333,0.510416666666667,1,28,28,2.13960755800852
4765,157,25,3.26041666666667,0.510416666666667,1,9,9,2.16044066807534
4766,158,25,3.28125,0.510416666666667,1,20,20,2.18127378222002
4767,159,25,3.30208333333333,0.510416666666667,1,21,21,2.20210690033186
4768,160,25,3.32291666666667,0.510416666666667,1,20,20,2.22294002230411
4769,161,25,3.34375,0.510416666666667,1,10,10,2.24377314803384
4770,162,25,3.36458333333333,0.510416666666667,1,19,19,2.26460627742172
4771,163,25,3.38541666666667,0.510416666666667,1,26,26,2.28543941037192
4772,164,25,3.40625,0.510416666666667,1,29,29,2.30627254679191
4773,165,25,3.42708333333333,0.510416666666667,1,5,5,2.32710568659234
4774,166,25,3.44791666666667,0.510416666666667,1,14,14,2.3479388296869
4775,167,25,3.46875,0.510416666666667,1,18,18,2.3687719759922
4776,168,25,3.48958333333333,0.510416666666667,1,21,21,2.38960512542764
4777,169,25,3.51041666666667,0.510416666666667,1,19,19,2.41043827791528
4778,170,25,3.53125,0.510416666666667,1,23,23,2.43127143337976
4779,171,25,3.55208333333333,0.510416666666667,1,20,20,2.45210459174819
4780,172,25,3.57291666666667,0.510416666666667,1,24,24,2.47293775295003
4781,173,25,3.59375,0.510416666666667,1,23,23,2.493770916917
4782,174,25,3.61458333333333,0.510416666666667,1,14,14,2.514604083583
4783,175,25,3.63541666666667,0.510416666666667,1,18,18,2.53543725288402
4784,176,25,3.65625,0.510416666666667,1,26,26,2.55627042475807
4785,177,25,3.67708333333333,0.510416666666667,1,10,10,2.57710359914508
4786,178,25,3.69791666666667,0.510416666666667,1,29,29,2.59793677598683
4787,179,25,3.71875,0.510416666666667,1,24,24,2.61876995522689
4788,180,25,3.73958333333333,0.510416666666667,1,25,25,2.63960313681055
4789,181,25,3.76041666666667,0.510416666666667,1,6,6,2.66043632068475
4790,182,25,3.78125,0.510416666666667,1,25,25,2.68126950679801
4791,183,25,3.80208333333333,0.510416666666667,1,8,8,2.70210269510039
4792,184,25,3.82291666666667,0.510416666666667,1,21,21,2.72293588554343
4793,185,25,3.84375,0.510416666666667,1,26,26,2.74376907808008
4794,186,25,3.86458333333333,0.510416666666667,1,25,25,2.76460227266466
4795,187,25,3.88541666666667,0.510416666666667,1,18,18,2.78543546925282
4796,188,25,3.90625,0.510416666666667,1,16,16,2.80626866780146
4797,189,25,3.92708333333333,0.510416666666667,1,14,14,2.82710186826872
4798,190,25,3.94791666666667,0.510416666666667,1,20,20,2.84793507061393
4799,191,25,3.96875,0.510416666666667,1,15,15,2.86876827479755
4800,192,25,3.98958333333333,0.510416666666667,1,21,21,2.88960148078116
4801,1,26,0.0104166666666667,0.53125,1,23,23,0.890076631433704
4802,2,26,0.03125,0.53125,1,29,29,0.869253901204426
4803,3,26,0.0520833333333333,0.53125,1,20,20,0.84843163667417
4804,4,26,0.0729166666666667,0.53125,1,23,23,0.827609869203883
4805,5,26,0.09375,0.53125,1,21,21,0.806788633034182
4806,6,26,0.114583333333333,0.53125,1,17,17,0.785967965623538
4807,7,26,0.135416666666667,0.53125,1,16,16,0.765147908035255
4808,8,26,0.15625,0.53125,1,18,18,0.744328505381644
4809,9,26,0.177083333333333,0.53125,1,12,12,0.723509807335516
4810,10,26,0.197916666666667,0.53125,1,19,19,0.702691868721187
4811,11,26,0.21875,0.53125,1,20,20,0.6818747501998
4812,12,26,0.239583333333333,0.53125,1,23,23,0.661058519066993
4813,13,26,0.260416666666667,0.53125,1,31,31,0.640243250184995
4814,14,26,0.28125,0.53125,1,21,21,0.619429027076334
4815,15,26,0.302083333333333,0.53125,1,22,22,0.598615943212801
4816,16,26,0.322916666666667,0.53125,1,20,20,0.57780410354156
4817,17,26,0.34375,0.53125,1,18,18,0.556993626300895
4818,18,26,0.364583333333333,0.53125,1,21,21,0.53618464519177
4819,19,26,0.385416666666667,0.53125,1,17,17,0.515377311989247
4820,20,26,0.40625,0.53125,1,16,16,0.494571799701264
4821,21,26,0.427083333333333,0.53125,1,4,4,0.473768306413351
4822,22,26,0.447916666666667,0.53125,1,4,4,0.452967059999458
4823,23,26,0.46875,0.53125,1,22,22,0.4321683239352
4824,24,26,0.489583333333333,0.53125,1,19,19,0.411372404526399
4825,25,26,0.510416666666667,0.53125,1,17,17,0.390579659971526
4826,26,26,0.53125,0.53125,1,27,27,0.369790511824153
4827,27,26,0.552083333333333,0.53125,1,21,21,0.349005459630256
4828,28,26,0.572916666666667,0.53125,1,17,17,0.328225099814468
4829,29,26,0.59375,0.53125,1,23,23,0.307450150325166
4830,30,26,0.614583333333333,0.53125,1,17,17,0.286681483193137
4831,31,26,0.635416666666667,0.53125,1,19,19,0.265920168130215
4832,32,26,0.65625,0.53125,1,20,20,0.245167531787102
4833,33,26,0.677083333333333,0.53125,1,15,15,0.22442523963328
4834,34,26,0.697916666666667,0.53125,1,13,13,0.203695411189859
4835,35,26,0.71875,0.53125,1,17,17,0.182980785566794
4836,36,26,0.739583333333333,0.53125,1,21,21,0.162284964833629
4837,37,26,0.760416666666667,0.53125,1,35,35,0.141612781348817
4838,38,26,0.78125,0.53125,1,24,24,0.120970869120796
4839,39,26,0.802083333333333,0.53125,1,22,22,0.100368583975743
4840,40,26,0.822916666666667,0.53125,1,11,11,0.0798195468920007
4841,41,26,0.84375,0.53125,1,13,13,0.0593443597997745
4842,42,26,0.864583333333333,0.53125,1,23,23,0.0389756673346494
4843,43,26,0.885416666666667,0.53125,1,12,12,0.0187682734478269
4844,44,26,0.90625,0.53125,0,0,0,-0.00117882311973815
4845,45,26,0.927083333333333,0.53125,0,0,0,-0.0206690301472509
4846,46,26,0.947916666666667,0.53125,0,0,0,-0.0392609177620281
4847,47,26,0.96875,0.53125,0,0,0,-0.0558058261758408
4848,48,26,0.989583333333333,0.53125,0,0,0,-0.0670596077065794
4849,49,26,1.01041666666667,0.53125,0,0,0,-0.0670596077065794
4850,50,26,1.03125,0.53125,0,0,0,-0.0558058261758408
4851,51,26,1.05208333333333,0.53125,0,0,0,-0.0392609177620282
4852,52,26,1.07291666666667,0.53125,0,0,0,-0.0206690301472511
4853,53,26,1.09375,0.53125,0,0,0,-0.00117882311973815
4854,54,26,1.11458333333333,0.53125,1,31,31,0.0187682734478268
4855,55,26,1.13541666666667,0.53125,1,12,12,0.0389756673346492
4856,56,26,1.15625,0.53125,1,25,25,0.0593443597997745
4857,57,26,1.17708333333333,0.53125,1,27,27,0.0798195468920006
4858,58,26,1.19791666666667,0.53125,1,18,18,0.100368583975743
4859,59,26,1.21875,0.53125,1,27,27,0.120970869120796
4860,60,26,1.23958333333333,0.53125,1,29,29,0.141612781348817
4861,61,26,1.26041666666667,0.53125,1,19,19,0.162284964833628
4862,62,26,1.28125,0.53125,1,29,29,0.182980785566794
4863,63,26,1.30208333333333,0.53125,1,26,26,0.203695411189859
4864,64,26,1.32291666666667,0.53125,1,23,23,0.22442523963328
4865,65,26,1.34375,0.53125,1,9,9,0.245167531787102
4866,66,26,1.36458333333333,0.53125,1,21,21,0.265920168130214
4867,67,26,1.38541666666667,0.53125,1,24,24,0.286681483193137
4868,68,26,1.40625,0.53125,1,22,22,0.307450150325166
4869,69,26,1.42708333333333,0.53125,1,28,28,0.328225099814468
4870,70,26,1.44791666666667,0.53125,1,13,13,0.349005459630256
4871,71,26,1.46875,0.53125,1,11,11,0.369790511824153
4872,72,26,1.48958333333333,0.53125,1,17,17,0.390579659971526
4873,73,26,1.51041666666667,0.53125,1,13,13,0.411372404526399
4874,74,26,1.53125,0.53125,1,24,24,0.4321683239352
4875,75,26,1.55208333333333,0.53125,1,21,21,0.452967059999458
4876,76,26,1.57291666666667,0.53125,1,18,18,0.47376830641335
4877,77,26,1.59375,0.53125,1,21,21,0.494571799701264
4878,78,26,1.61458333333333,0.53125,1,19,19,0.515377311989247
4879,79,26,1.63541666666667,0.53125,1,20,20,0.536184645191769
4880,80,26,1.65625,0.53125,1,15,15,0.556993626300895
4881,81,26,1.67708333333333,0.53125,1,19,19,0.57780410354156
4882,82,26,1.69791666666667,0.53125,1,15,15,0.598615943212801
4883,83,26,1.71875,0.53125,1,26,26,0.619429027076334
4884,84,26,1.73958333333333,0.53125,1,22,22,0.640243250184995
4885,85,26,1.76041666666667,0.53125,1,19,19,0.661058519066993
4886,86,26,1.78125,0.53125,1,14,14,0.6818747501998
4887,87,26,1.80208333333333,0.53125,1,10,10,0.702691868721187
4888,88,26,1.82291666666667,0.53125,1,30,30,0.723509807335515
4889,89,26,1.84375,0.53125,1,20,20,0.744328505381644
4890,90,26,1.86458333333333,0.53125,1,15,15,0.765147908035255
4891,91,26,1.88541666666667,0.53125,1,20,20,0.785967965623538
4892,92,26,1.90625,0.53125,1,20,20,0.806788633034182
4893,93,26,1.92708333333333,0.53125,1,13,13,0.827609869203883
4894,94,26,1.94791666666667,0.53125,1,21,21,0.84843163667417
4895,95,26,1.96875,0.53125,1,24,24,0.869253901204426
4896,96,26,1.98958333333333,0.53125,1,22,22,0.890076631433704
4897,97,26,2.01041666666667,0.53125,1,17,17,0.9108997985843
4898,98,26,2.03125,0.53125,1,16,16,0.931723376201199
4899,99,26,2.05208333333333,0.53125,1,24,24,0.952547339922427
4900,100,26,2.07291666666667,0.53125,1,13,13,0.973371667276117
4901,101,26,2.09375,0.53125,1,22,22,0.994196337500725
4902,102,26,2.11458333333333,0.53125,1,30,30,1.01502133138539
4903,103,26,2.13541666666667,0.53125,1,32,32,1.03584663112783
4904,104,26,2.15625,0.53125,1,25,25,1.05667222020761
4905,105,26,2.17708333333333,0.53125,1,15,15,1.0774980832728
4906,106,26,2.19791666666667,0.53125,1,12,12,1.09832420603849
4907,107,26,2.21875,0.53125,1,23,23,1.1191505751957
4908,108,26,2.23958333333333,0.53125,1,25,25,1.13997717832941
4909,109,26,2.26041666666667,0.53125,1,17,17,1.16080400384481
4910,110,26,2.28125,0.53125,1,7,7,1.18163104090062
4911,111,26,2.30208333333333,0.53125,1,17,17,1.20245827934888
4912,112,26,2.32291666666667,0.53125,1,23,23,1.22328570968043
4913,113,26,2.34375,0.53125,1,22,22,1.24411332297541
4914,114,26,2.36458333333333,0.53125,1,28,28,1.26494111085831
4915,115,26,2.38541666666667,0.53125,1,28,28,1.28576906545708
4916,116,26,2.40625,0.53125,1,21,21,1.30659717936586
4917,117,26,2.42708333333333,0.53125,1,30,30,1.32742544561101
4918,118,26,2.44791666666667,0.53125,1,14,14,1.34825385761997
4919,119,26,2.46875,0.53125,1,18,18,1.36908240919289
4920,120,26,2.48958333333333,0.53125,1,13,13,1.38991109447659
4921,121,26,2.51041666666667,0.53125,1,12,12,1.41073990794062
4922,122,26,2.53125,0.53125,1,18,18,1.43156884435536
4923,123,26,2.55208333333333,0.53125,1,20,20,1.4523978987718
4924,124,26,2.57291666666667,0.53125,1,14,14,1.47322706650305
4925,125,26,2.59375,0.53125,1,13,13,1.49405634310711
4926,126,26,2.61458333333333,0.53125,1,19,19,1.51488572437116
4927,127,26,2.63541666666667,0.53125,1,13,13,1.53571520629696
4928,128,26,2.65625,0.53125,1,18,18,1.55654478508732
4929,129,26,2.67708333333333,0.53125,1,24,24,1.57737445713366
4930,130,26,2.69791666666667,0.53125,1,20,20,1.59820421900443
4931,131,26,2.71875,0.53125,1,17,17,1.61903406743438
4932,132,26,2.73958333333333,0.53125,1,20,20,1.63986399931463
4933,133,26,2.76041666666667,0.53125,1,19,19,1.6606940116834
4934,134,26,2.78125,0.53125,1,21,21,1.6815241017174
4935,135,26,2.80208333333333,0.53125,1,21,21,1.70235426672388
4936,136,26,2.82291666666667,0.53125,1,28,28,1.72318450413311
4937,137,26,2.84375,0.53125,1,11,11,1.74401481149149
4938,138,26,2.86458333333333,0.53125,1,19,19,1.76484518645502
4939,139,26,2.88541666666667,0.53125,1,15,15,1.78567562678326
4940,140,26,2.90625,0.53125,1,23,23,1.80650613033371
4941,141,26,2.92708333333333,0.53125,1,25,25,1.82733669505645
4942,142,26,2.94791666666667,0.53125,1,4,4,1.84816731898925
4943,143,26,2.96875,0.53125,1,19,19,1.86899800025292
4944,144,26,2.98958333333333,0.53125,1,15,15,1.88982873704693
4945,145,26,3.01041666666667,0.53125,1,21,21,1.91065952764537
4946,146,26,3.03125,0.53125,1,10,10,1.93149037039313
4947,147,26,3.05208333333333,0.53125,1,18,18,1.95232126370226
4948,148,26,3.07291666666667,0.53125,1,19,19,1.97315220604866
4949,149,26,3.09375,0.53125,1,19,19,1.99398319596887
4950,150,26,3.11458333333333,0.53125,1,30,30,2.01481423205706
4951,151,26,3.13541666666667,0.53125,1,24,24,2.03564531296229
4952,152,26,3.15625,0.53125,1,7,7,2.05647643738576
4953,153,26,3.17708333333333,0.53125,1,22,22,2.07730760407844
4954,154,26,3.19791666666667,0.53125,1,35,35,2.09813881183858
4955,155,26,3.21875,0.53125,1,11,11,2.11897005950959
4956,156,26,3.23958333333333,0.53125,1,23,23,2.13980134597791
4957,157,26,3.26041666666667,0.53125,1,18,18,2.160632670171
4958,158,26,3.28125,0.53125,1,15,15,2.1814640310555
4959,159,26,3.30208333333333,0.53125,1,16,16,2.20229542763545
4960,160,26,3.32291666666667,0.53125,1,16,16,2.22312685895062
4961,161,26,3.34375,0.53125,1,16,16,2.2439583240749
4962,162,26,3.36458333333333,0.53125,1,25,25,2.26478982211481
4963,163,26,3.38541666666667,0.53125,1,15,15,2.28562135220808
4964,164,26,3.40625,0.53125,1,19,19,2.30645291352231
4965,165,26,3.42708333333333,0.53125,1,13,13,2.32728450525365
4966,166,26,3.44791666666667,0.53125,1,19,19,2.34811612662562
4967,167,26,3.46875,0.53125,1,21,21,2.36894777688796
4968,168,26,3.48958333333333,0.53125,1,16,16,2.38977945531549
4969,169,26,3.51041666666667,0.53125,1,12,12,2.41061116120712
4970,170,26,3.53125,0.53125,1,26,26,2.43144289388483
4971,171,26,3.55208333333333,0.53125,1,22,22,2.45227465269273
4972,172,26,3.57291666666667,0.53125,1,15,15,2.47310643699617
4973,173,26,3.59375,0.53125,1,29,29,2.49393824618089
4974,174,26,3.61458333333333,0.53125,1,23,23,2.51477007965221
4975,175,26,3.63541666666667,0.53125,1,36,36,2.53560193683425
4976,176,26,3.65625,0.53125,1,16,16,2.55643381716918
4977,177,26,3.67708333333333,0.53125,1,11,11,2.57726572011653
4978,178,26,3.69791666666667,0.53125,1,16,16,2.59809764515256
4979,179,26,3.71875,0.53125,1,24,24,2.61892959176953
4980,180,26,3.73958333333333,0.53125,1,8,8,2.63976155947516
4981,181,26,3.76041666666667,0.53125,1,20,20,2.66059354779205
4982,182,26,3.78125,0.53125,1,15,15,2.68142555625708
4983,183,26,3.80208333333333,0.53125,1,14,14,2.7022575844209
4984,184,26,3.82291666666667,0.53125,1,9,9,2.72308963184743
4985,185,26,3.84375,0.53125,1,26,26,2.74392169811336
4986,186,26,3.86458333333333,0.53125,1,12,12,2.76475378280771
4987,187,26,3.88541666666667,0.53125,1,19,19,2.78558588553136
4988,188,26,3.90625,0.53125,1,36,36,2.80641800589661
4989,189,26,3.92708333333333,0.53125,1,16,16,2.82725014352682
4990,190,26,3.94791666666667,0.53125,1,22,22,2.84808229805599
4991,191,26,3.96875,0.53125,1,17,17,2.86891446912841
4992,192,26,3.98958333333333,0.53125,1,18,18,2.88974665639824
4993,1,27,0.0104166666666667,0.552083333333333,1,30,30,0.890952999502107
4994,2,27,0.03125,0.552083333333333,1,22,22,0.870149079322921
4995,3,27,0.0520833333333333,0.552083333333333,1,21,21,0.849346449172037
4996,4,27,0.0729166666666667,0.552083333333333,1,31,31,0.828545195752773
4997,5,27,0.09375,0.552083333333333,1,19,19,0.807745413709764
4998,6,27,0.114583333333333,0.552083333333333,1,11,11,0.786947206558667
4999,7,27,0.135416666666667,0.552083333333333,1,23,23,0.766150687749475
5000,8,27,0.15625,0.552083333333333,1,22,22,0.745355981886395
5001,9,27,0.177083333333333,0.552083333333333,1,21,21,0.724563226131804
5002,10,27,0.197916666666667,0.552083333333333,1,5,5,0.703772571827518
5003,11,27,0.21875,0.552083333333333,1,14,14,0.682984186373589
5004,12,27,0.239583333333333,0.552083333333333,1,24,24,0.662198255413613
5005,13,27,0.260416666666667,0.552083333333333,1,17,17,0.641414985386427
5006,14,27,0.28125,0.552083333333333,1,15,15,0.620634606517832
5007,15,27,0.302083333333333,0.552083333333333,1,23,23,0.599857376343368
5008,16,27,0.322916666666667,0.552083333333333,1,25,25,0.579083583875276
5009,17,27,0.34375,0.552083333333333,1,21,21,0.558313554555207
5010,18,27,0.364583333333333,0.552083333333333,1,6,6,0.537547656170807
5011,19,27,0.385416666666667,0.552083333333333,1,18,18,0.516786305961978
5012,20,27,0.40625,0.552083333333333,1,20,20,0.496029979204999
5013,21,27,0.427083333333333,0.552083333333333,1,23,23,0.47527921964517
5014,22,27,0.447916666666667,0.552083333333333,1,15,15,0.45453465225859
5015,23,27,0.46875,0.552083333333333,1,22,22,0.433796998971623
5016,24,27,0.489583333333333,0.552083333333333,1,9,9,0.413067098167698
5017,25,27,0.510416666666667,0.552083333333333,1,17,17,0.392345929087353
5018,26,27,0.53125,0.552083333333333,1,22,22,0.371634642611324
5019,27,27,0.552083333333333,0.552083333333333,1,19,19,0.350934600456528
5020,28,27,0.572916666666667,0.552083333333333,1,22,22,0.330247425584654
5021,29,27,0.59375,0.552083333333333,1,20,20,0.309575067736198
5022,30,27,0.614583333333333,0.552083333333333,1,12,12,0.288919889637385
5023,31,27,0.635416666666667,0.552083333333333,1,16,16,0.268284781867994
5024,32,27,0.65625,0.552083333333333,1,20,20,0.247673318089138
5025,33,27,0.677083333333333,0.552083333333333,1,25,25,0.227089968085575
5026,34,27,0.697916666666667,0.552083333333333,1,34,34,0.206540395199212
5027,35,27,0.71875,0.552083333333333,1,19,19,0.186031879536375
5028,36,27,0.739583333333333,0.552083333333333,1,26,26,0.165573932999624
5029,37,27,0.760416666666667,0.552083333333333,1,19,19,0.145179214498746
5030,38,27,0.78125,0.552083333333333,1,14,14,0.124864928592947
5031,39,27,0.802083333333333,0.552083333333333,1,15,15,0.104655028170714
5032,40,27,0.822916666666667,0.552083333333333,1,21,21,0.0845838036111391
5033,41,27,0.84375,0.552083333333333,1,7,7,0.0647019614671031
5034,42,27,0.864583333333333,0.552083333333333,1,25,25,0.0450873778873346
5035,43,27,0.885416666666667,0.552083333333333,1,14,14,0.0258650622249434
5036,44,27,0.90625,0.552083333333333,1,14,14,0.00724614730194788
5037,45,27,0.927083333333333,0.552083333333333,0,0,0,-0.0103924451349726
5038,46,27,0.947916666666667,0.552083333333333,0,0,0,-0.0263430436264013
5039,47,27,0.96875,0.552083333333333,0,0,0,-0.0392609177620282
5040,48,27,0.989583333333333,0.552083333333333,0,0,0,-0.0468852134000752
5041,49,27,1.01041666666667,0.552083333333333,0,0,0,-0.0468852134000753
5042,50,27,1.03125,0.552083333333333,0,0,0,-0.0392609177620282
5043,51,27,1.05208333333333,0.552083333333333,0,0,0,-0.0263430436264014
5044,52,27,1.07291666666667,0.552083333333333,0,0,0,-0.0103924451349728
5045,53,27,1.09375,0.552083333333333,1,23,23,0.00724614730194788
5046,54,27,1.11458333333333,0.552083333333333,1,24,24,0.0258650622249434
5047,55,27,1.13541666666667,0.552083333333333,1,20,20,0.0450873778873344
5048,56,27,1.15625,0.552083333333333,1,21,21,0.0647019614671031
5049,57,27,1.17708333333333,0.552083333333333,1,21,21,0.084583803611139
5050,58,27,1.19791666666667,0.552083333333333,1,16,16,0.104655028170713
5051,59,27,1.21875,0.552083333333333,1,20,20,0.124864928592947
5052,60,27,1.23958333333333,0.552083333333333,1,14,14,0.145179214498746
5053,61,27,1.26041666666667,0.552083333333333,1,15,15,0.165573932999624
5054,62,27,1.28125,0.552083333333333,1,24,24,0.186031879536375
5055,63,27,1.30208333333333,0.552083333333333,1,15,15,0.206540395199212
5056,64,27,1.32291666666667,0.552083333333333,1,18,18,0.227089968085574
5057,65,27,1.34375,0.552083333333333,1,27,27,0.247673318089138
5058,66,27,1.36458333333333,0.552083333333333,1,22,22,0.268284781867993
5059,67,27,1.38541666666667,0.552083333333333,1,20,20,0.288919889637385
5060,68,27,1.40625,0.552083333333333,1,9,9,0.309575067736198
5061,69,27,1.42708333333333,0.552083333333333,1,20,20,0.330247425584654
5062,70,27,1.44791666666667,0.552083333333333,1,23,23,0.350934600456528
5063,71,27,1.46875,0.552083333333333,1,20,20,0.371634642611324
5064,72,27,1.48958333333333,0.552083333333333,1,10,10,0.392345929087353
5065,73,27,1.51041666666667,0.552083333333333,1,21,21,0.413067098167698
5066,74,27,1.53125,0.552083333333333,1,20,20,0.433796998971623
5067,75,27,1.55208333333333,0.552083333333333,1,13,13,0.45453465225859
5068,76,27,1.57291666666667,0.552083333333333,1,15,15,0.47527921964517
5069,77,27,1.59375,0.552083333333333,1,29,29,0.496029979204999
5070,78,27,1.61458333333333,0.552083333333333,1,22,22,0.516786305961977
5071,79,27,1.63541666666667,0.552083333333333,1,29,29,0.537547656170806
5072,80,27,1.65625,0.552083333333333,1,20,20,0.558313554555207
5073,81,27,1.67708333333333,0.552083333333333,1,19,19,0.579083583875276
5074,82,27,1.69791666666667,0.552083333333333,1,22,22,0.599857376343368
5075,83,27,1.71875,0.552083333333333,1,9,9,0.620634606517832
5076,84,27,1.73958333333333,0.552083333333333,1,21,21,0.641414985386427
5077,85,27,1.76041666666667,0.552083333333333,1,14,14,0.662198255413613
5078,86,27,1.78125,0.552083333333333,1,12,12,0.682984186373589
5079,87,27,1.80208333333333,0.552083333333333,1,29,29,0.703772571827518
5080,88,27,1.82291666666667,0.552083333333333,1,21,21,0.724563226131804
5081,89,27,1.84375,0.552083333333333,1,16,16,0.745355981886395
5082,90,27,1.86458333333333,0.552083333333333,1,18,18,0.766150687749475
5083,91,27,1.88541666666667,0.552083333333333,1,14,14,0.786947206558667
5084,92,27,1.90625,0.552083333333333,1,27,27,0.807745413709764
5085,93,27,1.92708333333333,0.552083333333333,1,16,16,0.828545195752773
5086,94,27,1.94791666666667,0.552083333333333,1,19,19,0.849346449172037
5087,95,27,1.96875,0.552083333333333,1,5,5,0.870149079322921
5088,96,27,1.98958333333333,0.552083333333333,1,21,21,0.890952999502107
5089,97,27,2.01041666666667,0.552083333333333,1,26,26,0.91175813013234
5090,98,27,2.03125,0.552083333333333,1,13,13,0.932564398045522
5091,99,27,2.05208333333333,0.552083333333333,1,16,16,0.953371735850592
5092,100,27,2.07291666666667,0.552083333333333,1,9,9,0.97418008137473
5093,101,27,2.09375,0.552083333333333,1,21,21,0.994989377168158
5094,102,27,2.11458333333333,0.552083333333333,1,8,8,1.01579957006425
5095,103,27,2.13541666666667,0.552083333333333,1,19,19,1.03661061078786
5096,104,27,2.15625,0.552083333333333,1,17,17,1.0574224536059
5097,105,27,2.17708333333333,0.552083333333333,1,18,18,1.07823505601481
5098,106,27,2.19791666666667,0.552083333333333,1,21,21,1.09904837846056
5099,107,27,2.21875,0.552083333333333,1,14,14,1.11986238408728
5100,108,27,2.23958333333333,0.552083333333333,1,12,12,1.14067703851119
5101,109,27,2.26041666666667,0.552083333333333,1,21,21,1.16149230961676
5102,110,27,2.28125,0.552083333333333,1,20,20,1.18230816737285
5103,111,27,2.30208333333333,0.552083333333333,1,24,24,1.20312458366633
5104,112,27,2.32291666666667,0.552083333333333,1,13,13,1.22394153215146
5105,113,27,2.34375,0.552083333333333,1,9,9,1.24475898811315
5106,114,27,2.36458333333333,0.552083333333333,1,22,22,1.26557692834282
5107,115,27,2.38541666666667,0.552083333333333,1,21,21,1.28639533102535
5108,116,27,2.40625,0.552083333333333,1,24,24,1.30721417563607
5109,117,27,2.42708333333333,0.552083333333333,1,10,10,1.3280334428468
5110,118,27,2.44791666666667,0.552083333333333,1,22,22,1.34885311443991
5111,119,27,2.46875,0.552083333333333,1,29,29,1.36967317322972
5112,120,27,2.48958333333333,0.552083333333333,1,17,17,1.39049360299048
5113,121,27,2.51041666666667,0.552083333333333,1,21,21,1.4113143883903
5114,122,27,2.53125,0.552083333333333,1,19,19,1.43213551493042
5115,123,27,2.55208333333333,0.552083333333333,1,16,16,1.45295696888942
5116,124,27,2.57291666666667,0.552083333333333,1,20,20,1.47377873727182
5117,125,27,2.59375,0.552083333333333,1,23,23,1.49460080776071
5118,126,27,2.61458333333333,0.552083333333333,1,31,31,1.51542316867404
5119,127,27,2.63541666666667,0.552083333333333,1,22,22,1.53624580892426
5120,128,27,2.65625,0.552083333333333,1,16,16,1.55706871798097
5121,129,27,2.67708333333333,0.552083333333333,1,23,23,1.57789188583638
5122,130,27,2.69791666666667,0.552083333333333,1,14,14,1.59871530297327
5123,131,27,2.71875,0.552083333333333,1,16,16,1.61953896033533
5124,132,27,2.73958333333333,0.552083333333333,1,13,13,1.6403628492996
5125,133,27,2.76041666666667,0.552083333333333,1,23,23,1.66118696165083
5126,134,27,2.78125,0.552083333333333,1,30,30,1.6820112895577
5127,135,27,2.80208333333333,0.552083333333333,1,32,32,1.70283582555065
5128,136,27,2.82291666666667,0.552083333333333,1,16,16,1.72366056250121
5129,137,27,2.84375,0.552083333333333,1,20,20,1.74448549360279
5130,138,27,2.86458333333333,0.552083333333333,1,22,22,1.76531061235269
5131,139,27,2.88541666666667,0.552083333333333,1,9,9,1.78613591253535
5132,140,27,2.90625,0.552083333333333,1,11,11,1.80696138820667
5133,141,27,2.92708333333333,0.552083333333333,1,12,12,1.82778703367935
5134,142,27,2.94791666666667,0.552083333333333,1,7,7,1.84861284350917
5135,143,27,2.96875,0.552083333333333,1,29,29,1.86943881248215
5136,144,27,2.98958333333333,0.552083333333333,1,16,16,1.89026493560252
5137,145,27,3.01041666666667,0.552083333333333,1,18,18,1.91109120808138
5138,146,27,3.03125,0.552083333333333,1,15,15,1.93191762532616
5139,147,27,3.05208333333333,0.552083333333333,1,17,17,1.95274418293063
5140,148,27,3.07291666666667,0.552083333333333,1,28,28,1.97357087666555
5141,149,27,3.09375,0.552083333333333,1,24,24,1.99439770246988
5142,150,27,3.11458333333333,0.552083333333333,1,21,21,2.01522465644248
5143,151,27,3.13541666666667,0.552083333333333,1,17,17,2.03605173483436
5144,152,27,3.15625,0.552083333333333,1,21,21,2.05687893404129
5145,153,27,3.17708333333333,0.552083333333333,1,19,19,2.07770625059692
5146,154,27,3.19791666666667,0.552083333333333,1,14,14,2.0985336811662
5147,155,27,3.21875,0.552083333333333,1,26,26,2.11936122253929
5148,156,27,3.23958333333333,0.552083333333333,1,27,27,2.14018887162568
5149,157,27,3.26041666666667,0.552083333333333,1,24,24,2.16101662544873
5150,158,27,3.28125,0.552083333333333,1,21,21,2.18184448114045
5151,159,27,3.30208333333333,0.552083333333333,1,32,32,2.20267243593661
5152,160,27,3.32291666666667,0.552083333333333,1,19,19,2.22350048717208
5153,161,27,3.34375,0.552083333333333,1,16,16,2.24432863227644
5154,162,27,3.36458333333333,0.552083333333333,1,20,20,2.26515686876978
5155,163,27,3.38541666666667,0.552083333333333,1,13,13,2.2859851942588
5156,164,27,3.40625,0.552083333333333,1,11,11,2.30681360643302
5157,165,27,3.42708333333333,0.552083333333333,1,15,15,2.32764210306123
5158,166,27,3.44791666666667,0.552083333333333,1,21,21,2.34847068198816
5159,167,27,3.46875,0.552083333333333,1,18,18,2.36929934113123
5160,168,27,3.48958333333333,0.552083333333333,1,30,30,2.39012807847753
5161,169,27,3.51041666666667,0.552083333333333,1,20,20,2.41095689208096
5162,170,27,3.53125,0.552083333333333,1,26,26,2.43178578005942
5163,171,27,3.55208333333333,0.552083333333333,1,19,19,2.45261474059226
5164,172,27,3.57291666666667,0.552083333333333,1,17,17,2.47344377191774
5165,173,27,3.59375,0.552083333333333,1,25,25,2.49427287233073
5166,174,27,3.61458333333333,0.552083333333333,1,22,22,2.51510204018037
5167,175,27,3.63541666666667,0.552083333333333,1,21,21,2.53593127386803
5168,176,27,3.65625,0.552083333333333,1,9,9,2.55676057184518
5169,177,27,3.67708333333333,0.552083333333333,1,21,21,2.57758993261146
5170,178,27,3.69791666666667,0.552083333333333,1,18,18,2.59841935471285
5171,179,27,3.71875,0.552083333333333,1,26,26,2.61924883673987
5172,180,27,3.73958333333333,0.552083333333333,1,18,18,2.64007837732589
5173,181,27,3.76041666666667,0.552083333333333,1,16,16,2.66090797514554
5174,182,27,3.78125,0.552083333333333,1,16,16,2.68173762891311
5175,183,27,3.80208333333333,0.552083333333333,1,17,17,2.70256733738113
5176,184,27,3.82291666666667,0.552083333333333,1,16,16,2.72339709933894
5177,185,27,3.84375,0.552083333333333,1,17,17,2.74422691361134
5178,186,27,3.86458333333333,0.552083333333333,1,20,20,2.7650567790573
5179,187,27,3.88541666666667,0.552083333333333,1,27,27,2.78588669456874
5180,188,27,3.90625,0.552083333333333,1,14,14,2.80671665906932
5181,189,27,3.92708333333333,0.552083333333333,1,23,23,2.82754667151335
5182,190,27,3.94791666666667,0.552083333333333,1,14,14,2.84837673088468
5183,191,27,3.96875,0.552083333333333,1,16,16,2.86920683619567
5184,192,27,3.98958333333333,0.552083333333333,1,19,19,2.89003698648621
5185,1,28,0.0104166666666667,0.572916666666667,1,16,16,0.892266100342488
5186,2,28,0.03125,0.572916666666667,1,22,22,0.87149029988867
5187,3,28,0.0520833333333333,0.572916666666667,1,17,17,0.850717017425386
5188,4,28,0.0729166666666667,0.572916666666667,1,27,27,0.829946421694402
5189,5,28,0.09375,0.572916666666667,1,13,13,0.809178696834554
5190,6,28,0.114583333333333,0.572916666666667,1,32,32,0.78841404417585
5191,7,28,0.135416666666667,0.572916666666667,1,31,31,0.76765268428995
5192,8,28,0.15625,0.572916666666667,1,20,20,0.746894859340744
5193,9,28,0.177083333333333,0.572916666666667,1,13,13,0.726140835787431
5194,10,28,0.197916666666667,0.572916666666667,1,22,22,0.705390907503238
5195,11,28,0.21875,0.572916666666667,1,20,20,0.684645399386103
5196,12,28,0.239583333333333,0.572916666666667,1,19,19,0.663904671554129
5197,13,28,0.260416666666667,0.572916666666667,1,12,12,0.64316912423904
5198,14,28,0.28125,0.572916666666667,1,17,17,0.622439203516654
5199,15,28,0.302083333333333,0.572916666666667,1,25,25,0.601715408045804
5200,16,28,0.322916666666667,0.572916666666667,1,16,16,0.580998297028381
5201,17,28,0.34375,0.572916666666667,1,15,15,0.560288499655853
5202,18,28,0.364583333333333,0.572916666666667,1,16,16,0.539586726375365
5203,19,28,0.385416666666667,0.572916666666667,1,18,18,0.518893782396373
5204,20,28,0.40625,0.572916666666667,1,16,16,0.498210583973385
5205,21,28,0.427083333333333,0.572916666666667,1,34,34,0.477538178151213
5206,22,28,0.447916666666667,0.572916666666667,1,21,21,0.456877766859319
5207,23,28,0.46875,0.572916666666667,1,33,33,0.43623073650974
5208,24,28,0.489583333333333,0.572916666666667,1,15,15,0.415598694615191
5209,25,28,0.510416666666667,0.572916666666667,1,9,9,0.394983515438197
5210,26,28,0.53125,0.572916666666667,1,18,18,0.374387397363988
5211,27,28,0.552083333333333,0.572916666666667,1,6,6,0.353812935641499
5212,28,28,0.572916666666667,0.572916666666667,1,13,13,0.333263215480946
5213,29,28,0.59375,0.572916666666667,1,18,18,0.312741932419978
5214,30,28,0.614583333333333,0.572916666666667,1,35,35,0.292253549661724
5215,31,28,0.635416666666667,0.572916666666667,1,19,19,0.271803506199474
5216,32,28,0.65625,0.572916666666667,1,16,16,0.251398495696521
5217,33,28,0.677083333333333,0.572916666666667,1,18,18,0.231046845459806
5218,34,28,0.697916666666667,0.572916666666667,1,32,32,0.210759039378673
5219,35,28,0.71875,0.572916666666667,1,15,15,0.190548451687112
5220,36,28,0.739583333333333,0.572916666666667,1,17,17,0.170432395536399
5221,37,28,0.760416666666667,0.572916666666667,1,24,24,0.150433651670236
5222,38,28,0.78125,0.572916666666667,1,16,16,0.130582746053944
5223,39,28,0.802083333333333,0.572916666666667,1,14,14,0.110921424284548
5224,40,28,0.822916666666667,0.572916666666667,1,30,30,0.0915080865713566
5225,41,28,0.84375,0.572916666666667,1,24,24,0.072426514137988
5226,42,28,0.864583333333333,0.572916666666667,1,17,17,0.0538002402107646
5227,43,28,0.885416666666667,0.572916666666667,1,15,15,0.0358167167750552
5228,44,28,0.90625,0.572916666666667,1,19,19,0.0187682734478268
5229,45,28,0.927083333333333,0.572916666666667,1,20,20,0.0031197389230382
5230,46,28,0.947916666666667,0.572916666666667,0,0,0,-0.0103924451349726
5231,47,28,0.96875,0.572916666666667,0,0,0,-0.020669030147251
5232,48,28,0.989583333333333,0.572916666666667,0,0,0,-0.0263430436264013
5233,49,28,1.01041666666667,0.572916666666667,0,0,0,-0.0263430436264014
5234,50,28,1.03125,0.572916666666667,0,0,0,-0.020669030147251
5235,51,28,1.05208333333333,0.572916666666667,0,0,0,-0.0103924451349727
5236,52,28,1.07291666666667,0.572916666666667,1,27,27,0.00311973892303805
5237,53,28,1.09375,0.572916666666667,1,20,20,0.0187682734478268
5238,54,28,1.11458333333333,0.572916666666667,1,31,31,0.0358167167750551
5239,55,28,1.13541666666667,0.572916666666667,1,17,17,0.0538002402107644
5240,56,28,1.15625,0.572916666666667,1,21,21,0.072426514137988
5241,57,28,1.17708333333333,0.572916666666667,1,17,17,0.0915080865713565
5242,58,28,1.19791666666667,0.572916666666667,1,29,29,0.110921424284548
5243,59,28,1.21875,0.572916666666667,1,29,29,0.130582746053944
5244,60,28,1.23958333333333,0.572916666666667,1,10,10,0.150433651670236
5245,61,28,1.26041666666667,0.572916666666667,1,25,25,0.170432395536399
5246,62,28,1.28125,0.572916666666667,1,14,14,0.190548451687112
5247,63,28,1.30208333333333,0.572916666666667,1,12,12,0.210759039378673
5248,64,28,1.32291666666667,0.572916666666667,1,16,16,0.231046845459806
5249,65,28,1.34375,0.572916666666667,1,19,19,0.251398495696521
5250,66,28,1.36458333333333,0.572916666666667,1,15,15,0.271803506199474
5251,67,28,1.38541666666667,0.572916666666667,1,33,33,0.292253549661723
5252,68,28,1.40625,0.572916666666667,1,18,18,0.312741932419978
5253,69,28,1.42708333333333,0.572916666666667,1,23,23,0.333263215480946
5254,70,28,1.44791666666667,0.572916666666667,1,20,20,0.353812935641499
5255,71,28,1.46875,0.572916666666667,1,27,27,0.374387397363988
5256,72,28,1.48958333333333,0.572916666666667,1,26,26,0.394983515438197
5257,73,28,1.51041666666667,0.572916666666667,1,22,22,0.415598694615191
5258,74,28,1.53125,0.572916666666667,1,14,14,0.43623073650974
5259,75,28,1.55208333333333,0.572916666666667,1,16,16,0.456877766859319
5260,76,28,1.57291666666667,0.572916666666667,1,25,25,0.477538178151213
5261,77,28,1.59375,0.572916666666667,1,18,18,0.498210583973385
5262,78,28,1.61458333333333,0.572916666666667,1,29,29,0.518893782396373
5263,79,28,1.63541666666667,0.572916666666667,1,22,22,0.539586726375365
5264,80,28,1.65625,0.572916666666667,1,22,22,0.560288499655853
5265,81,28,1.67708333333333,0.572916666666667,1,20,20,0.580998297028381
5266,82,28,1.69791666666667,0.572916666666667,1,25,25,0.601715408045804
5267,83,28,1.71875,0.572916666666667,1,16,16,0.622439203516654
5268,84,28,1.73958333333333,0.572916666666667,1,27,27,0.64316912423904
5269,85,28,1.76041666666667,0.572916666666667,1,35,35,0.663904671554129
5270,86,28,1.78125,0.572916666666667,1,18,18,0.684645399386103
5271,87,28,1.80208333333333,0.572916666666667,1,20,20,0.705390907503238
5272,88,28,1.82291666666667,0.572916666666667,1,32,32,0.726140835787431
5273,89,28,1.84375,0.572916666666667,1,15,15,0.746894859340744
5274,90,28,1.86458333333333,0.572916666666667,1,15,15,0.76765268428995
5275,91,28,1.88541666666667,0.572916666666667,1,17,17,0.78841404417585
5276,92,28,1.90625,0.572916666666667,1,21,21,0.809178696834554
5277,93,28,1.92708333333333,0.572916666666667,1,30,30,0.829946421694402
5278,94,28,1.94791666666667,0.572916666666667,1,11,11,0.850717017425386
5279,95,28,1.96875,0.572916666666667,1,14,14,0.87149029988867
5280,96,28,1.98958333333333,0.572916666666667,1,16,16,0.892266100342488
5281,97,28,2.01041666666667,0.572916666666667,1,21,21,0.913044263867851
5282,98,28,2.03125,0.572916666666667,1,21,21,0.933824647983292
5283,99,28,2.05208333333333,0.572916666666667,1,17,17,0.954607121422739
5284,100,28,2.07291666666667,0.572916666666667,1,11,11,0.975391563054541
5285,101,28,2.09375,0.572916666666667,1,25,25,0.996177860923025
5286,102,28,2.11458333333333,0.572916666666667,1,9,9,1.01696591139668
5287,103,28,2.13541666666667,0.572916666666667,1,16,16,1.03775561840943
5288,104,28,2.15625,0.572916666666667,1,15,15,1.05854689278327
5289,105,28,2.17708333333333,0.572916666666667,1,18,18,1.07933965162242
5290,106,28,2.19791666666667,0.572916666666667,1,20,20,1.10013381777015
5291,107,28,2.21875,0.572916666666667,1,21,21,1.12092931932106
5292,108,28,2.23958333333333,0.572916666666667,1,18,18,1.14172608918213
5293,109,28,2.26041666666667,0.572916666666667,1,17,17,1.16252406467714
5294,110,28,2.28125,0.572916666666667,1,13,13,1.18332318718933
5295,111,28,2.30208333333333,0.572916666666667,1,15,15,1.20412340183827
5296,112,28,2.32291666666667,0.572916666666667,1,19,19,1.22492465718705
5297,113,28,2.34375,0.572916666666667,1,28,28,1.24572690497655
5298,114,28,2.36458333333333,0.572916666666667,1,21,21,1.26653009988397
5299,115,28,2.38541666666667,0.572916666666667,1,26,26,1.28733419930295
5300,116,28,2.40625,0.572916666666667,1,17,17,1.30813916314325
5301,117,28,2.42708333333333,0.572916666666667,1,24,24,1.32894495364781
5302,118,28,2.44791666666667,0.572916666666667,1,21,21,1.34975153522557
5303,119,28,2.46875,0.572916666666667,1,13,13,1.3705588742984
5304,120,28,2.48958333333333,0.572916666666667,1,20,20,1.39136693916092
5305,121,28,2.51041666666667,0.572916666666667,1,19,19,1.41217569985178
5306,122,28,2.53125,0.572916666666667,1,17,17,1.43298512803542
5307,123,28,2.55208333333333,0.572916666666667,1,13,13,1.45379519689336
5308,124,28,2.57291666666667,0.572916666666667,1,18,18,1.47460588102406
5309,125,28,2.59375,0.572916666666667,1,15,15,1.49541715635058
5310,126,28,2.61458333333333,0.572916666666667,1,11,11,1.51622900003544
5311,127,28,2.63541666666667,0.572916666666667,1,22,22,1.53704139040187
5312,128,28,2.65625,0.572916666666667,1,30,30,1.55785430686106
5313,129,28,2.67708333333333,0.572916666666667,1,18,18,1.57866772984478
5314,130,28,2.69791666666667,0.572916666666667,1,14,14,1.59948164074291
5315,131,28,2.71875,0.572916666666667,1,17,17,1.62029602184559
5316,132,28,2.73958333333333,0.572916666666667,1,12,12,1.64111085628942
5317,133,28,2.76041666666667,0.572916666666667,1,20,20,1.66192612800752
5318,134,28,2.78125,0.572916666666667,1,15,15,1.68274182168304
5319,135,28,2.80208333333333,0.572916666666667,1,22,22,1.70355792270599
5320,136,28,2.82291666666667,0.572916666666667,1,13,13,1.72437441713287
5321,137,28,2.84375,0.572916666666667,1,23,23,1.74519129164913
5322,138,28,2.86458333333333,0.572916666666667,1,16,16,1.76600853353414
5323,139,28,2.88541666666667,0.572916666666667,1,13,13,1.78682613062842
5324,140,28,2.90625,0.572916666666667,1,21,21,1.80764407130308
5325,141,28,2.92708333333333,0.572916666666667,1,28,28,1.82846234443115
5326,142,28,2.94791666666667,0.572916666666667,1,9,9,1.84928093936086
5327,143,28,2.96875,0.572916666666667,1,14,14,1.8700998458905
5328,144,28,2.98958333333333,0.572916666666667,1,13,13,1.89091905424494
5329,145,28,3.01041666666667,0.572916666666667,1,19,19,1.91173855505354
5330,146,28,3.03125,0.572916666666667,1,21,21,1.93255833932947
5331,147,28,3.05208333333333,0.572916666666667,1,23,23,1.95337839845028
5332,148,28,3.07291666666667,0.572916666666667,1,17,17,1.97419872413957
5333,149,28,3.09375,0.572916666666667,1,9,9,1.99501930844987
5334,150,28,3.11458333333333,0.572916666666667,1,19,19,2.01584014374642
5335,151,28,3.13541666666667,0.572916666666667,1,19,19,2.03666122269197
5336,152,28,3.15625,0.572916666666667,1,10,10,2.05748253823241
5337,153,28,3.17708333333333,0.572916666666667,1,16,16,2.07830408358327
5338,154,28,3.19791666666667,0.572916666666667,1,28,28,2.09912585221694
5339,155,28,3.21875,0.572916666666667,1,21,21,2.11994783785065
5340,156,28,3.23958333333333,0.572916666666667,1,16,16,2.14077003443509
5341,157,28,3.26041666666667,0.572916666666667,1,29,29,2.16159243614366
5342,158,28,3.28125,0.572916666666667,1,17,17,2.18241503736235
5343,159,28,3.30208333333333,0.572916666666667,1,31,31,2.20323783268009
5344,160,28,3.32291666666667,0.572916666666667,1,20,20,2.2240608168797
5345,161,28,3.34375,0.572916666666667,1,17,17,2.24488398492927
5346,162,28,3.36458333333333,0.572916666666667,1,21,21,2.265707331974
5347,163,28,3.38541666666667,0.572916666666667,1,22,22,2.28653085332851
5348,164,28,3.40625,0.572916666666667,1,5,5,2.30735454446946
5349,165,28,3.42708333333333,0.572916666666667,1,18,18,2.32817840102868
5350,166,28,3.44791666666667,0.572916666666667,1,33,33,2.34900241878652
5351,167,28,3.46875,0.572916666666667,1,22,22,2.36982659366559
5352,168,28,3.48958333333333,0.572916666666667,1,13,13,2.39065092172486
5353,169,28,3.51041666666667,0.572916666666667,1,10,10,2.41147539915396
5354,170,28,3.53125,0.572916666666667,1,16,16,2.43230002226785
5355,171,28,3.55208333333333,0.572916666666667,1,20,20,2.45312478750169
5356,172,28,3.57291666666667,0.572916666666667,1,21,21,2.47394969140597
5357,173,28,3.59375,0.572916666666667,1,11,11,2.49477473064191
5358,174,28,3.61458333333333,0.572916666666667,1,13,13,2.51559990197702
5359,175,28,3.63541666666667,0.572916666666667,1,21,21,2.53642520228096
5360,176,28,3.65625,0.572916666666667,1,22,22,2.55725062852148
5361,177,28,3.67708333333333,0.572916666666667,1,24,24,2.57807617776061
5362,178,28,3.69791666666667,0.572916666666667,1,14,14,2.59890184715109
5363,179,28,3.71875,0.572916666666667,1,19,19,2.61972763393281
5364,180,28,3.73958333333333,0.572916666666667,1,19,19,2.64055353542958
5365,181,28,3.76041666666667,0.572916666666667,1,18,18,2.66137954904589
5366,182,28,3.78125,0.572916666666667,1,15,15,2.68220567226396
5367,183,28,3.80208333333333,0.572916666666667,1,24,24,2.70303190264082
5368,184,28,3.82291666666667,0.572916666666667,1,9,9,2.72385823780554
5369,185,28,3.84375,0.572916666666667,1,26,26,2.74468467545663
5370,186,28,3.86458333333333,0.572916666666667,1,22,22,2.76551121335947
5371,187,28,3.88541666666667,0.572916666666667,1,19,19,2.78633784934397
5372,188,28,3.90625,0.572916666666667,1,12,12,2.80716458130216
5373,189,28,3.92708333333333,0.572916666666667,1,17,17,2.82799140718609
5374,190,28,3.94791666666667,0.572916666666667,1,28,28,2.84881832500561
5375,191,28,3.96875,0.572916666666667,1,22,22,2.86964533282643
5376,192,28,3.98958333333333,0.572916666666667,1,22,22,2.89047242876811
5377,1,29,0.0104166666666667,0.59375,1,21,21,0.894014203173733
5378,2,29,0.03125,0.59375,1,22,22,0.87327571889984
5379,3,29,0.0520833333333333,0.59375,1,19,19,0.852541374137861
5380,4,29,0.0729166666666667,0.59375,1,20,20,0.831811445220783
5381,5,29,0.09375,0.59375,1,22,22,0.811086233569578
5382,6,29,0.114583333333333,0.59375,1,22,22,0.790366068598254
5383,7,29,0.135416666666667,0.59375,1,29,29,0.769651311030908
5384,8,29,0.15625,0.59375,1,7,7,0.748942356700383
5385,9,29,0.177083333333333,0.59375,1,19,19,0.728239640911843
5386,10,29,0.197916666666667,0.59375,1,18,18,0.70754364347143
5387,11,29,0.21875,0.59375,1,22,22,0.686854894500886
5388,12,29,0.239583333333333,0.59375,1,14,14,0.666173981184721
5389,13,29,0.260416666666667,0.59375,1,20,20,0.645501555628454
5390,14,29,0.28125,0.59375,1,16,16,0.62483834404645
5391,15,29,0.302083333333333,0.59375,1,14,14,0.604185157548149
5392,16,29,0.322916666666667,0.59375,1,20,20,0.583542904855122
5393,17,29,0.34375,0.59375,1,26,26,0.562912607362388
5394,18,29,0.364583333333333,0.59375,1,15,15,0.542295417061167
5395,19,29,0.385416666666667,0.59375,1,16,16,0.521692637974032
5396,20,29,0.40625,0.59375,1,31,31,0.50110575192723
5397,21,29,0.427083333333333,0.59375,1,28,28,0.480536449712199
5398,22,29,0.447916666666667,0.59375,1,18,18,0.459986668988151
5399,23,29,0.46875,0.59375,1,15,15,0.439458640676002
5400,24,29,0.489583333333333,0.59375,1,28,28,0.418954946128381
5401,25,29,0.510416666666667,0.59375,1,27,27,0.398478588083558
5402,26,29,0.53125,0.59375,1,32,32,0.378033079399324
5403,27,29,0.552083333333333,0.59375,1,26,26,0.35762255492685
5404,28,29,0.572916666666667,0.59375,1,23,23,0.33725191378782
5405,29,29,0.59375,0.59375,1,22,22,0.316927002003948
5406,30,29,0.614583333333333,0.59375,1,30,30,0.296654849263745
5407,31,29,0.635416666666667,0.59375,1,27,27,0.27644397915818
5408,32,29,0.65625,0.59375,1,13,13,0.256304820343481
5409,33,29,0.677083333333333,0.59375,1,21,21,0.236250258157687
5410,34,29,0.697916666666667,0.59375,1,34,34,0.216296384389354
5411,35,29,0.71875,0.59375,1,28,28,0.196463530640786
5412,36,29,0.739583333333333,0.59375,1,30,30,0.176777713658051
5413,37,29,0.760416666666667,0.59375,1,15,15,0.157272688233926
5414,38,29,0.78125,0.59375,1,13,13,0.137992909558247
5415,39,29,0.802083333333333,0.59375,1,24,24,0.118997875433632
5416,40,29,0.822916666666667,0.59375,1,26,26,0.100368583975743
5417,41,29,0.84375,0.59375,1,25,25,0.0822172467139156
5418,42,29,0.864583333333333,0.59375,1,20,20,0.0647019614671032
5419,43,29,0.885416666666667,0.59375,1,25,25,0.0480486500369989
5420,44,29,0.90625,0.59375,1,20,20,0.0325825214724776
5421,45,29,0.927083333333333,0.59375,1,24,24,0.0187682734478269
5422,46,29,0.947916666666667,0.59375,1,19,19,0.00724614730194793
5423,47,29,0.96875,0.59375,0,0,0,-0.00117882311973815
5424,48,29,0.989583333333333,0.59375,0,0,0,-0.00567307147773524
5425,49,29,1.01041666666667,0.59375,0,0,0,-0.00567307147773527
5426,50,29,1.03125,0.59375,0,0,0,-0.00117882311973815
5427,51,29,1.05208333333333,0.59375,1,19,19,0.00724614730194788
5428,52,29,1.07291666666667,0.59375,1,20,20,0.0187682734478268
5429,53,29,1.09375,0.59375,1,21,21,0.0325825214724776
5430,54,29,1.11458333333333,0.59375,1,19,19,0.0480486500369988
5431,55,29,1.13541666666667,0.59375,1,24,24,0.064701961467103
5432,56,29,1.15625,0.59375,1,14,14,0.0822172467139156
5433,57,29,1.17708333333333,0.59375,1,17,17,0.100368583975743
5434,58,29,1.19791666666667,0.59375,1,17,17,0.118997875433631
5435,59,29,1.21875,0.59375,1,25,25,0.137992909558247
5436,60,29,1.23958333333333,0.59375,1,13,13,0.157272688233926
5437,61,29,1.26041666666667,0.59375,1,11,11,0.17677771365805
5438,62,29,1.28125,0.59375,1,24,24,0.196463530640786
5439,63,29,1.30208333333333,0.59375,1,16,16,0.216296384389354
5440,64,29,1.32291666666667,0.59375,1,23,23,0.236250258157687
5441,65,29,1.34375,0.59375,1,22,22,0.256304820343481
5442,66,29,1.36458333333333,0.59375,1,26,26,0.27644397915818
5443,67,29,1.38541666666667,0.59375,1,19,19,0.296654849263745
5444,68,29,1.40625,0.59375,1,23,23,0.316927002003948
5445,69,29,1.42708333333333,0.59375,1,16,16,0.33725191378782
5446,70,29,1.44791666666667,0.59375,1,28,28,0.35762255492685
5447,71,29,1.46875,0.59375,1,32,32,0.378033079399324
5448,72,29,1.48958333333333,0.59375,1,35,35,0.398478588083558
5449,73,29,1.51041666666667,0.59375,1,19,19,0.418954946128381
5450,74,29,1.53125,0.59375,1,19,19,0.439458640676002
5451,75,29,1.55208333333333,0.59375,1,26,26,0.45998666898815
5452,76,29,1.57291666666667,0.59375,1,28,28,0.480536449712199
5453,77,29,1.59375,0.59375,1,19,19,0.50110575192723
5454,78,29,1.61458333333333,0.59375,1,14,14,0.521692637974032
5455,79,29,1.63541666666667,0.59375,1,18,18,0.542295417061166
5456,80,29,1.65625,0.59375,1,12,12,0.562912607362388
5457,81,29,1.67708333333333,0.59375,1,21,21,0.583542904855122
5458,82,29,1.69791666666667,0.59375,1,21,21,0.604185157548149
5459,83,29,1.71875,0.59375,1,15,15,0.62483834404645
5460,84,29,1.73958333333333,0.59375,1,36,36,0.645501555628454
5461,85,29,1.76041666666667,0.59375,1,19,19,0.66617398118472
5462,86,29,1.78125,0.59375,1,30,30,0.686854894500886
5463,87,29,1.80208333333333,0.59375,1,19,19,0.707543643471429
5464,88,29,1.82291666666667,0.59375,1,18,18,0.728239640911842
5465,89,29,1.84375,0.59375,1,21,21,0.748942356700383
5466,90,29,1.86458333333333,0.59375,1,17,17,0.769651311030908
5467,91,29,1.88541666666667,0.59375,1,20,20,0.790366068598254
5468,92,29,1.90625,0.59375,1,22,22,0.811086233569578
5469,93,29,1.92708333333333,0.59375,1,16,16,0.831811445220783
5470,94,29,1.94791666666667,0.59375,1,36,36,0.852541374137861
5471,95,29,1.96875,0.59375,1,26,26,0.87327571889984
5472,96,29,1.98958333333333,0.59375,1,26,26,0.894014203173733
5473,97,29,2.01041666666667,0.59375,1,26,26,0.914756573163129
5474,98,29,2.03125,0.59375,1,17,17,0.935502595361306
5475,99,29,2.05208333333333,0.59375,1,17,17,0.956252054567364
5476,100,29,2.07291666666667,0.59375,1,20,20,0.977004752130236
5477,101,29,2.09375,0.59375,1,24,24,0.997760504390644
5478,102,29,2.11458333333333,0.59375,1,18,18,1.01851914129551
5479,103,29,2.13541666666667,0.59375,1,25,25,1.03928050516299
5480,104,29,2.15625,0.59375,1,6,6,1.06004444957941
5481,105,29,2.17708333333333,0.59375,1,21,21,1.08081083841194
5482,106,29,2.19791666666667,0.59375,1,21,21,1.10157954492317
5483,107,29,2.21875,0.59375,1,18,18,1.1223504509755
5484,108,29,2.23958333333333,0.59375,1,16,16,1.14312344631488
5485,109,29,2.26041666666667,0.59375,1,23,23,1.16389842792493
5486,110,29,2.28125,0.59375,1,20,20,1.1846752994434
5487,111,29,2.30208333333333,0.59375,1,8,8,1.20545397063414
5488,112,29,2.32291666666667,0.59375,1,28,28,1.22623435690848
5489,113,29,2.34375,0.59375,1,18,18,1.24701637889077
5490,114,29,2.36458333333333,0.59375,1,18,18,1.26779996202336
5491,115,29,2.38541666666667,0.59375,1,31,31,1.28858503620692
5492,116,29,2.40625,0.59375,1,21,21,1.30937153547246
5493,117,29,2.42708333333333,0.59375,1,16,16,1.33015939768187
5494,118,29,2.44791666666667,0.59375,1,18,18,1.35094856425413
5495,119,29,2.46875,0.59375,1,25,25,1.37173897991458
5496,120,29,2.48958333333333,0.59375,1,27,27,1.39253059246517
5497,121,29,2.51041666666667,0.59375,1,19,19,1.41332335257355
5498,122,29,2.53125,0.59375,1,22,22,1.4341172135792
5499,123,29,2.55208333333333,0.59375,1,16,16,1.45491213131518
5500,124,29,2.57291666666667,0.59375,1,16,16,1.47570806394388
5501,125,29,2.59375,0.59375,1,24,24,1.4965049718056
5502,126,29,2.61458333333333,0.59375,1,22,22,1.51730281727875
5503,127,29,2.63541666666667,0.59375,1,19,19,1.53810156465071
5504,128,29,2.65625,0.59375,1,23,23,1.55890117999837
5505,129,29,2.67708333333333,0.59375,1,13,13,1.57970163107751
5506,130,29,2.69791666666667,0.59375,1,20,20,1.60050288722026
5507,131,29,2.71875,0.59375,1,20,20,1.62130491924005
5508,132,29,2.73958333333333,0.59375,1,33,33,1.64210769934327
5509,133,29,2.76041666666667,0.59375,1,23,23,1.66291120104723
5510,134,29,2.78125,0.59375,1,15,15,1.68371539910379
5511,135,29,2.80208333333333,0.59375,1,10,10,1.70452026942835
5512,136,29,2.82291666666667,0.59375,1,24,24,1.72532578903359
5513,137,29,2.84375,0.59375,1,25,25,1.74613193596774
5514,138,29,2.86458333333333,0.59375,1,19,19,1.76693868925695
5515,139,29,2.88541666666667,0.59375,1,14,14,1.78774602885146
5516,140,29,2.90625,0.59375,1,18,18,1.80855393557531
5517,141,29,2.92708333333333,0.59375,1,20,20,1.82936239107927
5518,142,29,2.94791666666667,0.59375,1,29,29,1.85017137779678
5519,143,29,2.96875,0.59375,1,23,23,1.87098087890268
5520,144,29,2.98958333333333,0.59375,1,7,7,1.89179087827457
5521,145,29,3.01041666666667,0.59375,1,30,30,1.91260136045644
5522,146,29,3.03125,0.59375,1,23,23,1.93341231062468
5523,147,29,3.05208333333333,0.59375,1,15,15,1.95422371455605
5524,148,29,3.07291666666667,0.59375,1,21,21,1.9750355585976
5525,149,29,3.09375,0.59375,1,27,27,1.9958478296384
5526,150,29,3.11458333333333,0.59375,1,17,17,2.01666051508292
5527,151,29,3.13541666666667,0.59375,1,20,20,2.03747360282596
5528,152,29,3.15625,0.59375,1,24,24,2.058287081229
5529,153,29,3.17708333333333,0.59375,1,15,15,2.079100939098
5530,154,29,3.19791666666667,0.59375,1,27,27,2.09991516566233
5531,155,29,3.21875,0.59375,1,24,24,2.12072975055498
5532,156,29,3.23958333333333,0.59375,1,19,19,2.14154468379384
5533,157,29,3.26041666666667,0.59375,1,17,17,2.16235995576399
5534,158,29,3.28125,0.59375,1,14,14,2.18317555720098
5535,159,29,3.30208333333333,0.59375,1,23,23,2.20399147917502
5536,160,29,3.32291666666667,0.59375,1,4,4,2.22480771307602
5537,161,29,3.34375,0.59375,1,15,15,2.2456242505994
5538,162,29,3.36458333333333,0.59375,1,8,8,2.26644108373265
5539,163,29,3.38541666666667,0.59375,1,21,21,2.28725820474265
5540,164,29,3.40625,0.59375,1,18,18,2.30807560616356
5541,165,29,3.42708333333333,0.59375,1,21,21,2.3288932807854
5542,166,29,3.44791666666667,0.59375,1,13,13,2.34971122164316
5543,167,29,3.46875,0.59375,1,13,13,2.37052942200655
5544,168,29,3.48958333333333,0.59375,1,23,23,2.3913478753701
5545,169,29,3.51041666666667,0.59375,1,11,11,2.41216657544395
5546,170,29,3.53125,0.59375,1,31,31,2.43298551614493
5547,171,29,3.55208333333333,0.59375,1,12,12,2.45380469158818
5548,172,29,3.57291666666667,0.59375,1,23,23,2.4746240960791
5549,173,29,3.59375,0.59375,1,19,19,2.49544372410576
5550,174,29,3.61458333333333,0.59375,1,15,15,2.51626357033164
5551,175,29,3.63541666666667,0.59375,1,16,16,2.53708362958865
5552,176,29,3.65625,0.59375,1,8,8,2.55790389687061
5553,177,29,3.67708333333333,0.59375,1,23,23,2.57872436732694
5554,178,29,3.69791666666667,0.59375,1,14,14,2.59954503625662
5555,179,29,3.71875,0.59375,1,25,25,2.62036589910255
5556,180,29,3.73958333333333,0.59375,1,22,22,2.64118695144599
5557,181,29,3.76041666666667,0.59375,1,10,10,2.66200818900146
5558,182,29,3.78125,0.59375,1,14,14,2.68282960761165
5559,183,29,3.80208333333333,0.59375,1,17,17,2.70365120324274
5560,184,29,3.82291666666667,0.59375,1,21,21,2.72447297197981
5561,185,29,3.84375,0.59375,1,23,23,2.74529491002251
5562,186,29,3.86458333333333,0.59375,1,24,24,2.7661170136809
5563,187,29,3.88541666666667,0.59375,1,24,24,2.78693927937146
5564,188,29,3.90625,0.59375,1,20,20,2.80776170361328
5565,189,29,3.92708333333333,0.59375,1,15,15,2.82858428302444
5566,190,29,3.94791666666667,0.59375,1,20,20,2.84940701431849
5567,191,29,3.96875,0.59375,1,19,19,2.87022989430111
5568,192,29,3.98958333333333,0.59375,1,15,15,2.89105291986692
5569,1,30,0.0104166666666667,0.614583333333333,1,20,20,0.896195018000436
5570,2,30,0.03125,0.614583333333333,1,27,27,0.875502897370263
5571,3,30,0.0520833333333333,0.614583333333333,1,17,17,0.854816918169249
5572,4,30,0.0729166666666667,0.614583333333333,1,26,26,0.834137488393557
5573,5,30,0.09375,0.614583333333333,1,29,29,0.81346505284974
5574,6,30,0.114583333333333,0.614583333333333,1,16,16,0.792800097384005
5575,7,30,0.135416666666667,0.614583333333333,1,28,28,0.772143153705603
5576,8,30,0.15625,0.614583333333333,1,32,32,0.751494804903575
5577,9,30,0.177083333333333,0.614583333333333,1,20,20,0.730855691775386
5578,10,30,0.197916666666667,0.614583333333333,1,19,19,0.710226520109586
5579,11,30,0.21875,0.614583333333333,1,35,35,0.689608069093634
5580,12,30,0.239583333333333,0.614583333333333,1,8,8,0.669001201053823
5581,13,30,0.260416666666667,0.614583333333333,1,17,17,0.648406872778586
5582,14,30,0.28125,0.614583333333333,1,17,17,0.627826148731809
5583,15,30,0.302083333333333,0.614583333333333,1,16,16,0.607260216531998
5584,16,30,0.322916666666667,0.614583333333333,1,16,16,0.586710405160396
5585,17,30,0.34375,0.614583333333333,1,36,36,0.566178206471645
5586,18,30,0.364583333333333,0.614583333333333,1,17,17,0.545665300721322
5587,19,30,0.385416666666667,0.614583333333333,1,21,21,0.525173587005152
5588,20,30,0.40625,0.614583333333333,1,27,27,0.5047052197375
5589,21,30,0.427083333333333,0.614583333333333,1,29,29,0.484262652599173
5590,22,30,0.447916666666667,0.614583333333333,1,18,18,0.463848691780182
5591,23,30,0.46875,0.614583333333333,1,12,12,0.443466560864399
5592,24,30,0.489583333333333,0.614583333333333,1,18,18,0.423119980395405
5593,25,30,0.510416666666667,0.614583333333333,1,18,18,0.402813266089465
5594,26,30,0.53125,0.614583333333333,1,7,7,0.38255145091252
5595,27,30,0.552083333333333,0.614583333333333,1,22,22,0.362340437941086
5596,28,30,0.572916666666667,0.614583333333333,1,9,9,0.342187193266482
5597,29,30,0.59375,0.614583333333333,1,26,26,0.322099991444892
5598,30,30,0.614583333333333,0.614583333333333,1,13,13,0.302088730533725
5599,31,30,0.635416666666667,0.614583333333333,1,19,19,0.28216534016342
5600,32,30,0.65625,0.614583333333333,1,27,27,0.262344315227627
5601,33,30,0.677083333333333,0.614583333333333,1,18,18,0.242643420904136
5602,34,30,0.697916666666667,0.614583333333333,1,22,22,0.223084633734809
5603,35,30,0.71875,0.614583333333333,1,25,25,0.203695411189859
5604,36,30,0.739583333333333,0.614583333333333,1,19,19,0.184510422578076
5605,37,30,0.760416666666667,0.614583333333333,1,24,24,0.165573932999624
5606,38,30,0.78125,0.614583333333333,1,24,24,0.146943116481869
5607,39,30,0.802083333333333,0.614583333333333,1,23,23,0.12869269166771
5608,40,30,0.822916666666667,0.614583333333333,1,19,19,0.110921424284548
5609,41,30,0.84375,0.614583333333333,1,29,29,0.093761200393107
5610,42,30,0.864583333333333,0.614583333333333,1,15,15,0.0773894413117334
5611,43,30,0.885416666666667,0.614583333333333,1,30,30,0.0620453040219171
5612,44,30,0.90625,0.614583333333333,1,25,25,0.0480486500369988
5613,45,30,0.927083333333333,0.614583333333333,1,30,30,0.0358167167750552
5614,46,30,0.947916666666667,0.614583333333333,1,16,16,0.0258650622249434
5615,47,30,0.96875,0.614583333333333,1,18,18,0.0187682734478268
5616,48,30,0.989583333333333,0.614583333333333,1,20,20,0.0150558439290339
5617,49,30,1.01041666666667,0.614583333333333,1,14,14,0.0150558439290339
5618,50,30,1.03125,0.614583333333333,1,30,30,0.0187682734478268
5619,51,30,1.05208333333333,0.614583333333333,1,23,23,0.0258650622249434
5620,52,30,1.07291666666667,0.614583333333333,1,4,4,0.035816716775055
5621,53,30,1.09375,0.614583333333333,1,19,19,0.0480486500369988
5622,54,30,1.11458333333333,0.614583333333333,1,14,14,0.062045304021917
5623,55,30,1.13541666666667,0.614583333333333,1,28,28,0.0773894413117332
5624,56,30,1.15625,0.614583333333333,1,13,13,0.093761200393107
5625,57,30,1.17708333333333,0.614583333333333,1,20,20,0.110921424284548
5626,58,30,1.19791666666667,0.614583333333333,1,26,26,0.12869269166771
5627,59,30,1.21875,0.614583333333333,1,18,18,0.146943116481869
5628,60,30,1.23958333333333,0.614583333333333,1,18,18,0.165573932999624
5629,61,30,1.26041666666667,0.614583333333333,1,13,13,0.184510422578076
5630,62,30,1.28125,0.614583333333333,1,22,22,0.203695411189859
5631,63,30,1.30208333333333,0.614583333333333,1,15,15,0.223084633734809
5632,64,30,1.32291666666667,0.614583333333333,1,27,27,0.242643420904136
5633,65,30,1.34375,0.614583333333333,1,14,14,0.262344315227627
5634,66,30,1.36458333333333,0.614583333333333,1,24,24,0.28216534016342
5635,67,30,1.38541666666667,0.614583333333333,1,10,10,0.302088730533724
5636,68,30,1.40625,0.614583333333333,1,17,17,0.322099991444892
5637,69,30,1.42708333333333,0.614583333333333,1,21,21,0.342187193266482
5638,70,30,1.44791666666667,0.614583333333333,1,21,21,0.362340437941086
5639,71,30,1.46875,0.614583333333333,1,18,18,0.38255145091252
5640,72,30,1.48958333333333,0.614583333333333,1,36,36,0.402813266089465
5641,73,30,1.51041666666667,0.614583333333333,1,4,4,0.423119980395405
5642,74,30,1.53125,0.614583333333333,1,14,14,0.443466560864399
5643,75,30,1.55208333333333,0.614583333333333,1,20,20,0.463848691780182
5644,76,30,1.57291666666667,0.614583333333333,1,21,21,0.484262652599173
5645,77,30,1.59375,0.614583333333333,1,10,10,0.5047052197375
5646,78,30,1.61458333333333,0.614583333333333,1,21,21,0.525173587005152
5647,79,30,1.63541666666667,0.614583333333333,1,23,23,0.545665300721322
5648,80,30,1.65625,0.614583333333333,1,28,28,0.566178206471645
5649,81,30,1.67708333333333,0.614583333333333,1,16,16,0.586710405160396
5650,82,30,1.69791666666667,0.614583333333333,1,28,28,0.607260216531998
5651,83,30,1.71875,0.614583333333333,1,28,28,0.627826148731809
5652,84,30,1.73958333333333,0.614583333333333,1,21,21,0.648406872778586
5653,85,30,1.76041666666667,0.614583333333333,1,18,18,0.669001201053823
5654,86,30,1.78125,0.614583333333333,1,25,25,0.689608069093634
5655,87,30,1.80208333333333,0.614583333333333,1,29,29,0.710226520109586
5656,88,30,1.82291666666667,0.614583333333333,1,13,13,0.730855691775386
5657,89,30,1.84375,0.614583333333333,1,21,21,0.751494804903575
5658,90,30,1.86458333333333,0.614583333333333,1,21,21,0.772143153705603
5659,91,30,1.88541666666667,0.614583333333333,1,17,17,0.792800097384005
5660,92,30,1.90625,0.614583333333333,1,20,20,0.81346505284974
5661,93,30,1.92708333333333,0.614583333333333,1,22,22,0.834137488393557
5662,94,30,1.94791666666667,0.614583333333333,1,14,14,0.854816918169249
5663,95,30,1.96875,0.614583333333333,1,26,26,0.875502897370263
5664,96,30,1.98958333333333,0.614583333333333,1,11,11,0.896195018000436
5665,97,30,2.01041666666667,0.614583333333333,1,26,26,0.916892905155482
5666,98,30,2.03125,0.614583333333333,1,17,17,0.937596213744912
5667,99,30,2.05208333333333,0.614583333333333,1,12,12,0.958304625594897
5668,100,30,2.07291666666667,0.614583333333333,1,16,16,0.979017846881546
5669,101,30,2.09375,0.614583333333333,1,34,34,0.999735605851596
5670,102,30,2.11458333333333,0.614583333333333,1,5,5,1.02045765079374
5671,103,30,2.13541666666667,0.614583333333333,1,32,32,1.0411837482291
5672,104,30,2.15625,0.614583333333333,1,19,19,1.06191368129383
5673,105,30,2.17708333333333,0.614583333333333,1,27,27,1.08264724829041
5674,106,30,2.19791666666667,0.614583333333333,1,27,27,1.10338426138767
5675,107,30,2.21875,0.614583333333333,1,21,21,1.12412454545188
5676,108,30,2.23958333333333,0.614583333333333,1,9,9,1.14486793699394
5677,109,30,2.26041666666667,0.614583333333333,1,36,36,1.16561428321937
5678,110,30,2.28125,0.614583333333333,1,20,20,1.18636344116963
5679,111,30,2.30208333333333,0.614583333333333,1,9,9,1.2071152769447
5680,112,30,2.32291666666667,0.614583333333333,1,21,21,1.22786966499812
5681,113,30,2.34375,0.614583333333333,1,15,15,1.24862648749673
5682,114,30,2.36458333333333,0.614583333333333,1,16,16,1.26938563373832
5683,115,30,2.38541666666667,0.614583333333333,1,16,16,1.2901469996211
5684,116,30,2.40625,0.614583333333333,1,31,31,1.3109104871599
5685,117,30,2.42708333333333,0.614583333333333,1,9,9,1.33167600404406
5686,118,30,2.44791666666667,0.614583333333333,1,23,23,1.35244346323321
5687,119,30,2.46875,0.614583333333333,1,10,10,1.37321278258702
5688,120,30,2.48958333333333,0.614583333333333,1,23,23,1.39398388452561
5689,121,30,2.51041666666667,0.614583333333333,1,23,23,1.4147566957179
5690,122,30,2.53125,0.614583333333333,1,22,22,1.43553114679507
5691,123,30,2.55208333333333,0.614583333333333,1,16,16,1.45630717208682
5692,124,30,2.57291666666667,0.614583333333333,1,16,16,1.47708470937853
5693,125,30,2.59375,0.614583333333333,1,18,18,1.49786369968711
5694,126,30,2.61458333333333,0.614583333333333,1,19,19,1.51864408705421
5695,127,30,2.63541666666667,0.614583333333333,1,28,28,1.53942581835498
5696,128,30,2.65625,0.614583333333333,1,13,13,1.56020884312118
5697,129,30,2.67708333333333,0.614583333333333,1,16,16,1.58099311337739
5698,130,30,2.69791666666667,0.614583333333333,1,18,18,1.60177858348912
5699,131,30,2.71875,0.614583333333333,1,26,26,1.6225652100219
5700,132,30,2.73958333333333,0.614583333333333,1,24,24,1.64335295161046
5701,133,30,2.76041666666667,0.614583333333333,1,25,25,1.66414176883706
5702,134,30,2.78125,0.614583333333333,1,25,25,1.68493162411835
5703,135,30,2.80208333333333,0.614583333333333,1,19,19,1.70572248159997
5704,136,30,2.82291666666667,0.614583333333333,1,22,22,1.72651430705836
5705,137,30,2.84375,0.614583333333333,1,15,15,1.74730706780919
5706,138,30,2.86458333333333,0.614583333333333,1,9,9,1.76810073262183
5707,139,30,2.88541666666667,0.614583333333333,1,18,18,1.78889527163954
5708,140,30,2.90625,0.614583333333333,1,23,23,1.80969065630478
5709,141,30,2.92708333333333,0.614583333333333,1,15,15,1.83048685928936
5710,142,30,2.94791666666667,0.614583333333333,1,17,17,1.85128385442907
5711,143,30,2.96875,0.614583333333333,1,19,19,1.8720816166624
5712,144,30,2.98958333333333,0.614583333333333,1,13,13,1.89288012197311
5713,145,30,3.01041666666667,0.614583333333333,1,19,19,1.91367934733633
5714,146,30,3.03125,0.614583333333333,1,20,20,1.934479270668
5715,147,30,3.05208333333333,0.614583333333333,1,36,36,1.95527987077727
5716,148,30,3.07291666666667,0.614583333333333,1,19,19,1.97608112732191
5717,149,30,3.09375,0.614583333333333,1,24,24,1.99688302076625
5718,150,30,3.11458333333333,0.614583333333333,1,17,17,2.01768553234159
5719,151,30,3.13541666666667,0.614583333333333,1,15,15,2.03848864400902
5720,152,30,3.15625,0.614583333333333,1,31,31,2.05929233842428
5721,153,30,3.17708333333333,0.614583333333333,1,12,12,2.08009659890463
5722,154,30,3.19791666666667,0.614583333333333,1,33,33,2.10090140939772
5723,155,30,3.21875,0.614583333333333,1,20,20,2.12170675445203
5724,156,30,3.23958333333333,0.614583333333333,1,24,24,2.14251261918907
5725,157,30,3.26041666666667,0.614583333333333,1,15,15,2.16331898927708
5726,158,30,3.28125,0.614583333333333,1,16,16,2.18412585090616
5727,159,30,3.30208333333333,0.614583333333333,1,21,21,2.20493319076473
5728,160,30,3.32291666666667,0.614583333333333,1,18,18,2.2257409960173
5729,161,30,3.34375,0.614583333333333,1,21,21,2.24654925428336
5730,162,30,3.36458333333333,0.614583333333333,1,36,36,2.2673579536174
5731,163,30,3.38541666666667,0.614583333333333,1,18,18,2.28816708249002
5732,164,30,3.40625,0.614583333333333,1,18,18,2.30897662976995
5733,165,30,3.42708333333333,0.614583333333333,1,11,11,2.32978658470702
5734,166,30,3.44791666666667,0.614583333333333,1,27,27,2.35059693691603
5735,167,30,3.46875,0.614583333333333,1,21,21,2.37140767636134
5736,168,30,3.48958333333333,0.614583333333333,1,13,13,2.39221879334237
5737,169,30,3.51041666666667,0.614583333333333,1,17,17,2.41303027847966
5738,170,30,3.53125,0.614583333333333,1,11,11,2.43384212270176
5739,171,30,3.55208333333333,0.614583333333333,1,23,23,2.45465431723268
5740,172,30,3.57291666666667,0.614583333333333,1,30,30,2.47546685357993
5741,173,30,3.59375,0.614583333333333,1,16,16,2.49627972352321
5742,174,30,3.61458333333333,0.614583333333333,1,14,14,2.5170929191036
5743,175,30,3.63541666666667,0.614583333333333,1,16,16,2.53790643261322
5744,176,30,3.65625,0.614583333333333,1,22,22,2.55872025658545
5745,177,30,3.67708333333333,0.614583333333333,1,24,24,2.57953438378553
5746,178,30,3.69791666666667,0.614583333333333,1,21,21,2.60034880720168
5747,179,30,3.71875,0.614583333333333,1,16,16,2.62116352003656
5748,180,30,3.73958333333333,0.614583333333333,1,19,19,2.64197851569912
5749,181,30,3.76041666666667,0.614583333333333,1,22,22,2.66279378779685
5750,182,30,3.78125,0.614583333333333,1,22,22,2.68360933012838
5751,183,30,3.80208333333333,0.614583333333333,1,12,12,2.70442513667636
5752,184,30,3.82291666666667,0.614583333333333,1,29,29,2.72524120160071
5753,185,30,3.84375,0.614583333333333,1,28,28,2.74605751923214
5754,186,30,3.86458333333333,0.614583333333333,1,6,6,2.76687408406593
5755,187,30,3.88541666666667,0.614583333333333,1,29,29,2.78769089075606
5756,188,30,3.90625,0.614583333333333,1,22,22,2.80850793410948
5757,189,30,3.92708333333333,0.614583333333333,1,18,18,2.82932520908068
5758,190,30,3.94791666666667,0.614583333333333,1,19,19,2.85014271076653
5759,191,30,3.96875,0.614583333333333,1,28,28,2.87096043440127
5760,192,30,3.98958333333333,0.614583333333333,1,25,25,2.89177837535173
5761,1,31,0.0104166666666667,0.635416666666667,1,22,22,0.898805710447343
5762,2,31,0.03125,0.635416666666667,1,21,21,0.878168817797373
5763,3,31,0.0520833333333333,0.635416666666667,1,24,24,0.857540432856783
5764,4,31,0.0729166666666667,0.635416666666667,1,12,12,0.836921117573702
5765,5,31,0.09375,0.635416666666667,1,27,27,0.816311484218719
5766,6,31,0.114583333333333,0.635416666666667,1,26,26,0.795712201112736
5767,7,31,0.135416666666667,0.635416666666667,1,17,17,0.775123999150343
5768,8,31,0.15625,0.635416666666667,1,28,28,0.754547679249737
5769,9,31,0.177083333333333,0.635416666666667,1,10,10,0.733984120885337
5770,10,31,0.197916666666667,0.635416666666667,1,14,14,0.713434291889777
5771,11,31,0.21875,0.635416666666667,1,22,22,0.692899259749378
5772,12,31,0.239583333333333,0.635416666666667,1,18,18,0.672380204663193
5773,13,31,0.260416666666667,0.635416666666667,1,17,17,0.651878434692441
5774,14,31,0.28125,0.635416666666667,1,15,15,0.631395403397582
5775,15,31,0.302083333333333,0.635416666666667,1,22,22,0.610932730447982
5776,16,31,0.322916666666667,0.635416666666667,1,18,18,0.590492225799023
5777,17,31,0.34375,0.635416666666667,1,19,19,0.570075918169808
5778,18,31,0.364583333333333,0.635416666666667,1,18,18,0.549686088729695
5779,19,31,0.385416666666667,0.635416666666667,1,14,14,0.529325311124717
5780,20,31,0.40625,0.635416666666667,1,18,18,0.508996499260144
5781,21,31,0.427083333333333,0.635416666666667,1,26,26,0.4887029646227
5782,22,31,0.447916666666667,0.635416666666667,1,17,17,0.468448485401761
5783,23,31,0.46875,0.635416666666667,1,27,27,0.448237390289199
5784,24,31,0.489583333333333,0.635416666666667,1,35,35,0.428074660651524
5785,25,31,0.510416666666667,0.635416666666667,1,13,13,0.407966055843192
5786,26,31,0.53125,0.635416666666667,1,23,23,0.387918267859599
5787,27,31,0.552083333333333,0.635416666666667,1,21,21,0.367939113442004
5788,28,31,0.572916666666667,0.635416666666667,1,26,26,0.348037774325137
5789,29,31,0.59375,0.635416666666667,1,26,26,0.328225099814468
5790,30,31,0.614583333333333,0.635416666666667,1,18,18,0.308513990648491
5791,31,31,0.635416666666667,0.635416666666667,1,11,11,0.288919889637385
5792,32,31,0.65625,0.635416666666667,1,17,17,0.269461413561838
5793,33,31,0.677083333333333,0.635416666666667,1,26,26,0.250161173207742
5794,34,31,0.697916666666667,0.635416666666667,1,20,20,0.231046845459806
5795,35,31,0.71875,0.635416666666667,1,23,23,0.21215258466191
5796,36,31,0.739583333333333,0.635416666666667,1,27,27,0.193520891741779
5797,37,31,0.760416666666667,0.635416666666667,1,26,26,0.175205100283811
5798,38,31,0.78125,0.635416666666667,1,14,14,0.157272688233926
5799,39,31,0.802083333333333,0.635416666666667,1,23,23,0.139809675692111
5800,40,31,0.822916666666667,0.635416666666667,1,21,21,0.122926401656591
5801,41,31,0.84375,0.635416666666667,1,15,15,0.106764929596658
5802,42,31,0.864583333333333,0.635416666666667,1,23,23,0.0915080865713566
5803,43,31,0.885416666666667,0.635416666666667,1,28,28,0.0773894413117333
5804,44,31,0.90625,0.635416666666667,1,23,23,0.0647019614671031
5805,45,31,0.927083333333333,0.635416666666667,1,18,18,0.0538002402107646
5806,46,31,0.947916666666667,0.635416666666667,1,12,12,0.0450873778873346
5807,47,31,0.96875,0.635416666666667,1,25,25,0.0389756673346493
5808,48,31,0.989583333333333,0.635416666666667,1,15,15,0.0358167167750552
5809,49,31,1.01041666666667,0.635416666666667,1,28,28,0.0358167167750551
5810,50,31,1.03125,0.635416666666667,1,21,21,0.0389756673346493
5811,51,31,1.05208333333333,0.635416666666667,1,24,24,0.0450873778873345
5812,52,31,1.07291666666667,0.635416666666667,1,10,10,0.0538002402107645
5813,53,31,1.09375,0.635416666666667,1,19,19,0.0647019614671031
5814,54,31,1.11458333333333,0.635416666666667,1,16,16,0.0773894413117333
5815,55,31,1.13541666666667,0.635416666666667,1,19,19,0.0915080865713565
5816,56,31,1.15625,0.635416666666667,1,19,19,0.106764929596658
5817,57,31,1.17708333333333,0.635416666666667,1,14,14,0.122926401656591
5818,58,31,1.19791666666667,0.635416666666667,1,16,16,0.139809675692111
5819,59,31,1.21875,0.635416666666667,1,20,20,0.157272688233926
5820,60,31,1.23958333333333,0.635416666666667,1,10,10,0.17520510028381
5821,61,31,1.26041666666667,0.635416666666667,1,23,23,0.193520891741778
5822,62,31,1.28125,0.635416666666667,1,13,13,0.21215258466191
5823,63,31,1.30208333333333,0.635416666666667,1,12,12,0.231046845459806
5824,64,31,1.32291666666667,0.635416666666667,1,19,19,0.250161173207742
5825,65,31,1.34375,0.635416666666667,1,29,29,0.269461413561838
5826,66,31,1.36458333333333,0.635416666666667,1,21,21,0.288919889637385
5827,67,31,1.38541666666667,0.635416666666667,1,11,11,0.308513990648491
5828,68,31,1.40625,0.635416666666667,1,15,15,0.328225099814468
5829,69,31,1.42708333333333,0.635416666666667,1,12,12,0.348037774325137
5830,70,31,1.44791666666667,0.635416666666667,1,9,9,0.367939113442004
5831,71,31,1.46875,0.635416666666667,1,26,26,0.387918267859599
5832,72,31,1.48958333333333,0.635416666666667,1,10,10,0.407966055843192
5833,73,31,1.51041666666667,0.635416666666667,1,26,26,0.428074660651524
5834,74,31,1.53125,0.635416666666667,1,17,17,0.448237390289199
5835,75,31,1.55208333333333,0.635416666666667,1,8,8,0.46844848540176
5836,76,31,1.57291666666667,0.635416666666667,1,26,26,0.488702964622699
5837,77,31,1.59375,0.635416666666667,1,28,28,0.508996499260144
5838,78,31,1.61458333333333,0.635416666666667,1,28,28,0.529325311124717
5839,79,31,1.63541666666667,0.635416666666667,1,22,22,0.549686088729695
5840,80,31,1.65625,0.635416666666667,1,31,31,0.570075918169808
5841,81,31,1.67708333333333,0.635416666666667,1,19,19,0.590492225799023
5842,82,31,1.69791666666667,0.635416666666667,1,21,21,0.610932730447981
5843,83,31,1.71875,0.635416666666667,1,16,16,0.631395403397582
5844,84,31,1.73958333333333,0.635416666666667,1,25,25,0.651878434692441
5845,85,31,1.76041666666667,0.635416666666667,1,31,31,0.672380204663193
5846,86,31,1.78125,0.635416666666667,1,19,19,0.692899259749378
5847,87,31,1.80208333333333,0.635416666666667,1,14,14,0.713434291889776
5848,88,31,1.82291666666667,0.635416666666667,1,17,17,0.733984120885337
5849,89,31,1.84375,0.635416666666667,1,21,21,0.754547679249737
5850,90,31,1.86458333333333,0.635416666666667,1,20,20,0.775123999150343
5851,91,31,1.88541666666667,0.635416666666667,1,23,23,0.795712201112736
5852,92,31,1.90625,0.635416666666667,1,36,36,0.816311484218719
5853,93,31,1.92708333333333,0.635416666666667,1,12,12,0.836921117573702
5854,94,31,1.94791666666667,0.635416666666667,1,14,14,0.857540432856783
5855,95,31,1.96875,0.635416666666667,1,24,24,0.878168817797373
5856,96,31,1.98958333333333,0.635416666666667,1,25,25,0.898805710447343
5857,97,31,2.01041666666667,0.635416666666667,1,23,23,0.919450594138278
5858,98,31,2.03125,0.635416666666667,1,21,21,0.940102993030551
5859,99,31,2.05208333333333,0.635416666666667,1,24,24,0.96076246817508
5860,100,31,2.07291666666667,0.635416666666667,1,9,9,0.981428614020464
5861,101,31,2.09375,0.635416666666667,1,20,20,1.00210105530805
5862,102,31,2.11458333333333,0.635416666666667,1,32,32,1.02277944430576
5863,103,31,2.13541666666667,0.635416666666667,1,13,13,1.04346345833855
5864,104,31,2.15625,0.635416666666667,1,20,20,1.06415279757904
5865,105,31,2.17708333333333,0.635416666666667,1,12,12,1.08484718306718
5866,106,31,2.19791666666667,0.635416666666667,1,13,13,1.10554635493161
5867,107,31,2.21875,0.635416666666667,1,23,23,1.12625007078944
5868,108,31,2.23958333333333,0.635416666666667,1,20,20,1.14695810430378
5869,109,31,2.26041666666667,0.635416666666667,1,13,13,1.16767024388136
5870,110,31,2.28125,0.635416666666667,1,15,15,1.18838629149456
5871,111,31,2.30208333333333,0.635416666666667,1,11,11,1.2091060616144
5872,112,31,2.32291666666667,0.635416666666667,1,20,20,1.22982938024228
5873,113,31,2.34375,0.635416666666667,1,13,13,1.25055608403025
5874,114,31,2.36458333333333,0.635416666666667,1,20,20,1.27128601948033
5875,115,31,2.38541666666667,0.635416666666667,1,30,30,1.2920190422149
5876,116,31,2.40625,0.635416666666667,1,21,21,1.31275501631072
5877,117,31,2.42708333333333,0.635416666666667,1,19,19,1.33349381369048
5878,118,31,2.44791666666667,0.635416666666667,1,17,17,1.35423531356594
5879,119,31,2.46875,0.635416666666667,1,6,6,1.37497940192774
5880,120,31,2.48958333333333,0.635416666666667,1,18,18,1.39572597107744
5881,121,31,2.51041666666667,0.635416666666667,1,28,28,1.41647491919766
5882,122,31,2.53125,0.635416666666667,1,22,22,1.43722614995683
5883,123,31,2.55208333333333,0.635416666666667,1,14,14,1.45797957214535
5884,124,31,2.57291666666667,0.635416666666667,1,22,22,1.47873509934026
5885,125,31,2.59375,0.635416666666667,1,20,20,1.49949264959584
5886,126,31,2.61458333333333,0.635416666666667,1,27,27,1.52025214515793
5887,127,31,2.63541666666667,0.635416666666667,1,22,22,1.54101351219977
5888,128,31,2.65625,0.635416666666667,1,21,21,1.56177668057748
5889,129,31,2.67708333333333,0.635416666666667,1,26,26,1.58254158360367
5890,130,31,2.69791666666667,0.635416666666667,1,24,24,1.60330815783743
5891,131,31,2.71875,0.635416666666667,1,22,22,1.62407634288946
5892,132,31,2.73958333333333,0.635416666666667,1,20,20,1.64484608124104
5893,133,31,2.76041666666667,0.635416666666667,1,20,20,1.66561731807572
5894,134,31,2.78125,0.635416666666667,1,30,30,1.68639000112269
5895,135,31,2.80208333333333,0.635416666666667,1,13,13,1.70716408051092
5896,136,31,2.82291666666667,0.635416666666667,1,22,22,1.72793950863321
5897,137,31,2.84375,0.635416666666667,1,15,15,1.7487162400193
5898,138,31,2.86458333333333,0.635416666666667,1,23,23,1.76949423121751
5899,139,31,2.88541666666667,0.635416666666667,1,18,18,1.79027344068406
5900,140,31,2.90625,0.635416666666667,1,21,21,1.81105382867964
5901,141,31,2.92708333333333,0.635416666666667,1,19,19,1.83183535717261
5902,142,31,2.94791666666667,0.635416666666667,1,22,22,1.85261798974835
5903,143,31,2.96875,0.635416666666667,1,21,21,1.87340169152434
5904,144,31,2.98958333333333,0.635416666666667,1,22,22,1.89418642907048
5905,145,31,3.01041666666667,0.635416666666667,1,16,16,1.91497217033442
5906,146,31,3.03125,0.635416666666667,1,20,20,1.93575888457133
5907,147,31,3.05208333333333,0.635416666666667,1,20,20,1.95654654227799
5908,148,31,3.07291666666667,0.635416666666667,1,26,26,1.97733511513081
5909,149,31,3.09375,0.635416666666667,1,24,24,1.99812457592754
5910,150,31,3.11458333333333,0.635416666666667,1,15,15,2.01891489853232
5911,151,31,3.13541666666667,0.635416666666667,1,23,23,2.03970605782404
5912,152,31,3.15625,0.635416666666667,1,22,22,2.06049802964759
5913,153,31,3.17708333333333,0.635416666666667,1,23,23,2.08129079076791
5914,154,31,3.19791666666667,0.635416666666667,1,21,21,2.10208431882665
5915,155,31,3.21875,0.635416666666667,1,19,19,2.12287859230123
5916,156,31,3.23958333333333,0.635416666666667,1,18,18,2.14367359046621
5917,157,31,3.26041666666667,0.635416666666667,1,26,26,2.16446929335674
5918,158,31,3.28125,0.635416666666667,1,17,17,2.18526568173399
5919,159,31,3.30208333333333,0.635416666666667,1,20,20,2.20606273705253
5920,160,31,3.32291666666667,0.635416666666667,1,25,25,2.22686044142937
5921,161,31,3.34375,0.635416666666667,1,20,20,2.24765877761465
5922,162,31,3.36458333333333,0.635416666666667,1,18,18,2.26845772896391
5923,163,31,3.38541666666667,0.635416666666667,1,12,12,2.28925727941179
5924,164,31,3.40625,0.635416666666667,1,21,21,2.31005741344706
5925,165,31,3.42708333333333,0.635416666666667,1,16,16,2.33085811608896
5926,166,31,3.44791666666667,0.635416666666667,1,19,19,2.35165937286475
5927,167,31,3.46875,0.635416666666667,1,19,19,2.37246116978834
5928,168,31,3.48958333333333,0.635416666666667,1,12,12,2.39326349334005
5929,169,31,3.51041666666667,0.635416666666667,1,18,18,2.41406633044733
5930,170,31,3.53125,0.635416666666667,1,19,19,2.43486966846643
5931,171,31,3.55208333333333,0.635416666666667,1,24,24,2.455673495165
5932,172,31,3.57291666666667,0.635416666666667,1,18,18,2.47647779870548
5933,173,31,3.59375,0.635416666666667,1,18,18,2.49728256762931
5934,174,31,3.61458333333333,0.635416666666667,1,19,19,2.51808779084193
5935,175,31,3.63541666666667,0.635416666666667,1,18,18,2.53889345759838
5936,176,31,3.65625,0.635416666666667,1,25,25,2.55969955748974
5937,177,31,3.67708333333333,0.635416666666667,1,12,12,2.58050608043
5938,178,31,3.69791666666667,0.635416666666667,1,19,19,2.60131301664374
5939,179,31,3.71875,0.635416666666667,1,15,15,2.62212035665419
5940,180,31,3.73958333333333,0.635416666666667,1,15,15,2.64292809127197
5941,181,31,3.76041666666667,0.635416666666667,1,31,31,2.66373621158428
5942,182,31,3.78125,0.635416666666667,1,27,27,2.68454470894455
5943,183,31,3.80208333333333,0.635416666666667,1,19,19,2.70535357496262
5944,184,31,3.82291666666667,0.635416666666667,1,22,22,2.72616280149526
5945,185,31,3.84375,0.635416666666667,1,25,25,2.74697238063721
5946,186,31,3.86458333333333,0.635416666666667,1,31,31,2.76778230471251
5947,187,31,3.88541666666667,0.635416666666667,1,21,21,2.78859256626629
5948,188,31,3.90625,0.635416666666667,1,22,22,2.80940315805684
5949,189,31,3.92708333333333,0.635416666666667,1,13,13,2.83021407304806
5950,190,31,3.94791666666667,0.635416666666667,1,22,22,2.85102530440222
5951,191,31,3.96875,0.635416666666667,1,13,13,2.87183684547303
5952,192,31,3.98958333333333,0.635416666666667,1,18,18,2.89264868979898
5953,1,32,0.0104166666666667,0.65625,1,23,23,0.901842919878716
5954,2,32,0.03125,0.65625,1,13,13,0.881269904256724
5955,3,32,0.0520833333333333,0.65625,1,24,24,0.860708108347403
5956,4,32,0.0729166666666667,0.65625,1,25,25,0.840158268295527
5957,5,32,0.09375,0.65625,1,32,32,0.819621185597635
5958,6,32,0.114583333333333,0.65625,1,22,22,0.799097734460004
5959,7,32,0.135416666666667,0.65625,1,16,16,0.778588870164981
5960,8,32,0.15625,0.65625,1,20,20,0.758095638609124
5961,9,32,0.177083333333333,0.65625,1,29,29,0.737619187207276
5962,10,32,0.197916666666667,0.65625,1,15,15,0.717160777393966
5963,11,32,0.21875,0.65625,1,20,20,0.696721798998873
5964,12,32,0.239583333333333,0.65625,1,21,21,0.676303786828613
5965,13,32,0.260416666666667,0.65625,1,19,19,0.655908439855281
5966,14,32,0.28125,0.65625,1,17,17,0.635537643496239
5967,15,32,0.302083333333333,0.65625,1,20,20,0.615193495573828
5968,16,32,0.322916666666667,0.65625,1,23,23,0.594878336673247
5969,17,32,0.34375,0.65625,1,14,14,0.574594785778841
5970,18,32,0.364583333333333,0.65625,1,23,23,0.554345782272475
5971,19,32,0.385416666666667,0.65625,1,27,27,0.534134635634351
5972,20,32,0.40625,0.65625,1,23,23,0.513965084512141
5973,21,32,0.427083333333333,0.65625,1,7,7,0.493841367239134
5974,22,32,0.447916666666667,0.65625,1,12,12,0.473768306413351
5975,23,32,0.46875,0.65625,1,12,12,0.453751410833417
5976,24,32,0.489583333333333,0.65625,1,14,14,0.433796998971623
5977,25,32,0.510416666666667,0.65625,1,19,19,0.413912349314334
5978,26,32,0.53125,0.65625,1,28,28,0.394105884401309
5979,27,32,0.552083333333333,0.65625,1,21,21,0.374387397363988
5980,28,32,0.572916666666667,0.65625,1,20,20,0.354768332352981
5981,29,32,0.59375,0.65625,1,16,16,0.335262133662004
5982,30,32,0.614583333333333,0.65625,1,11,11,0.315884682868274
5983,31,32,0.635416666666667,0.65625,1,15,15,0.296654849263745
5984,32,32,0.65625,0.65625,1,35,35,0.27759518667483
5985,33,32,0.677083333333333,0.65625,1,15,15,0.258732819952553
5986,34,32,0.697916666666667,0.65625,1,16,16,0.240100577444052
5987,35,32,0.71875,0.65625,1,22,22,0.221738441905844
5988,36,32,0.739583333333333,0.65625,1,10,10,0.203695411189859
5989,37,32,0.760416666666667,0.65625,1,13,13,0.186031879536375
5990,38,32,0.78125,0.65625,1,25,25,0.168822664595082
5991,39,32,0.802083333333333,0.65625,1,23,23,0.152160800768963
5992,40,32,0.822916666666667,0.65625,1,16,16,0.136162167682388
5993,41,32,0.84375,0.65625,1,24,24,0.120970869120796
5994,42,32,0.864583333333333,0.65625,1,20,20,0.106764929596658
5995,43,32,0.885416666666667,0.65625,1,17,17,0.0937612003931071
5996,44,32,0.90625,0.65625,1,8,8,0.0822172467139156
5997,45,32,0.927083333333333,0.65625,1,19,19,0.072426514137988
5998,46,32,0.947916666666667,0.65625,1,17,17,0.0647019614671031
5999,47,32,0.96875,0.65625,1,16,16,0.0593443597997745
6000,48,32,0.989583333333333,0.65625,1,18,18,0.0565968372747178
6001,49,32,1.01041666666667,0.65625,1,19,19,0.0565968372747178
6002,50,32,1.03125,0.65625,1,16,16,0.0593443597997745
6003,51,32,1.05208333333333,0.65625,1,9,9,0.0647019614671031
6004,52,32,1.07291666666667,0.65625,1,17,17,0.0724265141379879
6005,53,32,1.09375,0.65625,1,19,19,0.0822172467139156
6006,54,32,1.11458333333333,0.65625,1,16,16,0.093761200393107
6007,55,32,1.13541666666667,0.65625,1,12,12,0.106764929596658
6008,56,32,1.15625,0.65625,1,21,21,0.120970869120796
6009,57,32,1.17708333333333,0.65625,1,19,19,0.136162167682388
6010,58,32,1.19791666666667,0.65625,1,18,18,0.152160800768962
6011,59,32,1.21875,0.65625,1,22,22,0.168822664595082
6012,60,32,1.23958333333333,0.65625,1,21,21,0.186031879536375
6013,61,32,1.26041666666667,0.65625,1,16,16,0.203695411189859
6014,62,32,1.28125,0.65625,1,29,29,0.221738441905844
6015,63,32,1.30208333333333,0.65625,1,34,34,0.240100577444052
6016,64,32,1.32291666666667,0.65625,1,17,17,0.258732819952553
6017,65,32,1.34375,0.65625,1,17,17,0.27759518667483
6018,66,32,1.36458333333333,0.65625,1,8,8,0.296654849263745
6019,67,32,1.38541666666667,0.65625,1,24,24,0.315884682868273
6020,68,32,1.40625,0.65625,1,16,16,0.335262133662004
6021,69,32,1.42708333333333,0.65625,1,15,15,0.354768332352981
6022,70,32,1.44791666666667,0.65625,1,15,15,0.374387397363987
6023,71,32,1.46875,0.65625,1,24,24,0.394105884401309
6024,72,32,1.48958333333333,0.65625,1,15,15,0.413912349314334
6025,73,32,1.51041666666667,0.65625,1,16,16,0.433796998971623
6026,74,32,1.53125,0.65625,1,14,14,0.453751410833417
6027,75,32,1.55208333333333,0.65625,1,24,24,0.47376830641335
6028,76,32,1.57291666666667,0.65625,1,20,20,0.493841367239134
6029,77,32,1.59375,0.65625,1,12,12,0.513965084512141
6030,78,32,1.61458333333333,0.65625,1,19,19,0.534134635634351
6031,79,32,1.63541666666667,0.65625,1,15,15,0.554345782272475
6032,80,32,1.65625,0.65625,1,28,28,0.574594785778841
6033,81,32,1.67708333333333,0.65625,1,12,12,0.594878336673247
6034,82,32,1.69791666666667,0.65625,1,27,27,0.615193495573828
6035,83,32,1.71875,0.65625,1,22,22,0.635537643496239
6036,84,32,1.73958333333333,0.65625,1,22,22,0.655908439855281
6037,85,32,1.76041666666667,0.65625,1,17,17,0.676303786828613
6038,86,32,1.78125,0.65625,1,35,35,0.696721798998873
6039,87,32,1.80208333333333,0.65625,1,14,14,0.717160777393966
6040,88,32,1.82291666666667,0.65625,1,17,17,0.737619187207276
6041,89,32,1.84375,0.65625,1,25,25,0.758095638609124
6042,90,32,1.86458333333333,0.65625,1,8,8,0.778588870164981
6043,91,32,1.88541666666667,0.65625,1,22,22,0.799097734460003
6044,92,32,1.90625,0.65625,1,25,25,0.819621185597635
6045,93,32,1.92708333333333,0.65625,1,14,14,0.840158268295527
6046,94,32,1.94791666666667,0.65625,1,10,10,0.860708108347402
6047,95,32,1.96875,0.65625,1,14,14,0.881269904256724
6048,96,32,1.98958333333333,0.65625,1,12,12,0.901842919878716
6049,97,32,2.01041666666667,0.65625,1,21,21,0.922426477932657
6050,98,32,2.03125,0.65625,1,11,11,0.943019954267415
6051,99,32,2.05208333333333,0.65625,1,20,20,0.963622772780734
6052,100,32,2.07291666666667,0.65625,1,12,12,0.984234400907438
6053,101,32,2.09375,0.65625,1,24,24,1.00485434560398
6054,102,32,2.11458333333333,0.65625,1,22,22,1.02548214976713
6055,103,32,2.13541666666667,0.65625,1,6,6,1.04611738903327
6056,104,32,2.15625,0.65625,1,11,11,1.06675966891215
6057,105,32,2.17708333333333,0.65625,1,17,17,1.08740862221525
6058,106,32,2.19791666666667,0.65625,1,25,25,1.10806390674408
6059,107,32,2.21875,0.65625,1,20,20,1.12872520320859
6060,108,32,2.23958333333333,0.65625,1,8,8,1.14939221334927
6061,109,32,2.26041666666667,0.65625,1,21,21,1.17006465824032
6062,110,32,2.28125,0.65625,1,24,24,1.19074227675396
6063,111,32,2.30208333333333,0.65625,1,7,7,1.21142482416814
6064,112,32,2.32291666666667,0.65625,1,14,14,1.23211207090261
6065,113,32,2.34375,0.65625,1,27,27,1.25280380136959
6066,114,32,2.36458333333333,0.65625,1,12,12,1.27349981292722
6067,115,32,2.38541666666667,0.65625,1,15,15,1.29419991492532
6068,116,32,2.40625,0.65625,1,33,33,1.31490392783397
6069,117,32,2.42708333333333,0.65625,1,32,32,1.33561168244682
6070,118,32,2.44791666666667,0.65625,1,19,19,1.3563230191517
6071,119,32,2.46875,0.65625,1,21,21,1.37703778726206
6072,120,32,2.48958333333333,0.65625,1,14,14,1.39775584440337
6073,121,32,2.51041666666667,0.65625,1,27,27,1.4184770559493
6074,122,32,2.53125,0.65625,1,8,8,1.43920129450309
6075,123,32,2.55208333333333,0.65625,1,21,21,1.45992843941993
6076,124,32,2.57291666666667,0.65625,1,20,20,1.48065837636656
6077,125,32,2.59375,0.65625,1,32,32,1.50139099691487
6078,126,32,2.61458333333333,0.65625,1,11,11,1.5221261981664
6079,127,32,2.63541666666667,0.65625,1,16,16,1.54286388240509
6080,128,32,2.65625,0.65625,1,9,9,1.56360395677577
6081,129,32,2.67708333333333,0.65625,1,16,16,1.58434633298631
6082,130,32,2.69791666666667,0.65625,1,20,20,1.6050909270313
6083,131,32,2.71875,0.65625,1,17,17,1.62583765893551
6084,132,32,2.73958333333333,0.65625,1,14,14,1.64658645251562
6085,133,32,2.76041666666667,0.65625,1,19,19,1.66733723515852
6086,134,32,2.78125,0.65625,1,15,15,1.688089937615
6087,135,32,2.80208333333333,0.65625,1,11,11,1.70884449380752
6088,136,32,2.82291666666667,0.65625,1,23,23,1.72960084065107
6089,137,32,2.84375,0.65625,1,12,12,1.75035891788593
6090,138,32,2.86458333333333,0.65625,1,25,25,1.77111866792153
6091,139,32,2.88541666666667,0.65625,1,12,12,1.79188003569054
6092,140,32,2.90625,0.65625,1,14,14,1.81264296851242
6093,141,32,2.92708333333333,0.65625,1,13,13,1.83340741596569
6094,142,32,2.94791666666667,0.65625,1,16,16,1.85417332976831
6095,143,32,2.96875,0.65625,1,24,24,1.87494066366562
6096,144,32,2.98958333333333,0.65625,1,15,15,1.89570937332513
6097,145,32,3.01041666666667,0.65625,1,22,22,1.91647941623789
6098,146,32,3.03125,0.65625,1,24,24,1.93725075162583
6099,147,32,3.05208333333333,0.65625,1,7,7,1.95802334035463
6100,148,32,3.07291666666667,0.65625,1,21,21,1.97879714485191
6101,149,32,3.09375,0.65625,1,18,18,1.9995721290301
6102,150,32,3.11458333333333,0.65625,1,15,15,2.02034825821399
6103,151,32,3.13541666666667,0.65625,1,18,18,2.04112549907234
6104,152,32,3.15625,0.65625,1,28,28,2.0619038195535
6105,153,32,3.17708333333333,0.65625,1,25,25,2.08268318882466
6106,154,32,3.19791666666667,0.65625,1,20,20,2.10346357721454
6107,155,32,3.21875,0.65625,1,29,29,2.12424495615928
6108,156,32,3.23958333333333,0.65625,1,15,15,2.14502729815128
6109,157,32,3.26041666666667,0.65625,1,16,16,2.16581057669092
6110,158,32,3.28125,0.65625,1,20,20,2.18659476624084
6111,159,32,3.30208333333333,0.65625,1,23,23,2.20737984218271
6112,160,32,3.32291666666667,0.65625,1,21,21,2.22816578077631
6113,161,32,3.34375,0.65625,1,8,8,2.24895255912077
6114,162,32,3.36458333333333,0.65625,1,4,4,2.26974015511781
6115,163,32,3.38541666666667,0.65625,1,18,18,2.29052854743697
6116,164,32,3.40625,0.65625,1,16,16,2.31131771548255
6117,165,32,3.42708333333333,0.65625,1,18,18,2.3321076393623
6118,166,32,3.44791666666667,0.65625,1,16,16,2.35289829985763
6119,167,32,3.46875,0.65625,1,9,9,2.37368967839541
6120,168,32,3.48958333333333,0.65625,1,28,28,2.39448175702111
6121,169,32,3.51041666666667,0.65625,1,16,16,2.41527451837325
6122,170,32,3.53125,0.65625,1,14,14,2.43606794565919
6123,171,32,3.55208333333333,0.65625,1,17,17,2.45686202263199
6124,172,32,3.57291666666667,0.65625,1,23,23,2.47765673356852
6125,173,32,3.59375,0.65625,1,18,18,2.49845206324843
6126,174,32,3.61458333333333,0.65625,1,17,17,2.51924799693432
6127,175,32,3.63541666666667,0.65625,1,23,23,2.54004452035272
6128,176,32,3.65625,0.65625,1,10,10,2.560841619676
6129,177,32,3.67708333333333,0.65625,1,28,28,2.58163928150509
6130,178,32,3.69791666666667,0.65625,1,20,20,2.60243749285303
6131,179,32,3.71875,0.65625,1,12,12,2.62323624112929
6132,180,32,3.73958333333333,0.65625,1,21,21,2.64403551412473
6133,181,32,3.76041666666667,0.65625,1,22,22,2.66483529999729
6134,182,32,3.78125,0.65625,1,7,7,2.68563558725832
6135,183,32,3.80208333333333,0.65625,1,23,23,2.70643636475949
6136,184,32,3.82291666666667,0.65625,1,8,8,2.72723762168029
6137,185,32,3.84375,0.65625,1,26,26,2.74803934751611
6138,186,32,3.86458333333333,0.65625,1,21,21,2.76884153206675
6139,187,32,3.88541666666667,0.65625,1,15,15,2.78964416542552
6140,188,32,3.90625,0.65625,1,4,4,2.81044723796876
6141,189,32,3.92708333333333,0.65625,1,26,26,2.8312507403458
6142,190,32,3.94791666666667,0.65625,1,19,19,2.85205466346935
6143,191,32,3.96875,0.65625,1,13,13,2.87285899850632
6144,192,32,3.98958333333333,0.65625,1,27,27,2.893663736869
6145,1,33,0.0104166666666667,0.677083333333333,1,22,22,0.905302780537066
6146,2,33,0.03125,0.677083333333333,1,16,16,0.884802045816541
6147,3,33,0.0520833333333333,0.677083333333333,1,26,26,0.864315567586093
6148,4,33,0.0729166666666667,0.677083333333333,1,22,22,0.843844274172858
6149,5,33,0.09375,0.677083333333333,1,18,18,0.823389175507513
6150,6,33,0.114583333333333,0.677083333333333,1,29,29,0.802951372198722
6151,7,33,0.135416666666667,0.677083333333333,1,22,22,0.782532065832297
6152,8,33,0.15625,0.677083333333333,1,18,18,0.76213257068994
6153,9,33,0.177083333333333,0.677083333333333,1,5,5,0.741754327118205
6154,10,33,0.197916666666667,0.677083333333333,1,10,10,0.721398916821513
6155,11,33,0.21875,0.677083333333333,1,27,27,0.701068080405432
6156,12,33,0.239583333333333,0.677083333333333,1,8,8,0.680763737560146
6157,13,33,0.260416666666667,0.677083333333333,1,26,26,0.660488010351833
6158,14,33,0.28125,0.677083333333333,1,12,12,0.640243250184995
6159,15,33,0.302083333333333,0.677083333333333,1,32,32,0.620032069116061
6160,16,33,0.322916666666667,0.677083333333333,1,14,14,0.599857376343368
6161,17,33,0.34375,0.677083333333333,1,24,24,0.579722420878144
6162,18,33,0.364583333333333,0.677083333333333,1,33,33,0.559630841624482
6163,19,33,0.385416666666667,0.677083333333333,1,18,18,0.539586726375365
6164,20,33,0.40625,0.677083333333333,1,23,23,0.519594681581794
6165,21,33,0.427083333333333,0.677083333333333,1,22,22,0.499659915192677
6166,22,33,0.447916666666667,0.677083333333333,1,19,19,0.479788335419823
6167,23,33,0.46875,0.677083333333333,1,25,25,0.459986668988151
6168,24,33,0.489583333333333,0.677083333333333,1,22,22,0.440262603328748
6169,25,33,0.510416666666667,0.677083333333333,1,15,15,0.420624958316658
6170,26,33,0.53125,0.677083333333333,1,34,34,0.401083894616904
6171,27,33,0.552083333333333,0.677083333333333,1,17,17,0.381651167570704
6172,28,33,0.572916666666667,0.677083333333333,1,36,36,0.362340437941086
6173,29,33,0.59375,0.677083333333333,1,22,22,0.343167653878805
6174,30,33,0.614583333333333,0.677083333333333,1,15,15,0.324151522322965
6175,31,33,0.635416666666667,0.677083333333333,1,25,25,0.305314092882161
6176,32,33,0.65625,0.677083333333333,1,36,36,0.286681483193137
6177,33,33,0.677083333333333,0.677083333333333,1,27,27,0.268284781867994
6178,34,33,0.697916666666667,0.677083333333333,1,20,20,0.250161173207742
6179,35,33,0.71875,0.677083333333333,1,11,11,0.232355336115496
6180,36,33,0.739583333333333,0.677083333333333,1,18,18,0.214921176204812
6181,37,33,0.760416666666667,0.677083333333333,1,26,26,0.197923950959898
6182,38,33,0.78125,0.677083333333333,1,21,21,0.181442835127214
6183,39,33,0.802083333333333,0.677083333333333,1,17,17,0.165573932999624
6184,40,33,0.822916666666667,0.677083333333333,1,15,15,0.150433651670236
6185,41,33,0.84375,0.677083333333333,1,20,20,0.136162167682388
6186,42,33,0.864583333333333,0.677083333333333,1,20,20,0.122926401656591
6187,43,33,0.885416666666667,0.677083333333333,1,22,22,0.110921424284548
6188,44,33,0.90625,0.677083333333333,1,18,18,0.100368583975743
6189,45,33,0.927083333333333,0.677083333333333,1,33,33,0.0915080865713566
6190,46,33,0.947916666666667,0.677083333333333,1,25,25,0.084583803611139
6191,47,33,0.96875,0.677083333333333,1,19,19,0.0798195468920006
6192,48,33,0.989583333333333,0.677083333333333,1,12,12,0.0773894413117333
6193,49,33,1.01041666666667,0.677083333333333,1,20,20,0.0773894413117333
6194,50,33,1.03125,0.677083333333333,1,13,13,0.0798195468920006
6195,51,33,1.05208333333333,0.677083333333333,1,15,15,0.084583803611139
6196,52,33,1.07291666666667,0.677083333333333,1,4,4,0.0915080865713565
6197,53,33,1.09375,0.677083333333333,1,23,23,0.100368583975743
6198,54,33,1.11458333333333,0.677083333333333,1,24,24,0.110921424284548
6199,55,33,1.13541666666667,0.677083333333333,1,25,25,0.12292640165659
6200,56,33,1.15625,0.677083333333333,1,18,18,0.136162167682388
6201,57,33,1.17708333333333,0.677083333333333,1,28,28,0.150433651670235
6202,58,33,1.19791666666667,0.677083333333333,1,15,15,0.165573932999624
6203,59,33,1.21875,0.677083333333333,1,20,20,0.181442835127214
6204,60,33,1.23958333333333,0.677083333333333,1,36,36,0.197923950959898
6205,61,33,1.26041666666667,0.677083333333333,1,22,22,0.214921176204812
6206,62,33,1.28125,0.677083333333333,1,12,12,0.232355336115496
6207,63,33,1.30208333333333,0.677083333333333,1,26,26,0.250161173207742
6208,64,33,1.32291666666667,0.677083333333333,1,23,23,0.268284781867993
6209,65,33,1.34375,0.677083333333333,1,25,25,0.286681483193137
6210,66,33,1.36458333333333,0.677083333333333,1,16,16,0.305314092882161
6211,67,33,1.38541666666667,0.677083333333333,1,18,18,0.324151522322965
6212,68,33,1.40625,0.677083333333333,1,22,22,0.343167653878805
6213,69,33,1.42708333333333,0.677083333333333,1,21,21,0.362340437941086
6214,70,33,1.44791666666667,0.677083333333333,1,15,15,0.381651167570704
6215,71,33,1.46875,0.677083333333333,1,22,22,0.401083894616904
6216,72,33,1.48958333333333,0.677083333333333,1,18,18,0.420624958316658
6217,73,33,1.51041666666667,0.677083333333333,1,24,24,0.440262603328747
6218,74,33,1.53125,0.677083333333333,1,20,20,0.459986668988151
6219,75,33,1.55208333333333,0.677083333333333,1,24,24,0.479788335419823
6220,76,33,1.57291666666667,0.677083333333333,1,25,25,0.499659915192677
6221,77,33,1.59375,0.677083333333333,1,22,22,0.519594681581794
6222,78,33,1.61458333333333,0.677083333333333,1,28,28,0.539586726375365
6223,79,33,1.63541666666667,0.677083333333333,1,28,28,0.559630841624482
6224,80,33,1.65625,0.677083333333333,1,8,8,0.579722420878144
6225,81,33,1.67708333333333,0.677083333333333,1,21,21,0.599857376343368
6226,82,33,1.69791666666667,0.677083333333333,1,20,20,0.620032069116061
6227,83,33,1.71875,0.677083333333333,1,20,20,0.640243250184995
6228,84,33,1.73958333333333,0.677083333333333,1,17,17,0.660488010351832
6229,85,33,1.76041666666667,0.677083333333333,1,28,28,0.680763737560146
6230,86,33,1.78125,0.677083333333333,1,17,17,0.701068080405432
6231,87,33,1.80208333333333,0.677083333333333,1,20,20,0.721398916821513
6232,88,33,1.82291666666667,0.677083333333333,1,30,30,0.741754327118205
6233,89,33,1.84375,0.677083333333333,1,17,17,0.76213257068994
6234,90,33,1.86458333333333,0.677083333333333,1,25,25,0.782532065832297
6235,91,33,1.88541666666667,0.677083333333333,1,18,18,0.802951372198722
6236,92,33,1.90625,0.677083333333333,1,32,32,0.823389175507513
6237,93,33,1.92708333333333,0.677083333333333,1,25,25,0.843844274172858
6238,94,33,1.94791666666667,0.677083333333333,1,29,29,0.864315567586093
6239,95,33,1.96875,0.677083333333333,1,21,21,0.884802045816541
6240,96,33,1.98958333333333,0.677083333333333,1,27,27,0.905302780537066
6241,97,33,2.01041666666667,0.677083333333333,1,17,17,0.925816917009182
6242,98,33,2.03125,0.677083333333333,1,22,22,0.946343666987307
6243,99,33,2.05208333333333,0.677083333333333,1,28,28,0.966882302422447
6244,100,33,2.07291666666667,0.677083333333333,1,13,13,0.987432149862949
6245,101,33,2.09375,0.677083333333333,1,25,25,1.00799258546456
6246,102,33,2.11458333333333,0.677083333333333,1,15,15,1.02856303053436
6247,103,33,2.13541666666667,0.677083333333333,1,27,27,1.04914294754347
6248,104,33,2.15625,0.677083333333333,1,20,20,1.06973183655248
6249,105,33,2.17708333333333,0.677083333333333,1,21,21,1.09032923200077
6250,106,33,2.19791666666667,0.677083333333333,1,19,19,1.11093469981755
6251,107,33,2.21875,0.677083333333333,1,24,24,1.13154783481781
6252,108,33,2.23958333333333,0.677083333333333,1,16,16,1.15216825835118
6253,109,33,2.26041666666667,0.677083333333333,1,27,27,1.17279561617549
6254,110,33,2.28125,0.677083333333333,1,23,23,1.19342957653072
6255,111,33,2.30208333333333,0.677083333333333,1,18,18,1.21406982839151
6256,112,33,2.32291666666667,0.677083333333333,1,21,21,1.2347160798795
6257,113,33,2.34375,0.677083333333333,1,35,35,1.25536805681868
6258,114,33,2.36458333333333,0.677083333333333,1,22,22,1.27602550141905
6259,115,33,2.38541666666667,0.677083333333333,1,16,16,1.2966881710755
6260,116,33,2.40625,0.677083333333333,1,13,13,1.31735583727039
6261,117,33,2.42708333333333,0.677083333333333,1,22,22,1.33802828456961
6262,118,33,2.44791666666667,0.677083333333333,1,27,27,1.35870530970294
6263,119,33,2.46875,0.677083333333333,1,18,18,1.3793867207206
6264,120,33,2.48958333333333,0.677083333333333,1,23,23,1.40007233621879
6265,121,33,2.51041666666667,0.677083333333333,1,29,29,1.42076198462774
6266,122,33,2.53125,0.677083333333333,1,6,6,1.44145550355644
6267,123,33,2.55208333333333,0.677083333333333,1,26,26,1.46215273918895
6268,124,33,2.57291666666667,0.677083333333333,1,19,19,1.48285354572753
6269,125,33,2.59375,0.677083333333333,1,34,34,1.5035577848785
6270,126,33,2.61458333333333,0.677083333333333,1,14,14,1.52426532537705
6271,127,33,2.63541666666667,0.677083333333333,1,18,18,1.5449760425476
6272,128,33,2.65625,0.677083333333333,1,18,18,1.56568981789661
6273,129,33,2.67708333333333,0.677083333333333,1,19,19,1.58640653873521
6274,130,33,2.69791666666667,0.677083333333333,1,33,33,1.60712609782901
6275,131,33,2.71875,0.677083333333333,1,23,23,1.62784839307285
6276,132,33,2.73958333333333,0.677083333333333,1,12,12,1.64857332718864
6277,133,33,2.76041666666667,0.677083333333333,1,25,25,1.66930080744407
6278,134,33,2.78125,0.677083333333333,1,21,21,1.69003074539083
6279,135,33,2.80208333333333,0.677083333333333,1,8,8,1.71076305662067
6280,136,33,2.82291666666667,0.677083333333333,1,23,23,1.73149766053783
6281,137,33,2.84375,0.677083333333333,1,26,26,1.75223448014673
6282,138,33,2.86458333333333,0.677083333333333,1,36,36,1.77297344185359
6283,139,33,2.88541666666667,0.677083333333333,1,13,13,1.79371447528103
6284,140,33,2.90625,0.677083333333333,1,19,19,1.81445751309462
6285,141,33,2.92708333333333,0.677083333333333,1,23,23,1.83520249084057
6286,142,33,2.94791666666667,0.677083333333333,1,15,15,1.85594934679358
6287,143,33,2.96875,0.677083333333333,1,17,17,1.87669802181427
6288,144,33,2.98958333333333,0.677083333333333,1,25,25,1.89744845921546
6289,145,33,3.01041666666667,0.677083333333333,1,13,13,1.9182006046366
6290,146,33,3.03125,0.677083333333333,1,21,21,1.93895440592585
6291,147,33,3.05208333333333,0.677083333333333,1,22,22,1.95970981302923
6292,148,33,3.07291666666667,0.677083333333333,1,16,16,1.98046677788637
6293,149,33,3.09375,0.677083333333333,1,13,13,2.00122525433244
6294,150,33,3.11458333333333,0.677083333333333,1,28,28,2.02198519800576
6295,151,33,3.13541666666667,0.677083333333333,1,11,11,2.04274656626075
6296,152,33,3.15625,0.677083333333333,1,28,28,2.06350931808588
6297,153,33,3.17708333333333,0.677083333333333,1,22,22,2.08427341402633
6298,154,33,3.19791666666667,0.677083333333333,1,14,14,2.10503881611085
6299,155,33,3.21875,0.677083333333333,1,31,31,2.12580548778289
6300,156,33,3.23958333333333,0.677083333333333,1,26,26,2.14657339383535
6301,157,33,3.26041666666667,0.677083333333333,1,27,27,2.16734250034901
6302,158,33,3.28125,0.677083333333333,1,27,27,2.18811277463425
6303,159,33,3.30208333333333,0.677083333333333,1,26,26,2.20888418517594
6304,160,33,3.32291666666667,0.677083333333333,1,24,24,2.22965670158121
6305,161,33,3.34375,0.677083333333333,1,17,17,2.25043029453001
6306,162,33,3.36458333333333,0.677083333333333,1,26,26,2.27120493572829
6307,163,33,3.38541666666667,0.677083333333333,1,16,16,2.29198059786353
6308,164,33,3.40625,0.677083333333333,1,19,19,2.3127572545626
6309,165,33,3.42708333333333,0.677083333333333,1,16,16,2.33353488035181
6310,166,33,3.44791666666667,0.677083333333333,1,25,25,2.35431345061891
6311,167,33,3.46875,0.677083333333333,1,20,20,2.37509294157703
6312,168,33,3.48958333333333,0.677083333333333,1,6,6,2.39587333023043
6313,169,33,3.51041666666667,0.677083333333333,1,14,14,2.41665459434191
6314,170,33,3.53125,0.677083333333333,1,14,14,2.4374367124018
6315,171,33,3.55208333333333,0.677083333333333,1,25,25,2.45821966359854
6316,172,33,3.57291666666667,0.677083333333333,1,9,9,2.47900342779058
6317,173,33,3.59375,0.677083333333333,1,21,21,2.49978798547967
6318,174,33,3.61458333333333,0.677083333333333,1,22,22,2.52057331778542
6319,175,33,3.63541666666667,0.677083333333333,1,17,17,2.54135940642104
6320,176,33,3.65625,0.677083333333333,1,13,13,2.5621462336702
6321,177,33,3.67708333333333,0.677083333333333,1,16,16,2.58293378236504
6322,178,33,3.69791666666667,0.677083333333333,1,27,27,2.60372203586504
6323,179,33,3.71875,0.677083333333333,1,23,23,2.62451097803706
6324,180,33,3.73958333333333,0.677083333333333,1,18,18,2.64530059323605
6325,181,33,3.76041666666667,0.677083333333333,1,18,18,2.66609086628685
6326,182,33,3.78125,0.677083333333333,1,22,22,2.68688178246664
6327,183,33,3.80208333333333,0.677083333333333,1,23,23,2.70767332748824
6328,184,33,3.82291666666667,0.677083333333333,1,19,19,2.72846548748414
6329,185,33,3.84375,0.677083333333333,1,21,21,2.74925824899121
6330,186,33,3.86458333333333,0.677083333333333,1,16,16,2.77005159893608
6331,187,33,3.88541666666667,0.677083333333333,1,32,32,2.79084552462117
6332,188,33,3.90625,0.677083333333333,1,18,18,2.81164001371125
6333,189,33,3.92708333333333,0.677083333333333,1,17,17,2.83243505422068
6334,190,33,3.94791666666667,0.677083333333333,1,16,16,2.85323063450106
6335,191,33,3.96875,0.677083333333333,1,28,28,2.87402674322953
6336,192,33,3.98958333333333,0.677083333333333,1,26,26,2.89482336939742
6337,1,34,0.0104166666666667,0.697916666666667,1,23,23,0.909180945398572
6338,2,34,0.03125,0.697916666666667,1,25,25,0.888760622923691
6339,3,34,0.0520833333333333,0.697916666666667,1,28,28,0.868357895557675
6340,4,34,0.0729166666666667,0.697916666666667,1,22,22,0.847973899371121
6341,5,34,0.09375,0.697916666666667,1,26,26,0.827609869203883
6342,6,34,0.114583333333333,0.697916666666667,1,17,17,0.807267149496528
6343,7,34,0.135416666666667,0.697916666666667,1,19,19,0.786947206558667
6344,8,34,0.15625,0.697916666666667,1,23,23,0.766651642497979
6345,9,34,0.177083333333333,0.697916666666667,1,21,21,0.746382211073828
6346,10,34,0.197916666666667,0.697916666666667,1,18,18,0.726140835787431
6347,11,34,0.21875,0.697916666666667,1,13,13,0.705929630578529
6348,12,34,0.239583333333333,0.697916666666667,1,8,8,0.685750923568588
6349,13,34,0.260416666666667,0.697916666666667,1,15,15,0.66560728437554
6350,14,34,0.28125,0.697916666666667,1,20,20,0.645501555628454
6351,15,34,0.302083333333333,0.697916666666667,1,23,23,0.625436889436673
6352,16,34,0.322916666666667,0.697916666666667,1,28,28,0.605416789722376
6353,17,34,0.34375,0.697916666666667,1,21,21,0.585445161515088
6354,18,34,0.364583333333333,0.697916666666667,1,19,19,0.565526368540137
6355,19,34,0.385416666666667,0.697916666666667,1,17,17,0.545665300721322
6356,20,34,0.40625,0.697916666666667,1,15,15,0.525867453574992
6357,21,34,0.427083333333333,0.697916666666667,1,21,21,0.506139021915673
6358,22,34,0.447916666666667,0.697916666666667,1,13,13,0.486487010844135
6359,23,34,0.46875,0.697916666666667,1,4,4,0.466919367674491
6360,24,34,0.489583333333333,0.697916666666667,1,22,22,0.447445139311288
6361,25,34,0.510416666666667,0.697916666666667,1,28,28,0.428074660651524
6362,26,34,0.53125,0.697916666666667,1,4,4,0.408819780909159
6363,27,34,0.552083333333333,0.697916666666667,1,19,19,0.389694136397632
6364,28,34,0.572916666666667,0.697916666666667,1,17,17,0.370713480320625
6365,29,34,0.59375,0.697916666666667,1,17,17,0.35189608257258
6366,30,34,0.614583333333333,0.697916666666667,1,18,18,0.333263215480946
6367,31,34,0.635416666666667,0.697916666666667,1,17,17,0.314839744827914
6368,32,34,0.65625,0.697916666666667,1,10,10,0.296654849263745
6369,33,34,0.677083333333333,0.697916666666667,1,18,18,0.278742895056205
6370,34,34,0.697916666666667,0.697916666666667,1,26,26,0.261144496319994
6371,35,34,0.71875,0.697916666666667,1,26,26,0.243907792067066
6372,36,34,0.739583333333333,0.697916666666667,1,24,24,0.227089968085575
6373,37,34,0.760416666666667,0.697916666666667,1,15,15,0.210759039378673
6374,38,34,0.78125,0.697916666666667,1,16,16,0.194995880385548
6375,39,34,0.802083333333333,0.697916666666667,1,20,20,0.179896434219675
6376,40,34,0.822916666666667,0.697916666666667,1,22,22,0.165573932999624
6377,41,34,0.84375,0.697916666666667,1,25,25,0.152160800768963
6378,42,34,0.864583333333333,0.697916666666667,1,19,19,0.139809675692111
6379,43,34,0.885416666666667,0.697916666666667,1,21,21,0.12869269166771
6380,44,34,0.90625,0.697916666666667,1,14,14,0.118997875433632
6381,45,34,0.927083333333333,0.697916666666667,1,22,22,0.110921424284548
6382,46,34,0.947916666666667,0.697916666666667,1,20,20,0.104655028170714
6383,47,34,0.96875,0.697916666666667,1,25,25,0.100368583975743
6384,48,34,0.989583333333333,0.697916666666667,1,23,23,0.0981905999004213
6385,49,34,1.01041666666667,0.697916666666667,1,19,19,0.0981905999004213
6386,50,34,1.03125,0.697916666666667,1,20,20,0.100368583975743
6387,51,34,1.05208333333333,0.697916666666667,1,17,17,0.104655028170713
6388,52,34,1.07291666666667,0.697916666666667,1,29,29,0.110921424284548
6389,53,34,1.09375,0.697916666666667,1,20,20,0.118997875433632
6390,54,34,1.11458333333333,0.697916666666667,1,14,14,0.12869269166771
6391,55,34,1.13541666666667,0.697916666666667,1,19,19,0.139809675692111
6392,56,34,1.15625,0.697916666666667,1,21,21,0.152160800768963
6393,57,34,1.17708333333333,0.697916666666667,1,17,17,0.165573932999624
6394,58,34,1.19791666666667,0.697916666666667,1,23,23,0.179896434219675
6395,59,34,1.21875,0.697916666666667,1,12,12,0.194995880385548
6396,60,34,1.23958333333333,0.697916666666667,1,11,11,0.210759039378673
6397,61,34,1.26041666666667,0.697916666666667,1,17,17,0.227089968085574
6398,62,34,1.28125,0.697916666666667,1,17,17,0.243907792067066
6399,63,34,1.30208333333333,0.697916666666667,1,12,12,0.261144496319994
6400,64,34,1.32291666666667,0.697916666666667,1,19,19,0.278742895056205
6401,65,34,1.34375,0.697916666666667,1,18,18,0.296654849263745
6402,66,34,1.36458333333333,0.697916666666667,1,20,20,0.314839744827914
6403,67,34,1.38541666666667,0.697916666666667,1,21,21,0.333263215480946
6404,68,34,1.40625,0.697916666666667,1,30,30,0.35189608257258
6405,69,34,1.42708333333333,0.697916666666667,1,17,17,0.370713480320625
6406,70,34,1.44791666666667,0.697916666666667,1,21,21,0.389694136397631
6407,71,34,1.46875,0.697916666666667,1,27,27,0.408819780909159
6408,72,34,1.48958333333333,0.697916666666667,1,14,14,0.428074660651524
6409,73,34,1.51041666666667,0.697916666666667,1,25,25,0.447445139311288
6410,74,34,1.53125,0.697916666666667,1,26,26,0.466919367674491
6411,75,34,1.55208333333333,0.697916666666667,1,16,16,0.486487010844135
6412,76,34,1.57291666666667,0.697916666666667,1,25,25,0.506139021915673
6413,77,34,1.59375,0.697916666666667,1,20,20,0.525867453574992
6414,78,34,1.61458333333333,0.697916666666667,1,17,17,0.545665300721322
6415,79,34,1.63541666666667,0.697916666666667,1,20,20,0.565526368540137
6416,80,34,1.65625,0.697916666666667,1,4,4,0.585445161515088
6417,81,34,1.67708333333333,0.697916666666667,1,26,26,0.605416789722375
6418,82,34,1.69791666666667,0.697916666666667,1,14,14,0.625436889436673
6419,83,34,1.71875,0.697916666666667,1,29,29,0.645501555628454
6420,84,34,1.73958333333333,0.697916666666667,1,26,26,0.66560728437554
6421,85,34,1.76041666666667,0.697916666666667,1,23,23,0.685750923568588
6422,86,34,1.78125,0.697916666666667,1,22,22,0.705929630578529
6423,87,34,1.80208333333333,0.697916666666667,1,14,14,0.726140835787431
6424,88,34,1.82291666666667,0.697916666666667,1,9,9,0.746382211073828
6425,89,34,1.84375,0.697916666666667,1,24,24,0.766651642497979
6426,90,34,1.86458333333333,0.697916666666667,1,16,16,0.786947206558667
6427,91,34,1.88541666666667,0.697916666666667,1,4,4,0.807267149496528
6428,92,34,1.90625,0.697916666666667,1,18,18,0.827609869203883
6429,93,34,1.92708333333333,0.697916666666667,1,22,22,0.847973899371121
6430,94,34,1.94791666666667,0.697916666666667,1,17,17,0.868357895557675
6431,95,34,1.96875,0.697916666666667,1,17,17,0.888760622923691
6432,96,34,1.98958333333333,0.697916666666667,1,16,16,0.909180945398572
6433,97,34,2.01041666666667,0.697916666666667,1,19,19,0.929617816095964
6434,98,34,2.03125,0.697916666666667,1,17,17,0.950070268812733
6435,99,34,2.05208333333333,0.697916666666667,1,27,27,0.970537410472993
6436,100,34,2.07291666666667,0.697916666666667,1,15,15,0.991018414398013
6437,101,34,2.09375,0.697916666666667,1,13,13,1.01151251429952
6438,102,34,2.11458333333333,0.697916666666667,1,17,17,1.0320189989081
6439,103,34,2.13541666666667,0.697916666666667,1,19,19,1.05253720716031
6440,104,34,2.15625,0.697916666666667,1,17,17,1.07306652387852
6441,105,34,2.17708333333333,0.697916666666667,1,22,22,1.09360637588593
6442,106,34,2.19791666666667,0.697916666666667,1,21,21,1.11415622850695
6443,107,34,2.21875,0.697916666666667,1,25,25,1.13471558240934
6444,108,34,2.23958333333333,0.697916666666667,1,30,30,1.15528397075013
6445,109,34,2.26041666666667,0.697916666666667,1,18,18,1.17586095659188
6446,110,34,2.28125,0.697916666666667,1,17,17,1.19644613056017
6447,111,34,2.30208333333333,0.697916666666667,1,22,22,1.21703910871655
6448,112,34,2.32291666666667,0.697916666666667,1,32,32,1.23763953062433
6449,113,34,2.34375,0.697916666666667,1,19,19,1.25824705758726
6450,114,34,2.36458333333333,0.697916666666667,1,16,16,1.27886137104335
6451,115,34,2.38541666666667,0.697916666666667,1,28,28,1.29948217109838
6452,116,34,2.40625,0.697916666666667,1,16,16,1.32010917518494
6453,117,34,2.42708333333333,0.697916666666667,1,16,16,1.34074211683501
6454,118,34,2.44791666666667,0.697916666666667,1,15,15,1.3613807445548
6455,119,34,2.46875,0.697916666666667,1,25,25,1.3820248207923
6456,120,34,2.48958333333333,0.697916666666667,1,23,23,1.40267412098861
6457,121,34,2.51041666666667,0.697916666666667,1,15,15,1.42332843270547
6458,122,34,2.53125,0.697916666666667,1,16,16,1.44398755482175
6459,123,34,2.55208333333333,0.697916666666667,1,26,26,1.46465129679285
6460,124,34,2.57291666666667,0.697916666666667,1,20,20,1.48531947796721
6461,125,34,2.59375,0.697916666666667,1,15,15,1.50599192695494
6462,126,34,2.61458333333333,0.697916666666667,1,21,21,1.52666848104407
6463,127,34,2.63541666666667,0.697916666666667,1,20,20,1.54734898566016
6464,128,34,2.65625,0.697916666666667,1,25,25,1.5680332938657
6465,129,34,2.67708333333333,0.697916666666667,1,17,17,1.58872126589585
6466,130,34,2.69791666666667,0.697916666666667,1,13,13,1.60941276872758
6467,131,34,2.71875,0.697916666666667,1,17,17,1.6301076756793
6468,132,34,2.73958333333333,0.697916666666667,1,29,29,1.65080586603871
6469,133,34,2.76041666666667,0.697916666666667,1,20,20,1.67150722471635
6470,134,34,2.78125,0.697916666666667,1,27,27,1.69221164192303
6471,135,34,2.80208333333333,0.697916666666667,1,23,23,1.71291901286909
6472,136,34,2.82291666666667,0.697916666666667,1,22,22,1.73362923748384
6473,137,34,2.84375,0.697916666666667,1,32,32,1.75434222015367
6474,138,34,2.86458333333333,0.697916666666667,1,23,23,1.77505786947734
6475,139,34,2.88541666666667,0.697916666666667,1,16,16,1.79577609803713
6476,140,34,2.90625,0.697916666666667,1,21,21,1.8164968221848
6477,141,34,2.92708333333333,0.697916666666667,1,10,10,1.83721996184108
6478,142,34,2.94791666666667,0.697916666666667,1,19,19,1.85794544030783
6479,143,34,2.96875,0.697916666666667,1,22,22,1.87867318409192
6480,144,34,2.98958333333333,0.697916666666667,1,24,24,1.89940312273994
6481,145,34,3.01041666666667,0.697916666666667,1,10,10,1.92013518868306
6482,146,34,3.03125,0.697916666666667,1,20,20,1.94086931709124
6483,147,34,3.05208333333333,0.697916666666667,1,15,15,1.96160544573613
6484,148,34,3.07291666666667,0.697916666666667,1,16,16,1.98234351486225
6485,149,34,3.09375,0.697916666666667,1,24,24,2.00308346706555
6486,150,34,3.11458333333333,0.697916666666667,1,21,21,2.02382524717914
6487,151,34,3.13541666666667,0.697916666666667,1,21,21,2.04456880216565
6488,152,34,3.15625,0.697916666666667,1,20,20,2.0653140810156
6489,153,34,3.17708333333333,0.697916666666667,1,20,20,2.08606103465165
6490,154,34,3.19791666666667,0.697916666666667,1,15,15,2.10680961583811
6491,155,34,3.21875,0.697916666666667,1,17,17,2.1275597790956
6492,156,34,3.23958333333333,0.697916666666667,1,23,23,2.14831148062026
6493,157,34,3.26041666666667,0.697916666666667,1,15,15,2.1690646782075
6494,158,34,3.28125,0.697916666666667,1,11,11,2.18981933117974
6495,159,34,3.30208333333333,0.697916666666667,1,29,29,2.21057540031819
6496,160,34,3.32291666666667,0.697916666666667,1,14,14,2.23133284779806
6497,161,34,3.34375,0.697916666666667,1,22,22,2.25209163712736
6498,162,34,3.36458333333333,0.697916666666667,1,15,15,2.27285173308874
6499,163,34,3.38541666666667,0.697916666666667,1,17,17,2.29361310168447
6500,164,34,3.40625,0.697916666666667,1,12,12,2.31437571008417
6501,165,34,3.42708333333333,0.697916666666667,1,23,23,2.3351395265752
6502,166,34,3.44791666666667,0.697916666666667,1,22,22,2.35590452051559
6503,167,34,3.46875,0.697916666666667,1,22,22,2.37667066228928
6504,168,34,3.48958333333333,0.697916666666667,1,19,19,2.39743792326367
6505,169,34,3.51041666666667,0.697916666666667,1,28,28,2.41820627574911
6506,170,34,3.53125,0.697916666666667,1,25,25,2.43897569296054
6507,171,34,3.55208333333333,0.697916666666667,1,33,33,2.45974614898084
6508,172,34,3.57291666666667,0.697916666666667,1,16,16,2.48051761872605
6509,173,34,3.59375,0.697916666666667,1,23,23,2.5012900779122
6510,174,34,3.61458333333333,0.697916666666667,1,20,20,2.52206350302369
6511,175,34,3.63541666666667,0.697916666666667,1,8,8,2.54283787128323
6512,176,34,3.65625,0.697916666666667,1,18,18,2.56361316062307
6513,177,34,3.67708333333333,0.697916666666667,1,15,15,2.58438934965767
6514,178,34,3.69791666666667,0.697916666666667,1,24,24,2.60516641765756
6515,179,34,3.71875,0.697916666666667,1,22,22,2.62594434452438
6516,180,34,3.73958333333333,0.697916666666667,1,21,21,2.64672311076712
6517,181,34,3.76041666666667,0.697916666666667,1,14,14,2.66750269747936
6518,182,34,3.78125,0.697916666666667,1,21,21,2.68828308631754
6519,183,34,3.80208333333333,0.697916666666667,1,14,14,2.70906425948017
6520,184,34,3.82291666666667,0.697916666666667,1,19,19,2.72984619968805
6521,185,34,3.84375,0.697916666666667,1,4,4,2.75062889016519
6522,186,34,3.86458333333333,0.697916666666667,1,20,20,2.77141231462073
6523,187,34,3.88541666666667,0.697916666666667,1,21,21,2.79219645723146
6524,188,34,3.90625,0.697916666666667,1,28,28,2.81298130262528
6525,189,34,3.92708333333333,0.697916666666667,1,25,25,2.83376683586515
6526,190,34,3.94791666666667,0.697916666666667,1,20,20,2.85455304243392
6527,191,34,3.96875,0.697916666666667,1,16,16,2.87533990821964
6528,192,34,3.98958333333333,0.697916666666667,1,20,20,2.89612741950153
6529,1,35,0.0104166666666667,0.71875,1,31,31,0.913472612412941
6530,2,35,0.03125,0.71875,1,31,31,0.893140536379419
6531,3,35,0.0520833333333333,0.71875,1,11,11,0.872829671342545
6532,4,35,0.0729166666666667,0.71875,1,21,21,0.852541374137861
6533,5,35,0.09375,0.71875,1,13,13,0.832277118136019
6534,6,35,0.114583333333333,0.71875,1,23,23,0.81203850582698
6535,7,35,0.135416666666667,0.71875,1,26,26,0.791827283041833
6536,8,35,0.15625,0.71875,1,20,20,0.771645355061335
6537,9,35,0.177083333333333,0.71875,1,31,31,0.751494804903575
6538,10,35,0.197916666666667,0.71875,1,6,6,0.731377914134788
6539,11,35,0.21875,0.71875,1,17,17,0.711297186609198
6540,12,35,0.239583333333333,0.71875,1,25,25,0.691255375618039
6541,13,35,0.260416666666667,0.71875,1,17,17,0.671255515017199
6542,14,35,0.28125,0.71875,1,19,19,0.651300955010707
6543,15,35,0.302083333333333,0.71875,1,23,23,0.631395403397582
6544,16,35,0.322916666666667,0.71875,1,16,16,0.611542973247419
6545,17,35,0.34375,0.71875,1,25,25,0.591748238161833
6546,18,35,0.364583333333333,0.71875,1,14,14,0.572016296512055
6547,19,35,0.385416666666667,0.71875,1,20,20,0.552352846327132
6548,20,35,0.40625,0.71875,1,28,28,0.532764272853643
6549,21,35,0.427083333333333,0.71875,1,18,18,0.513257751230626
6550,22,35,0.447916666666667,0.71875,1,17,17,0.493841367239134
6551,23,35,0.46875,0.71875,1,18,18,0.47452425971407
6552,24,35,0.489583333333333,0.71875,1,12,12,0.455316788969243
6553,25,35,0.510416666666667,0.71875,1,26,26,0.43623073650974
6554,26,35,0.53125,0.71875,1,21,21,0.417279542413964
6555,27,35,0.552083333333333,0.71875,1,8,8,0.398478588083558
6556,28,35,0.572916666666667,0.71875,1,19,19,0.379845533595043
6557,29,35,0.59375,0.71875,1,28,28,0.361400720632294
6558,30,35,0.614583333333333,0.71875,1,20,20,0.343167653878805
6559,31,35,0.635416666666667,0.71875,1,25,25,0.325173575665803
6560,32,35,0.65625,0.71875,1,14,14,0.307450150325166
6561,33,35,0.677083333333333,0.71875,1,28,28,0.290034275559355
6562,34,35,0.697916666666667,0.71875,1,17,17,0.272969037291003
6563,35,35,0.71875,0.71875,1,31,31,0.256304820343481
6564,36,35,0.739583333333333,0.71875,1,23,23,0.240100577444052
6565,37,35,0.760416666666667,0.71875,1,18,18,0.22442523963328
6566,38,35,0.78125,0.71875,1,22,22,0.209359216769115
6567,39,35,0.802083333333333,0.71875,1,10,10,0.194995880385548
6568,40,35,0.822916666666667,0.71875,1,15,15,0.181442835127215
6569,41,35,0.84375,0.71875,1,32,32,0.168822664595082
6570,42,35,0.864583333333333,0.71875,1,13,13,0.157272688233926
6571,43,35,0.885416666666667,0.71875,1,18,18,0.146943116481869
6572,44,35,0.90625,0.71875,1,12,12,0.137992909558247
6573,45,35,0.927083333333333,0.71875,1,23,23,0.130582746053944
6574,46,35,0.947916666666667,0.71875,1,18,18,0.124864928592947
6575,47,35,0.96875,0.71875,1,20,20,0.120970869120796
6576,48,35,0.989583333333333,0.71875,1,31,31,0.118997875433632
6577,49,35,1.01041666666667,0.71875,1,25,25,0.118997875433632
6578,50,35,1.03125,0.71875,1,12,12,0.120970869120796
6579,51,35,1.05208333333333,0.71875,1,15,15,0.124864928592947
6580,52,35,1.07291666666667,0.71875,1,16,16,0.130582746053944
6581,53,35,1.09375,0.71875,1,30,30,0.137992909558247
6582,54,35,1.11458333333333,0.71875,1,18,18,0.146943116481869
6583,55,35,1.13541666666667,0.71875,1,20,20,0.157272688233926
6584,56,35,1.15625,0.71875,1,23,23,0.168822664595082
6585,57,35,1.17708333333333,0.71875,1,19,19,0.181442835127214
6586,58,35,1.19791666666667,0.71875,1,26,26,0.194995880385548
6587,59,35,1.21875,0.71875,1,22,22,0.209359216769115
6588,60,35,1.23958333333333,0.71875,1,22,22,0.22442523963328
6589,61,35,1.26041666666667,0.71875,1,18,18,0.240100577444052
6590,62,35,1.28125,0.71875,1,23,23,0.256304820343481
6591,63,35,1.30208333333333,0.71875,1,17,17,0.272969037291003
6592,64,35,1.32291666666667,0.71875,1,18,18,0.290034275559355
6593,65,35,1.34375,0.71875,1,11,11,0.307450150325166
6594,66,35,1.36458333333333,0.71875,1,10,10,0.325173575665803
6595,67,35,1.38541666666667,0.71875,1,19,19,0.343167653878805
6596,68,35,1.40625,0.71875,1,10,10,0.361400720632294
6597,69,35,1.42708333333333,0.71875,1,23,23,0.379845533595042
6598,70,35,1.44791666666667,0.71875,1,19,19,0.398478588083558
6599,71,35,1.46875,0.71875,1,24,24,0.417279542413964
6600,72,35,1.48958333333333,0.71875,1,22,22,0.43623073650974
6601,73,35,1.51041666666667,0.71875,1,17,17,0.455316788969243
6602,74,35,1.53125,0.71875,1,27,27,0.47452425971407
6603,75,35,1.55208333333333,0.71875,1,15,15,0.493841367239134
6604,76,35,1.57291666666667,0.71875,1,13,13,0.513257751230626
6605,77,35,1.59375,0.71875,1,15,15,0.532764272853643
6606,78,35,1.61458333333333,0.71875,1,26,26,0.552352846327132
6607,79,35,1.63541666666667,0.71875,1,16,16,0.572016296512055
6608,80,35,1.65625,0.71875,1,4,4,0.591748238161833
6609,81,35,1.67708333333333,0.71875,1,29,29,0.611542973247419
6610,82,35,1.69791666666667,0.71875,1,19,19,0.631395403397581
6611,83,35,1.71875,0.71875,1,19,19,0.651300955010707
6612,84,35,1.73958333333333,0.71875,1,7,7,0.671255515017199
6613,85,35,1.76041666666667,0.71875,1,22,22,0.691255375618039
6614,86,35,1.78125,0.71875,1,26,26,0.711297186609198
6615,87,35,1.80208333333333,0.71875,1,21,21,0.731377914134788
6616,88,35,1.82291666666667,0.71875,1,32,32,0.751494804903575
6617,89,35,1.84375,0.71875,1,4,4,0.771645355061335
6618,90,35,1.86458333333333,0.71875,1,29,29,0.791827283041833
6619,91,35,1.88541666666667,0.71875,1,25,25,0.81203850582698
6620,92,35,1.90625,0.71875,1,19,19,0.832277118136019
6621,93,35,1.92708333333333,0.71875,1,14,14,0.852541374137861
6622,94,35,1.94791666666667,0.71875,1,20,20,0.872829671342545
6623,95,35,1.96875,0.71875,1,24,24,0.893140536379419
6624,96,35,1.98958333333333,0.71875,1,19,19,0.913472612412941
6625,97,35,2.01041666666667,0.71875,1,28,28,0.933824647983292
6626,98,35,2.03125,0.71875,1,19,19,0.954195487089562
6627,99,35,2.05208333333333,0.71875,1,18,18,0.974584060359066
6628,100,35,2.07291666666667,0.71875,1,26,26,0.994989377168158
6629,101,35,2.09375,0.71875,1,26,26,1.01541051859842
6630,102,35,2.11458333333333,0.71875,1,20,20,1.03584663112783
6631,103,35,2.13541666666667,0.71875,1,22,22,1.05629692096989
6632,104,35,2.15625,0.71875,1,12,12,1.07676064898517
6633,105,35,2.17708333333333,0.71875,1,28,28,1.09723712609955
6634,106,35,2.19791666666667,0.71875,1,18,18,1.11772570917172
6635,107,35,2.21875,0.71875,1,15,15,1.13822579725993
6636,108,35,2.23958333333333,0.71875,1,15,15,1.158736828244
6637,109,35,2.26041666666667,0.71875,1,19,19,1.17925827576417
6638,110,35,2.28125,0.71875,1,25,25,1.19978964644284
6639,111,35,2.30208333333333,0.71875,1,23,23,1.22033047735953
6640,112,35,2.32291666666667,0.71875,1,25,25,1.24088033375259
6641,113,35,2.34375,0.71875,1,18,18,1.2614388069245
6642,114,35,2.36458333333333,0.71875,1,15,15,1.28200551233022
6643,115,35,2.38541666666667,0.71875,1,24,24,1.3025800878302
6644,116,35,2.40625,0.71875,1,17,17,1.32316219209196
6645,117,35,2.42708333333333,0.71875,1,20,20,1.34375150312572
6646,118,35,2.44791666666667,0.71875,1,16,16,1.36434771694127
6647,119,35,2.46875,0.71875,1,8,8,1.38495054631459
6648,120,35,2.48958333333333,0.71875,1,24,24,1.40555971965394
6649,121,35,2.51041666666667,0.71875,1,13,13,1.42617497995624
6650,122,35,2.53125,0.71875,1,18,18,1.44679608384557
6651,123,35,2.55208333333333,0.71875,1,18,18,1.46742280068624
6652,124,35,2.57291666666667,0.71875,1,28,28,1.488054911764
6653,125,35,2.59375,0.71875,1,19,19,1.50869220952922
6654,126,35,2.61458333333333,0.71875,1,18,18,1.52933449689675
6655,127,35,2.63541666666667,0.71875,1,25,25,1.54998158659759
6656,128,35,2.65625,0.71875,1,28,28,1.57063330057796
6657,129,35,2.67708333333333,0.71875,1,23,23,1.59128946944172
6658,130,35,2.69791666666667,0.71875,1,21,21,1.61194993193272
6659,131,35,2.71875,0.71875,1,19,19,1.63261453445364
6660,132,35,2.73958333333333,0.71875,1,22,22,1.65328313061842
6661,133,35,2.76041666666667,0.71875,1,18,18,1.6739555808356
6662,134,35,2.78125,0.71875,1,29,29,1.69463175192015
6663,135,35,2.80208333333333,0.71875,1,7,7,1.71531151673143
6664,136,35,2.82291666666667,0.71875,1,30,30,1.7359947538354
6665,137,35,2.84375,0.71875,1,19,19,1.75668134718912
6666,138,35,2.86458333333333,0.71875,1,25,25,1.7773711858459
6667,139,35,2.88541666666667,0.71875,1,24,24,1.79806416367952
6668,140,35,2.90625,0.71875,1,20,20,1.81876017912609
6669,141,35,2.92708333333333,0.71875,1,27,27,1.83945913494229
6670,142,35,2.94791666666667,0.71875,1,19,19,1.86016093797876
6671,143,35,2.96875,0.71875,1,19,19,1.88086549896756
6672,144,35,2.98958333333333,0.71875,1,17,17,1.9015727323227
6673,145,35,3.01041666666667,0.71875,1,22,22,1.92228255595283
6674,146,35,3.03125,0.71875,1,11,11,1.94299489108514
6675,147,35,3.05208333333333,0.71875,1,13,13,1.96370966209989
6676,148,35,3.07291666666667,0.71875,1,22,22,1.98442679637459
6677,149,35,3.09375,0.71875,1,27,27,2.00514622413741
6678,150,35,3.11458333333333,0.71875,1,29,29,2.02586787832902
6679,151,35,3.13541666666667,0.71875,1,17,17,2.04659169447237
6680,152,35,3.15625,0.71875,1,20,20,2.06731761054996
6681,153,35,3.17708333333333,0.71875,1,18,18,2.0880455668879
6682,154,35,3.19791666666667,0.71875,1,13,13,2.10877550604653
6683,155,35,3.21875,0.71875,1,24,24,2.12950737271712
6684,156,35,3.23958333333333,0.71875,1,18,18,2.15024111362415
6685,157,35,3.26041666666667,0.71875,1,10,10,2.17097667743296
6686,158,35,3.28125,0.71875,1,20,20,2.19171401466239
6687,159,35,3.30208333333333,0.71875,1,9,9,2.21245307760203
6688,160,35,3.32291666666667,0.71875,1,27,27,2.23319382023392
6689,161,35,3.34375,0.71875,1,17,17,2.25393619815831
6690,162,35,3.36458333333333,0.71875,1,27,27,2.27468016852328
6691,163,35,3.38541666666667,0.71875,1,13,13,2.29542568995807
6692,164,35,3.40625,0.71875,1,20,20,2.31617272250971
6693,165,35,3.42708333333333,0.71875,1,16,16,2.33692122758296
6694,166,35,3.44791666666667,0.71875,1,14,14,2.35767116788321
6695,167,35,3.46875,0.71875,1,30,30,2.37842250736229
6696,168,35,3.48958333333333,0.71875,1,15,15,2.3991752111669
6697,169,35,3.51041666666667,0.71875,1,20,20,2.4199292455896
6698,170,35,3.53125,0.71875,1,30,30,2.44068457802223
6699,171,35,3.55208333333333,0.71875,1,17,17,2.4614411769115
6700,172,35,3.57291666666667,0.71875,1,19,19,2.48219901171678
6701,173,35,3.59375,0.71875,1,14,14,2.50295805286985
6702,174,35,3.61458333333333,0.71875,1,23,23,2.52371827173659
6703,175,35,3.63541666666667,0.71875,1,28,28,2.54447964058044
6704,176,35,3.65625,0.71875,1,8,8,2.56524213252755
6705,177,35,3.67708333333333,0.71875,1,23,23,2.58600572153358
6706,178,35,3.69791666666667,0.71875,1,15,15,2.60677038235196
6707,179,35,3.71875,0.71875,1,30,30,2.62753609050366
6708,180,35,3.73958333333333,0.71875,1,34,34,2.64830282224826
6709,181,35,3.76041666666667,0.71875,1,21,21,2.66907055455637
6710,182,35,3.78125,0.71875,1,22,22,2.68983926508321
6711,183,35,3.80208333333333,0.71875,1,25,25,2.71060893214343
6712,184,35,3.82291666666667,0.71875,1,22,22,2.73137953468701
6713,185,35,3.84375,0.71875,1,22,22,2.75215105227616
6714,186,35,3.86458333333333,0.71875,1,16,16,2.77292346506326
6715,187,35,3.88541666666667,0.71875,1,33,33,2.79369675376978
6716,188,35,3.90625,0.71875,1,23,23,2.81447089966601
6717,189,35,3.92708333333333,0.71875,1,24,24,2.83524588455171
6718,190,35,3.94791666666667,0.71875,1,22,22,2.85602169073759
6719,191,35,3.96875,0.71875,1,24,24,2.87679830102746
6720,192,35,3.98958333333333,0.71875,1,20,20,2.89757569870128
6721,1,36,0.0104166666666667,0.739583333333333,1,8,8,0.91817255277395
6722,2,36,0.03125,0.739583333333333,1,27,27,0.897936238499791
6723,3,36,0.0520833333333333,0.739583333333333,1,23,23,0.877725002521443
6724,4,36,0.0729166666666667,0.739583333333333,1,16,16,0.857540432856783
6725,5,36,0.09375,0.739583333333333,1,15,15,0.837384252113887
6726,6,36,0.114583333333333,0.739583333333333,1,24,24,0.817258331781305
6727,7,36,0.135416666666667,0.739583333333333,1,28,28,0.797164708338936
6728,8,36,0.15625,0.739583333333333,1,23,23,0.777105601459203
6729,9,36,0.177083333333333,0.739583333333333,1,19,19,0.757083434613509
6730,10,36,0.197916666666667,0.739583333333333,1,21,21,0.737100858452685
6731,11,36,0.21875,0.739583333333333,1,12,12,0.717160777393966
6732,12,36,0.239583333333333,0.739583333333333,1,23,23,0.697266379923019
6733,13,36,0.260416666666667,0.739583333333333,1,25,25,0.67742117321022
6734,14,36,0.28125,0.739583333333333,1,15,15,0.657629022748674
6735,15,36,0.302083333333333,0.739583333333333,1,31,31,0.637894197851035
6736,16,36,0.322916666666667,0.739583333333333,1,18,18,0.618221423997425
6737,17,36,0.34375,0.739583333333333,1,23,23,0.598615943212801
6738,18,36,0.364583333333333,0.739583333333333,1,8,8,0.579083583875276
6739,19,36,0.385416666666667,0.739583333333333,1,27,27,0.559630841624482
6740,20,36,0.40625,0.739583333333333,1,20,20,0.540264973359555
6741,21,36,0.427083333333333,0.739583333333333,1,25,25,0.520994106699537
6742,22,36,0.447916666666667,0.739583333333333,1,24,24,0.501827367735595
6743,23,36,0.46875,0.739583333333333,1,19,19,0.482775030445807
6744,24,36,0.489583333333333,0.739583333333333,1,22,22,0.463848691780182
6745,25,36,0.510416666666667,0.739583333333333,1,23,23,0.44506147716463
6746,26,36,0.53125,0.739583333333333,1,13,13,0.426428282020553
6747,27,36,0.552083333333333,0.739583333333333,1,24,24,0.407966055843192
6748,28,36,0.572916666666667,0.739583333333333,1,24,24,0.389694136397632
6749,29,36,0.59375,0.739583333333333,1,16,16,0.371634642611324
6750,30,36,0.614583333333333,0.739583333333333,1,24,24,0.353812935641499
6751,31,36,0.635416666666667,0.739583333333333,1,36,36,0.336258158153582
6752,32,36,0.65625,0.739583333333333,1,15,15,0.319003861689974
6753,33,36,0.677083333333333,0.739583333333333,1,32,32,0.302088730533725
6754,34,36,0.697916666666667,0.739583333333333,1,24,24,0.28555740673587
6755,35,36,0.71875,0.739583333333333,1,18,18,0.269461413561837
6756,36,36,0.739583333333333,0.739583333333333,1,22,22,0.253860161488813
6757,37,36,0.760416666666667,0.739583333333333,1,11,11,0.238821999318554
6758,38,36,0.78125,0.739583333333333,1,14,14,0.22442523963328
6759,39,36,0.802083333333333,0.739583333333333,1,26,26,0.210759039378673
6760,40,36,0.822916666666667,0.739583333333333,1,26,26,0.197923950959898
6761,41,36,0.84375,0.739583333333333,1,11,11,0.186031879536375
6762,42,36,0.864583333333333,0.739583333333333,1,21,21,0.175205100283811
6763,43,36,0.885416666666667,0.739583333333333,1,30,30,0.165573932999624
6764,44,36,0.90625,0.739583333333333,1,21,21,0.157272688233926
6765,45,36,0.927083333333333,0.739583333333333,1,28,28,0.150433651670236
6766,46,36,0.947916666666667,0.739583333333333,1,29,29,0.145179214498746
6767,47,36,0.96875,0.739583333333333,1,21,21,0.141612781348817
6768,48,36,0.989583333333333,0.739583333333333,1,12,12,0.139809675692111
6769,49,36,1.01041666666667,0.739583333333333,1,12,12,0.139809675692111
6770,50,36,1.03125,0.739583333333333,1,20,20,0.141612781348817
6771,51,36,1.05208333333333,0.739583333333333,1,23,23,0.145179214498746
6772,52,36,1.07291666666667,0.739583333333333,1,26,26,0.150433651670235
6773,53,36,1.09375,0.739583333333333,1,17,17,0.157272688233926
6774,54,36,1.11458333333333,0.739583333333333,1,22,22,0.165573932999624
6775,55,36,1.13541666666667,0.739583333333333,1,21,21,0.17520510028381
6776,56,36,1.15625,0.739583333333333,1,16,16,0.186031879536375
6777,57,36,1.17708333333333,0.739583333333333,1,28,28,0.197923950959898
6778,58,36,1.19791666666667,0.739583333333333,1,21,21,0.210759039378673
6779,59,36,1.21875,0.739583333333333,1,12,12,0.22442523963328
6780,60,36,1.23958333333333,0.739583333333333,1,25,25,0.238821999318554
6781,61,36,1.26041666666667,0.739583333333333,1,24,24,0.253860161488813
6782,62,36,1.28125,0.739583333333333,1,14,14,0.269461413561837
6783,63,36,1.30208333333333,0.739583333333333,1,33,33,0.28555740673587
6784,64,36,1.32291666666667,0.739583333333333,1,23,23,0.302088730533724
6785,65,36,1.34375,0.739583333333333,1,10,10,0.319003861689974
6786,66,36,1.36458333333333,0.739583333333333,1,8,8,0.336258158153582
6787,67,36,1.38541666666667,0.739583333333333,1,20,20,0.353812935641499
6788,68,36,1.40625,0.739583333333333,1,15,15,0.371634642611324
6789,69,36,1.42708333333333,0.739583333333333,1,26,26,0.389694136397632
6790,70,36,1.44791666666667,0.739583333333333,1,18,18,0.407966055843192
6791,71,36,1.46875,0.739583333333333,1,27,27,0.426428282020553
6792,72,36,1.48958333333333,0.739583333333333,1,23,23,0.44506147716463
6793,73,36,1.51041666666667,0.739583333333333,1,25,25,0.463848691780181
6794,74,36,1.53125,0.739583333333333,1,20,20,0.482775030445807
6795,75,36,1.55208333333333,0.739583333333333,1,13,13,0.501827367735595
6796,76,36,1.57291666666667,0.739583333333333,1,22,22,0.520994106699536
6797,77,36,1.59375,0.739583333333333,1,26,26,0.540264973359555
6798,78,36,1.61458333333333,0.739583333333333,1,9,9,0.559630841624482
6799,79,36,1.63541666666667,0.739583333333333,1,15,15,0.579083583875276
6800,80,36,1.65625,0.739583333333333,1,25,25,0.598615943212801
6801,81,36,1.67708333333333,0.739583333333333,1,21,21,0.618221423997425
6802,82,36,1.69791666666667,0.739583333333333,1,8,8,0.637894197851035
6803,83,36,1.71875,0.739583333333333,1,12,12,0.657629022748674
6804,84,36,1.73958333333333,0.739583333333333,1,8,8,0.67742117321022
6805,85,36,1.76041666666667,0.739583333333333,1,23,23,0.697266379923019
6806,86,36,1.78125,0.739583333333333,1,14,14,0.717160777393966
6807,87,36,1.80208333333333,0.739583333333333,1,32,32,0.737100858452685
6808,88,36,1.82291666666667,0.739583333333333,1,20,20,0.757083434613509
6809,89,36,1.84375,0.739583333333333,1,14,14,0.777105601459203
6810,90,36,1.86458333333333,0.739583333333333,1,16,16,0.797164708338936
6811,91,36,1.88541666666667,0.739583333333333,1,16,16,0.817258331781305
6812,92,36,1.90625,0.739583333333333,1,36,36,0.837384252113887
6813,93,36,1.92708333333333,0.739583333333333,1,29,29,0.857540432856783
6814,94,36,1.94791666666667,0.739583333333333,1,22,22,0.877725002521443
6815,95,36,1.96875,0.739583333333333,1,23,23,0.897936238499791
6816,96,36,1.98958333333333,0.739583333333333,1,19,19,0.91817255277395
6817,97,36,2.01041666666667,0.739583333333333,1,27,27,0.938432479215133
6818,98,36,2.03125,0.739583333333333,1,22,22,0.958714662272659
6819,99,36,2.05208333333333,0.739583333333333,1,18,18,0.979017846881546
6820,100,36,2.07291666666667,0.739583333333333,1,21,21,0.999340869440512
6821,101,36,2.09375,0.739583333333333,1,17,17,1.01968264973211
6822,102,36,2.11458333333333,0.739583333333333,1,17,17,1.04004218367372
6823,103,36,2.13541666666667,0.739583333333333,1,16,16,1.0604185368028
6824,104,36,2.15625,0.739583333333333,1,25,25,1.08081083841194
6825,105,36,2.17708333333333,0.739583333333333,1,26,26,1.10121827626049
6826,106,36,2.19791666666667,0.739583333333333,1,20,20,1.12164009179827
6827,107,36,2.21875,0.739583333333333,1,21,21,1.14207557584517
6828,108,36,2.23958333333333,0.739583333333333,1,14,14,1.16252406467714
6829,109,36,2.26041666666667,0.739583333333333,1,13,13,1.18298493647518
6830,110,36,2.28125,0.739583333333333,1,23,23,1.20345760809898
6831,111,36,2.30208333333333,0.739583333333333,1,26,26,1.22394153215146
6832,112,36,2.32291666666667,0.739583333333333,1,25,25,1.24443619430435
6833,113,36,2.34375,0.739583333333333,1,19,19,1.26494111085831
6834,114,36,2.36458333333333,0.739583333333333,1,23,23,1.28545582651423
6835,115,36,2.38541666666667,0.739583333333333,1,20,20,1.30597991233477
6836,116,36,2.40625,0.739583333333333,1,27,27,1.32651296387769
6837,117,36,2.42708333333333,0.739583333333333,1,18,18,1.34705459948438
6838,118,36,2.44791666666667,0.739583333333333,1,25,25,1.36760445870889
6839,119,36,2.46875,0.739583333333333,1,29,29,1.38816220087432
6840,120,36,2.48958333333333,0.739583333333333,1,28,28,1.40872750374465
6841,121,36,2.51041666666667,0.739583333333333,1,21,21,1.42930006230156
6842,122,36,2.53125,0.739583333333333,1,16,16,1.44987958761676
6843,123,36,2.55208333333333,0.739583333333333,1,23,23,1.4704658058112
6844,124,36,2.57291666666667,0.739583333333333,1,23,23,1.49105845709354
6845,125,36,2.59375,0.739583333333333,1,22,22,1.51165729487106
6846,126,36,2.61458333333333,0.739583333333333,1,21,21,1.53226208492659
6847,127,36,2.63541666666667,0.739583333333333,1,19,19,1.55287260465597
6848,128,36,2.65625,0.739583333333333,1,19,19,1.57348864236095
6849,129,36,2.67708333333333,0.739583333333333,1,18,18,1.59410999659277
6850,130,36,2.69791666666667,0.739583333333333,1,29,29,1.61473647554239
6851,131,36,2.71875,0.739583333333333,1,19,19,1.63536789647357
6852,132,36,2.73958333333333,0.739583333333333,1,24,24,1.6560040851952
6853,133,36,2.76041666666667,0.739583333333333,1,21,21,1.67664487556993
6854,134,36,2.78125,0.739583333333333,1,7,7,1.69729010905616
6855,135,36,2.80208333333333,0.739583333333333,1,23,23,1.71793963428077
6856,136,36,2.82291666666667,0.739583333333333,1,19,19,1.73859330664022
6857,137,36,2.84375,0.739583333333333,1,13,13,1.75925098792796
6858,138,36,2.86458333333333,0.739583333333333,1,21,21,1.779912545986
6859,139,36,2.88541666666667,0.739583333333333,1,20,20,1.80057785437891
6860,140,36,2.90625,0.739583333333333,1,16,16,1.8212467920887
6861,141,36,2.92708333333333,0.739583333333333,1,10,10,1.84191924322878
6862,142,36,2.94791666666667,0.739583333333333,1,11,11,1.86259509677592
6863,143,36,2.96875,0.739583333333333,1,28,28,1.88327424631873
6864,144,36,2.98958333333333,0.739583333333333,1,17,17,1.90395658982147
6865,145,36,3.01041666666667,0.739583333333333,1,25,25,1.92464202940229
6866,146,36,3.03125,0.739583333333333,1,14,14,1.94533047112468
6867,147,36,3.05208333333333,0.739583333333333,1,14,14,1.96602182480136
6868,148,36,3.07291666666667,0.739583333333333,1,21,21,1.98671600380971
6869,149,36,3.09375,0.739583333333333,1,22,22,2.00741292491792
6870,150,36,3.11458333333333,0.739583333333333,1,15,15,2.02811250812127
6871,151,36,3.13541666666667,0.739583333333333,1,27,27,2.04881467648769
6872,152,36,3.15625,0.739583333333333,1,21,21,2.06951935601209
6873,153,36,3.17708333333333,0.739583333333333,1,24,24,2.09022647547894
6874,154,36,3.19791666666667,0.739583333333333,1,22,22,2.11093596633241
6875,155,36,3.21875,0.739583333333333,1,22,22,2.13164776255374
6876,156,36,3.23958333333333,0.739583333333333,1,13,13,2.15236180054527
6877,157,36,3.26041666666667,0.739583333333333,1,13,13,2.17307801902081
6878,158,36,3.28125,0.739583333333333,1,13,13,2.19379635890179
6879,159,36,3.30208333333333,0.739583333333333,1,27,27,2.2145167632191
6880,160,36,3.32291666666667,0.739583333333333,1,29,29,2.23523917701997
6881,161,36,3.34375,0.739583333333333,1,29,29,2.25596354727978
6882,162,36,3.36458333333333,0.739583333333333,1,18,18,2.27668982281847
6883,163,36,3.38541666666667,0.739583333333333,1,19,19,2.29741795422121
6884,164,36,3.40625,0.739583333333333,1,13,13,2.31814789376314
6885,165,36,3.42708333333333,0.739583333333333,1,26,26,2.3388795953379
6886,166,36,3.44791666666667,0.739583333333333,1,17,17,2.35961301438977
6887,167,36,3.46875,0.739583333333333,1,16,16,2.3803481078492
6888,168,36,3.48958333333333,0.739583333333333,1,14,14,2.40108483407145
6889,169,36,3.51041666666667,0.739583333333333,1,17,17,2.42182315277834
6890,170,36,3.53125,0.739583333333333,1,20,20,2.44256302500275
6891,171,36,3.55208333333333,0.739583333333333,1,19,19,2.46330441303582
6892,172,36,3.57291666666667,0.739583333333333,1,17,17,2.4840472803767
6893,173,36,3.59375,0.739583333333333,1,16,16,2.50479159168466
6894,174,36,3.61458333333333,0.739583333333333,1,16,16,2.52553731273344
6895,175,36,3.63541666666667,0.739583333333333,1,25,25,2.54628441036778
6896,176,36,3.65625,0.739583333333333,1,21,21,2.56703285246191
6897,177,36,3.67708333333333,0.739583333333333,1,16,16,2.58778260788
6898,178,36,3.69791666666667,0.739583333333333,1,16,16,2.6085336464384
6899,179,36,3.71875,0.739583333333333,1,22,22,2.62928593886956
6900,180,36,3.73958333333333,0.739583333333333,1,16,16,2.65003945678765
6901,181,36,3.76041666666667,0.739583333333333,1,12,12,2.6707941726556
6902,182,36,3.78125,0.739583333333333,1,24,24,2.69155005975374
6903,183,36,3.80208333333333,0.739583333333333,1,26,26,2.71230709214971
6904,184,36,3.82291666666667,0.739583333333333,1,28,28,2.73306524466973
6905,185,36,3.84375,0.739583333333333,1,28,28,2.75382449287112
6906,186,36,3.86458333333333,0.739583333333333,1,27,27,2.774584813016
6907,187,36,3.88541666666667,0.739583333333333,1,15,15,2.79534618204609
6908,188,36,3.90625,0.739583333333333,1,19,19,2.81610857755865
6909,189,36,3.92708333333333,0.739583333333333,1,20,20,2.83687197778332
6910,190,36,3.94791666666667,0.739583333333333,1,20,20,2.85763636156006
6911,191,36,3.96875,0.739583333333333,1,28,28,2.87840170831792
6912,192,36,3.98958333333333,0.739583333333333,1,25,25,2.89916799805472
6913,1,37,0.0104166666666667,0.760416666666667,1,31,31,0.923275140853568
6914,2,37,0.03125,0.760416666666667,1,13,13,0.903141766041958
6915,3,37,0.0520833333333333,0.760416666666667,1,23,23,0.883037561450336
6916,4,37,0.0729166666666667,0.760416666666667,1,15,15,0.862964354076631
6917,5,37,0.09375,0.760416666666667,1,11,11,0.84292412355278
6918,6,37,0.114583333333333,0.760416666666667,1,17,17,0.822919018055695
6919,7,37,0.135416666666667,0.760416666666667,1,18,18,0.802951372198722
6920,8,37,0.15625,0.760416666666667,1,15,15,0.783023727188448
6921,9,37,0.177083333333333,0.760416666666667,1,31,31,0.763138853577775
6922,10,37,0.197916666666667,0.760416666666667,1,19,19,0.743299777000379
6923,11,37,0.21875,0.760416666666667,1,18,18,0.723509807335516
6924,12,37,0.239583333333333,0.760416666666667,1,28,28,0.703772571827518
6925,13,37,0.260416666666667,0.760416666666667,1,12,12,0.684092052773284
6926,14,37,0.28125,0.760416666666667,1,19,19,0.664472630496199
6927,15,37,0.302083333333333,0.760416666666667,1,32,32,0.644919132449214
6928,16,37,0.322916666666667,0.760416666666667,1,17,17,0.625436889436673
6929,17,37,0.34375,0.760416666666667,1,26,26,0.606031800117939
6930,18,37,0.364583333333333,0.760416666666667,1,14,14,0.586710405160396
6931,19,37,0.385416666666667,0.760416666666667,1,17,17,0.567479972650033
6932,20,37,0.40625,0.760416666666667,1,21,21,0.54834859664981
6933,21,37,0.427083333333333,0.760416666666667,1,20,20,0.529325311124717
6934,22,37,0.447916666666667,0.760416666666667,1,23,23,0.51042022183265
6935,23,37,0.46875,0.760416666666667,1,34,34,0.491644659215122
6936,24,37,0.489583333333333,0.760416666666667,1,13,13,0.473011355811461
6937,25,37,0.510416666666667,0.760416666666667,1,12,12,0.45453465225859
6938,26,37,0.53125,0.760416666666667,1,19,19,0.43623073650974
6939,27,37,0.552083333333333,0.760416666666667,1,12,12,0.418117921476912
6940,28,37,0.572916666666667,0.760416666666667,1,22,22,0.40021696681429
6941,29,37,0.59375,0.760416666666667,1,27,27,0.38255145091252
6942,30,37,0.614583333333333,0.760416666666667,1,14,14,0.365148199203461
6943,31,37,0.635416666666667,0.760416666666667,1,20,20,0.348037774325137
6944,32,37,0.65625,0.760416666666667,1,18,18,0.331255032176759
6945,33,37,0.677083333333333,0.760416666666667,1,21,21,0.314839744827914
6946,34,37,0.697916666666667,0.760416666666667,1,13,13,0.298837285814097
6947,35,37,0.71875,0.760416666666667,1,23,23,0.28329936443696
6948,36,37,0.739583333333333,0.760416666666667,1,13,13,0.268284781867994
6949,37,37,0.760416666666667,0.760416666666667,1,26,26,0.253860161488813
6950,38,37,0.78125,0.760416666666667,1,14,14,0.240100577444052
6951,39,37,0.802083333333333,0.760416666666667,1,25,25,0.227089968085575
6952,40,37,0.822916666666667,0.760416666666667,1,16,16,0.214921176204812
6953,41,37,0.84375,0.760416666666667,1,15,15,0.203695411189859
6954,42,37,0.864583333333333,0.760416666666667,1,28,28,0.193520891741779
6955,43,37,0.885416666666667,0.760416666666667,1,14,14,0.184510422578076
6956,44,37,0.90625,0.760416666666667,1,17,17,0.17677771365805
6957,45,37,0.927083333333333,0.760416666666667,1,22,22,0.170432395536399
6958,46,37,0.947916666666667,0.760416666666667,1,23,23,0.165573932999624
6959,47,37,0.96875,0.760416666666667,1,28,28,0.162284964833629
6960,48,37,0.989583333333333,0.760416666666667,1,28,28,0.160624916733267
6961,49,37,1.01041666666667,0.760416666666667,1,19,19,0.160624916733267
6962,50,37,1.03125,0.760416666666667,1,30,30,0.162284964833629
6963,51,37,1.05208333333333,0.760416666666667,1,17,17,0.165573932999624
6964,52,37,1.07291666666667,0.760416666666667,1,23,23,0.170432395536399
6965,53,37,1.09375,0.760416666666667,1,21,21,0.17677771365805
6966,54,37,1.11458333333333,0.760416666666667,1,19,19,0.184510422578076
6967,55,37,1.13541666666667,0.760416666666667,1,21,21,0.193520891741778
6968,56,37,1.15625,0.760416666666667,1,30,30,0.203695411189859
6969,57,37,1.17708333333333,0.760416666666667,1,14,14,0.214921176204812
6970,58,37,1.19791666666667,0.760416666666667,1,35,35,0.227089968085574
6971,59,37,1.21875,0.760416666666667,1,11,11,0.240100577444052
6972,60,37,1.23958333333333,0.760416666666667,1,20,20,0.253860161488813
6973,61,37,1.26041666666667,0.760416666666667,1,19,19,0.268284781867993
6974,62,37,1.28125,0.760416666666667,1,22,22,0.28329936443696
6975,63,37,1.30208333333333,0.760416666666667,1,22,22,0.298837285814097
6976,64,37,1.32291666666667,0.760416666666667,1,7,7,0.314839744827914
6977,65,37,1.34375,0.760416666666667,1,17,17,0.331255032176759
6978,66,37,1.36458333333333,0.760416666666667,1,19,19,0.348037774325137
6979,67,37,1.38541666666667,0.760416666666667,1,28,28,0.36514819920346
6980,68,37,1.40625,0.760416666666667,1,22,22,0.38255145091252
6981,69,37,1.42708333333333,0.760416666666667,1,19,19,0.40021696681429
6982,70,37,1.44791666666667,0.760416666666667,1,18,18,0.418117921476912
6983,71,37,1.46875,0.760416666666667,1,18,18,0.43623073650974
6984,72,37,1.48958333333333,0.760416666666667,1,21,21,0.45453465225859
6985,73,37,1.51041666666667,0.760416666666667,1,20,20,0.473011355811461
6986,74,37,1.53125,0.760416666666667,1,29,29,0.491644659215122
6987,75,37,1.55208333333333,0.760416666666667,1,7,7,0.51042022183265
6988,76,37,1.57291666666667,0.760416666666667,1,11,11,0.529325311124717
6989,77,37,1.59375,0.760416666666667,1,10,10,0.54834859664981
6990,78,37,1.61458333333333,0.760416666666667,1,17,17,0.567479972650033
6991,79,37,1.63541666666667,0.760416666666667,1,10,10,0.586710405160396
6992,80,37,1.65625,0.760416666666667,1,21,21,0.606031800117939
6993,81,37,1.67708333333333,0.760416666666667,1,22,22,0.625436889436673
6994,82,37,1.69791666666667,0.760416666666667,1,15,15,0.644919132449213
6995,83,37,1.71875,0.760416666666667,1,17,17,0.664472630496199
6996,84,37,1.73958333333333,0.760416666666667,1,22,22,0.684092052773284
6997,85,37,1.76041666666667,0.760416666666667,1,13,13,0.703772571827518
6998,86,37,1.78125,0.760416666666667,1,30,30,0.723509807335516
6999,87,37,1.80208333333333,0.760416666666667,1,20,20,0.743299777000379
7000,88,37,1.82291666666667,0.760416666666667,1,15,15,0.763138853577775
7001,89,37,1.84375,0.760416666666667,1,12,12,0.783023727188448
7002,90,37,1.86458333333333,0.760416666666667,1,22,22,0.802951372198722
7003,91,37,1.88541666666667,0.760416666666667,1,28,28,0.822919018055695
7004,92,37,1.90625,0.760416666666667,1,18,18,0.84292412355278
7005,93,37,1.92708333333333,0.760416666666667,1,22,22,0.862964354076631
7006,94,37,1.94791666666667,0.760416666666667,1,17,17,0.883037561450335
7007,95,37,1.96875,0.760416666666667,1,16,16,0.903141766041958
7008,96,37,1.98958333333333,0.760416666666667,1,20,20,0.923275140853568
7009,97,37,2.01041666666667,0.760416666666667,1,26,26,0.943435997345096
7010,98,37,2.03125,0.760416666666667,1,19,19,0.963622772780734
7011,99,37,2.05208333333333,0.760416666666667,1,19,19,0.98383401891413
7012,100,37,2.07291666666667,0.760416666666667,1,18,18,1.00406839185301
7013,101,37,2.09375,0.760416666666667,1,24,24,1.02432464296473
7014,102,37,2.11458333333333,0.760416666666667,1,25,25,1.04460161070227
7015,103,37,2.13541666666667,0.760416666666667,1,17,17,1.06489821324536
7016,104,37,2.15625,0.760416666666667,1,22,22,1.08521344186513
7017,105,37,2.17708333333333,0.760416666666667,1,22,22,1.10554635493161
7018,106,37,2.19791666666667,0.760416666666667,1,17,17,1.12589607249373
7019,107,37,2.21875,0.760416666666667,1,25,25,1.14626177136979
7020,108,37,2.23958333333333,0.760416666666667,1,11,11,1.16664268069395
7021,109,37,2.26041666666667,0.760416666666667,1,26,26,1.18703807787062
7022,110,37,2.28125,0.760416666666667,1,20,20,1.20744728489441
7023,111,37,2.30208333333333,0.760416666666667,1,17,17,1.22786966499812
7024,112,37,2.32291666666667,0.760416666666667,1,21,21,1.24830461959537
7025,113,37,2.34375,0.760416666666667,1,14,14,1.26875158548868
7026,114,37,2.36458333333333,0.760416666666667,1,14,14,1.28921003231653
7027,115,37,2.38541666666667,0.760416666666667,1,13,13,1.30967946021624
7028,116,37,2.40625,0.760416666666667,1,34,34,1.33015939768187
7029,117,37,2.42708333333333,0.760416666666667,1,22,22,1.35064939959852
7030,118,37,2.44791666666667,0.760416666666667,1,15,15,1.37114904543656
7031,119,37,2.46875,0.760416666666667,1,25,25,1.39165793759085
7032,120,37,2.48958333333333,0.760416666666667,1,19,19,1.41217569985178
7033,121,37,2.51041666666667,0.760416666666667,1,22,22,1.43270197599606
7034,122,37,2.53125,0.760416666666667,1,14,14,1.45323642848659
7035,123,37,2.55208333333333,0.760416666666667,1,19,19,1.47377873727182
7036,124,37,2.57291666666667,0.760416666666667,1,16,16,1.4943285986758
7037,125,37,2.59375,0.760416666666667,1,25,25,1.51488572437116
7038,126,37,2.61458333333333,0.760416666666667,1,21,21,1.53544984042787
7039,127,37,2.63541666666667,0.760416666666667,1,15,15,1.55602068643145
7040,128,37,2.65625,0.760416666666667,1,25,25,1.57659801466475
7041,129,37,2.67708333333333,0.760416666666667,1,27,27,1.59718158934812
7042,130,37,2.69791666666667,0.760416666666667,1,23,23,1.61777118593316
7043,131,37,2.71875,0.760416666666667,1,26,26,1.63836659044569
7044,132,37,2.73958333333333,0.760416666666667,1,27,27,1.65896759887409
7045,133,37,2.76041666666667,0.760416666666667,1,31,31,1.67957401659935
7046,134,37,2.78125,0.760416666666667,1,31,31,1.70018565786359
7047,135,37,2.80208333333333,0.760416666666667,1,16,16,1.72080234527407
7048,136,37,2.82291666666667,0.760416666666667,1,35,35,1.74142390933997
7049,137,37,2.84375,0.760416666666667,1,20,20,1.76205018803946
7050,138,37,2.86458333333333,0.760416666666667,1,9,9,1.78268102641478
7051,139,37,2.88541666666667,0.760416666666667,1,22,22,1.80331627619327
7052,140,37,2.90625,0.760416666666667,1,18,18,1.82395579543236
7053,141,37,2.92708333333333,0.760416666666667,1,30,30,1.84459944818692
7054,142,37,2.94791666666667,0.760416666666667,1,11,11,1.86524710419722
7055,143,37,2.96875,0.760416666666667,1,28,28,1.88589863859608
7056,144,37,2.98958333333333,0.760416666666667,1,25,25,1.90655393163392
7057,145,37,3.01041666666667,0.760416666666667,1,22,22,1.92721286842031
7058,146,37,3.03125,0.760416666666667,1,12,12,1.94787533868099
7059,147,37,3.05208333333333,0.760416666666667,1,19,19,1.96854123652931
7060,148,37,3.07291666666667,0.760416666666667,1,23,23,1.98921046025101
7061,149,37,3.09375,0.760416666666667,1,25,25,2.00988291210147
7062,150,37,3.11458333333333,0.760416666666667,1,22,22,2.03055849811473
7063,151,37,3.13541666666667,0.760416666666667,1,9,9,2.05123712792327
7064,152,37,3.15625,0.760416666666667,1,18,18,2.07191871458804
7065,153,37,3.17708333333333,0.760416666666667,1,20,20,2.09260317443799
7066,154,37,3.19791666666667,0.760416666666667,1,20,20,2.11329042691846
7067,155,37,3.21875,0.760416666666667,1,15,15,2.13398039444794
7068,156,37,3.23958333333333,0.760416666666667,1,9,9,2.15467300228264
7069,157,37,3.26041666666667,0.760416666666667,1,22,22,2.17536817838833
7070,158,37,3.28125,0.760416666666667,1,35,35,2.19606585331906
7071,159,37,3.30208333333333,0.760416666666667,1,22,22,2.21676596010233
7072,160,37,3.32291666666667,0.760416666666667,1,15,15,2.2374684341303
7073,161,37,3.34375,0.760416666666667,1,24,24,2.25817321305662
7074,162,37,3.36458333333333,0.760416666666667,1,12,12,2.27888023669868
7075,163,37,3.38541666666667,0.760416666666667,1,27,27,2.29958944694481
7076,164,37,3.40625,0.760416666666667,1,20,20,2.32030078766623
7077,165,37,3.42708333333333,0.760416666666667,1,20,20,2.34101420463344
7078,166,37,3.44791666666667,0.760416666666667,1,11,11,2.36172964543676
7079,167,37,3.46875,0.760416666666667,1,12,12,2.38244705941089
7080,168,37,3.48958333333333,0.760416666666667,1,31,31,2.40316639756307
7081,169,37,3.51041666666667,0.760416666666667,1,21,21,2.42388761250487
7082,170,37,3.53125,0.760416666666667,1,14,14,2.44461065838721
7083,171,37,3.55208333333333,0.760416666666667,1,14,14,2.46533549083849
7084,172,37,3.57291666666667,0.760416666666667,1,12,12,2.48606206690576
7085,173,37,3.59375,0.760416666666667,1,17,17,2.50679034499857
7086,174,37,3.61458333333333,0.760416666666667,1,20,20,2.52752028483554
7087,175,37,3.63541666666667,0.760416666666667,1,23,23,2.54825184739334
7088,176,37,3.65625,0.760416666666667,1,18,18,2.56898499485812
7089,177,37,3.67708333333333,0.760416666666667,1,28,28,2.58971969057909
7090,178,37,3.69791666666667,0.760416666666667,1,31,31,2.61045589902429
7091,179,37,3.71875,0.760416666666667,1,29,29,2.63119358573825
7092,180,37,3.73958333333333,0.760416666666667,1,25,25,2.65193271730171
7093,181,37,3.76041666666667,0.760416666666667,1,22,22,2.67267326129295
7094,182,37,3.78125,0.760416666666667,1,24,24,2.69341518625101
7095,183,37,3.80208333333333,0.760416666666667,1,32,32,2.71415846164039
7096,184,37,3.82291666666667,0.760416666666667,1,17,17,2.73490305781736
7097,185,37,3.84375,0.760416666666667,1,25,25,2.7556489459977
7098,186,37,3.86458333333333,0.760416666666667,1,28,28,2.77639609822585
7099,187,37,3.88541666666667,0.760416666666667,1,19,19,2.79714448734535
7100,188,37,3.90625,0.760416666666667,1,21,21,2.81789408697056
7101,189,37,3.92708333333333,0.760416666666667,1,28,28,2.83864487145956
7102,190,37,3.94791666666667,0.760416666666667,1,18,18,2.85939681588814
7103,191,37,3.96875,0.760416666666667,1,36,36,2.88014989602499
7104,192,37,3.98958333333333,0.760416666666667,1,10,10,2.90090408830776
7105,1,38,0.0104166666666667,0.78125,1,10,10,0.928774385427199
7106,2,38,0.03125,0.78125,1,11,11,0.908750774473061
7107,3,38,0.0520833333333333,0.78125,1,15,15,0.888760622923691
7108,4,38,0.0729166666666667,0.78125,1,20,20,0.868806001965535
7109,5,38,0.09375,0.78125,1,26,26,0.848889153168061
7110,6,38,0.114583333333333,0.78125,1,16,16,0.829012505895971
7111,7,38,0.135416666666667,0.78125,1,25,25,0.809178696834554
7112,8,38,0.15625,0.78125,1,23,23,0.789390591922357
7113,9,38,0.177083333333333,0.78125,1,21,21,0.769651311030908
7114,10,38,0.197916666666667,0.78125,1,24,24,0.74996425578439
7115,11,38,0.21875,0.78125,1,17,17,0.730333140974151
7116,12,38,0.239583333333333,0.78125,1,25,25,0.710762030095419
7117,13,38,0.260416666666667,0.78125,1,20,20,0.691255375618039
7118,14,38,0.28125,0.78125,1,22,22,0.671818064701779
7119,15,38,0.302083333333333,0.78125,1,9,9,0.652455471181592
7120,16,38,0.322916666666667,0.78125,1,16,16,0.633173514781991
7121,17,38,0.34375,0.78125,1,31,31,0.613978728674741
7122,18,38,0.364583333333333,0.78125,1,9,9,0.594878336673247
7123,19,38,0.385416666666667,0.78125,1,23,23,0.575880341562847
7124,20,38,0.40625,0.78125,1,32,32,0.556993626300895
7125,21,38,0.427083333333333,0.78125,1,17,17,0.538228070085016
7126,22,38,0.447916666666667,0.78125,1,19,19,0.519594681581794
7127,23,38,0.46875,0.78125,1,28,28,0.50110575192723
7128,24,38,0.489583333333333,0.78125,1,26,26,0.482775030445807
7129,25,38,0.510416666666667,0.78125,1,27,27,0.464617926369486
7130,26,38,0.53125,0.78125,1,20,20,0.446651740141747
7131,27,38,0.552083333333333,0.78125,1,18,18,0.428895928116088
7132,28,38,0.572916666666667,0.78125,1,22,22,0.411372404526399
7133,29,38,0.59375,0.78125,1,21,21,0.394105884401309
7134,30,38,0.614583333333333,0.78125,1,20,20,0.377124270441616
7135,31,38,0.635416666666667,0.78125,1,25,25,0.36045908552709
7136,32,38,0.65625,0.78125,1,21,21,0.344145950110997
7137,33,38,0.677083333333333,0.78125,1,28,28,0.328225099814468
7138,34,38,0.697916666666667,0.78125,1,25,25,0.312741932419978
7139,35,38,0.71875,0.78125,1,20,20,0.297747564417433
7140,36,38,0.739583333333333,0.78125,1,23,23,0.28329936443696
7141,37,38,0.760416666666667,0.78125,1,16,16,0.269461413561838
7142,38,38,0.78125,0.78125,1,30,30,0.256304820343481
7143,39,38,0.802083333333333,0.78125,1,9,9,0.243907792067066
7144,40,38,0.822916666666667,0.78125,1,20,20,0.232355336115496
7145,41,38,0.84375,0.78125,1,24,24,0.221738441905844
7146,42,38,0.864583333333333,0.78125,1,32,32,0.21215258466191
7147,43,38,0.885416666666667,0.78125,1,25,25,0.203695411189859
7148,44,38,0.90625,0.78125,1,23,23,0.196463530640786
7149,45,38,0.927083333333333,0.78125,1,22,22,0.190548451687112
7150,46,38,0.947916666666667,0.78125,1,20,20,0.186031879536375
7151,47,38,0.96875,0.78125,1,21,21,0.182980785566794
7152,48,38,0.989583333333333,0.78125,1,20,20,0.181442835127215
7153,49,38,1.01041666666667,0.78125,1,20,20,0.181442835127215
7154,50,38,1.03125,0.78125,1,27,27,0.182980785566794
7155,51,38,1.05208333333333,0.78125,1,26,26,0.186031879536375
7156,52,38,1.07291666666667,0.78125,1,35,35,0.190548451687112
7157,53,38,1.09375,0.78125,1,22,22,0.196463530640786
7158,54,38,1.11458333333333,0.78125,1,17,17,0.203695411189859
7159,55,38,1.13541666666667,0.78125,1,14,14,0.21215258466191
7160,56,38,1.15625,0.78125,1,23,23,0.221738441905844
7161,57,38,1.17708333333333,0.78125,1,7,7,0.232355336115496
7162,58,38,1.19791666666667,0.78125,1,17,17,0.243907792067066
7163,59,38,1.21875,0.78125,1,22,22,0.256304820343481
7164,60,38,1.23958333333333,0.78125,1,20,20,0.269461413561837
7165,61,38,1.26041666666667,0.78125,1,16,16,0.28329936443696
7166,62,38,1.28125,0.78125,1,10,10,0.297747564417433
7167,63,38,1.30208333333333,0.78125,1,28,28,0.312741932419978
7168,64,38,1.32291666666667,0.78125,1,10,10,0.328225099814468
7169,65,38,1.34375,0.78125,1,15,15,0.344145950110997
7170,66,38,1.36458333333333,0.78125,1,17,17,0.36045908552709
7171,67,38,1.38541666666667,0.78125,1,10,10,0.377124270441616
7172,68,38,1.40625,0.78125,1,22,22,0.394105884401309
7173,69,38,1.42708333333333,0.78125,1,19,19,0.411372404526399
7174,70,38,1.44791666666667,0.78125,1,26,26,0.428895928116088
7175,71,38,1.46875,0.78125,1,20,20,0.446651740141747
7176,72,38,1.48958333333333,0.78125,1,23,23,0.464617926369486
7177,73,38,1.51041666666667,0.78125,1,7,7,0.482775030445807
7178,74,38,1.53125,0.78125,1,26,26,0.50110575192723
7179,75,38,1.55208333333333,0.78125,1,18,18,0.519594681581794
7180,76,38,1.57291666666667,0.78125,1,21,21,0.538228070085016
7181,77,38,1.59375,0.78125,1,17,17,0.556993626300895
7182,78,38,1.61458333333333,0.78125,1,20,20,0.575880341562847
7183,79,38,1.63541666666667,0.78125,1,11,11,0.594878336673246
7184,80,38,1.65625,0.78125,1,13,13,0.613978728674741
7185,81,38,1.67708333333333,0.78125,1,9,9,0.633173514781991
7186,82,38,1.69791666666667,0.78125,1,32,32,0.652455471181592
7187,83,38,1.71875,0.78125,1,21,21,0.671818064701779
7188,84,38,1.73958333333333,0.78125,1,23,23,0.691255375618039
7189,85,38,1.76041666666667,0.78125,1,13,13,0.710762030095418
7190,86,38,1.78125,0.78125,1,29,29,0.730333140974151
7191,87,38,1.80208333333333,0.78125,1,20,20,0.749964255784389
7192,88,38,1.82291666666667,0.78125,1,29,29,0.769651311030908
7193,89,38,1.84375,0.78125,1,16,16,0.789390591922357
7194,90,38,1.86458333333333,0.78125,1,29,29,0.809178696834554
7195,91,38,1.88541666666667,0.78125,1,19,19,0.829012505895971
7196,92,38,1.90625,0.78125,1,18,18,0.848889153168061
7197,93,38,1.92708333333333,0.78125,1,31,31,0.868806001965535
7198,94,38,1.94791666666667,0.78125,1,13,13,0.88876062292369
7199,95,38,1.96875,0.78125,1,15,15,0.908750774473061
7200,96,38,1.98958333333333,0.78125,1,16,16,0.928774385427199
7201,97,38,2.01041666666667,0.78125,1,21,21,0.948829539428489
7202,98,38,2.03125,0.78125,1,30,30,0.968914461030442
7203,99,38,2.05208333333333,0.78125,1,17,17,0.98902750322376
7204,100,38,2.07291666666667,0.78125,1,24,24,1.00916713623832
7205,101,38,2.09375,0.78125,1,18,18,1.02933193747454
7206,102,38,2.11458333333333,0.78125,1,25,25,1.04952058243619
7207,103,38,2.13541666666667,0.78125,1,14,14,1.06973183655248
7208,104,38,2.15625,0.78125,1,17,17,1.08996454779124
7209,105,38,2.17708333333333,0.78125,1,18,18,1.11021763997684
7210,106,38,2.19791666666667,0.78125,1,23,23,1.13049010673706
7211,107,38,2.21875,0.78125,1,19,19,1.15078100601184
7212,108,38,2.23958333333333,0.78125,1,24,24,1.17108945506513
7213,109,38,2.26041666666667,0.78125,1,15,15,1.1914146259475
7214,110,38,2.28125,0.78125,1,11,11,1.21175574136346
7215,111,38,2.30208333333333,0.78125,1,16,16,1.23211207090261
7216,112,38,2.32291666666667,0.78125,1,12,12,1.25248292759814
7217,113,38,2.34375,0.78125,1,24,24,1.27286766478055
7218,114,38,2.36458333333333,0.78125,1,24,24,1.29326567319773
7219,115,38,2.38541666666667,0.78125,1,23,23,1.31367637837582
7220,116,38,2.40625,0.78125,1,19,19,1.33409923819797
7221,117,38,2.42708333333333,0.78125,1,32,32,1.35453374068042
7222,118,38,2.44791666666667,0.78125,1,25,25,1.37497940192774
7223,119,38,2.46875,0.78125,1,14,14,1.39543576425067
7224,120,38,2.48958333333333,0.78125,1,17,17,1.41590239443192
7225,121,38,2.51041666666667,0.78125,1,21,21,1.43637888212656
7226,122,38,2.53125,0.78125,1,22,22,1.45686483838514
7227,123,38,2.55208333333333,0.78125,1,19,19,1.47735989428891
7228,124,38,2.57291666666667,0.78125,1,27,27,1.49786369968711
7229,125,38,2.59375,0.78125,1,25,25,1.51837592202801
7230,126,38,2.61458333333333,0.78125,1,12,12,1.53889624527539
7231,127,38,2.63541666666667,0.78125,1,16,16,1.5594243689036
7232,128,38,2.65625,0.78125,1,21,21,1.57996000696445
7233,129,38,2.67708333333333,0.78125,1,26,26,1.60050288722026
7234,130,38,2.69791666666667,0.78125,1,14,14,1.62105275033755
7235,131,38,2.71875,0.78125,1,10,10,1.6416093491366
7236,132,38,2.73958333333333,0.78125,1,14,14,1.6621724478924
7237,133,38,2.76041666666667,0.78125,1,20,20,1.68274182168304
7238,134,38,2.78125,0.78125,1,4,4,1.70331725578169
7239,135,38,2.80208333333333,0.78125,1,20,20,1.723898545089
7240,136,38,2.82291666666667,0.78125,1,26,26,1.74448549360279
7241,137,38,2.84375,0.78125,1,20,20,1.7650779139221
7242,138,38,2.86458333333333,0.78125,1,5,5,1.78567562678326
7243,139,38,2.88541666666667,0.78125,1,15,15,1.80627846062543
7244,140,38,2.90625,0.78125,1,20,20,1.8268862511835
7245,141,38,2.92708333333333,0.78125,1,22,22,1.84749884110649
7246,142,38,2.94791666666667,0.78125,1,20,20,1.86811607959942
7247,143,38,2.96875,0.78125,1,14,14,1.88873782208716
7248,144,38,2.98958333333333,0.78125,1,22,22,1.90936392989866
7249,145,38,3.01041666666667,0.78125,1,16,16,1.92999426997002
7250,146,38,3.03125,0.78125,1,19,19,1.95062871456536
7251,147,38,3.05208333333333,0.78125,1,16,16,1.97126714101403
7252,148,38,3.07291666666667,0.78125,1,29,29,1.99190943146314
7253,149,38,3.09375,0.78125,1,24,24,2.01255547264445
7254,150,38,3.11458333333333,0.78125,1,32,32,2.03320515565454
7255,151,38,3.13541666666667,0.78125,1,25,25,2.05385837574753
7256,152,38,3.15625,0.78125,1,25,25,2.07451503213935
7257,153,38,3.17708333333333,0.78125,1,16,16,2.09517502782302
7258,154,38,3.19791666666667,0.78125,1,19,19,2.11583826939403
7259,155,38,3.21875,0.78125,1,23,23,2.13650466688536
7260,156,38,3.23958333333333,0.78125,1,27,27,2.15717413361142
7261,157,38,3.26041666666667,0.78125,1,12,12,2.17784658602032
7262,158,38,3.28125,0.78125,1,11,11,2.19852194355416
7263,159,38,3.30208333333333,0.78125,1,21,21,2.21920012851653
7264,160,38,3.32291666666667,0.78125,1,11,11,2.23988106594711
7265,161,38,3.34375,0.78125,1,26,26,2.26056468350266
7266,162,38,3.36458333333333,0.78125,1,16,16,2.28125091134424
7267,163,38,3.38541666666667,0.78125,1,14,14,2.30193968203015
7268,164,38,3.40625,0.78125,1,22,22,2.32263093041429
7269,165,38,3.42708333333333,0.78125,1,10,10,2.34332459354963
7270,166,38,3.44791666666667,0.78125,1,14,14,2.36402061059652
7271,167,38,3.46875,0.78125,1,13,13,2.38471892273553
7272,168,38,3.48958333333333,0.78125,1,14,14,2.40541947308452
7273,169,38,3.51041666666667,0.78125,1,28,28,2.42612220661982
7274,170,38,3.53125,0.78125,1,23,23,2.44682707010115
7275,171,38,3.55208333333333,0.78125,1,24,24,2.46753401200019
7276,172,38,3.57291666666667,0.78125,1,27,27,2.48824298243251
7277,173,38,3.59375,0.78125,1,15,15,2.50895393309273
7278,174,38,3.61458333333333,0.78125,1,16,16,2.52966681719271
7279,175,38,3.63541666666667,0.78125,1,34,34,2.55038158940264
7280,176,38,3.65625,0.78125,1,23,23,2.57109820579476
7281,177,38,3.67708333333333,0.78125,1,17,17,2.5918166237898
7282,178,38,3.69791666666667,0.78125,1,14,14,2.61253680210569
7283,179,38,3.71875,0.78125,1,10,10,2.63325870070873
7284,180,38,3.73958333333333,0.78125,1,21,21,2.65398228076685
7285,181,38,3.76041666666667,0.78125,1,15,15,2.67470750460496
7286,182,38,3.78125,0.78125,1,28,28,2.69543433566235
7287,183,38,3.80208333333333,0.78125,1,28,28,2.71616273845182
7288,184,38,3.82291666666667,0.78125,1,4,4,2.73689267852072
7289,185,38,3.84375,0.78125,1,22,22,2.75762412241358
7290,186,38,3.86458333333333,0.78125,1,26,26,2.77835703763642
7291,187,38,3.88541666666667,0.78125,1,23,23,2.79909139262248
7292,188,38,3.90625,0.78125,1,31,31,2.81982715669952
7293,189,38,3.92708333333333,0.78125,1,25,25,2.84056430005837
7294,190,38,3.94791666666667,0.78125,1,21,21,2.86130279372291
7295,191,38,3.96875,0.78125,1,18,18,2.8820426095212
7296,192,38,3.98958333333333,0.78125,1,21,21,2.90278372005785
7297,1,39,0.0104166666666667,0.802083333333333,1,12,12,0.934663961819918
7298,2,39,0.03125,0.802083333333333,1,10,10,0.914756573163129
7299,3,39,0.0520833333333333,0.802083333333333,1,18,18,0.894887102751977
7300,4,39,0.0729166666666667,0.802083333333333,1,20,20,0.875057868653047
7301,5,39,0.09375,0.802083333333333,1,7,7,0.855271376509198
7302,6,39,0.114583333333333,0.802083333333333,1,20,20,0.835530338304904
7303,7,39,0.135416666666667,0.802083333333333,1,30,30,0.815837693347219
7304,8,39,0.15625,0.802083333333333,1,26,26,0.796196631759893
7305,9,39,0.177083333333333,0.802083333333333,1,18,18,0.776610620832052
7306,10,39,0.197916666666667,0.802083333333333,1,11,11,0.757083434613509
7307,11,39,0.21875,0.802083333333333,1,13,13,0.737619187207276
7308,12,39,0.239583333333333,0.802083333333333,1,12,12,0.718222370277312
7309,13,39,0.260416666666667,0.802083333333333,1,6,6,0.698897895367251
7310,14,39,0.28125,0.802083333333333,1,20,20,0.679651141715176
7311,15,39,0.302083333333333,0.802083333333333,1,18,18,0.660488010351833
7312,16,39,0.322916666666667,0.802083333333333,1,19,19,0.641414985386427
7313,17,39,0.34375,0.802083333333333,1,26,26,0.622439203516654
7314,18,39,0.364583333333333,0.802083333333333,1,27,27,0.603568532948678
7315,19,39,0.385416666666667,0.802083333333333,1,8,8,0.5848116630789
7316,20,39,0.40625,0.802083333333333,1,15,15,0.566178206471645
7317,21,39,0.427083333333333,0.802083333333333,1,10,10,0.547678814862909
7318,22,39,0.447916666666667,0.802083333333333,1,22,22,0.529325311124717
7319,23,39,0.46875,0.802083333333333,1,23,23,0.511130839328026
7320,24,39,0.489583333333333,0.802083333333333,1,26,26,0.493110035228615
7321,25,39,0.510416666666667,0.802083333333333,1,25,25,0.47527921964517
7322,26,39,0.53125,0.802083333333333,1,11,11,0.457656617263507
7323,27,39,0.552083333333333,0.802083333333333,1,13,13,0.440262603328748
7324,28,39,0.572916666666667,0.802083333333333,1,27,27,0.423119980395405
7325,29,39,0.59375,0.802083333333333,1,4,4,0.406254286675953
7326,30,39,0.614583333333333,0.802083333333333,1,14,14,0.389694136397632
7327,31,39,0.635416666666667,0.802083333333333,1,20,20,0.37347159072348
7328,32,39,0.65625,0.802083333333333,1,26,26,0.35762255492685
7329,33,39,0.677083333333333,0.802083333333333,1,20,20,0.342187193266482
7330,34,39,0.697916666666667,0.802083333333333,1,21,21,0.327210346966872
7331,35,39,0.71875,0.802083333333333,1,23,23,0.312741932419978
7332,36,39,0.739583333333333,0.802083333333333,1,16,16,0.298837285814097
7333,37,39,0.760416666666667,0.802083333333333,1,24,24,0.28555740673587
7334,38,39,0.78125,0.802083333333333,1,30,30,0.272969037291003
7335,39,39,0.802083333333333,0.802083333333333,1,22,22,0.261144496319994
7336,40,39,0.822916666666667,0.802083333333333,1,23,23,0.250161173207742
7337,41,39,0.84375,0.802083333333333,1,26,26,0.240100577444052
7338,42,39,0.864583333333333,0.802083333333333,1,22,22,0.231046845459806
7339,43,39,0.885416666666667,0.802083333333333,1,21,21,0.223084633734809
7340,44,39,0.90625,0.802083333333333,1,25,25,0.216296384389354
7341,45,39,0.927083333333333,0.802083333333333,1,15,15,0.210759039378673
7342,46,39,0.947916666666667,0.802083333333333,1,18,18,0.206540395199212
7343,47,39,0.96875,0.802083333333333,1,14,14,0.203695411189859
7344,48,39,0.989583333333333,0.802083333333333,1,27,27,0.202262877678061
7345,49,39,1.01041666666667,0.802083333333333,1,24,24,0.202262877678061
7346,50,39,1.03125,0.802083333333333,1,12,12,0.203695411189859
7347,51,39,1.05208333333333,0.802083333333333,1,36,36,0.206540395199212
7348,52,39,1.07291666666667,0.802083333333333,1,21,21,0.210759039378673
7349,53,39,1.09375,0.802083333333333,1,33,33,0.216296384389354
7350,54,39,1.11458333333333,0.802083333333333,1,11,11,0.223084633734809
7351,55,39,1.13541666666667,0.802083333333333,1,15,15,0.231046845459806
7352,56,39,1.15625,0.802083333333333,1,23,23,0.240100577444052
7353,57,39,1.17708333333333,0.802083333333333,1,18,18,0.250161173207742
7354,58,39,1.19791666666667,0.802083333333333,1,10,10,0.261144496319994
7355,59,39,1.21875,0.802083333333333,1,18,18,0.272969037291003
7356,60,39,1.23958333333333,0.802083333333333,1,19,19,0.28555740673587
7357,61,39,1.26041666666667,0.802083333333333,1,19,19,0.298837285814097
7358,62,39,1.28125,0.802083333333333,1,22,22,0.312741932419978
7359,63,39,1.30208333333333,0.802083333333333,1,19,19,0.327210346966872
7360,64,39,1.32291666666667,0.802083333333333,1,21,21,0.342187193266482
7361,65,39,1.34375,0.802083333333333,1,8,8,0.35762255492685
7362,66,39,1.36458333333333,0.802083333333333,1,31,31,0.37347159072348
7363,67,39,1.38541666666667,0.802083333333333,1,21,21,0.389694136397631
7364,68,39,1.40625,0.802083333333333,1,26,26,0.406254286675953
7365,69,39,1.42708333333333,0.802083333333333,1,12,12,0.423119980395405
7366,70,39,1.44791666666667,0.802083333333333,1,17,17,0.440262603328747
7367,71,39,1.46875,0.802083333333333,1,19,19,0.457656617263507
7368,72,39,1.48958333333333,0.802083333333333,1,19,19,0.47527921964517
7369,73,39,1.51041666666667,0.802083333333333,1,10,10,0.493110035228615
7370,74,39,1.53125,0.802083333333333,1,16,16,0.511130839328026
7371,75,39,1.55208333333333,0.802083333333333,1,18,18,0.529325311124717
7372,76,39,1.57291666666667,0.802083333333333,1,22,22,0.547678814862909
7373,77,39,1.59375,0.802083333333333,1,25,25,0.566178206471645
7374,78,39,1.61458333333333,0.802083333333333,1,25,25,0.5848116630789
7375,79,39,1.63541666666667,0.802083333333333,1,19,19,0.603568532948678
7376,80,39,1.65625,0.802083333333333,1,10,10,0.622439203516654
7377,81,39,1.67708333333333,0.802083333333333,1,30,30,0.641414985386427
7378,82,39,1.69791666666667,0.802083333333333,1,20,20,0.660488010351832
7379,83,39,1.71875,0.802083333333333,1,21,21,0.679651141715176
7380,84,39,1.73958333333333,0.802083333333333,1,30,30,0.69889789536725
7381,85,39,1.76041666666667,0.802083333333333,1,26,26,0.718222370277312
7382,86,39,1.78125,0.802083333333333,1,22,22,0.737619187207276
7383,87,39,1.80208333333333,0.802083333333333,1,17,17,0.757083434613509
7384,88,39,1.82291666666667,0.802083333333333,1,23,23,0.776610620832052
7385,89,39,1.84375,0.802083333333333,1,22,22,0.796196631759893
7386,90,39,1.86458333333333,0.802083333333333,1,19,19,0.815837693347219
7387,91,39,1.88541666666667,0.802083333333333,1,20,20,0.835530338304904
7388,92,39,1.90625,0.802083333333333,1,24,24,0.855271376509198
7389,93,39,1.92708333333333,0.802083333333333,1,14,14,0.875057868653047
7390,94,39,1.94791666666667,0.802083333333333,1,19,19,0.894887102751977
7391,95,39,1.96875,0.802083333333333,1,16,16,0.914756573163129
7392,96,39,1.98958333333333,0.802083333333333,1,9,9,0.934663961819918
7393,97,39,2.01041666666667,0.802083333333333,1,13,13,0.954607121422739
7394,98,39,2.03125,0.802083333333333,1,25,25,0.974584060359066
7395,99,39,2.05208333333333,0.802083333333333,1,23,23,0.994592929154741
7396,100,39,2.07291666666667,0.802083333333333,1,21,21,1.01463200828295
7397,101,39,2.09375,0.802083333333333,1,24,24,1.03469969717885
7398,102,39,2.11458333333333,0.802083333333333,1,30,30,1.0547945043263
7399,103,39,2.13541666666667,0.802083333333333,1,25,25,1.07491503829946
7400,104,39,2.15625,0.802083333333333,1,16,16,1.09505999965599
7401,105,39,2.17708333333333,0.802083333333333,1,21,21,1.11522817359082
7402,106,39,2.19791666666667,0.802083333333333,1,19,19,1.13541842327025
7403,107,39,2.21875,0.802083333333333,1,24,24,1.15562968377535
7404,108,39,2.23958333333333,0.802083333333333,1,15,15,1.17586095659188
7405,109,39,2.26041666666667,0.802083333333333,1,23,23,1.19611130459112
7406,110,39,2.28125,0.802083333333333,1,9,9,1.21637984745201
7407,111,39,2.30208333333333,0.802083333333333,1,24,24,1.23666575748099
7408,112,39,2.32291666666667,0.802083333333333,1,17,17,1.25696825579017
7409,113,39,2.34375,0.802083333333333,1,24,24,1.27728660879926
7410,114,39,2.36458333333333,0.802083333333333,1,25,25,1.29762012503001
7411,115,39,2.38541666666667,0.802083333333333,1,20,20,1.31796815216547
7412,116,39,2.40625,0.802083333333333,1,15,15,1.33833007434934
7413,117,39,2.42708333333333,0.802083333333333,1,17,17,1.35870530970294
7414,118,39,2.44791666666667,0.802083333333333,1,13,13,1.37909330804006
7415,119,39,2.46875,0.802083333333333,1,15,15,1.39949354876164
7416,120,39,2.48958333333333,0.802083333333333,1,17,17,1.41990553891425
7417,121,39,2.51041666666667,0.802083333333333,1,25,25,1.44032881139782
7418,122,39,2.53125,0.802083333333333,1,22,22,1.46076292330955
7419,123,39,2.55208333333333,0.802083333333333,1,14,14,1.48120745441226
7420,124,39,2.57291666666667,0.802083333333333,1,24,24,1.50166200571642
7421,125,39,2.59375,0.802083333333333,1,26,26,1.5221261981664
7422,126,39,2.61458333333333,0.802083333333333,1,15,15,1.54259967142197
7423,127,39,2.63541666666667,0.802083333333333,1,32,32,1.56308208272739
7424,128,39,2.65625,0.802083333333333,1,20,20,1.5835731058608
7425,129,39,2.67708333333333,0.802083333333333,1,26,26,1.6040724301573
7426,130,39,2.69791666666667,0.802083333333333,1,26,26,1.62457975960007
7427,131,39,2.71875,0.802083333333333,1,19,19,1.64509481197377
7428,132,39,2.73958333333333,0.802083333333333,1,4,4,1.66561731807572
7429,133,39,2.76041666666667,0.802083333333333,1,29,29,1.68614702097995
7430,134,39,2.78125,0.802083333333333,1,11,11,1.70668367535044
7431,135,39,2.80208333333333,0.802083333333333,1,16,16,1.72722704679948
7432,136,39,2.82291666666667,0.802083333333333,1,35,35,1.74777691128796
7433,137,39,2.84375,0.802083333333333,1,24,24,1.76833305456436
7434,138,39,2.86458333333333,0.802083333333333,1,19,19,1.78889527163954
7435,139,39,2.88541666666667,0.802083333333333,1,34,34,1.80946336629489
7436,140,39,2.90625,0.802083333333333,1,14,14,1.83003715062114
7437,141,39,2.92708333333333,0.802083333333333,1,25,25,1.85061644458589
7438,142,39,2.94791666666667,0.802083333333333,1,12,12,1.87120107562764
7439,143,39,2.96875,0.802083333333333,1,11,11,1.89179087827457
7440,144,39,2.98958333333333,0.802083333333333,1,16,16,1.91238569378625
7441,145,39,3.01041666666667,0.802083333333333,1,23,23,1.93298536981674
7442,146,39,3.03125,0.802083333333333,1,19,19,1.95358976009761
7443,147,39,3.05208333333333,0.802083333333333,1,12,12,1.97419872413957
7444,148,39,3.07291666666667,0.802083333333333,1,10,10,1.9948121269513
7445,149,39,3.09375,0.802083333333333,1,19,19,2.01542983877456
7446,150,39,3.11458333333333,0.802083333333333,1,19,19,2.03605173483436
7447,151,39,3.13541666666667,0.802083333333333,1,18,18,2.05667769510318
7448,152,39,3.15625,0.802083333333333,1,19,19,2.07730760407844
7449,153,39,3.17708333333333,0.802083333333333,1,26,26,2.09794135057229
7450,154,39,3.19791666666667,0.802083333333333,1,17,17,2.11857882751298
7451,155,39,3.21875,0.802083333333333,1,26,26,2.13921993175699
7452,156,39,3.23958333333333,0.802083333333333,1,23,23,2.15986456391135
7453,157,39,3.26041666666667,0.802083333333333,1,5,5,2.18051262816548
7454,158,39,3.28125,0.802083333333333,1,30,30,2.20116403213195
7455,159,39,3.30208333333333,0.802083333333333,1,25,25,2.2218186866956
7456,160,39,3.32291666666667,0.802083333333333,1,26,26,2.24247650587056
7457,161,39,3.34375,0.802083333333333,1,18,18,2.26313740666466
7458,162,39,3.36458333333333,0.802083333333333,1,19,19,2.2838013089508
7459,163,39,3.38541666666667,0.802083333333333,1,24,24,2.30446813534488
7460,164,39,3.40625,0.802083333333333,1,16,16,2.32513781108987
7461,165,39,3.42708333333333,0.802083333333333,1,27,27,2.34581026394572
7462,166,39,3.44791666666667,0.802083333333333,1,22,22,2.36648542408469
7463,167,39,3.46875,0.802083333333333,1,23,23,2.3871632239919
7464,168,39,3.48958333333333,0.802083333333333,1,26,26,2.4078435983707
7465,169,39,3.51041666666667,0.802083333333333,1,25,25,2.42852648405263
7466,170,39,3.53125,0.802083333333333,1,34,34,2.44921181991175
7467,171,39,3.55208333333333,0.802083333333333,1,26,26,2.46989954678302
7468,172,39,3.57291666666667,0.802083333333333,1,26,26,2.49058960738456
7469,173,39,3.59375,0.802083333333333,1,17,17,2.5112819462436
7470,174,39,3.61458333333333,0.802083333333333,1,20,20,2.53197650962584
7471,175,39,3.63541666666667,0.802083333333333,1,34,34,2.55267324546809
7472,176,39,3.65625,0.802083333333333,1,18,18,2.57337210331405
7473,177,39,3.67708333333333,0.802083333333333,1,23,23,2.59407303425295
7474,178,39,3.69791666666667,0.802083333333333,1,23,23,2.61477599086104
7475,179,39,3.71875,0.802083333333333,1,19,19,2.63548092714568
7476,180,39,3.73958333333333,0.802083333333333,1,34,34,2.65618779849189
7477,181,39,3.76041666666667,0.802083333333333,1,20,20,2.67689656161134
7478,182,39,3.78125,0.802083333333333,1,23,23,2.69760717449355
7479,183,39,3.80208333333333,0.802083333333333,1,28,28,2.71831959635919
7480,184,39,3.82291666666667,0.802083333333333,1,18,18,2.73903378761547
7481,185,39,3.84375,0.802083333333333,1,27,27,2.75974970981339
7482,186,39,3.86458333333333,0.802083333333333,1,28,28,2.78046732560689
7483,187,39,3.88541666666667,0.802083333333333,1,19,19,2.80118659871363
7484,188,39,3.90625,0.802083333333333,1,9,9,2.82190749387755
7485,189,39,3.92708333333333,0.802083333333333,1,11,11,2.84262997683289
7486,190,39,3.94791666666667,0.802083333333333,1,22,22,2.86335401426979
7487,191,39,3.96875,0.802083333333333,1,13,13,2.88407957380124
7488,192,39,3.98958333333333,0.802083333333333,1,12,12,2.90480662393143
7489,1,40,0.0104166666666667,0.822916666666667,1,30,30,0.940937244612864
7490,2,40,0.03125,0.822916666666667,1,23,23,0.921152161096039
7491,3,40,0.0520833333333333,0.822916666666667,1,17,17,0.901409596796214
7492,4,40,0.0729166666666667,0.822916666666667,1,19,19,0.881712116944451
7493,5,40,0.09375,0.822916666666667,1,31,31,0.862062490751568
7494,6,40,0.114583333333333,0.822916666666667,1,22,22,0.842463711355627
7495,7,40,0.135416666666667,0.822916666666667,1,35,35,0.822919018055695
7496,8,40,0.15625,0.822916666666667,1,9,9,0.803431921126939
7497,9,40,0.177083333333333,0.822916666666667,1,11,11,0.784006229553214
7498,10,40,0.197916666666667,0.822916666666667,1,24,24,0.764646082060297
7499,11,40,0.21875,0.822916666666667,1,20,20,0.745355981886395
7500,12,40,0.239583333333333,0.822916666666667,1,15,15,0.726140835787431
7501,13,40,0.260416666666667,0.822916666666667,1,9,9,0.707005997843607
7502,14,40,0.28125,0.822916666666667,1,25,25,0.68795731871156
7503,15,40,0.302083333333333,0.822916666666667,1,13,13,0.669001201053823
7504,16,40,0.322916666666667,0.822916666666667,1,17,17,0.650144661974535
7505,17,40,0.34375,0.822916666666667,1,24,24,0.631395403397582
7506,18,40,0.364583333333333,0.822916666666667,1,30,30,0.612761891439834
7507,19,40,0.385416666666667,0.822916666666667,1,21,21,0.594253445956318
7508,20,40,0.40625,0.822916666666667,1,18,18,0.575880341562847
7509,21,40,0.427083333333333,0.822916666666667,1,20,20,0.557653921569358
7510,22,40,0.447916666666667,0.822916666666667,1,14,14,0.539586726375365
7511,23,40,0.46875,0.822916666666667,1,12,12,0.521692637974032
7512,24,40,0.489583333333333,0.822916666666667,1,20,20,0.503987042263509
7513,25,40,0.510416666666667,0.822916666666667,1,6,6,0.486487010844135
7514,26,40,0.53125,0.822916666666667,1,17,17,0.469211503846427
7515,27,40,0.552083333333333,0.822916666666667,1,10,10,0.452181595029107
7516,28,40,0.572916666666667,0.822916666666667,1,24,24,0.435420719829017
7517,29,40,0.59375,0.822916666666667,1,14,14,0.418954946128381
7518,30,40,0.614583333333333,0.822916666666667,1,24,24,0.402813266089465
7519,31,40,0.635416666666667,0.822916666666667,1,21,21,0.38702790531504
7520,32,40,0.65625,0.822916666666667,1,14,14,0.371634642611324
7521,33,40,0.677083333333333,0.822916666666667,1,19,19,0.356673129516312
7522,34,40,0.697916666666667,0.822916666666667,1,27,27,0.342187193266482
7523,35,40,0.71875,0.822916666666667,1,18,18,0.328225099814468
7524,36,40,0.739583333333333,0.822916666666667,1,33,33,0.314839744827914
7525,37,40,0.760416666666667,0.822916666666667,1,15,15,0.302088730533725
7526,38,40,0.78125,0.822916666666667,1,23,23,0.290034275559355
7527,39,40,0.802083333333333,0.822916666666667,1,22,22,0.278742895056205
7528,40,40,0.822916666666667,0.822916666666667,1,14,14,0.268284781867994
7529,41,40,0.84375,0.822916666666667,1,21,21,0.258732819952553
7530,42,40,0.864583333333333,0.822916666666667,1,27,27,0.250161173207742
7531,43,40,0.885416666666667,0.822916666666667,1,29,29,0.242643420904136
7532,44,40,0.90625,0.822916666666667,1,29,29,0.236250258157687
7533,45,40,0.927083333333333,0.822916666666667,1,20,20,0.231046845459806
7534,46,40,0.947916666666667,0.822916666666667,1,24,24,0.227089968085575
7535,47,40,0.96875,0.822916666666667,1,24,24,0.22442523963328
7536,48,40,0.989583333333333,0.822916666666667,1,23,23,0.223084633734809
7537,49,40,1.01041666666667,0.822916666666667,1,26,26,0.223084633734809
7538,50,40,1.03125,0.822916666666667,1,15,15,0.22442523963328
7539,51,40,1.05208333333333,0.822916666666667,1,18,18,0.227089968085575
7540,52,40,1.07291666666667,0.822916666666667,1,30,30,0.231046845459806
7541,53,40,1.09375,0.822916666666667,1,22,22,0.236250258157687
7542,54,40,1.11458333333333,0.822916666666667,1,22,22,0.242643420904136
7543,55,40,1.13541666666667,0.822916666666667,1,20,20,0.250161173207742
7544,56,40,1.15625,0.822916666666667,1,19,19,0.258732819952553
7545,57,40,1.17708333333333,0.822916666666667,1,18,18,0.268284781867993
7546,58,40,1.19791666666667,0.822916666666667,1,20,20,0.278742895056205
7547,59,40,1.21875,0.822916666666667,1,14,14,0.290034275559355
7548,60,40,1.23958333333333,0.822916666666667,1,23,23,0.302088730533725
7549,61,40,1.26041666666667,0.822916666666667,1,10,10,0.314839744827914
7550,62,40,1.28125,0.822916666666667,1,29,29,0.328225099814468
7551,63,40,1.30208333333333,0.822916666666667,1,18,18,0.342187193266482
7552,64,40,1.32291666666667,0.822916666666667,1,25,25,0.356673129516312
7553,65,40,1.34375,0.822916666666667,1,22,22,0.371634642611324
7554,66,40,1.36458333333333,0.822916666666667,1,23,23,0.38702790531504
7555,67,40,1.38541666666667,0.822916666666667,1,19,19,0.402813266089465
7556,68,40,1.40625,0.822916666666667,1,25,25,0.418954946128381
7557,69,40,1.42708333333333,0.822916666666667,1,16,16,0.435420719829017
7558,70,40,1.44791666666667,0.822916666666667,1,12,12,0.452181595029107
7559,71,40,1.46875,0.822916666666667,1,21,21,0.469211503846427
7560,72,40,1.48958333333333,0.822916666666667,1,12,12,0.486487010844135
7561,73,40,1.51041666666667,0.822916666666667,1,16,16,0.503987042263509
7562,74,40,1.53125,0.822916666666667,1,13,13,0.521692637974032
7563,75,40,1.55208333333333,0.822916666666667,1,28,28,0.539586726375365
7564,76,40,1.57291666666667,0.822916666666667,1,21,21,0.557653921569358
7565,77,40,1.59375,0.822916666666667,1,27,27,0.575880341562847
7566,78,40,1.61458333333333,0.822916666666667,1,22,22,0.594253445956318
7567,79,40,1.63541666666667,0.822916666666667,1,19,19,0.612761891439833
7568,80,40,1.65625,0.822916666666667,1,20,20,0.631395403397582
7569,81,40,1.67708333333333,0.822916666666667,1,26,26,0.650144661974535
7570,82,40,1.69791666666667,0.822916666666667,1,16,16,0.669001201053823
7571,83,40,1.71875,0.822916666666667,1,21,21,0.68795731871156
7572,84,40,1.73958333333333,0.822916666666667,1,25,25,0.707005997843607
7573,85,40,1.76041666666667,0.822916666666667,1,20,20,0.726140835787431
7574,86,40,1.78125,0.822916666666667,1,20,20,0.745355981886395
7575,87,40,1.80208333333333,0.822916666666667,1,19,19,0.764646082060297
7576,88,40,1.82291666666667,0.822916666666667,1,18,18,0.784006229553213
7577,89,40,1.84375,0.822916666666667,1,10,10,0.803431921126939
7578,90,40,1.86458333333333,0.822916666666667,1,22,22,0.822919018055695
7579,91,40,1.88541666666667,0.822916666666667,1,15,15,0.842463711355627
7580,92,40,1.90625,0.822916666666667,1,11,11,0.862062490751568
7581,93,40,1.92708333333333,0.822916666666667,1,19,19,0.881712116944451
7582,94,40,1.94791666666667,0.822916666666667,1,20,20,0.901409596796214
7583,95,40,1.96875,0.822916666666667,1,15,15,0.921152161096039
7584,96,40,1.98958333333333,0.822916666666667,1,22,22,0.940937244612864
7585,97,40,2.01041666666667,0.822916666666667,1,25,25,0.96076246817508
7586,98,40,2.03125,0.822916666666667,1,27,27,0.980625622549785
7587,99,40,2.05208333333333,0.822916666666667,1,23,23,1.00052465392143
7588,100,40,2.07291666666667,0.822916666666667,1,13,13,1.02045765079374
7589,101,40,2.09375,0.822916666666667,1,17,17,1.04042283215968
7590,102,40,2.11458333333333,0.822916666666667,1,26,26,1.0604185368028
7591,103,40,2.13541666666667,0.822916666666667,1,24,24,1.080443213609
7592,104,40,2.15625,0.822916666666667,1,18,18,1.1004954127822
7593,105,40,2.17708333333333,0.822916666666667,1,22,22,1.12057377786934
7594,106,40,2.19791666666667,0.822916666666667,1,22,22,1.14067703851119
7595,107,40,2.21875,0.822916666666667,1,21,21,1.16080400384481
7596,108,40,2.23958333333333,0.822916666666667,1,23,23,1.18095355649176
7597,109,40,2.26041666666667,0.822916666666667,1,17,17,1.20112464707353
7598,110,40,2.28125,0.822916666666667,1,9,9,1.22131628920221
7599,111,40,2.30208333333333,0.822916666666667,1,16,16,1.24152755489984
7600,112,40,2.32291666666667,0.822916666666667,1,20,20,1.26175757040508
7601,113,40,2.34375,0.822916666666667,1,21,21,1.28200551233022
7602,114,40,2.36458333333333,0.822916666666667,1,16,16,1.30227060413539
7603,115,40,2.38541666666667,0.822916666666667,1,12,12,1.32255211289038
7604,116,40,2.40625,0.822916666666667,1,21,21,1.3428493462975
7605,117,40,2.42708333333333,0.822916666666667,1,20,20,1.36316164995153
7606,118,40,2.44791666666667,0.822916666666667,1,22,22,1.38348840481556
7607,119,40,2.46875,0.822916666666667,1,22,22,1.40382902489316
7608,120,40,2.48958333333333,0.822916666666667,1,16,16,1.42418295507972
7609,121,40,2.51041666666667,0.822916666666667,1,26,26,1.44454966917725
7610,122,40,2.53125,0.822916666666667,1,24,24,1.46492866805842
7611,123,40,2.55208333333333,0.822916666666667,1,4,4,1.48531947796721
7612,124,40,2.57291666666667,0.822916666666667,1,17,17,1.50572164894445
7613,125,40,2.59375,0.822916666666667,1,11,11,1.52613475336797
7614,126,40,2.61458333333333,0.822916666666667,1,25,25,1.54655838459767
7615,127,40,2.63541666666667,0.822916666666667,1,19,19,1.56699215571706
7616,128,40,2.65625,0.822916666666667,1,18,18,1.58743569836338
7617,129,40,2.67708333333333,0.822916666666667,1,22,22,1.60788866163915
7618,130,40,2.69791666666667,0.822916666666667,1,11,11,1.62835071109875
7619,131,40,2.71875,0.822916666666667,1,26,26,1.64882152780411
7620,132,40,2.73958333333333,0.822916666666667,1,14,14,1.66930080744407
7621,133,40,2.76041666666667,0.822916666666667,1,23,23,1.68978825951253
7622,134,40,2.78125,0.822916666666667,1,22,22,1.71028360654101
7623,135,40,2.80208333333333,0.822916666666667,1,23,23,1.73078658338128
7624,136,40,2.82291666666667,0.822916666666667,1,20,20,1.75129693653455
7625,137,40,2.84375,0.822916666666667,1,17,17,1.77181442352363
7626,138,40,2.86458333333333,0.822916666666667,1,25,25,1.79233881230491
7627,139,40,2.88541666666667,0.822916666666667,1,19,19,1.81286988071734
7628,140,40,2.90625,0.822916666666667,1,24,24,1.83340741596569
7629,141,40,2.92708333333333,0.822916666666667,1,28,28,1.85395121413566
7630,142,40,2.94791666666667,0.822916666666667,1,17,17,1.8745010797386
7631,143,40,2.96875,0.822916666666667,1,15,15,1.89505682528371
7632,144,40,2.98958333333333,0.822916666666667,1,9,9,1.91561827087593
7633,145,40,3.01041666666667,0.822916666666667,1,26,26,1.93618524383766
7634,146,40,3.03125,0.822916666666667,1,20,20,1.95675757835266
7635,147,40,3.05208333333333,0.822916666666667,1,19,19,1.97733511513081
7636,148,40,3.07291666666667,0.822916666666667,1,24,24,1.9979177010921
7637,149,40,3.09375,0.822916666666667,1,15,15,2.01850518906872
7638,150,40,3.11458333333333,0.822916666666667,1,19,19,2.03909743752411
7639,151,40,3.13541666666667,0.822916666666667,1,21,21,2.05969431028766
7640,152,40,3.15625,0.822916666666667,1,22,22,2.08029567630427
7641,153,40,3.17708333333333,0.822916666666667,1,21,21,2.10090140939772
7642,154,40,3.19791666666667,0.822916666666667,1,15,15,2.12151138804694
7643,155,40,3.21875,0.822916666666667,1,25,25,2.14212549517441
7644,156,40,3.23958333333333,0.822916666666667,1,28,28,2.16274361794604
7645,157,40,3.26041666666667,0.822916666666667,1,18,18,2.18336564758156
7646,158,40,3.28125,0.822916666666667,1,28,28,2.20399147917502
7647,159,40,3.30208333333333,0.822916666666667,1,21,21,2.22462101152472
7648,160,40,3.32291666666667,0.822916666666667,1,19,19,2.2452541469719
7649,161,40,3.34375,0.822916666666667,1,23,23,2.26589079124779
7650,162,40,3.36458333333333,0.822916666666667,1,4,4,2.28653085332851
7651,163,40,3.38541666666667,0.822916666666667,1,26,26,2.30717424529722
7652,164,40,3.40625,0.822916666666667,1,27,27,2.32782088221333
7653,165,40,3.42708333333333,0.822916666666667,1,27,27,2.34847068198816
7654,166,40,3.44791666666667,0.822916666666667,1,16,16,2.36912356526674
7655,167,40,3.46875,0.822916666666667,1,26,26,2.38977945531549
7656,168,40,3.48958333333333,0.822916666666667,1,20,20,2.41043827791528
7657,169,40,3.51041666666667,0.822916666666667,1,28,28,2.43109996125971
7658,170,40,3.53125,0.822916666666667,1,18,18,2.45176443585828
7659,171,40,3.55208333333333,0.822916666666667,1,19,19,2.47243163444413
7660,172,40,3.57291666666667,0.822916666666667,1,26,26,2.49310149188616
7661,173,40,3.59375,0.822916666666667,1,23,23,2.51377394510526
7662,174,40,3.61458333333333,0.822916666666667,1,22,22,2.53444893299444
7663,175,40,3.63541666666667,0.822916666666667,1,21,21,2.55512639634266
7664,176,40,3.65625,0.822916666666667,1,19,19,2.57580627776211
7665,177,40,3.67708333333333,0.822916666666667,1,19,19,2.59648852161885
7666,178,40,3.69791666666667,0.822916666666667,1,21,21,2.61717307396656
7667,179,40,3.71875,0.822916666666667,1,17,17,2.63785988248323
7668,180,40,3.73958333333333,0.822916666666667,1,23,23,2.65854889641074
7669,181,40,3.76041666666667,0.822916666666667,1,22,22,2.679240066497
7670,182,40,3.78125,0.822916666666667,1,16,16,2.69993334494075
7671,183,40,3.80208333333333,0.822916666666667,1,27,27,2.72062868533871
7672,184,40,3.82291666666667,0.822916666666667,1,14,14,2.74132604263494
7673,185,40,3.84375,0.822916666666667,1,15,15,2.76202537307256
7674,186,40,3.86458333333333,0.822916666666667,1,21,21,2.7827266341473
7675,187,40,3.88541666666667,0.822916666666667,1,28,28,2.80342978456323
7676,188,40,3.90625,0.822916666666667,1,19,19,2.82413478419021
7677,189,40,3.92708333333333,0.822916666666667,1,20,20,2.84484159402316
7678,190,40,3.94791666666667,0.822916666666667,1,21,21,2.86555017614307
7679,191,40,3.96875,0.822916666666667,1,26,26,2.88626049367953
7680,192,40,3.98958333333333,0.822916666666667,1,23,23,2.90697251077484
7681,1,41,0.0104166666666667,0.84375,1,20,20,0.947587340564552
7682,2,41,0.03125,0.84375,1,21,21,0.927930262712408
7683,3,41,0.0520833333333333,0.84375,1,20,20,0.908320420027505
7684,4,41,0.0729166666666667,0.84375,1,21,21,0.888760622923691
7685,5,41,0.09375,0.84375,1,18,18,0.869253901204426
7686,6,41,0.114583333333333,0.84375,1,28,28,0.849803525004572
7687,7,41,0.135416666666667,0.84375,1,25,25,0.830413028056775
7688,8,41,0.15625,0.84375,1,18,18,0.811086233569578
7689,9,41,0.177083333333333,0.84375,1,20,20,0.791827283041833
7690,10,41,0.197916666666667,0.84375,1,22,22,0.77264066838024
7691,11,41,0.21875,0.84375,1,18,18,0.753531267734229
7692,12,41,0.239583333333333,0.84375,1,16,16,0.734504385515406
7693,13,41,0.260416666666667,0.84375,1,16,16,0.715565797127641
7694,14,41,0.28125,0.84375,1,25,25,0.696721798998873
7695,15,41,0.302083333333333,0.84375,1,20,20,0.677979264576577
7696,16,41,0.322916666666667,0.84375,1,29,29,0.659345707025317
7697,17,41,0.34375,0.84375,1,15,15,0.640829349445606
7698,18,41,0.364583333333333,0.84375,1,18,18,0.622439203516654
7699,19,41,0.385416666666667,0.84375,1,16,16,0.604185157548149
7700,20,41,0.40625,0.84375,1,7,7,0.58607807500313
7701,21,41,0.427083333333333,0.84375,1,27,27,0.568129904617691
7702,22,41,0.447916666666667,0.84375,1,15,15,0.550353803282832
7703,23,41,0.46875,0.84375,1,17,17,0.532764272853643
7704,24,41,0.489583333333333,0.84375,1,20,20,0.515377311989247
7705,25,41,0.510416666666667,0.84375,1,13,13,0.498210583973385
7706,26,41,0.53125,0.84375,1,28,28,0.481283601179321
7707,27,41,0.552083333333333,0.84375,1,14,14,0.464617926369486
7708,28,41,0.572916666666667,0.84375,1,10,10,0.448237390289199
7709,29,41,0.59375,0.84375,1,21,21,0.4321683239352
7710,30,41,0.614583333333333,0.84375,1,11,11,0.416439802343356
7711,31,41,0.635416666666667,0.84375,1,23,23,0.401083894616904
7712,32,41,0.65625,0.84375,1,20,20,0.386135912065751
7713,33,41,0.677083333333333,0.84375,1,25,25,0.371634642611324
7714,34,41,0.697916666666667,0.84375,1,16,16,0.35762255492685
7715,35,41,0.71875,0.84375,1,12,12,0.344145950110997
7716,36,41,0.739583333333333,0.84375,1,25,25,0.331255032176759
7717,37,41,0.760416666666667,0.84375,1,18,18,0.319003861689974
7718,38,41,0.78125,0.84375,1,27,27,0.307450150325166
7719,39,41,0.802083333333333,0.84375,1,26,26,0.296654849263745
7720,40,41,0.822916666666667,0.84375,1,21,21,0.286681483193137
7721,41,41,0.84375,0.84375,1,17,17,0.27759518667483
7722,42,41,0.864583333333333,0.84375,1,11,11,0.269461413561838
7723,43,41,0.885416666666667,0.84375,1,6,6,0.262344315227627
7724,44,41,0.90625,0.84375,1,13,13,0.256304820343481
7725,45,41,0.927083333333333,0.84375,1,13,13,0.251398495696521
7726,46,41,0.947916666666667,0.84375,1,15,15,0.247673318089138
7727,47,41,0.96875,0.84375,1,26,26,0.245167531787102
7728,48,41,0.989583333333333,0.84375,1,10,10,0.243907792067066
7729,49,41,1.01041666666667,0.84375,1,21,21,0.243907792067066
7730,50,41,1.03125,0.84375,1,24,24,0.245167531787102
7731,51,41,1.05208333333333,0.84375,1,18,18,0.247673318089138
7732,52,41,1.07291666666667,0.84375,1,12,12,0.251398495696521
7733,53,41,1.09375,0.84375,1,27,27,0.256304820343481
7734,54,41,1.11458333333333,0.84375,1,28,28,0.262344315227627
7735,55,41,1.13541666666667,0.84375,1,25,25,0.269461413561837
7736,56,41,1.15625,0.84375,1,24,24,0.27759518667483
7737,57,41,1.17708333333333,0.84375,1,27,27,0.286681483193137
7738,58,41,1.19791666666667,0.84375,1,28,28,0.296654849263745
7739,59,41,1.21875,0.84375,1,20,20,0.307450150325166
7740,60,41,1.23958333333333,0.84375,1,13,13,0.319003861689974
7741,61,41,1.26041666666667,0.84375,1,22,22,0.331255032176759
7742,62,41,1.28125,0.84375,1,19,19,0.344145950110997
7743,63,41,1.30208333333333,0.84375,1,34,34,0.35762255492685
7744,64,41,1.32291666666667,0.84375,1,21,21,0.371634642611324
7745,65,41,1.34375,0.84375,1,13,13,0.386135912065751
7746,66,41,1.36458333333333,0.84375,1,23,23,0.401083894616904
7747,67,41,1.38541666666667,0.84375,1,15,15,0.416439802343356
7748,68,41,1.40625,0.84375,1,18,18,0.4321683239352
7749,69,41,1.42708333333333,0.84375,1,14,14,0.448237390289199
7750,70,41,1.44791666666667,0.84375,1,30,30,0.464617926369486
7751,71,41,1.46875,0.84375,1,26,26,0.481283601179321
7752,72,41,1.48958333333333,0.84375,1,14,14,0.498210583973384
7753,73,41,1.51041666666667,0.84375,1,26,26,0.515377311989247
7754,74,41,1.53125,0.84375,1,14,14,0.532764272853643
7755,75,41,1.55208333333333,0.84375,1,30,30,0.550353803282832
7756,76,41,1.57291666666667,0.84375,1,22,22,0.568129904617691
7757,77,41,1.59375,0.84375,1,27,27,0.58607807500313
7758,78,41,1.61458333333333,0.84375,1,28,28,0.604185157548149
7759,79,41,1.63541666666667,0.84375,1,19,19,0.622439203516654
7760,80,41,1.65625,0.84375,1,31,31,0.640829349445606
7761,81,41,1.67708333333333,0.84375,1,14,14,0.659345707025316
7762,82,41,1.69791666666667,0.84375,1,16,16,0.677979264576577
7763,83,41,1.71875,0.84375,1,24,24,0.696721798998873
7764,84,41,1.73958333333333,0.84375,1,32,32,0.715565797127641
7765,85,41,1.76041666666667,0.84375,1,14,14,0.734504385515405
7766,86,41,1.78125,0.84375,1,21,21,0.753531267734229
7767,87,41,1.80208333333333,0.84375,1,24,24,0.772640668380239
7768,88,41,1.82291666666667,0.84375,1,23,23,0.791827283041833
7769,89,41,1.84375,0.84375,1,22,22,0.811086233569578
7770,90,41,1.86458333333333,0.84375,1,20,20,0.830413028056775
7771,91,41,1.88541666666667,0.84375,1,26,26,0.849803525004572
7772,92,41,1.90625,0.84375,1,25,25,0.869253901204426
7773,93,41,1.92708333333333,0.84375,1,15,15,0.88876062292369
7774,94,41,1.94791666666667,0.84375,1,25,25,0.908320420027505
7775,95,41,1.96875,0.84375,1,19,19,0.927930262712408
7776,96,41,1.98958333333333,0.84375,1,9,9,0.947587340564552
7777,97,41,2.01041666666667,0.84375,1,27,27,0.967289043688624
7778,98,41,2.03125,0.84375,1,17,17,0.98703294568288
7779,99,41,2.05208333333333,0.84375,1,23,23,1.00681678826162
7780,100,41,2.07291666666667,0.84375,1,22,22,1.02663846734927
7781,101,41,2.09375,0.84375,1,6,6,1.04649602049026
7782,102,41,2.11458333333333,0.84375,1,11,11,1.06638761543684
7783,103,41,2.13541666666667,0.84375,1,30,30,1.08631153979233
7784,104,41,2.15625,0.84375,1,18,18,1.10626619160117
7785,105,41,2.17708333333333,0.84375,1,15,15,1.12625007078944
7786,106,41,2.19791666666667,0.84375,1,8,8,1.14626177136979
7787,107,41,2.21875,0.84375,1,16,16,1.16629997433468
7788,108,41,2.23958333333333,0.84375,1,10,10,1.18636344116963
7789,109,41,2.26041666666667,0.84375,1,11,11,1.2064510079261
7790,110,41,2.28125,0.84375,1,27,27,1.22656157979945
7791,111,41,2.30208333333333,0.84375,1,25,25,1.24669412616393
7792,112,41,2.32291666666667,0.84375,1,20,20,1.26684767602116
7793,113,41,2.34375,0.84375,1,18,18,1.28702131382326
7794,114,41,2.36458333333333,0.84375,1,12,12,1.30721417563607
7795,115,41,2.38541666666667,0.84375,1,9,9,1.32742544561101
7796,116,41,2.40625,0.84375,1,29,29,1.34765435273756
7797,117,41,2.42708333333333,0.84375,1,17,17,1.36790016785127
7798,118,41,2.44791666666667,0.84375,1,14,14,1.38816220087432
7799,119,41,2.46875,0.84375,1,15,15,1.4084397982684
7800,120,41,2.48958333333333,0.84375,1,23,23,1.42873234068114
7801,121,41,2.51041666666667,0.84375,1,19,19,1.44903924076972
7802,122,41,2.53125,0.84375,1,10,10,1.46935994118621
7803,123,41,2.55208333333333,0.84375,1,24,24,1.48969391271122
7804,124,41,2.57291666666667,0.84375,1,31,31,1.51004065252334
7805,125,41,2.59375,0.84375,1,13,13,1.5303996825932
7806,126,41,2.61458333333333,0.84375,1,15,15,1.5507705481919
7807,127,41,2.63541666666667,0.84375,1,17,17,1.57115281650456
7808,128,41,2.65625,0.84375,1,10,10,1.59154607534054
7809,129,41,2.67708333333333,0.84375,1,16,16,1.61194993193272
7810,130,41,2.69791666666667,0.84375,1,24,24,1.63236401181866
7811,131,41,2.71875,0.84375,1,15,15,1.65278795779752
7812,132,41,2.73958333333333,0.84375,1,16,16,1.67322142895666
7813,133,41,2.76041666666667,0.84375,1,25,25,1.69366409976277
7814,134,41,2.78125,0.84375,1,14,14,1.7141156592125
7815,135,41,2.80208333333333,0.84375,1,13,13,1.73457581003833
7816,136,41,2.82291666666667,0.84375,1,11,11,1.75504426796535
7817,137,41,2.84375,0.84375,1,33,33,1.77552076101546
7818,138,41,2.86458333333333,0.84375,1,27,27,1.79600502885526
7819,139,41,2.88541666666667,0.84375,1,22,22,1.8164968221848
7820,140,41,2.90625,0.84375,1,15,15,1.83699590216397
7821,141,41,2.92708333333333,0.84375,1,19,19,1.85750203987406
7822,142,41,2.94791666666667,0.84375,1,25,25,1.87801501581201
7823,143,41,2.96875,0.84375,1,10,10,1.89853461941494
7824,144,41,2.98958333333333,0.84375,1,11,11,1.91906064861306
7825,145,41,3.01041666666667,0.84375,1,22,22,1.93959290940891
7826,146,41,3.03125,0.84375,1,13,13,1.96013121548119
7827,147,41,3.05208333333333,0.84375,1,16,16,1.98067538781148
7828,148,41,3.07291666666667,0.84375,1,15,15,2.00122525433244
7829,149,41,3.09375,0.84375,1,21,21,2.02178064959599
7830,150,41,3.11458333333333,0.84375,1,27,27,2.04234141446015
7831,151,41,3.13541666666667,0.84375,1,22,22,2.0629073957934
7832,152,41,3.15625,0.84375,1,14,14,2.08347844619543
7833,153,41,3.17708333333333,0.84375,1,26,26,2.10405442373317
7834,154,41,3.19791666666667,0.84375,1,7,7,2.12463519169124
7835,155,41,3.21875,0.84375,1,22,22,2.14522061833576
7836,156,41,3.23958333333333,0.84375,1,23,23,2.16581057669092
7837,157,41,3.26041666666667,0.84375,1,18,18,2.18640494432733
7838,158,41,3.28125,0.84375,1,29,29,2.20700360316147
7839,159,41,3.30208333333333,0.84375,1,27,27,2.22760643926569
7840,160,41,3.32291666666667,0.84375,1,7,7,2.24821334268796
7841,161,41,3.34375,0.84375,1,29,29,2.2688242072809
7842,162,41,3.36458333333333,0.84375,1,14,14,2.28943893053951
7843,163,41,3.38541666666667,0.84375,1,26,26,2.31005741344706
7844,164,41,3.40625,0.84375,1,24,24,2.33067956032876
7845,165,41,3.42708333333333,0.84375,1,27,27,2.35130527871264
7846,166,41,3.44791666666667,0.84375,1,5,5,2.3719344791973
7847,167,41,3.46875,0.84375,1,7,7,2.39256707532616
7848,168,41,3.48958333333333,0.84375,1,28,28,2.41320298346773
7849,169,41,3.51041666666667,0.84375,1,20,20,2.43384212270176
7850,170,41,3.53125,0.84375,1,25,25,2.45448441471073
7851,171,41,3.55208333333333,0.84375,1,23,23,2.4751297836765
7852,172,41,3.57291666666667,0.84375,1,10,10,2.4957781561819
7853,173,41,3.59375,0.84375,1,19,19,2.51642946111681
7854,174,41,3.61458333333333,0.84375,1,28,28,2.53708362958865
7855,175,41,3.63541666666667,0.84375,1,9,9,2.55774059483698
7856,176,41,3.65625,0.84375,1,19,19,2.57840029215201
7857,177,41,3.67708333333333,0.84375,1,25,25,2.59906265879677
7858,178,41,3.69791666666667,0.84375,1,15,15,2.61972763393281
7859,179,41,3.71875,0.84375,1,15,15,2.64039515854922
7860,180,41,3.73958333333333,0.84375,1,19,19,2.66106517539477
7861,181,41,3.76041666666667,0.84375,1,18,18,2.68173762891311
7862,182,41,3.78125,0.84375,1,30,30,2.70241246518067
7863,183,41,3.80208333333333,0.84375,1,16,16,2.72308963184743
7864,184,41,3.82291666666667,0.84375,1,28,28,2.74376907808008
7865,185,41,3.84375,0.84375,1,21,21,2.76445075450775
7866,186,41,3.86458333333333,0.84375,1,19,19,2.78513461316991
7867,187,41,3.88541666666667,0.84375,1,25,25,2.80582060746664
7868,188,41,3.90625,0.84375,1,20,20,2.82650869211079
7869,189,41,3.92708333333333,0.84375,1,16,16,2.84719882308231
7870,190,41,3.94791666666667,0.84375,1,29,29,2.86789095758438
7871,191,41,3.96875,0.84375,1,20,20,2.88858505400131
7872,192,41,3.98958333333333,0.84375,1,24,24,2.90928107185827
7873,1,42,0.0104166666666667,0.864583333333333,1,25,25,0.954607121422739
7874,2,42,0.03125,0.864583333333333,1,18,18,0.935083363524139
7875,3,42,0.0520833333333333,0.864583333333333,1,9,9,0.915611645211342
7876,4,42,0.0729166666666667,0.864583333333333,1,24,24,0.896195018000436
7877,5,42,0.09375,0.864583333333333,1,19,19,0.876836767041682
7878,6,42,0.114583333333333,0.864583333333333,1,16,16,0.857540432856783
7879,7,42,0.135416666666667,0.864583333333333,1,19,19,0.838309835407379
7880,8,42,0.15625,0.864583333333333,1,24,24,0.819149100768991
7881,9,42,0.177083333333333,0.864583333333333,1,26,26,0.800062690717831
7882,10,42,0.197916666666667,0.864583333333333,1,20,20,0.781055435574604
7883,11,42,0.21875,0.864583333333333,1,24,24,0.76213257068994
7884,12,42,0.239583333333333,0.864583333333333,1,25,25,0.743299777000379
7885,13,42,0.260416666666667,0.864583333333333,1,20,20,0.724563226131804
7886,14,42,0.28125,0.864583333333333,1,36,36,0.705929630578529
7887,15,42,0.302083333333333,0.864583333333333,1,23,23,0.687406299540177
7888,16,42,0.322916666666667,0.864583333333333,1,12,12,0.669001201053823
7889,17,42,0.34375,0.864583333333333,1,18,18,0.650723031113635
7890,18,42,0.364583333333333,0.864583333333333,1,16,16,0.632581290521552
7891,19,42,0.385416666666667,0.864583333333333,1,16,16,0.614586370255937
7892,20,42,0.40625,0.864583333333333,1,19,19,0.59674964617461
7893,21,42,0.427083333333333,0.864583333333333,1,11,11,0.579083583875276
7894,22,42,0.447916666666667,0.864583333333333,1,19,19,0.561601854508351
7895,23,42,0.46875,0.864583333333333,1,17,17,0.544319462258005
7896,24,42,0.489583333333333,0.864583333333333,1,28,28,0.527252884055192
7897,25,42,0.510416666666667,0.864583333333333,1,13,13,0.51042022183265
7898,26,42,0.53125,0.864583333333333,1,19,19,0.493841367239134
7899,27,42,0.552083333333333,0.864583333333333,1,16,16,0.477538178151213
7900,28,42,0.572916666666667,0.864583333333333,1,19,19,0.461534665497648
7901,29,42,0.59375,0.864583333333333,1,23,23,0.445857187773913
7902,30,42,0.614583333333333,0.864583333333333,1,18,18,0.430534649093618
7903,31,42,0.635416666666667,0.864583333333333,1,11,11,0.415598694615191
7904,32,42,0.65625,0.864583333333333,1,20,20,0.401083894616904
7905,33,42,0.677083333333333,0.864583333333333,1,21,21,0.38702790531504
7906,34,42,0.697916666666667,0.864583333333333,1,13,13,0.37347159072348
7907,35,42,0.71875,0.864583333333333,1,29,29,0.36045908552709
7908,36,42,0.739583333333333,0.864583333333333,1,16,16,0.348037774325137
7909,37,42,0.760416666666667,0.864583333333333,1,19,19,0.336258158153582
7910,38,42,0.78125,0.864583333333333,1,20,20,0.325173575665803
7911,39,42,0.802083333333333,0.864583333333333,1,28,28,0.314839744827914
7912,40,42,0.822916666666667,0.864583333333333,1,36,36,0.305314092882161
7913,41,42,0.84375,0.864583333333333,1,23,23,0.296654849263745
7914,42,42,0.864583333333333,0.864583333333333,1,21,21,0.288919889637385
7915,43,42,0.885416666666667,0.864583333333333,1,18,18,0.28216534016342
7916,44,42,0.90625,0.864583333333333,1,23,23,0.27644397915818
7917,45,42,0.927083333333333,0.864583333333333,1,16,16,0.271803506199474
7918,46,42,0.947916666666667,0.864583333333333,1,24,24,0.268284781867993
7919,47,42,0.96875,0.864583333333333,1,22,22,0.265920168130214
7920,48,42,0.989583333333333,0.864583333333333,1,21,21,0.264732112500242
7921,49,42,1.01041666666667,0.864583333333333,1,17,17,0.264732112500242
7922,50,42,1.03125,0.864583333333333,1,12,12,0.265920168130214
7923,51,42,1.05208333333333,0.864583333333333,1,16,16,0.268284781867993
7924,52,42,1.07291666666667,0.864583333333333,1,18,18,0.271803506199474
7925,53,42,1.09375,0.864583333333333,1,20,20,0.27644397915818
7926,54,42,1.11458333333333,0.864583333333333,1,17,17,0.28216534016342
7927,55,42,1.13541666666667,0.864583333333333,1,24,24,0.288919889637385
7928,56,42,1.15625,0.864583333333333,1,30,30,0.296654849263745
7929,57,42,1.17708333333333,0.864583333333333,1,16,16,0.305314092882161
7930,58,42,1.19791666666667,0.864583333333333,1,23,23,0.314839744827914
7931,59,42,1.21875,0.864583333333333,1,24,24,0.325173575665803
7932,60,42,1.23958333333333,0.864583333333333,1,34,34,0.336258158153582
7933,61,42,1.26041666666667,0.864583333333333,1,14,14,0.348037774325137
7934,62,42,1.28125,0.864583333333333,1,20,20,0.36045908552709
7935,63,42,1.30208333333333,0.864583333333333,1,27,27,0.37347159072348
7936,64,42,1.32291666666667,0.864583333333333,1,25,25,0.38702790531504
7937,65,42,1.34375,0.864583333333333,1,30,30,0.401083894616904
7938,66,42,1.36458333333333,0.864583333333333,1,21,21,0.415598694615191
7939,67,42,1.38541666666667,0.864583333333333,1,23,23,0.430534649093618
7940,68,42,1.40625,0.864583333333333,1,17,17,0.445857187773913
7941,69,42,1.42708333333333,0.864583333333333,1,26,26,0.461534665497648
7942,70,42,1.44791666666667,0.864583333333333,1,16,16,0.477538178151213
7943,71,42,1.46875,0.864583333333333,1,14,14,0.493841367239134
7944,72,42,1.48958333333333,0.864583333333333,1,24,24,0.51042022183265
7945,73,42,1.51041666666667,0.864583333333333,1,16,16,0.527252884055191
7946,74,42,1.53125,0.864583333333333,1,10,10,0.544319462258005
7947,75,42,1.55208333333333,0.864583333333333,1,15,15,0.561601854508351
7948,76,42,1.57291666666667,0.864583333333333,1,8,8,0.579083583875276
7949,77,42,1.59375,0.864583333333333,1,15,15,0.59674964617461
7950,78,42,1.61458333333333,0.864583333333333,1,25,25,0.614586370255937
7951,79,42,1.63541666666667,0.864583333333333,1,22,22,0.632581290521552
7952,80,42,1.65625,0.864583333333333,1,32,32,0.650723031113635
7953,81,42,1.67708333333333,0.864583333333333,1,19,19,0.669001201053823
7954,82,42,1.69791666666667,0.864583333333333,1,13,13,0.687406299540177
7955,83,42,1.71875,0.864583333333333,1,27,27,0.705929630578529
7956,84,42,1.73958333333333,0.864583333333333,1,27,27,0.724563226131804
7957,85,42,1.76041666666667,0.864583333333333,1,29,29,0.743299777000379
7958,86,42,1.78125,0.864583333333333,1,18,18,0.76213257068994
7959,87,42,1.80208333333333,0.864583333333333,1,9,9,0.781055435574604
7960,88,42,1.82291666666667,0.864583333333333,1,14,14,0.800062690717831
7961,89,42,1.84375,0.864583333333333,1,14,14,0.819149100768991
7962,90,42,1.86458333333333,0.864583333333333,1,28,28,0.838309835407379
7963,91,42,1.88541666666667,0.864583333333333,1,18,18,0.857540432856783
7964,92,42,1.90625,0.864583333333333,1,23,23,0.876836767041682
7965,93,42,1.92708333333333,0.864583333333333,1,9,9,0.896195018000436
7966,94,42,1.94791666666667,0.864583333333333,1,18,18,0.915611645211342
7967,95,42,1.96875,0.864583333333333,1,14,14,0.935083363524139
7968,96,42,1.98958333333333,0.864583333333333,1,22,22,0.954607121422739
7969,97,42,2.01041666666667,0.864583333333333,1,35,35,0.97418008137473
7970,98,42,2.03125,0.864583333333333,1,16,16,0.993799602049866
7971,99,42,2.05208333333333,0.864583333333333,1,22,22,1.01346322221357
7972,100,42,2.07291666666667,0.864583333333333,1,18,18,1.0331686461227
7973,101,42,2.09375,0.864583333333333,1,15,15,1.05291373026972
7974,102,42,2.11458333333333,0.864583333333333,1,16,16,1.07269647133812
7975,103,42,2.13541666666667,0.864583333333333,1,13,13,1.09251499524697
7976,104,42,2.15625,0.864583333333333,1,19,19,1.11236754717554
7977,105,42,2.17708333333333,0.864583333333333,1,28,28,1.13225248247084
7978,106,42,2.19791666666667,0.864583333333333,1,30,30,1.15216825835118
7979,107,42,2.21875,0.864583333333333,1,17,17,1.17211342632819
7980,108,42,2.23958333333333,0.864583333333333,1,28,28,1.19208662527797
7981,109,42,2.26041666666667,0.864583333333333,1,16,16,1.2120865750992
7982,110,42,2.28125,0.864583333333333,1,31,31,1.23211207090261
7983,111,42,2.30208333333333,0.864583333333333,1,18,18,1.252161977682
7984,112,42,2.32291666666667,0.864583333333333,1,13,13,1.27223522542197
7985,113,42,2.34375,0.864583333333333,1,18,18,1.29233080460228
7986,114,42,2.36458333333333,0.864583333333333,1,20,20,1.31244776206257
7987,115,42,2.38541666666667,0.864583333333333,1,24,24,1.33258519719499
7988,116,42,2.40625,0.864583333333333,1,6,6,1.35274225843556
7989,117,42,2.42708333333333,0.864583333333333,1,20,20,1.37291814002755
7990,118,42,2.44791666666667,0.864583333333333,1,16,16,1.39311207903344
7991,119,42,2.46875,0.864583333333333,1,29,29,1.41332335257355
7992,120,42,2.48958333333333,0.864583333333333,1,15,15,1.43355127527217
7993,121,42,2.51041666666667,0.864583333333333,1,24,24,1.45379519689336
7994,122,42,2.53125,0.864583333333333,1,16,16,1.47405450015063
7995,123,42,2.55208333333333,0.864583333333333,1,26,26,1.4943285986758
7996,124,42,2.57291666666667,0.864583333333333,1,14,14,1.51461693513422
7997,125,42,2.59375,0.864583333333333,1,15,15,1.53491897947404
7998,126,42,2.61458333333333,0.864583333333333,1,19,19,1.55523422729903
7999,127,42,2.63541666666667,0.864583333333333,1,14,14,1.5755621983548
8000,128,42,2.65625,0.864583333333333,1,13,13,1.59590243511956
8001,129,42,2.67708333333333,0.864583333333333,1,22,22,1.61625450149122
8002,130,42,2.69791666666667,0.864583333333333,1,28,28,1.63661798156327
8003,131,42,2.71875,0.864583333333333,1,20,20,1.6569924784826
8004,132,42,2.73958333333333,0.864583333333333,1,17,17,1.67737761338314
8005,133,42,2.76041666666667,0.864583333333333,1,21,21,1.6977730243894
8006,134,42,2.78125,0.864583333333333,1,28,28,1.71817836568485
8007,135,42,2.80208333333333,0.864583333333333,1,19,19,1.73859330664022
8008,136,42,2.82291666666667,0.864583333333333,1,27,27,1.75901753099737
8009,137,42,2.84375,0.864583333333333,1,28,28,1.77945073610469
8010,138,42,2.86458333333333,0.864583333333333,1,21,21,1.79989263220027
8011,139,42,2.88541666666667,0.864583333333333,1,9,9,1.82034294173954
8012,140,42,2.90625,0.864583333333333,1,17,17,1.84080139876404
8013,141,42,2.92708333333333,0.864583333333333,1,20,20,1.86126774830862
8014,142,42,2.94791666666667,0.864583333333333,1,14,14,1.88174174584435
8015,143,42,2.96875,0.864583333333333,1,13,13,1.90222315675462
8016,144,42,2.98958333333333,0.864583333333333,1,24,24,1.9227117558422
8017,145,42,3.01041666666667,0.864583333333333,1,14,14,1.94320732686518
8018,146,42,3.03125,0.864583333333333,1,30,30,1.96370966209989
8019,147,42,3.05208333333333,0.864583333333333,1,20,20,1.98421856192888
8020,148,42,3.07291666666667,0.864583333333333,1,34,34,2.00473383445244
8021,149,42,3.09375,0.864583333333333,1,15,15,2.02525529512208
8022,150,42,3.11458333333333,0.864583333333333,1,14,14,2.04578276639448
8023,151,42,3.13541666666667,0.864583333333333,1,22,22,2.06631607740473
8024,152,42,3.15625,0.864583333333333,1,13,13,2.0868550636575
8025,153,42,3.17708333333333,0.864583333333333,1,20,20,2.10739956673508
8026,154,42,3.19791666666667,0.864583333333333,1,36,36,2.12794943402124
8027,155,42,3.21875,0.864583333333333,1,20,20,2.14850451843986
8028,156,42,3.23958333333333,0.864583333333333,1,33,33,2.1690646782075
8029,157,42,3.26041666666667,0.864583333333333,1,29,29,2.18962977659902
8030,158,42,3.28125,0.864583333333333,1,21,21,2.21019968172547
8031,159,42,3.30208333333333,0.864583333333333,1,18,18,2.23077426632344
8032,160,42,3.32291666666667,0.864583333333333,1,12,12,2.25135340755536
8033,161,42,3.34375,0.864583333333333,1,23,23,2.27193698681994
8034,162,42,3.36458333333333,0.864583333333333,1,34,34,2.29252488957215
8035,163,42,3.38541666666667,0.864583333333333,1,18,18,2.31311700515237
8036,164,42,3.40625,0.864583333333333,1,20,20,2.33371322662397
8037,165,42,3.42708333333333,0.864583333333333,1,19,19,2.35431345061891
8038,166,42,3.44791666666667,0.864583333333333,1,26,26,2.37491757719098
8039,167,42,3.46875,0.864583333333333,1,17,17,2.39552550967616
8040,168,42,3.48958333333333,0.864583333333333,1,25,25,2.41613715455965
8041,169,42,3.51041666666667,0.864583333333333,1,26,26,2.43675242134943
8042,170,42,3.53125,0.864583333333333,1,11,11,2.45737122245568
8043,171,42,3.55208333333333,0.864583333333333,1,19,19,2.47799347307595
8044,172,42,3.57291666666667,0.864583333333333,1,14,14,2.49861909108579
8045,173,42,3.59375,0.864583333333333,1,21,21,2.51924799693432
8046,174,42,3.61458333333333,0.864583333333333,1,18,18,2.53988011354472
8047,175,42,3.63541666666667,0.864583333333333,1,14,14,2.56051536621928
8048,176,42,3.65625,0.864583333333333,1,23,23,2.5811536825487
8049,177,42,3.67708333333333,0.864583333333333,1,14,14,2.60179499232557
8050,178,42,3.69791666666667,0.864583333333333,1,22,22,2.62243922746169
8051,179,42,3.71875,0.864583333333333,1,18,18,2.64308632190904
8052,180,42,3.73958333333333,0.864583333333333,1,19,19,2.66373621158428
8053,181,42,3.76041666666667,0.864583333333333,1,17,17,2.6843888342966
8054,182,42,3.78125,0.864583333333333,1,15,15,2.70504412967861
8055,183,42,3.80208333333333,0.864583333333333,1,29,29,2.72570203912035
8056,184,42,3.82291666666667,0.864583333333333,1,14,14,2.74636250570599
8057,185,42,3.84375,0.864583333333333,1,20,20,2.76702547415339
8058,186,42,3.86458333333333,0.864583333333333,1,25,25,2.78769089075606
8059,187,42,3.88541666666667,0.864583333333333,1,23,23,2.80835870332774
8060,188,42,3.90625,0.864583333333333,1,22,22,2.82902886114911
8061,189,42,3.92708333333333,0.864583333333333,1,27,27,2.84970131491685
8062,190,42,3.94791666666667,0.864583333333333,1,20,20,2.87037601669478
8063,191,42,3.96875,0.864583333333333,1,19,19,2.89105291986692
8064,192,42,3.98958333333333,0.864583333333333,1,16,16,2.91173197909258
8065,1,43,0.0104166666666667,0.885416666666667,1,17,17,0.961989256327744
8066,2,43,0.03125,0.885416666666667,1,9,9,0.942603745170928
8067,3,43,0.0520833333333333,0.885416666666667,1,22,22,0.923275140853568
8068,4,43,0.0729166666666667,0.885416666666667,1,19,19,0.904006730001791
8069,5,43,0.09375,0.885416666666667,1,12,12,0.884802045816541
8070,6,43,0.114583333333333,0.885416666666667,1,19,19,0.865664890402232
8071,7,43,0.135416666666667,0.885416666666667,1,30,30,0.846599359403028
8072,8,43,0.15625,0.885416666666667,1,13,13,0.827609869203883
8073,9,43,0.177083333333333,0.885416666666667,1,26,26,0.80870118698185
8074,10,43,0.197916666666667,0.885416666666667,1,6,6,0.789878463923898
8075,11,43,0.21875,0.885416666666667,1,20,20,0.771147271960628
8076,12,43,0.239583333333333,0.885416666666667,1,8,8,0.752513644400422
8077,13,43,0.260416666666667,0.885416666666667,1,19,19,0.733984120885337
8078,14,43,0.28125,0.885416666666667,1,24,24,0.715565797127641
8079,15,43,0.302083333333333,0.885416666666667,1,25,25,0.697266379923019
8080,16,43,0.322916666666667,0.885416666666667,1,14,14,0.679094247971465
8081,17,43,0.34375,0.885416666666667,1,14,14,0.661058519066993
8082,18,43,0.364583333333333,0.885416666666667,1,20,20,0.64316912423904
8083,19,43,0.385416666666667,0.885416666666667,1,26,26,0.625436889436673
8084,20,43,0.40625,0.885416666666667,1,19,19,0.607873625334667
8085,21,43,0.427083333333333,0.885416666666667,1,22,22,0.590492225799023
8086,22,43,0.447916666666667,0.885416666666667,1,13,13,0.573306775466346
8087,23,43,0.46875,0.885416666666667,1,26,26,0.556332666750973
8088,24,43,0.489583333333333,0.885416666666667,1,28,28,0.539586726375365
8089,25,43,0.510416666666667,0.885416666666667,1,10,10,0.523087351197424
8090,26,43,0.53125,0.885416666666667,1,16,16,0.50685465265123
8091,27,43,0.552083333333333,0.885416666666667,1,14,14,0.490910608486785
8092,28,43,0.572916666666667,0.885416666666667,1,27,27,0.47527921964517
8093,29,43,0.59375,0.885416666666667,1,7,7,0.459986668988151
8094,30,43,0.614583333333333,0.885416666666667,1,14,14,0.445061477164631
8095,31,43,0.635416666666667,0.885416666666667,1,8,8,0.430534649093618
8096,32,43,0.65625,0.885416666666667,1,15,15,0.416439802343356
8097,33,43,0.677083333333333,0.885416666666667,1,30,30,0.402813266089465
8098,34,43,0.697916666666667,0.885416666666667,1,18,18,0.389694136397632
8099,35,43,0.71875,0.885416666666667,1,22,22,0.377124270441616
8100,36,43,0.739583333333333,0.885416666666667,1,16,16,0.365148199203461
8101,37,43,0.760416666666667,0.885416666666667,1,10,10,0.353812935641499
8102,38,43,0.78125,0.885416666666667,1,24,24,0.343167653878805
8103,39,43,0.802083333333333,0.885416666666667,1,32,32,0.333263215480946
8104,40,43,0.822916666666667,0.885416666666667,1,14,14,0.324151522322965
8105,41,43,0.84375,0.885416666666667,1,15,15,0.315884682868274
8106,42,43,0.864583333333333,0.885416666666667,1,12,12,0.308513990648491
8107,43,43,0.885416666666667,0.885416666666667,1,20,20,0.302088730533725
8108,44,43,0.90625,0.885416666666667,1,14,14,0.296654849263745
8109,45,43,0.927083333333333,0.885416666666667,1,23,23,0.292253549661724
8110,46,43,0.947916666666667,0.885416666666667,1,29,29,0.288919889637385
8111,47,43,0.96875,0.885416666666667,1,20,20,0.286681483193137
8112,48,43,0.989583333333333,0.885416666666667,1,19,19,0.28555740673587
8113,49,43,1.01041666666667,0.885416666666667,1,20,20,0.28555740673587
8114,50,43,1.03125,0.885416666666667,1,20,20,0.286681483193137
8115,51,43,1.05208333333333,0.885416666666667,1,17,17,0.288919889637385
8116,52,43,1.07291666666667,0.885416666666667,1,7,7,0.292253549661723
8117,53,43,1.09375,0.885416666666667,1,11,11,0.296654849263745
8118,54,43,1.11458333333333,0.885416666666667,1,19,19,0.302088730533725
8119,55,43,1.13541666666667,0.885416666666667,1,22,22,0.308513990648491
8120,56,43,1.15625,0.885416666666667,1,19,19,0.315884682868274
8121,57,43,1.17708333333333,0.885416666666667,1,26,26,0.324151522322965
8122,58,43,1.19791666666667,0.885416666666667,1,14,14,0.333263215480946
8123,59,43,1.21875,0.885416666666667,1,27,27,0.343167653878805
8124,60,43,1.23958333333333,0.885416666666667,1,15,15,0.353812935641499
8125,61,43,1.26041666666667,0.885416666666667,1,10,10,0.36514819920346
8126,62,43,1.28125,0.885416666666667,1,25,25,0.377124270441616
8127,63,43,1.30208333333333,0.885416666666667,1,23,23,0.389694136397632
8128,64,43,1.32291666666667,0.885416666666667,1,22,22,0.402813266089465
8129,65,43,1.34375,0.885416666666667,1,23,23,0.416439802343356
8130,66,43,1.36458333333333,0.885416666666667,1,28,28,0.430534649093618
8131,67,43,1.38541666666667,0.885416666666667,1,11,11,0.44506147716463
8132,68,43,1.40625,0.885416666666667,1,27,27,0.459986668988151
8133,69,43,1.42708333333333,0.885416666666667,1,11,11,0.47527921964517
8134,70,43,1.44791666666667,0.885416666666667,1,5,5,0.490910608486785
8135,71,43,1.46875,0.885416666666667,1,17,17,0.50685465265123
8136,72,43,1.48958333333333,0.885416666666667,1,28,28,0.523087351197424
8137,73,43,1.51041666666667,0.885416666666667,1,23,23,0.539586726375365
8138,74,43,1.53125,0.885416666666667,1,23,23,0.556332666750973
8139,75,43,1.55208333333333,0.885416666666667,1,12,12,0.573306775466346
8140,76,43,1.57291666666667,0.885416666666667,1,18,18,0.590492225799023
8141,77,43,1.59375,0.885416666666667,1,22,22,0.607873625334667
8142,78,43,1.61458333333333,0.885416666666667,1,23,23,0.625436889436673
8143,79,43,1.63541666666667,0.885416666666667,1,15,15,0.64316912423904
8144,80,43,1.65625,0.885416666666667,1,16,16,0.661058519066993
8145,81,43,1.67708333333333,0.885416666666667,1,13,13,0.679094247971465
8146,82,43,1.69791666666667,0.885416666666667,1,25,25,0.697266379923019
8147,83,43,1.71875,0.885416666666667,1,22,22,0.715565797127641
8148,84,43,1.73958333333333,0.885416666666667,1,30,30,0.733984120885337
8149,85,43,1.76041666666667,0.885416666666667,1,23,23,0.752513644400422
8150,86,43,1.78125,0.885416666666667,1,26,26,0.771147271960628
8151,87,43,1.80208333333333,0.885416666666667,1,22,22,0.789878463923897
8152,88,43,1.82291666666667,0.885416666666667,1,20,20,0.808701186981849
8153,89,43,1.84375,0.885416666666667,1,17,17,0.827609869203883
8154,90,43,1.86458333333333,0.885416666666667,1,24,24,0.846599359403028
8155,91,43,1.88541666666667,0.885416666666667,1,24,24,0.865664890402232
8156,92,43,1.90625,0.885416666666667,1,25,25,0.884802045816541
8157,93,43,1.92708333333333,0.885416666666667,1,22,22,0.904006730001791
8158,94,43,1.94791666666667,0.885416666666667,1,24,24,0.923275140853568
8159,95,43,1.96875,0.885416666666667,1,10,10,0.942603745170928
8160,96,43,1.98958333333333,0.885416666666667,1,21,21,0.961989256327744
8161,97,43,2.01041666666667,0.885416666666667,1,20,20,0.981428614020464
8162,98,43,2.03125,0.885416666666667,1,19,19,1.00091896588461
8163,99,43,2.05208333333333,0.885416666666667,1,27,27,1.02045765079374
8164,100,43,2.07291666666667,0.885416666666667,1,21,21,1.04004218367372
8165,101,43,2.09375,0.885416666666667,1,22,22,1.05967024168271
8166,102,43,2.11458333333333,0.885416666666667,1,22,22,1.07933965162242
8167,103,43,2.13541666666667,0.885416666666667,1,18,18,1.09904837846056
8168,104,43,2.15625,0.885416666666667,1,15,15,1.11879451485656
8169,105,43,2.17708333333333,0.885416666666667,1,21,21,1.13857627159394
8170,106,43,2.19791666666667,0.885416666666667,1,12,12,1.15839196883253
8171,107,43,2.21875,0.885416666666667,1,20,20,1.17824002810288
8172,108,43,2.23958333333333,0.885416666666667,1,15,15,1.19811896497286
8173,109,43,2.26041666666667,0.885416666666667,1,21,21,1.21802738232389
8174,110,43,2.28125,0.885416666666667,1,16,16,1.23796396418007
8175,111,43,2.30208333333333,0.885416666666667,1,15,15,1.25792747003987
8176,112,43,2.32291666666667,0.885416666666667,1,13,13,1.27791672966435
8177,113,43,2.34375,0.885416666666667,1,14,14,1.2979306382809
8178,114,43,2.36458333333333,0.885416666666667,1,14,14,1.31796815216547
8179,115,43,2.38541666666667,0.885416666666667,1,24,24,1.33802828456961
8180,116,43,2.40625,0.885416666666667,1,23,23,1.35811010196228
8181,117,43,2.42708333333333,0.885416666666667,1,7,7,1.37821272055893
8182,118,43,2.44791666666667,0.885416666666667,1,20,20,1.39833530311328
8183,119,43,2.46875,0.885416666666667,1,10,10,1.4184770559493
8184,120,43,2.48958333333333,0.885416666666667,1,13,13,1.43863722621315
8185,121,43,2.51041666666667,0.885416666666667,1,26,26,1.45881509932669
8186,122,43,2.53125,0.885416666666667,1,22,22,1.47900999662587
8187,123,43,2.55208333333333,0.885416666666667,1,18,18,1.49922127316877
8188,124,43,2.57291666666667,0.885416666666667,1,12,12,1.51944831569958
8189,125,43,2.59375,0.885416666666667,1,30,30,1.53969054075592
8190,126,43,2.61458333333333,0.885416666666667,1,23,23,1.55994739290805
8191,127,43,2.63541666666667,0.885416666666667,1,24,24,1.58021834311959
8192,128,43,2.65625,0.885416666666667,1,23,23,1.60050288722026
8193,129,43,2.67708333333333,0.885416666666667,1,21,21,1.62080054448181
8194,130,43,2.69791666666667,0.885416666666667,1,11,11,1.64111085628942
8195,131,43,2.71875,0.885416666666667,1,19,19,1.66143338490118
8196,132,43,2.73958333333333,0.885416666666667,1,26,26,1.68176771228899
8197,133,43,2.76041666666667,0.885416666666667,1,10,10,1.70211343905488
8198,134,43,2.78125,0.885416666666667,1,21,21,1.72247018341712
8199,135,43,2.80208333333333,0.885416666666667,1,13,13,1.742837580261
8200,136,43,2.82291666666667,0.885416666666667,1,12,12,1.76321528024959
8201,137,43,2.84375,0.885416666666667,1,22,22,1.78360294899016
8202,138,43,2.86458333333333,0.885416666666667,1,32,32,1.80400026625232
8203,139,43,2.88541666666667,0.885416666666667,1,30,30,1.82440692523408
8204,140,43,2.90625,0.885416666666667,1,18,18,1.84482263187275
8205,141,43,2.92708333333333,0.885416666666667,1,23,23,1.86524710419722
8206,142,43,2.94791666666667,0.885416666666667,1,20,20,1.88568007171906
8207,143,43,2.96875,0.885416666666667,1,28,28,1.90612127485963
8208,144,43,2.98958333333333,0.885416666666667,1,15,15,1.9265704644108
8209,145,43,3.01041666666667,0.885416666666667,1,26,26,1.94702740102705
8210,146,43,3.03125,0.885416666666667,1,13,13,1.96749185474682
8211,147,43,3.05208333333333,0.885416666666667,1,30,30,1.98796360454125
8212,148,43,3.07291666666667,0.885416666666667,1,17,17,2.00844243788843
8213,149,43,3.09375,0.885416666666667,1,15,15,2.02892815037155
8214,150,43,3.11458333333333,0.885416666666667,1,19,19,2.04942054529949
8215,151,43,3.13541666666667,0.885416666666667,1,17,17,2.06991943334821
8216,152,43,3.15625,0.885416666666667,1,31,31,2.0904246322219
8217,153,43,3.17708333333333,0.885416666666667,1,24,24,2.11093596633241
8218,154,43,3.19791666666667,0.885416666666667,1,15,15,2.13145326649597
8219,155,43,3.21875,0.885416666666667,1,10,10,2.1519763696461
8220,156,43,3.23958333333333,0.885416666666667,1,22,22,2.17250511856165
8221,157,43,3.26041666666667,0.885416666666667,1,32,32,2.19303936160915
8222,158,43,3.28125,0.885416666666667,1,14,14,2.21357895249858
8223,159,43,3.30208333333333,0.885416666666667,1,22,22,2.23412375005173
8224,160,43,3.32291666666667,0.885416666666667,1,16,16,2.25467361798238
8225,161,43,3.34375,0.885416666666667,1,31,31,2.27522842468771
8226,162,43,3.36458333333333,0.885416666666667,1,27,27,2.29578804305018
8227,163,43,3.38541666666667,0.885416666666667,1,21,21,2.31635235024935
8228,164,43,3.40625,0.885416666666667,1,14,14,2.33692122758296
8229,165,43,3.42708333333333,0.885416666666667,1,14,14,2.35749456029691
8230,166,43,3.44791666666667,0.885416666666667,1,19,19,2.37807223742346
8231,167,43,3.46875,0.885416666666667,1,25,25,2.39865415162732
8232,168,43,3.48958333333333,0.885416666666667,1,29,29,2.41924019905914
8233,169,43,3.51041666666667,0.885416666666667,1,26,26,2.43983027921596
8234,170,43,3.53125,0.885416666666667,1,20,20,2.46042429480827
8235,171,43,3.55208333333333,0.885416666666667,1,31,31,2.48102215163338
8236,172,43,3.57291666666667,0.885416666666667,1,24,24,2.50162375845462
8237,173,43,3.59375,0.885416666666667,1,19,19,2.52222902688618
8238,174,43,3.61458333333333,0.885416666666667,1,16,16,2.54283787128323
8239,175,43,3.63541666666667,0.885416666666667,1,14,14,2.56345020863708
8240,176,43,3.65625,0.885416666666667,1,23,23,2.58406595847502
8241,177,43,3.67708333333333,0.885416666666667,1,26,26,2.60468504276479
8242,178,43,3.69791666666667,0.885416666666667,1,21,21,2.62530738582315
8243,179,43,3.71875,0.885416666666667,1,13,13,2.64593291422869
8244,180,43,3.73958333333333,0.885416666666667,1,22,22,2.6665615567383
8245,181,43,3.76041666666667,0.885416666666667,1,14,14,2.68719324420743
8246,182,43,3.78125,0.885416666666667,1,14,14,2.70782790951377
8247,183,43,3.80208333333333,0.885416666666667,1,18,18,2.72846548748414
8248,184,43,3.82291666666667,0.885416666666667,1,28,28,2.74910591482466
8249,185,43,3.84375,0.885416666666667,1,25,25,2.76974913005378
8250,186,43,3.86458333333333,0.885416666666667,1,31,31,2.79039507343815
8251,187,43,3.88541666666667,0.885416666666667,1,24,24,2.81104368693124
8252,188,43,3.90625,0.885416666666667,1,22,22,2.83169491411443
8253,189,43,3.92708333333333,0.885416666666667,1,10,10,2.85234870014066
8254,190,43,3.94791666666667,0.885416666666667,1,14,14,2.87300499168023
8255,191,43,3.96875,0.885416666666667,1,11,11,2.893663736869
8256,192,43,3.98958333333333,0.885416666666667,1,16,16,2.91432488525854
8257,1,44,0.0104166666666667,0.90625,1,20,20,0.969726243536687
8258,2,44,0.03125,0.90625,1,23,23,0.950483519623226
8259,3,44,0.0520833333333333,0.90625,1,29,29,0.931302608085738
8260,4,44,0.0729166666666667,0.90625,1,18,18,0.912187022957934
8261,5,44,0.09375,0.90625,1,9,9,0.893140536379419
8262,6,44,0.114583333333333,0.90625,1,18,18,0.874167201311516
8263,7,44,0.135416666666667,0.90625,1,21,21,0.855271376509198
8264,8,44,0.15625,0.90625,1,20,20,0.836457753985731
8265,9,44,0.177083333333333,0.90625,1,30,30,0.817731389229865
8266,10,44,0.197916666666667,0.90625,1,18,18,0.799097734460004
8267,11,44,0.21875,0.90625,1,23,23,0.780562675225336
8268,12,44,0.239583333333333,0.90625,1,30,30,0.76213257068994
8269,13,44,0.260416666666667,0.90625,1,11,11,0.74381429796161
8270,14,44,0.28125,0.90625,1,27,27,0.725615300851432
8271,15,44,0.302083333333333,0.90625,1,17,17,0.70754364347143
8272,16,44,0.322916666666667,0.90625,1,19,19,0.689608069093635
8273,17,44,0.34375,0.90625,1,14,14,0.671818064701779
8274,18,44,0.364583333333333,0.90625,1,9,9,0.654183931662415
8275,19,44,0.385416666666667,0.90625,1,17,17,0.636716862920289
8276,20,44,0.40625,0.90625,1,25,25,0.619429027076334
8277,21,44,0.427083333333333,0.90625,1,13,13,0.602333659626566
8278,22,44,0.447916666666667,0.90625,1,33,33,0.585445161515088
8279,23,44,0.46875,0.90625,1,15,15,0.568779204969772
8280,24,44,0.489583333333333,0.90625,1,20,20,0.552352846327132
8281,25,44,0.510416666666667,0.90625,1,20,20,0.53618464519177
8282,26,44,0.53125,0.90625,1,22,22,0.520294788789975
8283,27,44,0.552083333333333,0.90625,1,18,18,0.5047052197375
8284,28,44,0.572916666666667,0.90625,1,21,21,0.489439764616463
8285,29,44,0.59375,0.90625,1,24,24,0.47452425971407
8286,30,44,0.614583333333333,0.90625,1,26,26,0.459986668988151
8287,31,44,0.635416666666667,0.90625,1,26,26,0.445857187773913
8288,32,44,0.65625,0.90625,1,17,17,0.4321683239352
8289,33,44,0.677083333333333,0.90625,1,9,9,0.418954946128381
8290,34,44,0.697916666666667,0.90625,1,34,34,0.406254286675953
8291,35,44,0.71875,0.90625,1,24,24,0.394105884401309
8292,36,44,0.739583333333333,0.90625,1,13,13,0.38255145091252
8293,37,44,0.760416666666667,0.90625,1,29,29,0.371634642611324
8294,38,44,0.78125,0.90625,1,17,17,0.361400720632294
8295,39,44,0.802083333333333,0.90625,1,11,11,0.35189608257258
8296,40,44,0.822916666666667,0.90625,1,28,28,0.343167653878805
8297,41,44,0.84375,0.90625,1,22,22,0.335262133662004
8298,42,44,0.864583333333333,0.90625,1,26,26,0.328225099814468
8299,43,44,0.885416666666667,0.90625,1,16,16,0.322099991444892
8300,44,44,0.90625,0.90625,1,16,16,0.316927002003948
8301,45,44,0.927083333333333,0.90625,1,17,17,0.312741932419978
8302,46,44,0.947916666666667,0.90625,1,16,16,0.309575067736198
8303,47,44,0.96875,0.90625,1,26,26,0.307450150325166
8304,48,44,0.989583333333333,0.90625,1,6,6,0.306383525065232
8305,49,44,1.01041666666667,0.90625,1,21,21,0.306383525065232
8306,50,44,1.03125,0.90625,1,23,23,0.307450150325166
8307,51,44,1.05208333333333,0.90625,1,26,26,0.309575067736198
8308,52,44,1.07291666666667,0.90625,1,11,11,0.312741932419978
8309,53,44,1.09375,0.90625,1,34,34,0.316927002003948
8310,54,44,1.11458333333333,0.90625,1,18,18,0.322099991444892
8311,55,44,1.13541666666667,0.90625,1,15,15,0.328225099814468
8312,56,44,1.15625,0.90625,1,19,19,0.335262133662004
8313,57,44,1.17708333333333,0.90625,1,28,28,0.343167653878805
8314,58,44,1.19791666666667,0.90625,1,21,21,0.35189608257258
8315,59,44,1.21875,0.90625,1,17,17,0.361400720632294
8316,60,44,1.23958333333333,0.90625,1,18,18,0.371634642611324
8317,61,44,1.26041666666667,0.90625,1,15,15,0.38255145091252
8318,62,44,1.28125,0.90625,1,24,24,0.394105884401309
8319,63,44,1.30208333333333,0.90625,1,23,23,0.406254286675953
8320,64,44,1.32291666666667,0.90625,1,14,14,0.418954946128381
8321,65,44,1.34375,0.90625,1,21,21,0.4321683239352
8322,66,44,1.36458333333333,0.90625,1,17,17,0.445857187773913
8323,67,44,1.38541666666667,0.90625,1,16,16,0.45998666898815
8324,68,44,1.40625,0.90625,1,36,36,0.47452425971407
8325,69,44,1.42708333333333,0.90625,1,20,20,0.489439764616463
8326,70,44,1.44791666666667,0.90625,1,21,21,0.5047052197375
8327,71,44,1.46875,0.90625,1,20,20,0.520294788789975
8328,72,44,1.48958333333333,0.90625,1,18,18,0.53618464519177
8329,73,44,1.51041666666667,0.90625,1,24,24,0.552352846327132
8330,74,44,1.53125,0.90625,1,23,23,0.568779204969772
8331,75,44,1.55208333333333,0.90625,1,23,23,0.585445161515088
8332,76,44,1.57291666666667,0.90625,1,25,25,0.602333659626565
8333,77,44,1.59375,0.90625,1,29,29,0.619429027076334
8334,78,44,1.61458333333333,0.90625,1,17,17,0.636716862920288
8335,79,44,1.63541666666667,0.90625,1,20,20,0.654183931662415
8336,80,44,1.65625,0.90625,1,25,25,0.671818064701779
8337,81,44,1.67708333333333,0.90625,1,12,12,0.689608069093634
8338,82,44,1.69791666666667,0.90625,1,9,9,0.707543643471429
8339,83,44,1.71875,0.90625,1,19,19,0.725615300851432
8340,84,44,1.73958333333333,0.90625,1,21,21,0.74381429796161
8341,85,44,1.76041666666667,0.90625,1,25,25,0.76213257068994
8342,86,44,1.78125,0.90625,1,29,29,0.780562675225336
8343,87,44,1.80208333333333,0.90625,1,22,22,0.799097734460004
8344,88,44,1.82291666666667,0.90625,1,19,19,0.817731389229865
8345,89,44,1.84375,0.90625,1,15,15,0.836457753985731
8346,90,44,1.86458333333333,0.90625,1,24,24,0.855271376509198
8347,91,44,1.88541666666667,0.90625,1,20,20,0.874167201311516
8348,92,44,1.90625,0.90625,1,19,19,0.893140536379419
8349,93,44,1.92708333333333,0.90625,1,20,20,0.912187022957934
8350,94,44,1.94791666666667,0.90625,1,27,27,0.931302608085738
8351,95,44,1.96875,0.90625,1,16,16,0.950483519623226
8352,96,44,1.98958333333333,0.90625,1,24,24,0.969726243536687
8353,97,44,2.01041666666667,0.90625,1,23,23,0.98902750322376
8354,98,44,2.03125,0.90625,1,21,21,1.00838424068551
8355,99,44,2.05208333333333,0.90625,1,30,30,1.02779359936904
8356,100,44,2.07291666666667,0.90625,1,27,27,1.04725290852153
8357,101,44,2.09375,0.90625,1,13,13,1.06675966891215
8358,102,44,2.11458333333333,0.90625,1,19,19,1.08631153979233
8359,103,44,2.13541666666667,0.90625,1,27,27,1.10590632697753
8360,104,44,2.15625,0.90625,1,20,20,1.12554197194547
8361,105,44,2.17708333333333,0.90625,1,29,29,1.14521654185572
8362,106,44,2.19791666666667,0.90625,1,21,21,1.16492822040532
8363,107,44,2.21875,0.90625,1,18,18,1.1846752994434
8364,108,44,2.23958333333333,0.90625,1,23,23,1.20445617127513
8365,109,44,2.26041666666667,0.90625,1,12,12,1.22426932159252
8366,110,44,2.28125,0.90625,1,29,29,1.24411332297541
8367,111,44,2.30208333333333,0.90625,1,23,23,1.26398682891164
8368,112,44,2.32291666666667,0.90625,1,24,24,1.28388856829025
8369,113,44,2.34375,0.90625,1,19,19,1.30381734032601
8370,114,44,2.36458333333333,0.90625,1,32,32,1.32377200987767
8371,115,44,2.38541666666667,0.90625,1,23,23,1.34375150312572
8372,116,44,2.40625,0.90625,1,27,27,1.3637548035788
8373,117,44,2.42708333333333,0.90625,1,19,19,1.38378094838078
8374,118,44,2.44791666666667,0.90625,1,27,27,1.40382902489316
8375,119,44,2.46875,0.90625,1,14,14,1.42389816752958
8376,120,44,2.48958333333333,0.90625,1,20,20,1.44398755482175
8377,121,44,2.51041666666667,0.90625,1,28,28,1.46409640669763
8378,122,44,2.53125,0.90625,1,13,13,1.48422398195457
8379,123,44,2.55208333333333,0.90625,1,11,11,1.50436957591171
8380,124,44,2.57291666666667,0.90625,1,31,31,1.52453251822725
8381,125,44,2.59375,0.90625,1,27,27,1.5447121708676
8382,126,44,2.61458333333333,0.90625,1,18,18,1.56490792621627
8383,127,44,2.63541666666667,0.90625,1,26,26,1.58511920531193
8384,128,44,2.65625,0.90625,1,16,16,1.60534545620528
8385,129,44,2.67708333333333,0.90625,1,26,26,1.62558615242602
8386,130,44,2.69791666666667,0.90625,1,17,17,1.64584079155129
8387,131,44,2.71875,0.90625,1,24,24,1.6661088938681
8388,132,44,2.73958333333333,0.90625,1,13,13,1.68639000112269
8389,133,44,2.76041666666667,0.90625,1,16,16,1.70668367535044
8390,134,44,2.78125,0.90625,1,21,21,1.72698949778043
8391,135,44,2.80208333333333,0.90625,1,21,21,1.74730706780919
8392,136,44,2.82291666666667,0.90625,1,17,17,1.7676360020387
8393,137,44,2.84375,0.90625,1,25,25,1.78797593337415
8394,138,44,2.86458333333333,0.90625,1,9,9,1.80832651017703
8395,139,44,2.88541666666667,0.90625,1,25,25,1.82868739546989
8396,140,44,2.90625,0.90625,1,8,8,1.84905826618908
8397,141,44,2.92708333333333,0.90625,1,24,24,1.86943881248215
8398,142,44,2.94791666666667,0.90625,1,20,20,1.88982873704693
8399,143,44,2.96875,0.90625,1,20,20,1.91022775450942
8400,144,44,2.98958333333333,0.90625,1,17,17,1.93063559083795
8401,145,44,3.01041666666667,0.90625,1,21,21,1.95105198279105
8402,146,44,3.03125,0.90625,1,18,18,1.97147667739707
8403,147,44,3.05208333333333,0.90625,1,19,19,1.99190943146314
8404,148,44,3.07291666666667,0.90625,1,14,14,2.0123500111119
8405,149,44,3.09375,0.90625,1,14,14,2.03279819134394
8406,150,44,3.11458333333333,0.90625,1,22,22,2.05325375562452
8407,151,44,3.13541666666667,0.90625,1,14,14,2.07371649549286
8408,152,44,3.15625,0.90625,1,30,30,2.09418621019274
8409,153,44,3.17708333333333,0.90625,1,26,26,2.11466270632297
8410,154,44,3.19791666666667,0.90625,1,20,20,2.13514579750653
8411,155,44,3.21875,0.90625,1,19,19,2.15563530407732
8412,156,44,3.23958333333333,0.90625,1,16,16,2.17613105278331
8413,157,44,3.26041666666667,0.90625,1,36,36,2.19663287650518
8414,158,44,3.28125,0.90625,1,18,18,2.21714061398958
8415,159,44,3.30208333333333,0.90625,1,16,16,2.23765410959601
8416,160,44,3.32291666666667,0.90625,1,26,26,2.25817321305662
8417,161,44,3.34375,0.90625,1,16,16,2.27869777924813
8418,162,44,3.36458333333333,0.90625,1,17,17,2.29922766797521
8419,163,44,3.38541666666667,0.90625,1,21,21,2.31976274376458
8420,164,44,3.40625,0.90625,1,21,21,2.34030287566933
8421,165,44,3.42708333333333,0.90625,1,24,24,2.36084793708275
8422,166,44,3.44791666666667,0.90625,1,18,18,2.3813978055613
8423,167,44,3.46875,0.90625,1,24,24,2.40195236265601
8424,168,44,3.48958333333333,0.90625,1,16,16,2.42251149375203
8425,169,44,3.51041666666667,0.90625,1,35,35,2.44307508791577
8426,170,44,3.53125,0.90625,1,21,21,2.46364303774921
8427,171,44,3.55208333333333,0.90625,1,23,23,2.48421523925113
8428,172,44,3.57291666666667,0.90625,1,10,10,2.50479159168466
8429,173,44,3.59375,0.90625,1,18,18,2.52537199745103
8430,174,44,3.61458333333333,0.90625,1,26,26,2.54595636196904
8431,175,44,3.63541666666667,0.90625,1,14,14,2.56654459356007
8432,176,44,3.65625,0.90625,1,15,15,2.58713660333821
8433,177,44,3.67708333333333,0.90625,1,11,11,2.60773230510535
8434,178,44,3.69791666666667,0.90625,1,21,21,2.62833161525093
8435,179,44,3.71875,0.90625,1,27,27,2.64893445265616
8436,180,44,3.73958333333333,0.90625,1,10,10,2.6695407386023
8437,181,44,3.76041666666667,0.90625,1,18,18,2.69015039668314
8438,182,44,3.78125,0.90625,1,19,19,2.71076335272111
8439,183,44,3.80208333333333,0.90625,1,18,18,2.73137953468701
8440,184,44,3.82291666666667,0.90625,1,13,13,2.75199887262328
8441,185,44,3.84375,0.90625,1,13,13,2.77262129857035
8442,186,44,3.86458333333333,0.90625,1,18,18,2.79324674649625
8443,187,44,3.88541666666667,0.90625,1,15,15,2.81387515222903
8444,188,44,3.90625,0.90625,1,24,24,2.83450645339212
8445,189,44,3.92708333333333,0.90625,1,23,23,2.8551405893422
8446,190,44,3.94791666666667,0.90625,1,13,13,2.87577750110977
8447,191,44,3.96875,0.90625,1,21,21,2.89641713134203
8448,192,44,3.98958333333333,0.90625,1,22,22,2.91705942424813
8449,1,45,0.0104166666666667,0.927083333333333,1,25,25,0.977810441228986
8450,2,45,0.03125,0.927083333333333,1,26,26,0.958714662272659
8451,3,45,0.0520833333333333,0.927083333333333,1,17,17,0.939685616210764
8452,4,45,0.0729166666666667,0.927083333333333,1,29,29,0.920727035281988
8453,5,45,0.09375,0.927083333333333,1,18,18,0.901842919878716
8454,6,45,0.114583333333333,0.927083333333333,1,10,10,0.883037561450336
8455,7,45,0.135416666666667,0.927083333333333,1,27,27,0.864315567586093
8456,8,45,0.15625,0.927083333333333,1,12,12,0.845681889490917
8457,9,45,0.177083333333333,0.927083333333333,1,26,26,0.827141852085693
8458,10,45,0.197916666666667,0.927083333333333,1,12,12,0.80870118698185
8459,11,45,0.21875,0.927083333333333,1,17,17,0.790366068598254
8460,12,45,0.239583333333333,0.927083333333333,1,29,29,0.772143153705603
8461,13,45,0.260416666666667,0.927083333333333,1,20,20,0.754039624698735
8462,14,45,0.28125,0.927083333333333,1,33,33,0.736063236909213
8463,15,45,0.302083333333333,0.927083333333333,1,21,21,0.718222370277312
8464,16,45,0.322916666666667,0.927083333333333,1,16,16,0.700526085701702
8465,17,45,0.34375,0.927083333333333,1,19,19,0.682984186373589
8466,18,45,0.364583333333333,0.927083333333333,1,29,29,0.66560728437554
8467,19,45,0.385416666666667,0.927083333333333,1,25,25,0.648406872778586
8468,20,45,0.40625,0.927083333333333,1,25,25,0.631395403397582
8469,21,45,0.427083333333333,0.927083333333333,1,10,10,0.614586370255937
8470,22,45,0.447916666666667,0.927083333333333,1,10,10,0.59799439865629
8471,23,45,0.46875,0.927083333333333,1,29,29,0.581635339540954
8472,24,45,0.489583333333333,0.927083333333333,1,26,26,0.565526368540137
8473,25,45,0.510416666666667,0.927083333333333,1,17,17,0.549686088729695
8474,26,45,0.53125,0.927083333333333,1,17,17,0.534134635634351
8475,27,45,0.552083333333333,0.927083333333333,1,26,26,0.518893782396373
8476,28,45,0.572916666666667,0.927083333333333,1,23,23,0.503987042263509
8477,29,45,0.59375,0.927083333333333,1,23,23,0.489439764616463
8478,30,45,0.614583333333333,0.927083333333333,1,27,27,0.47527921964517
8479,31,45,0.635416666666667,0.927083333333333,1,15,15,0.461534665497648
8480,32,45,0.65625,0.927083333333333,1,25,25,0.448237390289199
8481,33,45,0.677083333333333,0.927083333333333,1,30,30,0.435420719829017
8482,34,45,0.697916666666667,0.927083333333333,1,17,17,0.423119980395405
8483,35,45,0.71875,0.927083333333333,1,24,24,0.411372404526399
8484,36,45,0.739583333333333,0.927083333333333,1,31,31,0.40021696681429
8485,37,45,0.760416666666667,0.927083333333333,1,23,23,0.389694136397632
8486,38,45,0.78125,0.927083333333333,1,25,25,0.379845533595042
8487,39,45,0.802083333333333,0.927083333333333,1,28,28,0.370713480320625
8488,40,45,0.822916666666667,0.927083333333333,1,23,23,0.362340437941086
8489,41,45,0.84375,0.927083333333333,1,19,19,0.354768332352981
8490,42,45,0.864583333333333,0.927083333333333,1,24,24,0.348037774325137
8491,43,45,0.885416666666667,0.927083333333333,1,20,20,0.342187193266482
8492,44,45,0.90625,0.927083333333333,1,26,26,0.33725191378782
8493,45,45,0.927083333333333,0.927083333333333,1,16,16,0.333263215480946
8494,46,45,0.947916666666667,0.927083333333333,1,18,18,0.330247425584654
8495,47,45,0.96875,0.927083333333333,1,27,27,0.328225099814468
8496,48,45,0.989583333333333,0.927083333333333,1,16,16,0.327210346966872
8497,49,45,1.01041666666667,0.927083333333333,1,16,16,0.327210346966872
8498,50,45,1.03125,0.927083333333333,1,12,12,0.328225099814468
8499,51,45,1.05208333333333,0.927083333333333,1,20,20,0.330247425584654
8500,52,45,1.07291666666667,0.927083333333333,1,20,20,0.333263215480946
8501,53,45,1.09375,0.927083333333333,1,20,20,0.33725191378782
8502,54,45,1.11458333333333,0.927083333333333,1,17,17,0.342187193266482
8503,55,45,1.13541666666667,0.927083333333333,1,15,15,0.348037774325137
8504,56,45,1.15625,0.927083333333333,1,22,22,0.354768332352981
8505,57,45,1.17708333333333,0.927083333333333,1,21,21,0.362340437941086
8506,58,45,1.19791666666667,0.927083333333333,1,32,32,0.370713480320625
8507,59,45,1.21875,0.927083333333333,1,24,24,0.379845533595042
8508,60,45,1.23958333333333,0.927083333333333,1,29,29,0.389694136397632
8509,61,45,1.26041666666667,0.927083333333333,1,19,19,0.40021696681429
8510,62,45,1.28125,0.927083333333333,1,21,21,0.411372404526399
8511,63,45,1.30208333333333,0.927083333333333,1,17,17,0.423119980395405
8512,64,45,1.32291666666667,0.927083333333333,1,12,12,0.435420719829016
8513,65,45,1.34375,0.927083333333333,1,25,25,0.448237390289199
8514,66,45,1.36458333333333,0.927083333333333,1,21,21,0.461534665497648
8515,67,45,1.38541666666667,0.927083333333333,1,28,28,0.47527921964517
8516,68,45,1.40625,0.927083333333333,1,26,26,0.489439764616463
8517,69,45,1.42708333333333,0.927083333333333,1,13,13,0.503987042263509
8518,70,45,1.44791666666667,0.927083333333333,1,26,26,0.518893782396373
8519,71,45,1.46875,0.927083333333333,1,11,11,0.534134635634351
8520,72,45,1.48958333333333,0.927083333333333,1,19,19,0.549686088729695
8521,73,45,1.51041666666667,0.927083333333333,1,12,12,0.565526368540137
8522,74,45,1.53125,0.927083333333333,1,14,14,0.581635339540954
8523,75,45,1.55208333333333,0.927083333333333,1,11,11,0.59799439865629
8524,76,45,1.57291666666667,0.927083333333333,1,17,17,0.614586370255937
8525,77,45,1.59375,0.927083333333333,1,17,17,0.631395403397582
8526,78,45,1.61458333333333,0.927083333333333,1,15,15,0.648406872778586
8527,79,45,1.63541666666667,0.927083333333333,1,25,25,0.66560728437554
8528,80,45,1.65625,0.927083333333333,1,22,22,0.682984186373589
8529,81,45,1.67708333333333,0.927083333333333,1,20,20,0.700526085701702
8530,82,45,1.69791666666667,0.927083333333333,1,24,24,0.718222370277312
8531,83,45,1.71875,0.927083333333333,1,6,6,0.736063236909213
8532,84,45,1.73958333333333,0.927083333333333,1,6,6,0.754039624698735
8533,85,45,1.76041666666667,0.927083333333333,1,18,18,0.772143153705603
8534,86,45,1.78125,0.927083333333333,1,29,29,0.790366068598254
8535,87,45,1.80208333333333,0.927083333333333,1,22,22,0.808701186981849
8536,88,45,1.82291666666667,0.927083333333333,1,21,21,0.827141852085693
8537,89,45,1.84375,0.927083333333333,1,31,31,0.845681889490917
8538,90,45,1.86458333333333,0.927083333333333,1,23,23,0.864315567586093
8539,91,45,1.88541666666667,0.927083333333333,1,24,24,0.883037561450335
8540,92,45,1.90625,0.927083333333333,1,27,27,0.901842919878716
8541,93,45,1.92708333333333,0.927083333333333,1,23,23,0.920727035281987
8542,94,45,1.94791666666667,0.927083333333333,1,20,20,0.939685616210764
8543,95,45,1.96875,0.927083333333333,1,23,23,0.958714662272659
8544,96,45,1.98958333333333,0.927083333333333,1,14,14,0.977810441228986
8545,97,45,2.01041666666667,0.927083333333333,1,31,31,0.996969468075064
8546,98,45,2.03125,0.927083333333333,1,27,27,1.01618848592481
8547,99,45,2.05208333333333,0.927083333333333,1,31,31,1.03546444853588
8548,100,45,2.07291666666667,0.927083333333333,1,19,19,1.0547945043263
8549,101,45,2.09375,0.927083333333333,1,12,12,1.07417598174682
8550,102,45,2.11458333333333,0.927083333333333,1,11,11,1.09360637588593
8551,103,45,2.13541666666667,0.927083333333333,1,13,13,1.11308333619564
8552,104,45,2.15625,0.927083333333333,1,15,15,1.13260465523667
8553,105,45,2.17708333333333,0.927083333333333,1,20,20,1.15216825835118
8554,106,45,2.19791666666667,0.927083333333333,1,9,9,1.17177219417979
8555,107,45,2.21875,0.927083333333333,1,29,29,1.1914146259475
8556,108,45,2.23958333333333,0.927083333333333,1,22,22,1.21109382345006
8557,109,45,2.26041666666667,0.927083333333333,1,20,20,1.23080815567918
8558,110,45,2.28125,0.927083333333333,1,22,22,1.25055608403025
8559,111,45,2.30208333333333,0.927083333333333,1,22,22,1.27033615604185
8560,112,45,2.32291666666667,0.927083333333333,1,13,13,1.2901469996211
8561,113,45,2.34375,0.927083333333333,1,28,28,1.30998731771286
8562,114,45,2.36458333333333,0.927083333333333,1,17,17,1.32985588337504
8563,115,45,2.38541666666667,0.927083333333333,1,23,23,1.34975153522557
8564,116,45,2.40625,0.927083333333333,1,20,20,1.36967317322972
8565,117,45,2.42708333333333,0.927083333333333,1,11,11,1.38961975479949
8566,118,45,2.44791666666667,0.927083333333333,1,35,35,1.40959029117911
8567,119,45,2.46875,0.927083333333333,1,19,19,1.42958384409326
8568,120,45,2.48958333333333,0.927083333333333,1,24,24,1.44959952263659
8569,121,45,2.51041666666667,0.927083333333333,1,19,19,1.46963648038505
8570,122,45,2.53125,0.927083333333333,1,11,11,1.48969391271122
8571,123,45,2.55208333333333,0.927083333333333,1,28,28,1.5097710542876
8572,124,45,2.57291666666667,0.927083333333333,1,25,25,1.52986717676285
8573,125,45,2.59375,0.927083333333333,1,27,27,1.54998158659759
8574,126,45,2.61458333333333,0.927083333333333,1,19,19,1.57011362304751
8575,127,45,2.63541666666667,0.927083333333333,1,11,11,1.59026265628222
8576,128,45,2.65625,0.927083333333333,1,28,28,1.61042808562977
8577,129,45,2.67708333333333,0.927083333333333,1,14,14,1.63060933793723
8578,130,45,2.69791666666667,0.927083333333333,1,15,15,1.65080586603871
8579,131,45,2.71875,0.927083333333333,1,33,33,1.67101714732272
8580,132,45,2.73958333333333,0.927083333333333,1,23,23,1.69124268239181
8581,133,45,2.76041666666667,0.927083333333333,1,28,28,1.71148199380753
8582,134,45,2.78125,0.927083333333333,1,20,20,1.73173462491462
8583,135,45,2.80208333333333,0.927083333333333,1,16,16,1.7520001387389
8584,136,45,2.82291666666667,0.927083333333333,1,18,18,1.77227811695331
8585,137,45,2.84375,0.927083333333333,1,31,31,1.79256815890765
8586,138,45,2.86458333333333,0.927083333333333,1,16,16,1.81286988071734
8587,139,45,2.88541666666667,0.927083333333333,1,23,23,1.83318291440711
8588,140,45,2.90625,0.927083333333333,1,24,24,1.85350690710607
8589,141,45,2.92708333333333,0.927083333333333,1,25,25,1.87384152029038
8590,142,45,2.94791666666667,0.927083333333333,1,19,19,1.89418642907048
8591,143,45,2.96875,0.927083333333333,1,11,11,1.91454132151989
8592,144,45,2.98958333333333,0.927083333333333,1,25,25,1.93490589804268
8593,145,45,3.01041666666667,0.927083333333333,1,15,15,1.95527987077727
8594,146,45,3.03125,0.927083333333333,1,28,28,1.97566296303401
8595,147,45,3.05208333333333,0.927083333333333,1,23,23,1.99605490876445
8596,148,45,3.07291666666667,0.927083333333333,1,17,17,2.01645545206025
8597,149,45,3.09375,0.927083333333333,1,28,28,2.03686434667976
8598,150,45,3.11458333333333,0.927083333333333,1,24,24,2.05728135560066
8599,151,45,3.13541666666667,0.927083333333333,1,29,29,2.07770625059692
8600,152,45,3.15625,0.927083333333333,1,22,22,2.09813881183858
8601,153,45,3.17708333333333,0.927083333333333,1,26,26,2.11857882751298
8602,154,45,3.19791666666667,0.927083333333333,1,25,25,2.13902609346613
8603,155,45,3.21875,0.927083333333333,1,23,23,2.1594804128629
8604,156,45,3.23958333333333,0.927083333333333,1,30,30,2.17994159586502
8605,157,45,3.26041666666667,0.927083333333333,1,25,25,2.20040945932579
8606,158,45,3.28125,0.927083333333333,1,19,19,2.22088382650039
8607,159,45,3.30208333333333,0.927083333333333,1,17,17,2.24136452677113
8608,160,45,3.32291666666667,0.927083333333333,1,14,14,2.26185139538644
8609,161,45,3.34375,0.927083333333333,1,24,24,2.28234427321307
8610,162,45,3.36458333333333,0.927083333333333,1,22,22,2.30284300650061
8611,163,45,3.38541666666667,0.927083333333333,1,29,29,2.32334744665766
8612,164,45,3.40625,0.927083333333333,1,19,19,2.343857450039
8613,165,45,3.42708333333333,0.927083333333333,1,12,12,2.36437287774305
8614,166,45,3.44791666666667,0.927083333333333,1,11,11,2.38489359541924
8615,167,45,3.46875,0.927083333333333,1,22,22,2.40541947308452
8616,168,45,3.48958333333333,0.927083333333333,1,19,19,2.42595038494865
8617,169,45,3.51041666666667,0.927083333333333,1,13,13,2.44648620924773
8618,170,45,3.53125,0.927083333333333,1,6,6,2.46702682808558
8619,171,45,3.55208333333333,0.927083333333333,1,11,11,2.48757212728242
8620,172,45,3.57291666666667,0.927083333333333,1,27,27,2.50812199623066
8621,173,45,3.59375,0.927083333333333,1,13,13,2.52867632775721
8622,174,45,3.61458333333333,0.927083333333333,1,21,21,2.54923501799209
8623,175,45,3.63541666666667,0.927083333333333,1,11,11,2.56979796624306
8624,176,45,3.65625,0.927083333333333,1,30,30,2.59036507487573
8625,177,45,3.67708333333333,0.927083333333333,1,13,13,2.6109362491992
8626,178,45,3.69791666666667,0.927083333333333,1,18,18,2.63151139735658
8627,179,45,3.71875,0.927083333333333,1,26,26,2.65209043022047
8628,180,45,3.73958333333333,0.927083333333333,1,20,20,2.67267326129295
8629,181,45,3.76041666666667,0.927083333333333,1,24,24,2.69325980660987
8630,182,45,3.78125,0.927083333333333,1,26,26,2.71384998464934
8631,183,45,3.80208333333333,0.927083333333333,1,20,20,2.73444371624408
8632,184,45,3.82291666666667,0.927083333333333,1,21,21,2.7550409244975
8633,185,45,3.84375,0.927083333333333,1,12,12,2.77564153470336
8634,186,45,3.86458333333333,0.927083333333333,1,31,31,2.79624547426875
8635,187,45,3.88541666666667,0.927083333333333,1,24,24,2.8168526726403
8636,188,45,3.90625,0.927083333333333,1,12,12,2.83746306123347
8637,189,45,3.92708333333333,0.927083333333333,1,25,25,2.85807657336467
8638,190,45,3.94791666666667,0.927083333333333,1,26,26,2.87869314418626
8639,191,45,3.96875,0.927083333333333,1,22,22,2.89931271062407
8640,192,45,3.98958333333333,0.927083333333333,1,11,11,2.91993521131755
8641,1,46,0.0104166666666667,0.947916666666667,1,36,36,0.986234097185726
8642,2,46,0.03125,0.947916666666667,1,21,21,0.967289043688624
8643,3,46,0.0520833333333333,0.947916666666667,1,17,17,0.948415636673844
8644,4,46,0.0729166666666667,0.947916666666667,1,15,15,0.929617816095964
8645,5,46,0.09375,0.947916666666667,1,9,9,0.9108997985843
8646,6,46,0.114583333333333,0.947916666666667,1,15,15,0.892266100342488
8647,7,46,0.135416666666667,0.947916666666667,1,19,19,0.873721562129316
8648,8,46,0.15625,0.947916666666667,1,27,27,0.855271376509198
8649,9,46,0.177083333333333,0.947916666666667,1,17,17,0.836921117573702
8650,10,46,0.197916666666667,0.947916666666667,1,28,28,0.818676773347889
8651,11,46,0.21875,0.947916666666667,1,23,23,0.800544781106291
8652,12,46,0.239583333333333,0.947916666666667,1,20,20,0.782532065832297
8653,13,46,0.260416666666667,0.947916666666667,1,24,24,0.764646082060297
8654,14,46,0.28125,0.947916666666667,1,22,22,0.746894859340744
8655,15,46,0.302083333333333,0.947916666666667,1,30,30,0.729287051562298
8656,16,46,0.322916666666667,0.947916666666667,1,22,22,0.711831990349946
8657,17,46,0.34375,0.947916666666667,1,21,21,0.694539742730203
8658,18,46,0.364583333333333,0.947916666666667,1,19,19,0.67742117321022
8659,19,46,0.385416666666667,0.947916666666667,1,18,18,0.660488010351832
8660,20,46,0.40625,0.947916666666667,1,21,21,0.643752917828077
8661,21,46,0.427083333333333,0.947916666666667,1,34,34,0.627229569821128
8662,22,46,0.447916666666667,0.947916666666667,1,15,15,0.610932730447981
8663,23,46,0.46875,0.947916666666667,1,21,21,0.594878336673247
8664,24,46,0.489583333333333,0.947916666666667,1,22,22,0.579083583875276
8665,25,46,0.510416666666667,0.947916666666667,1,25,25,0.563567012859708
8666,26,46,0.53125,0.947916666666667,1,14,14,0.54834859664981
8667,27,46,0.552083333333333,0.947916666666667,1,17,17,0.533449824812949
8668,28,46,0.572916666666667,0.947916666666667,1,28,28,0.518893782396373
8669,29,46,0.59375,0.947916666666667,1,22,22,0.5047052197375
8670,30,46,0.614583333333333,0.947916666666667,1,9,9,0.490910608486785
8671,31,46,0.635416666666667,0.947916666666667,1,15,15,0.477538178151213
8672,32,46,0.65625,0.947916666666667,1,23,23,0.464617926369486
8673,33,46,0.677083333333333,0.947916666666667,1,31,31,0.452181595029107
8674,34,46,0.697916666666667,0.947916666666667,1,12,12,0.440262603328747
8675,35,46,0.71875,0.947916666666667,1,25,25,0.428895928116088
8676,36,46,0.739583333333333,0.947916666666667,1,20,20,0.418117921476912
8677,37,46,0.760416666666667,0.947916666666667,1,19,19,0.407966055843192
8678,38,46,0.78125,0.947916666666667,1,24,24,0.398478588083558
8679,39,46,0.802083333333333,0.947916666666667,1,15,15,0.389694136397632
8680,40,46,0.822916666666667,0.947916666666667,1,21,21,0.381651167570704
8681,41,46,0.84375,0.947916666666667,1,27,27,0.374387397363987
8682,42,46,0.864583333333333,0.947916666666667,1,26,26,0.367939113442004
8683,43,46,0.885416666666667,0.947916666666667,1,17,17,0.362340437941086
8684,44,46,0.90625,0.947916666666667,1,22,22,0.35762255492685
8685,45,46,0.927083333333333,0.947916666666667,1,32,32,0.353812935641499
8686,46,46,0.947916666666667,0.947916666666667,1,24,24,0.350934600456528
8687,47,46,0.96875,0.947916666666667,1,17,17,0.349005459630256
8688,48,46,0.989583333333333,0.947916666666667,1,19,19,0.348037774325137
8689,49,46,1.01041666666667,0.947916666666667,1,32,32,0.348037774325137
8690,50,46,1.03125,0.947916666666667,1,20,20,0.349005459630256
8691,51,46,1.05208333333333,0.947916666666667,1,12,12,0.350934600456528
8692,52,46,1.07291666666667,0.947916666666667,1,21,21,0.353812935641499
8693,53,46,1.09375,0.947916666666667,1,30,30,0.35762255492685
8694,54,46,1.11458333333333,0.947916666666667,1,25,25,0.362340437941086
8695,55,46,1.13541666666667,0.947916666666667,1,23,23,0.367939113442004
8696,56,46,1.15625,0.947916666666667,1,35,35,0.374387397363987
8697,57,46,1.17708333333333,0.947916666666667,1,26,26,0.381651167570704
8698,58,46,1.19791666666667,0.947916666666667,1,21,21,0.389694136397632
8699,59,46,1.21875,0.947916666666667,1,27,27,0.398478588083558
8700,60,46,1.23958333333333,0.947916666666667,1,12,12,0.407966055843192
8701,61,46,1.26041666666667,0.947916666666667,1,12,12,0.418117921476912
8702,62,46,1.28125,0.947916666666667,1,30,30,0.428895928116088
8703,63,46,1.30208333333333,0.947916666666667,1,14,14,0.440262603328747
8704,64,46,1.32291666666667,0.947916666666667,1,21,21,0.452181595029107
8705,65,46,1.34375,0.947916666666667,1,21,21,0.464617926369486
8706,66,46,1.36458333333333,0.947916666666667,1,28,28,0.477538178151213
8707,67,46,1.38541666666667,0.947916666666667,1,20,20,0.490910608486785
8708,68,46,1.40625,0.947916666666667,1,22,22,0.5047052197375
8709,69,46,1.42708333333333,0.947916666666667,1,23,23,0.518893782396373
8710,70,46,1.44791666666667,0.947916666666667,1,19,19,0.533449824812949
8711,71,46,1.46875,0.947916666666667,1,10,10,0.54834859664981
8712,72,46,1.48958333333333,0.947916666666667,1,19,19,0.563567012859708
8713,73,46,1.51041666666667,0.947916666666667,1,11,11,0.579083583875276
8714,74,46,1.53125,0.947916666666667,1,5,5,0.594878336673247
8715,75,46,1.55208333333333,0.947916666666667,1,16,16,0.610932730447981
8716,76,46,1.57291666666667,0.947916666666667,1,33,33,0.627229569821127
8717,77,46,1.59375,0.947916666666667,1,24,24,0.643752917828077
8718,78,46,1.61458333333333,0.947916666666667,1,23,23,0.660488010351832
8719,79,46,1.63541666666667,0.947916666666667,1,24,24,0.67742117321022
8720,80,46,1.65625,0.947916666666667,1,19,19,0.694539742730203
8721,81,46,1.67708333333333,0.947916666666667,1,13,13,0.711831990349946
8722,82,46,1.69791666666667,0.947916666666667,1,18,18,0.729287051562297
8723,83,46,1.71875,0.947916666666667,1,20,20,0.746894859340744
8724,84,46,1.73958333333333,0.947916666666667,1,23,23,0.764646082060297
8725,85,46,1.76041666666667,0.947916666666667,1,23,23,0.782532065832297
8726,86,46,1.78125,0.947916666666667,1,16,16,0.800544781106291
8727,87,46,1.80208333333333,0.947916666666667,1,36,36,0.818676773347889
8728,88,46,1.82291666666667,0.947916666666667,1,26,26,0.836921117573702
8729,89,46,1.84375,0.947916666666667,1,11,11,0.855271376509198
8730,90,46,1.86458333333333,0.947916666666667,1,25,25,0.873721562129316
8731,91,46,1.88541666666667,0.947916666666667,1,16,16,0.892266100342488
8732,92,46,1.90625,0.947916666666667,1,17,17,0.9108997985843
8733,93,46,1.92708333333333,0.947916666666667,1,18,18,0.929617816095964
8734,94,46,1.94791666666667,0.947916666666667,1,18,18,0.948415636673844
8735,95,46,1.96875,0.947916666666667,1,27,27,0.967289043688624
8736,96,46,1.98958333333333,0.947916666666667,1,26,26,0.986234097185726
8737,97,46,2.01041666666667,0.947916666666667,1,17,17,1.00524711289175
8738,98,46,2.03125,0.947916666666667,1,13,13,1.02432464296473
8739,99,46,2.05208333333333,0.947916666666667,1,13,13,1.04346345833855
8740,100,46,2.07291666666667,0.947916666666667,1,22,22,1.06266053252396
8741,101,46,2.09375,0.947916666666667,1,18,18,1.08191302674003
8742,102,46,2.11458333333333,0.947916666666667,1,20,20,1.10121827626049
8743,103,46,2.13541666666667,0.947916666666667,1,15,15,1.12057377786934
8744,104,46,2.15625,0.947916666666667,1,16,16,1.13997717832941
8745,105,46,2.17708333333333,0.947916666666667,1,24,24,1.15942626377604
8746,106,46,2.19791666666667,0.947916666666667,1,13,13,1.17891894995561
8747,107,46,2.21875,0.947916666666667,1,16,16,1.19845327323619
8748,108,46,2.23958333333333,0.947916666666667,1,19,19,1.21802738232389
8749,109,46,2.26041666666667,0.947916666666667,1,22,22,1.23763953062433
8750,110,46,2.28125,0.947916666666667,1,25,25,1.25728806919452
8751,111,46,2.30208333333333,0.947916666666667,1,23,23,1.27697144023477
8752,112,46,2.32291666666667,0.947916666666667,1,25,25,1.2966881710755
8753,113,46,2.34375,0.947916666666667,1,15,15,1.31643686861709
8754,114,46,2.36458333333333,0.947916666666667,1,8,8,1.33621621418535
8755,115,46,2.38541666666667,0.947916666666667,1,23,23,1.35602495876807
8756,116,46,2.40625,0.947916666666667,1,23,23,1.37586191860139
8757,117,46,2.42708333333333,0.947916666666667,1,19,19,1.39572597107744
8758,118,46,2.44791666666667,0.947916666666667,1,18,18,1.41561605094723
8759,119,46,2.46875,0.947916666666667,1,25,25,1.43553114679507
8760,120,46,2.48958333333333,0.947916666666667,1,23,23,1.45547029776278
8761,121,46,2.51041666666667,0.947916666666667,1,21,21,1.47543259050402
8762,122,46,2.53125,0.947916666666667,1,10,10,1.49541715635058
8763,123,46,2.55208333333333,0.947916666666667,1,17,17,1.51542316867404
8764,124,46,2.57291666666667,0.947916666666667,1,12,12,1.53544984042787
8765,125,46,2.59375,0.947916666666667,1,22,22,1.55549642185593
8766,126,46,2.61458333333333,0.947916666666667,1,19,19,1.5755621983548
8767,127,46,2.63541666666667,0.947916666666667,1,22,22,1.59564648847833
8768,128,46,2.65625,0.947916666666667,1,18,18,1.61574864207371
8769,129,46,2.67708333333333,0.947916666666667,1,5,5,1.63586803853928
8770,130,46,2.69791666666667,0.947916666666667,1,9,9,1.6560040851952
8771,131,46,2.71875,0.947916666666667,1,22,22,1.67615621575856
8772,132,46,2.73958333333333,0.947916666666667,1,14,14,1.69632388891561
8773,133,46,2.76041666666667,0.947916666666667,1,20,20,1.71650658698381
8774,134,46,2.78125,0.947916666666667,1,22,22,1.7367038146576
8775,135,46,2.80208333333333,0.947916666666667,1,30,30,1.75691509783177
8776,136,46,2.82291666666667,0.947916666666667,1,32,32,1.77713998249701
8777,137,46,2.84375,0.947916666666667,1,24,24,1.79737803370277
8778,138,46,2.86458333333333,0.947916666666667,1,26,26,1.8176288345825
8779,139,46,2.88541666666667,0.947916666666667,1,22,22,1.83789198543733
8780,140,46,2.90625,0.947916666666667,1,20,20,1.85816710287395
8781,141,46,2.92708333333333,0.947916666666667,1,27,27,1.87845381899323
8782,142,46,2.94791666666667,0.947916666666667,1,16,16,1.89875178062599
8783,143,46,2.96875,0.947916666666667,1,19,19,1.91906064861306
8784,144,46,2.98958333333333,0.947916666666667,1,30,30,1.93938009712647
8785,145,46,3.01041666666667,0.947916666666667,1,22,22,1.95970981302923
8786,146,46,3.03125,0.947916666666667,1,24,24,1.98004949527115
8787,147,46,3.05208333333333,0.947916666666667,1,22,22,2.00039885431844
8788,148,46,3.07291666666667,0.947916666666667,1,17,17,2.02075761161483
8789,149,46,3.09375,0.947916666666667,1,30,30,2.04112549907234
8790,150,46,3.11458333333333,0.947916666666667,1,22,22,2.06150225858982
8791,151,46,3.13541666666667,0.947916666666667,1,21,21,2.08188764159742
8792,152,46,3.15625,0.947916666666667,1,15,15,2.10228140862556
8793,153,46,3.17708333333333,0.947916666666667,1,19,19,2.12268332889675
8794,154,46,3.19791666666667,0.947916666666667,1,24,24,2.14309317993901
8795,155,46,3.21875,0.947916666666667,1,27,27,2.16351074721941
8796,156,46,3.23958333333333,0.947916666666667,1,10,10,2.18393582379677
8797,157,46,3.26041666666667,0.947916666666667,1,17,17,2.20436820999211
8798,158,46,3.28125,0.947916666666667,1,24,24,2.22480771307603
8799,159,46,3.30208333333333,0.947916666666667,1,26,26,2.2452541469719
8800,160,46,3.32291666666667,0.947916666666667,1,17,17,2.265707331974
8801,161,46,3.34375,0.947916666666667,1,22,22,2.28616709447972
8802,162,46,3.36458333333333,0.947916666666667,1,20,20,2.306633266735
8803,163,46,3.38541666666667,0.947916666666667,1,14,14,2.32710568659234
8804,164,46,3.40625,0.947916666666667,1,26,26,2.34758419728061
8805,165,46,3.42708333333333,0.947916666666667,1,20,20,2.36806864718594
8806,166,46,3.44791666666667,0.947916666666667,1,16,16,2.38855888964321
8807,167,46,3.46875,0.947916666666667,1,23,23,2.40905478273747
8808,168,46,3.48958333333333,0.947916666666667,1,22,22,2.42955618911478
8809,169,46,3.51041666666667,0.947916666666667,1,21,21,2.45006297580188
8810,170,46,3.53125,0.947916666666667,1,31,31,2.47057501403437
8811,171,46,3.55208333333333,0.947916666666667,1,15,15,2.49109217909274
8812,172,46,3.57291666666667,0.947916666666667,1,23,23,2.51161435014607
8813,173,46,3.59375,0.947916666666667,1,12,12,2.53214141010277
8814,174,46,3.61458333333333,0.947916666666667,1,22,22,2.55267324546809
8815,175,46,3.63541666666667,0.947916666666667,1,28,28,2.57320974620815
8816,176,46,3.65625,0.947916666666667,1,16,16,2.59375080561988
8817,177,46,3.67708333333333,0.947916666666667,1,26,26,2.61429632020693
8818,178,46,3.69791666666667,0.947916666666667,1,24,24,2.63484618956086
8819,179,46,3.71875,0.947916666666667,1,6,6,2.65540031624767
8820,180,46,3.73958333333333,0.947916666666667,1,15,15,2.67595860569922
8821,181,46,3.76041666666667,0.947916666666667,1,22,22,2.6965209661093
8822,182,46,3.78125,0.947916666666667,1,18,18,2.71708730833423
8823,183,46,3.80208333333333,0.947916666666667,1,4,4,2.73765754579763
8824,184,46,3.82291666666667,0.947916666666667,1,12,12,2.75823159439928
8825,185,46,3.84375,0.947916666666667,1,33,33,2.77880937242774
8826,186,46,3.86458333333333,0.947916666666667,1,11,11,2.79939080047669
8827,187,46,3.88541666666667,0.947916666666667,1,11,11,2.81997580136472
8828,188,46,3.90625,0.947916666666667,1,18,18,2.84056430005837
8829,189,46,3.92708333333333,0.947916666666667,1,28,28,2.8611562235984
8830,190,46,3.94791666666667,0.947916666666667,1,24,24,2.88175150102903
8831,191,46,3.96875,0.947916666666667,1,20,20,2.90235006333002
8832,192,46,3.98958333333333,0.947916666666667,1,13,13,2.9229518433515
8833,1,47,0.0104166666666667,0.96875,1,24,24,0.994989377168158
8834,2,47,0.03125,0.96875,1,21,21,0.97619845985766
8835,3,47,0.0520833333333333,0.96875,1,17,17,0.95748407526754
8836,4,47,0.0729166666666667,0.96875,1,17,17,0.938850359505374
8837,5,47,0.09375,0.96875,1,9,9,0.920301732332157
8838,6,47,0.114583333333333,0.96875,1,24,24,0.901842919878716
8839,7,47,0.135416666666667,0.96875,1,28,28,0.883478979326848
8840,8,47,0.15625,0.96875,1,16,16,0.865215325717531
8841,9,47,0.177083333333333,0.96875,1,13,13,0.847057761056726
8842,10,47,0.197916666666667,0.96875,1,21,21,0.829012505895971
8843,11,47,0.21875,0.96875,1,24,24,0.811086233569578
8844,12,47,0.239583333333333,0.96875,1,9,9,0.793286107271598
8845,13,47,0.260416666666667,0.96875,1,25,25,0.775619820152813
8846,14,47,0.28125,0.96875,1,20,20,0.758095638609124
8847,15,47,0.302083333333333,0.96875,1,22,22,0.740722448915878
8848,16,47,0.322916666666667,0.96875,1,23,23,0.723509807335516
8849,17,47,0.34375,0.96875,1,22,22,0.706467993785246
8850,18,47,0.364583333333333,0.96875,1,15,15,0.689608069093635
8851,19,47,0.385416666666667,0.96875,1,16,16,0.672941935795381
8852,20,47,0.40625,0.96875,1,30,30,0.656482402306888
8853,21,47,0.427083333333333,0.96875,1,13,13,0.640243250184995
8854,22,47,0.447916666666667,0.96875,1,22,22,0.624239303990362
8855,23,47,0.46875,0.96875,1,25,25,0.608486503047165
8856,24,47,0.489583333333333,0.96875,1,23,23,0.593001974103329
8857,25,47,0.510416666666667,0.96875,1,19,19,0.57780410354156
8858,26,47,0.53125,0.96875,1,21,21,0.562912607362388
8859,27,47,0.552083333333333,0.96875,1,23,23,0.54834859664981
8860,28,47,0.572916666666667,0.96875,1,22,22,0.534134635634351
8861,29,47,0.59375,0.96875,1,17,17,0.520294788789975
8862,30,47,0.614583333333333,0.96875,1,14,14,0.50685465265123
8863,31,47,0.635416666666667,0.96875,1,21,21,0.493841367239134
8864,32,47,0.65625,0.96875,1,22,22,0.481283601179321
8865,33,47,0.677083333333333,0.96875,1,24,24,0.469211503846427
8866,34,47,0.697916666666667,0.96875,1,15,15,0.457656617263507
8867,35,47,0.71875,0.96875,1,16,16,0.446651740141747
8868,36,47,0.739583333333333,0.96875,1,22,22,0.43623073650974
8869,37,47,0.760416666666667,0.96875,1,15,15,0.426428282020553
8870,38,47,0.78125,0.96875,1,13,13,0.417279542413964
8871,39,47,0.802083333333333,0.96875,1,17,17,0.408819780909159
8872,40,47,0.822916666666667,0.96875,1,18,18,0.401083894616904
8873,41,47,0.84375,0.96875,1,16,16,0.394105884401309
8874,42,47,0.864583333333333,0.96875,1,19,19,0.387918267859599
8875,43,47,0.885416666666667,0.96875,1,18,18,0.38255145091252
8876,44,47,0.90625,0.96875,1,9,9,0.378033079399324
8877,45,47,0.927083333333333,0.96875,1,4,4,0.374387397363988
8878,46,47,0.947916666666667,0.96875,1,16,16,0.371634642611324
8879,47,47,0.96875,0.96875,1,20,20,0.369790511824153
8880,48,47,0.989583333333333,0.96875,1,19,19,0.368865726455287
8881,49,47,1.01041666666667,0.96875,1,24,24,0.368865726455287
8882,50,47,1.03125,0.96875,1,21,21,0.369790511824153
8883,51,47,1.05208333333333,0.96875,1,29,29,0.371634642611324
8884,52,47,1.07291666666667,0.96875,1,17,17,0.374387397363988
8885,53,47,1.09375,0.96875,1,18,18,0.378033079399324
8886,54,47,1.11458333333333,0.96875,1,17,17,0.38255145091252
8887,55,47,1.13541666666667,0.96875,1,25,25,0.387918267859599
8888,56,47,1.15625,0.96875,1,32,32,0.394105884401309
8889,57,47,1.17708333333333,0.96875,1,26,26,0.401083894616904
8890,58,47,1.19791666666667,0.96875,1,30,30,0.408819780909159
8891,59,47,1.21875,0.96875,1,7,7,0.417279542413964
8892,60,47,1.23958333333333,0.96875,1,25,25,0.426428282020553
8893,61,47,1.26041666666667,0.96875,1,27,27,0.43623073650974
8894,62,47,1.28125,0.96875,1,24,24,0.446651740141747
8895,63,47,1.30208333333333,0.96875,1,22,22,0.457656617263507
8896,64,47,1.32291666666667,0.96875,1,18,18,0.469211503846427
8897,65,47,1.34375,0.96875,1,11,11,0.481283601179321
8898,66,47,1.36458333333333,0.96875,1,8,8,0.493841367239134
8899,67,47,1.38541666666667,0.96875,1,10,10,0.506854652651229
8900,68,47,1.40625,0.96875,1,25,25,0.520294788789975
8901,69,47,1.42708333333333,0.96875,1,18,18,0.534134635634351
8902,70,47,1.44791666666667,0.96875,1,12,12,0.54834859664981
8903,71,47,1.46875,0.96875,1,18,18,0.562912607362388
8904,72,47,1.48958333333333,0.96875,1,34,34,0.57780410354156
8905,73,47,1.51041666666667,0.96875,1,26,26,0.593001974103329
8906,74,47,1.53125,0.96875,1,17,17,0.608486503047165
8907,75,47,1.55208333333333,0.96875,1,16,16,0.624239303990362
8908,76,47,1.57291666666667,0.96875,1,23,23,0.640243250184994
8909,77,47,1.59375,0.96875,1,14,14,0.656482402306888
8910,78,47,1.61458333333333,0.96875,1,31,31,0.672941935795381
8911,79,47,1.63541666666667,0.96875,1,21,21,0.689608069093634
8912,80,47,1.65625,0.96875,1,6,6,0.706467993785246
8913,81,47,1.67708333333333,0.96875,1,24,24,0.723509807335515
8914,82,47,1.69791666666667,0.96875,1,24,24,0.740722448915878
8915,83,47,1.71875,0.96875,1,16,16,0.758095638609124
8916,84,47,1.73958333333333,0.96875,1,19,19,0.775619820152813
8917,85,47,1.76041666666667,0.96875,1,22,22,0.793286107271598
8918,86,47,1.78125,0.96875,1,24,24,0.811086233569578
8919,87,47,1.80208333333333,0.96875,1,19,19,0.829012505895971
8920,88,47,1.82291666666667,0.96875,1,23,23,0.847057761056725
8921,89,47,1.84375,0.96875,1,26,26,0.865215325717531
8922,90,47,1.86458333333333,0.96875,1,17,17,0.883478979326847
8923,91,47,1.88541666666667,0.96875,1,8,8,0.901842919878716
8924,92,47,1.90625,0.96875,1,15,15,0.920301732332157
8925,93,47,1.92708333333333,0.96875,1,21,21,0.938850359505374
8926,94,47,1.94791666666667,0.96875,1,24,24,0.95748407526754
8927,95,47,1.96875,0.96875,1,16,16,0.97619845985766
8928,96,47,1.98958333333333,0.96875,1,8,8,0.994989377168158
8929,97,47,2.01041666666667,0.96875,1,9,9,1.01385295383986
8930,98,47,2.03125,0.96875,1,25,25,1.03278556002449
8931,99,47,2.05208333333333,0.96875,1,14,14,1.05178379168044
8932,100,47,2.07291666666667,0.96875,1,16,16,1.07084445427696
8933,101,47,2.09375,0.96875,1,27,27,1.08996454779124
8934,102,47,2.11458333333333,0.96875,1,22,22,1.10914125289167
8935,103,47,2.13541666666667,0.96875,1,25,25,1.12837191820899
8936,104,47,2.15625,0.96875,1,11,11,1.14765404860482
8937,105,47,2.17708333333333,0.96875,1,26,26,1.16698529435472
8938,106,47,2.19791666666667,0.96875,1,26,26,1.18636344116963
8939,107,47,2.21875,0.96875,1,25,25,1.20578640098601
8940,108,47,2.23958333333333,0.96875,1,30,30,1.22525220346083
8941,109,47,2.26041666666667,0.96875,1,17,17,1.24475898811315
8942,110,47,2.28125,0.96875,1,18,18,1.26430499705894
8943,111,47,2.30208333333333,0.96875,1,21,21,1.28388856829025
8944,112,47,2.32291666666667,0.96875,1,24,24,1.30350812945435
8945,113,47,2.34375,0.96875,1,22,22,1.32316219209196
8946,114,47,2.36458333333333,0.96875,1,27,27,1.3428493462975
8947,115,47,2.38541666666667,0.96875,1,25,25,1.36256825576715
8948,116,47,2.40625,0.96875,1,30,30,1.38231765320393
8949,117,47,2.42708333333333,0.96875,1,15,15,1.40209633605098
8950,118,47,2.44791666666667,0.96875,1,11,11,1.42190316252747
8951,119,47,2.46875,0.96875,1,9,9,1.441737047943
8952,120,47,2.48958333333333,0.96875,1,24,24,1.46159696126896
8953,121,47,2.51041666666667,0.96875,1,29,29,1.48148192194677
8954,122,47,2.53125,0.96875,1,13,13,1.50139099691487
8955,123,47,2.55208333333333,0.96875,1,27,27,1.52132329783764
8956,124,47,2.57291666666667,0.96875,1,22,22,1.54127797852094
8957,125,47,2.59375,0.96875,1,11,11,1.56125423250025
8958,126,47,2.61458333333333,0.96875,1,16,16,1.58125129078843
8959,127,47,2.63541666666667,0.96875,1,19,19,1.60126841977129
8960,128,47,2.65625,0.96875,1,18,18,1.62130491924005
8961,129,47,2.67708333333333,0.96875,1,30,30,1.64136012055073
8962,130,47,2.69791666666667,0.96875,1,13,13,1.66143338490118
8963,131,47,2.71875,0.96875,1,31,31,1.6815241017174
8964,132,47,2.73958333333333,0.96875,1,21,21,1.70163168714116
8965,133,47,2.76041666666667,0.96875,1,17,17,1.72175558261194
8966,134,47,2.78125,0.96875,1,16,16,1.74189525353642
8967,135,47,2.80208333333333,0.96875,1,24,24,1.76205018803946
8968,136,47,2.82291666666667,0.96875,1,24,24,1.7822198957909
8969,137,47,2.84375,0.96875,1,25,25,1.80240390690305
8970,138,47,2.86458333333333,0.96875,1,36,36,1.82260177089392
8971,139,47,2.88541666666667,0.96875,1,24,24,1.84281305571186
8972,140,47,2.90625,0.96875,1,19,19,1.86303734681743
8973,141,47,2.92708333333333,0.96875,1,15,15,1.88327424631873
8974,142,47,2.94791666666667,0.96875,1,19,19,1.90352337215661
8975,143,47,2.96875,0.96875,1,17,17,1.92378435733652
8976,144,47,2.98958333333333,0.96875,1,16,16,1.944056849204
8977,145,47,3.01041666666667,0.96875,1,15,15,1.96434050876088
8978,146,47,3.03125,0.96875,1,17,17,1.98463501001974
8979,147,47,3.05208333333333,0.96875,1,18,18,2.0049400393941
8980,148,47,3.07291666666667,0.96875,1,19,19,2.02525529512208
8981,149,47,3.09375,0.96875,1,25,25,2.04558048672148
8982,150,47,3.11458333333333,0.96875,1,15,15,2.06591533447434
8983,151,47,3.13541666666667,0.96875,1,25,25,2.0862595689391
8984,152,47,3.15625,0.96875,1,18,18,2.10661293048872
8985,153,47,3.17708333333333,0.96875,1,14,14,2.12697516887319
8986,154,47,3.19791666666667,0.96875,1,18,18,2.14734604280496
8987,155,47,3.21875,0.96875,1,19,19,2.16772531956584
8988,156,47,3.23958333333333,0.96875,1,27,27,2.18811277463425
8989,157,47,3.26041666666667,0.96875,1,32,32,2.20850819133146
8990,158,47,3.28125,0.96875,1,21,21,2.22891136048584
8991,159,47,3.30208333333333,0.96875,1,27,27,2.24932208011399
8992,160,47,3.32291666666667,0.96875,1,26,26,2.26974015511781
8993,161,47,3.34375,0.96875,1,21,21,2.29016539699662
8994,162,47,3.36458333333333,0.96875,1,28,28,2.31059762357341
8995,163,47,3.38541666666667,0.96875,1,20,20,2.33103665873452
8996,164,47,3.40625,0.96875,1,21,21,2.3514823321819
8997,165,47,3.42708333333333,0.96875,1,21,21,2.3719344791973
8998,166,47,3.44791666666667,0.96875,1,17,17,2.39239294041779
8999,167,47,3.46875,0.96875,1,14,14,2.41285756162183
9000,168,47,3.48958333333333,0.96875,1,10,10,2.43332819352549
9001,169,47,3.51041666666667,0.96875,1,23,23,2.45380469158818
9002,170,47,3.53125,0.96875,1,34,34,2.47428691582737
9003,171,47,3.55208333333333,0.96875,1,19,19,2.49477473064191
9004,172,47,3.57291666666667,0.96875,1,21,21,2.51526800464333
9005,173,47,3.59375,0.96875,1,24,24,2.53576661049494
9006,174,47,3.61458333333333,0.96875,1,10,10,2.55627042475807
9007,175,47,3.63541666666667,0.96875,1,18,18,2.57677932774527
9008,176,47,3.65625,0.96875,1,18,18,2.59729320338001
9009,177,47,3.67708333333333,0.96875,1,23,23,2.61781193906258
9010,178,47,3.69791666666667,0.96875,1,15,15,2.63833542554191
9011,179,47,3.71875,0.96875,1,22,22,2.65886355679291
9012,180,47,3.73958333333333,0.96875,1,26,26,2.67939622989918
9013,181,47,3.76041666666667,0.96875,1,11,11,2.69993334494075
9014,182,47,3.78125,0.96875,1,26,26,2.72047480488658
9015,183,47,3.80208333333333,0.96875,1,26,26,2.74102051549165
9016,184,47,3.82291666666667,0.96875,1,9,9,2.76157038519839
9017,185,47,3.84375,0.96875,1,32,32,2.78212432504221
9018,186,47,3.86458333333333,0.96875,1,12,12,2.80268224856099
9019,187,47,3.88541666666667,0.96875,1,17,17,2.82324407170831
9020,188,47,3.90625,0.96875,1,16,16,2.84380971277017
9021,189,47,3.92708333333333,0.96875,1,11,11,2.86437909228523
9022,190,47,3.94791666666667,0.96875,1,23,23,2.88495213296815
9023,191,47,3.96875,0.96875,1,12,12,2.90552875963615
9024,192,47,3.98958333333333,0.96875,1,36,36,2.92610889913837
9025,1,48,0.0104166666666667,0.989583333333333,1,25,25,1.00406839185301
9026,2,48,0.03125,0.989583333333333,1,15,15,0.985434660759356
9027,3,48,0.0520833333333333,0.989583333333333,1,13,13,0.966882302422447
9028,4,48,0.0729166666666667,0.989583333333333,1,11,11,0.948415636673844
9029,5,48,0.09375,0.989583333333333,1,15,15,0.930039272444395
9030,6,48,0.114583333333333,0.989583333333333,1,25,25,0.91175813013234
9031,7,48,0.135416666666667,0.989583333333333,1,20,20,0.893577465805035
9032,8,48,0.15625,0.989583333333333,1,18,18,0.875502897370263
9033,9,48,0.177083333333333,0.989583333333333,1,34,34,0.857540432856783
9034,10,48,0.197916666666667,0.989583333333333,1,16,16,0.839696500945326
9035,11,48,0.21875,0.989583333333333,1,27,27,0.82197798388995
9036,12,48,0.239583333333333,0.989583333333333,1,14,14,0.80439225296451
9037,13,48,0.260416666666667,0.989583333333333,1,19,19,0.786947206558667
9038,14,48,0.28125,0.989583333333333,1,25,25,0.769651311030908
9039,15,48,0.302083333333333,0.989583333333333,1,8,8,0.752513644400422
9040,16,48,0.322916666666667,0.989583333333333,1,27,27,0.735543942923145
9041,17,48,0.34375,0.989583333333333,1,14,14,0.718752650547024
9042,18,48,0.364583333333333,0.989583333333333,1,20,20,0.702150971174102
9043,19,48,0.385416666666667,0.989583333333333,1,10,10,0.685750923568588
9044,20,48,0.40625,0.989583333333333,1,21,21,0.669565398635995
9045,21,48,0.427083333333333,0.989583333333333,1,15,15,0.65360821865358
9046,22,48,0.447916666666667,0.989583333333333,1,26,26,0.637894197851035
9047,23,48,0.46875,0.989583333333333,1,27,27,0.622439203516654
9048,24,48,0.489583333333333,0.989583333333333,1,20,20,0.607260216531998
9049,25,48,0.510416666666667,0.989583333333333,1,22,22,0.592375389911828
9050,26,48,0.53125,0.989583333333333,1,24,24,0.57780410354156
9051,27,48,0.552083333333333,0.989583333333333,1,16,16,0.563567012859708
9052,28,48,0.572916666666667,0.989583333333333,1,22,22,0.549686088729695
9053,29,48,0.59375,0.989583333333333,1,19,19,0.53618464519177
9054,30,48,0.614583333333333,0.989583333333333,1,12,12,0.523087351197424
9055,31,48,0.635416666666667,0.989583333333333,1,14,14,0.51042022183265
9056,32,48,0.65625,0.989583333333333,1,23,23,0.498210583973384
9057,33,48,0.677083333333333,0.989583333333333,1,16,16,0.486487010844135
9058,34,48,0.697916666666667,0.989583333333333,1,21,21,0.47527921964517
9059,35,48,0.71875,0.989583333333333,1,23,23,0.464617926369486
9060,36,48,0.739583333333333,0.989583333333333,1,23,23,0.45453465225859
9061,37,48,0.760416666666667,0.989583333333333,1,20,20,0.44506147716463
9062,38,48,0.78125,0.989583333333333,1,24,24,0.43623073650974
9063,39,48,0.802083333333333,0.989583333333333,1,20,20,0.428074660651524
9064,40,48,0.822916666666667,0.989583333333333,1,25,25,0.420624958316658
9065,41,48,0.84375,0.989583333333333,1,25,25,0.413912349314334
9066,42,48,0.864583333333333,0.989583333333333,1,10,10,0.407966055843192
9067,43,48,0.885416666666667,0.989583333333333,1,31,31,0.402813266089465
9068,44,48,0.90625,0.989583333333333,1,16,16,0.398478588083558
9069,45,48,0.927083333333333,0.989583333333333,1,9,9,0.394983515438197
9070,46,48,0.947916666666667,0.989583333333333,1,19,19,0.392345929087353
9071,47,48,0.96875,0.989583333333333,1,30,30,0.390579659971526
9072,48,48,0.989583333333333,0.989583333333333,1,23,23,0.389694136397632
9073,49,48,1.01041666666667,0.989583333333333,1,19,19,0.389694136397632
9074,50,48,1.03125,0.989583333333333,1,26,26,0.390579659971526
9075,51,48,1.05208333333333,0.989583333333333,1,31,31,0.392345929087353
9076,52,48,1.07291666666667,0.989583333333333,1,28,28,0.394983515438197
9077,53,48,1.09375,0.989583333333333,1,24,24,0.398478588083558
9078,54,48,1.11458333333333,0.989583333333333,1,21,21,0.402813266089465
9079,55,48,1.13541666666667,0.989583333333333,1,20,20,0.407966055843192
9080,56,48,1.15625,0.989583333333333,1,27,27,0.413912349314334
9081,57,48,1.17708333333333,0.989583333333333,1,17,17,0.420624958316658
9082,58,48,1.19791666666667,0.989583333333333,1,20,20,0.428074660651524
9083,59,48,1.21875,0.989583333333333,1,17,17,0.43623073650974
9084,60,48,1.23958333333333,0.989583333333333,1,11,11,0.44506147716463
9085,61,48,1.26041666666667,0.989583333333333,1,10,10,0.45453465225859
9086,62,48,1.28125,0.989583333333333,1,25,25,0.464617926369486
9087,63,48,1.30208333333333,0.989583333333333,1,11,11,0.47527921964517
9088,64,48,1.32291666666667,0.989583333333333,1,23,23,0.486487010844135
9089,65,48,1.34375,0.989583333333333,1,25,25,0.498210583973384
9090,66,48,1.36458333333333,0.989583333333333,1,15,15,0.51042022183265
9091,67,48,1.38541666666667,0.989583333333333,1,16,16,0.523087351197424
9092,68,48,1.40625,0.989583333333333,1,19,19,0.53618464519177
9093,69,48,1.42708333333333,0.989583333333333,1,9,9,0.549686088729695
9094,70,48,1.44791666666667,0.989583333333333,1,4,4,0.563567012859708
9095,71,48,1.46875,0.989583333333333,1,14,14,0.57780410354156
9096,72,48,1.48958333333333,0.989583333333333,1,19,19,0.592375389911828
9097,73,48,1.51041666666667,0.989583333333333,1,26,26,0.607260216531998
9098,74,48,1.53125,0.989583333333333,1,26,26,0.622439203516654
9099,75,48,1.55208333333333,0.989583333333333,1,18,18,0.637894197851035
9100,76,48,1.57291666666667,0.989583333333333,1,25,25,0.65360821865358
9101,77,48,1.59375,0.989583333333333,1,29,29,0.669565398635995
9102,78,48,1.61458333333333,0.989583333333333,1,18,18,0.685750923568588
9103,79,48,1.63541666666667,0.989583333333333,1,11,11,0.702150971174102
9104,80,48,1.65625,0.989583333333333,1,23,23,0.718752650547024
9105,81,48,1.67708333333333,0.989583333333333,1,23,23,0.735543942923145
9106,82,48,1.69791666666667,0.989583333333333,1,28,28,0.752513644400422
9107,83,48,1.71875,0.989583333333333,1,15,15,0.769651311030908
9108,84,48,1.73958333333333,0.989583333333333,1,18,18,0.786947206558667
9109,85,48,1.76041666666667,0.989583333333333,1,27,27,0.80439225296451
9110,86,48,1.78125,0.989583333333333,1,21,21,0.82197798388995
9111,87,48,1.80208333333333,0.989583333333333,1,16,16,0.839696500945326
9112,88,48,1.82291666666667,0.989583333333333,1,28,28,0.857540432856783
9113,89,48,1.84375,0.989583333333333,1,12,12,0.875502897370263
9114,90,48,1.86458333333333,0.989583333333333,1,23,23,0.893577465805035
9115,91,48,1.88541666666667,0.989583333333333,1,15,15,0.91175813013234
9116,92,48,1.90625,0.989583333333333,1,17,17,0.930039272444395
9117,93,48,1.92708333333333,0.989583333333333,1,21,21,0.948415636673844
9118,94,48,1.94791666666667,0.989583333333333,1,26,26,0.966882302422447
9119,95,48,1.96875,0.989583333333333,1,23,23,0.985434660759356
9120,96,48,1.98958333333333,0.989583333333333,1,15,15,1.00406839185301
9121,97,48,2.01041666666667,0.989583333333333,1,18,18,1.02277944430576
9122,98,48,2.03125,0.989583333333333,1,18,18,1.04156401606646
9123,99,48,2.05208333333333,0.989583333333333,1,17,17,1.0604185368028
9124,100,48,2.07291666666667,0.989583333333333,1,20,20,1.07933965162242
9125,101,48,2.09375,0.989583333333333,1,23,23,1.09832420603849
9126,102,48,2.11458333333333,0.989583333333333,1,22,22,1.11736923208295
9127,103,48,2.13541666666667,0.989583333333333,1,22,22,1.13647193547699
9128,104,48,2.15625,0.989583333333333,1,28,28,1.15562968377535
9129,105,48,2.17708333333333,0.989583333333333,1,11,11,1.17483999540683
9130,106,48,2.19791666666667,0.989583333333333,1,30,30,1.19410052953994
9131,107,48,2.21875,0.989583333333333,1,21,21,1.21340907670755
9132,108,48,2.23958333333333,0.989583333333333,1,18,18,1.23276355013016
9133,109,48,2.26041666666667,0.989583333333333,1,17,17,1.252161977682
9134,110,48,2.28125,0.989583333333333,1,27,27,1.27160249444866
9135,111,48,2.30208333333333,0.989583333333333,1,4,4,1.29108333582939
9136,112,48,2.32291666666667,0.989583333333333,1,28,28,1.31060283114072
9137,113,48,2.34375,0.989583333333333,1,20,20,1.33015939768187
9138,114,48,2.36458333333333,0.989583333333333,1,18,18,1.34975153522557
9139,115,48,2.38541666666667,0.989583333333333,1,28,28,1.36937782090093
9140,116,48,2.40625,0.989583333333333,1,23,23,1.38903690443782
9141,117,48,2.42708333333333,0.989583333333333,1,22,22,1.40872750374465
9142,118,48,2.44791666666667,0.989583333333333,1,25,25,1.42844840079372
9143,119,48,2.46875,0.989583333333333,1,14,14,1.44819843779077
9144,120,48,2.48958333333333,0.989583333333333,1,14,14,1.4679765136067
9145,121,48,2.51041666666667,0.989583333333333,1,24,24,1.48778158045186
9146,122,48,2.53125,0.989583333333333,1,21,21,1.50761264077444
9147,123,48,2.55208333333333,0.989583333333333,1,23,23,1.5274687443662
9148,124,48,2.57291666666667,0.989583333333333,1,25,25,1.54734898566016
9149,125,48,2.59375,0.989583333333333,1,28,28,1.56725250120603
9150,126,48,2.61458333333333,0.989583333333333,1,26,26,1.58717846731031
9151,127,48,2.63541666666667,0.989583333333333,1,21,21,1.60712609782901
9152,128,48,2.65625,0.989583333333333,1,31,31,1.6270946421021
9153,129,48,2.67708333333333,0.989583333333333,1,23,23,1.64708338301932
9154,130,48,2.69791666666667,0.989583333333333,1,22,22,1.66709163520804
9155,131,48,2.71875,0.989583333333333,1,17,17,1.68711874333458
9156,132,48,2.73958333333333,0.989583333333333,1,27,27,1.70716408051092
9157,133,48,2.76041666666667,0.989583333333333,1,19,19,1.72722704679948
9158,134,48,2.78125,0.989583333333333,1,23,23,1.74730706780919
9159,135,48,2.80208333333333,0.989583333333333,1,23,23,1.76740359337652
9160,136,48,2.82291666666667,0.989583333333333,1,13,13,1.78751609632577
9161,137,48,2.84375,0.989583333333333,1,14,14,1.80764407130308
9162,138,48,2.86458333333333,0.989583333333333,1,27,27,1.82778703367935
9163,139,48,2.88541666666667,0.989583333333333,1,17,17,1.84794451851746
9164,140,48,2.90625,0.989583333333333,1,16,16,1.86811607959942
9165,141,48,2.92708333333333,0.989583333333333,1,29,29,1.88830128850959
9166,142,48,2.94791666666667,0.989583333333333,1,20,20,1.90849973377035
9167,143,48,2.96875,0.989583333333333,1,20,20,1.9287110200267
9168,144,48,2.98958333333333,0.989583333333333,1,34,34,1.94893476727678
9169,145,48,3.01041666666667,0.989583333333333,1,13,13,1.96917061014526
9170,146,48,3.03125,0.989583333333333,1,16,16,1.98941819719696
9171,147,48,3.05208333333333,0.989583333333333,1,20,20,2.00967719028818
9172,148,48,3.07291666666667,0.989583333333333,1,23,23,2.02994726395332
9173,149,48,3.09375,0.989583333333333,1,19,19,2.05022810482464
9174,150,48,3.11458333333333,0.989583333333333,1,31,31,2.07051941108318
9175,151,48,3.13541666666667,0.989583333333333,1,20,20,2.09082089193881
9176,152,48,3.15625,0.989583333333333,1,10,10,2.11113226713776
9177,153,48,3.17708333333333,0.989583333333333,1,21,21,2.13145326649597
9178,154,48,3.19791666666667,0.989583333333333,1,8,8,2.15178362945663
9179,155,48,3.21875,0.989583333333333,1,20,20,2.17212310467056
9180,156,48,3.23958333333333,0.989583333333333,1,28,28,2.19247144959806
9181,157,48,3.26041666666667,0.989583333333333,1,21,21,2.212828430131
9182,158,48,3.28125,0.989583333333333,1,23,23,2.23319382023393
9183,159,48,3.30208333333333,0.989583333333333,1,22,22,2.25356740160313
9184,160,48,3.32291666666667,0.989583333333333,1,12,12,2.27394896334263
9185,161,48,3.34375,0.989583333333333,1,26,26,2.29433830165618
9186,162,48,3.36458333333333,0.989583333333333,1,21,21,2.31473521955422
9187,163,48,3.38541666666667,0.989583333333333,1,13,13,2.3351395265752
9188,164,48,3.40625,0.989583333333333,1,17,17,2.35555103852023
9189,165,48,3.42708333333333,0.989583333333333,1,12,12,2.37596957720046
9190,166,48,3.44791666666667,0.989583333333333,1,13,13,2.39639497019647
9191,167,48,3.46875,0.989583333333333,1,17,17,2.41682705062898
9192,168,48,3.48958333333333,0.989583333333333,1,23,23,2.43726565694034
9193,169,48,3.51041666666667,0.989583333333333,1,24,24,2.4577106326861
9194,170,48,3.53125,0.989583333333333,1,24,24,2.47816182633631
9195,171,48,3.55208333333333,0.989583333333333,1,29,29,2.49861909108579
9196,172,48,3.57291666666667,0.989583333333333,1,31,31,2.51908228467318
9197,173,48,3.59375,0.989583333333333,1,11,11,2.53955126920804
9198,174,48,3.61458333333333,0.989583333333333,1,16,16,2.5600259110058
9199,175,48,3.63541666666667,0.989583333333333,1,25,25,2.58050608043
9200,176,48,3.65625,0.989583333333333,1,11,11,2.60099165174159
9201,177,48,3.67708333333333,0.989583333333333,1,30,30,2.62148250295476
9202,178,48,3.69791666666667,0.989583333333333,1,14,14,2.64197851569912
9203,179,48,3.71875,0.989583333333333,1,18,18,2.66247957508789
9204,180,48,3.73958333333333,0.989583333333333,1,29,29,2.68298556959168
9205,181,48,3.76041666666667,0.989583333333333,1,14,14,2.70349639091776
9206,182,48,3.78125,0.989583333333333,1,10,10,2.72401193389436
9207,183,48,3.80208333333333,0.989583333333333,1,14,14,2.74453209636
9208,184,48,3.82291666666667,0.989583333333333,1,18,18,2.76505677905731
9209,185,48,3.84375,0.989583333333333,1,24,24,2.78558588553136
9210,186,48,3.86458333333333,0.989583333333333,1,25,25,2.8061193220322
9211,187,48,3.88541666666667,0.989583333333333,1,15,15,2.82665699742138
9212,188,48,3.90625,0.989583333333333,1,24,24,2.84719882308231
9213,189,48,3.92708333333333,0.989583333333333,1,20,20,2.86774471283423
9214,190,48,3.94791666666667,0.989583333333333,1,19,19,2.8882945828497
9215,191,48,3.96875,0.989583333333333,1,28,28,2.90884835157536
9216,192,48,3.98958333333333,0.989583333333333,1,12,12,2.92940593965586
