path,basename,kind,language,status,milestone_hint,milestones,description
matlab/analyze_0493x14at_sato_stageA_campaign.m,analyze_0493x14at_sato_stageA_campaign.m,ANALYZER,matlab,present,x14at,,
matlab/analyze_0493x14au_sato_viscosity_qualification.m,analyze_0493x14au_sato_viscosity_qualification.m,ANALYZER,matlab,present,x14au,,
matlab/analyze_0493x7i_q6_g_f_qualification.m,analyze_0493x7i_q6_g_f_qualification.m,ANALYZER,matlab,present,x7i,x7i,
matlab/analyze_0493x8d_q6gf_poiseuille_qualification.m,analyze_0493x8d_q6gf_poiseuille_qualification.m,ANALYZER,matlab,present,x8d,,
matlab/analyze_0493x8e_q6gf_darcy_alpha_sweep.m,analyze_0493x8e_q6gf_darcy_alpha_sweep.m,ANALYZER,matlab,present,x8e,,
matlab/analyze_backward_step_hard_inlet_budget_0072.m,analyze_backward_step_hard_inlet_budget_0072.m,ANALYZER,matlab,present,0072,,
matlab/analyze_backward_step_hard_inlet_validation_0067.m,analyze_backward_step_hard_inlet_validation_0067.m,ANALYZER,matlab,present,0067,,
matlab/analyze_backward_step_mass_budget_0069.m,analyze_backward_step_mass_budget_0069.m,ANALYZER,matlab,present,0069,,
matlab/analyze_backward_step_open_channel_validation_0066.m,analyze_backward_step_open_channel_validation_0066.m,ANALYZER,matlab,present,0066,,
matlab/analyze_backward_step_q9_safety_smoke_0066.m,analyze_backward_step_q9_safety_smoke_0066.m,ANALYZER,matlab,present,0066,,
matlab/analyze_backward_step_resampling_0136.m,analyze_backward_step_resampling_0136.m,ANALYZER,matlab,present,0136,,
matlab/analyze_channel_cylinder_resampling_0135.m,analyze_channel_cylinder_resampling_0135.m,ANALYZER,matlab,present,0135,,
matlab/analyze_immersed_circle_face_cell_smoke_0100.m,analyze_immersed_circle_face_cell_smoke_0100.m,ANALYZER,matlab,present,0100,,
matlab/analyze_immersed_circle_time_average.m,analyze_immersed_circle_time_average.m,ANALYZER,matlab,present,,,
matlab/analyze_injection_fill_resampling_0139.m,analyze_injection_fill_resampling_0139.m,ANALYZER,matlab,present,0139,,
matlab/analyze_open_channel_cylinder_resampling_0138.m,analyze_open_channel_cylinder_resampling_0138.m,ANALYZER,matlab,present,0138,,
matlab/analyze_open_channel_full_io_exclusion_sweep_0085.m,analyze_open_channel_full_io_exclusion_sweep_0085.m,ANALYZER,matlab,present,0085,,
matlab/analyze_open_channel_full_io_q9_boundary_modes_0086.m,analyze_open_channel_full_io_q9_boundary_modes_0086.m,ANALYZER,matlab,present,0086,,
matlab/analyze_open_channel_hard_inlet_budget_0071.m,analyze_open_channel_hard_inlet_budget_0071.m,ANALYZER,matlab,present,0071,,
matlab/analyze_open_channel_poiseuille_validation_0065.m,analyze_open_channel_poiseuille_validation_0065.m,ANALYZER,matlab,present,0065,,
matlab/analyze_open_channel_q9_inlet_outlet_fast_sweep.m,analyze_open_channel_q9_inlet_outlet_fast_sweep.m,ANALYZER,matlab,present,,,
matlab/analyze_open_channel_q9_virial_inlet_outlet_fast_sweep.m,analyze_open_channel_q9_virial_inlet_outlet_fast_sweep.m,ANALYZER,matlab,present,,,
matlab/analyze_open_channel_q9_virial_inlet_outlet_smoke.m,analyze_open_channel_q9_virial_inlet_outlet_smoke.m,ANALYZER,matlab,present,,,
matlab/analyze_open_channel_rect_obstacle_resampling_0138b.m,analyze_open_channel_rect_obstacle_resampling_0138b.m,ANALYZER,matlab,present,0138b,,
matlab/analyze_open_channel_wall_bands_0089.m,analyze_open_channel_wall_bands_0089.m,ANALYZER,matlab,present,0089,,
matlab/analyze_periodic_cylinder_resampling_0134.m,analyze_periodic_cylinder_resampling_0134.m,ANALYZER,matlab,present,0134,,
matlab/analyze_periodic_darcy_step_0493x7w.m,analyze_periodic_darcy_step_0493x7w.m,ANALYZER,matlab,present,x7w,,
matlab/analyze_poiseuille_hard_inlet_free_outlet_0077.m,analyze_poiseuille_hard_inlet_free_outlet_0077.m,ANALYZER,matlab,present,0077,,
matlab/analyze_poiseuille_outlet_corner_bands_0082.m,analyze_poiseuille_outlet_corner_bands_0082.m,ANALYZER,matlab,present,0082,,
matlab/analyze_poiseuille_profile.m,analyze_poiseuille_profile.m,ANALYZER,matlab,present,,,
matlab/analyze_poiseuille_wallvp_resampling_0131.m,analyze_poiseuille_wallvp_resampling_0131.m,ANALYZER,matlab,present,0131,,
matlab/analyze_taylor_green_random_population_resampling_0128.m,analyze_taylor_green_random_population_resampling_0128.m,ANALYZER,matlab,present,0128,,
matlab/analyze_taylor_green_resampling_0126.m,analyze_taylor_green_resampling_0126.m,ANALYZER,matlab,present,0126,,
matlab/analyze_taylor_green_void_rich_resampling_0127.m,analyze_taylor_green_void_rich_resampling_0127.m,ANALYZER,matlab,present,0127,,
matlab/analyze_topo_wake_density_0358.m,analyze_topo_wake_density_0358.m,ANALYZER,matlab,present,0358,,
matlab/analyze_vk_established_0493x8i.m,analyze_vk_established_0493x8i.m,ANALYZER,matlab,present,x8i,,
matlab/analyze_vk_flux_rho_0493x8n.m,analyze_vk_flux_rho_0493x8n.m,ANALYZER,matlab,present,x8n,,
matlab/analyze_vk_flux_rho_0493x8n_fix1.m,analyze_vk_flux_rho_0493x8n_fix1.m,ANALYZER,matlab,present,x8n,,
matlab/analyze_vk_momentum_budget_0493x7z.m,analyze_vk_momentum_budget_0493x7z.m,ANALYZER,matlab,present,x7z,,
matlab/analyze_vk_nondim_0493x8j.m,analyze_vk_nondim_0493x8j.m,ANALYZER,matlab,present,x8j,x8j,
matlab/analyze_vk_symmetry_breaking_0493x7v.m,analyze_vk_symmetry_breaking_0493x7v.m,ANALYZER,matlab,present,x7v,,
matlab/analyze_vk_vorticity_transport_0493x7u.m,analyze_vk_vorticity_transport_0493x7u.m,ANALYZER,matlab,present,x7u,,
scripts/__pycache__/analyze_0493w1_src_fluid_calibrator.cpython-312.pyc,analyze_0493w1_src_fluid_calibrator.cpython-312.pyc,ANALYZER,,present,0493w1,,
scripts/__pycache__/analyze_0493x13b_constitutive_transport.cpython-312.pyc,analyze_0493x13b_constitutive_transport.cpython-312.pyc,ANALYZER,,present,x13b,x13b,
scripts/__pycache__/analyze_0493x13h_A_Cdamp_L072.cpython-312.pyc,analyze_0493x13h_A_Cdamp_L072.cpython-312.pyc,ANALYZER,,present,x13h,x13h,
scripts/__pycache__/analyze_0493x13h_B_density_transport_L072.cpython-312.pyc,analyze_0493x13h_B_density_transport_L072.cpython-312.pyc,ANALYZER,,present,x13h,x13h,
scripts/__pycache__/analyze_0493x13i_kbt_scaling.cpython-312.pyc,analyze_0493x13i_kbt_scaling.cpython-312.pyc,ANALYZER,,present,x13i,,
scripts/__pycache__/analyze_0493x13k_oscillating_drop_2d.cpython-312.pyc,analyze_0493x13k_oscillating_drop_2d.cpython-312.pyc,ANALYZER,,present,x13k,x13k,
scripts/__pycache__/analyze_0493x13l_oscillating_drop_n3_state.cpython-312.pyc,analyze_0493x13l_oscillating_drop_n3_state.cpython-312.pyc,ANALYZER,,present,x13l,x13l,
scripts/__pycache__/analyze_0493x13l_oscillating_drop_n3_state.cpython-313.pyc,analyze_0493x13l_oscillating_drop_n3_state.cpython-313.pyc,ANALYZER,,present,x13l,x13l,
scripts/__pycache__/analyze_0493x13m_oscillating_drop_n4_state.cpython-312.pyc,analyze_0493x13m_oscillating_drop_n4_state.cpython-312.pyc,ANALYZER,,present,x13m,x13m,
scripts/__pycache__/analyze_0493x13m_oscillating_drop_n4_state.cpython-313.pyc,analyze_0493x13m_oscillating_drop_n4_state.cpython-313.pyc,ANALYZER,,present,x13m,x13m,
scripts/__pycache__/analyze_0493x13n_rim_momentum.cpython-312.pyc,analyze_0493x13n_rim_momentum.cpython-312.pyc,ANALYZER,,present,x13n,x13n,
scripts/__pycache__/analyze_0493x13n_rim_traction.cpython-312.pyc,analyze_0493x13n_rim_traction.cpython-312.pyc,ANALYZER,,present,x13n,x13n,
scripts/__pycache__/analyze_0493x13n_rim_traction_v2.cpython-312.pyc,analyze_0493x13n_rim_traction_v2.cpython-312.pyc,ANALYZER,,present,x13n,x13n,
scripts/__pycache__/analyze_0493x13n_taylor_culick_sheet_2d.cpython-312.pyc,analyze_0493x13n_taylor_culick_sheet_2d.cpython-312.pyc,ANALYZER,,present,x13n,x13n,
scripts/__pycache__/analyze_0493x14ah_drop_gas_transient_poiseuille.cpython-312.pyc,analyze_0493x14ah_drop_gas_transient_poiseuille.cpython-312.pyc,ANALYZER,,present,x14ah,x14ah,
scripts/__pycache__/analyze_0493x14ah_drop_gas_transient_poiseuille.cpython-313.pyc,analyze_0493x14ah_drop_gas_transient_poiseuille.cpython-313.pyc,ANALYZER,,present,x14ah,x14ah,
scripts/__pycache__/analyze_0493x14aj_oscillating_drop_n3_two_phase.cpython-312.pyc,analyze_0493x14aj_oscillating_drop_n3_two_phase.cpython-312.pyc,ANALYZER,,present,x14aj,x14aj,
scripts/__pycache__/analyze_0493x14aj_oscillating_drop_n3_two_phase.cpython-313.pyc,analyze_0493x14aj_oscillating_drop_n3_two_phase.cpython-313.pyc,ANALYZER,,present,x14aj,x14aj,
scripts/__pycache__/analyze_0493x14ak_taylor_culick_two_phase.cpython-312.pyc,analyze_0493x14ak_taylor_culick_two_phase.cpython-312.pyc,ANALYZER,,present,x14ak,x14ak,
scripts/__pycache__/analyze_0493x14al_taylor_culick_recording.cpython-312.pyc,analyze_0493x14al_taylor_culick_recording.cpython-312.pyc,ANALYZER,,present,x14al,x14al,
scripts/__pycache__/analyze_0493x14am_young_laplace_two_phase.cpython-312.pyc,analyze_0493x14am_young_laplace_two_phase.cpython-312.pyc,ANALYZER,,present,x14am,x14am,
scripts/__pycache__/analyze_0493x14am_young_laplace_two_phase.cpython-313.pyc,analyze_0493x14am_young_laplace_two_phase.cpython-313.pyc,ANALYZER,,present,x14am,x14am,
scripts/__pycache__/analyze_0493x14at_sato_stageA_campaign.cpython-312.pyc,analyze_0493x14at_sato_stageA_campaign.cpython-312.pyc,ANALYZER,,present,x14at,,
scripts/__pycache__/analyze_0493x14at_sato_stageA_campaign.cpython-313.pyc,analyze_0493x14at_sato_stageA_campaign.cpython-313.pyc,ANALYZER,,present,x14at,,
scripts/__pycache__/analyze_0493x14at_sato_stageA_recording.cpython-312.pyc,analyze_0493x14at_sato_stageA_recording.cpython-312.pyc,ANALYZER,,present,x14at,,
scripts/__pycache__/analyze_0493x14at_sato_stageA_recording.cpython-313.pyc,analyze_0493x14at_sato_stageA_recording.cpython-313.pyc,ANALYZER,,present,x14at,,
scripts/__pycache__/analyze_0493x14au_sato_viscosity_qualification.cpython-312.pyc,analyze_0493x14au_sato_viscosity_qualification.cpython-312.pyc,ANALYZER,,present,x14au,,
scripts/__pycache__/analyze_0493x14av_air_assisted_atomizer.cpython-312.pyc,analyze_0493x14av_air_assisted_atomizer.cpython-312.pyc,ANALYZER,,present,x14av,,
scripts/__pycache__/analyze_0493x14s_drop_shape_fourier.cpython-312.pyc,analyze_0493x14s_drop_shape_fourier.cpython-312.pyc,ANALYZER,,present,x14s,x14s,
scripts/__pycache__/analyze_0493x14t_normal_pressure_piston.cpython-312.pyc,analyze_0493x14t_normal_pressure_piston.cpython-312.pyc,ANALYZER,,present,x14t,x14t,
scripts/__pycache__/analyze_0493x14u_normal_kinetic_impact.cpython-312.pyc,analyze_0493x14u_normal_kinetic_impact.cpython-312.pyc,ANALYZER,,present,x14u,x14u,
scripts/__pycache__/analyze_0493x14w_two_phase_couette.cpython-312.pyc,analyze_0493x14w_two_phase_couette.cpython-312.pyc,ANALYZER,,present,x14w,x14w,
scripts/__pycache__/analyze_0493x14x_oscillating_drop_n2.cpython-313.pyc,analyze_0493x14x_oscillating_drop_n2.cpython-313.pyc,ANALYZER,,present,x14x,x14x,
scripts/__pycache__/analyze_gas_jet_liquid_bath_2d.cpython-313.pyc,analyze_gas_jet_liquid_bath_2d.cpython-313.pyc,ANALYZER,,present,,,
scripts/analyze_0438b_periodic_equiv_sweep.py,analyze_0438b_periodic_equiv_sweep.py,ANALYZER,python,present,0438b,,
scripts/analyze_0493c_resident_qualification.py,analyze_0493c_resident_qualification.py,ANALYZER,python,present,0493c,,
scripts/analyze_0493e_monospecies_resampling_physics.py,analyze_0493e_monospecies_resampling_physics.py,ANALYZER,python,present,0493e,,
scripts/analyze_0493f_two_species_resampling_physics.py,analyze_0493f_two_species_resampling_physics.py,ANALYZER,python,present,0493f,,
scripts/analyze_0493g_two_species_moment_restore.py,analyze_0493g_two_species_moment_restore.py,ANALYZER,python,present,0493g,,
scripts/analyze_0493h_periodic_shear_wave_physics.py,analyze_0493h_periodic_shear_wave_physics.py,ANALYZER,python,present,0493h,,
scripts/analyze_0493k_tg_transport.py,analyze_0493k_tg_transport.py,ANALYZER,python,present,0493k,,
scripts/analyze_0493l_particle_weight_transport.py,analyze_0493l_particle_weight_transport.py,ANALYZER,python,present,0493l,,
scripts/analyze_0493m_encoding_comparison.py,analyze_0493m_encoding_comparison.py,ANALYZER,python,present,0493m,,
scripts/analyze_0493n_resampled_fluid_reduced_sweep.py,analyze_0493n_resampled_fluid_reduced_sweep.py,ANALYZER,python,present,0493n,,
scripts/analyze_0493o3_no_poor_early_exit.py,analyze_0493o3_no_poor_early_exit.py,ANALYZER,python,present,0493o3,,
scripts/analyze_0493w0_darcy_kinetic_regime_sweep.py,analyze_0493w0_darcy_kinetic_regime_sweep.py,ANALYZER,python,present,0493w0,,
scripts/analyze_0493w1_src_fluid_calibrator.py,analyze_0493w1_src_fluid_calibrator.py,ANALYZER,python,present,0493w1,,
scripts/analyze_0493w1_src_fluid_presweep.py,analyze_0493w1_src_fluid_presweep.py,ANALYZER,python,present,0493w1,,
scripts/analyze_0493w8_tg_mono_dual_equivalence.py,analyze_0493w8_tg_mono_dual_equivalence.py,ANALYZER,python,present,0493w8,,
scripts/analyze_0493x10_galilean_temporal_odd.py,analyze_0493x10_galilean_temporal_odd.py,ANALYZER,python,present,x10,,
scripts/analyze_0493x10_microreflection.py,analyze_0493x10_microreflection.py,ANALYZER,python,present,x10,,
scripts/analyze_0493x10a_geometry_seal.py,analyze_0493x10a_geometry_seal.py,ANALYZER,python,present,x10a,,
scripts/analyze_0493x10b_hard_bulk_retention.py,analyze_0493x10b_hard_bulk_retention.py,ANALYZER,python,present,x10b,,
scripts/analyze_0493x10c_final_endpoint_barrier.py,analyze_0493x10c_final_endpoint_barrier.py,ANALYZER,python,present,x10c,,
scripts/analyze_0493x10d_analytic_reaction.py,analyze_0493x10d_analytic_reaction.py,ANALYZER,python,present,x10d,,
scripts/analyze_0493x10e_final_endpoint_mirror.py,analyze_0493x10e_final_endpoint_mirror.py,ANALYZER,python,present,x10e,,
scripts/analyze_0493x10f_global_reservoir_ablation.py,analyze_0493x10f_global_reservoir_ablation.py,ANALYZER,python,present,x10f,,
scripts/analyze_0493x10g_dripping_vk_validation.py,analyze_0493x10g_dripping_vk_validation.py,ANALYZER,python,present,x10g,,
scripts/analyze_0493x10h_mobile_interface.py,analyze_0493x10h_mobile_interface.py,ANALYZER,python,present,x10h,,
scripts/analyze_0493x10i_mesoscopic_reservoirs.py,analyze_0493x10i_mesoscopic_reservoirs.py,ANALYZER,python,present,x10i,,
scripts/analyze_0493x10j_simple_specular.py,analyze_0493x10j_simple_specular.py,ANALYZER,python,present,x10j,x10j,
scripts/analyze_0493x10k_local_frame_specular.py,analyze_0493x10k_local_frame_specular.py,ANALYZER,python,present,x10k,x10k,
scripts/analyze_0493x10l_prewall_interface.py,analyze_0493x10l_prewall_interface.py,ANALYZER,python,present,x10l,x10l,
scripts/analyze_0493x10m_moving_interface_wall.py,analyze_0493x10m_moving_interface_wall.py,ANALYZER,python,present,x10m,x10m,
scripts/analyze_0493x10n_continuous_interface.py,analyze_0493x10n_continuous_interface.py,ANALYZER,python,present,x10n,x10n,
scripts/analyze_0493x10o_q6_thermal_interface.py,analyze_0493x10o_q6_thermal_interface.py,ANALYZER,python,present,x10o,x10o,
scripts/analyze_0493x10p_initial_overlap.py,analyze_0493x10p_initial_overlap.py,ANALYZER,python,present,x10p,,
scripts/analyze_0493x10q_wide_overlap.py,analyze_0493x10q_wide_overlap.py,ANALYZER,python,present,x10q,,
scripts/analyze_0493x10r_galilean_compare.py,analyze_0493x10r_galilean_compare.py,ANALYZER,python,present,x10r,x10r,
scripts/analyze_0493x10s_galilean_compare.py,analyze_0493x10s_galilean_compare.py,ANALYZER,python,present,x10s,x10s,
scripts/analyze_0493x10t_galilean_compare.py,analyze_0493x10t_galilean_compare.py,ANALYZER,python,present,x10t,x10t,
scripts/analyze_0493x10x_thermal_sigmas_sweep.py,analyze_0493x10x_thermal_sigmas_sweep.py,ANALYZER,python,present,x10x,,
scripts/analyze_0493x10y_size_temperature_law.py,analyze_0493x10y_size_temperature_law.py,ANALYZER,python,present,x10y,,
scripts/analyze_0493x11a_young_laplace.py,analyze_0493x11a_young_laplace.py,ANALYZER,python,present,x11a,x11a,
scripts/analyze_0493x11a_young_laplace_paired.py,analyze_0493x11a_young_laplace_paired.py,ANALYZER,python,present,x11a,x11a,
scripts/analyze_0493x11b_capillary_wave.py,analyze_0493x11b_capillary_wave.py,ANALYZER,python,present,x11b,x11b,
scripts/analyze_0493x11b_capillary_wave_earlyfit.py,analyze_0493x11b_capillary_wave_earlyfit.py,ANALYZER,python,present,x11b,x11b,
scripts/analyze_0493x12a_local_thermal_cooling.py,analyze_0493x12a_local_thermal_cooling.py,ANALYZER,python,present,x12a,x12a,
scripts/analyze_0493x12cal_capillary_calibrator.py,analyze_0493x12cal_capillary_calibrator.py,ANALYZER,python,present,x12cal,x12cal,
scripts/analyze_0493x12yl_young_laplace_calibrator.py,analyze_0493x12yl_young_laplace_calibrator.py,ANALYZER,python,present,x12yl,x12yl,
scripts/analyze_0493x13a_src_high_re_presweep.py,analyze_0493x13a_src_high_re_presweep.py,ANALYZER,python,present,x13a,x13a,
scripts/analyze_0493x13b_constitutive_transport.py,analyze_0493x13b_constitutive_transport.py,ANALYZER,python,present,x13b,x13b,
scripts/analyze_0493x13c_C_longitudinal_statistics.py,analyze_0493x13c_C_longitudinal_statistics.py,ANALYZER,python,present,x13c,x13c,
scripts/analyze_0493x13c_H_gamma_multiseed.py,analyze_0493x13c_H_gamma_multiseed.py,ANALYZER,python,present,x13c,x13c,
scripts/analyze_0493x13d_C_damped_mode.py,analyze_0493x13d_C_damped_mode.py,ANALYZER,python,present,x13d,x13d,
scripts/analyze_0493x13d_H_longwave_Ny256.py,analyze_0493x13d_H_longwave_Ny256.py,ANALYZER,python,present,x13d,x13d,
scripts/analyze_0493x13e_Ciso_mach_sweep.py,analyze_0493x13e_Ciso_mach_sweep.py,ANALYZER,python,present,x13e,x13e,
scripts/analyze_0493x13f_S1_G08_local_screen.py,analyze_0493x13f_S1_G08_local_screen.py,ANALYZER,python,present,x13f,x13f,
scripts/analyze_0493x13f_S2_G08_local_qualification.py,analyze_0493x13f_S2_G08_local_qualification.py,ANALYZER,python,present,x13f,x13f,
scripts/analyze_0493x13g_H_reproducibility.py,analyze_0493x13g_H_reproducibility.py,ANALYZER,python,present,x13g,x13g,
scripts/analyze_0493x13h_A_Cdamp_L072.py,analyze_0493x13h_A_Cdamp_L072.py,ANALYZER,python,present,x13h,x13h,
scripts/analyze_0493x13h_B_density_transport_L072.py,analyze_0493x13h_B_density_transport_L072.py,ANALYZER,python,present,x13h,x13h,
scripts/analyze_0493x13h_C_Mach_L072.py,analyze_0493x13h_C_Mach_L072.py,ANALYZER,python,present,x13h,x13h,
scripts/analyze_0493x13i_kbt_scaling.py,analyze_0493x13i_kbt_scaling.py,ANALYZER,python,present,x13i,,
scripts/analyze_0493x13j_src_transport.py,analyze_0493x13j_src_transport.py,ANALYZER,python,present,x13j,x13j,
scripts/analyze_0493x13k_oscillating_drop_2d.py,analyze_0493x13k_oscillating_drop_2d.py,ANALYZER,python,present,x13k,x13k,
scripts/analyze_0493x13l_oscillating_drop_n3_state.py,analyze_0493x13l_oscillating_drop_n3_state.py,ANALYZER,python,present,x13l,x13l,
scripts/analyze_0493x13m_oscillating_drop_n4_state.py,analyze_0493x13m_oscillating_drop_n4_state.py,ANALYZER,python,present,x13m,x13m,
scripts/analyze_0493x13n_rim_momentum.py,analyze_0493x13n_rim_momentum.py,ANALYZER,python,present,x13n,x13n,
scripts/analyze_0493x13n_rim_traction.py,analyze_0493x13n_rim_traction.py,ANALYZER,python,present,x13n,x13n,
scripts/analyze_0493x13n_rim_traction_v2.py,analyze_0493x13n_rim_traction_v2.py,ANALYZER,python,present,x13n,x13n,
scripts/analyze_0493x13n_taylor_culick_sheet_2d.py,analyze_0493x13n_taylor_culick_sheet_2d.py,ANALYZER,python,present,x13n,x13n,
scripts/analyze_0493x14af_q6_x14v_global_balance.py,analyze_0493x14af_q6_x14v_global_balance.py,ANALYZER,python,present,x14af;x14v,x14af;x14v,
scripts/analyze_0493x14ag_drop_gas_poiseuille.py,analyze_0493x14ag_drop_gas_poiseuille.py,ANALYZER,python,present,x14ag,x14ag,
scripts/analyze_0493x14ah_drop_gas_transient_poiseuille.py,analyze_0493x14ah_drop_gas_transient_poiseuille.py,ANALYZER,python,present,x14ah,x14ah,
scripts/analyze_0493x14ai_cost_ab.py,analyze_0493x14ai_cost_ab.py,ANALYZER,python,present,x14ai,x14ai,
scripts/analyze_0493x14aj_oscillating_drop_n3_two_phase.py,analyze_0493x14aj_oscillating_drop_n3_two_phase.py,ANALYZER,python,present,x14aj,x14aj,
scripts/analyze_0493x14ak_taylor_culick_two_phase.py,analyze_0493x14ak_taylor_culick_two_phase.py,ANALYZER,python,present,x14ak,x14ak,
scripts/analyze_0493x14al_taylor_culick_recording.py,analyze_0493x14al_taylor_culick_recording.py,ANALYZER,python,present,x14al,x14al,
scripts/analyze_0493x14am_young_laplace_two_phase.py,analyze_0493x14am_young_laplace_two_phase.py,ANALYZER,python,present,x14am,x14am,
scripts/analyze_0493x14at_sato_stageA_campaign.py,analyze_0493x14at_sato_stageA_campaign.py,ANALYZER,python,present,x14at,,
scripts/analyze_0493x14at_sato_stageA_campaign.py.pre3500,analyze_0493x14at_sato_stageA_campaign.py.pre3500,ANALYZER,,present,x14at,,
scripts/analyze_0493x14at_sato_stageA_recording.py,analyze_0493x14at_sato_stageA_recording.py,ANALYZER,python,present,x14at,,
scripts/analyze_0493x14at_sato_stageA_recording.py.pre3500,analyze_0493x14at_sato_stageA_recording.py.pre3500,ANALYZER,,present,x14at,,
scripts/analyze_0493x14au_sato_viscosity_qualification.py,analyze_0493x14au_sato_viscosity_qualification.py,ANALYZER,python,present,x14au,,
scripts/analyze_0493x14av_air_assisted_atomizer.py,analyze_0493x14av_air_assisted_atomizer.py,ANALYZER,python,present,x14av,,
scripts/analyze_0493x14j_drop_radial.py,analyze_0493x14j_drop_radial.py,ANALYZER,python,present,x14j,x14j,
scripts/analyze_0493x14p_alpha_gas_volume_offline.py,analyze_0493x14p_alpha_gas_volume_offline.py,ANALYZER,python,present,x14p,,
scripts/analyze_0493x14q_accessible_volume_fit.py,analyze_0493x14q_accessible_volume_fit.py,ANALYZER,python,present,x14q,,
scripts/analyze_0493x14r_accessible_volume_ramp.py,analyze_0493x14r_accessible_volume_ramp.py,ANALYZER,python,present,x14r,x14r,
scripts/analyze_0493x14s_drop_shape_fourier.py,analyze_0493x14s_drop_shape_fourier.py,ANALYZER,python,present,x14s,x14s,
scripts/analyze_0493x14t_normal_pressure_piston.py,analyze_0493x14t_normal_pressure_piston.py,ANALYZER,python,present,x14t,x14t,
scripts/analyze_0493x14u_normal_kinetic_impact.py,analyze_0493x14u_normal_kinetic_impact.py,ANALYZER,python,present,x14u,x14u,
scripts/analyze_0493x14w_two_phase_couette.py,analyze_0493x14w_two_phase_couette.py,ANALYZER,python,present,x14w,x14w,
scripts/analyze_0493x14x_oscillating_drop_n2.py,analyze_0493x14x_oscillating_drop_n2.py,ANALYZER,python,present,x14x,x14x,
scripts/analyze_0493x3_q6_force_projection_tg.py,analyze_0493x3_q6_force_projection_tg.py,ANALYZER,python,present,x3,x3,
scripts/analyze_0493x4a_q6_force_single_tg.py,analyze_0493x4a_q6_force_single_tg.py,ANALYZER,python,present,x4a,x4a,
scripts/analyze_0493x4b_q6_force_fusion_tg.py,analyze_0493x4b_q6_force_fusion_tg.py,ANALYZER,python,present,x4b,x4b,
scripts/analyze_0493x5a2_dynamic_free_surface.py,analyze_0493x5a2_dynamic_free_surface.py,ANALYZER,python,present,x5a2,x5a2,
scripts/analyze_0493x5a_partial_liquid.py,analyze_0493x5a_partial_liquid.py,ANALYZER,python,present,x5a,x5a,
scripts/analyze_0493x5b_liquid_gas_free_surface.py,analyze_0493x5b_liquid_gas_free_surface.py,ANALYZER,python,present,x5b,x5b,
scripts/analyze_0493x6a_phase_pressure.py,analyze_0493x6a_phase_pressure.py,ANALYZER,python,present,x6a,x6a,
scripts/analyze_0493x6b_phase_geometry.py,analyze_0493x6b_phase_geometry.py,ANALYZER,python,present,x6b,x6b,
scripts/analyze_0493x6c_phase_geometry_resident.py,analyze_0493x6c_phase_geometry_resident.py,ANALYZER,python,present,x6c,x6c,
scripts/analyze_0493x6d_cutface_geometry.py,analyze_0493x6d_cutface_geometry.py,ANALYZER,python,present,x6d,x6d,
scripts/analyze_0493x6e_phase_interface_topology.py,analyze_0493x6e_phase_interface_topology.py,ANALYZER,python,present,x6e,x6e,
scripts/analyze_0493x6f_phase_interface_stencil.py,analyze_0493x6f_phase_interface_stencil.py,ANALYZER,python,present,x6f,x6f,
scripts/analyze_0493x6g_phase_gas_pressure.py,analyze_0493x6g_phase_gas_pressure.py,ANALYZER,python,present,x6g,x6g,
scripts/analyze_0493x6h_b0_postapply_regions.py,analyze_0493x6h_b0_postapply_regions.py,ANALYZER,python,present,x6h,,
scripts/analyze_0493x7a_virial_density.py,analyze_0493x7a_virial_density.py,ANALYZER,python,present,x7a,,
scripts/analyze_0493x7c_density_rhs.py,analyze_0493x7c_density_rhs.py,ANALYZER,python,present,x7c,,
scripts/analyze_0493x7d_density_rhs_grid_refinement.py,analyze_0493x7d_density_rhs_grid_refinement.py,ANALYZER,python,present,x7d,x7d,
scripts/analyze_0493x7d_signed_traction_scan.py,analyze_0493x7d_signed_traction_scan.py,ANALYZER,python,present,x7d,x7d,
scripts/analyze_0493x7e_x6g_x7d_combination.py,analyze_0493x7e_x6g_x7d_combination.py,ANALYZER,python,present,x7e;x6g;x7d,x6g;x7d;x7e,
scripts/analyze_0493x7n_compression_estimator_offline.py,analyze_0493x7n_compression_estimator_offline.py,ANALYZER,python,present,x7n,,
scripts/analyze_0493x7n_compression_noise_gate_long.py,analyze_0493x7n_compression_noise_gate_long.py,ANALYZER,python,present,x7n,,
scripts/analyze_0493x7n_density_filters_offline.py,analyze_0493x7n_density_filters_offline.py,ANALYZER,python,present,x7n,,
scripts/analyze_0493x7n_density_noise_gate_offline.py,analyze_0493x7n_density_noise_gate_offline.py,ANALYZER,python,present,x7n,,
scripts/analyze_0493x7n_density_spectrum.py,analyze_0493x7n_density_spectrum.py,ANALYZER,python,present,x7n,,
scripts/analyze_0493x7n_tg_only.py,analyze_0493x7n_tg_only.py,ANALYZER,python,present,x7n,,
scripts/analyze_0493x7s_transverse_shear_vorticity.py,analyze_0493x7s_transverse_shear_vorticity.py,ANALYZER,python,present,x7s,,
scripts/analyze_0493x7t_transverse_shear_fourway.py,analyze_0493x7t_transverse_shear_fourway.py,ANALYZER,python,present,x7t,,
scripts/analyze_0493x8a_vk_momentum.py,analyze_0493x8a_vk_momentum.py,ANALYZER,python,present,x8a,,
scripts/analyze_0493x8b_momentum_divergence.py,analyze_0493x8b_momentum_divergence.py,ANALYZER,python,present,x8b,,
scripts/analyze_0493x8c_stage_momentum.py,analyze_0493x8c_stage_momentum.py,ANALYZER,python,present,x8c,,
scripts/analyze_0493x8e_q6gf_darcy_alpha_sweep_fix1.m,analyze_0493x8e_q6gf_darcy_alpha_sweep_fix1.m,ANALYZER,matlab,present,x8e,,
scripts/analyze_0493x8e_q6gf_tg_ensemble.py,analyze_0493x8e_q6gf_tg_ensemble.py,ANALYZER,python,present,x8e,,
scripts/analyze_0493x8e_q6gf_tg_ensemble_fix1.py,analyze_0493x8e_q6gf_tg_ensemble_fix1.py,ANALYZER,python,present,x8e,,
scripts/analyze_0493x9a_curvature.py,analyze_0493x9a_curvature.py,ANALYZER,python,present,x9a,,
scripts/analyze_0493x9b_curvature.py,analyze_0493x9b_curvature.py,ANALYZER,python,present,x9b,,
scripts/analyze_0493x9b_curvature_audit2.py,analyze_0493x9b_curvature_audit2.py,ANALYZER,python,present,x9b,,
scripts/analyze_0493x9c_curvature.py,analyze_0493x9c_curvature.py,ANALYZER,python,present,x9c,,
scripts/analyze_0493x9d_static_drop.py,analyze_0493x9d_static_drop.py,ANALYZER,python,present,x9d,x9d,
scripts/analyze_0493x9e_static_drop.py,analyze_0493x9e_static_drop.py,ANALYZER,python,present,x9e,x9e,
scripts/analyze_0493x9f_ellipse_relaxation.py,analyze_0493x9f_ellipse_relaxation.py,ANALYZER,python,present,x9f,x9f,
scripts/analyze_0493x9g_phase_pair_equivalence.py,analyze_0493x9g_phase_pair_equivalence.py,ANALYZER,python,present,x9g,x9g,
scripts/analyze_0493x9h_wall_geometry_provider.py,analyze_0493x9h_wall_geometry_provider.py,ANALYZER,python,present,x9h,x9h,
scripts/analyze_0493x9i_contact_angle.py,analyze_0493x9i_contact_angle.py,ANALYZER,python,present,x9i,,
scripts/analyze_0493x9j_contact_angle_ghost.py,analyze_0493x9j_contact_angle_ghost.py,ANALYZER,python,present,x9j,,
scripts/analyze_0493x9k_contact_angle_mirror.py,analyze_0493x9k_contact_angle_mirror.py,ANALYZER,python,present,x9k,,
scripts/analyze_0493x9l_contact_angle_wallface.py,analyze_0493x9l_contact_angle_wallface.py,ANALYZER,python,present,x9l,,
scripts/analyze_0493x9m_contact_angle_offsupport.py,analyze_0493x9m_contact_angle_offsupport.py,ANALYZER,python,present,x9m,x9m,
scripts/analyze_0493x9n_geometric_qualification.py,analyze_0493x9n_geometric_qualification.py,ANALYZER,python,present,x9n,,
scripts/analyze_0493x9o_phase_qualification.py,analyze_0493x9o_phase_qualification.py,ANALYZER,python,present,x9o,,
scripts/analyze_0493x9p_sessile_dynamics.py,analyze_0493x9p_sessile_dynamics.py,ANALYZER,python,present,x9p,,
scripts/analyze_0493x9q_dripping_jet.py,analyze_0493x9q_dripping_jet.py,ANALYZER,python,present,x9q,,
scripts/analyze_0493x9r_limiter.py,analyze_0493x9r_limiter.py,ANALYZER,python,present,x9r,x9r,
scripts/analyze_0493x9t_reflection.py,analyze_0493x9t_reflection.py,ANALYZER,python,present,x9t,,
scripts/analyze_0493x9u_reflection.py,analyze_0493x9u_reflection.py,ANALYZER,python,present,x9u,,
scripts/analyze_0493x9v_escape.py,analyze_0493x9v_escape.py,ANALYZER,python,present,x9v,,
scripts/analyze_0493x9w_bulk_bath.py,analyze_0493x9w_bulk_bath.py,ANALYZER,python,present,x9w,,
scripts/analyze_0493x9x_crossing.py,analyze_0493x9x_crossing.py,ANALYZER,python,present,x9x,,
scripts/analyze_0493x9y_pointwise.py,analyze_0493x9y_pointwise.py,ANALYZER,python,present,x9y,,
scripts/analyze_0493x9z_individual.py,analyze_0493x9z_individual.py,ANALYZER,python,present,x9z,,
scripts/analyze_cavity_gas_pressure_covariate.py,analyze_cavity_gas_pressure_covariate.py,ANALYZER,python,present,,,
scripts/analyze_gas_atmosphere_balance.py,analyze_gas_atmosphere_balance.py,ANALYZER,python,present,,,
scripts/analyze_gas_jet_liquid_bath_2d.py,analyze_gas_jet_liquid_bath_2d.py,ANALYZER,python,present,,,
scripts/analyze_periodic_modes_0438.py,analyze_periodic_modes_0438.py,ANALYZER,python,present,0438,,
scripts/analyze_resampling_stages_0438c.py,analyze_resampling_stages_0438c.py,ANALYZER,python,present,0438c,,
scripts/analyze_src_transport.py,analyze_src_transport.py,ANALYZER,python,present,,,
scripts/build_src_mpcd_cuda_0315b.sh,build_src_mpcd_cuda_0315b.sh,BUILD,bash,present,0315b,,
scripts/build_src_mpcd_cuda_q6_resident_0400.sh,build_src_mpcd_cuda_q6_resident_0400.sh,BUILD,bash,present,0400,,
scripts/build_src_mpcd_cuda_q6_resident_livevis_0486.sh,build_src_mpcd_cuda_q6_resident_livevis_0486.sh,BUILD,bash,present,0486,,
scripts/build_validate_cuda_resampling_compact_shadow_0440.sh,build_validate_cuda_resampling_compact_shadow_0440.sh,BUILD,bash,present,0440,,
scripts/build_validate_cuda_resampling_deposit_shadow_0439.sh,build_validate_cuda_resampling_deposit_shadow_0439.sh,BUILD,bash,present,0439,,
scripts/build_validate_cuda_resampling_particle_apply_shadow_0442.sh,build_validate_cuda_resampling_particle_apply_shadow_0442.sh,BUILD,bash,present,0442,,
scripts/build_validate_cuda_resampling_pipeline_shadow_0444.sh,build_validate_cuda_resampling_pipeline_shadow_0444.sh,BUILD,bash,present,0444,,
scripts/build_validate_cuda_resampling_planner_shadow_0441.sh,build_validate_cuda_resampling_planner_shadow_0441.sh,BUILD,bash,present,0441,,
scripts/build_validate_cuda_resampling_remap_thermal_shadow_0443.sh,build_validate_cuda_resampling_remap_thermal_shadow_0443.sh,BUILD,bash,present,0443,,
matlab/validate_active_fluid_domain_refactor.m,validate_active_fluid_domain_refactor.m,CHECKER,matlab,present,,,
matlab/validate_backward_step_classic_long.m,validate_backward_step_classic_long.m,CHECKER,matlab,present,,,
matlab/validate_backward_step_final_liquid_config.m,validate_backward_step_final_liquid_config.m,CHECKER,matlab,present,,,
matlab/validate_backward_step_hardwall_calibration_suite.m,validate_backward_step_hardwall_calibration_suite.m,CHECKER,matlab,present,,,
matlab/validate_backward_step_liquid_closure_comparison.m,validate_backward_step_liquid_closure_comparison.m,CHECKER,matlab,present,,,
matlab/validate_backward_step_masked_structure_suite.m,validate_backward_step_masked_structure_suite.m,CHECKER,matlab,present,,,
matlab/validate_backward_step_parametric_suite.m,validate_backward_step_parametric_suite.m,CHECKER,matlab,present,,,
matlab/validate_backward_step_smoke.m,validate_backward_step_smoke.m,CHECKER,matlab,present,,,
matlab/validate_density_wave_virial_channel.m,validate_density_wave_virial_channel.m,CHECKER,matlab,present,,,
matlab/validate_immersed_circle_rotation.m,validate_immersed_circle_rotation.m,CHECKER,matlab,present,,,
matlab/validate_immersed_circle_smoke.m,validate_immersed_circle_smoke.m,CHECKER,matlab,present,,,
matlab/validate_immersed_circle_translation.m,validate_immersed_circle_translation.m,CHECKER,matlab,present,,,
matlab/validate_liquid_closure_dynamic_suite.m,validate_liquid_closure_dynamic_suite.m,CHECKER,matlab,present,,,
matlab/validate_minimal_piston.m,validate_minimal_piston.m,CHECKER,matlab,present,,,
matlab/validate_piston_q6_q9_active_domain.m,validate_piston_q6_q9_active_domain.m,CHECKER,matlab,present,,,
matlab/validate_piston_q9_virial_active_domain.m,validate_piston_q9_virial_active_domain.m,CHECKER,matlab,present,,,
matlab/validate_piston_q9_virial_stress_compression.m,validate_piston_q9_virial_stress_compression.m,CHECKER,matlab,present,,,
matlab/validate_piston_q9_virial_sweep.m,validate_piston_q9_virial_sweep.m,CHECKER,matlab,present,,,
matlab/validate_poiseuille_q6_channel_long.m,validate_poiseuille_q6_channel_long.m,CHECKER,matlab,present,,,
matlab/validate_poiseuille_q6_channel_short.m,validate_poiseuille_q6_channel_short.m,CHECKER,matlab,present,,,
matlab/validate_poiseuille_q9_channel_long.m,validate_poiseuille_q9_channel_long.m,CHECKER,matlab,present,,,
matlab/validate_q9_beta_sweep.m,validate_q9_beta_sweep.m,CHECKER,matlab,present,,,
matlab/validate_q9_periodic_smoke.m,validate_q9_periodic_smoke.m,CHECKER,matlab,present,,,
matlab/validate_solid_thermal_couette_sliding.m,validate_solid_thermal_couette_sliding.m,CHECKER,matlab,present,,,
matlab/validate_solid_thermal_poiseuille_symmetry.m,validate_solid_thermal_poiseuille_symmetry.m,CHECKER,matlab,present,,,
matlab/validate_taylor_green_q6_high_snr_short.m,validate_taylor_green_q6_high_snr_short.m,CHECKER,matlab,present,,,
matlab/validate_taylor_green_q6_periodic.m,validate_taylor_green_q6_periodic.m,CHECKER,matlab,present,,,
matlab/validate_taylor_green_q9_filtered_short.m,validate_taylor_green_q9_filtered_short.m,CHECKER,matlab,present,,,
matlab/validate_von_karman_long_comparison.m,validate_von_karman_long_comparison.m,CHECKER,matlab,present,,,
scripts/__pycache__/check_injection_species_0492b.cpython-312.pyc,check_injection_species_0492b.cpython-312.pyc,CHECKER,,present,0492b,,
scripts/check_0493a_universal_species_resident.sh,check_0493a_universal_species_resident.sh,CHECKER,bash,present,0493a,,
scripts/check_0493b_universal_species_resampling.sh,check_0493b_universal_species_resampling.sh,CHECKER,bash,present,0493b,,
scripts/check_0493c_resident_qualification.sh,check_0493c_resident_qualification.sh,CHECKER,bash,present,0493c,,
scripts/check_0493o0_src_baseline_runners.sh,check_0493o0_src_baseline_runners.sh,CHECKER,bash,present,0493o0,,
scripts/check_0493o1_fix2_cuda_authority.sh,check_0493o1_fix2_cuda_authority.sh,CHECKER,bash,present,0493o1-fix2,,
scripts/check_0493o1_target_driven_neff_split_guard.sh,check_0493o1_target_driven_neff_split_guard.sh,CHECKER,bash,present,0493o1,,
scripts/check_0493o2_fix1_tg_multispecies_runner.sh,check_0493o2_fix1_tg_multispecies_runner.sh,CHECKER,bash,present,0493o2-fix1,,
scripts/check_0493o3_no_poor_early_exit.sh,check_0493o3_no_poor_early_exit.sh,CHECKER,bash,present,0493o3,,
scripts/check_0493o4_segmented_darcy_support_repair_runner.sh,check_0493o4_segmented_darcy_support_repair_runner.sh,CHECKER,bash,present,0493o4,,
scripts/check_0493w0_darcy_kinetic_regime_sweep.sh,check_0493w0_darcy_kinetic_regime_sweep.sh,CHECKER,bash,present,0493w0,,
scripts/check_0493w1_src_fluid_calibrator.sh,check_0493w1_src_fluid_calibrator.sh,CHECKER,bash,present,0493w1,,
scripts/check_0493w6_independent_masked_postapply.py,check_0493w6_independent_masked_postapply.py,CHECKER,python,present,0493w6,,
scripts/check_0493w7_independent_masked_multibc.py,check_0493w7_independent_masked_multibc.py,CHECKER,python,present,0493w7,,
scripts/check_0493x0_dam_break_demo.py,check_0493x0_dam_break_demo.py,CHECKER,python,present,x0,,
scripts/check_0493x10a_geometry_math.py,check_0493x10a_geometry_math.py,CHECKER,python,present,x10a,,
scripts/check_0493x10b_hard_retention_math.py,check_0493x10b_hard_retention_math.py,CHECKER,python,present,x10b,,
scripts/check_0493x10c_final_endpoint_math.py,check_0493x10c_final_endpoint_math.py,CHECKER,python,present,x10c,,
scripts/check_0493x10d_analytic_reaction_math.py,check_0493x10d_analytic_reaction_math.py,CHECKER,python,present,x10d,,
scripts/check_0493x10e_endpoint_mirror_math.py,check_0493x10e_endpoint_mirror_math.py,CHECKER,python,present,x10e,,
scripts/check_0493x10f_global_reaction_math.py,check_0493x10f_global_reaction_math.py,CHECKER,python,present,x10f,,
scripts/check_0493x10g_global_reduction_math.py,check_0493x10g_global_reduction_math.py,CHECKER,python,present,x10g,,
scripts/check_0493x10h_mobile_interface_math.py,check_0493x10h_mobile_interface_math.py,CHECKER,python,present,x10h,,
scripts/check_0493x10i_mesoscopic_reaction_math.py,check_0493x10i_mesoscopic_reaction_math.py,CHECKER,python,present,x10i,,
scripts/check_0493x10j_simple_specular_math.py,check_0493x10j_simple_specular_math.py,CHECKER,python,present,x10j,x10j,
scripts/check_0493x10k_local_frame_specular_math.py,check_0493x10k_local_frame_specular_math.py,CHECKER,python,present,x10k,x10k,
scripts/check_0493x10m_moving_interface_wall_math.py,check_0493x10m_moving_interface_wall_math.py,CHECKER,python,present,x10m,x10m,
scripts/check_0493x10n_continuous_interface_math.py,check_0493x10n_continuous_interface_math.py,CHECKER,python,present,x10n,x10n,
scripts/check_0493x10o_q6_thermal_interface_math.py,check_0493x10o_q6_thermal_interface_math.py,CHECKER,python,present,x10o,x10o,
scripts/check_0493x10p_source_application.py,check_0493x10p_source_application.py,CHECKER,python,present,x10p,,
scripts/check_0493x12cal_capillary_calibrator.sh,check_0493x12cal_capillary_calibrator.sh,CHECKER,bash,present,x12cal,x12cal,
scripts/check_0493x12yl_young_laplace_calibrator.sh,check_0493x12yl_young_laplace_calibrator.sh,CHECKER,bash,present,x12yl,x12yl,
scripts/check_0493x13a_src_high_re_presweep.sh,check_0493x13a_src_high_re_presweep.sh,CHECKER,bash,present,x13a,x13a,
scripts/check_0493x13b_constitutive_transport.sh,check_0493x13b_constitutive_transport.sh,CHECKER,bash,present,x13b,x13b,
scripts/check_0493x13c_transport_qualification.sh,check_0493x13c_transport_qualification.sh,CHECKER,bash,present,x13c,x13c,
scripts/check_0493x13d_C_fastfit_fix1.sh,check_0493x13d_C_fastfit_fix1.sh,CHECKER,bash,present,x13d,x13d,
scripts/check_0493x13d_transport_followup.sh,check_0493x13d_transport_followup.sh,CHECKER,bash,present,x13d,x13d,
scripts/check_0493x13e_compressible_mach_reach.sh,check_0493x13e_compressible_mach_reach.sh,CHECKER,bash,present,x13e,x13e,
scripts/check_0493x13f_G08_local_transport_optimization.sh,check_0493x13f_G08_local_transport_optimization.sh,CHECKER,bash,present,x13f,x13f,
scripts/check_0493x13g_H_reproducibility.sh,check_0493x13g_H_reproducibility.sh,CHECKER,bash,present,x13g,x13g,
scripts/check_0493x13h_L072_qualification.sh,check_0493x13h_L072_qualification.sh,CHECKER,bash,present,x13h,x13h,
scripts/check_0493x13i_kbt_scaling.sh,check_0493x13i_kbt_scaling.sh,CHECKER,bash,present,x13i,,
scripts/check_0493x13j_src_transport.sh,check_0493x13j_src_transport.sh,CHECKER,bash,present,x13j,x13j,
scripts/check_0493x5a2_generator_profiles.py,check_0493x5a2_generator_profiles.py,CHECKER,python,present,x5a2,x5a2,
scripts/check_0493x7b_virial_grid_scaling.py,check_0493x7b_virial_grid_scaling.py,CHECKER,python,present,x7b,,
scripts/check_0493x7f_q6_g_f_multibc.py,check_0493x7f_q6_g_f_multibc.py,CHECKER,python,present,x7f,x7f,
scripts/check_0493x7g_q6_g_f_darcy.py,check_0493x7g_q6_g_f_darcy.py,CHECKER,python,present,x7g,x7g,
scripts/check_0493x8q_neumann_smoke.py,check_0493x8q_neumann_smoke.py,CHECKER,python,present,x8q,x8q,
scripts/check_0493x9k_sheared_mirror_geometry.py,check_0493x9k_sheared_mirror_geometry.py,CHECKER,python,present,x9k,,
scripts/check_0493x9l_wallface_geometry.py,check_0493x9l_wallface_geometry.py,CHECKER,python,present,x9l,,
scripts/check_0493x9m_offsupport_geometry.py,check_0493x9m_offsupport_geometry.py,CHECKER,python,present,x9m,x9m,
scripts/check_0493x9n_geometry.py,check_0493x9n_geometry.py,CHECKER,python,present,x9n,,
scripts/check_0493x9o_phase_geometry.py,check_0493x9o_phase_geometry.py,CHECKER,python,present,x9o,,
scripts/check_0493x9p_cap_geometry.py,check_0493x9p_cap_geometry.py,CHECKER,python,present,x9p,,
scripts/check_0493x9t_elastic_group_math.py,check_0493x9t_elastic_group_math.py,CHECKER,python,present,x9t,,
scripts/check_0493x9x_crossing_math.py,check_0493x9x_crossing_math.py,CHECKER,python,present,x9x,,
scripts/check_0493x9y_bisection_math.py,check_0493x9y_bisection_math.py,CHECKER,python,present,x9y,,
scripts/check_0493x9z_individual_reaction_math.py,check_0493x9z_individual_reaction_math.py,CHECKER,python,present,x9z,,
scripts/check_injection_species_0492b.py,check_injection_species_0492b.py,CHECKER,python,present,0492b,,
scripts/check_run_ok_0492.sh,check_run_ok_0492.sh,CHECKER,bash,present,0492,,
scripts/check_src_transport.sh,check_src_transport.sh,CHECKER,bash,present,,,
doc/0493x13a_A0_A6_design.csv,0493x13a_A0_A6_design.csv,DOCUMENTATION,csv,present,x13a,x13a,
doc/0493x13b_default_cost_plan.csv,0493x13b_default_cost_plan.csv,DOCUMENTATION,csv,present,x13b,x13b,
doc/0493x13b_fluid_design.csv,0493x13b_fluid_design.csv,DOCUMENTATION,csv,present,x13b,x13b,
doc/0493x13c_default_cost_plan.csv,0493x13c_default_cost_plan.csv,DOCUMENTATION,csv,present,x13c,x13c,
doc/0493x13d_H256_cost_plan.csv,0493x13d_H256_cost_plan.csv,DOCUMENTATION,csv,present,x13d,x13d,
doc/0493x13e_default_cost_plan.csv,0493x13e_default_cost_plan.csv,DOCUMENTATION,csv,present,x13e,x13e,
doc/0493x13f_S1_design_cost.csv,0493x13f_S1_design_cost.csv,DOCUMENTATION,csv,present,x13f,x13f,
doc/0493x13g_cost_plan.csv,0493x13g_cost_plan.csv,DOCUMENTATION,csv,present,x13g,x13g,
doc/0493x13h_cost_plan.csv,0493x13h_cost_plan.csv,DOCUMENTATION,csv,present,x13h,x13h,
doc/ALGORITHMIC_VALIDATION_0435E.md,ALGORITHMIC_VALIDATION_0435E.md,DOCUMENTATION,markdown,present,0435e,,
doc/DARCY_CHI_COLLISION_VP_0422.md,DARCY_CHI_COLLISION_VP_0422.md,DOCUMENTATION,markdown,present,0422,,
doc/DARCY_MEAN_OUTWARD_BATH_0420.md,DARCY_MEAN_OUTWARD_BATH_0420.md,DOCUMENTATION,markdown,present,0420,,
doc/DARCY_OUTWARD_BATH_0419.md,DARCY_OUTWARD_BATH_0419.md,DOCUMENTATION,markdown,present,0419,,
doc/DARCY_THERMAL_BATH_0418.md,DARCY_THERMAL_BATH_0418.md,DOCUMENTATION,markdown,present,0418,,
doc/DARCY_VK_CHIVP_SCRIPT_KEYS_0423.md,DARCY_VK_CHIVP_SCRIPT_KEYS_0423.md,DOCUMENTATION,markdown,present,0423,,
doc/GPU_CUDA_COMPACT_FLUID_SUMMARY_DUMPS_0314.md,GPU_CUDA_COMPACT_FLUID_SUMMARY_DUMPS_0314.md,DOCUMENTATION,markdown,present,0314,,
doc/GPU_CUDA_INACTIVE_SLOTS_INDEPENDENT_AUDIT_0312.md,GPU_CUDA_INACTIVE_SLOTS_INDEPENDENT_AUDIT_0312.md,DOCUMENTATION,markdown,present,0312,,
doc/GPU_CUDA_INACTIVE_SLOTS_SCALING_0310.md,GPU_CUDA_INACTIVE_SLOTS_SCALING_0310.md,DOCUMENTATION,markdown,present,0310,,
doc/GPU_CUDA_INACTIVE_SLOTS_SCALING_0310_RUNNER_FIX.md,GPU_CUDA_INACTIVE_SLOTS_SCALING_0310_RUNNER_FIX.md,DOCUMENTATION,markdown,present,0310,,
doc/GPU_CUDA_INACTIVE_TAIL_POOL_0313.md,GPU_CUDA_INACTIVE_TAIL_POOL_0313.md,DOCUMENTATION,markdown,present,0313,,
doc/GPU_KERNEL_BREAKDOWN_0328_APPEND.md,GPU_KERNEL_BREAKDOWN_0328_APPEND.md,DOCUMENTATION,markdown,present,0328,,
doc/GPU_KERNEL_MICROPROFILE_0323.md,GPU_KERNEL_MICROPROFILE_0323.md,DOCUMENTATION,markdown,present,0323,,
doc/GPU_NONREGRESSION_Q6_RESAMPLING_VIRIAL_0326.md,GPU_NONREGRESSION_Q6_RESAMPLING_VIRIAL_0326.md,DOCUMENTATION,markdown,present,0326,,
doc/GPU_NONREGRESSION_Q6_RESAMPLING_VIRIAL_0326B.md,GPU_NONREGRESSION_Q6_RESAMPLING_VIRIAL_0326B.md,DOCUMENTATION,markdown,present,0326b,,
doc/GPU_NONREGRESSION_Q6_RESAMPLING_VIRIAL_0326C_STRICT.md,GPU_NONREGRESSION_Q6_RESAMPLING_VIRIAL_0326C_STRICT.md,DOCUMENTATION,markdown,present,0326c,,
doc/GPU_NONREGRESSION_Q6_RESAMPLING_VIRIAL_0326D.md,GPU_NONREGRESSION_Q6_RESAMPLING_VIRIAL_0326D.md,DOCUMENTATION,markdown,present,0326d,,
doc/GPU_OBJECTIVE_PROFILE_0317.md,GPU_OBJECTIVE_PROFILE_0317.md,DOCUMENTATION,markdown,present,0317,,
doc/GPU_OBJECTIVE_PROFILE_0317B.md,GPU_OBJECTIVE_PROFILE_0317B.md,DOCUMENTATION,markdown,present,0317b,,
doc/GPU_PATCH_0240.md,GPU_PATCH_0240.md,DOCUMENTATION,markdown,present,0240,,
doc/GPU_PATCH_0240_RUNNER_FIX.md,GPU_PATCH_0240_RUNNER_FIX.md,DOCUMENTATION,markdown,present,0240,,
doc/GPU_PATCH_0241.md,GPU_PATCH_0241.md,DOCUMENTATION,markdown,present,0241,,
doc/GPU_PATCH_0241_COMPILEFIX.md,GPU_PATCH_0241_COMPILEFIX.md,DOCUMENTATION,markdown,present,0241,,
doc/GPU_PATCH_0242.md,GPU_PATCH_0242.md,DOCUMENTATION,markdown,present,0242,,
doc/GPU_PATCH_0243.md,GPU_PATCH_0243.md,DOCUMENTATION,markdown,present,0243,,
doc/GPU_PATCH_0244.md,GPU_PATCH_0244.md,DOCUMENTATION,markdown,present,0244,,
doc/GPU_PATCH_0245.md,GPU_PATCH_0245.md,DOCUMENTATION,markdown,present,0245,,
doc/GPU_PATCH_0246.md,GPU_PATCH_0246.md,DOCUMENTATION,markdown,present,0246,,
doc/GPU_PATCH_0247A.md,GPU_PATCH_0247A.md,DOCUMENTATION,markdown,present,0247a,,
doc/GPU_PATCH_0247B.md,GPU_PATCH_0247B.md,DOCUMENTATION,markdown,present,0247b,,
doc/GPU_PATCH_0248.md,GPU_PATCH_0248.md,DOCUMENTATION,markdown,present,0248,,
doc/GPU_PATCH_0249A.md,GPU_PATCH_0249A.md,DOCUMENTATION,markdown,present,0249a,,
doc/GPU_PATCH_0249B.md,GPU_PATCH_0249B.md,DOCUMENTATION,markdown,present,0249b,,
doc/GPU_PATCH_0250.md,GPU_PATCH_0250.md,DOCUMENTATION,markdown,present,0250,,
doc/GPU_PATCH_0251.md,GPU_PATCH_0251.md,DOCUMENTATION,markdown,present,0251,,
doc/GPU_PATCH_0251_RUNNERFIX.md,GPU_PATCH_0251_RUNNERFIX.md,DOCUMENTATION,markdown,present,0251,,
doc/GPU_PATCH_0252.md,GPU_PATCH_0252.md,DOCUMENTATION,markdown,present,0252,,
doc/GPU_PATCH_0253.md,GPU_PATCH_0253.md,DOCUMENTATION,markdown,present,0253,,
doc/GPU_PATCH_0254.md,GPU_PATCH_0254.md,DOCUMENTATION,markdown,present,0254,,
doc/GPU_PATCH_0255.md,GPU_PATCH_0255.md,DOCUMENTATION,markdown,present,0255,,
doc/GPU_PATCH_0256.md,GPU_PATCH_0256.md,DOCUMENTATION,markdown,present,0256,,
doc/GPU_PATCH_0257.md,GPU_PATCH_0257.md,DOCUMENTATION,markdown,present,0257,,
doc/GPU_PATCH_0257_FORCE_REBUILD_RUNNER.md,GPU_PATCH_0257_FORCE_REBUILD_RUNNER.md,DOCUMENTATION,markdown,present,0257,,
doc/GPU_PATCH_0257_MIN_DOWNLOAD_FIX.md,GPU_PATCH_0257_MIN_DOWNLOAD_FIX.md,DOCUMENTATION,markdown,present,0257,,
doc/GPU_PATCH_0258.md,GPU_PATCH_0258.md,DOCUMENTATION,markdown,present,0258,,
doc/GPU_PATCH_0259.md,GPU_PATCH_0259.md,DOCUMENTATION,markdown,present,0259,,
doc/GPU_PATCH_0259_RUNNERFIX.md,GPU_PATCH_0259_RUNNERFIX.md,DOCUMENTATION,markdown,present,0259,,
doc/GPU_PATCH_0259_WALL_GUARD.md,GPU_PATCH_0259_WALL_GUARD.md,DOCUMENTATION,markdown,present,0259,,
doc/GPU_PATCH_0260.md,GPU_PATCH_0260.md,DOCUMENTATION,markdown,present,0260,,
doc/GPU_PATCH_0260_DIAGFIX.md,GPU_PATCH_0260_DIAGFIX.md,DOCUMENTATION,markdown,present,0260,,
doc/GPU_PATCH_0260_RUNNERFIX.md,GPU_PATCH_0260_RUNNERFIX.md,DOCUMENTATION,markdown,present,0260,,
doc/GPU_PATCH_0261.md,GPU_PATCH_0261.md,DOCUMENTATION,markdown,present,0261,,
doc/GPU_PATCH_0261_RUNNERFIX.md,GPU_PATCH_0261_RUNNERFIX.md,DOCUMENTATION,markdown,present,0261,,
doc/GPU_PATCH_0261_RUNNERFIX2.md,GPU_PATCH_0261_RUNNERFIX2.md,DOCUMENTATION,markdown,present,0261,,
doc/GPU_PATCH_0262.md,GPU_PATCH_0262.md,DOCUMENTATION,markdown,present,0262,,
doc/GPU_PATCH_0262_BUILDFIX.md,GPU_PATCH_0262_BUILDFIX.md,DOCUMENTATION,markdown,present,0262,,
doc/GPU_PATCH_0262_RESIDENTFIX.md,GPU_PATCH_0262_RESIDENTFIX.md,DOCUMENTATION,markdown,present,0262,,
doc/GPU_PATCH_0262_STREAMFIX.md,GPU_PATCH_0262_STREAMFIX.md,DOCUMENTATION,markdown,present,0262,,
doc/GPU_PATCH_0263B_BUILDFIX.md,GPU_PATCH_0263B_BUILDFIX.md,DOCUMENTATION,markdown,present,0263b,,
doc/GPU_PATCH_0263C_RUNNER_DIAGNOSTICFIX.md,GPU_PATCH_0263C_RUNNER_DIAGNOSTICFIX.md,DOCUMENTATION,markdown,present,0263c,,
doc/GPU_PATCH_0263D_INACTIVE_RESERVOIR_FIX.md,GPU_PATCH_0263D_INACTIVE_RESERVOIR_FIX.md,DOCUMENTATION,markdown,present,0263d,,
doc/GPU_PATCH_0263_IO_FULLFACE_RESIDENT.md,GPU_PATCH_0263_IO_FULLFACE_RESIDENT.md,DOCUMENTATION,markdown,present,0263,,
doc/GPU_PATCH_0264_IO_SEGMENTED_RESIDENT.md,GPU_PATCH_0264_IO_SEGMENTED_RESIDENT.md,DOCUMENTATION,markdown,present,0264,,
doc/GPU_PATCH_0265C_CONSOLIDATED_VERDICT_FILTER.md,GPU_PATCH_0265C_CONSOLIDATED_VERDICT_FILTER.md,DOCUMENTATION,markdown,present,0265c,,
doc/GPU_PATCH_0265_RESIDENT_CONSOLIDATED_VALIDATION.md,GPU_PATCH_0265_RESIDENT_CONSOLIDATED_VALIDATION.md,DOCUMENTATION,markdown,present,0265,,
doc/GPU_PATCH_0266_RESIDENT_PERFORMANCE_INSTRUMENTATION.md,GPU_PATCH_0266_RESIDENT_PERFORMANCE_INSTRUMENTATION.md,DOCUMENTATION,markdown,present,0266,,
doc/GPU_PATCH_0267_IO_RESIDENT_BOUNDARY_PARALLEL.md,GPU_PATCH_0267_IO_RESIDENT_BOUNDARY_PARALLEL.md,DOCUMENTATION,markdown,present,0267,,
doc/GPU_PATCH_0268_IO_FULLFACE_RESERVOIR_POOL.md,GPU_PATCH_0268_IO_FULLFACE_RESERVOIR_POOL.md,DOCUMENTATION,markdown,present,0268,,
doc/GPU_PATCH_0269A_IO_SEGMENTED_RESERVOIR_POOL.md,GPU_PATCH_0269A_IO_SEGMENTED_RESERVOIR_POOL.md,DOCUMENTATION,markdown,present,0269a,,
doc/GPU_PATCH_0270_WALL_RESIDENT_BOUNDARY_SKIP.md,GPU_PATCH_0270_WALL_RESIDENT_BOUNDARY_SKIP.md,DOCUMENTATION,markdown,present,0270,,
doc/GPU_PATCH_0271_WALL_PERIODIC_FIXED_OVERHEAD.md,GPU_PATCH_0271_WALL_PERIODIC_FIXED_OVERHEAD.md,DOCUMENTATION,markdown,present,0271,,
doc/GPU_PATCH_0272B_COLLISION_CELLCOUNT_FIX.md,GPU_PATCH_0272B_COLLISION_CELLCOUNT_FIX.md,DOCUMENTATION,markdown,present,0272b,,
doc/GPU_PATCH_0272_COLLISION_OVERHEAD.md,GPU_PATCH_0272_COLLISION_OVERHEAD.md,DOCUMENTATION,markdown,present,0272,,
doc/GPU_PATCH_0273_COLLISION_WRAPPER_OVERHEAD.md,GPU_PATCH_0273_COLLISION_WRAPPER_OVERHEAD.md,DOCUMENTATION,markdown,present,0273,,
doc/GPU_PATCH_0274B_FUSED_WALL_VELOCITY_FIX.md,GPU_PATCH_0274B_FUSED_WALL_VELOCITY_FIX.md,DOCUMENTATION,markdown,present,0274b,,
doc/GPU_PATCH_0274_FUSED_STREAM_DEPOSIT.md,GPU_PATCH_0274_FUSED_STREAM_DEPOSIT.md,DOCUMENTATION,markdown,present,0274,,
doc/GPU_PATCH_0275_CUDA_PRIMARY_BACKEND.md,GPU_PATCH_0275_CUDA_PRIMARY_BACKEND.md,DOCUMENTATION,markdown,present,0275,,
doc/GPU_PATCH_0276_CUDA_THERMOSTAT_WALL_SIMPLE.md,GPU_PATCH_0276_CUDA_THERMOSTAT_WALL_SIMPLE.md,DOCUMENTATION,markdown,present,0276,,
doc/GPU_PATCH_0277_CUDA_THERMOSTAT_SOLID_RECTANGLE.md,GPU_PATCH_0277_CUDA_THERMOSTAT_SOLID_RECTANGLE.md,DOCUMENTATION,markdown,present,0277,,
doc/GPU_PATCH_0278_CUDA_THERMOSTAT_PISTON.md,GPU_PATCH_0278_CUDA_THERMOSTAT_PISTON.md,DOCUMENTATION,markdown,present,0278,,
doc/GPU_PATCH_0279_CUDA_THERMOSTAT_IO_FULLFACE.md,GPU_PATCH_0279_CUDA_THERMOSTAT_IO_FULLFACE.md,DOCUMENTATION,markdown,present,0279,,
doc/GPU_PATCH_0280B_CUDA_THERMOSTAT_IO_SEGMENTED_RUNNERFIX.md,GPU_PATCH_0280B_CUDA_THERMOSTAT_IO_SEGMENTED_RUNNERFIX.md,DOCUMENTATION,markdown,present,0280b,,
doc/GPU_PATCH_0280C_CUDA_THERMOSTAT_IO_RESIDENT_SUPPORT.md,GPU_PATCH_0280C_CUDA_THERMOSTAT_IO_RESIDENT_SUPPORT.md,DOCUMENTATION,markdown,present,0280c,,
doc/GPU_PATCH_0280_CUDA_THERMOSTAT_IO_SEGMENTED.md,GPU_PATCH_0280_CUDA_THERMOSTAT_IO_SEGMENTED.md,DOCUMENTATION,markdown,present,0280,,
doc/GPU_PATCH_0281_CUDA_THERMOSTAT_CONSOLIDATION.md,GPU_PATCH_0281_CUDA_THERMOSTAT_CONSOLIDATION.md,DOCUMENTATION,markdown,present,0281,,
doc/GPU_PATCH_0283B_SRC_CLASSIC_CUDA_DEMO_RUNNERFIX.md,GPU_PATCH_0283B_SRC_CLASSIC_CUDA_DEMO_RUNNERFIX.md,DOCUMENTATION,markdown,present,0283b,,
doc/GPU_PATCH_0283C_SRC_CLASSIC_CUDA_DEMO_BOX_IO_POOL.md,GPU_PATCH_0283C_SRC_CLASSIC_CUDA_DEMO_BOX_IO_POOL.md,DOCUMENTATION,markdown,present,0283c,,
doc/GPU_PATCH_0283_SRC_CLASSIC_CUDA_DEMOS.md,GPU_PATCH_0283_SRC_CLASSIC_CUDA_DEMOS.md,DOCUMENTATION,markdown,present,0283,,
doc/GPU_PATCH_0284_CUDA_IMMERSED_CIRCLE_PERIODIC.md,GPU_PATCH_0284_CUDA_IMMERSED_CIRCLE_PERIODIC.md,DOCUMENTATION,markdown,present,0284,,
doc/GPU_PATCH_0285B_CUDA_CIRCLE_IO_BUILD_FIX.md,GPU_PATCH_0285B_CUDA_CIRCLE_IO_BUILD_FIX.md,DOCUMENTATION,markdown,present,0285b,,
doc/GPU_PATCH_0285_CUDA_CIRCLE_INLET_OUTLET.md,GPU_PATCH_0285_CUDA_CIRCLE_INLET_OUTLET.md,DOCUMENTATION,markdown,present,0285,,
doc/GPU_PATCH_0286_SRC_CLASSIC_FULL_CUDA_CONSOLIDATION.md,GPU_PATCH_0286_SRC_CLASSIC_FULL_CUDA_CONSOLIDATION.md,DOCUMENTATION,markdown,present,0286,,
doc/GPU_PATCH_0288_SEGMENTED_INLET_CLIPPING.md,GPU_PATCH_0288_SEGMENTED_INLET_CLIPPING.md,DOCUMENTATION,markdown,present,0288,,
doc/GPU_PATCH_0289_VALIDATED_ARTIFACTS_POLICY.md,GPU_PATCH_0289_VALIDATED_ARTIFACTS_POLICY.md,DOCUMENTATION,markdown,present,0289,,
doc/GPU_PATCH_0290_UNUSED_SEGMENT_HOST_WARNING.md,GPU_PATCH_0290_UNUSED_SEGMENT_HOST_WARNING.md,DOCUMENTATION,markdown,present,0290,,
doc/GPU_PATCH_0291B_THERMOSTAT_ENABLE_GATE.md,GPU_PATCH_0291B_THERMOSTAT_ENABLE_GATE.md,DOCUMENTATION,markdown,present,0291b,,
doc/GPU_PATCH_0291_EXPLICIT_OUTLET_REGIMES.md,GPU_PATCH_0291_EXPLICIT_OUTLET_REGIMES.md,DOCUMENTATION,markdown,present,0291,,
doc/GPU_PATCH_0293_EQUILIBRIUM_OUTLET_PREEXTRACT.md,GPU_PATCH_0293_EQUILIBRIUM_OUTLET_PREEXTRACT.md,DOCUMENTATION,markdown,present,0293,,
doc/GPU_PATCH_0318B_SCRIPT_RUNTIME_FLAGS.md,GPU_PATCH_0318B_SCRIPT_RUNTIME_FLAGS.md,DOCUMENTATION,markdown,present,0318b,,
doc/GPU_PATCH_0318_WALL_CIRCLE_RESIDENT.md,GPU_PATCH_0318_WALL_CIRCLE_RESIDENT.md,DOCUMENTATION,markdown,present,0318,,
doc/GPU_PATCH_0319_SKIP_WALL_VP_DIAG.md,GPU_PATCH_0319_SKIP_WALL_VP_DIAG.md,DOCUMENTATION,markdown,present,0319,,
doc/GPU_PATCH_0320_WALL_FAST_DIAG_DEFAULTS.md,GPU_PATCH_0320_WALL_FAST_DIAG_DEFAULTS.md,DOCUMENTATION,markdown,present,0320,,
doc/GPU_PATCH_0321_FAST_COLLISION_THERMOSTAT_DIAG.md,GPU_PATCH_0321_FAST_COLLISION_THERMOSTAT_DIAG.md,DOCUMENTATION,markdown,present,0321,,
doc/GPU_PATCH_0322_SHARED_THERMOSTAT_ROTATION_SETUP.md,GPU_PATCH_0322_SHARED_THERMOSTAT_ROTATION_SETUP.md,DOCUMENTATION,markdown,present,0322,,
doc/GPU_PATCH_0324_COLLISION_KERNEL_BREAKDOWN.md,GPU_PATCH_0324_COLLISION_KERNEL_BREAKDOWN.md,DOCUMENTATION,markdown,present,0324,,
doc/GPU_PATCH_0325B_ROLLBACK_FUSE_WALL_FINALIZE_ROTATION.md,GPU_PATCH_0325B_ROLLBACK_FUSE_WALL_FINALIZE_ROTATION.md,DOCUMENTATION,markdown,present,0325b,,
doc/GPU_PATCH_0325_FUSE_WALL_FINALIZE_ROTATION.md,GPU_PATCH_0325_FUSE_WALL_FINALIZE_ROTATION.md,DOCUMENTATION,markdown,present,0325,,
doc/GPU_PATCH_0327B_SKIP_HOST_CELLID_RESIZE.md,GPU_PATCH_0327B_SKIP_HOST_CELLID_RESIZE.md,DOCUMENTATION,markdown,present,0327b,,
doc/GPU_PATCH_0327_SKIP_HOST_CELLID_FILL.md,GPU_PATCH_0327_SKIP_HOST_CELLID_FILL.md,DOCUMENTATION,markdown,present,0327,,
doc/GPU_PATCH_0329B_ROTATION_TABLE_CACHE_COMPILE_FIX.md,GPU_PATCH_0329B_ROTATION_TABLE_CACHE_COMPILE_FIX.md,DOCUMENTATION,markdown,present,0329b,,
doc/GPU_PATCH_0329_ROTATION_TABLE_CACHE.md,GPU_PATCH_0329_ROTATION_TABLE_CACHE.md,DOCUMENTATION,markdown,present,0329,,
doc/GPU_PATCH_0330B_IMMERSED_CIRCLE_FAST_DIAG_COMPILE_FIX.md,GPU_PATCH_0330B_IMMERSED_CIRCLE_FAST_DIAG_COMPILE_FIX.md,DOCUMENTATION,markdown,present,0330b,,
doc/GPU_PATCH_0330_IMMERSED_CIRCLE_FAST_DIAG.md,GPU_PATCH_0330_IMMERSED_CIRCLE_FAST_DIAG.md,DOCUMENTATION,markdown,present,0330,,
doc/GPU_PATCH_0364_WALL_RESIDENT_THERMOSTAT_0251.md,GPU_PATCH_0364_WALL_RESIDENT_THERMOSTAT_0251.md,DOCUMENTATION,markdown,present,0364;0251,,
doc/GPU_PHASE_PROFILE_0317C.md,GPU_PHASE_PROFILE_0317C.md,DOCUMENTATION,markdown,present,0317c,,
doc/GPU_PHASE_PROFILE_0317D.md,GPU_PHASE_PROFILE_0317D.md,DOCUMENTATION,markdown,present,0317d,,
doc/GPU_PORTABLE_DEMOS_0330B_AND_VISUALIZATION.md,GPU_PORTABLE_DEMOS_0330B_AND_VISUALIZATION.md,DOCUMENTATION,markdown,present,0330b,,
doc/GPU_Q6_CUDA_RESIDENT_STRATEGY_0400.md,GPU_Q6_CUDA_RESIDENT_STRATEGY_0400.md,DOCUMENTATION,markdown,present,0400,,
doc/GPU_RESAMPLING_CUDA_0296.md,GPU_RESAMPLING_CUDA_0296.md,DOCUMENTATION,markdown,present,0296,,
doc/GPU_RESAMPLING_CUDA_0297.md,GPU_RESAMPLING_CUDA_0297.md,DOCUMENTATION,markdown,present,0297,,
doc/GPU_RESAMPLING_CUDA_0298.md,GPU_RESAMPLING_CUDA_0298.md,DOCUMENTATION,markdown,present,0298,,
doc/GPU_RESAMPLING_CUDA_0299.md,GPU_RESAMPLING_CUDA_0299.md,DOCUMENTATION,markdown,present,0299,,
doc/GPU_RESAMPLING_CUDA_0300_ACTIVE_VALIDATION.md,GPU_RESAMPLING_CUDA_0300_ACTIVE_VALIDATION.md,DOCUMENTATION,markdown,present,0300,,
doc/GPU_RESAMPLING_CUDA_0301_BACKWARD_STEP_LONG.md,GPU_RESAMPLING_CUDA_0301_BACKWARD_STEP_LONG.md,DOCUMENTATION,markdown,present,0301,,
doc/GPU_RESAMPLING_CUDA_0302_BACKWARD_STEP_SYNTHESIS.md,GPU_RESAMPLING_CUDA_0302_BACKWARD_STEP_SYNTHESIS.md,DOCUMENTATION,markdown,present,0302,,
doc/GPU_RESAMPLING_CUDA_0303_DEMO_SCRIPTS.md,GPU_RESAMPLING_CUDA_0303_DEMO_SCRIPTS.md,DOCUMENTATION,markdown,present,0303,,
doc/GPU_RESAMPLING_CUDA_0304_ADAPTIVE_FLAG.md,GPU_RESAMPLING_CUDA_0304_ADAPTIVE_FLAG.md,DOCUMENTATION,markdown,present,0304,,
doc/GPU_RESAMPLING_CUDA_0305_GEOMETRY_DIAGNOSTICS.md,GPU_RESAMPLING_CUDA_0305_GEOMETRY_DIAGNOSTICS.md,DOCUMENTATION,markdown,present,0305,,
doc/GPU_RESAMPLING_CUDA_0305_GEOMETRY_DIAGNOSTICS_ANALYZER_FIX.md,GPU_RESAMPLING_CUDA_0305_GEOMETRY_DIAGNOSTICS_ANALYZER_FIX.md,DOCUMENTATION,markdown,present,0305,,
doc/GPU_RESAMPLING_CUDA_0305_GEOMETRY_DIAGNOSTICS_FIX.md,GPU_RESAMPLING_CUDA_0305_GEOMETRY_DIAGNOSTICS_FIX.md,DOCUMENTATION,markdown,present,0305,,
doc/GPU_RESAMPLING_CUDA_0306_OUTLIER_DIAGNOSTICS.md,GPU_RESAMPLING_CUDA_0306_OUTLIER_DIAGNOSTICS.md,DOCUMENTATION,markdown,present,0306,,
doc/GPU_RESAMPLING_CUDA_0306_RUNNER_FIX.md,GPU_RESAMPLING_CUDA_0306_RUNNER_FIX.md,DOCUMENTATION,markdown,present,0306,,
doc/GPU_RESAMPLING_CUDA_0307_BUILD_FIX.md,GPU_RESAMPLING_CUDA_0307_BUILD_FIX.md,DOCUMENTATION,markdown,present,0307,,
doc/GPU_RESAMPLING_CUDA_0307_SPLIT_SAFETY.md,GPU_RESAMPLING_CUDA_0307_SPLIT_SAFETY.md,DOCUMENTATION,markdown,present,0307,,
doc/GPU_RESAMPLING_CUDA_0308_SPLIT_SAFETY_CONSOLIDATION.md,GPU_RESAMPLING_CUDA_0308_SPLIT_SAFETY_CONSOLIDATION.md,DOCUMENTATION,markdown,present,0308,,
doc/GPU_RESAMPLING_CUDA_0308_STRICT_RUNNER_FIX.md,GPU_RESAMPLING_CUDA_0308_STRICT_RUNNER_FIX.md,DOCUMENTATION,markdown,present,0308,,
doc/GPU_RESAMPLING_CUDA_0309_VISUAL_DEMOS.md,GPU_RESAMPLING_CUDA_0309_VISUAL_DEMOS.md,DOCUMENTATION,markdown,present,0309,,
doc/GPU_RESAMPLING_CUDA_0311_INACTIVE_SLOT_DEFAULTS.md,GPU_RESAMPLING_CUDA_0311_INACTIVE_SLOT_DEFAULTS.md,DOCUMENTATION,markdown,present,0311,,
doc/GPU_RESAMPLING_CUDA_0315_PORTABLE_DEMOS.md,GPU_RESAMPLING_CUDA_0315_PORTABLE_DEMOS.md,DOCUMENTATION,markdown,present,0315,,
doc/GPU_RESAMPLING_CUDA_AUDIT_0294.md,GPU_RESAMPLING_CUDA_AUDIT_0294.md,DOCUMENTATION,markdown,present,0294,,
doc/GPU_ROLLBACK_0329C_REMOVE_ROTATION_TABLE_CACHE.md,GPU_ROLLBACK_0329C_REMOVE_ROTATION_TABLE_CACHE.md,DOCUMENTATION,markdown,present,0329c,,
doc/GPU_SRC_CLASSIC_CUDA_STATUS_0286.md,GPU_SRC_CLASSIC_CUDA_STATUS_0286.md,DOCUMENTATION,markdown,present,0286,,
doc/GPU_THERMOSTAT_CUDA_STATUS_0281.md,GPU_THERMOSTAT_CUDA_STATUS_0281.md,DOCUMENTATION,markdown,present,0281,,
doc/GPU_VALIDATION_0365_RESAMPLING_EMPTY_REFILL_4CASES.md,GPU_VALIDATION_0365_RESAMPLING_EMPTY_REFILL_4CASES.md,DOCUMENTATION,markdown,present,0365,,
doc/INITIAL_INACTIVE_SLOTS_0417.md,INITIAL_INACTIVE_SLOTS_0417.md,DOCUMENTATION,markdown,present,0417,,
doc/INJECTION_FILL_RESAMPLING_0435F.md,INJECTION_FILL_RESAMPLING_0435F.md,DOCUMENTATION,markdown,present,0435f,,
doc/INTEG_ROADMAP_0430.md,INTEG_ROADMAP_0430.md,DOCUMENTATION,markdown,present,0430,,
doc/Q6_CUDA_AUTONOMOUS_SCRIPT_STATUS_0410.md,Q6_CUDA_AUTONOMOUS_SCRIPT_STATUS_0410.md,DOCUMENTATION,markdown,present,0410,,
doc/README_0182_OPENMP_LIGHT_FINAL_AUDIT_VALIDATION.md,README_0182_OPENMP_LIGHT_FINAL_AUDIT_VALIDATION.md,DOCUMENTATION,markdown,present,0182,,
doc/README_0183_GPU_AUDIT_FROM_LIGHT.md,README_0183_GPU_AUDIT_FROM_LIGHT.md,DOCUMENTATION,markdown,present,0183,,
doc/README_0184_GPU_PROJECTION_BACKEND_SCAFFOLD.md,README_0184_GPU_PROJECTION_BACKEND_SCAFFOLD.md,DOCUMENTATION,markdown,present,0184,,
doc/README_0185_GPU_BACKEND_DECISION.md,README_0185_GPU_BACKEND_DECISION.md,DOCUMENTATION,markdown,present,0185,,
doc/README_0186_CUDA_ONLY_BACKEND_START.md,README_0186_CUDA_ONLY_BACKEND_START.md,DOCUMENTATION,markdown,present,0186,,
doc/README_0187_CUDA_Q6_STANDALONE_CG.md,README_0187_CUDA_Q6_STANDALONE_CG.md,DOCUMENTATION,markdown,present,0187,,
doc/README_0188_CUDA_Q6_TG_INTEGRATION.md,README_0188_CUDA_Q6_TG_INTEGRATION.md,DOCUMENTATION,markdown,present,0188,,
doc/README_0189_CUDA_Q6_MEAN_REMOVAL_RESIDUAL_FIX.md,README_0189_CUDA_Q6_MEAN_REMOVAL_RESIDUAL_FIX.md,DOCUMENTATION,markdown,present,0189,,
doc/README_0190_CUDA_Q6_LAUNCH_OVERHEAD_CLEANUP.md,README_0190_CUDA_Q6_LAUNCH_OVERHEAD_CLEANUP.md,DOCUMENTATION,markdown,present,0190,,
doc/README_0191_CUDA_Q6_PERSISTENT_PLAN_CACHE.md,README_0191_CUDA_Q6_PERSISTENT_PLAN_CACHE.md,DOCUMENTATION,markdown,present,0191,,
doc/README_0192_CUDA_Q6_TIMING_AND_SCALING.md,README_0192_CUDA_Q6_TIMING_AND_SCALING.md,DOCUMENTATION,markdown,present,0192,,
doc/README_0193_CUDA_Q6_DEVICE_SCALAR_REDUCTION.md,README_0193_CUDA_Q6_DEVICE_SCALAR_REDUCTION.md,DOCUMENTATION,markdown,present,0193,,
doc/README_0194_CUDA_Q6_REDUCTION_MODE_DEFAULT.md,README_0194_CUDA_Q6_REDUCTION_MODE_DEFAULT.md,DOCUMENTATION,markdown,present,0194,,
doc/README_0195_CUDA_Q6_MEAN_REMOVAL_RESIDUAL_NORM_SHORTCUT.md,README_0195_CUDA_Q6_MEAN_REMOVAL_RESIDUAL_NORM_SHORTCUT.md,DOCUMENTATION,markdown,present,0195,,
doc/README_0196_CUDA_Q6_DEVICE_SCALAR_CG.md,README_0196_CUDA_Q6_DEVICE_SCALAR_CG.md,DOCUMENTATION,markdown,present,0196,,
doc/README_0197_CUDA_Q6_BATCHED_DEVICE_CG.md,README_0197_CUDA_Q6_BATCHED_DEVICE_CG.md,DOCUMENTATION,markdown,present,0197,,
doc/README_0198_CUDA_Q6_BATCHED_CG_MEAN_BOUNDARY_FIX.md,README_0198_CUDA_Q6_BATCHED_CG_MEAN_BOUNDARY_FIX.md,DOCUMENTATION,markdown,present,0198,,
doc/README_0199_CUDA_CELL_MOMENTS_DEPOSIT.md,README_0199_CUDA_CELL_MOMENTS_DEPOSIT.md,DOCUMENTATION,markdown,present,0199,,
doc/README_0200_CUDA_CELL_MOMENTS_SHADOW.md,README_0200_CUDA_CELL_MOMENTS_SHADOW.md,DOCUMENTATION,markdown,present,0200,,
doc/README_0201_CUDA_CELL_MOMENTS_ACTIVE.md,README_0201_CUDA_CELL_MOMENTS_ACTIVE.md,DOCUMENTATION,markdown,present,0201,,
doc/README_0202_CUDA_CELL_MOMENTS_FASTPATHS.md,README_0202_CUDA_CELL_MOMENTS_FASTPATHS.md,DOCUMENTATION,markdown,present,0202,,
doc/README_0203_CUDA_TG_COMBINED_GPU_PATHS.md,README_0203_CUDA_TG_COMBINED_GPU_PATHS.md,DOCUMENTATION,markdown,present,0203,,
doc/README_0204_CUDA_TG_COMBINED_HARNESS_FIX.md,README_0204_CUDA_TG_COMBINED_HARNESS_FIX.md,DOCUMENTATION,markdown,present,0204,,
doc/README_0205_CUDA_CELL_THERMOSTAT_STANDALONE.md,README_0205_CUDA_CELL_THERMOSTAT_STANDALONE.md,DOCUMENTATION,markdown,present,0205,,
doc/README_0206_CUDA_CELL_THERMOSTAT_SHADOW.md,README_0206_CUDA_CELL_THERMOSTAT_SHADOW.md,DOCUMENTATION,markdown,present,0206,,
doc/README_0207_CUDA_CELL_THERMOSTAT_ACTIVE.md,README_0207_CUDA_CELL_THERMOSTAT_ACTIVE.md,DOCUMENTATION,markdown,present,0207,,
doc/README_0208_CUDA_TG_FULL_GPU_STACK.md,README_0208_CUDA_TG_FULL_GPU_STACK.md,DOCUMENTATION,markdown,present,0208,,
doc/README_0209_CUDA_SRC_COLLISION_STANDALONE.md,README_0209_CUDA_SRC_COLLISION_STANDALONE.md,DOCUMENTATION,markdown,present,0209,,
doc/README_0210_CUDA_SRC_COLLISION_SHADOW.md,README_0210_CUDA_SRC_COLLISION_SHADOW.md,DOCUMENTATION,markdown,present,0210,,
doc/README_0211_CUDA_SRC_COLLISION_ACTIVE.md,README_0211_CUDA_SRC_COLLISION_ACTIVE.md,DOCUMENTATION,markdown,present,0211,,
doc/README_0212_CUDA_PERSISTENT_PARTICLE_STACK.md,README_0212_CUDA_PERSISTENT_PARTICLE_STACK.md,DOCUMENTATION,markdown,present,0212,,
doc/README_0213_CUDA_PERSISTENT_SRC_COLLISION_ACTIVE.md,README_0213_CUDA_PERSISTENT_SRC_COLLISION_ACTIVE.md,DOCUMENTATION,markdown,present,0213,,
doc/README_0214_CUDA_PERSISTENT_SRC_COLLISION_WORKSPACE_FIX.md,README_0214_CUDA_PERSISTENT_SRC_COLLISION_WORKSPACE_FIX.md,DOCUMENTATION,markdown,present,0214,,
doc/README_0215_CUDA_PERSISTENT_SRC_THERMOSTAT.md,README_0215_CUDA_PERSISTENT_SRC_THERMOSTAT.md,DOCUMENTATION,markdown,present,0215,,
doc/README_0216_CUDA_PERSISTENT_COLLISION_Q6_THERMOSTAT.md,README_0216_CUDA_PERSISTENT_COLLISION_Q6_THERMOSTAT.md,DOCUMENTATION,markdown,present,0216,,
doc/README_0217_CUDA_PERSISTENT_COLLISION_Q6_THERMOSTAT_ORDERED.md,README_0217_CUDA_PERSISTENT_COLLISION_Q6_THERMOSTAT_ORDERED.md,DOCUMENTATION,markdown,present,0217,,
doc/README_0218_CUDA_PERSISTENT_PARTICLE_STATE.md,README_0218_CUDA_PERSISTENT_PARTICLE_STATE.md,DOCUMENTATION,markdown,present,0218,,
doc/README_0219_CUDA_PERSISTENT_PARTICLE_BRIDGE.md,README_0219_CUDA_PERSISTENT_PARTICLE_BRIDGE.md,DOCUMENTATION,markdown,present,0219,,
doc/README_0220_CUDA_PERSISTENT_PARTICLE_STATE_ACTIVE.md,README_0220_CUDA_PERSISTENT_PARTICLE_STATE_ACTIVE.md,DOCUMENTATION,markdown,present,0220,,
doc/README_0221_CUDA_PERSISTENT_WARNING_CLEANUP.md,README_0221_CUDA_PERSISTENT_WARNING_CLEANUP.md,DOCUMENTATION,markdown,present,0221,,
doc/README_0222_CUDA_PERSISTENT_PARTICLE_UPLOAD_FASTPATH.md,README_0222_CUDA_PERSISTENT_PARTICLE_UPLOAD_FASTPATH.md,DOCUMENTATION,markdown,present,0222,,
doc/README_0223_CUDA_PERSISTENT_METADATA_CACHE.md,README_0223_CUDA_PERSISTENT_METADATA_CACHE.md,DOCUMENTATION,markdown,present,0223,,
doc/README_0224_CUDA_PERSISTENT_CELL_WORKSPACE.md,README_0224_CUDA_PERSISTENT_CELL_WORKSPACE.md,DOCUMENTATION,markdown,present,0224,,
doc/README_0225_CUDA_PERSISTENT_CELL_WORKSPACE_ACTIVE.md,README_0225_CUDA_PERSISTENT_CELL_WORKSPACE_ACTIVE.md,DOCUMENTATION,markdown,present,0225,,
doc/README_0226_CUDA_PERSISTENT_CELL_WORKSPACE_Q6.md,README_0226_CUDA_PERSISTENT_CELL_WORKSPACE_Q6.md,DOCUMENTATION,markdown,present,0226,,
doc/README_0227_CUDA_RESAMPLING_GUARD_CLASSIFICATION.md,README_0227_CUDA_RESAMPLING_GUARD_CLASSIFICATION.md,DOCUMENTATION,markdown,present,0227,,
doc/README_0228_CUDA_RESAMPLING_COMPACTION_PLAN.md,README_0228_CUDA_RESAMPLING_COMPACTION_PLAN.md,DOCUMENTATION,markdown,present,0228,,
doc/README_0229_CUDA_RESAMPLING_SHADOW_REAL_DEPOSIT.md,README_0229_CUDA_RESAMPLING_SHADOW_REAL_DEPOSIT.md,DOCUMENTATION,markdown,present,0229,,
doc/README_0230_CUDA_RESAMPLING_SHADOW_HARNESS_FIX.md,README_0230_CUDA_RESAMPLING_SHADOW_HARNESS_FIX.md,DOCUMENTATION,markdown,present,0230,,
doc/README_0231_CUDA_RESAMPLING_SHADOW_PLAN_POLICY.md,README_0231_CUDA_RESAMPLING_SHADOW_PLAN_POLICY.md,DOCUMENTATION,markdown,present,0231,,
doc/README_0232_CUDA_RESAMPLING_PARTICLE_SELECTION.md,README_0232_CUDA_RESAMPLING_PARTICLE_SELECTION.md,DOCUMENTATION,markdown,present,0232,,
doc/README_0233_CUDA_RESAMPLING_SHADOW_TRANSFER.md,README_0233_CUDA_RESAMPLING_SHADOW_TRANSFER.md,DOCUMENTATION,markdown,present,0233,,
doc/README_0234B_CUDA_RESAMPLING_TRANSFER_SHADOW_COMPILE_FIX.md,README_0234B_CUDA_RESAMPLING_TRANSFER_SHADOW_COMPILE_FIX.md,DOCUMENTATION,markdown,present,0234b,,
doc/README_0234_CUDA_RESAMPLING_TRANSFER_SHADOW_REAL.md,README_0234_CUDA_RESAMPLING_TRANSFER_SHADOW_REAL.md,DOCUMENTATION,markdown,present,0234,,
doc/README_0235_CUDA_RESAMPLING_TRANSFER_COVERAGE.md,README_0235_CUDA_RESAMPLING_TRANSFER_COVERAGE.md,DOCUMENTATION,markdown,present,0235,,
doc/README_0236_CUDA_RESAMPLING_ACTIVE_INSERTION.md,README_0236_CUDA_RESAMPLING_ACTIVE_INSERTION.md,DOCUMENTATION,markdown,present,0236,,
doc/README_0237_CUDA_RESAMPLING_ACTIVE_EXTRACTION_INSERTION.md,README_0237_CUDA_RESAMPLING_ACTIVE_EXTRACTION_INSERTION.md,DOCUMENTATION,markdown,present,0237,,
doc/README_0238_CUDA_NOQ6_PERSISTENT_RESAMPLING.md,README_0238_CUDA_NOQ6_PERSISTENT_RESAMPLING.md,DOCUMENTATION,markdown,present,0238,,
doc/README_0239_CUDA_RESAMPLING_PERSISTENT_STATE_OPS.md,README_0239_CUDA_RESAMPLING_PERSISTENT_STATE_OPS.md,DOCUMENTATION,markdown,present,0239,,
doc/README_0417.md,README_0417.md,DOCUMENTATION,markdown,present,0417,,
doc/README_0418.md,README_0418.md,DOCUMENTATION,markdown,present,0418,,
doc/README_0419.md,README_0419.md,DOCUMENTATION,markdown,present,0419,,
doc/README_0420.md,README_0420.md,DOCUMENTATION,markdown,present,0420,,
doc/README_0421.md,README_0421.md,DOCUMENTATION,markdown,present,0421,,
doc/README_0422.md,README_0422.md,DOCUMENTATION,markdown,present,0422,,
doc/README_0424.md,README_0424.md,DOCUMENTATION,markdown,present,0424,,
doc/README_0425_IO_ABLATION.md,README_0425_IO_ABLATION.md,DOCUMENTATION,markdown,present,0425,,
doc/README_0426_DARCY_FASTFLAGS.md,README_0426_DARCY_FASTFLAGS.md,DOCUMENTATION,markdown,present,0426,,
doc/README_0431_INJECTION_FILL.md,README_0431_INJECTION_FILL.md,DOCUMENTATION,markdown,present,0431,,
doc/README_0432A_FILTERED_FIELD_RECORDING_STRICT.md,README_0432A_FILTERED_FIELD_RECORDING_STRICT.md,DOCUMENTATION,markdown,present,0432a,,
doc/README_0435C_EQUIVALENCE_OVERRIDE_FIX.md,README_0435C_EQUIVALENCE_OVERRIDE_FIX.md,DOCUMENTATION,markdown,present,0435c,,
doc/README_0483B.md,README_0483B.md,DOCUMENTATION,markdown,present,0483b,,
doc/README_0483_CODE_DIFF.md,README_0483_CODE_DIFF.md,DOCUMENTATION,markdown,present,0483,,
doc/README_0484.md,README_0484.md,DOCUMENTATION,markdown,present,0484,,
doc/README_0485.md,README_0485.md,DOCUMENTATION,markdown,present,0485,,
doc/README_0486.md,README_0486.md,DOCUMENTATION,markdown,present,0486,,
doc/README_0487.md,README_0487.md,DOCUMENTATION,markdown,present,0487,,
doc/README_0487C.md,README_0487C.md,DOCUMENTATION,markdown,present,0487c,,
doc/README_0490A_SPECIES_REGISTRY_SCAFFOLD.md,README_0490A_SPECIES_REGISTRY_SCAFFOLD.md,DOCUMENTATION,markdown,present,0490a,,
doc/README_0490B_SPECIES_CELL_DEPOSIT.md,README_0490B_SPECIES_CELL_DEPOSIT.md,DOCUMENTATION,markdown,present,0490b,,
doc/README_0490C_SPECIES_CONSERVATIVE_RESAMPLING.md,README_0490C_SPECIES_CONSERVATIVE_RESAMPLING.md,DOCUMENTATION,markdown,present,0490c,,
doc/README_0490D_PHASE_AWARE_MASS_CLOSURE.md,README_0490D_PHASE_AWARE_MASS_CLOSURE.md,DOCUMENTATION,markdown,present,0490d,,
doc/README_0490E_SPECIES_POPULATION_GUARD.md,README_0490E_SPECIES_POPULATION_GUARD.md,DOCUMENTATION,markdown,present,0490e,,
doc/README_0490F_MIXED_SPECIES_REFILL.md,README_0490F_MIXED_SPECIES_REFILL.md,DOCUMENTATION,markdown,present,0490f,,
doc/README_0490G_SPECIES_DONOR_RECEIVER_TRANSFERS.md,README_0490G_SPECIES_DONOR_RECEIVER_TRANSFERS.md,DOCUMENTATION,markdown,present,0490g,,
doc/README_0490H_CUDA_SPECIES_CELL_DEPOSIT.md,README_0490H_CUDA_SPECIES_CELL_DEPOSIT.md,DOCUMENTATION,markdown,present,0490h,,
doc/README_0490I_CUDA_SPECIES_MASS_CLOSURE.md,README_0490I_CUDA_SPECIES_MASS_CLOSURE.md,DOCUMENTATION,markdown,present,0490i,,
doc/README_0490J_CUDA_SPECIES_POPULATION_GUARD.md,README_0490J_CUDA_SPECIES_POPULATION_GUARD.md,DOCUMENTATION,markdown,present,0490j,,
doc/README_0490K_CUDA_SPECIES_TRANSFER_PLAN.md,README_0490K_CUDA_SPECIES_TRANSFER_PLAN.md,DOCUMENTATION,markdown,present,0490k,,
doc/README_0490L_CUDA_SPECIES_RESIDENT_VALIDATION.md,README_0490L_CUDA_SPECIES_RESIDENT_VALIDATION.md,DOCUMENTATION,markdown,present,0490l,,
doc/README_0490M_CUDA_SPECIES_RESIDENT_FAST_PATH.md,README_0490M_CUDA_SPECIES_RESIDENT_FAST_PATH.md,DOCUMENTATION,markdown,present,0490m,,
doc/README_0490M_FIX2_SPECIES_CONSERVATIVE_CLOSURE.md,README_0490M_FIX2_SPECIES_CONSERVATIVE_CLOSURE.md,DOCUMENTATION,markdown,present,0490m-fix2,,
doc/README_0490N_CUDA_SPECIES_RESIDENT_MAINTENANCE.md,README_0490N_CUDA_SPECIES_RESIDENT_MAINTENANCE.md,DOCUMENTATION,markdown,present,0490n,,
doc/README_0490N_FIX1_RESIDENT_SPECIES_TELEMETRY.md,README_0490N_FIX1_RESIDENT_SPECIES_TELEMETRY.md,DOCUMENTATION,markdown,present,0490n-fix1,,
doc/README_0490N_FIX2_MULTI_TRANSFER_MATERIALIZER.md,README_0490N_FIX2_MULTI_TRANSFER_MATERIALIZER.md,DOCUMENTATION,markdown,present,0490n-fix2,,
doc/README_0490P_DEVICE_CELL_POLICY_ZERO_CPU.md,README_0490P_DEVICE_CELL_POLICY_ZERO_CPU.md,DOCUMENTATION,markdown,present,0490p,,
doc/README_0491A_SPECIES_Q6_CONTRACT.md,README_0491A_SPECIES_Q6_CONTRACT.md,DOCUMENTATION,markdown,present,0491a,,
doc/README_0491H_FIX1_DEEP_QUALIFICATION.md,README_0491H_FIX1_DEEP_QUALIFICATION.md,DOCUMENTATION,markdown,present,0491h-fix1,,
doc/README_0492_RUN_OK_REFRESH.md,README_0492_RUN_OK_REFRESH.md,DOCUMENTATION,markdown,present,0492,,
doc/README_0493A_UNIVERSAL_SPECIES_RESIDENT.md,README_0493A_UNIVERSAL_SPECIES_RESIDENT.md,DOCUMENTATION,markdown,present,0493a,,
doc/README_0493B_UNIVERSAL_RESIDENT_PER_SPECIES.md,README_0493B_UNIVERSAL_RESIDENT_PER_SPECIES.md,DOCUMENTATION,markdown,present,0493b,,
doc/README_0493C_RESIDENT_QUALIFICATION.md,README_0493C_RESIDENT_QUALIFICATION.md,DOCUMENTATION,markdown,present,0493c,,
doc/README_0493E_MONOSPECIES_RESAMPLING_PHYSICS.md,README_0493E_MONOSPECIES_RESAMPLING_PHYSICS.md,DOCUMENTATION,markdown,present,0493e,,
doc/README_0493F_FIX2_PHYSICALLY_NEUTRAL.md,README_0493F_FIX2_PHYSICALLY_NEUTRAL.md,DOCUMENTATION,markdown,present,0493f-fix2,,
doc/README_0493F_TWO_SPECIES_RESAMPLING_PHYSICS.md,README_0493F_TWO_SPECIES_RESAMPLING_PHYSICS.md,DOCUMENTATION,markdown,present,0493f,,
doc/README_0493G_SPECIES_LOCAL_MOMENT_RESTORE.md,README_0493G_SPECIES_LOCAL_MOMENT_RESTORE.md,DOCUMENTATION,markdown,present,0493g,,
doc/README_0493H_PERIODIC_SHEAR_WAVE_PHYSICS.md,README_0493H_PERIODIC_SHEAR_WAVE_PHYSICS.md,DOCUMENTATION,markdown,present,0493h,,
doc/README_0493J_SPECIES_KINETIC_CLOSURE.md,README_0493J_SPECIES_KINETIC_CLOSURE.md,DOCUMENTATION,markdown,present,0493j,,
doc/README_0493K_TG_TRANSPORT_QUALIFICATION.md,README_0493K_TG_TRANSPORT_QUALIFICATION.md,DOCUMENTATION,markdown,present,0493k,,
doc/README_0493L_PARTICLE_WEIGHT_TRANSPORT_DIAGNOSTIC.md,README_0493L_PARTICLE_WEIGHT_TRANSPORT_DIAGNOSTIC.md,DOCUMENTATION,markdown,present,0493l,,
doc/README_0493M_EQUAL_MASS_COUNT_ENCODED_TG.md,README_0493M_EQUAL_MASS_COUNT_ENCODED_TG.md,DOCUMENTATION,markdown,present,0493m,,
doc/README_0493N_RESAMPLED_FLUID_REDUCED_SWEEP.md,README_0493N_RESAMPLED_FLUID_REDUCED_SWEEP.md,DOCUMENTATION,markdown,present,0493n,,
doc/README_0493O0_SRC_BASELINE_DUAL_BENCH.md,README_0493O0_SRC_BASELINE_DUAL_BENCH.md,DOCUMENTATION,markdown,present,0493o0,,
doc/README_0493O1_FIX2_CUDA_AUTHORITY.md,README_0493O1_FIX2_CUDA_AUTHORITY.md,DOCUMENTATION,markdown,present,0493o1-fix2,,
doc/README_0493O1_TARGET_DRIVEN_NEFF_SPLIT_GUARD.md,README_0493O1_TARGET_DRIVEN_NEFF_SPLIT_GUARD.md,DOCUMENTATION,markdown,present,0493o1,,
doc/README_0493O2_FIX1_TG_MULTISPECIES_RUNNER.md,README_0493O2_FIX1_TG_MULTISPECIES_RUNNER.md,DOCUMENTATION,markdown,present,0493o2-fix1,,
doc/README_0493O3_NO_POOR_EARLY_EXIT.md,README_0493O3_NO_POOR_EARLY_EXIT.md,DOCUMENTATION,markdown,present,0493o3,,
doc/README_0493W0_DARCY_KINETIC_REGIME_SWEEP.md,README_0493W0_DARCY_KINETIC_REGIME_SWEEP.md,DOCUMENTATION,markdown,present,0493w0,,
doc/README_0493W1_SRC_FLUID_CALIBRATOR.md,README_0493W1_SRC_FLUID_CALIBRATOR.md,DOCUMENTATION,markdown,present,0493w1,,
doc/README_0493W5_INDEPENDENT_MASKED_Q6_STAGE1.md,README_0493W5_INDEPENDENT_MASKED_Q6_STAGE1.md,DOCUMENTATION,markdown,present,0493w5,,
doc/README_0493W6_INDEPENDENT_MASKED_POSTAPPLY_DIAGNOSTIC.md,README_0493W6_INDEPENDENT_MASKED_POSTAPPLY_DIAGNOSTIC.md,DOCUMENTATION,markdown,present,0493w6,,
doc/README_0493W7_INDEPENDENT_MASKED_Q6_MULTIBC.md,README_0493W7_INDEPENDENT_MASKED_Q6_MULTIBC.md,DOCUMENTATION,markdown,present,0493w7,,
doc/README_0493W8_TG_MONO_DUAL_IDENTICAL_EQUIVALENCE.md,README_0493W8_TG_MONO_DUAL_IDENTICAL_EQUIVALENCE.md,DOCUMENTATION,markdown,present,0493w8,,
doc/README_0493X0_DAM_BREAK_DEMO.md,README_0493X0_DAM_BREAK_DEMO.md,DOCUMENTATION,markdown,present,x0,,
doc/README_0493X12CAL_CAPILLARY_CALIBRATOR.md,README_0493X12CAL_CAPILLARY_CALIBRATOR.md,DOCUMENTATION,markdown,present,x12cal,x12cal,
doc/README_0493X12YL_YOUNG_LAPLACE_CALIBRATOR.md,README_0493X12YL_YOUNG_LAPLACE_CALIBRATOR.md,DOCUMENTATION,markdown,present,x12yl,x12yl,
doc/README_0493X13A_SRC_HIGH_RE_PRESWEEP.md,README_0493X13A_SRC_HIGH_RE_PRESWEEP.md,DOCUMENTATION,markdown,present,x13a,x13a,
doc/README_0493X13B_CONSTITUTIVE_TRANSPORT.md,README_0493X13B_CONSTITUTIVE_TRANSPORT.md,DOCUMENTATION,markdown,present,x13b,x13b,
doc/README_0493X13B_C_FRACTIONAL_SOUND_FIX1.md,README_0493X13B_C_FRACTIONAL_SOUND_FIX1.md,DOCUMENTATION,markdown,present,x13b,x13b,
doc/README_0493X13C_TRANSPORT_QUALIFICATION.md,README_0493X13C_TRANSPORT_QUALIFICATION.md,DOCUMENTATION,markdown,present,x13c,x13c,
doc/README_0493X13D_C_FASTFIT_FIX1.md,README_0493X13D_C_FASTFIT_FIX1.md,DOCUMENTATION,markdown,present,x13d,x13d,
doc/README_0493X13D_TRANSPORT_FOLLOWUP.md,README_0493X13D_TRANSPORT_FOLLOWUP.md,DOCUMENTATION,markdown,present,x13d,x13d,
doc/README_0493X13E_COMPRESSIBLE_MACH_REACH.md,README_0493X13E_COMPRESSIBLE_MACH_REACH.md,DOCUMENTATION,markdown,present,x13e,x13e,
doc/README_0493X13F_G08_LOCAL_TRANSPORT_OPTIMIZATION.md,README_0493X13F_G08_LOCAL_TRANSPORT_OPTIMIZATION.md,DOCUMENTATION,markdown,present,x13f,x13f,
doc/README_0493X13G_G08_REPRODUCIBILITY.md,README_0493X13G_G08_REPRODUCIBILITY.md,DOCUMENTATION,markdown,present,x13g,x13g,
doc/README_0493X13H_L072_QUALIFICATION.md,README_0493X13H_L072_QUALIFICATION.md,DOCUMENTATION,markdown,present,x13h,x13h,
doc/README_0493X14AA_X6G_FACE_THERMO_TRACTION.md,README_0493X14AA_X6G_FACE_THERMO_TRACTION.md,DOCUMENTATION,markdown,present,x14aa;x6g,x14aa;x6g,
doc/README_0493X14AB_HYBRID_GAUGE_THERMO_TRACTION.md,README_0493X14AB_HYBRID_GAUGE_THERMO_TRACTION.md,DOCUMENTATION,markdown,present,x14ab,x14ab,
doc/README_0493X14AC_GAUGE_RESULTANT_PROJECTION.md,README_0493X14AC_GAUGE_RESULTANT_PROJECTION.md,DOCUMENTATION,markdown,present,x14ac,x14ac,
doc/README_0493X14AD_LOCAL_X6G_FACE_GAUGE_PROJECTION.md,README_0493X14AD_LOCAL_X6G_FACE_GAUGE_PROJECTION.md,DOCUMENTATION,markdown,present,x14ad;x6g,x14ad;x6g,
doc/README_0493X14AE_SCATTER_LOSS_DIAGNOSTIC.md,README_0493X14AE_SCATTER_LOSS_DIAGNOSTIC.md,DOCUMENTATION,markdown,present,x14ae,x14ae,
doc/README_0493X14AF_X14AG_BALANCE_AND_DYNAMIC_DRAG.md,README_0493X14AF_X14AG_BALANCE_AND_DYNAMIC_DRAG.md,DOCUMENTATION,markdown,present,x14af;x14ag,x14af;x14ag,
doc/README_0493X14AH_CORRECTED_DYNAMIC_DRAG.md,README_0493X14AH_CORRECTED_DYNAMIC_DRAG.md,DOCUMENTATION,markdown,present,x14ah,x14ah,
doc/README_0493X14AI_DEVICE_APPLIED_Q6_RESULTANT_CLOSURE.md,README_0493X14AI_DEVICE_APPLIED_Q6_RESULTANT_CLOSURE.md,DOCUMENTATION,markdown,present,x14ai,x14ai,
doc/README_0493X14AI_FIX1_POST_PERIODIC_RESULTANT.md,README_0493X14AI_FIX1_POST_PERIODIC_RESULTANT.md,DOCUMENTATION,markdown,present,x14ai,x14ai,
doc/README_0493X14AL_TC_HISTORICAL_AB.md,README_0493X14AL_TC_HISTORICAL_AB.md,DOCUMENTATION,markdown,present,x14al,x14al,
doc/README_0493X14AM_YOUNG_LAPLACE_TWO_PHASE.md,README_0493X14AM_YOUNG_LAPLACE_TWO_PHASE.md,DOCUMENTATION,markdown,present,x14am,x14am,
doc/README_0493X14U_NORMAL_KINETIC_IMPACT.md,README_0493X14U_NORMAL_KINETIC_IMPACT.md,DOCUMENTATION,markdown,present,x14u,x14u,
doc/README_0493X14V_GAS_KINETIC_EXCESS_KICK.md,README_0493X14V_GAS_KINETIC_EXCESS_KICK.md,DOCUMENTATION,markdown,present,x14v,x14v,
doc/README_0493X14W_TWO_PHASE_COUETTE.md,README_0493X14W_TWO_PHASE_COUETTE.md,DOCUMENTATION,markdown,present,x14w,x14w,
doc/README_0493X14X_TWO_PHASE_OSCILLATING_DROP_N2.md,README_0493X14X_TWO_PHASE_OSCILLATING_DROP_N2.md,DOCUMENTATION,markdown,present,x14x,x14x,
doc/README_0493X14X_X14V_ABLATION_OVERRIDE_FIX.md,README_0493X14X_X14V_ABLATION_OVERRIDE_FIX.md,DOCUMENTATION,markdown,present,x14x;x14v,x14v;x14x,
doc/README_0493X14Y_X14V_PG_SUBTRACTION_ABLATION.md,README_0493X14Y_X14V_PG_SUBTRACTION_ABLATION.md,DOCUMENTATION,markdown,present,x14y;x14v,x14v;x14y,
doc/README_0493X14Z_REFERENCE_PRESSURE_GEOMETRIC_CLOSURE.md,README_0493X14Z_REFERENCE_PRESSURE_GEOMETRIC_CLOSURE.md,DOCUMENTATION,markdown,present,x14z,x14z,
doc/README_0493X1_CLOSED_BOX_CUDA_RESIDENT.md,README_0493X1_CLOSED_BOX_CUDA_RESIDENT.md,DOCUMENTATION,markdown,present,x1,x1,
doc/README_0493X3_Q6_FORCE_PRESTREAM_TEST.md,README_0493X3_Q6_FORCE_PRESTREAM_TEST.md,DOCUMENTATION,markdown,present,x3,x3,
doc/README_0493X4A_Q6_FORCE_SINGLE_SOLVE.md,README_0493X4A_Q6_FORCE_SINGLE_SOLVE.md,DOCUMENTATION,markdown,present,x4a,x4a,
doc/README_0493X4B_Q6_FORCE_CUDA_FUSION.md,README_0493X4B_Q6_FORCE_CUDA_FUSION.md,DOCUMENTATION,markdown,present,x4b,x4b,
doc/README_0493X5A2_DYNAMIC_FREE_SURFACE_DAM_BREAK.md,README_0493X5A2_DYNAMIC_FREE_SURFACE_DAM_BREAK.md,DOCUMENTATION,markdown,present,x5a2,x5a2,
doc/README_0493X5A_PARTIAL_LIQUID_FREE_SURFACE.md,README_0493X5A_PARTIAL_LIQUID_FREE_SURFACE.md,DOCUMENTATION,markdown,present,x5a,x5a,
doc/README_0493X5B_LIQUID_GAS_FREE_SURFACE.md,README_0493X5B_LIQUID_GAS_FREE_SURFACE.md,DOCUMENTATION,markdown,present,x5b,x5b,
doc/README_0493X6A_Q6_PHASE_PRESSURE_DIAGNOSTIC.md,README_0493X6A_Q6_PHASE_PRESSURE_DIAGNOSTIC.md,DOCUMENTATION,markdown,present,x6a,x6a,
doc/README_0493X6B_PHASE_GEOMETRY_DIAGNOSTIC.md,README_0493X6B_PHASE_GEOMETRY_DIAGNOSTIC.md,DOCUMENTATION,markdown,present,x6b,x6b,
doc/README_0493X6C_PHASE_GEOMETRY_RESIDENT.md,README_0493X6C_PHASE_GEOMETRY_RESIDENT.md,DOCUMENTATION,markdown,present,x6c,x6c,
doc/README_0493X6D_GUARDED_CUTFACE_ZERO_PRESSURE.md,README_0493X6D_GUARDED_CUTFACE_ZERO_PRESSURE.md,DOCUMENTATION,markdown,present,x6d,x6d,
doc/README_0493X6E_PHASE_INTERFACE_TOPOLOGY.md,README_0493X6E_PHASE_INTERFACE_TOPOLOGY.md,DOCUMENTATION,markdown,present,x6e,x6e,
doc/README_0493X6F2_BOUNDED_PHASE_GEOMETRY.md,README_0493X6F2_BOUNDED_PHASE_GEOMETRY.md,DOCUMENTATION,markdown,present,x6f2,,
doc/README_0493X6F_PHASE_INTERFACE_STENCIL.md,README_0493X6F_PHASE_INTERFACE_STENCIL.md,DOCUMENTATION,markdown,present,x6f,x6f,
doc/README_0493X6G_PHASE_GAS_PRESSURE.md,README_0493X6G_PHASE_GAS_PRESSURE.md,DOCUMENTATION,markdown,present,x6g,x6g,
doc/README_0493X7A_CUDA_RESIDENT_VIRIAL.md,README_0493X7A_CUDA_RESIDENT_VIRIAL.md,DOCUMENTATION,markdown,present,x7a,,
doc/README_0493X7B_CONTINUUM_VIRIAL_GRID_SEMANTICS.md,README_0493X7B_CONTINUUM_VIRIAL_GRID_SEMANTICS.md,DOCUMENTATION,markdown,present,x7b,,
doc/README_0493X7C_Q6_DENSITY_RELAXATION_RHS.md,README_0493X7C_Q6_DENSITY_RELAXATION_RHS.md,DOCUMENTATION,markdown,present,x7c,,
doc/README_0493X7D_DENSITY_RELAXATION_TIME_GRID_REFINEMENT.md,README_0493X7D_DENSITY_RELAXATION_TIME_GRID_REFINEMENT.md,DOCUMENTATION,markdown,present,x7d,x7d,
doc/README_0493X7E_X6G_X7D_COMBINATION.md,README_0493X7E_X6G_X7D_COMBINATION.md,DOCUMENTATION,markdown,present,x7e;x6g;x7d,x6g;x7d;x7e,
doc/README_0493X7F_Q6_G_F_MULTIBC.md,README_0493X7F_Q6_G_F_MULTIBC.md,DOCUMENTATION,markdown,present,x7f,x7f,
doc/README_0493X7G_Q6_G_F_DARCY.md,README_0493X7G_Q6_G_F_DARCY.md,DOCUMENTATION,markdown,present,x7g,x7g,
doc/README_0493X7H_RUN_OK_Q6_G_F_COMPARISON.md,README_0493X7H_RUN_OK_Q6_G_F_COMPARISON.md,DOCUMENTATION,markdown,present,x7h,x7h,
doc/README_0493X7I_Q6_G_F_PHYSICAL_QUALIFICATION.md,README_0493X7I_Q6_G_F_PHYSICAL_QUALIFICATION.md,DOCUMENTATION,markdown,present,x7i,x7i,
doc/README_0493X7J_Q6_G_F_RESIDENT_CG.md,README_0493X7J_Q6_G_F_RESIDENT_CG.md,DOCUMENTATION,markdown,present,x7j,x7j,
doc/README_0493X7K_Q6_G_F_PRODUCTION_DIAGNOSTICS_STRIP.md,README_0493X7K_Q6_G_F_PRODUCTION_DIAGNOSTICS_STRIP.md,DOCUMENTATION,markdown,present,x7k,,
doc/README_0493X7L_Q6_G_F_PRODUCTION_THERMOSTAT_TELEMETRY_STRIP.md,README_0493X7L_Q6_G_F_PRODUCTION_THERMOSTAT_TELEMETRY_STRIP.md,DOCUMENTATION,markdown,present,x7l,,
doc/README_0493X7M_Q6_G_F_MONOPHASE_INTERFACE_GUARD.md,README_0493X7M_Q6_G_F_MONOPHASE_INTERFACE_GUARD.md,DOCUMENTATION,markdown,present,x7m,x7m,
doc/README_0493X7N_PATH_SELECTABLE_FLUID_CALIBRATOR.md,README_0493X7N_PATH_SELECTABLE_FLUID_CALIBRATOR.md,DOCUMENTATION,markdown,present,x7n,,
doc/README_0493X7U_VK_VORTICITY_TRANSPORT.md,README_0493X7U_VK_VORTICITY_TRANSPORT.md,DOCUMENTATION,markdown,present,x7u,,
doc/README_0493X7V_VK_SYMMETRY_BREAKING.md,README_0493X7V_VK_SYMMETRY_BREAKING.md,DOCUMENTATION,markdown,present,x7v,,
doc/README_0493X7Y_X7Q_RUNTIME_ABLATION.md,README_0493X7Y_X7Q_RUNTIME_ABLATION.md,DOCUMENTATION,markdown,present,x7y;x7q,x7q,
doc/README_0493X8A_EXACT_DARCY_MOMENTUM.md,README_0493X8A_EXACT_DARCY_MOMENTUM.md,DOCUMENTATION,markdown,present,x8a,,
doc/README_0493X8C_STAGE_MOMENTUM.md,README_0493X8C_STAGE_MOMENTUM.md,DOCUMENTATION,markdown,present,x8c,,
doc/README_0493X8D_Q6GF_POISEUILLE_QUALIFICATION.md,README_0493X8D_Q6GF_POISEUILLE_QUALIFICATION.md,DOCUMENTATION,markdown,present,x8d,,
doc/README_0493X8E_Q6GF_DARCY_VISCOSITY.md,README_0493X8E_Q6GF_DARCY_VISCOSITY.md,DOCUMENTATION,markdown,present,x8e,,
doc/README_0493X8H_VK_RESTART.md,README_0493X8H_VK_RESTART.md,DOCUMENTATION,markdown,present,x8h,,
doc/README_0493X9A.md,README_0493X9A.md,DOCUMENTATION,markdown,present,x9a,,
doc/README_0493X9B_AUDIT2.md,README_0493X9B_AUDIT2.md,DOCUMENTATION,markdown,present,x9b,,
doc/README_0493X9C_SMOOTHING_SWEEP.md,README_0493X9C_SMOOTHING_SWEEP.md,DOCUMENTATION,markdown,present,x9c,,
doc/README_0493X9D_ACTIVE_LAPLACE.md,README_0493X9D_ACTIVE_LAPLACE.md,DOCUMENTATION,markdown,present,x9d,x9d,
doc/README_0493X9E_STATIC_DROP_DIAGNOSTICS.md,README_0493X9E_STATIC_DROP_DIAGNOSTICS.md,DOCUMENTATION,markdown,present,x9e,x9e,
doc/README_0493X9F_ELLIPSE_DIAGNOSTICS.md,README_0493X9F_ELLIPSE_DIAGNOSTICS.md,DOCUMENTATION,markdown,present,x9f,x9f,
doc/README_0493x11_CAPILLARY_QUANTITATIVE_VALIDATION.md,README_0493x11_CAPILLARY_QUANTITATIVE_VALIDATION.md,DOCUMENTATION,markdown,present,x11,,
doc/README_0493x11c_REFINED_CAPILLARY_ANALYSIS.md,README_0493x11c_REFINED_CAPILLARY_ANALYSIS.md,DOCUMENTATION,markdown,present,x11c,,
doc/README_0493x11c_surface_tension_project_docs.md,README_0493x11c_surface_tension_project_docs.md,DOCUMENTATION,markdown,present,x11c,,
doc/README_0493x13zj.txt,README_0493x13zj.txt,DOCUMENTATION,,present,x13zj,,
doc/README_0493x13zk.txt,README_0493x13zk.txt,DOCUMENTATION,,present,x13zk,,
doc/README_0493x13zl.txt,README_0493x13zl.txt,DOCUMENTATION,,present,x13zl,,
doc/README_0493x13zn.txt,README_0493x13zn.txt,DOCUMENTATION,,present,x13zn,,
doc/README_0493x14an_PLANAR_GAS_JET_LIQUID_BATH.md,README_0493x14an_PLANAR_GAS_JET_LIQUID_BATH.md,DOCUMENTATION,markdown,present,x14an,,
doc/README_0493x14b_x14c.txt,README_0493x14b_x14c.txt,DOCUMENTATION,,present,x14b;x14c,,
doc/README_0493x14f_fix1.txt,README_0493x14f_fix1.txt,DOCUMENTATION,,present,x14f,,
doc/README_APPLY_0070_Q9_RAMP_FLOOR.md,README_APPLY_0070_Q9_RAMP_FLOOR.md,DOCUMENTATION,markdown,present,0070,,
doc/README_PARAMS_CUDA_0287.md,README_PARAMS_CUDA_0287.md,DOCUMENTATION,markdown,present,0287,,
doc/README_PARAMS_CUDA_0292.md,README_PARAMS_CUDA_0292.md,DOCUMENTATION,markdown,present,0292,,
doc/README_full_periodic_circle_resident_0334a.md,README_full_periodic_circle_resident_0334a.md,DOCUMENTATION,markdown,present,0334a,,
doc/README_live_visualization_0335a.md,README_live_visualization_0335a.md,DOCUMENTATION,markdown,present,0335a,,
doc/README_live_visualization_0335b_fix_namespace.md,README_live_visualization_0335b_fix_namespace.md,DOCUMENTATION,markdown,present,0335b,,
doc/README_src_transport_calibrator.md,README_src_transport_calibrator.md,DOCUMENTATION,markdown,present,,,
doc/README_vk_mono_vs_src_0333.md,README_vk_mono_vs_src_0333.md,DOCUMENTATION,markdown,present,0333,,
doc/README_vk_mono_vs_src_0333b.md,README_vk_mono_vs_src_0333b.md,DOCUMENTATION,markdown,present,0333b,,
doc/RESAMPLING_CUDA_COMPACT_SHADOW_0440.md,RESAMPLING_CUDA_COMPACT_SHADOW_0440.md,DOCUMENTATION,markdown,present,0440,,
doc/RESAMPLING_CUDA_CPUOP_CARRIER_0458.md,RESAMPLING_CUDA_CPUOP_CARRIER_0458.md,DOCUMENTATION,markdown,present,0458,,
doc/RESAMPLING_CUDA_CPUOP_CARRIER_0458B_RUNNER_FIX.md,RESAMPLING_CUDA_CPUOP_CARRIER_0458B_RUNNER_FIX.md,DOCUMENTATION,markdown,present,0458b,,
doc/RESAMPLING_CUDA_DEFERRED_RESIDENT_DOWNLOAD_0468.md,RESAMPLING_CUDA_DEFERRED_RESIDENT_DOWNLOAD_0468.md,DOCUMENTATION,markdown,present,0468,,
doc/RESAMPLING_CUDA_DEPOSIT_SHADOW_0439.md,RESAMPLING_CUDA_DEPOSIT_SHADOW_0439.md,DOCUMENTATION,markdown,present,0439,,
doc/RESAMPLING_CUDA_DEPOSIT_SHADOW_0439_LINK_FIX.md,RESAMPLING_CUDA_DEPOSIT_SHADOW_0439_LINK_FIX.md,DOCUMENTATION,markdown,present,0439,,
doc/RESAMPLING_CUDA_DEVICE_CARRIER_0455.md,RESAMPLING_CUDA_DEVICE_CARRIER_0455.md,DOCUMENTATION,markdown,present,0455,,
doc/RESAMPLING_CUDA_DEVICE_CARRIER_0456.md,RESAMPLING_CUDA_DEVICE_CARRIER_0456.md,DOCUMENTATION,markdown,present,0456,,
doc/RESAMPLING_CUDA_DIRECT_STATE_COMMIT_0471.md,RESAMPLING_CUDA_DIRECT_STATE_COMMIT_0471.md,DOCUMENTATION,markdown,present,0471,,
doc/RESAMPLING_CUDA_DONOR_SLICE_MATERIALIZER_0459.md,RESAMPLING_CUDA_DONOR_SLICE_MATERIALIZER_0459.md,DOCUMENTATION,markdown,present,0459,,
doc/RESAMPLING_CUDA_EXTERNAL_RESIDENT_CARRIER_0467B.md,RESAMPLING_CUDA_EXTERNAL_RESIDENT_CARRIER_0467B.md,DOCUMENTATION,markdown,present,0467b,,
doc/RESAMPLING_CUDA_HOST_PATCHBACK_FAST_COMMIT_0473.md,RESAMPLING_CUDA_HOST_PATCHBACK_FAST_COMMIT_0473.md,DOCUMENTATION,markdown,present,0473,,
doc/RESAMPLING_CUDA_MATERIALIZER_AUTHORITATIVE_0476.md,RESAMPLING_CUDA_MATERIALIZER_AUTHORITATIVE_0476.md,DOCUMENTATION,markdown,present,0476,,
doc/RESAMPLING_CUDA_MATERIALIZER_CELL_LIST_0475B.md,RESAMPLING_CUDA_MATERIALIZER_CELL_LIST_0475B.md,DOCUMENTATION,markdown,present,0475b,,
doc/RESAMPLING_CUDA_MATERIALIZER_ON_PLAN_0475A.md,RESAMPLING_CUDA_MATERIALIZER_ON_PLAN_0475A.md,DOCUMENTATION,markdown,present,0475a,,
doc/RESAMPLING_CUDA_MATERIALIZER_ON_PLAN_0475A2_HOTFIX.md,RESAMPLING_CUDA_MATERIALIZER_ON_PLAN_0475A2_HOTFIX.md,DOCUMENTATION,markdown,present,0475a2,,
doc/RESAMPLING_CUDA_MATERIALIZER_SHARED_STATE_PROFILER_0475.md,RESAMPLING_CUDA_MATERIALIZER_SHARED_STATE_PROFILER_0475.md,DOCUMENTATION,markdown,present,0475,,
doc/RESAMPLING_CUDA_OPERATION_MATERIALIZER_0453.md,RESAMPLING_CUDA_OPERATION_MATERIALIZER_0453.md,DOCUMENTATION,markdown,present,0453,,
doc/RESAMPLING_CUDA_OPERATION_MATERIALIZER_0454.md,RESAMPLING_CUDA_OPERATION_MATERIALIZER_0454.md,DOCUMENTATION,markdown,present,0454,,
doc/RESAMPLING_CUDA_PARTICLE_APPLY_SHADOW_0442.md,RESAMPLING_CUDA_PARTICLE_APPLY_SHADOW_0442.md,DOCUMENTATION,markdown,present,0442,,
doc/RESAMPLING_CUDA_PARTICLE_APPLY_SHADOW_0442_COMPARE_FIX.md,RESAMPLING_CUDA_PARTICLE_APPLY_SHADOW_0442_COMPARE_FIX.md,DOCUMENTATION,markdown,present,0442,,
doc/RESAMPLING_CUDA_PIPELINE_APPLY_0448.md,RESAMPLING_CUDA_PIPELINE_APPLY_0448.md,DOCUMENTATION,markdown,present,0448,,
doc/RESAMPLING_CUDA_PIPELINE_APPLY_0449.md,RESAMPLING_CUDA_PIPELINE_APPLY_0449.md,DOCUMENTATION,markdown,present,0449,,
doc/RESAMPLING_CUDA_PIPELINE_SHADOW_0444.md,RESAMPLING_CUDA_PIPELINE_SHADOW_0444.md,DOCUMENTATION,markdown,present,0444,,
doc/RESAMPLING_CUDA_PIPELINE_SHADOW_0444_CONSERVATION_FIX.md,RESAMPLING_CUDA_PIPELINE_SHADOW_0444_CONSERVATION_FIX.md,DOCUMENTATION,markdown,present,0444,,
doc/RESAMPLING_CUDA_PIPELINE_SHADOW_0444_EQUIVALENCE_FIX.md,RESAMPLING_CUDA_PIPELINE_SHADOW_0444_EQUIVALENCE_FIX.md,DOCUMENTATION,markdown,present,0444,,
doc/RESAMPLING_CUDA_PIPELINE_SHADOW_0445.md,RESAMPLING_CUDA_PIPELINE_SHADOW_0445.md,DOCUMENTATION,markdown,present,0445,,
doc/RESAMPLING_CUDA_PIPELINE_SHADOW_0446.md,RESAMPLING_CUDA_PIPELINE_SHADOW_0446.md,DOCUMENTATION,markdown,present,0446,,
doc/RESAMPLING_CUDA_PIPELINE_SHADOW_0447.md,RESAMPLING_CUDA_PIPELINE_SHADOW_0447.md,DOCUMENTATION,markdown,present,0447,,
doc/RESAMPLING_CUDA_PLANNER_SHADOW_0441.md,RESAMPLING_CUDA_PLANNER_SHADOW_0441.md,DOCUMENTATION,markdown,present,0441,,
doc/RESAMPLING_CUDA_PLAN_TIMING_SHARED_GATE_0474.md,RESAMPLING_CUDA_PLAN_TIMING_SHARED_GATE_0474.md,DOCUMENTATION,markdown,present,0474,,
doc/RESAMPLING_CUDA_PRODUCTION_STRIP_0484.md,RESAMPLING_CUDA_PRODUCTION_STRIP_0484.md,DOCUMENTATION,markdown,present,0484,,
doc/RESAMPLING_CUDA_REMAP_FUSION_0483B.md,RESAMPLING_CUDA_REMAP_FUSION_0483B.md,DOCUMENTATION,markdown,present,0483b,,
doc/RESAMPLING_CUDA_REMAP_FUSION_VALIDATION_0483.md,RESAMPLING_CUDA_REMAP_FUSION_VALIDATION_0483.md,DOCUMENTATION,markdown,present,0483,,
doc/RESAMPLING_CUDA_REMAP_THERMAL_SHADOW_0443.md,RESAMPLING_CUDA_REMAP_THERMAL_SHADOW_0443.md,DOCUMENTATION,markdown,present,0443,,
doc/RESAMPLING_CUDA_REMAP_THERMAL_SHADOW_0443_COUNTER_FIX.md,RESAMPLING_CUDA_REMAP_THERMAL_SHADOW_0443_COUNTER_FIX.md,DOCUMENTATION,markdown,present,0443,,
doc/RESAMPLING_CUDA_RESIDENCY_AUDIT_0465.md,RESAMPLING_CUDA_RESIDENCY_AUDIT_0465.md,DOCUMENTATION,markdown,present,0465,,
doc/RESAMPLING_CUDA_RESIDENT_CORE_REFACTOR_0467.md,RESAMPLING_CUDA_RESIDENT_CORE_REFACTOR_0467.md,DOCUMENTATION,markdown,present,0467,,
doc/RESAMPLING_CUDA_RESIDENT_NO_FINAL_DOWNLOAD_PROBE_0469.md,RESAMPLING_CUDA_RESIDENT_NO_FINAL_DOWNLOAD_PROBE_0469.md,DOCUMENTATION,markdown,present,0469,,
doc/RESAMPLING_CUDA_RESIDENT_REMAP_0477.md,RESAMPLING_CUDA_RESIDENT_REMAP_0477.md,DOCUMENTATION,markdown,present,0477,,
doc/RESAMPLING_CUDA_RESIDENT_UPSTREAM_COUPLED_PROBE_0470.md,RESAMPLING_CUDA_RESIDENT_UPSTREAM_COUPLED_PROBE_0470.md,DOCUMENTATION,markdown,present,0470,,
doc/RESAMPLING_CUDA_SCALING_CUDA_VS_CPU_0464.md,RESAMPLING_CUDA_SCALING_CUDA_VS_CPU_0464.md,DOCUMENTATION,markdown,present,0464,,
doc/RESAMPLING_CUDA_SHARED_STATE_FAST_SYNC_0472.md,RESAMPLING_CUDA_SHARED_STATE_FAST_SYNC_0472.md,DOCUMENTATION,markdown,present,0472,,
doc/RESAMPLING_CUDA_SPARSE_DEVICE_CARRIER_GATE_0461.md,RESAMPLING_CUDA_SPARSE_DEVICE_CARRIER_GATE_0461.md,DOCUMENTATION,markdown,present,0461,,
doc/RESAMPLING_CUDA_SPARSE_GATE_ENDURANCE_0463.md,RESAMPLING_CUDA_SPARSE_GATE_ENDURANCE_0463.md,DOCUMENTATION,markdown,present,0463,,
doc/RESAMPLING_CUDA_SPARSE_GATE_STRESS_0462.md,RESAMPLING_CUDA_SPARSE_GATE_STRESS_0462.md,DOCUMENTATION,markdown,present,0462,,
doc/RESAMPLING_CUDA_THRUST_CELL_LIST_MATERIALIZER_0460.md,RESAMPLING_CUDA_THRUST_CELL_LIST_MATERIALIZER_0460.md,DOCUMENTATION,markdown,present,0460,,
doc/RESAMPLING_CUDA_TRANSACTION_TIMING_0466.md,RESAMPLING_CUDA_TRANSACTION_TIMING_0466.md,DOCUMENTATION,markdown,present,0466,,
doc/RESAMPLING_CUDA_UPSTREAM_APPLY_0451.md,RESAMPLING_CUDA_UPSTREAM_APPLY_0451.md,DOCUMENTATION,markdown,present,0451,,
doc/RESAMPLING_CUDA_UPSTREAM_APPLY_0452.md,RESAMPLING_CUDA_UPSTREAM_APPLY_0452.md,DOCUMENTATION,markdown,present,0452,,
doc/RESAMPLING_CUDA_UPSTREAM_SHADOW_0450.md,RESAMPLING_CUDA_UPSTREAM_SHADOW_0450.md,DOCUMENTATION,markdown,present,0450,,
doc/RESAMPLING_PERIODIC_EQUIVALENCE_MATRIX_0438.md,RESAMPLING_PERIODIC_EQUIVALENCE_MATRIX_0438.md,DOCUMENTATION,markdown,present,0438,,
doc/RESAMPLING_PERIODIC_EQUIV_CLEAN_PROFILE_0438H.md,RESAMPLING_PERIODIC_EQUIV_CLEAN_PROFILE_0438H.md,DOCUMENTATION,markdown,present,0438h,,
doc/RESAMPLING_PERIODIC_EQUIV_SWEEP_0438B.md,RESAMPLING_PERIODIC_EQUIV_SWEEP_0438B.md,DOCUMENTATION,markdown,present,0438b,,
doc/RESAMPLING_POOL_O1_0436.md,RESAMPLING_POOL_O1_0436.md,DOCUMENTATION,markdown,present,0436,,
doc/RESAMPLING_RESIDENT_CUDA_PLAN_0437.md,RESAMPLING_RESIDENT_CUDA_PLAN_0437.md,DOCUMENTATION,markdown,present,0437,,
doc/RESAMPLING_STAGE_AUDIT_0438C.md,RESAMPLING_STAGE_AUDIT_0438C.md,DOCUMENTATION,markdown,present,0438c,,
doc/SRC_GPU_version_index_filtrable.xlsx,SRC_GPU_version_index_filtrable.xlsx,DOCUMENTATION,,present,,,
doc/STEP_DARCY_0425.md,STEP_DARCY_0425.md,DOCUMENTATION,markdown,present,0425,,
doc/STEP_RESAMPLING_PERFORMANCE_0436.md,STEP_RESAMPLING_PERFORMANCE_0436.md,DOCUMENTATION,markdown,present,0436,,
doc/active_prefix_capacity_audit_0315l.md,active_prefix_capacity_audit_0315l.md,DOCUMENTATION,markdown,present,0315l,,
doc/active_prefix_capacity_audit_0315m.md,active_prefix_capacity_audit_0315m.md,DOCUMENTATION,markdown,present,0315m,,
doc/darcy_resampling_chi_filter_0360.md,darcy_resampling_chi_filter_0360.md,DOCUMENTATION,markdown,present,0360,,
doc/experiments/README_0493O5_ARCHIVED_PRODUCTION_LIGHT.md,README_0493O5_ARCHIVED_PRODUCTION_LIGHT.md,DOCUMENTATION,markdown,present,0493o5,,
doc/host_device_authority_0340.md,host_device_authority_0340.md,DOCUMENTATION,markdown,present,0340,,
doc/resamp_cuda_start_0001.md,resamp_cuda_start_0001.md,DOCUMENTATION,markdown,present,0001,,
doc/sparse_keep_0002.md,sparse_keep_0002.md,DOCUMENTATION,markdown,present,0002,,
doc/src_mpcd_cuda_env_flags_0287.csv,src_mpcd_cuda_env_flags_0287.csv,DOCUMENTATION,csv,present,0287,,
doc/src_mpcd_cuda_env_flags_0292.csv,src_mpcd_cuda_env_flags_0292.csv,DOCUMENTATION,csv,present,0292,,
doc/src_mpcd_cuda_env_flags_0303_resampling.csv,src_mpcd_cuda_env_flags_0303_resampling.csv,DOCUMENTATION,csv,present,0303,,
doc/src_mpcd_cuda_env_flags_0314_resampling.csv,src_mpcd_cuda_env_flags_0314_resampling.csv,DOCUMENTATION,csv,present,0314,,
doc/src_mpcd_cuda_resampling_env_flags_delta_0303.csv,src_mpcd_cuda_resampling_env_flags_delta_0303.csv,DOCUMENTATION,csv,present,0303,,
doc/src_mpcd_cuda_resampling_env_flags_delta_0314.csv,src_mpcd_cuda_resampling_env_flags_delta_0314.csv,DOCUMENTATION,csv,present,0314,,
doc/src_mpcd_cuda_resampling_params_delta_0314.csv,src_mpcd_cuda_resampling_params_delta_0314.csv,DOCUMENTATION,csv,present,0314,,
doc/src_mpcd_env_flags_inventory_commit_7655b81_310826.csv,src_mpcd_env_flags_inventory_commit_7655b81_310826.csv,DOCUMENTATION,csv,present,,,
doc/src_mpcd_env_flags_inventory_consolidated_0365.csv,src_mpcd_env_flags_inventory_consolidated_0365.csv,DOCUMENTATION,csv,present,0365,,
doc/src_mpcd_env_flags_inventory_consolidated_0426.csv,src_mpcd_env_flags_inventory_consolidated_0426.csv,DOCUMENTATION,csv,present,0426,,
doc/src_mpcd_env_flags_inventory_consolidated_0432.csv,src_mpcd_env_flags_inventory_consolidated_0432.csv,DOCUMENTATION,csv,present,0432,,
doc/src_mpcd_env_flags_inventory_consolidated_0433.csv,src_mpcd_env_flags_inventory_consolidated_0433.csv,DOCUMENTATION,csv,present,0433,,
doc/src_mpcd_env_flags_inventory_consolidated_0436b.csv,src_mpcd_env_flags_inventory_consolidated_0436b.csv,DOCUMENTATION,csv,present,0436b,,
doc/src_mpcd_env_flags_inventory_consolidated_0490p.csv,src_mpcd_env_flags_inventory_consolidated_0490p.csv,DOCUMENTATION,csv,present,0490p,,
doc/src_mpcd_env_flags_inventory_consolidated_0493w8.csv,src_mpcd_env_flags_inventory_consolidated_0493w8.csv,DOCUMENTATION,csv,present,0493w8,,
doc/src_mpcd_env_flags_inventory_consolidated_0493x11c_surface_tension_kinetic.csv,src_mpcd_env_flags_inventory_consolidated_0493x11c_surface_tension_kinetic.csv,DOCUMENTATION,csv,present,x11c,,
doc/src_mpcd_env_flags_inventory_consolidated_0493x12_current_260826.csv,src_mpcd_env_flags_inventory_consolidated_0493x12_current_260826.csv,DOCUMENTATION,csv,present,x12,,
doc/src_mpcd_env_flags_inventory_consolidated_0493x6g.csv,src_mpcd_env_flags_inventory_consolidated_0493x6g.csv,DOCUMENTATION,csv,present,x6g,x6g,
doc/src_mpcd_env_flags_inventory_consolidated_0493x7e_q6_g_f.csv,src_mpcd_env_flags_inventory_consolidated_0493x7e_q6_g_f.csv,DOCUMENTATION,csv,present,x7e,x7e,
doc/src_mpcd_env_flags_inventory_consolidated_0493x7q_q6_g_f.csv,src_mpcd_env_flags_inventory_consolidated_0493x7q_q6_g_f.csv,DOCUMENTATION,csv,present,x7q,x7q,
doc/src_mpcd_env_flags_inventory_snapshot_030926_x14.csv,src_mpcd_env_flags_inventory_snapshot_030926_x14.csv,DOCUMENTATION,csv,present,,,
doc/src_mpcd_env_flags_inventory_snapshot_040926_x14ai.csv,src_mpcd_env_flags_inventory_snapshot_040926_x14ai.csv,DOCUMENTATION,csv,present,x14ai,x14ai,
doc/src_mpcd_params_catalogue_0287_cuda.csv,src_mpcd_params_catalogue_0287_cuda.csv,DOCUMENTATION,csv,present,0287,,
doc/src_mpcd_params_catalogue_0292_cuda.csv,src_mpcd_params_catalogue_0292_cuda.csv,DOCUMENTATION,csv,present,0292,,
doc/src_mpcd_params_cles_acceptees_0287_cuda.csv,src_mpcd_params_cles_acceptees_0287_cuda.csv,DOCUMENTATION,csv,present,0287,,
doc/src_mpcd_params_cles_acceptees_0292_cuda.csv,src_mpcd_params_cles_acceptees_0292_cuda.csv,DOCUMENTATION,csv,present,0292,,
doc/src_mpcd_params_cuda_0287.xlsx,src_mpcd_params_cuda_0287.xlsx,DOCUMENTATION,,present,0287,,
doc/src_mpcd_params_cuda_0292.xlsx,src_mpcd_params_cuda_0292.xlsx,DOCUMENTATION,,present,0292,,
doc/src_mpcd_params_inventory_commit_7655b81_310826.csv,src_mpcd_params_inventory_commit_7655b81_310826.csv,DOCUMENTATION,csv,present,,,
doc/src_mpcd_params_inventory_consolidated_0365.csv,src_mpcd_params_inventory_consolidated_0365.csv,DOCUMENTATION,csv,present,0365,,
doc/src_mpcd_params_inventory_consolidated_0426.csv,src_mpcd_params_inventory_consolidated_0426.csv,DOCUMENTATION,csv,present,0426,,
doc/src_mpcd_params_inventory_consolidated_0432.csv,src_mpcd_params_inventory_consolidated_0432.csv,DOCUMENTATION,csv,present,0432,,
doc/src_mpcd_params_inventory_consolidated_0433.csv,src_mpcd_params_inventory_consolidated_0433.csv,DOCUMENTATION,csv,present,0433,,
doc/src_mpcd_params_inventory_consolidated_0436b.csv,src_mpcd_params_inventory_consolidated_0436b.csv,DOCUMENTATION,csv,present,0436b,,
doc/src_mpcd_params_inventory_consolidated_0490p.csv,src_mpcd_params_inventory_consolidated_0490p.csv,DOCUMENTATION,csv,present,0490p,,
doc/src_mpcd_params_inventory_consolidated_0493w8.csv,src_mpcd_params_inventory_consolidated_0493w8.csv,DOCUMENTATION,csv,present,0493w8,,
doc/src_mpcd_params_inventory_consolidated_0493x11c_surface_tension_kinetic.csv,src_mpcd_params_inventory_consolidated_0493x11c_surface_tension_kinetic.csv,DOCUMENTATION,csv,present,x11c,,
doc/src_mpcd_params_inventory_consolidated_0493x12_current_260826.csv,src_mpcd_params_inventory_consolidated_0493x12_current_260826.csv,DOCUMENTATION,csv,present,x12,,
doc/src_mpcd_params_inventory_consolidated_0493x6g.csv,src_mpcd_params_inventory_consolidated_0493x6g.csv,DOCUMENTATION,csv,present,x6g,x6g,
doc/src_mpcd_params_inventory_consolidated_0493x7e_q6_g_f.csv,src_mpcd_params_inventory_consolidated_0493x7e_q6_g_f.csv,DOCUMENTATION,csv,present,x7e,x7e,
doc/src_mpcd_params_inventory_consolidated_0493x7q_q6_g_f.csv,src_mpcd_params_inventory_consolidated_0493x7q_q6_g_f.csv,DOCUMENTATION,csv,present,x7q,x7q,
doc/src_mpcd_params_inventory_snapshot_030926_x14.csv,src_mpcd_params_inventory_snapshot_030926_x14.csv,DOCUMENTATION,csv,present,,,
doc/src_mpcd_params_inventory_snapshot_040926_x14ai.csv,src_mpcd_params_inventory_snapshot_040926_x14ai.csv,DOCUMENTATION,csv,present,x14ai,x14ai,
doc/src_mpcd_x10_x11_x12_audit_report_260826.md,src_mpcd_x10_x11_x12_audit_report_260826.md,DOCUMENTATION,markdown,present,,,
doc/src_mpcd_x10_x11_x12_implementation_audit_260826.csv,src_mpcd_x10_x11_x12_implementation_audit_260826.csv,DOCUMENTATION,csv,present,,,
doc/topo_benchmark_observables_0348a.md,topo_benchmark_observables_0348a.md,DOCUMENTATION,markdown,present,0348a,,
doc/topo_benchmark_window_stats_0348b.md,topo_benchmark_window_stats_0348b.md,DOCUMENTATION,markdown,present,0348b,,
doc/topo_bend_pipe_0346.md,topo_bend_pipe_0346.md,DOCUMENTATION,markdown,present,0346,,
doc/topo_chi_field_0345.md,topo_chi_field_0345.md,DOCUMENTATION,markdown,present,0345,,
doc/topo_darcy_brinkman_0343.md,topo_darcy_brinkman_0343.md,DOCUMENTATION,markdown,present,0343,,
doc/topo_darcy_brinkman_0344_visual_validation.md,topo_darcy_brinkman_0344_visual_validation.md,DOCUMENTATION,markdown,present,0344,,
doc/topo_diagonal_channel_0347.md,topo_diagonal_channel_0347.md,DOCUMENTATION,markdown,present,0347,,
doc/topo_matlab_postprocessing_0351.md,topo_matlab_postprocessing_0351.md,DOCUMENTATION,markdown,present,0351,,
doc/topo_naca_alpha_u0_sensitivity_0355.md,topo_naca_alpha_u0_sensitivity_0355.md,DOCUMENTATION,markdown,present,0355,,
doc/topo_naca_polar_proxy_0350.md,topo_naca_polar_proxy_0350.md,DOCUMENTATION,markdown,present,0350,,
doc/topo_naca_re_sweep_0353.md,topo_naca_re_sweep_0353.md,DOCUMENTATION,markdown,present,0353,,
doc/topo_naca_reference_comparison_0354.md,topo_naca_reference_comparison_0354.md,DOCUMENTATION,markdown,present,0354,,
doc/topo_poiseuille_viscosity_calibration_0352.md,topo_poiseuille_viscosity_calibration_0352.md,DOCUMENTATION,markdown,present,0352,,
doc/topo_shape_generators_0349.md,topo_shape_generators_0349.md,DOCUMENTATION,markdown,present,0349,,
doc/topo_von_karman_cylinder_autonomous_0356.md,topo_von_karman_cylinder_autonomous_0356.md,DOCUMENTATION,markdown,present,0356,,
doc/topo_wake_density_diagnostics_0358.md,topo_wake_density_diagnostics_0358.md,DOCUMENTATION,markdown,present,0358,,
docs/ACTIVE_FLUID_DOMAIN.md,ACTIVE_FLUID_DOMAIN.md,DOCUMENTATION,markdown,present,,,
docs/ACTIVE_FLUID_DOMAIN_SMOKE_TESTS.md,ACTIVE_FLUID_DOMAIN_SMOKE_TESTS.md,DOCUMENTATION,markdown,present,,,
docs/BACKWARD_STEP_CLASSIC_VALIDATION.md,BACKWARD_STEP_CLASSIC_VALIDATION.md,DOCUMENTATION,markdown,present,,,
docs/BACKWARD_STEP_COHERENCE_DIAGNOSTICS.md,BACKWARD_STEP_COHERENCE_DIAGNOSTICS.md,DOCUMENTATION,markdown,present,,,
docs/BACKWARD_STEP_FINAL_LIQUID_CLOSURE_DEFAULT.md,BACKWARD_STEP_FINAL_LIQUID_CLOSURE_DEFAULT.md,DOCUMENTATION,markdown,present,,,
docs/BACKWARD_STEP_FINAL_Q9_VIRIAL_CONFIGURATION.md,BACKWARD_STEP_FINAL_Q9_VIRIAL_CONFIGURATION.md,DOCUMENTATION,markdown,present,,,
docs/BACKWARD_STEP_HARDWALL_CALIBRATION.md,BACKWARD_STEP_HARDWALL_CALIBRATION.md,DOCUMENTATION,markdown,present,,,
docs/BACKWARD_STEP_MASKED_Q6_Q9_STRUCTURE_SUITE.md,BACKWARD_STEP_MASKED_Q6_Q9_STRUCTURE_SUITE.md,DOCUMENTATION,markdown,present,,,
docs/BACKWARD_STEP_MASS_BUDGET_VISUAL_0069.md,BACKWARD_STEP_MASS_BUDGET_VISUAL_0069.md,DOCUMENTATION,markdown,present,0069,,
docs/BACKWARD_STEP_PARAMETRIC_Q6_Q9.md,BACKWARD_STEP_PARAMETRIC_Q6_Q9.md,DOCUMENTATION,markdown,present,,,
docs/BACKWARD_STEP_POPULATION_RELIABILITY_DIAGNOSTICS.md,BACKWARD_STEP_POPULATION_RELIABILITY_DIAGNOSTICS.md,DOCUMENTATION,markdown,present,,,
docs/BACKWARD_STEP_Q6_Q9_PARAMETRIC_RESULTS_AND_LIQUID_COMPARISON.md,BACKWARD_STEP_Q6_Q9_PARAMETRIC_RESULTS_AND_LIQUID_COMPARISON.md,DOCUMENTATION,markdown,present,,,
docs/BACKWARD_STEP_STRUCTURE_VISUALIZATION.md,BACKWARD_STEP_STRUCTURE_VISUALIZATION.md,DOCUMENTATION,markdown,present,,,
docs/ELLIPTIC_PROJECTION_CORE.md,ELLIPTIC_PROJECTION_CORE.md,DOCUMENTATION,markdown,present,,,
docs/HARD_INLET_LONG_RUN_0067E.md,HARD_INLET_LONG_RUN_0067E.md,DOCUMENTATION,markdown,present,0067e,,
docs/HARD_INLET_Q9_RUNTIME_DIAGNOSTICS_0067D.md,HARD_INLET_Q9_RUNTIME_DIAGNOSTICS_0067D.md,DOCUMENTATION,markdown,present,0067d,,
docs/HARD_INLET_Q9_SOFT_RUNS_0067C.md,HARD_INLET_Q9_SOFT_RUNS_0067C.md,DOCUMENTATION,markdown,present,0067c,,
docs/HARD_INLET_RESERVOIR_0067.md,HARD_INLET_RESERVOIR_0067.md,DOCUMENTATION,markdown,present,0067,,
docs/IMMERSED_ANALYTIC_CIRCLE.md,IMMERSED_ANALYTIC_CIRCLE.md,DOCUMENTATION,markdown,present,,,
docs/IMMERSED_CIRCLE_COMBINED_MOTION_DEMO.md,IMMERSED_CIRCLE_COMBINED_MOTION_DEMO.md,DOCUMENTATION,markdown,present,,,
docs/IMMERSED_CIRCLE_ROTATION.md,IMMERSED_CIRCLE_ROTATION.md,DOCUMENTATION,markdown,present,,,
docs/IMMERSED_CIRCLE_TIME_AVERAGING.md,IMMERSED_CIRCLE_TIME_AVERAGING.md,DOCUMENTATION,markdown,present,,,
docs/IMMERSED_CIRCLE_TRANSLATION.md,IMMERSED_CIRCLE_TRANSLATION.md,DOCUMENTATION,markdown,present,,,
docs/IMMERSED_SOLID_CURVED_HARDWALL_MASK.md,IMMERSED_SOLID_CURVED_HARDWALL_MASK.md,DOCUMENTATION,markdown,present,,,
docs/IMMERSED_SOLID_Q6_Q9_MASK.md,IMMERSED_SOLID_Q6_Q9_MASK.md,DOCUMENTATION,markdown,present,,,
docs/IMMERSED_SOLID_RECTANGLE_BACKWARD_STEP.md,IMMERSED_SOLID_RECTANGLE_BACKWARD_STEP.md,DOCUMENTATION,markdown,present,,,
docs/INCOMPRESSIBLE_Q6_Q9_STATUS.md,INCOMPRESSIBLE_Q6_Q9_STATUS.md,DOCUMENTATION,markdown,present,,,
docs/INLET_OUTLET_BACKWARD_STEP_VALIDATION_0066.md,INLET_OUTLET_BACKWARD_STEP_VALIDATION_0066.md,DOCUMENTATION,markdown,present,0066,,
docs/INLET_OUTLET_CLASSIC_0061.md,INLET_OUTLET_CLASSIC_0061.md,DOCUMENTATION,markdown,present,0061,,
docs/INLET_OUTLET_OPEN_CHANNEL_BULK_DIAGNOSTICS_0065B.md,INLET_OUTLET_OPEN_CHANNEL_BULK_DIAGNOSTICS_0065B.md,DOCUMENTATION,markdown,present,0065b,,
docs/INLET_OUTLET_OPEN_CHANNEL_VALIDATION_0065.md,INLET_OUTLET_OPEN_CHANNEL_VALIDATION_0065.md,DOCUMENTATION,markdown,present,0065,,
docs/INLET_OUTLET_Q6_0062.md,INLET_OUTLET_Q6_0062.md,DOCUMENTATION,markdown,present,0062,,
docs/INLET_OUTLET_Q9_0063.md,INLET_OUTLET_Q9_0063.md,DOCUMENTATION,markdown,present,0063,,
docs/INLET_OUTLET_Q9_0063B_FAST_SWEEP.md,INLET_OUTLET_Q9_0063B_FAST_SWEEP.md,DOCUMENTATION,markdown,present,0063b,,
docs/INLET_OUTLET_VIRIAL_0064.md,INLET_OUTLET_VIRIAL_0064.md,DOCUMENTATION,markdown,present,0064,,
docs/INLET_OUTLET_VIRIAL_0064B_FAST_SWEEP.md,INLET_OUTLET_VIRIAL_0064B_FAST_SWEEP.md,DOCUMENTATION,markdown,present,0064b,,
docs/LIQUID_CLOSURE_DYNAMIC_VALIDATION.md,LIQUID_CLOSURE_DYNAMIC_VALIDATION.md,DOCUMENTATION,markdown,present,,,
docs/LIQUID_CLOSURE_Q6_Q9_VIRIAL_VALIDATION.md,LIQUID_CLOSURE_Q6_Q9_VIRIAL_VALIDATION.md,DOCUMENTATION,markdown,present,,,
docs/MASS_AWARE_THERMOSTAT.md,MASS_AWARE_THERMOSTAT.md,DOCUMENTATION,markdown,present,,,
docs/MATLAB_POSTPROCESSING.md,MATLAB_POSTPROCESSING.md,DOCUMENTATION,markdown,present,,,
docs/MINIMAL_PISTON_VALIDATION.md,MINIMAL_PISTON_VALIDATION.md,DOCUMENTATION,markdown,present,,,
docs/MOVING_WALL_NUMERICAL_SAFETY.md,MOVING_WALL_NUMERICAL_SAFETY.md,DOCUMENTATION,markdown,present,,,
docs/PISTON_ACTIVE_DOMAIN_Q6_Q9.md,PISTON_ACTIVE_DOMAIN_Q6_Q9.md,DOCUMENTATION,markdown,present,,,
docs/POISEUILLE_CALIBRATION.md,POISEUILLE_CALIBRATION.md,DOCUMENTATION,markdown,present,,,
docs/POISEUILLE_Q6_CHANNEL_LONG_VALIDATION.md,POISEUILLE_Q6_CHANNEL_LONG_VALIDATION.md,DOCUMENTATION,markdown,present,,,
docs/POISEUILLE_Q9_FILTERED_CHANNEL_VALIDATION.md,POISEUILLE_Q9_FILTERED_CHANNEL_VALIDATION.md,DOCUMENTATION,markdown,present,,,
docs/POISEUILLE_VALIDATION.md,POISEUILLE_VALIDATION.md,DOCUMENTATION,markdown,present,,,
docs/Q6_CHANNEL_POISEUILLE_VALIDATION.md,Q6_CHANNEL_POISEUILLE_VALIDATION.md,DOCUMENTATION,markdown,present,,,
docs/Q6_PERIODIC_ADAPTER.md,Q6_PERIODIC_ADAPTER.md,DOCUMENTATION,markdown,present,,,
docs/Q9_BETA_SWEEP_VALIDATION.md,Q9_BETA_SWEEP_VALIDATION.md,DOCUMENTATION,markdown,present,,,
docs/Q9_IMMERSED_OPEN_BOUNDARY_SAFETY_0066.md,Q9_IMMERSED_OPEN_BOUNDARY_SAFETY_0066.md,DOCUMENTATION,markdown,present,0066,,
docs/Q9_IMMERSED_OPEN_BOUNDARY_SAFETY_0066B_TUNED_SWEEP.md,Q9_IMMERSED_OPEN_BOUNDARY_SAFETY_0066B_TUNED_SWEEP.md,DOCUMENTATION,markdown,present,0066b,,
docs/Q9_IMMERSED_OPEN_BOUNDARY_SAFETY_0066C_CONSERVATIVE_TUNING.md,Q9_IMMERSED_OPEN_BOUNDARY_SAFETY_0066C_CONSERVATIVE_TUNING.md,DOCUMENTATION,markdown,present,0066c,,
docs/Q9_LOWK_FILTERING_INCIDENT.md,Q9_LOWK_FILTERING_INCIDENT.md,DOCUMENTATION,markdown,present,,,
docs/Q9_PERIODIC_ADAPTER.md,Q9_PERIODIC_ADAPTER.md,DOCUMENTATION,markdown,present,,,
docs/README_APPLY_0069.md,README_APPLY_0069.md,DOCUMENTATION,markdown,present,0069,,
docs/RUNTIME_WALL_REFLECTION_DIAGNOSTICS.md,RUNTIME_WALL_REFLECTION_DIAGNOSTICS.md,DOCUMENTATION,markdown,present,,,
docs/SOLID_THERMAL_BOUNDARIES.md,SOLID_THERMAL_BOUNDARIES.md,DOCUMENTATION,markdown,present,,,
docs/SOLID_THERMAL_COUETTE_SLIDING.md,SOLID_THERMAL_COUETTE_SLIDING.md,DOCUMENTATION,markdown,present,,,
docs/SOLID_THERMAL_POISEUILLE_SYMMETRY.md,SOLID_THERMAL_POISEUILLE_SYMMETRY.md,DOCUMENTATION,markdown,present,,,
docs/SRCMPCD_STATE_BIN_V1.md,SRCMPCD_STATE_BIN_V1.md,DOCUMENTATION,markdown,present,,,
docs/SRC_MPCD_BASE.md,SRC_MPCD_BASE.md,DOCUMENTATION,markdown,present,,,
docs/TAYLOR_GREEN_Q6_HIGH_SNR_SHORT_RUN.md,TAYLOR_GREEN_Q6_HIGH_SNR_SHORT_RUN.md,DOCUMENTATION,markdown,present,,,
docs/TAYLOR_GREEN_Q6_VALIDATION.md,TAYLOR_GREEN_Q6_VALIDATION.md,DOCUMENTATION,markdown,present,,,
docs/TAYLOR_GREEN_Q9_FILTERED_VALIDATION.md,TAYLOR_GREEN_Q9_FILTERED_VALIDATION.md,DOCUMENTATION,markdown,present,,,
docs/VIRIAL_DENSITY_WAVE_CHANNEL.md,VIRIAL_DENSITY_WAVE_CHANNEL.md,DOCUMENTATION,markdown,present,,,
docs/VIRIAL_EOS_PISTON.md,VIRIAL_EOS_PISTON.md,DOCUMENTATION,markdown,present,,,
docs/VIRIAL_EOS_STRESS_COMPRESSION.md,VIRIAL_EOS_STRESS_COMPRESSION.md,DOCUMENTATION,markdown,present,,,
docs/VIRIAL_EOS_SWEEP.md,VIRIAL_EOS_SWEEP.md,DOCUMENTATION,markdown,present,,,
docs/VON_KARMAN_LONG_COMPARISON.md,VON_KARMAN_LONG_COMPARISON.md,DOCUMENTATION,markdown,present,,,
docs/WALL_VIRTUAL_PARTICLES.md,WALL_VIRTUAL_PARTICLES.md,DOCUMENTATION,markdown,present,,,
scripts/README_0493X8D_Q6GF_POISEUILLE_QUALIFICATION.md,README_0493X8D_Q6GF_POISEUILLE_QUALIFICATION.md,DOCUMENTATION,markdown,present,x8d,,
matlab/generate_backward_step_exact_fluid_state_0072.m,generate_backward_step_exact_fluid_state_0072.m,GENERATOR,matlab,present,0072,,
matlab/generate_backward_step_state.m,generate_backward_step_state.m,GENERATOR,matlab,present,,,
matlab/generate_density_wave_channel_state.m,generate_density_wave_channel_state.m,GENERATOR,matlab,present,,,
matlab/generate_open_channel_classic_state.m,generate_open_channel_classic_state.m,GENERATOR,matlab,present,,,
matlab/generate_piston_active_y095_state.m,generate_piston_active_y095_state.m,GENERATOR,matlab,present,,,
matlab/generate_poiseuille_q6_channel_short_state.m,generate_poiseuille_q6_channel_short_state.m,GENERATOR,matlab,present,,,
matlab/generate_q9_beta_sweep_state.m,generate_q9_beta_sweep_state.m,GENERATOR,matlab,present,,,
matlab/generate_q9_periodic_smoke_state.m,generate_q9_periodic_smoke_state.m,GENERATOR,matlab,present,,,
matlab/generate_smpcd_state_taylor_green.m,generate_smpcd_state_taylor_green.m,GENERATOR,matlab,present,,,
matlab/generate_smpcd_state_uniform.m,generate_smpcd_state_uniform.m,GENERATOR,matlab,present,,,
matlab/generate_taylor_green_high_snr_short_state.m,generate_taylor_green_high_snr_short_state.m,GENERATOR,matlab,present,,,
matlab/generate_taylor_green_resampling_state_0126.m,generate_taylor_green_resampling_state_0126.m,GENERATOR,matlab,present,0126,,
matlab/generate_von_karman_cylinder_state.m,generate_von_karman_cylinder_state.m,GENERATOR,matlab,present,,,
matlab/prepare_backward_step_resampling_0136.m,prepare_backward_step_resampling_0136.m,GENERATOR,matlab,present,0136,,
matlab/prepare_channel_cylinder_resampling_0135.m,prepare_channel_cylinder_resampling_0135.m,GENERATOR,matlab,present,0135,,
matlab/prepare_injection_fill_resampling_0139.m,prepare_injection_fill_resampling_0139.m,GENERATOR,matlab,present,0139,,
matlab/prepare_open_channel_cylinder_resampling_0138.m,prepare_open_channel_cylinder_resampling_0138.m,GENERATOR,matlab,present,0138,,
matlab/prepare_open_channel_rect_obstacle_resampling_0138b.m,prepare_open_channel_rect_obstacle_resampling_0138b.m,GENERATOR,matlab,present,0138b,,
matlab/prepare_periodic_cylinder_resampling_0134.m,prepare_periodic_cylinder_resampling_0134.m,GENERATOR,matlab,present,0134,,
matlab/prepare_poiseuille_wallvp_resampling_0131.m,prepare_poiseuille_wallvp_resampling_0131.m,GENERATOR,matlab,present,0131,,
matlab/prepare_taylor_green_random_population_resampling_0128.m,prepare_taylor_green_random_population_resampling_0128.m,GENERATOR,matlab,present,0128,,
matlab/prepare_taylor_green_void_rich_resampling_0127.m,prepare_taylor_green_void_rich_resampling_0127.m,GENERATOR,matlab,present,0127,,
scripts/__pycache__/generate_0493x13k_oscillating_drop_2d.cpython-312.pyc,generate_0493x13k_oscillating_drop_2d.cpython-312.pyc,GENERATOR,,present,x13k,x13k,
scripts/__pycache__/generate_0493x13n_taylor_culick_sheet_2d.cpython-312.pyc,generate_0493x13n_taylor_culick_sheet_2d.cpython-312.pyc,GENERATOR,,present,x13n,x13n,
scripts/__pycache__/generate_0493x14ah_drop_gas_transient_poiseuille.cpython-312.pyc,generate_0493x14ah_drop_gas_transient_poiseuille.cpython-312.pyc,GENERATOR,,present,x14ah,x14ah,
scripts/__pycache__/generate_0493x14ah_drop_gas_transient_poiseuille.cpython-313.pyc,generate_0493x14ah_drop_gas_transient_poiseuille.cpython-313.pyc,GENERATOR,,present,x14ah,x14ah,
scripts/__pycache__/generate_0493x14ak_taylor_culick_two_phase.cpython-312.pyc,generate_0493x14ak_taylor_culick_two_phase.cpython-312.pyc,GENERATOR,,present,x14ak,x14ak,
scripts/__pycache__/generate_0493x14al_taylor_culick_historical_ab.cpython-312.pyc,generate_0493x14al_taylor_culick_historical_ab.cpython-312.pyc,GENERATOR,,present,x14al,x14al,
scripts/__pycache__/generate_0493x14av_air_assisted_atomizer_state.cpython-312.pyc,generate_0493x14av_air_assisted_atomizer_state.cpython-312.pyc,GENERATOR,,present,x14av,,
scripts/__pycache__/generate_0493x14t_normal_pressure_piston.cpython-312.pyc,generate_0493x14t_normal_pressure_piston.cpython-312.pyc,GENERATOR,,present,x14t,x14t,
scripts/__pycache__/generate_0493x14u_normal_kinetic_impact.cpython-312.pyc,generate_0493x14u_normal_kinetic_impact.cpython-312.pyc,GENERATOR,,present,x14u,x14u,
scripts/__pycache__/generate_0493x14x_oscillating_drop_two_phase.cpython-313.pyc,generate_0493x14x_oscillating_drop_two_phase.cpython-313.pyc,GENERATOR,,present,x14x,x14x,
scripts/__pycache__/generate_gas_jet_liquid_bath_2d.cpython-313.pyc,generate_gas_jet_liquid_bath_2d.cpython-313.pyc,GENERATOR,,present,,,
scripts/generate_0491h_fix1_state.py,generate_0491h_fix1_state.py,GENERATOR,python,present,0491h-fix1,,
scripts/generate_0493k_tg_state.py,generate_0493k_tg_state.py,GENERATOR,python,present,0493k,,
scripts/generate_0493m_equal_mass_count_tg_state.py,generate_0493m_equal_mass_count_tg_state.py,GENERATOR,python,present,0493m,,
scripts/generate_0493w1_src_fluid_calibrator_states.py,generate_0493w1_src_fluid_calibrator_states.py,GENERATOR,python,present,0493w1,,
scripts/generate_0493w5_independent_masked_state.py,generate_0493w5_independent_masked_state.py,GENERATOR,python,present,0493w5,,
scripts/generate_0493w8_tg_identical_states.py,generate_0493w8_tg_identical_states.py,GENERATOR,python,present,0493w8,,
scripts/generate_0493x0_dam_break_state.py,generate_0493x0_dam_break_state.py,GENERATOR,python,present,x0,,
scripts/generate_0493x11b_capillary_wave_state.py,generate_0493x11b_capillary_wave_state.py,GENERATOR,python,present,x11b,x11b,
scripts/generate_0493x13b_shear_state.py,generate_0493x13b_shear_state.py,GENERATOR,python,present,x13b,x13b,
scripts/generate_0493x13b_sound_state_fractional.py,generate_0493x13b_sound_state_fractional.py,GENERATOR,python,present,x13b,x13b,
scripts/generate_0493x13e_longitudinal_velocity_state.py,generate_0493x13e_longitudinal_velocity_state.py,GENERATOR,python,present,x13e,x13e,
scripts/generate_0493x13h_longitudinal_velocity_state.py,generate_0493x13h_longitudinal_velocity_state.py,GENERATOR,python,present,x13h,x13h,
scripts/generate_0493x13h_shear_state.py,generate_0493x13h_shear_state.py,GENERATOR,python,present,x13h,x13h,
scripts/generate_0493x13h_sound_state_fractional.py,generate_0493x13h_sound_state_fractional.py,GENERATOR,python,present,x13h,x13h,
scripts/generate_0493x13k_oscillating_drop_2d.py,generate_0493x13k_oscillating_drop_2d.py,GENERATOR,python,present,x13k,x13k,
scripts/generate_0493x13n_taylor_culick_sheet_2d.py,generate_0493x13n_taylor_culick_sheet_2d.py,GENERATOR,python,present,x13n,x13n,
scripts/generate_0493x14ag_drop_gas_poiseuille.py,generate_0493x14ag_drop_gas_poiseuille.py,GENERATOR,python,present,x14ag,x14ag,
scripts/generate_0493x14ah_drop_gas_transient_poiseuille.py,generate_0493x14ah_drop_gas_transient_poiseuille.py,GENERATOR,python,present,x14ah,x14ah,
scripts/generate_0493x14ak_taylor_culick_two_phase.py,generate_0493x14ak_taylor_culick_two_phase.py,GENERATOR,python,present,x14ak,x14ak,
scripts/generate_0493x14al_taylor_culick_historical_ab.py,generate_0493x14al_taylor_culick_historical_ab.py,GENERATOR,python,present,x14al,x14al,
scripts/generate_0493x14av_air_assisted_atomizer_state.py,generate_0493x14av_air_assisted_atomizer_state.py,GENERATOR,python,present,x14av,,
scripts/generate_0493x14j_drop_two_temperature.py,generate_0493x14j_drop_two_temperature.py,GENERATOR,python,present,x14j,x14j,
scripts/generate_0493x14t_normal_pressure_piston.py,generate_0493x14t_normal_pressure_piston.py,GENERATOR,python,present,x14t,x14t,
scripts/generate_0493x14u_normal_kinetic_impact.py,generate_0493x14u_normal_kinetic_impact.py,GENERATOR,python,present,x14u,x14u,
scripts/generate_0493x14x_oscillating_drop_two_phase.py,generate_0493x14x_oscillating_drop_two_phase.py,GENERATOR,python,present,x14x,x14x,
scripts/generate_0493x7s_transverse_shear_state.py,generate_0493x7s_transverse_shear_state.py,GENERATOR,python,present,x7s,,
scripts/generate_0493x9a_ellipse_state.py,generate_0493x9a_ellipse_state.py,GENERATOR,python,present,x9a,,
scripts/generate_0493x9b_ellipse_state.py,generate_0493x9b_ellipse_state.py,GENERATOR,python,present,x9b,,
scripts/generate_0493x9i_sessile_cap_state.py,generate_0493x9i_sessile_cap_state.py,GENERATOR,python,present,x9i,,
scripts/generate_0493x9n_geometry_state.py,generate_0493x9n_geometry_state.py,GENERATOR,python,present,x9n,,
scripts/generate_0493x9q_gas_box_state.py,generate_0493x9q_gas_box_state.py,GENERATOR,python,present,x9q,,
scripts/generate_0493x9s_splash_state.py,generate_0493x9s_splash_state.py,GENERATOR,python,present,x9s,x9s,
scripts/generate_gas_jet_liquid_bath_2d.py,generate_gas_jet_liquid_bath_2d.py,GENERATOR,python,present,,,
matlab/bin_smpcd_state.m,bin_smpcd_state.m,MATLAB_TOOL,matlab,present,,,
matlab/compare_poiseuille_runs.m,compare_poiseuille_runs.m,MATLAB_TOOL,matlab,present,,,
matlab/demo_immersed_circle_combined_motion.m,demo_immersed_circle_combined_motion.m,MATLAB_TOOL,matlab,present,,,
matlab/inspect_smpcd_particle_thresholds.m,inspect_smpcd_particle_thresholds.m,MATLAB_TOOL,matlab,present,,,
matlab/inspect_smpcd_state.m,inspect_smpcd_state.m,MATLAB_TOOL,matlab,present,,,
matlab/list_smpcd_dumps.m,list_smpcd_dumps.m,MATLAB_TOOL,matlab,present,,,
matlab/make_backward_step_hard_inlet_visual_report_0072.m,make_backward_step_hard_inlet_visual_report_0072.m,MATLAB_TOOL,matlab,present,0072,,
matlab/make_backward_step_visual_report_0069.m,make_backward_step_visual_report_0069.m,MATLAB_TOOL,matlab,present,0069,,
matlab/make_open_channel_hard_inlet_visual_report_0071.m,make_open_channel_hard_inlet_visual_report_0071.m,MATLAB_TOOL,matlab,present,0071,,
matlab/make_periodic_cylinder_dynamic_visual_report_0105.m,make_periodic_cylinder_dynamic_visual_report_0105.m,MATLAB_TOOL,matlab,present,0105,,
matlab/make_periodic_cylinder_startup_visual_report_0104.m,make_periodic_cylinder_startup_visual_report_0104.m,MATLAB_TOOL,matlab,present,0104,,
matlab/parse_smpcd_kv.m,parse_smpcd_kv.m,MATLAB_TOOL,matlab,present,,,
matlab/plot_q6_projection_summary.m,plot_q6_projection_summary.m,MATLAB_TOOL,matlab,present,,,
matlab/plot_smpcd_frame.m,plot_smpcd_frame.m,MATLAB_TOOL,matlab,present,,,
matlab/plot_smpcd_summary.m,plot_smpcd_summary.m,MATLAB_TOOL,matlab,present,,,
matlab/plot_topo_channel_shape_comparison_0351.m,plot_topo_channel_shape_comparison_0351.m,MATLAB_TOOL,matlab,present,0351,,
matlab/plot_topo_naca_alpha_u0_sensitivity_0355.m,plot_topo_naca_alpha_u0_sensitivity_0355.m,MATLAB_TOOL,matlab,present,0355,,
matlab/plot_topo_naca_polar_proxy_0351.m,plot_topo_naca_polar_proxy_0351.m,MATLAB_TOOL,matlab,present,0351,,
matlab/plot_topo_naca_re_polar_0353.m,plot_topo_naca_re_polar_0353.m,MATLAB_TOOL,matlab,present,0353,,
matlab/plot_topo_naca_reference_comparison_0354.m,plot_topo_naca_reference_comparison_0354.m,MATLAB_TOOL,matlab,present,0354,,
matlab/postprocess_smpcd_run.m,postprocess_smpcd_run.m,MATLAB_TOOL,matlab,present,,,
matlab/read_smpcd_state.m,read_smpcd_state.m,MATLAB_TOOL,matlab,present,,,
matlab/resume_0493x7x_vk_1200_results.m,resume_0493x7x_vk_1200_results.m,MATLAB_TOOL,matlab,present,x7x,,
matlab/resume_0493x7x_vk_750_results.m,resume_0493x7x_vk_750_results.m,MATLAB_TOOL,matlab,present,x7x,,
matlab/run_0493x7x_vk_1200_div0_ablation_x7u_x7v.m,run_0493x7x_vk_1200_div0_ablation_x7u_x7v.m,MATLAB_TOOL,matlab,present,x7x;x7u;x7v,,
matlab/run_0493x7x_vk_750_div0_ablation_x7u_x7v.m,run_0493x7x_vk_750_div0_ablation_x7u_x7v.m,MATLAB_TOOL,matlab,present,x7x;x7u;x7v,,
matlab/run_0493x7x_vk_b1off_x7u_x7v.m,run_0493x7x_vk_b1off_x7u_x7v.m,MATLAB_TOOL,matlab,present,x7x;x7u;x7v,,
matlab/run_periodic_darcy_step_analysis_0493x7w.m,run_periodic_darcy_step_analysis_0493x7w.m,MATLAB_TOOL,matlab,present,x7w,,
matlab/run_topo_naca_alpha_u0_sensitivity_0355.m,run_topo_naca_alpha_u0_sensitivity_0355.m,MATLAB_TOOL,matlab,present,0355,,
matlab/run_topo_naca_reference_comparison_0354.m,run_topo_naca_reference_comparison_0354.m,MATLAB_TOOL,matlab,present,0354,,
matlab/run_topo_wake_density_0358.m,run_topo_wake_density_0358.m,MATLAB_TOOL,matlab,present,0358,,
matlab/run_vk_symmetry_breaking_0493x7v.m,run_vk_symmetry_breaking_0493x7v.m,MATLAB_TOOL,matlab,present,x7v,,
matlab/run_vk_vorticity_transport_0493x7u.m,run_vk_vorticity_transport_0493x7u.m,MATLAB_TOOL,matlab,present,x7u,,
matlab/show_smpcd_dump_and_field_0337.m,show_smpcd_dump_and_field_0337.m,MATLAB_TOOL,matlab,present,0337,,
matlab/show_topo_vk_dump_masked_0357.m,show_topo_vk_dump_masked_0357.m,MATLAB_TOOL,matlab,present,0357,,
matlab/smpcd_fields_to_table.m,smpcd_fields_to_table.m,MATLAB_TOOL,matlab,present,,,
matlab/write_smpcd_state.m,write_smpcd_state.m,MATLAB_TOOL,matlab,present,,,
scripts/run_0414_segmented_xy_neumann_qualification.sh,run_0414_segmented_xy_neumann_qualification.sh,RUNNER,bash,present,0414,0414,
scripts/run_0434_bend_pipe.sh,run_0434_bend_pipe.sh,RUNNER,bash,present,0434,,
scripts/run_0434_injection_type1_into_type2.sh,run_0434_injection_type1_into_type2.sh,RUNNER,bash,present,0434,,
scripts/run_0434_injection_type1_into_type2_empty_option.sh,run_0434_injection_type1_into_type2_empty_option.sh,RUNNER,bash,present,0434,,
scripts/run_0434_io_box_same_face.sh,run_0434_io_box_same_face.sh,RUNNER,bash,present,0434,,
scripts/run_0434_naca.sh,run_0434_naca.sh,RUNNER,bash,present,0434,,
scripts/run_0434_poiseuille.sh,run_0434_poiseuille.sh,RUNNER,bash,present,0434,,
scripts/run_0434_step.sh,run_0434_step.sh,RUNNER,bash,present,0434,,
scripts/run_0434_step_resampling_path_matrix.sh,run_0434_step_resampling_path_matrix.sh,RUNNER,bash,present,0434,,
scripts/run_0434_tg.sh,run_0434_tg.sh,RUNNER,bash,present,0434,,
scripts/run_0434_vk.sh,run_0434_vk.sh,RUNNER,bash,present,0434,,
scripts/run_0435c_boundary_equivalence_matrix.sh,run_0435c_boundary_equivalence_matrix.sh,RUNNER,bash,present,0435c,,
scripts/run_0435c_injection_fill_equivalence_matrix.sh,run_0435c_injection_fill_equivalence_matrix.sh,RUNNER,bash,present,0435c,,
scripts/run_0435c_injection_type_ladder.sh,run_0435c_injection_type_ladder.sh,RUNNER,bash,present,0435c,,
scripts/run_0435e_algorithmic_matrix.sh,run_0435e_algorithmic_matrix.sh,RUNNER,bash,present,0435e,,
scripts/run_0438_periodic_shear_wave_path_matrix.sh,run_0438_periodic_shear_wave_path_matrix.sh,RUNNER,bash,present,0438,,
scripts/run_0438_periodic_taylor_green_path_matrix.sh,run_0438_periodic_taylor_green_path_matrix.sh,RUNNER,bash,present,0438,,
scripts/run_0438b_periodic_equiv_sweep.sh,run_0438b_periodic_equiv_sweep.sh,RUNNER,bash,present,0438b,,
scripts/run_0438h_periodic_equiv_clean_sweep.sh,run_0438h_periodic_equiv_clean_sweep.sh,RUNNER,bash,present,0438h,,
scripts/run_0445_periodic_equiv_clean_shadow_smoke.sh,run_0445_periodic_equiv_clean_shadow_smoke.sh,RUNNER,bash,present,0445,,
scripts/run_0446_periodic_nonzero_plan_shadow_smoke.sh,run_0446_periodic_nonzero_plan_shadow_smoke.sh,RUNNER,bash,present,0446,,
scripts/run_0447_nonzero_plan_shadow_stress.sh,run_0447_nonzero_plan_shadow_stress.sh,RUNNER,bash,present,0447,,
scripts/run_0448_periodic_nonzero_plan_apply_smoke.sh,run_0448_periodic_nonzero_plan_apply_smoke.sh,RUNNER,bash,present,0448,,
scripts/run_0449_apply_backend_stress.sh,run_0449_apply_backend_stress.sh,RUNNER,bash,present,0449,,
scripts/run_0450_upstream_shadow_apply_smoke.sh,run_0450_upstream_shadow_apply_smoke.sh,RUNNER,bash,present,0450,,
scripts/run_0451_upstream_apply_backend_smoke.sh,run_0451_upstream_apply_backend_smoke.sh,RUNNER,bash,present,0451,,
scripts/run_0452_upstream_apply_gate_stress.sh,run_0452_upstream_apply_gate_stress.sh,RUNNER,bash,present,0452,,
scripts/run_0453_operation_materializer_smoke.sh,run_0453_operation_materializer_smoke.sh,RUNNER,bash,present,0453,,
scripts/run_0454_operation_materializer_stress.sh,run_0454_operation_materializer_stress.sh,RUNNER,bash,present,0454,,
scripts/run_0455_device_carrier_smoke.sh,run_0455_device_carrier_smoke.sh,RUNNER,bash,present,0455,,
scripts/run_0456_device_carrier_stress.sh,run_0456_device_carrier_stress.sh,RUNNER,bash,present,0456,,
scripts/run_0458_cpuop_carrier_perf_probe.sh,run_0458_cpuop_carrier_perf_probe.sh,RUNNER,bash,present,0458,,
scripts/run_0459_donor_slice_materializer_probe.sh,run_0459_donor_slice_materializer_probe.sh,RUNNER,bash,present,0459,,
scripts/run_0460_thrust_cell_list_materializer_probe.sh,run_0460_thrust_cell_list_materializer_probe.sh,RUNNER,bash,present,0460,,
scripts/run_0461_sparse_gate_probe.sh,run_0461_sparse_gate_probe.sh,RUNNER,bash,present,0461,,
scripts/run_0462_sparse_gate_stress.sh,run_0462_sparse_gate_stress.sh,RUNNER,bash,present,0462,,
scripts/run_0463_sparse_gate_endurance.sh,run_0463_sparse_gate_endurance.sh,RUNNER,bash,present,0463,,
scripts/run_0464_scaling_cuda_vs_cpu.sh,run_0464_scaling_cuda_vs_cpu.sh,RUNNER,bash,present,0464,,
scripts/run_0465_residency_audit.sh,run_0465_residency_audit.sh,RUNNER,bash,present,0465,,
scripts/run_0466_transaction_timing_probe.sh,run_0466_transaction_timing_probe.sh,RUNNER,bash,present,0466,,
scripts/run_0467_resident_core_refactor_probe.sh,run_0467_resident_core_refactor_probe.sh,RUNNER,bash,present,0467,,
scripts/run_0467b_external_resident_carrier_probe.sh,run_0467b_external_resident_carrier_probe.sh,RUNNER,bash,present,0467b,,
scripts/run_0468_deferred_resident_download_probe.sh,run_0468_deferred_resident_download_probe.sh,RUNNER,bash,present,0468,,
scripts/run_0469_resident_no_final_download_probe.sh,run_0469_resident_no_final_download_probe.sh,RUNNER,bash,present,0469,,
scripts/run_0470_resident_upstream_coupled_probe.sh,run_0470_resident_upstream_coupled_probe.sh,RUNNER,bash,present,0470,,
scripts/run_0471_direct_state_commit_probe.sh,run_0471_direct_state_commit_probe.sh,RUNNER,bash,present,0471,,
scripts/run_0472_shared_state_fast_sync_probe.sh,run_0472_shared_state_fast_sync_probe.sh,RUNNER,bash,present,0472,,
scripts/run_0473_host_patchback_fast_commit_probe.sh,run_0473_host_patchback_fast_commit_probe.sh,RUNNER,bash,present,0473,,
scripts/run_0474_cuda_plan_timing_shared_gate.sh,run_0474_cuda_plan_timing_shared_gate.sh,RUNNER,bash,present,0474,,
scripts/run_0475_materializer_shared_state_profiler.sh,run_0475_materializer_shared_state_profiler.sh,RUNNER,bash,present,0475,,
scripts/run_0475a_materializer_on_plan_probe.sh,run_0475a_materializer_on_plan_probe.sh,RUNNER,bash,present,0475a,,
scripts/run_0475b_materializer_cell_list_probe.sh,run_0475b_materializer_cell_list_probe.sh,RUNNER,bash,present,0475b,,
scripts/run_0476_materializer_authoritative_phase_attribution.sh,run_0476_materializer_authoritative_phase_attribution.sh,RUNNER,bash,present,0476,,
scripts/run_0483_remap_fusion_cpu_cuda_matrix.sh,run_0483_remap_fusion_cpu_cuda_matrix.sh,RUNNER,bash,present,0483,,
scripts/run_0483_vs_baseline_remap_gain.sh,run_0483_vs_baseline_remap_gain.sh,RUNNER,bash,present,0483,,
scripts/run_0483b_ab_128_long.sh,run_0483b_ab_128_long.sh,RUNNER,bash,present,0483b,,
scripts/run_0484_strip_smoke_src_only.sh,run_0484_strip_smoke_src_only.sh,RUNNER,bash,present,0484,,
scripts/run_0486_livevis_tg_smoke.sh,run_0486_livevis_tg_smoke.sh,RUNNER,bash,present,0486,,
scripts/run_0490a_species_registry_smoke.sh,run_0490a_species_registry_smoke.sh,RUNNER,bash,present,0490a,,
scripts/run_0490b_species_cell_deposit_smoke.sh,run_0490b_species_cell_deposit_smoke.sh,RUNNER,bash,present,0490b,,
scripts/run_0490c_species_conservative_resampling_smoke.sh,run_0490c_species_conservative_resampling_smoke.sh,RUNNER,bash,present,0490c,,
scripts/run_0490d_species_mass_closure_smoke.sh,run_0490d_species_mass_closure_smoke.sh,RUNNER,bash,present,0490d,,
scripts/run_0490e_species_population_guard_smoke.sh,run_0490e_species_population_guard_smoke.sh,RUNNER,bash,present,0490e,,
scripts/run_0490f_mixed_species_refill_smoke.sh,run_0490f_mixed_species_refill_smoke.sh,RUNNER,bash,present,0490f,,
scripts/run_0490g_species_transfer_smoke.sh,run_0490g_species_transfer_smoke.sh,RUNNER,bash,present,0490g,,
scripts/run_0490h_cuda_species_cell_deposit_smoke.sh,run_0490h_cuda_species_cell_deposit_smoke.sh,RUNNER,bash,present,0490h,,
scripts/run_0490i_cuda_species_mass_closure_smoke.sh,run_0490i_cuda_species_mass_closure_smoke.sh,RUNNER,bash,present,0490i,,
scripts/run_0490j_cuda_species_population_guard_smoke.sh,run_0490j_cuda_species_population_guard_smoke.sh,RUNNER,bash,present,0490j,,
scripts/run_0490k_cuda_species_transfer_plan_smoke.sh,run_0490k_cuda_species_transfer_plan_smoke.sh,RUNNER,bash,present,0490k,,
scripts/run_0490l_cuda_species_resident_validation.sh,run_0490l_cuda_species_resident_validation.sh,RUNNER,bash,present,0490l,,
scripts/run_0490m_cuda_species_resident_fast_path_validation.sh,run_0490m_cuda_species_resident_fast_path_validation.sh,RUNNER,bash,present,0490m,,
scripts/run_0490n_cuda_species_resident_maintenance_validation.sh,run_0490n_cuda_species_resident_maintenance_validation.sh,RUNNER,bash,present,0490n,,
scripts/run_0490n_fix2_multi_transfer_materializer_validation.sh,run_0490n_fix2_multi_transfer_materializer_validation.sh,RUNNER,bash,present,0490n-fix2,,
scripts/run_0490p_cuda_species_device_policy_validation.sh,run_0490p_cuda_species_device_policy_validation.sh,RUNNER,bash,present,0490p,,
scripts/run_0491a_species_q6_cpu_reference.sh,run_0491a_species_q6_cpu_reference.sh,RUNNER,bash,present,0491a,,
scripts/run_0491d_species_q6_path_matrix.sh,run_0491d_species_q6_path_matrix.sh,RUNNER,bash,present,0491d,,
scripts/run_0491e_species_q6_strict_resident_audit.sh,run_0491e_species_q6_strict_resident_audit.sh,RUNNER,bash,present,0491e,,
scripts/run_0491f_species_q6_energy_validation.sh,run_0491f_species_q6_energy_validation.sh,RUNNER,bash,present,0491f,,
scripts/run_0491g_species_q6_boundary_darcy_matrix.sh,run_0491g_species_q6_boundary_darcy_matrix.sh,RUNNER,bash,present,0491g,,
scripts/run_0491h_fix1_deep_qualification.sh,run_0491h_fix1_deep_qualification.sh,RUNNER,bash,present,0491h-fix1,,
scripts/run_0491h_species_q6_full_campaign.sh,run_0491h_species_q6_full_campaign.sh,RUNNER,bash,present,0491h,,
scripts/run_0491h_species_q6_software_validation.sh,run_0491h_species_q6_software_validation.sh,RUNNER,bash,present,0491h,,
scripts/run_0493b_universal_species_resampling_matrix.sh,run_0493b_universal_species_resampling_matrix.sh,RUNNER,bash,present,0493b,,
scripts/run_0493c_medium_qualification.sh,run_0493c_medium_qualification.sh,RUNNER,bash,present,0493c,,
scripts/run_0493c_species_resampling_qualification.sh,run_0493c_species_resampling_qualification.sh,RUNNER,bash,present,0493c,,
scripts/run_0493e_monospecies_resampling_physics_smoke.sh,run_0493e_monospecies_resampling_physics_smoke.sh,RUNNER,bash,present,0493e,,
scripts/run_0493f_two_species_resampling_physics_smoke.sh,run_0493f_two_species_resampling_physics_smoke.sh,RUNNER,bash,present,0493f,,
scripts/run_0493g_two_species_moment_restore.sh,run_0493g_two_species_moment_restore.sh,RUNNER,bash,present,0493g,,
scripts/run_0493h_periodic_shear_wave_physics.sh,run_0493h_periodic_shear_wave_physics.sh,RUNNER,bash,present,0493h,,
scripts/run_0493k_tg_transport_matrix.sh,run_0493k_tg_transport_matrix.sh,RUNNER,bash,present,0493k,,
scripts/run_0493l_particle_weight_transport.sh,run_0493l_particle_weight_transport.sh,RUNNER,bash,present,0493l,,
scripts/run_0493m_equal_mass_count_tg.sh,run_0493m_equal_mass_count_tg.sh,RUNNER,bash,present,0493m,,
scripts/run_0493n_resampled_fluid_reduced_sweep.sh,run_0493n_resampled_fluid_reduced_sweep.sh,RUNNER,bash,present,0493n,,
scripts/run_0493o0_src_baseline_segmented_darcy.sh,run_0493o0_src_baseline_segmented_darcy.sh,RUNNER,bash,present,0493o0,,
scripts/run_0493o0_src_baseline_tg.sh,run_0493o0_src_baseline_tg.sh,RUNNER,bash,present,0493o0,,
scripts/run_0493o1_tg_split_guard.sh,run_0493o1_tg_split_guard.sh,RUNNER,bash,present,0493o1,,
scripts/run_0493w0_darcy_kinetic_regime_sweep.sh,run_0493w0_darcy_kinetic_regime_sweep.sh,RUNNER,bash,present,0493w0,,
scripts/run_0493w1_src_fluid_calibrator.sh,run_0493w1_src_fluid_calibrator.sh,RUNNER,bash,present,0493w1,,
scripts/run_0493w1_src_fluid_presweep.sh,run_0493w1_src_fluid_presweep.sh,RUNNER,bash,present,0493w1,,
scripts/run_0493w2_src_calibrated_segmented_darcy_reference.sh,run_0493w2_src_calibrated_segmented_darcy_reference.sh,RUNNER,bash,present,0493w2,,
scripts/run_0493w5_independent_masked_periodic_smoke.sh,run_0493w5_independent_masked_periodic_smoke.sh,RUNNER,bash,present,0493w5,,
scripts/run_0493w6_independent_masked_postapply_diagnostic.sh,run_0493w6_independent_masked_postapply_diagnostic.sh,RUNNER,bash,present,0493w6,,
scripts/run_0493w7_independent_masked_multibc_smoke.sh,run_0493w7_independent_masked_multibc_smoke.sh,RUNNER,bash,present,0493w7,,
scripts/run_0493w8_tg_mono_dual_equivalence.sh,run_0493w8_tg_mono_dual_equivalence.sh,RUNNER,bash,present,0493w8,,
scripts/run_0493x0_dam_break_demo.sh,run_0493x0_dam_break_demo.sh,RUNNER,bash,present,x0,,
scripts/run_0493x10_microreflection_R2_10steps.sh,run_0493x10_microreflection_R2_10steps.sh,RUNNER,bash,present,x10,,
scripts/run_0493x10a_vacuum_drop_geometry_seal.sh,run_0493x10a_vacuum_drop_geometry_seal.sh,RUNNER,bash,present,x10a,,
scripts/run_0493x10b_hard_bulk_retention.sh,run_0493x10b_hard_bulk_retention.sh,RUNNER,bash,present,x10b,,
scripts/run_0493x10c_final_endpoint_barrier.sh,run_0493x10c_final_endpoint_barrier.sh,RUNNER,bash,present,x10c,,
scripts/run_0493x10d_analytic_conservative_reaction.sh,run_0493x10d_analytic_conservative_reaction.sh,RUNNER,bash,present,x10d,,
scripts/run_0493x10e_final_endpoint_mirror.sh,run_0493x10e_final_endpoint_mirror.sh,RUNNER,bash,present,x10e,,
scripts/run_0493x10f_global_reservoir_ablation.sh,run_0493x10f_global_reservoir_ablation.sh,RUNNER,bash,present,x10f,,
scripts/run_0493x10g_dripping_vk_validation.sh,run_0493x10g_dripping_vk_validation.sh,RUNNER,bash,present,x10g,,
scripts/run_0493x10g_dripping_vk_validation2.sh,run_0493x10g_dripping_vk_validation2.sh,RUNNER,bash,present,x10g,,
scripts/run_0493x10g_global_reduction_perf.sh,run_0493x10g_global_reduction_perf.sh,RUNNER,bash,present,x10g,,
scripts/run_0493x10h_dripping_vk_validation.sh,run_0493x10h_dripping_vk_validation.sh,RUNNER,bash,present,x10h,,
scripts/run_0493x10h_mobile_interface_drop.sh,run_0493x10h_mobile_interface_drop.sh,RUNNER,bash,present,x10h,,
scripts/run_0493x10i_mesoscopic_drop.sh,run_0493x10i_mesoscopic_drop.sh,RUNNER,bash,present,x10i,,
scripts/run_0493x10i_mesoscopic_drop_sweep_4_5.sh,run_0493x10i_mesoscopic_drop_sweep_4_5.sh,RUNNER,bash,present,x10i,,
scripts/run_0493x10j_simple_specular_dripping.sh,run_0493x10j_simple_specular_dripping.sh,RUNNER,bash,present,x10j,x10j,
scripts/run_0493x10j_simple_specular_dual_qualification.sh,run_0493x10j_simple_specular_dual_qualification.sh,RUNNER,bash,present,x10j,x10j,
scripts/run_0493x10j_simple_specular_static_drop.sh,run_0493x10j_simple_specular_static_drop.sh,RUNNER,bash,present,x10j,x10j,
scripts/run_0493x10k_local_frame_specular_dripping.sh,run_0493x10k_local_frame_specular_dripping.sh,RUNNER,bash,present,x10k,x10k,
scripts/run_0493x10k_local_frame_specular_dual_qualification.sh,run_0493x10k_local_frame_specular_dual_qualification.sh,RUNNER,bash,present,x10k,x10k,
scripts/run_0493x10k_local_frame_specular_static_drop.sh,run_0493x10k_local_frame_specular_static_drop.sh,RUNNER,bash,present,x10k,x10k,
scripts/run_0493x10l_prewall_interface_dual_diagnostic.sh,run_0493x10l_prewall_interface_dual_diagnostic.sh,RUNNER,bash,present,x10l,x10l,
scripts/run_0493x10m_moving_interface_dripping.sh,run_0493x10m_moving_interface_dripping.sh,RUNNER,bash,present,x10m,x10m,
scripts/run_0493x10m_moving_interface_dual_qualification.sh,run_0493x10m_moving_interface_dual_qualification.sh,RUNNER,bash,present,x10m,x10m,
scripts/run_0493x10m_moving_interface_static_drop.sh,run_0493x10m_moving_interface_static_drop.sh,RUNNER,bash,present,x10m,x10m,
scripts/run_0493x10n_continuous_interface_dripping.sh,run_0493x10n_continuous_interface_dripping.sh,RUNNER,bash,present,x10n,x10n,
scripts/run_0493x10n_continuous_interface_dual_qualification.sh,run_0493x10n_continuous_interface_dual_qualification.sh,RUNNER,bash,present,x10n,x10n,
scripts/run_0493x10n_continuous_interface_static_drop.sh,run_0493x10n_continuous_interface_static_drop.sh,RUNNER,bash,present,x10n,x10n,
scripts/run_0493x10o_q6_thermal_interface_dripping.sh,run_0493x10o_q6_thermal_interface_dripping.sh,RUNNER,bash,present,x10o,x10o,
scripts/run_0493x10o_q6_thermal_interface_dripping_high.sh,run_0493x10o_q6_thermal_interface_dripping_high.sh,RUNNER,bash,present,x10o,x10o,
scripts/run_0493x10o_q6_thermal_interface_dripping_restart.sh,run_0493x10o_q6_thermal_interface_dripping_restart.sh,RUNNER,bash,present,x10o,x10o,
scripts/run_0493x10o_q6_thermal_interface_dual_qualification.sh,run_0493x10o_q6_thermal_interface_dual_qualification.sh,RUNNER,bash,present,x10o,x10o,
scripts/run_0493x10o_q6_thermal_interface_static_drop.sh,run_0493x10o_q6_thermal_interface_static_drop.sh,RUNNER,bash,present,x10o,x10o,
scripts/run_0493x10p_initial_overlap_static_5step.sh,run_0493x10p_initial_overlap_static_5step.sh,RUNNER,bash,present,x10p,,
scripts/run_0493x10q_wide_overlap_static_1000.sh,run_0493x10q_wide_overlap_static_1000.sh,RUNNER,bash,present,x10q,,
scripts/run_0493x10w_dripping_ab_qualification.sh,run_0493x10w_dripping_ab_qualification.sh,RUNNER,bash,present,x10w,x10w,
scripts/run_0493x10w_fix1_static_qualification.sh,run_0493x10w_fix1_static_qualification.sh,RUNNER,bash,present,x10w,x10w,
scripts/run_0493x10w_pairwise_static_qualification.sh,run_0493x10w_pairwise_static_qualification.sh,RUNNER,bash,present,x10w,x10w,
scripts/run_0493x10w_static_qualification.sh,run_0493x10w_static_qualification.sh,RUNNER,bash,present,x10w,x10w,
scripts/run_0493x10x_thermal_sigmas_sweep.sh,run_0493x10x_thermal_sigmas_sweep.sh,RUNNER,bash,present,x10x,,
scripts/run_0493x11_capillary_quantitative_validation.sh,run_0493x11_capillary_quantitative_validation.sh,RUNNER,bash,present,x11,,
scripts/run_0493x11_refined_capillary_analysis.sh,run_0493x11_refined_capillary_analysis.sh,RUNNER,bash,present,x11,,
scripts/run_0493x11a_young_laplace_sigma0_baselines.sh,run_0493x11a_young_laplace_sigma0_baselines.sh,RUNNER,bash,present,x11a,x11a,
scripts/run_0493x11a_young_laplace_validation.sh,run_0493x11a_young_laplace_validation.sh,RUNNER,bash,present,x11a,x11a,
scripts/run_0493x11b_capillary_wave_validation.sh,run_0493x11b_capillary_wave_validation.sh,RUNNER,bash,present,x11b,x11b,
scripts/run_0493x12a_local_thermal_cooling_validation.sh,run_0493x12a_local_thermal_cooling_validation.sh,RUNNER,bash,present,x12a,x12a,
scripts/run_0493x12a_minradius_splash_overnight.sh,run_0493x12a_minradius_splash_overnight.sh,RUNNER,bash,present,x12a,x12a,
scripts/run_0493x12a_minradius_splash_overnight_fix1.sh,run_0493x12a_minradius_splash_overnight_fix1.sh,RUNNER,bash,present,x12a,x12a,
scripts/run_0493x12a_obstacle_splash_darcy_chi.sh,run_0493x12a_obstacle_splash_darcy_chi.sh,RUNNER,bash,present,x12a,x12a,
scripts/run_0493x12a_obstacle_splash_darcy_chi_fix1.sh,run_0493x12a_obstacle_splash_darcy_chi_fix1.sh,RUNNER,bash,present,x12a,x12a,
scripts/run_0493x12a_obstacle_splash_darcy_chi_fix1_mono.sh,run_0493x12a_obstacle_splash_darcy_chi_fix1_mono.sh,RUNNER,bash,present,x12a,x12a,
scripts/run_0493x12b_obstacle_JFM_D320_Re649_We514.sh,run_0493x12b_obstacle_JFM_D320_Re649_We514.sh,RUNNER,bash,present,x12b,,
scripts/run_0493x12c_obstacle_JFM_D320_Re649_We514_compactY.sh,run_0493x12c_obstacle_JFM_D320_Re649_We514_compactY.sh,RUNNER,bash,present,x12c,,
scripts/run_0493x12cal_capillary_calibrator.sh,run_0493x12cal_capillary_calibrator.sh,RUNNER,bash,present,x12cal,x12cal,
scripts/run_0493x12d_jfm524_measurement_case.sh,run_0493x12d_jfm524_measurement_case.sh,RUNNER,bash,present,x12d,x12d,
scripts/run_0493x12d_jfm524_overnight_campaign.sh,run_0493x12d_jfm524_overnight_campaign.sh,RUNNER,bash,present,x12d,x12d,
scripts/run_0493x12yl_young_laplace_calibrator.sh,run_0493x12yl_young_laplace_calibrator.sh,RUNNER,bash,present,x12yl,x12yl,
scripts/run_0493x13a_src_high_re_presweep_A0_A6.sh,run_0493x13a_src_high_re_presweep_A0_A6.sh,RUNNER,bash,present,x13a,x13a,
scripts/run_0493x13b_C_longitudinal_response.sh,run_0493x13b_C_longitudinal_response.sh,RUNNER,bash,present,x13b,x13b,
scripts/run_0493x13b_H_constitutive_shear.sh,run_0493x13b_H_constitutive_shear.sh,RUNNER,bash,present,x13b,x13b,
scripts/run_0493x13b_constitutive_transport.sh,run_0493x13b_constitutive_transport.sh,RUNNER,bash,present,x13b,x13b,
scripts/run_0493x13c_C_longitudinal_statistics.sh,run_0493x13c_C_longitudinal_statistics.sh,RUNNER,bash,present,x13c,x13c,
scripts/run_0493x13c_H_gamma_multiseed.sh,run_0493x13c_H_gamma_multiseed.sh,RUNNER,bash,present,x13c,x13c,
scripts/run_0493x13c_transport_qualification.sh,run_0493x13c_transport_qualification.sh,RUNNER,bash,present,x13c,x13c,
scripts/run_0493x13d_C_damped_analysis.sh,run_0493x13d_C_damped_analysis.sh,RUNNER,bash,present,x13d,x13d,
scripts/run_0493x13d_H_longwave_Ny256.sh,run_0493x13d_H_longwave_Ny256.sh,RUNNER,bash,present,x13d,x13d,
scripts/run_0493x13e_Ciso_mach_sweep.sh,run_0493x13e_Ciso_mach_sweep.sh,RUNNER,bash,present,x13e,x13e,
scripts/run_0493x13f_S1_G08_local_screen.sh,run_0493x13f_S1_G08_local_screen.sh,RUNNER,bash,present,x13f,x13f,
scripts/run_0493x13f_S2_G08_local_qualification.sh,run_0493x13f_S2_G08_local_qualification.sh,RUNNER,bash,present,x13f,x13f,
scripts/run_0493x13g_H_reproducibility.sh,run_0493x13g_H_reproducibility.sh,RUNNER,bash,present,x13g,x13g,
scripts/run_0493x13h_A_Cdamp_L072.sh,run_0493x13h_A_Cdamp_L072.sh,RUNNER,bash,present,x13h,x13h,
scripts/run_0493x13h_B_density_transport_L072.sh,run_0493x13h_B_density_transport_L072.sh,RUNNER,bash,present,x13h,x13h,
scripts/run_0493x13h_C_Mach_L072.sh,run_0493x13h_C_Mach_L072.sh,RUNNER,bash,present,x13h,x13h,
scripts/run_0493x13h_master.sh,run_0493x13h_master.sh,RUNNER,bash,present,x13h,x13h,
scripts/run_0493x13i_kbt_scaling.sh,run_0493x13i_kbt_scaling.sh,RUNNER,bash,present,x13i,,
scripts/run_0493x13j_young_laplace_x13h_s120.sh,run_0493x13j_young_laplace_x13h_s120.sh,RUNNER,bash,present,x13j;x13h,x13h;x13j,
scripts/run_0493x13k_oscillating_drop_2d_x13h.sh,run_0493x13k_oscillating_drop_2d_x13h.sh,RUNNER,bash,present,x13k;x13h,x13h;x13k,
scripts/run_0493x13l_n3_multiseed10.sh,run_0493x13l_n3_multiseed10.sh,RUNNER,bash,present,x13l,x13l,
scripts/run_0493x13l_oscillating_drop_n3_x13h.sh,run_0493x13l_oscillating_drop_n3_x13h.sh,RUNNER,bash,present,x13l;x13h,x13h;x13l,
scripts/run_0493x13m_n4_multiseed10.sh,run_0493x13m_n4_multiseed10.sh,RUNNER,bash,present,x13m,x13m,
scripts/run_0493x13m_oscillating_drop_n4_x13h.sh,run_0493x13m_oscillating_drop_n4_x13h.sh,RUNNER,bash,present,x13m;x13h,x13h;x13m,
scripts/run_0493x13n_taylor_culick_multiseed3.sh,run_0493x13n_taylor_culick_multiseed3.sh,RUNNER,bash,present,x13n,x13n,
scripts/run_0493x13n_taylor_culick_sheet_2d_no_kinetic_closure.sh,run_0493x13n_taylor_culick_sheet_2d_no_kinetic_closure.sh,RUNNER,bash,present,x13n,x13n,
scripts/run_0493x13n_taylor_culick_sheet_2d_specular.sh,run_0493x13n_taylor_culick_sheet_2d_specular.sh,RUNNER,bash,present,x13n,x13n,
scripts/run_0493x13n_taylor_culick_sheet_2d_x10v_off.sh,run_0493x13n_taylor_culick_sheet_2d_x10v_off.sh,RUNNER,bash,present,x13n;x10v,x10v;x13n,
scripts/run_0493x13n_taylor_culick_sheet_2d_x13h.sh,run_0493x13n_taylor_culick_sheet_2d_x13h.sh,RUNNER,bash,present,x13n;x13h,x13h;x13n,
scripts/run_0493x14ah_drop_gas_transient_poiseuille_drag.sh,run_0493x14ah_drop_gas_transient_poiseuille_drag.sh,RUNNER,bash,present,x14ah,x14ah,
scripts/run_0493x14ai_cost_ab.sh,run_0493x14ai_cost_ab.sh,RUNNER,bash,present,x14ai,x14ai,
scripts/run_0493x14ai_drag_device_closure.sh,run_0493x14ai_drag_device_closure.sh,RUNNER,bash,present,x14ai,x14ai,
scripts/run_0493x14ai_oscillating_drop_n2_device_closure.sh,run_0493x14ai_oscillating_drop_n2_device_closure.sh,RUNNER,bash,present,x14ai,x14ai,
scripts/run_0493x14aj_oscillating_drop_n3_device_closure.sh,run_0493x14aj_oscillating_drop_n3_device_closure.sh,RUNNER,bash,present,x14aj,x14aj,
scripts/run_0493x14ak_taylor_culick_two_phase_device_closure.sh,run_0493x14ak_taylor_culick_two_phase_device_closure.sh,RUNNER,bash,present,x14ak,x14ak,
scripts/run_0493x14al_taylor_culick_historical_ab.sh,run_0493x14al_taylor_culick_historical_ab.sh,RUNNER,bash,present,x14al,x14al,
scripts/run_0493x14am_young_laplace_two_phase_multiradius.sh,run_0493x14am_young_laplace_two_phase_multiradius.sh,RUNNER,bash,present,x14am,x14am,
scripts/run_0493x14an_planar_gas_jet_liquid_bath.sh,run_0493x14an_planar_gas_jet_liquid_bath.sh,RUNNER,bash,present,x14an,,
scripts/run_0493x14ao_planar_gas_jet_chi_nozzle_liquid_bath.sh,run_0493x14ao_planar_gas_jet_chi_nozzle_liquid_bath.sh,RUNNER,bash,present,x14ao,,
scripts/run_0493x14ap_planar_gas_jet_chi_nozzle_similarity.sh,run_0493x14ap_planar_gas_jet_chi_nozzle_similarity.sh,RUNNER,bash,present,x14ap,,
scripts/run_0493x14aq_fix1_planar_gas_jet_chi_nozzle_ambient_reservoir.sh,run_0493x14aq_fix1_planar_gas_jet_chi_nozzle_ambient_reservoir.sh,RUNNER,bash,present,x14aq,,
scripts/run_0493x14aq_planar_gas_jet_chi_nozzle_ambient_reservoir.sh,run_0493x14aq_planar_gas_jet_chi_nozzle_ambient_reservoir.sh,RUNNER,bash,present,x14aq,,
scripts/run_0493x14ar_planar_gas_jet_chi_nozzle_full_atmosphere.sh,run_0493x14ar_planar_gas_jet_chi_nozzle_full_atmosphere.sh,RUNNER,bash,present,x14ar,,
scripts/run_0493x14as_fix1_planar_gas_jet_chi_nozzle_wide_outlets.sh,run_0493x14as_fix1_planar_gas_jet_chi_nozzle_wide_outlets.sh,RUNNER,bash,present,x14as,,
scripts/run_0493x14as_planar_gas_jet_chi_nozzle_wide_outlets.sh,run_0493x14as_planar_gas_jet_chi_nozzle_wide_outlets.sh,RUNNER,bash,present,x14as,,
scripts/run_0493x14at_sato_stageA_campaign.sh,run_0493x14at_sato_stageA_campaign.sh,RUNNER,bash,present,x14at,,
scripts/run_0493x14au_sato_gas_viscosity.sh,run_0493x14au_sato_gas_viscosity.sh,RUNNER,bash,present,x14au,,
scripts/run_0493x14au_sato_liquid_viscosity.sh,run_0493x14au_sato_liquid_viscosity.sh,RUNNER,bash,present,x14au,,
scripts/run_0493x14au_sato_viscosity_campaign.sh,run_0493x14au_sato_viscosity_campaign.sh,RUNNER,bash,present,x14au,,
scripts/run_0493x14av_air_assisted_atomizer_demo.sh,run_0493x14av_air_assisted_atomizer_demo.sh,RUNNER,bash,present,x14av,,
scripts/run_0493x14s_multiseed6_shape_step1000.sh,run_0493x14s_multiseed6_shape_step1000.sh,RUNNER,bash,present,x14s,x14s,
scripts/run_0493x14s_multiseed6_sigma256.sh,run_0493x14s_multiseed6_sigma256.sh,RUNNER,bash,present,x14s,x14s,
scripts/run_0493x1_closed_box_smoke.sh,run_0493x1_closed_box_smoke.sh,RUNNER,bash,present,x1,x1,
scripts/run_0493x2_liquid_only_q6.sh,run_0493x2_liquid_only_q6.sh,RUNNER,bash,present,x2,x2,
scripts/run_0493x2_liquid_only_q6_common.sh,run_0493x2_liquid_only_q6_common.sh,RUNNER,bash,present,x2,x2,
scripts/run_0493x3_liquid_only_q6_force_prestream.sh,run_0493x3_liquid_only_q6_force_prestream.sh,RUNNER,bash,present,x3,x3,
scripts/run_0493x3_q6_force_projection_tg.sh,run_0493x3_q6_force_projection_tg.sh,RUNNER,bash,present,x3,x3,
scripts/run_0493x4a_liquid_only_q6_force_single.sh,run_0493x4a_liquid_only_q6_force_single.sh,RUNNER,bash,present,x4a,x4a,
scripts/run_0493x4a_q6_force_single_tg.sh,run_0493x4a_q6_force_single_tg.sh,RUNNER,bash,present,x4a,x4a,
scripts/run_0493x4b_liquid_only_q6_force_fused.sh,run_0493x4b_liquid_only_q6_force_fused.sh,RUNNER,bash,present,x4b,x4b,
scripts/run_0493x4b_q6_force_fusion_tg.sh,run_0493x4b_q6_force_fusion_tg.sh,RUNNER,bash,present,x4b,x4b,
scripts/run_0493x5a2_dynamic_free_surface_dam_break.sh,run_0493x5a2_dynamic_free_surface_dam_break.sh,RUNNER,bash,present,x5a2,x5a2,
scripts/run_0493x5a2_nonregression.sh,run_0493x5a2_nonregression.sh,RUNNER,bash,present,x5a2,x5a2,
scripts/run_0493x5a_nonregression.sh,run_0493x5a_nonregression.sh,RUNNER,bash,present,x5a,x5a,
scripts/run_0493x5a_partial_liquid_free_surface.sh,run_0493x5a_partial_liquid_free_surface.sh,RUNNER,bash,present,x5a,x5a,
scripts/run_0493x5b_liquid_gas_free_surface_dam_break.sh,run_0493x5b_liquid_gas_free_surface_dam_break.sh,RUNNER,bash,present,x5b,x5b,
scripts/run_0493x5b_nonregression.sh,run_0493x5b_nonregression.sh,RUNNER,bash,present,x5b,x5b,
scripts/run_0493x6a_phase_pressure_diagnostic.sh,run_0493x6a_phase_pressure_diagnostic.sh,RUNNER,bash,present,x6a,x6a,
scripts/run_0493x6b_phase_geometry_diagnostic.sh,run_0493x6b_phase_geometry_diagnostic.sh,RUNNER,bash,present,x6b,x6b,
scripts/run_0493x6c_phase_geometry_resident.sh,run_0493x6c_phase_geometry_resident.sh,RUNNER,bash,present,x6c,x6c,
scripts/run_0493x6d_cutface_geometry_zero_pressure.sh,run_0493x6d_cutface_geometry_zero_pressure.sh,RUNNER,bash,present,x6d,x6d,
scripts/run_0493x6e_phase_interface_topology.sh,run_0493x6e_phase_interface_topology.sh,RUNNER,bash,present,x6e,x6e,
scripts/run_0493x6f_phase_interface_stencil.sh,run_0493x6f_phase_interface_stencil.sh,RUNNER,bash,present,x6f,x6f,
scripts/run_0493x6g_final_dam_break.sh,run_0493x6g_final_dam_break.sh,RUNNER,bash,present,x6g,x6g,
scripts/run_0493x6g_phase_gas_pressure.sh,run_0493x6g_phase_gas_pressure.sh,RUNNER,bash,present,x6g,x6g,
scripts/run_0493x6g_validation.sh,run_0493x6g_validation.sh,RUNNER,bash,present,x6g,x6g,
scripts/run_0493x7d_density_rhs_grid_refinement.sh,run_0493x7d_density_rhs_grid_refinement.sh,RUNNER,bash,present,x7d,x7d,
scripts/run_0493x7e_x6g_x7d_validation.sh,run_0493x7e_x6g_x7d_validation.sh,RUNNER,bash,present,x7e;x6g;x7d,x6g;x7d;x7e,
scripts/run_0493x7f_q6_g_f_multibc_validation.sh,run_0493x7f_q6_g_f_multibc_validation.sh,RUNNER,bash,present,x7f,x7f,
scripts/run_0493x7g_q6_g_f_darcy_validation.sh,run_0493x7g_q6_g_f_darcy_validation.sh,RUNNER,bash,present,x7g,x7g,
scripts/run_0493x7i_q6_g_f_physical_qualification.sh,run_0493x7i_q6_g_f_physical_qualification.sh,RUNNER,bash,present,x7i,x7i,
scripts/run_0493x7i_q6_g_f_physical_qualification_x7q.sh,run_0493x7i_q6_g_f_physical_qualification_x7q.sh,RUNNER,bash,present,x7i;x7q,x7i;x7q,
scripts/run_0493x7n_path_fluid_calibrator.sh,run_0493x7n_path_fluid_calibrator.sh,RUNNER,bash,present,x7n,,
scripts/run_0493x7s_transverse_shear_vorticity.sh,run_0493x7s_transverse_shear_vorticity.sh,RUNNER,bash,present,x7s,,
scripts/run_0493x7t_transverse_shear_q6gf_full_extension.sh,run_0493x7t_transverse_shear_q6gf_full_extension.sh,RUNNER,bash,present,x7t,,
scripts/run_0493x7w_periodic_darcy_step.sh,run_0493x7w_periodic_darcy_step.sh,RUNNER,bash,present,x7w,,
scripts/run_0493x7x_vk_b1off.sh,run_0493x7x_vk_b1off.sh,RUNNER,bash,present,x7x,,
scripts/run_0493x7y_vk_x7qoff.sh,run_0493x7y_vk_x7qoff.sh,RUNNER,bash,present,x7y;x7qoff,,
scripts/run_0493x8c_stage_momentum.sh,run_0493x8c_stage_momentum.sh,RUNNER,bash,present,x8c,,
scripts/run_0493x8d_q6gf_poiseuille_chi.sh,run_0493x8d_q6gf_poiseuille_chi.sh,RUNNER,bash,present,x8d,,
scripts/run_0493x8d_q6gf_poiseuille_qualification.sh,run_0493x8d_q6gf_poiseuille_qualification.sh,RUNNER,bash,present,x8d,,
scripts/run_0493x8d_q6gf_poiseuille_solid.sh,run_0493x8d_q6gf_poiseuille_solid.sh,RUNNER,bash,present,x8d,,
scripts/run_0493x8e_q6gf_darcy_alpha_sweep.sh,run_0493x8e_q6gf_darcy_alpha_sweep.sh,RUNNER,bash,present,x8e,,
scripts/run_0493x8e_q6gf_darcy_and_viscosity.sh,run_0493x8e_q6gf_darcy_and_viscosity.sh,RUNNER,bash,present,x8e,,
scripts/run_0493x8e_q6gf_tg_viscosity_ensemble.sh,run_0493x8e_q6gf_tg_viscosity_ensemble.sh,RUNNER,bash,present,x8e,,
scripts/run_0493x8f_q6gf_vk_re65.sh,run_0493x8f_q6gf_vk_re65.sh,RUNNER,bash,present,x8f,,
scripts/run_0493x8g_q6gf_vk_fullface_mass_smoke.sh,run_0493x8g_q6gf_vk_fullface_mass_smoke.sh,RUNNER,bash,present,x8g,,
scripts/run_0493x8h_q6gf_vk_restart.sh,run_0493x8h_q6gf_vk_restart.sh,RUNNER,bash,present,x8h,,
scripts/run_0493x8k_segmented_local_poiseuille.sh,run_0493x8k_segmented_local_poiseuille.sh,RUNNER,bash,present,x8k,x8k,
scripts/run_0493x8m_zovatto_re280.sh,run_0493x8m_zovatto_re280.sh,RUNNER,bash,present,x8m,,
scripts/run_0493x8m_zovatto_re280_checked.sh,run_0493x8m_zovatto_re280_checked.sh,RUNNER,bash,present,x8m,,
scripts/run_0493x8m_zovatto_re280_restart.sh,run_0493x8m_zovatto_re280_restart.sh,RUNNER,bash,present,x8m,,
scripts/run_0493x8m_zovatto_re280_restart_large.sh,run_0493x8m_zovatto_re280_restart_large.sh,RUNNER,bash,present,x8m,,
scripts/run_0493x8q_neumann_smoke.sh,run_0493x8q_neumann_smoke.sh,RUNNER,bash,present,x8q,x8q,
scripts/run_0493x9a_ellipse_curvature.sh,run_0493x9a_ellipse_curvature.sh,RUNNER,bash,present,x9a,,
scripts/run_0493x9b_ellipse_curvature.sh,run_0493x9b_ellipse_curvature.sh,RUNNER,bash,present,x9b,,
scripts/run_0493x9c_curvature_sweep.sh,run_0493x9c_curvature_sweep.sh,RUNNER,bash,present,x9c,,
scripts/run_0493x9c_ellipse_curvature.sh,run_0493x9c_ellipse_curvature.sh,RUNNER,bash,present,x9c,,
scripts/run_0493x9d_static_drop.sh,run_0493x9d_static_drop.sh,RUNNER,bash,present,x9d,x9d,
scripts/run_0493x9e_static_drop.sh,run_0493x9e_static_drop.sh,RUNNER,bash,present,x9e,x9e,
scripts/run_0493x9f_ellipse_relaxation.sh,run_0493x9f_ellipse_relaxation.sh,RUNNER,bash,present,x9f,x9f,
scripts/run_0493x9f_ellipse_relaxation_sweep.sh,run_0493x9f_ellipse_relaxation_sweep.sh,RUNNER,bash,present,x9f,x9f,
scripts/run_0493x9g_phase_pair_equivalence.sh,run_0493x9g_phase_pair_equivalence.sh,RUNNER,bash,present,x9g,x9g,
scripts/run_0493x9h_wall_geometry_provider.sh,run_0493x9h_wall_geometry_provider.sh,RUNNER,bash,present,x9h,x9h,
scripts/run_0493x9i_contact_angle.sh,run_0493x9i_contact_angle.sh,RUNNER,bash,present,x9i,,
scripts/run_0493x9j_contact_angle_ghost.sh,run_0493x9j_contact_angle_ghost.sh,RUNNER,bash,present,x9j,,
scripts/run_0493x9k_contact_angle_mirror.sh,run_0493x9k_contact_angle_mirror.sh,RUNNER,bash,present,x9k,,
scripts/run_0493x9l_contact_angle_wallface.sh,run_0493x9l_contact_angle_wallface.sh,RUNNER,bash,present,x9l,,
scripts/run_0493x9m_contact_angle_offsupport.sh,run_0493x9m_contact_angle_offsupport.sh,RUNNER,bash,present,x9m,x9m,
scripts/run_0493x9n_geometric_qualification.sh,run_0493x9n_geometric_qualification.sh,RUNNER,bash,present,x9n,,
scripts/run_0493x9o_phase_qualification.sh,run_0493x9o_phase_qualification.sh,RUNNER,bash,present,x9o,,
scripts/run_0493x9p_sessile_dynamics.sh,run_0493x9p_sessile_dynamics.sh,RUNNER,bash,present,x9p,,
scripts/run_0493x9q_dripping_jet_potential.sh,run_0493x9q_dripping_jet_potential.sh,RUNNER,bash,present,x9q,,
scripts/run_0493x9r_dripping_jet_cutoff.sh,run_0493x9r_dripping_jet_cutoff.sh,RUNNER,bash,present,x9r,x9r,
scripts/run_0493x9s_splash.sh,run_0493x9s_splash.sh,RUNNER,bash,present,x9s,x9s,
scripts/run_0493x9s_splash_puddle.sh,run_0493x9s_splash_puddle.sh,RUNNER,bash,present,x9s,x9s,
scripts/run_0493x9s_splash_wall.sh,run_0493x9s_splash_wall.sh,RUNNER,bash,present,x9s,x9s,
scripts/run_0493x9t_splash_reflection.sh,run_0493x9t_splash_reflection.sh,RUNNER,bash,present,x9t,,
scripts/run_0493x9t_vacuum_drop_reflection.sh,run_0493x9t_vacuum_drop_reflection.sh,RUNNER,bash,present,x9t,,
scripts/run_0493x9u_splash_reflection.sh,run_0493x9u_splash_reflection.sh,RUNNER,bash,present,x9u,,
scripts/run_0493x9u_vacuum_drop_reflection.sh,run_0493x9u_vacuum_drop_reflection.sh,RUNNER,bash,present,x9u,,
scripts/run_0493x9v_vacuum_drop_diagnostic.sh,run_0493x9v_vacuum_drop_diagnostic.sh,RUNNER,bash,present,x9v,,
scripts/run_0493x9w_vacuum_drop_bulk_bath.sh,run_0493x9w_vacuum_drop_bulk_bath.sh,RUNNER,bash,present,x9w,,
scripts/run_0493x9x_vacuum_drop_crossing.sh,run_0493x9x_vacuum_drop_crossing.sh,RUNNER,bash,present,x9x,,
scripts/run_0493x9y_vacuum_drop_pointwise.sh,run_0493x9y_vacuum_drop_pointwise.sh,RUNNER,bash,present,x9y,,
scripts/run_0493x9z_vacuum_drop_individual.sh,run_0493x9z_vacuum_drop_individual.sh,RUNNER,bash,present,x9z,,
scripts/run_backward_step_io_ablation_0425.sh,run_backward_step_io_ablation_0425.sh,RUNNER,bash,present,0425,,
scripts/run_boundary_equivalence_summary_0435c.sh,run_boundary_equivalence_summary_0435c.sh,RUNNER,bash,present,0435c,,
scripts/run_crash_segmented_neumann_outlet.sh,run_crash_segmented_neumann_outlet.sh,RUNNER,bash,present,,,
scripts/run_dambreak_gas.sh,run_dambreak_gas.sh,RUNNER,bash,present,,,
scripts/run_high_re_tg_reaudit.sh,run_high_re_tg_reaudit.sh,RUNNER,bash,present,,,
scripts/run_injection_fill_resampling_validation_0342a_livevis.sh,run_injection_fill_resampling_validation_0342a_livevis.sh,RUNNER,bash,present,0342a,,
scripts/run_injection_type1_into_type2_segmented_0431_livevis.sh,run_injection_type1_into_type2_segmented_0431_livevis.sh,RUNNER,bash,present,0431,,
scripts/run_levelB_summary_0435c.sh,run_levelB_summary_0435c.sh,RUNNER,bash,present,0435c,,
scripts/run_ok_0493x14a_species_thermostat_two_type_smoke.sh,run_ok_0493x14a_species_thermostat_two_type_smoke.sh,RUNNER,bash,present,x14a,,
scripts/run_ok_0493x14af_q6_x14v_global_balance.sh,run_ok_0493x14af_q6_x14v_global_balance.sh,RUNNER,bash,present,x14af;x14v,x14af;x14v,
scripts/run_ok_0493x14ag_drop_gas_poiseuille_drag.sh,run_ok_0493x14ag_drop_gas_poiseuille_drag.sh,RUNNER,bash,present,x14ag,x14ag,
scripts/run_ok_0493x14ah_drop_gas_transient_poiseuille_drag.sh,run_ok_0493x14ah_drop_gas_transient_poiseuille_drag.sh,RUNNER,bash,present,x14ah,x14ah,
scripts/run_ok_0493x14b_species_thermostat_collision_exact.sh,run_ok_0493x14b_species_thermostat_collision_exact.sh,RUNNER,bash,present,x14b,,
scripts/run_ok_0493x14c_species_thermostat_collision_shifted.sh,run_ok_0493x14c_species_thermostat_collision_shifted.sh,RUNNER,bash,present,x14c,,
scripts/run_ok_0493x14e_species_thermostat_src_quick.sh,run_ok_0493x14e_species_thermostat_src_quick.sh,RUNNER,bash,present,x14e,,
scripts/run_ok_0493x14f_species_thermostat_q6gf_exact.sh,run_ok_0493x14f_species_thermostat_q6gf_exact.sh,RUNNER,bash,present,x14f,,
scripts/run_ok_0493x14f_species_thermostat_q6gf_quick.sh,run_ok_0493x14f_species_thermostat_q6gf_quick.sh,RUNNER,bash,present,x14f,,
scripts/run_ok_0493x14i_species_thermostat_q6gf_shifted_exact.sh,run_ok_0493x14i_species_thermostat_q6gf_shifted_exact.sh,RUNNER,bash,present,x14i,,
scripts/run_ok_0493x14j_diffuse_drop_two_temperature.sh,run_ok_0493x14j_diffuse_drop_two_temperature.sh,RUNNER,bash,present,x14j,x14j,
scripts/run_ok_0493x14k_bilateral_x10u_drop.sh,run_ok_0493x14k_bilateral_x10u_drop.sh,RUNNER,bash,present,x14k;x10u,x10u;x14k,
scripts/run_ok_0493x14l_gas_specular_drop.sh,run_ok_0493x14l_gas_specular_drop.sh,RUNNER,bash,present,x14l,x14l,
scripts/run_ok_0493x14m_full_liquid_chain_gas_specular_drop.sh,run_ok_0493x14m_full_liquid_chain_gas_specular_drop.sh,RUNNER,bash,present,x14m,x14m,
scripts/run_ok_0493x14m_full_liquid_chain_gas_specular_drop_periodic.sh,run_ok_0493x14m_full_liquid_chain_gas_specular_drop_periodic.sh,RUNNER,bash,present,x14m,x14m,
scripts/run_ok_0493x14n_fix1_no_kinetic_reflection_drop.sh,run_ok_0493x14n_fix1_no_kinetic_reflection_drop.sh,RUNNER,bash,present,x14n,x14n,
scripts/run_ok_0493x14n_gas_closure_off_drop.sh,run_ok_0493x14n_gas_closure_off_drop.sh,RUNNER,bash,present,x14n,x14n,
scripts/run_ok_0493x14o_x6g_constant_pressure_ablation_drop.sh,run_ok_0493x14o_x6g_constant_pressure_ablation_drop.sh,RUNNER,bash,present,x14o;x6g,x14o;x6g,
scripts/run_ok_0493x14s_x6g_accessible_volume_drop.sh,run_ok_0493x14s_x6g_accessible_volume_drop.sh,RUNNER,bash,present,x14s;x6g,x14s;x6g,
scripts/run_ok_0493x14t_normal_pressure_piston.sh,run_ok_0493x14t_normal_pressure_piston.sh,RUNNER,bash,present,x14t,x14t,
scripts/run_ok_0493x14u_normal_kinetic_impact.sh,run_ok_0493x14u_normal_kinetic_impact.sh,RUNNER,bash,present,x14u,x14u,
scripts/run_ok_0493x14w_two_phase_couette.sh,run_ok_0493x14w_two_phase_couette.sh,RUNNER,bash,present,x14w,x14w,
scripts/run_ok_0493x14x_oscillating_drop_liquid_gas.sh,run_ok_0493x14x_oscillating_drop_liquid_gas.sh,RUNNER,bash,present,x14x,x14x,
scripts/run_ok_0493x14x_two_phase_oscillating_drop_n2.sh,run_ok_0493x14x_two_phase_oscillating_drop_n2.sh,RUNNER,bash,present,x14x,x14x,
scripts/run_ok_air_assisted_atomizer.sh,run_ok_air_assisted_atomizer.sh,RUNNER,bash,present,,,
scripts/run_ok_air_assisted_atomizer_noair.sh,run_ok_air_assisted_atomizer_noair.sh,RUNNER,bash,present,,,
scripts/run_ok_air_assisted_atomizer_old.sh,run_ok_air_assisted_atomizer_old.sh,RUNNER,bash,present,,,
scripts/run_ok_bend_pipe.sh,run_ok_bend_pipe.sh,RUNNER,bash,present,,,
scripts/run_ok_coalescence.sh,run_ok_coalescence.sh,RUNNER,bash,present,,,
scripts/run_ok_dambreak.sh,run_ok_dambreak.sh,RUNNER,bash,present,,,
scripts/run_ok_dripping.sh,run_ok_dripping.sh,RUNNER,bash,present,,,
scripts/run_ok_injection_type1_into_type2.sh,run_ok_injection_type1_into_type2.sh,RUNNER,bash,present,,,
scripts/run_ok_injection_type1_into_type2_empty.sh,run_ok_injection_type1_into_type2_empty.sh,RUNNER,bash,present,,,
scripts/run_ok_io_box_same_face.sh,run_ok_io_box_same_face.sh,RUNNER,bash,present,,,
scripts/run_ok_naca.sh,run_ok_naca.sh,RUNNER,bash,present,,,
scripts/run_ok_poiseuille.sh,run_ok_poiseuille.sh,RUNNER,bash,present,,,
scripts/run_ok_puddle.sh,run_ok_puddle.sh,RUNNER,bash,present,,,
scripts/run_ok_splash.sh,run_ok_splash.sh,RUNNER,bash,present,,,
scripts/run_ok_step.sh,run_ok_step.sh,RUNNER,bash,present,,,
scripts/run_ok_tg.sh,run_ok_tg.sh,RUNNER,bash,present,,,
scripts/run_ok_vk.sh,run_ok_vk.sh,RUNNER,bash,present,,,
scripts/run_portable_backward_step_resampling_0337_livevis.sh,run_portable_backward_step_resampling_0337_livevis.sh,RUNNER,bash,present,0337,,
scripts/run_portable_box_segmented_x0_resampling_0337_livevis.sh,run_portable_box_segmented_x0_resampling_0337_livevis.sh,RUNNER,bash,present,0337,,
scripts/run_portable_poiseuille_resampling_0337_livevis.sh,run_portable_poiseuille_resampling_0337_livevis.sh,RUNNER,bash,present,0337,,
scripts/run_portable_tg_hole_resampling_0337_livevis.sh,run_portable_tg_hole_resampling_0337_livevis.sh,RUNNER,bash,present,0337,,
scripts/run_src_classic_cuda_darcy_chi_backward_step_0425.sh,run_src_classic_cuda_darcy_chi_backward_step_0425.sh,RUNNER,bash,present,0425,,
scripts/run_src_classic_cuda_darcy_chi_lr_segments_0411.sh,run_src_classic_cuda_darcy_chi_lr_segments_0411.sh,RUNNER,bash,present,0411,,
scripts/run_src_classic_cuda_darcy_chi_naca_periodic_0414.sh,run_src_classic_cuda_darcy_chi_naca_periodic_0414.sh,RUNNER,bash,present,0414,,
scripts/run_validate_cuda_resampling_compact_shadow_0440.sh,run_validate_cuda_resampling_compact_shadow_0440.sh,RUNNER,bash,present,0440,,
scripts/run_validate_cuda_resampling_deposit_shadow_0439.sh,run_validate_cuda_resampling_deposit_shadow_0439.sh,RUNNER,bash,present,0439,,
scripts/run_validate_cuda_resampling_particle_apply_shadow_0442.sh,run_validate_cuda_resampling_particle_apply_shadow_0442.sh,RUNNER,bash,present,0442,,
scripts/run_validate_cuda_resampling_pipeline_shadow_0444.sh,run_validate_cuda_resampling_pipeline_shadow_0444.sh,RUNNER,bash,present,0444,,
scripts/run_validate_cuda_resampling_planner_shadow_0441.sh,run_validate_cuda_resampling_planner_shadow_0441.sh,RUNNER,bash,present,0441,,
scripts/run_validate_cuda_resampling_remap_thermal_shadow_0443.sh,run_validate_cuda_resampling_remap_thermal_shadow_0443.sh,RUNNER,bash,present,0443,,
doc/LIVEVIS_HOLD_ON_EXIT_0421.md,LIVEVIS_HOLD_ON_EXIT_0421.md,VISUALIZER,markdown,present,0421,,
doc/README_0491H_RUN_OK_LIVEVIS_VALIDATION.md,README_0491H_RUN_OK_LIVEVIS_VALIDATION.md,VISUALIZER,markdown,present,0491h,,
doc/README_0493X9B_PASSIVE_CURVATURE_LIVEVIS.md,README_0493X9B_PASSIVE_CURVATURE_LIVEVIS.md,VISUALIZER,markdown,present,x9b,,
doc/README_inventory_0337_livevis.md,README_inventory_0337_livevis.md,VISUALIZER,markdown,present,0337,,
doc/README_livevis_cuda_field_0337a.md,README_livevis_cuda_field_0337a.md,VISUALIZER,markdown,present,0337a,,
doc/README_livevis_cuda_field_0337b.md,README_livevis_cuda_field_0337b.md,VISUALIZER,markdown,present,0337b,,
doc/README_livevis_cuda_field_0337c.md,README_livevis_cuda_field_0337c.md,VISUALIZER,markdown,present,0337c,,
doc/README_livevis_cuda_snapshot_0336a.md,README_livevis_cuda_snapshot_0336a.md,VISUALIZER,markdown,present,0336a,,
doc/README_livevis_cuda_snapshot_0336b.md,README_livevis_cuda_snapshot_0336b.md,VISUALIZER,markdown,present,0336b,,
doc/README_livevis_status_line_0337d.md,README_livevis_status_line_0337d.md,VISUALIZER,markdown,present,0337d,,
doc/README_portable_livevis_demos_0337.md,README_portable_livevis_demos_0337.md,VISUALIZER,markdown,present,0337,,
doc/RESIDENT_LIVEVIS_BUILD_0486.md,RESIDENT_LIVEVIS_BUILD_0486.md,VISUALIZER,markdown,present,0486,,
doc/RUN_OK_LIVEVIS_DEFAULT_0487.md,RUN_OK_LIVEVIS_DEFAULT_0487.md,VISUALIZER,markdown,present,0487,,
doc/injection_fill_resampling_validation_0342a_livevis.md,injection_fill_resampling_validation_0342a_livevis.md,VISUALIZER,markdown,present,0342a,,
doc/livevis_colormap_control_0342a.md,livevis_colormap_control_0342a.md,VISUALIZER,markdown,present,0342a,,
doc/livevis_field_N_0361.md,livevis_field_N_0361.md,VISUALIZER,markdown,present,0361,,
doc/livevis_field_minmax_0363.md,livevis_field_minmax_0363.md,VISUALIZER,markdown,present,0363,,
doc/livevis_quiver_black_0366.md,livevis_quiver_black_0366.md,VISUALIZER,markdown,present,0366,,
doc/livevis_quiver_overlay_0364.md,livevis_quiver_overlay_0364.md,VISUALIZER,markdown,present,0364,,
doc/livevis_quiver_smoothing_0365.md,livevis_quiver_smoothing_0365.md,VISUALIZER,markdown,present,0365,,
doc/livevis_runtime_control_0341a.md,livevis_runtime_control_0341a.md,VISUALIZER,markdown,present,0341a,,
doc/livevis_runtime_control_0341b_scripts.md,livevis_runtime_control_0341b_scripts.md,VISUALIZER,markdown,present,0341b,,
doc/src_mpcd_cuda_env_flags_added_0331_to_0337_livevis.csv,src_mpcd_cuda_env_flags_added_0331_to_0337_livevis.csv,VISUALIZER,csv,present,0331;0337,,
doc/src_mpcd_cuda_livevis_inventory_0314_to_0339a.csv,src_mpcd_cuda_livevis_inventory_0314_to_0339a.csv,VISUALIZER,csv,present,0314;0339a,,
doc/src_mpcd_cuda_livevis_inventory_0314_to_0342a.csv,src_mpcd_cuda_livevis_inventory_0314_to_0342a.csv,VISUALIZER,csv,present,0314;0342a,,
doc/src_mpcd_cuda_livevis_inventory_update_0341_0342.md,src_mpcd_cuda_livevis_inventory_update_0341_0342.md,VISUALIZER,markdown,present,0341;0342,,
doc/src_mpcd_cuda_params_added_0337_livevis.csv,src_mpcd_cuda_params_added_0337_livevis.csv,VISUALIZER,csv,present,0337,,
doc/src_mpcd_cuda_resampling_env_flags_delta_0314_to_0337_livevis.csv,src_mpcd_cuda_resampling_env_flags_delta_0314_to_0337_livevis.csv,VISUALIZER,csv,present,0314;0337,,
doc/src_mpcd_cuda_resampling_params_delta_0314_to_0337_livevis.csv,src_mpcd_cuda_resampling_params_delta_0314_to_0337_livevis.csv,VISUALIZER,csv,present,0314;0337,,
doc/src_mpcd_env_flags_delta_0365_to_0426_darcy_livevis.csv,src_mpcd_env_flags_delta_0365_to_0426_darcy_livevis.csv,VISUALIZER,csv,present,0365;0426,,
doc/src_mpcd_params_delta_0365_to_0426_darcy_livevis.csv,src_mpcd_params_delta_0365_to_0426_darcy_livevis.csv,VISUALIZER,csv,present,0365;0426,,
matlab/play_livevis_fields.m,play_livevis_fields.m,VISUALIZER,matlab,present,,,
matlab/play_livevis_fields_old.m,play_livevis_fields_old.m,VISUALIZER,matlab,present,,,
matlab/play_smpcd_dumps.m,play_smpcd_dumps.m,VISUALIZER,matlab,present,,,
matlab/play_smpcd_filtered_animation.m,play_smpcd_filtered_animation.m,VISUALIZER,matlab,present,,,
src/live_visualization_0335.cpp.bak_0436b_livevis_reset,live_visualization_0335.cpp.bak_0436b_livevis_reset,VISUALIZER,,present,0335;0436b,,
