candidate_id,label,normalized_label,family,status,confidence,evidence_count,anchor_commit,first_date,last_date,linked_milestone_object_id,mainline_status,anchor_subject,notes
candidate:numeric:0015:commit-7655b81b1b2f,0015,0015,NUMERIC,CANDIDATE,A,1,7655b81b1b2fd16eecefa8d8b3bebac4cd9f87f1,2026-08-29T21:42:43+02:00,2026-08-29T21:42:43+02:00,,IN_MAINLINE,one-for_one swap normal only & validation scripts for surf. tension (osc. droplet and TC,
candidate:numeric:0061:commit-5bb31b1f0e04,0061,0061,NUMERIC,CANDIDATE,A,2,5bb31b1f0e045bb99534d9e2e5a1ddae81264a28,2026-05-24T11:47:48+02:00,2026-05-24T11:47:48+02:00,,IN_MAINLINE,0061 add classic particle inlet outlet boundaries,
candidate:numeric:0061:commit-61aafa7e010f,0061,0061,NUMERIC,CANDIDATE,A,2,61aafa7e010f1f130f267b787cbda4c9bfc93858,2026-05-24T11:52:47+02:00,2026-05-24T11:52:47+02:00,,IN_MAINLINE,0061 add classic particle inlet outlet boundaries,
candidate:numeric:0061:commit-8d62238a4fc1,0061,0061,NUMERIC,CANDIDATE,A,1,8d62238a4fc13ec601d8e864fec254dcbfad2edd,2026-05-24T12:14:04+02:00,2026-05-24T12:14:04+02:00,,IN_MAINLINE,0061 add classic particle inlet outlet smoke case,
candidate:numeric:0061b:commit-eb827bd2392d,0061b,0061b,NUMERIC,CANDIDATE,A,2,eb827bd2392dc7c7953d323a609161b9d6fa872b,2026-05-24T12:38:43+02:00,2026-05-24T12:38:43+02:00,,IN_MAINLINE,0061b add CUDA-like classic inlet outlet recycling,
candidate:numeric:0061b:commit-ae4d4d7df3b0,0061b,0061b,NUMERIC,CANDIDATE,A,1,ae4d4d7df3b08cd574ca9d3160a71a4f4396d6be,2026-05-24T15:58:49+02:00,2026-05-24T15:58:49+02:00,,IN_MAINLINE,0061b add CUDA-like classic inlet outlet recycling,
candidate:numeric:0062:commit-0424fb34eed8,0062,0062,NUMERIC,CANDIDATE,A,2,0424fb34eed8ed601dc68f6b4ac80dec01bbee80,2026-05-24T16:21:54+02:00,2026-05-24T16:21:54+02:00,,IN_MAINLINE,0062 add minimal Q6 inlet outlet flux boundary,
candidate:numeric:0063:commit-2e83ddc0e38d,0063,0063,NUMERIC,CANDIDATE,A,2,2e83ddc0e38d4405f04d46d68d2a924897bc17d2,2026-05-24T16:43:38+02:00,2026-05-24T16:43:38+02:00,,IN_MAINLINE,0063 add minimal Q9 inlet outlet mass flux boundary,
candidate:numeric:0063b:commit-c9663e713e05,0063b,0063b,NUMERIC,CANDIDATE,A,2,c9663e713e05253f7ef524602e4beb3304736045,2026-05-24T16:55:45+02:00,2026-05-24T16:55:45+02:00,,IN_MAINLINE,0063b add fast Q9 inlet outlet validation sweep,
candidate:numeric:0064:commit-57705fceafb9,0064,0064,NUMERIC,CANDIDATE,A,2,57705fceafb9377f6d4e2f8538409cc2d8e4792e,2026-05-24T17:10:18+02:00,2026-05-24T17:10:18+02:00,,IN_MAINLINE,0064 add bulk-only virial inlet outlet support,
candidate:numeric:0064b:commit-4dfe16e02eca,0064b,0064b,NUMERIC,CANDIDATE,A,2,4dfe16e02eca2fff19b6a19bcbcaa4c1da78ec62,2026-05-24T17:19:25+02:00,2026-05-24T17:19:25+02:00,,IN_MAINLINE,0064b add fast virial inlet outlet sweep,
candidate:numeric:0065:commit-22dd5350b023,0065,0065,NUMERIC,CANDIDATE,A,4,22dd5350b023e8b623b58bd7e176ed1dfb85edde,2026-05-24T17:37:56+02:00,2026-05-24T17:37:56+02:00,,IN_MAINLINE,0065 add structured open channel validation,
candidate:numeric:0065b:commit-7bb2f7eb18c3,0065b,0065b,NUMERIC,CANDIDATE,A,2,7bb2f7eb18c3b5cdcea61853a20f747d9794f007,2026-05-24T17:47:19+02:00,2026-05-24T17:47:19+02:00,,IN_MAINLINE,0065b add bulk diagnostics for open channel validation,
candidate:numeric:0067:commit-110000620d57,0067,0067,NUMERIC,CANDIDATE,A,4,110000620d578db15f69f47f4cd6d7ffe4adb602,2026-05-24T22:05:57+02:00,2026-05-24T22:05:57+02:00,,IN_MAINLINE,0067 add hard inlet reservoir density control,
candidate:numeric:0067b:commit-15d357682ebc,0067b,0067b,NUMERIC,CANDIDATE,A,1,15d357682ebc7318a6d3164d09d87057deddc8db,2026-05-24T22:15:12+02:00,2026-05-24T22:15:12+02:00,,IN_MAINLINE,0067b enable Q9 safety limiters in hard inlet validation,
candidate:numeric:0067c:commit-01c329eba8aa,0067c,0067c,NUMERIC,CANDIDATE,A,2,01c329eba8aa3e2baf60b51a56bbed0ca6b85015,2026-05-24T22:31:54+02:00,2026-05-24T22:31:54+02:00,,IN_MAINLINE,0067c add soft Q9 hard-inlet backward-step runs,
candidate:numeric:0067d:commit-17545f1971e0,0067d,0067d,NUMERIC,CANDIDATE,A,2,17545f1971e0e0d06fa7184f5442a3d225bba7cb,2026-05-24T22:47:08+02:00,2026-05-24T22:47:08+02:00,,IN_MAINLINE,0067d export Q9 safety runtime diagnostics,
candidate:numeric:0067e:commit-99faca05edbb,0067e,0067e,NUMERIC,CANDIDATE,A,3,99faca05edbb33ea581606ae8d029216f09bca3e,2026-05-24T22:47:36+02:00,2026-05-24T22:47:36+02:00,,IN_MAINLINE,0067e add hard inlet backward-step long run,
candidate:numeric:0068b:commit-84ed7cca71a5,0068b,0068b,NUMERIC,CANDIDATE,A,1,84ed7cca71a5a699d1caa7462c727685312340c9,2026-05-25T10:55:34+02:00,2026-05-25T10:55:34+02:00,,IN_MAINLINE,0068b add Q9 low-mass ramp floor regularization,
candidate:numeric:0068c:commit-87583923fa08,0068c,0068c,NUMERIC,CANDIDATE,A,1,87583923fa0868b3b2275cd5cf05adf4958ab270,2026-05-25T11:04:22+02:00,2026-05-25T11:04:22+02:00,,IN_MAINLINE,0068c enable Q9 ramp-floor safety in long hard-inlet run,
candidate:numeric:0068d:commit-c8a037587589,0068d,0068d,NUMERIC,CANDIDATE,A,1,c8a037587589dbd13bd8b8a0e86e96b9f64c10cb,2026-05-25T11:16:03+02:00,2026-05-25T11:16:03+02:00,,IN_MAINLINE,0068d fix Q9 low-mass parser for ramp-floor long run,
candidate:numeric:0068d:commit-66e4ff12d56d,0068d,0068d,NUMERIC,CANDIDATE,A,2,66e4ff12d56d5df5233bb268e34e697cadcb293e,2026-05-25T11:18:19+02:00,2026-05-25T11:18:19+02:00,,IN_MAINLINE,0068d fix Q9 low-mass parser for ramp-floor long run,
candidate:numeric:0068d:commit-4d84d8bf2e6b,0068d,0068d,NUMERIC,CANDIDATE,A,1,4d84d8bf2e6b9f454e923305b32b8fd66c173e6e,2026-06-04T08:26:29+02:00,2026-06-04T08:26:29+02:00,,UNIQUE_OUTSIDE_MAINLINE,baseline: clean/openmp-light snapshot after 0176-0183,
candidate:numeric:0069:commit-53fbada186c3,0069,0069,NUMERIC,CANDIDATE,A,6,53fbada186c3fc86f01af43842dff5304cf448e3,2026-05-25T12:09:13+02:00,2026-05-25T12:09:13+02:00,,IN_MAINLINE,0069 add backward-step mass budget and visual diagnostics,
candidate:numeric:0071:commit-dd6d4e4edc17,0071,0071,NUMERIC,CANDIDATE,A,4,dd6d4e4edc170fd929a8ac9a3c7f93da9a1e851f,2026-05-25T16:54:03+02:00,2026-05-25T16:54:03+02:00,,IN_MAINLINE,tests divers marche arrière,
candidate:numeric:0071:commit-4d84d8bf2e6b,0071,0071,NUMERIC,CANDIDATE,A,4,4d84d8bf2e6b9f454e923305b32b8fd66c173e6e,2026-06-04T08:26:29+02:00,2026-06-04T08:26:29+02:00,,UNIQUE_OUTSIDE_MAINLINE,baseline: clean/openmp-light snapshot after 0176-0183,
candidate:numeric:0072:commit-dd6d4e4edc17,0072,0072,NUMERIC,CANDIDATE,A,5,dd6d4e4edc170fd929a8ac9a3c7f93da9a1e851f,2026-05-25T16:54:03+02:00,2026-05-25T16:54:03+02:00,,IN_MAINLINE,tests divers marche arrière,
candidate:numeric:0072:commit-4d84d8bf2e6b,0072,0072,NUMERIC,CANDIDATE,A,5,4d84d8bf2e6b9f454e923305b32b8fd66c173e6e,2026-06-04T08:26:29+02:00,2026-06-04T08:26:29+02:00,,UNIQUE_OUTSIDE_MAINLINE,baseline: clean/openmp-light snapshot after 0176-0183,
candidate:numeric:0073:commit-dd6d4e4edc17,0073,0073,NUMERIC,CANDIDATE,A,2,dd6d4e4edc170fd929a8ac9a3c7f93da9a1e851f,2026-05-25T16:54:03+02:00,2026-05-25T16:54:03+02:00,,IN_MAINLINE,tests divers marche arrière,
candidate:numeric:0073:commit-4d84d8bf2e6b,0073,0073,NUMERIC,CANDIDATE,A,2,4d84d8bf2e6b9f454e923305b32b8fd66c173e6e,2026-06-04T08:26:29+02:00,2026-06-04T08:26:29+02:00,,UNIQUE_OUTSIDE_MAINLINE,baseline: clean/openmp-light snapshot after 0176-0183,
candidate:numeric:0074:commit-c993c500c575,0074,0074,NUMERIC,CANDIDATE,A,2,c993c500c575e3557a7786f449ea7c5719403f51,2026-05-25T18:06:14+02:00,2026-05-25T18:06:14+02:00,,IN_MAINLINE,0076 document inlet-outlet validation and immersed-solid split,
candidate:numeric:0074:commit-4d84d8bf2e6b,0074,0074,NUMERIC,CANDIDATE,A,2,4d84d8bf2e6b9f454e923305b32b8fd66c173e6e,2026-06-04T08:26:29+02:00,2026-06-04T08:26:29+02:00,,UNIQUE_OUTSIDE_MAINLINE,baseline: clean/openmp-light snapshot after 0176-0183,
candidate:numeric:0075:commit-c993c500c575,0075,0075,NUMERIC,CANDIDATE,A,2,c993c500c575e3557a7786f449ea7c5719403f51,2026-05-25T18:06:14+02:00,2026-05-25T18:06:14+02:00,,IN_MAINLINE,0076 document inlet-outlet validation and immersed-solid split,
candidate:numeric:0075:commit-4d84d8bf2e6b,0075,0075,NUMERIC,CANDIDATE,A,2,4d84d8bf2e6b9f454e923305b32b8fd66c173e6e,2026-06-04T08:26:29+02:00,2026-06-04T08:26:29+02:00,,UNIQUE_OUTSIDE_MAINLINE,baseline: clean/openmp-light snapshot after 0176-0183,
candidate:numeric:0076:commit-c993c500c575,0076,0076,NUMERIC,CANDIDATE,A,2,c993c500c575e3557a7786f449ea7c5719403f51,2026-05-25T18:06:14+02:00,2026-05-25T18:06:14+02:00,,IN_MAINLINE,0076 document inlet-outlet validation and immersed-solid split,
candidate:numeric:0076:commit-4d84d8bf2e6b,0076,0076,NUMERIC,CANDIDATE,A,1,4d84d8bf2e6b9f454e923305b32b8fd66c173e6e,2026-06-04T08:26:29+02:00,2026-06-04T08:26:29+02:00,,UNIQUE_OUTSIDE_MAINLINE,baseline: clean/openmp-light snapshot after 0176-0183,
candidate:numeric:0077:commit-1b4c7aff0b38,0077,0077,NUMERIC,CANDIDATE,A,4,1b4c7aff0b38cafbbb06047b8355b68b077e0138,2026-05-25T18:30:22+02:00,2026-05-25T18:30:22+02:00,,IN_MAINLINE,0077 add Poiseuille hard-inlet free-outlet validation,
candidate:numeric:0077:commit-4d84d8bf2e6b,0077,0077,NUMERIC,CANDIDATE,A,3,4d84d8bf2e6b9f454e923305b32b8fd66c173e6e,2026-06-04T08:26:29+02:00,2026-06-04T08:26:29+02:00,,UNIQUE_OUTSIDE_MAINLINE,baseline: clean/openmp-light snapshot after 0176-0183,
candidate:numeric:0078:commit-d5657b1fee51,0078,0078,NUMERIC,CANDIDATE,A,2,d5657b1fee51a5c380673ce3ef383649812b933f,2026-05-25T18:38:19+02:00,2026-05-25T18:38:19+02:00,,IN_MAINLINE,0078 scale Q9 low-mass thresholds with gamma,
candidate:numeric:0078:commit-4d84d8bf2e6b,0078,0078,NUMERIC,CANDIDATE,A,1,4d84d8bf2e6b9f454e923305b32b8fd66c173e6e,2026-06-04T08:26:29+02:00,2026-06-04T08:26:29+02:00,,UNIQUE_OUTSIDE_MAINLINE,baseline: clean/openmp-light snapshot after 0176-0183,
candidate:numeric:0079:commit-3e8c6bf62f5f,0079,0079,NUMERIC,CANDIDATE,A,3,3e8c6bf62f5fc5d38c03cc9bbb4dc4bd7954e23a,2026-05-25T18:57:21+02:00,2026-05-25T18:57:21+02:00,,IN_MAINLINE,0079 add ramped hard-inlet velocity for open-channel validation,
candidate:numeric:0079:commit-4d84d8bf2e6b,0079,0079,NUMERIC,CANDIDATE,A,2,4d84d8bf2e6b9f454e923305b32b8fd66c173e6e,2026-06-04T08:26:29+02:00,2026-06-04T08:26:29+02:00,,UNIQUE_OUTSIDE_MAINLINE,baseline: clean/openmp-light snapshot after 0176-0183,
candidate:numeric:0080:commit-192bc6c56376,0080,0080,NUMERIC,CANDIDATE,A,3,192bc6c5637627c33f4ce32df7157c64a050fb5b,2026-05-25T21:42:40+02:00,2026-05-25T21:42:40+02:00,,IN_MAINLINE,0080 add thermal soft limiter for Q9 correction kicks,
candidate:numeric:0080:commit-4d84d8bf2e6b,0080,0080,NUMERIC,CANDIDATE,A,2,4d84d8bf2e6b9f454e923305b32b8fd66c173e6e,2026-06-04T08:26:29+02:00,2026-06-04T08:26:29+02:00,,UNIQUE_OUTSIDE_MAINLINE,baseline: clean/openmp-light snapshot after 0176-0183,
candidate:numeric:0081:commit-95d9540131ea,0081,0081,NUMERIC,CANDIDATE,A,2,95d9540131ea7f96edb6f6386a43ac01bd5ca287,2026-05-25T21:45:29+02:00,2026-05-25T21:45:29+02:00,,IN_MAINLINE,0081 fix visual solid inference when immersed solid is disabled,
candidate:numeric:0081:commit-4d84d8bf2e6b,0081,0081,NUMERIC,CANDIDATE,A,1,4d84d8bf2e6b9f454e923305b32b8fd66c173e6e,2026-06-04T08:26:29+02:00,2026-06-04T08:26:29+02:00,,UNIQUE_OUTSIDE_MAINLINE,baseline: clean/openmp-light snapshot after 0176-0183,
candidate:numeric:0082:commit-b8002df09d4e,0082,0082,NUMERIC,CANDIDATE,A,3,b8002df09d4ef368cce3f7a756abb995890be06d,2026-05-25T21:58:11+02:00,2026-05-25T21:58:11+02:00,,IN_MAINLINE,0082 band diagnostics,
candidate:numeric:0082:commit-4d84d8bf2e6b,0082,0082,NUMERIC,CANDIDATE,A,2,4d84d8bf2e6b9f454e923305b32b8fd66c173e6e,2026-06-04T08:26:29+02:00,2026-06-04T08:26:29+02:00,,UNIQUE_OUTSIDE_MAINLINE,baseline: clean/openmp-light snapshot after 0176-0183,
candidate:numeric:0083:commit-047b5a687ede,0083,0083,NUMERIC,CANDIDATE,A,2,047b5a687ede77e5d76f18b32e5c0eae057bb211,2026-05-25T22:16:10+02:00,2026-05-25T22:16:10+02:00,,IN_MAINLINE,partial inlet/oulet mods,
candidate:numeric:0083:commit-4d84d8bf2e6b,0083,0083,NUMERIC,CANDIDATE,A,2,4d84d8bf2e6b9f454e923305b32b8fd66c173e6e,2026-06-04T08:26:29+02:00,2026-06-04T08:26:29+02:00,,UNIQUE_OUTSIDE_MAINLINE,baseline: clean/openmp-light snapshot after 0176-0183,
candidate:numeric:0084:commit-cb5c44755d26,0084,0084,NUMERIC,CANDIDATE,A,2,cb5c44755d26ef1f70f56e4d2bd1e80bec3bc4dd,2026-05-26T08:00:10+02:00,2026-05-26T08:00:10+02:00,,IN_MAINLINE,0087 allow virial zero open-boundary exclusion,
candidate:numeric:0084:commit-4d84d8bf2e6b,0084,0084,NUMERIC,CANDIDATE,A,2,4d84d8bf2e6b9f454e923305b32b8fd66c173e6e,2026-06-04T08:26:29+02:00,2026-06-04T08:26:29+02:00,,UNIQUE_OUTSIDE_MAINLINE,baseline: clean/openmp-light snapshot after 0176-0183,
candidate:numeric:0085:commit-cb5c44755d26,0085,0085,NUMERIC,CANDIDATE,A,3,cb5c44755d26ef1f70f56e4d2bd1e80bec3bc4dd,2026-05-26T08:00:10+02:00,2026-05-26T08:00:10+02:00,,IN_MAINLINE,0087 allow virial zero open-boundary exclusion,
candidate:numeric:0085:commit-4d84d8bf2e6b,0085,0085,NUMERIC,CANDIDATE,A,3,4d84d8bf2e6b9f454e923305b32b8fd66c173e6e,2026-06-04T08:26:29+02:00,2026-06-04T08:26:29+02:00,,UNIQUE_OUTSIDE_MAINLINE,baseline: clean/openmp-light snapshot after 0176-0183,
candidate:numeric:0086:commit-cb5c44755d26,0086,0086,NUMERIC,CANDIDATE,A,3,cb5c44755d26ef1f70f56e4d2bd1e80bec3bc4dd,2026-05-26T08:00:10+02:00,2026-05-26T08:00:10+02:00,,IN_MAINLINE,0087 allow virial zero open-boundary exclusion,
candidate:numeric:0086:commit-4d84d8bf2e6b,0086,0086,NUMERIC,CANDIDATE,A,3,4d84d8bf2e6b9f454e923305b32b8fd66c173e6e,2026-06-04T08:26:29+02:00,2026-06-04T08:26:29+02:00,,UNIQUE_OUTSIDE_MAINLINE,baseline: clean/openmp-light snapshot after 0176-0183,
candidate:numeric:0087:commit-b7be0e6ee4fc,0087,0087,NUMERIC,CANDIDATE,A,3,b7be0e6ee4fcd57f2c5de44ef6624279ad93d384,2026-05-26T07:59:58+02:00,2026-05-26T07:59:58+02:00,,IN_MAINLINE,0087 allow virial zero open-boundary exclusion,
candidate:numeric:0087:commit-cb5c44755d26,0087,0087,NUMERIC,CANDIDATE,A,1,cb5c44755d26ef1f70f56e4d2bd1e80bec3bc4dd,2026-05-26T08:00:10+02:00,2026-05-26T08:00:10+02:00,,IN_MAINLINE,0087 allow virial zero open-boundary exclusion,
candidate:numeric:0087:commit-4d84d8bf2e6b,0087,0087,NUMERIC,CANDIDATE,A,2,4d84d8bf2e6b9f454e923305b32b8fd66c173e6e,2026-06-04T08:26:29+02:00,2026-06-04T08:26:29+02:00,,UNIQUE_OUTSIDE_MAINLINE,baseline: clean/openmp-light snapshot after 0176-0183,
candidate:numeric:0088:commit-0d08daa23be9,0088,0088,NUMERIC,CANDIDATE,A,3,0d08daa23be97e22e46f2efa6f6017c5e5ba5e07,2026-05-26T08:51:26+02:00,2026-05-26T08:51:26+02:00,,IN_MAINLINE,0088 add Poiseuille-profile inlet for full-IO wall validation,
candidate:numeric:0088:commit-4d84d8bf2e6b,0088,0088,NUMERIC,CANDIDATE,A,3,4d84d8bf2e6b9f454e923305b32b8fd66c173e6e,2026-06-04T08:26:29+02:00,2026-06-04T08:26:29+02:00,,UNIQUE_OUTSIDE_MAINLINE,baseline: clean/openmp-light snapshot after 0176-0183,
candidate:numeric:0089:commit-26bd5cfa615d,0089,0089,NUMERIC,CANDIDATE,A,3,26bd5cfa615d0cfb6c8747bd0793953426e0cd10,2026-05-26T11:16:06+02:00,2026-05-26T11:16:06+02:00,,IN_MAINLINE,validated BL inlet/outlet,
candidate:numeric:0089:commit-4d84d8bf2e6b,0089,0089,NUMERIC,CANDIDATE,A,3,4d84d8bf2e6b9f454e923305b32b8fd66c173e6e,2026-06-04T08:26:29+02:00,2026-06-04T08:26:29+02:00,,UNIQUE_OUTSIDE_MAINLINE,baseline: clean/openmp-light snapshot after 0176-0183,
candidate:numeric:0090:commit-b830bcdd4534,0090,0090,NUMERIC,CANDIDATE,A,3,b830bcdd45344c4b4812e429a9eb6f2386a12a46,2026-05-26T11:45:24+02:00,2026-05-26T11:45:24+02:00,,IN_MAINLINE,0090 document validated inlet-outlet configuration,
candidate:numeric:0090:commit-e55dd2a8c23d,0090,0090,NUMERIC,CANDIDATE,A,1,e55dd2a8c23d16eb1cbc587b7c2b2a0470283f3d,2026-05-26T11:45:41+02:00,2026-05-26T11:45:41+02:00,,IN_MAINLINE,0090 document validated inlet-outlet configuration,
candidate:numeric:0090:commit-4d84d8bf2e6b,0090,0090,NUMERIC,CANDIDATE,A,2,4d84d8bf2e6b9f454e923305b32b8fd66c173e6e,2026-06-04T08:26:29+02:00,2026-06-04T08:26:29+02:00,,UNIQUE_OUTSIDE_MAINLINE,baseline: clean/openmp-light snapshot after 0176-0183,
candidate:numeric:0091:commit-388b73dcd8d8,0091,0091,NUMERIC,CANDIDATE,A,3,388b73dcd8d81251e9cfc5040cea0d7dac272262,2026-05-26T12:17:46+02:00,2026-05-26T12:17:46+02:00,,IN_MAINLINE,0091 documented validated inlet-outlet configuration,
candidate:numeric:0091:commit-4d84d8bf2e6b,0091,0091,NUMERIC,CANDIDATE,A,2,4d84d8bf2e6b9f454e923305b32b8fd66c173e6e,2026-06-04T08:26:29+02:00,2026-06-04T08:26:29+02:00,,UNIQUE_OUTSIDE_MAINLINE,baseline: clean/openmp-light snapshot after 0176-0183,
candidate:numeric:0092:commit-b77572a6834f,0092,0092,NUMERIC,CANDIDATE,A,1,b77572a6834f7e49d4dd9714c510f28638c4ebb7,2026-05-26T16:13:35+02:00,2026-05-26T16:13:35+02:00,,IN_MAINLINE,segmented inlet/outlet validation,
candidate:numeric:0092:commit-4d84d8bf2e6b,0092,0092,NUMERIC,CANDIDATE,A,1,4d84d8bf2e6b9f454e923305b32b8fd66c173e6e,2026-06-04T08:26:29+02:00,2026-06-04T08:26:29+02:00,,UNIQUE_OUTSIDE_MAINLINE,baseline: clean/openmp-light snapshot after 0176-0183,
candidate:numeric:0093:commit-b77572a6834f,0093,0093,NUMERIC,CANDIDATE,A,1,b77572a6834f7e49d4dd9714c510f28638c4ebb7,2026-05-26T16:13:35+02:00,2026-05-26T16:13:35+02:00,,IN_MAINLINE,segmented inlet/outlet validation,
candidate:numeric:0093:commit-4d84d8bf2e6b,0093,0093,NUMERIC,CANDIDATE,A,1,4d84d8bf2e6b9f454e923305b32b8fd66c173e6e,2026-06-04T08:26:29+02:00,2026-06-04T08:26:29+02:00,,UNIQUE_OUTSIDE_MAINLINE,baseline: clean/openmp-light snapshot after 0176-0183,
candidate:numeric:0094:commit-b77572a6834f,0094,0094,NUMERIC,CANDIDATE,A,1,b77572a6834f7e49d4dd9714c510f28638c4ebb7,2026-05-26T16:13:35+02:00,2026-05-26T16:13:35+02:00,,IN_MAINLINE,segmented inlet/outlet validation,
candidate:numeric:0094:commit-4d84d8bf2e6b,0094,0094,NUMERIC,CANDIDATE,A,1,4d84d8bf2e6b9f454e923305b32b8fd66c173e6e,2026-06-04T08:26:29+02:00,2026-06-04T08:26:29+02:00,,UNIQUE_OUTSIDE_MAINLINE,baseline: clean/openmp-light snapshot after 0176-0183,
candidate:numeric:0097:commit-b77572a6834f,0097,0097,NUMERIC,CANDIDATE,A,1,b77572a6834f7e49d4dd9714c510f28638c4ebb7,2026-05-26T16:13:35+02:00,2026-05-26T16:13:35+02:00,,IN_MAINLINE,segmented inlet/outlet validation,
candidate:numeric:0097:commit-4d84d8bf2e6b,0097,0097,NUMERIC,CANDIDATE,A,1,4d84d8bf2e6b9f454e923305b32b8fd66c173e6e,2026-06-04T08:26:29+02:00,2026-06-04T08:26:29+02:00,,UNIQUE_OUTSIDE_MAINLINE,baseline: clean/openmp-light snapshot after 0176-0183,
candidate:numeric:0098:commit-4a9960a561ac,0098,0098,NUMERIC,CANDIDATE,A,1,4a9960a561ac8ee89f6b6754ab1cea8584945851,2026-05-26T18:34:55+02:00,2026-05-26T18:34:55+02:00,,IN_MAINLINE,Add immersed-solid virial normal kick clipping diagnostics,
candidate:numeric:0098:commit-4d84d8bf2e6b,0098,0098,NUMERIC,CANDIDATE,A,1,4d84d8bf2e6b9f454e923305b32b8fd66c173e6e,2026-06-04T08:26:29+02:00,2026-06-04T08:26:29+02:00,,UNIQUE_OUTSIDE_MAINLINE,baseline: clean/openmp-light snapshot after 0176-0183,
candidate:numeric:0099:commit-4a9960a561ac,0099,0099,NUMERIC,CANDIDATE,A,2,4a9960a561ac8ee89f6b6754ab1cea8584945851,2026-05-26T18:34:55+02:00,2026-05-26T18:34:55+02:00,,IN_MAINLINE,Add immersed-solid virial normal kick clipping diagnostics,
candidate:numeric:0099:commit-4d84d8bf2e6b,0099,0099,NUMERIC,CANDIDATE,A,2,4d84d8bf2e6b9f454e923305b32b8fd66c173e6e,2026-06-04T08:26:29+02:00,2026-06-04T08:26:29+02:00,,UNIQUE_OUTSIDE_MAINLINE,baseline: clean/openmp-light snapshot after 0176-0183,
candidate:numeric:0100:commit-e99f63138e67,0100,0100,NUMERIC,CANDIDATE,A,7,e99f63138e67d5ec01842379e25cb060205c45d3,2026-05-26T20:35:41+02:00,2026-05-26T20:35:41+02:00,,IN_MAINLINE,Enforce Q9 closed-face mass flux on immersed solids,
candidate:numeric:0100:commit-4d84d8bf2e6b,0100,0100,NUMERIC,CANDIDATE,A,8,4d84d8bf2e6b9f454e923305b32b8fd66c173e6e,2026-06-04T08:26:29+02:00,2026-06-04T08:26:29+02:00,,UNIQUE_OUTSIDE_MAINLINE,baseline: clean/openmp-light snapshot after 0176-0183,
candidate:numeric:0101:commit-e99f63138e67,0101,0101,NUMERIC,CANDIDATE,A,1,e99f63138e67d5ec01842379e25cb060205c45d3,2026-05-26T20:35:41+02:00,2026-05-26T20:35:41+02:00,,IN_MAINLINE,Enforce Q9 closed-face mass flux on immersed solids,
candidate:numeric:0101:commit-4d84d8bf2e6b,0101,0101,NUMERIC,CANDIDATE,A,1,4d84d8bf2e6b9f454e923305b32b8fd66c173e6e,2026-06-04T08:26:29+02:00,2026-06-04T08:26:29+02:00,,UNIQUE_OUTSIDE_MAINLINE,baseline: clean/openmp-light snapshot after 0176-0183,
candidate:numeric:0102:commit-6693267218ea,0102,0102,NUMERIC,CANDIDATE,A,6,6693267218eafe3f46bad5167dd4bb3f23af717a,2026-05-26T21:28:19+02:00,2026-05-26T21:28:19+02:00,,IN_MAINLINE,Add periodic immersed cylinder smoke launcher,
candidate:numeric:0102:commit-4d84d8bf2e6b,0102,0102,NUMERIC,CANDIDATE,A,6,4d84d8bf2e6b9f454e923305b32b8fd66c173e6e,2026-06-04T08:26:29+02:00,2026-06-04T08:26:29+02:00,,UNIQUE_OUTSIDE_MAINLINE,baseline: clean/openmp-light snapshot after 0176-0183,
candidate:numeric:0103:commit-f72a63ec0ae9,0103,0103,NUMERIC,CANDIDATE,A,1,f72a63ec0ae9e27f3b6c7fa284cd7badbb304760,2026-05-26T21:51:19+02:00,2026-05-26T21:51:19+02:00,,IN_MAINLINE,Clarify immersed-solid Q6 closed-face diagnostics,
candidate:numeric:0103:commit-4d84d8bf2e6b,0103,0103,NUMERIC,CANDIDATE,A,1,4d84d8bf2e6b9f454e923305b32b8fd66c173e6e,2026-06-04T08:26:29+02:00,2026-06-04T08:26:29+02:00,,UNIQUE_OUTSIDE_MAINLINE,baseline: clean/openmp-light snapshot after 0176-0183,
candidate:numeric:0104:commit-1e26437d6c79,0104,0104,NUMERIC,CANDIDATE,A,6,1e26437d6c792295d2ddb16446dc45da9553fe09,2026-05-26T22:15:28+02:00,2026-05-26T22:15:28+02:00,,IN_MAINLINE,Add periodic cylinder startup visual case,
candidate:numeric:0104:commit-4d84d8bf2e6b,0104,0104,NUMERIC,CANDIDATE,A,6,4d84d8bf2e6b9f454e923305b32b8fd66c173e6e,2026-06-04T08:26:29+02:00,2026-06-04T08:26:29+02:00,,UNIQUE_OUTSIDE_MAINLINE,baseline: clean/openmp-light snapshot after 0176-0183,
candidate:numeric:0104b:commit-1e26437d6c79,0104b,0104b,NUMERIC,CANDIDATE,A,1,1e26437d6c792295d2ddb16446dc45da9553fe09,2026-05-26T22:15:28+02:00,2026-05-26T22:15:28+02:00,,IN_MAINLINE,Add periodic cylinder startup visual case,
candidate:numeric:0104b:commit-4d84d8bf2e6b,0104b,0104b,NUMERIC,CANDIDATE,A,1,4d84d8bf2e6b9f454e923305b32b8fd66c173e6e,2026-06-04T08:26:29+02:00,2026-06-04T08:26:29+02:00,,UNIQUE_OUTSIDE_MAINLINE,baseline: clean/openmp-light snapshot after 0176-0183,
candidate:numeric:0105:commit-685bc6049fd8,0105,0105,NUMERIC,CANDIDATE,A,5,685bc6049fd8077e5630dd79667a81187b9749f8,2026-05-26T22:48:26+02:00,2026-05-26T22:48:26+02:00,,IN_MAINLINE,Add periodic cylinder dynamic visual validation case,
candidate:numeric:0105:commit-4d84d8bf2e6b,0105,0105,NUMERIC,CANDIDATE,A,5,4d84d8bf2e6b9f454e923305b32b8fd66c173e6e,2026-06-04T08:26:29+02:00,2026-06-04T08:26:29+02:00,,UNIQUE_OUTSIDE_MAINLINE,baseline: clean/openmp-light snapshot after 0176-0183,
candidate:numeric:0110:commit-da790d594895,0110,0110,NUMERIC,CANDIDATE,A,2,da790d594895719a302a43006f98d54da4caca5c,2026-05-29T22:10:08+02:00,2026-05-29T22:10:08+02:00,,IN_MAINLINE,Add particle roles and masks for resampling core,
candidate:numeric:0110:commit-4d84d8bf2e6b,0110,0110,NUMERIC,CANDIDATE,A,2,4d84d8bf2e6b9f454e923305b32b8fd66c173e6e,2026-06-04T08:26:29+02:00,2026-06-04T08:26:29+02:00,,UNIQUE_OUTSIDE_MAINLINE,baseline: clean/openmp-light snapshot after 0176-0183,
candidate:numeric:0111:commit-e036ee92e8c3,0111,0111,NUMERIC,CANDIDATE,A,2,e036ee92e8c3501cfad3d1b9889703ef6e16450b,2026-05-29T22:09:45+02:00,2026-05-29T22:09:45+02:00,,IN_MAINLINE,Add particle roles and masks for resampling core,
candidate:numeric:0111:commit-4d84d8bf2e6b,0111,0111,NUMERIC,CANDIDATE,A,2,4d84d8bf2e6b9f454e923305b32b8fd66c173e6e,2026-06-04T08:26:29+02:00,2026-06-04T08:26:29+02:00,,UNIQUE_OUTSIDE_MAINLINE,baseline: clean/openmp-light snapshot after 0176-0183,
candidate:numeric:0112:commit-e0928fbff1a1,0112,0112,NUMERIC,CANDIDATE,A,2,e0928fbff1a1709cd9374a3183dbcfa57e06e11f,2026-05-29T22:37:10+02:00,2026-05-29T22:37:10+02:00,,IN_MAINLINE,Add weighted real-fluid deposit diagnostics,
candidate:numeric:0112:commit-4d84d8bf2e6b,0112,0112,NUMERIC,CANDIDATE,A,2,4d84d8bf2e6b9f454e923305b32b8fd66c173e6e,2026-06-04T08:26:29+02:00,2026-06-04T08:26:29+02:00,,UNIQUE_OUTSIDE_MAINLINE,baseline: clean/openmp-light snapshot after 0176-0183,
candidate:numeric:0113:commit-06e1fcdc7d1b,0113,0113,NUMERIC,CANDIDATE,A,2,06e1fcdc7d1b29898b0721b50a0cd6c388f8ca3d,2026-05-29T22:47:14+02:00,2026-05-29T22:47:14+02:00,,IN_MAINLINE,Add inactive pool free-list for resampling,
candidate:numeric:0113:commit-4d84d8bf2e6b,0113,0113,NUMERIC,CANDIDATE,A,2,4d84d8bf2e6b9f454e923305b32b8fd66c173e6e,2026-06-04T08:26:29+02:00,2026-06-04T08:26:29+02:00,,UNIQUE_OUTSIDE_MAINLINE,baseline: clean/openmp-light snapshot after 0176-0183,
candidate:numeric:0114:commit-7c584b85f553,0114,0114,NUMERIC,CANDIDATE,A,2,7c584b85f553d3cd426ea968e9e4ea2ebb93d21b,2026-05-29T23:01:51+02:00,2026-05-29T23:01:51+02:00,,IN_MAINLINE,Add passive wet dry and poor rich resampling cell masks,
candidate:numeric:0114:commit-4d84d8bf2e6b,0114,0114,NUMERIC,CANDIDATE,A,2,4d84d8bf2e6b9f454e923305b32b8fd66c173e6e,2026-06-04T08:26:29+02:00,2026-06-04T08:26:29+02:00,,UNIQUE_OUTSIDE_MAINLINE,baseline: clean/openmp-light snapshot after 0176-0183,
candidate:numeric:0115:commit-ecf271719a90,0115,0115,NUMERIC,CANDIDATE,A,2,ecf271719a906893dc9eb6e8e26295a6dc13175c,2026-05-29T23:12:25+02:00,2026-05-29T23:12:25+02:00,,IN_MAINLINE,Add passive resampling donor receiver candidate lists,
candidate:numeric:0115:commit-4d84d8bf2e6b,0115,0115,NUMERIC,CANDIDATE,A,2,4d84d8bf2e6b9f454e923305b32b8fd66c173e6e,2026-06-04T08:26:29+02:00,2026-06-04T08:26:29+02:00,,UNIQUE_OUTSIDE_MAINLINE,baseline: clean/openmp-light snapshot after 0176-0183,
candidate:numeric:0116:commit-e575c07016d4,0116,0116,NUMERIC,CANDIDATE,A,2,e575c07016d4b37b4beff5507975880db1c7c0d0,2026-05-29T23:24:47+02:00,2026-05-29T23:24:47+02:00,,IN_MAINLINE,Add passive local resampling transfer plan,
candidate:numeric:0116:commit-4d84d8bf2e6b,0116,0116,NUMERIC,CANDIDATE,A,2,4d84d8bf2e6b9f454e923305b32b8fd66c173e6e,2026-06-04T08:26:29+02:00,2026-06-04T08:26:29+02:00,,UNIQUE_OUTSIDE_MAINLINE,baseline: clean/openmp-light snapshot after 0176-0183,
candidate:numeric:0117:commit-efe84e9033fd,0117,0117,NUMERIC,CANDIDATE,A,2,efe84e9033fd6e0573981dc8d4a7c327acdeab58,2026-05-29T23:36:38+02:00,2026-05-29T23:36:38+02:00,,IN_MAINLINE,Add passive donor particle selection for resampling,
candidate:numeric:0117:commit-4d84d8bf2e6b,0117,0117,NUMERIC,CANDIDATE,A,2,4d84d8bf2e6b9f454e923305b32b8fd66c173e6e,2026-06-04T08:26:29+02:00,2026-06-04T08:26:29+02:00,,UNIQUE_OUTSIDE_MAINLINE,baseline: clean/openmp-light snapshot after 0176-0183,
candidate:numeric:0118:commit-b4dab31600b5,0118,0118,NUMERIC,CANDIDATE,A,2,b4dab31600b51de7b756a28a3ac60c262585e9a0,2026-05-29T23:44:09+02:00,2026-05-29T23:44:09+02:00,,IN_MAINLINE,Add passive extraction operation plan for resampling,
candidate:numeric:0118:commit-4d84d8bf2e6b,0118,0118,NUMERIC,CANDIDATE,A,2,4d84d8bf2e6b9f454e923305b32b8fd66c173e6e,2026-06-04T08:26:29+02:00,2026-06-04T08:26:29+02:00,,UNIQUE_OUTSIDE_MAINLINE,baseline: clean/openmp-light snapshot after 0176-0183,
candidate:numeric:0119:commit-728ae455dd70,0119,0119,NUMERIC,CANDIDATE,A,2,728ae455dd702f6e7b573c3c2bb8536651f330d0,2026-05-29T23:54:55+02:00,2026-05-29T23:54:55+02:00,,IN_MAINLINE,Apply controlled donor extraction for resampling,
candidate:numeric:0119:commit-4d84d8bf2e6b,0119,0119,NUMERIC,CANDIDATE,A,2,4d84d8bf2e6b9f454e923305b32b8fd66c173e6e,2026-06-04T08:26:29+02:00,2026-06-04T08:26:29+02:00,,UNIQUE_OUTSIDE_MAINLINE,baseline: clean/openmp-light snapshot after 0176-0183,
candidate:numeric:0120:commit-f7687cadf04f,0120,0120,NUMERIC,CANDIDATE,A,2,f7687cadf04fb7fc43d718b17d609a9099944c59,2026-05-30T00:06:36+02:00,2026-05-30T00:06:36+02:00,,IN_MAINLINE,Add controlled receiver insertion for resampling,
candidate:numeric:0120:commit-4d84d8bf2e6b,0120,0120,NUMERIC,CANDIDATE,A,2,4d84d8bf2e6b9f454e923305b32b8fd66c173e6e,2026-06-04T08:26:29+02:00,2026-06-04T08:26:29+02:00,,UNIQUE_OUTSIDE_MAINLINE,baseline: clean/openmp-light snapshot after 0176-0183,
candidate:numeric:0121:commit-0c7563c9ef90,0121,0121,NUMERIC,CANDIDATE,A,2,0c7563c9ef907c59b8d662deb73ff0f55f590e9a,2026-05-30T00:17:41+02:00,2026-05-30T00:17:41+02:00,,IN_MAINLINE,Add local mass momentum remap for resampling,
candidate:numeric:0121:commit-4d84d8bf2e6b,0121,0121,NUMERIC,CANDIDATE,A,2,4d84d8bf2e6b9f454e923305b32b8fd66c173e6e,2026-06-04T08:26:29+02:00,2026-06-04T08:26:29+02:00,,UNIQUE_OUTSIDE_MAINLINE,baseline: clean/openmp-light snapshot after 0176-0183,
candidate:numeric:0122:commit-b076f4bb510a,0122,0122,NUMERIC,CANDIDATE,A,2,b076f4bb510a4cc2584b7bc73049f83303076e2c,2026-05-30T00:28:28+02:00,2026-05-30T00:28:28+02:00,,IN_MAINLINE,Add local thermal renormalization for resampling,
candidate:numeric:0122:commit-4d84d8bf2e6b,0122,0122,NUMERIC,CANDIDATE,A,2,4d84d8bf2e6b9f454e923305b32b8fd66c173e6e,2026-06-04T08:26:29+02:00,2026-06-04T08:26:29+02:00,,UNIQUE_OUTSIDE_MAINLINE,baseline: clean/openmp-light snapshot after 0176-0183,
candidate:numeric:0123:commit-03a85d311749,0123,0123,NUMERIC,CANDIDATE,A,2,03a85d3117499abfbf39ca44ccd2f0461d3decba,2026-05-30T00:38:55+02:00,2026-05-30T00:38:55+02:00,,IN_MAINLINE,Add bounded particle mass guard for resampling,
candidate:numeric:0123:commit-4d84d8bf2e6b,0123,0123,NUMERIC,CANDIDATE,A,2,4d84d8bf2e6b9f454e923305b32b8fd66c173e6e,2026-06-04T08:26:29+02:00,2026-06-04T08:26:29+02:00,,UNIQUE_OUTSIDE_MAINLINE,baseline: clean/openmp-light snapshot after 0176-0183,
candidate:numeric:0124:commit-c0b7b6d0f9a7,0124,0124,NUMERIC,CANDIDATE,A,2,c0b7b6d0f9a7732c0d80aa5670f32b91335ca3d5,2026-05-30T00:52:18+02:00,2026-05-30T00:52:18+02:00,,IN_MAINLINE,Add controlled latent activation for wet dry resampling,
candidate:numeric:0124:commit-4d84d8bf2e6b,0124,0124,NUMERIC,CANDIDATE,A,2,4d84d8bf2e6b9f454e923305b32b8fd66c173e6e,2026-06-04T08:26:29+02:00,2026-06-04T08:26:29+02:00,,UNIQUE_OUTSIDE_MAINLINE,baseline: clean/openmp-light snapshot after 0176-0183,
candidate:numeric:0125:commit-c51def166770,0125,0125,NUMERIC,CANDIDATE,A,2,c51def1667702dcd395ea020d576ae3b1218e38e,2026-05-30T01:00:06+02:00,2026-05-30T01:00:06+02:00,,IN_MAINLINE,Add integrated void rich latent resampling validator,
candidate:numeric:0125:commit-4d84d8bf2e6b,0125,0125,NUMERIC,CANDIDATE,A,2,4d84d8bf2e6b9f454e923305b32b8fd66c173e6e,2026-06-04T08:26:29+02:00,2026-06-04T08:26:29+02:00,,UNIQUE_OUTSIDE_MAINLINE,baseline: clean/openmp-light snapshot after 0176-0183,
candidate:numeric:0126:commit-81b57df25e21,0126,0126,NUMERIC,CANDIDATE,A,4,81b57df25e21d81d4865430ce2bee7550ce3c32f,2026-05-30T01:55:23+02:00,2026-05-30T01:55:23+02:00,,IN_MAINLINE,Use init and runs directories for Taylor Green void rich validation,
candidate:numeric:0126:commit-4d84d8bf2e6b,0126,0126,NUMERIC,CANDIDATE,A,6,4d84d8bf2e6b9f454e923305b32b8fd66c173e6e,2026-06-04T08:26:29+02:00,2026-06-04T08:26:29+02:00,,UNIQUE_OUTSIDE_MAINLINE,baseline: clean/openmp-light snapshot after 0176-0183,
candidate:numeric:0126b:commit-91ad4a173ab7,0126b,0126b,NUMERIC,CANDIDATE,A,1,91ad4a173ab761ddea9996774545d61dc9263ea8,2026-05-30T01:26:00+02:00,2026-05-30T01:26:00+02:00,,IN_MAINLINE,Allow Taylor Green validation without MATLAB on WSL,
candidate:numeric:0126b:commit-4d84d8bf2e6b,0126b,0126b,NUMERIC,CANDIDATE,A,1,4d84d8bf2e6b9f454e923305b32b8fd66c173e6e,2026-06-04T08:26:29+02:00,2026-06-04T08:26:29+02:00,,UNIQUE_OUTSIDE_MAINLINE,baseline: clean/openmp-light snapshot after 0176-0183,
candidate:numeric:0127:commit-8e6603ba03f6,0127,0127,NUMERIC,CANDIDATE,A,4,8e6603ba03f6ebbc9e1cbfb2cfca600acb8f50fe,2026-05-30T01:54:40+02:00,2026-05-30T01:54:40+02:00,,IN_MAINLINE,Use init and runs directories for Taylor Green void rich validation,
candidate:numeric:0127:commit-4d84d8bf2e6b,0127,0127,NUMERIC,CANDIDATE,A,5,4d84d8bf2e6b9f454e923305b32b8fd66c173e6e,2026-06-04T08:26:29+02:00,2026-06-04T08:26:29+02:00,,UNIQUE_OUTSIDE_MAINLINE,baseline: clean/openmp-light snapshot after 0176-0183,
candidate:numeric:0128:commit-a1e6b1230ac5,0128,0128,NUMERIC,CANDIDATE,A,5,a1e6b1230ac5722ee47e136cfa4bc0dc9ec5448b,2026-05-30T02:50:52+02:00,2026-05-30T02:50:52+02:00,,IN_MAINLINE,Separate resampling switch and mass renormalization cadence,
candidate:numeric:0128:commit-4d84d8bf2e6b,0128,0128,NUMERIC,CANDIDATE,A,6,4d84d8bf2e6b9f454e923305b32b8fd66c173e6e,2026-06-04T08:26:29+02:00,2026-06-04T08:26:29+02:00,,UNIQUE_OUTSIDE_MAINLINE,baseline: clean/openmp-light snapshot after 0176-0183,
candidate:numeric:0129:commit-80900664eb5b,0129,0129,NUMERIC,CANDIDATE,A,2,80900664eb5b495bc9b4a03a901e24c33a68f217,2026-05-30T02:50:33+02:00,2026-05-30T02:50:33+02:00,,IN_MAINLINE,Separate resampling switch and mass renormalization cadence,
candidate:numeric:0129:commit-4d84d8bf2e6b,0129,0129,NUMERIC,CANDIDATE,A,2,4d84d8bf2e6b9f454e923305b32b8fd66c173e6e,2026-06-04T08:26:29+02:00,2026-06-04T08:26:29+02:00,,UNIQUE_OUTSIDE_MAINLINE,baseline: clean/openmp-light snapshot after 0176-0183,
candidate:numeric:0130:commit-66fc5e08674c,0130,0130,NUMERIC,CANDIDATE,A,3,66fc5e08674ca42d88bf1b01993eb701a165afe2,2026-05-30T02:53:32+02:00,2026-05-30T02:53:32+02:00,,IN_MAINLINE,Add periodic Taylor Green body forcing,
candidate:numeric:0130:commit-4d84d8bf2e6b,0130,0130,NUMERIC,CANDIDATE,A,3,4d84d8bf2e6b9f454e923305b32b8fd66c173e6e,2026-06-04T08:26:29+02:00,2026-06-04T08:26:29+02:00,,UNIQUE_OUTSIDE_MAINLINE,baseline: clean/openmp-light snapshot after 0176-0183,
candidate:numeric:0131:commit-ae6c629c584a,0131,0131,NUMERIC,CANDIDATE,A,4,ae6c629c584aeb846d50a8620360f715f62cf831,2026-05-30T03:20:41+02:00,2026-05-30T03:20:41+02:00,,IN_MAINLINE,Add Poiseuille wallVP resampling validation,
candidate:numeric:0131:commit-4d84d8bf2e6b,0131,0131,NUMERIC,CANDIDATE,A,5,4d84d8bf2e6b9f454e923305b32b8fd66c173e6e,2026-06-04T08:26:29+02:00,2026-06-04T08:26:29+02:00,,UNIQUE_OUTSIDE_MAINLINE,baseline: clean/openmp-light snapshot after 0176-0183,
candidate:numeric:0131b:commit-2f9a69a4e35a,0131b,0131b,NUMERIC,CANDIDATE,A,1,2f9a69a4e35a89cfde1bf0538a816047ab9a1f1c,2026-05-30T03:22:39+02:00,2026-05-30T03:22:39+02:00,,IN_MAINLINE,Fix Poiseuille wallVP projection operator,
candidate:numeric:0131b:commit-4d84d8bf2e6b,0131b,0131b,NUMERIC,CANDIDATE,A,1,4d84d8bf2e6b9f454e923305b32b8fd66c173e6e,2026-06-04T08:26:29+02:00,2026-06-04T08:26:29+02:00,,UNIQUE_OUTSIDE_MAINLINE,baseline: clean/openmp-light snapshot after 0176-0183,
candidate:numeric:0132:commit-80e4d1507b57,0132,0132,NUMERIC,CANDIDATE,A,1,80e4d1507b577164e86c1dc6ea031a8d936f1f5e,2026-05-30T03:40:19+02:00,2026-05-30T03:40:19+02:00,,IN_MAINLINE,optimisation code,
candidate:numeric:0132:commit-4d84d8bf2e6b,0132,0132,NUMERIC,CANDIDATE,A,1,4d84d8bf2e6b9f454e923305b32b8fd66c173e6e,2026-06-04T08:26:29+02:00,2026-06-04T08:26:29+02:00,,UNIQUE_OUTSIDE_MAINLINE,baseline: clean/openmp-light snapshot after 0176-0183,
candidate:numeric:0133:commit-353b79475bfd,0133,0133,NUMERIC,CANDIDATE,A,1,353b79475bfd1967e7b6727110d69ddf8458055c,2026-05-30T03:51:35+02:00,2026-05-30T03:51:35+02:00,,IN_MAINLINE,Remove quadratic thermal renormalization diagnostic cost,
candidate:numeric:0133:commit-4d84d8bf2e6b,0133,0133,NUMERIC,CANDIDATE,A,1,4d84d8bf2e6b9f454e923305b32b8fd66c173e6e,2026-06-04T08:26:29+02:00,2026-06-04T08:26:29+02:00,,UNIQUE_OUTSIDE_MAINLINE,baseline: clean/openmp-light snapshot after 0176-0183,
candidate:numeric:0134:commit-5f87c6e81814,0134,0134,NUMERIC,CANDIDATE,A,4,5f87c6e818147b75fb610e7c02c7638ab5d986b8,2026-05-30T10:29:16+02:00,2026-05-30T10:29:16+02:00,,IN_MAINLINE,Add periodic immersed-cylinder resampling validation,
candidate:numeric:0134:commit-4d84d8bf2e6b,0134,0134,NUMERIC,CANDIDATE,A,6,4d84d8bf2e6b9f454e923305b32b8fd66c173e6e,2026-06-04T08:26:29+02:00,2026-06-04T08:26:29+02:00,,UNIQUE_OUTSIDE_MAINLINE,baseline: clean/openmp-light snapshot after 0176-0183,
candidate:numeric:0135:commit-7140992320f4,0135,0135,NUMERIC,CANDIDATE,A,6,7140992320f418f40f7de153d55497af867de9f0,2026-05-30T11:17:49+02:00,2026-05-30T11:17:49+02:00,,IN_MAINLINE,Add backward-step resampling validation,
candidate:numeric:0135:commit-4d84d8bf2e6b,0135,0135,NUMERIC,CANDIDATE,A,6,4d84d8bf2e6b9f454e923305b32b8fd66c173e6e,2026-06-04T08:26:29+02:00,2026-06-04T08:26:29+02:00,,UNIQUE_OUTSIDE_MAINLINE,baseline: clean/openmp-light snapshot after 0176-0183,
candidate:numeric:0136:commit-b2d27344df7b,0136,0136,NUMERIC,CANDIDATE,A,4,b2d27344df7b733cbf7094dcf372b046baa1ef34,2026-05-30T11:17:24+02:00,2026-05-30T11:17:24+02:00,,IN_MAINLINE,Add backward-step resampling validation,
candidate:numeric:0136:commit-4d84d8bf2e6b,0136,0136,NUMERIC,CANDIDATE,A,6,4d84d8bf2e6b9f454e923305b32b8fd66c173e6e,2026-06-04T08:26:29+02:00,2026-06-04T08:26:29+02:00,,UNIQUE_OUTSIDE_MAINLINE,baseline: clean/openmp-light snapshot after 0176-0183,
candidate:numeric:0136b:commit-53bd5461d697,0136b,0136b,NUMERIC,CANDIDATE,A,1,53bd5461d69781ddde0cfe53e390be4a27a19f1f,2026-05-31T15:55:07+02:00,2026-05-31T15:55:07+02:00,,IN_MAINLINE,multipe inlet/oulet evolution : inlet only authorized,
candidate:numeric:0136b:commit-4d84d8bf2e6b,0136b,0136b,NUMERIC,CANDIDATE,A,1,4d84d8bf2e6b9f454e923305b32b8fd66c173e6e,2026-06-04T08:26:29+02:00,2026-06-04T08:26:29+02:00,,UNIQUE_OUTSIDE_MAINLINE,baseline: clean/openmp-light snapshot after 0176-0183,
candidate:numeric:0137:commit-9dfa6a68ed7d,0137,0137,NUMERIC,CANDIDATE,A,1,9dfa6a68ed7da68962aff9f1d3de12d9c5403fa8,2026-05-30T12:22:52+02:00,2026-05-30T12:22:52+02:00,,IN_MAINLINE,Add Q6 warm-start and lightweight divergence diagnostics,
candidate:numeric:0137b:commit-d4fff239f9b3,0137b,0137b,NUMERIC,CANDIDATE,A,1,d4fff239f9b30eb947ff9486e5f4e8e827cf5d3d,2026-05-30T13:18:10+02:00,2026-05-30T13:18:10+02:00,,IN_MAINLINE,Revert Q6 warm-start experiment,
candidate:numeric:0137b:commit-4d84d8bf2e6b,0137b,0137b,NUMERIC,CANDIDATE,A,1,4d84d8bf2e6b9f454e923305b32b8fd66c173e6e,2026-06-04T08:26:29+02:00,2026-06-04T08:26:29+02:00,,UNIQUE_OUTSIDE_MAINLINE,baseline: clean/openmp-light snapshot after 0176-0183,
candidate:numeric:0138:commit-53bd5461d697,0138,0138,NUMERIC,CANDIDATE,A,6,53bd5461d69781ddde0cfe53e390be4a27a19f1f,2026-05-31T15:55:07+02:00,2026-05-31T15:55:07+02:00,,IN_MAINLINE,multipe inlet/oulet evolution : inlet only authorized,
candidate:numeric:0138:commit-4d84d8bf2e6b,0138,0138,NUMERIC,CANDIDATE,A,6,4d84d8bf2e6b9f454e923305b32b8fd66c173e6e,2026-06-04T08:26:29+02:00,2026-06-04T08:26:29+02:00,,UNIQUE_OUTSIDE_MAINLINE,baseline: clean/openmp-light snapshot after 0176-0183,
candidate:numeric:0138b:commit-21c499ff4156,0138b,0138b,NUMERIC,CANDIDATE,A,4,21c499ff4156ee8e26d02202db2f22e4c5f738a8,2026-05-30T15:25:16+02:00,2026-05-30T15:25:16+02:00,,IN_MAINLINE,Add inlet outlet rectangular obstacle resampling validation,
candidate:numeric:0138b:commit-4d84d8bf2e6b,0138b,0138b,NUMERIC,CANDIDATE,A,7,4d84d8bf2e6b9f454e923305b32b8fd66c173e6e,2026-06-04T08:26:29+02:00,2026-06-04T08:26:29+02:00,,UNIQUE_OUTSIDE_MAINLINE,baseline: clean/openmp-light snapshot after 0176-0183,
candidate:numeric:0139:commit-53bd5461d697,0139,0139,NUMERIC,CANDIDATE,A,8,53bd5461d69781ddde0cfe53e390be4a27a19f1f,2026-05-31T15:55:07+02:00,2026-05-31T15:55:07+02:00,,IN_MAINLINE,multipe inlet/oulet evolution : inlet only authorized,
candidate:numeric:0139:commit-4d84d8bf2e6b,0139,0139,NUMERIC,CANDIDATE,A,11,4d84d8bf2e6b9f454e923305b32b8fd66c173e6e,2026-06-04T08:26:29+02:00,2026-06-04T08:26:29+02:00,,UNIQUE_OUTSIDE_MAINLINE,baseline: clean/openmp-light snapshot after 0176-0183,
candidate:numeric:0139b:commit-53bd5461d697,0139b,0139b,NUMERIC,CANDIDATE,A,1,53bd5461d69781ddde0cfe53e390be4a27a19f1f,2026-05-31T15:55:07+02:00,2026-05-31T15:55:07+02:00,,IN_MAINLINE,multipe inlet/oulet evolution : inlet only authorized,
candidate:numeric:0139b:commit-4d84d8bf2e6b,0139b,0139b,NUMERIC,CANDIDATE,A,1,4d84d8bf2e6b9f454e923305b32b8fd66c173e6e,2026-06-04T08:26:29+02:00,2026-06-04T08:26:29+02:00,,UNIQUE_OUTSIDE_MAINLINE,baseline: clean/openmp-light snapshot after 0176-0183,
candidate:numeric:0140:commit-fb107a52caad,0140,0140,NUMERIC,CANDIDATE,A,1,fb107a52caadaedd5bd373322eb5d6b3f629fb48,2026-05-30T19:27:00+02:00,2026-05-30T19:27:00+02:00,,IN_MAINLINE,Add MATLAB-compatible population support guard,
candidate:numeric:0140:commit-4d84d8bf2e6b,0140,0140,NUMERIC,CANDIDATE,A,3,4d84d8bf2e6b9f454e923305b32b8fd66c173e6e,2026-06-04T08:26:29+02:00,2026-06-04T08:26:29+02:00,,UNIQUE_OUTSIDE_MAINLINE,baseline: clean/openmp-light snapshot after 0176-0183,
candidate:numeric:0141:commit-53bd5461d697,0141,0141,NUMERIC,CANDIDATE,A,1,53bd5461d69781ddde0cfe53e390be4a27a19f1f,2026-05-31T15:55:07+02:00,2026-05-31T15:55:07+02:00,,IN_MAINLINE,multipe inlet/oulet evolution : inlet only authorized,
candidate:numeric:0141:commit-4d84d8bf2e6b,0141,0141,NUMERIC,CANDIDATE,A,1,4d84d8bf2e6b9f454e923305b32b8fd66c173e6e,2026-06-04T08:26:29+02:00,2026-06-04T08:26:29+02:00,,UNIQUE_OUTSIDE_MAINLINE,baseline: clean/openmp-light snapshot after 0176-0183,
candidate:numeric:0142:commit-53bd5461d697,0142,0142,NUMERIC,CANDIDATE,A,1,53bd5461d69781ddde0cfe53e390be4a27a19f1f,2026-05-31T15:55:07+02:00,2026-05-31T15:55:07+02:00,,IN_MAINLINE,multipe inlet/oulet evolution : inlet only authorized,
candidate:numeric:0142:commit-4d84d8bf2e6b,0142,0142,NUMERIC,CANDIDATE,A,1,4d84d8bf2e6b9f454e923305b32b8fd66c173e6e,2026-06-04T08:26:29+02:00,2026-06-04T08:26:29+02:00,,UNIQUE_OUTSIDE_MAINLINE,baseline: clean/openmp-light snapshot after 0176-0183,
candidate:numeric:0143:commit-4f671e2bb019,0143,0143,NUMERIC,CANDIDATE,A,2,4f671e2bb0198468796860e77efe2d114193b323,2026-05-31T16:52:16+02:00,2026-05-31T16:52:16+02:00,,IN_MAINLINE,multiple inlet/oulet implemented,
candidate:numeric:0143:commit-4d84d8bf2e6b,0143,0143,NUMERIC,CANDIDATE,A,2,4d84d8bf2e6b9f454e923305b32b8fd66c173e6e,2026-06-04T08:26:29+02:00,2026-06-04T08:26:29+02:00,,UNIQUE_OUTSIDE_MAINLINE,baseline: clean/openmp-light snapshot after 0176-0183,
candidate:numeric:0144:commit-95ad4c929d75,0144,0144,NUMERIC,CANDIDATE,A,1,95ad4c929d754a31f7beb2fdf7ead5333b8c92a4,2026-05-31T19:42:46+02:00,2026-05-31T19:42:46+02:00,,IN_MAINLINE,viriel compressibility added for full domains,
candidate:numeric:0144:commit-4d84d8bf2e6b,0144,0144,NUMERIC,CANDIDATE,A,1,4d84d8bf2e6b9f454e923305b32b8fd66c173e6e,2026-06-04T08:26:29+02:00,2026-06-04T08:26:29+02:00,,UNIQUE_OUTSIDE_MAINLINE,baseline: clean/openmp-light snapshot after 0176-0183,
candidate:numeric:0145:commit-95ad4c929d75,0145,0145,NUMERIC,CANDIDATE,A,8,95ad4c929d754a31f7beb2fdf7ead5333b8c92a4,2026-05-31T19:42:46+02:00,2026-05-31T19:42:46+02:00,,IN_MAINLINE,viriel compressibility added for full domains,
candidate:numeric:0145:commit-4d84d8bf2e6b,0145,0145,NUMERIC,CANDIDATE,A,8,4d84d8bf2e6b9f454e923305b32b8fd66c173e6e,2026-06-04T08:26:29+02:00,2026-06-04T08:26:29+02:00,,UNIQUE_OUTSIDE_MAINLINE,baseline: clean/openmp-light snapshot after 0176-0183,
candidate:numeric:0146:commit-95ad4c929d75,0146,0146,NUMERIC,CANDIDATE,A,2,95ad4c929d754a31f7beb2fdf7ead5333b8c92a4,2026-05-31T19:42:46+02:00,2026-05-31T19:42:46+02:00,,IN_MAINLINE,viriel compressibility added for full domains,
candidate:numeric:0146:commit-4d84d8bf2e6b,0146,0146,NUMERIC,CANDIDATE,A,2,4d84d8bf2e6b9f454e923305b32b8fd66c173e6e,2026-06-04T08:26:29+02:00,2026-06-04T08:26:29+02:00,,UNIQUE_OUTSIDE_MAINLINE,baseline: clean/openmp-light snapshot after 0176-0183,
candidate:numeric:0147:commit-95ad4c929d75,0147,0147,NUMERIC,CANDIDATE,A,2,95ad4c929d754a31f7beb2fdf7ead5333b8c92a4,2026-05-31T19:42:46+02:00,2026-05-31T19:42:46+02:00,,IN_MAINLINE,viriel compressibility added for full domains,
candidate:numeric:0147:commit-4d84d8bf2e6b,0147,0147,NUMERIC,CANDIDATE,A,3,4d84d8bf2e6b9f454e923305b32b8fd66c173e6e,2026-06-04T08:26:29+02:00,2026-06-04T08:26:29+02:00,,UNIQUE_OUTSIDE_MAINLINE,baseline: clean/openmp-light snapshot after 0176-0183,
candidate:numeric:0148:commit-4abfa3eff9aa,0148,0148,NUMERIC,CANDIDATE,A,1,4abfa3eff9aa98345ef084ad5f5e134a8cc73cab,2026-05-31T22:02:47+02:00,2026-05-31T22:02:47+02:00,,IN_MAINLINE,compressibility for full domains validated in static,
candidate:numeric:0148:commit-4d84d8bf2e6b,0148,0148,NUMERIC,CANDIDATE,A,1,4d84d8bf2e6b9f454e923305b32b8fd66c173e6e,2026-06-04T08:26:29+02:00,2026-06-04T08:26:29+02:00,,UNIQUE_OUTSIDE_MAINLINE,baseline: clean/openmp-light snapshot after 0176-0183,
candidate:numeric:0149:commit-4abfa3eff9aa,0149,0149,NUMERIC,CANDIDATE,A,1,4abfa3eff9aa98345ef084ad5f5e134a8cc73cab,2026-05-31T22:02:47+02:00,2026-05-31T22:02:47+02:00,,IN_MAINLINE,compressibility for full domains validated in static,
candidate:numeric:0149:commit-4d84d8bf2e6b,0149,0149,NUMERIC,CANDIDATE,A,1,4d84d8bf2e6b9f454e923305b32b8fd66c173e6e,2026-06-04T08:26:29+02:00,2026-06-04T08:26:29+02:00,,UNIQUE_OUTSIDE_MAINLINE,baseline: clean/openmp-light snapshot after 0176-0183,
candidate:numeric:0150:commit-4abfa3eff9aa,0150,0150,NUMERIC,CANDIDATE,A,1,4abfa3eff9aa98345ef084ad5f5e134a8cc73cab,2026-05-31T22:02:47+02:00,2026-05-31T22:02:47+02:00,,IN_MAINLINE,compressibility for full domains validated in static,
candidate:numeric:0150:commit-4d84d8bf2e6b,0150,0150,NUMERIC,CANDIDATE,A,1,4d84d8bf2e6b9f454e923305b32b8fd66c173e6e,2026-06-04T08:26:29+02:00,2026-06-04T08:26:29+02:00,,UNIQUE_OUTSIDE_MAINLINE,baseline: clean/openmp-light snapshot after 0176-0183,
candidate:numeric:0151:commit-4abfa3eff9aa,0151,0151,NUMERIC,CANDIDATE,A,1,4abfa3eff9aa98345ef084ad5f5e134a8cc73cab,2026-05-31T22:02:47+02:00,2026-05-31T22:02:47+02:00,,IN_MAINLINE,compressibility for full domains validated in static,
candidate:numeric:0151:commit-4d84d8bf2e6b,0151,0151,NUMERIC,CANDIDATE,A,1,4d84d8bf2e6b9f454e923305b32b8fd66c173e6e,2026-06-04T08:26:29+02:00,2026-06-04T08:26:29+02:00,,UNIQUE_OUTSIDE_MAINLINE,baseline: clean/openmp-light snapshot after 0176-0183,
candidate:numeric:0152:commit-4abfa3eff9aa,0152,0152,NUMERIC,CANDIDATE,A,14,4abfa3eff9aa98345ef084ad5f5e134a8cc73cab,2026-05-31T22:02:47+02:00,2026-05-31T22:02:47+02:00,,IN_MAINLINE,compressibility for full domains validated in static,
candidate:numeric:0152:commit-4d84d8bf2e6b,0152,0152,NUMERIC,CANDIDATE,A,14,4d84d8bf2e6b9f454e923305b32b8fd66c173e6e,2026-06-04T08:26:29+02:00,2026-06-04T08:26:29+02:00,,UNIQUE_OUTSIDE_MAINLINE,baseline: clean/openmp-light snapshot after 0176-0183,
candidate:numeric:0154:commit-4abfa3eff9aa,0154,0154,NUMERIC,CANDIDATE,A,1,4abfa3eff9aa98345ef084ad5f5e134a8cc73cab,2026-05-31T22:02:47+02:00,2026-05-31T22:02:47+02:00,,IN_MAINLINE,compressibility for full domains validated in static,
candidate:numeric:0154:commit-4d84d8bf2e6b,0154,0154,NUMERIC,CANDIDATE,A,1,4d84d8bf2e6b9f454e923305b32b8fd66c173e6e,2026-06-04T08:26:29+02:00,2026-06-04T08:26:29+02:00,,UNIQUE_OUTSIDE_MAINLINE,baseline: clean/openmp-light snapshot after 0176-0183,
candidate:numeric:0156:commit-21baca7698a6,0156,0156,NUMERIC,CANDIDATE,A,3,21baca7698a6332272c23bdf9cdaec011e12b6b4,2026-06-01T22:15:03+02:00,2026-06-01T22:15:03+02:00,,IN_MAINLINE,optimized classic & elliciptic op. Q6,
candidate:numeric:0156:commit-4d84d8bf2e6b,0156,0156,NUMERIC,CANDIDATE,A,3,4d84d8bf2e6b9f454e923305b32b8fd66c173e6e,2026-06-04T08:26:29+02:00,2026-06-04T08:26:29+02:00,,UNIQUE_OUTSIDE_MAINLINE,baseline: clean/openmp-light snapshot after 0176-0183,
candidate:numeric:0157:commit-21baca7698a6,0157,0157,NUMERIC,CANDIDATE,A,2,21baca7698a6332272c23bdf9cdaec011e12b6b4,2026-06-01T22:15:03+02:00,2026-06-01T22:15:03+02:00,,IN_MAINLINE,optimized classic & elliciptic op. Q6,
candidate:numeric:0157:commit-4d84d8bf2e6b,0157,0157,NUMERIC,CANDIDATE,A,2,4d84d8bf2e6b9f454e923305b32b8fd66c173e6e,2026-06-04T08:26:29+02:00,2026-06-04T08:26:29+02:00,,UNIQUE_OUTSIDE_MAINLINE,baseline: clean/openmp-light snapshot after 0176-0183,
candidate:numeric:0158:commit-21baca7698a6,0158,0158,NUMERIC,CANDIDATE,A,2,21baca7698a6332272c23bdf9cdaec011e12b6b4,2026-06-01T22:15:03+02:00,2026-06-01T22:15:03+02:00,,IN_MAINLINE,optimized classic & elliciptic op. Q6,
candidate:numeric:0158:commit-4d84d8bf2e6b,0158,0158,NUMERIC,CANDIDATE,A,2,4d84d8bf2e6b9f454e923305b32b8fd66c173e6e,2026-06-04T08:26:29+02:00,2026-06-04T08:26:29+02:00,,UNIQUE_OUTSIDE_MAINLINE,baseline: clean/openmp-light snapshot after 0176-0183,
candidate:numeric:0159:commit-21baca7698a6,0159,0159,NUMERIC,CANDIDATE,A,2,21baca7698a6332272c23bdf9cdaec011e12b6b4,2026-06-01T22:15:03+02:00,2026-06-01T22:15:03+02:00,,IN_MAINLINE,optimized classic & elliciptic op. Q6,
candidate:numeric:0159:commit-4d84d8bf2e6b,0159,0159,NUMERIC,CANDIDATE,A,2,4d84d8bf2e6b9f454e923305b32b8fd66c173e6e,2026-06-04T08:26:29+02:00,2026-06-04T08:26:29+02:00,,UNIQUE_OUTSIDE_MAINLINE,baseline: clean/openmp-light snapshot after 0176-0183,
candidate:numeric:0160:commit-21baca7698a6,0160,0160,NUMERIC,CANDIDATE,A,2,21baca7698a6332272c23bdf9cdaec011e12b6b4,2026-06-01T22:15:03+02:00,2026-06-01T22:15:03+02:00,,IN_MAINLINE,optimized classic & elliciptic op. Q6,
candidate:numeric:0160:commit-4d84d8bf2e6b,0160,0160,NUMERIC,CANDIDATE,A,2,4d84d8bf2e6b9f454e923305b32b8fd66c173e6e,2026-06-04T08:26:29+02:00,2026-06-04T08:26:29+02:00,,UNIQUE_OUTSIDE_MAINLINE,baseline: clean/openmp-light snapshot after 0176-0183,
candidate:numeric:0161:commit-21baca7698a6,0161,0161,NUMERIC,CANDIDATE,A,2,21baca7698a6332272c23bdf9cdaec011e12b6b4,2026-06-01T22:15:03+02:00,2026-06-01T22:15:03+02:00,,IN_MAINLINE,optimized classic & elliciptic op. Q6,
candidate:numeric:0161:commit-4d84d8bf2e6b,0161,0161,NUMERIC,CANDIDATE,A,2,4d84d8bf2e6b9f454e923305b32b8fd66c173e6e,2026-06-04T08:26:29+02:00,2026-06-04T08:26:29+02:00,,UNIQUE_OUTSIDE_MAINLINE,baseline: clean/openmp-light snapshot after 0176-0183,
candidate:numeric:0162:commit-21baca7698a6,0162,0162,NUMERIC,CANDIDATE,A,6,21baca7698a6332272c23bdf9cdaec011e12b6b4,2026-06-01T22:15:03+02:00,2026-06-01T22:15:03+02:00,,IN_MAINLINE,optimized classic & elliciptic op. Q6,
candidate:numeric:0162:commit-4d84d8bf2e6b,0162,0162,NUMERIC,CANDIDATE,A,6,4d84d8bf2e6b9f454e923305b32b8fd66c173e6e,2026-06-04T08:26:29+02:00,2026-06-04T08:26:29+02:00,,UNIQUE_OUTSIDE_MAINLINE,baseline: clean/openmp-light snapshot after 0176-0183,
candidate:numeric:0163:commit-cf366e9bc336,0163,0163,NUMERIC,CANDIDATE,A,2,cf366e9bc336416b69b540b6fab2ef2a410ac815,2026-06-01T22:42:28+02:00,2026-06-01T22:42:28+02:00,,IN_MAINLINE,repaired,
candidate:numeric:0163b:commit-cf366e9bc336,0163b,0163b,NUMERIC,CANDIDATE,A,1,cf366e9bc336416b69b540b6fab2ef2a410ac815,2026-06-01T22:42:28+02:00,2026-06-01T22:42:28+02:00,,IN_MAINLINE,repaired,
candidate:numeric:0163c:commit-cf366e9bc336,0163c,0163c,NUMERIC,CANDIDATE,A,1,cf366e9bc336416b69b540b6fab2ef2a410ac815,2026-06-01T22:42:28+02:00,2026-06-01T22:42:28+02:00,,IN_MAINLINE,repaired,
candidate:numeric:0164b:commit-40a6c55db0e8,0164b,0164b,NUMERIC,CANDIDATE,A,1,40a6c55db0e89b680f50d2bbda3b0cebec813391,2026-06-02T17:20:28+02:00,2026-06-02T17:20:28+02:00,,IN_MAINLINE,resamp optimiaztion 1,
candidate:numeric:0164b:commit-4d84d8bf2e6b,0164b,0164b,NUMERIC,CANDIDATE,A,1,4d84d8bf2e6b9f454e923305b32b8fd66c173e6e,2026-06-04T08:26:29+02:00,2026-06-04T08:26:29+02:00,,UNIQUE_OUTSIDE_MAINLINE,baseline: clean/openmp-light snapshot after 0176-0183,
candidate:numeric:0165:commit-40a6c55db0e8,0165,0165,NUMERIC,CANDIDATE,A,2,40a6c55db0e89b680f50d2bbda3b0cebec813391,2026-06-02T17:20:28+02:00,2026-06-02T17:20:28+02:00,,IN_MAINLINE,resamp optimiaztion 1,
candidate:numeric:0165:commit-4d84d8bf2e6b,0165,0165,NUMERIC,CANDIDATE,A,2,4d84d8bf2e6b9f454e923305b32b8fd66c173e6e,2026-06-04T08:26:29+02:00,2026-06-04T08:26:29+02:00,,UNIQUE_OUTSIDE_MAINLINE,baseline: clean/openmp-light snapshot after 0176-0183,
candidate:numeric:0165b:commit-40a6c55db0e8,0165b,0165b,NUMERIC,CANDIDATE,A,1,40a6c55db0e89b680f50d2bbda3b0cebec813391,2026-06-02T17:20:28+02:00,2026-06-02T17:20:28+02:00,,IN_MAINLINE,resamp optimiaztion 1,
candidate:numeric:0165b:commit-4d84d8bf2e6b,0165b,0165b,NUMERIC,CANDIDATE,A,1,4d84d8bf2e6b9f454e923305b32b8fd66c173e6e,2026-06-04T08:26:29+02:00,2026-06-04T08:26:29+02:00,,UNIQUE_OUTSIDE_MAINLINE,baseline: clean/openmp-light snapshot after 0176-0183,
candidate:numeric:0166:commit-40a6c55db0e8,0166,0166,NUMERIC,CANDIDATE,A,2,40a6c55db0e89b680f50d2bbda3b0cebec813391,2026-06-02T17:20:28+02:00,2026-06-02T17:20:28+02:00,,IN_MAINLINE,resamp optimiaztion 1,
candidate:numeric:0166:commit-4d84d8bf2e6b,0166,0166,NUMERIC,CANDIDATE,A,2,4d84d8bf2e6b9f454e923305b32b8fd66c173e6e,2026-06-04T08:26:29+02:00,2026-06-04T08:26:29+02:00,,UNIQUE_OUTSIDE_MAINLINE,baseline: clean/openmp-light snapshot after 0176-0183,
candidate:numeric:0167b:commit-e84bdf1c6641,0167b,0167b,NUMERIC,CANDIDATE,A,2,e84bdf1c664106fad8a5b33c335c2d15514e3724,2026-06-02T21:54:42+02:00,2026-06-02T21:54:42+02:00,,IN_MAINLINE,Optimize population guard role writes without changing resampling logic,
candidate:numeric:0167b:commit-4d84d8bf2e6b,0167b,0167b,NUMERIC,CANDIDATE,A,2,4d84d8bf2e6b9f454e923305b32b8fd66c173e6e,2026-06-04T08:26:29+02:00,2026-06-04T08:26:29+02:00,,UNIQUE_OUTSIDE_MAINLINE,baseline: clean/openmp-light snapshot after 0176-0183,
candidate:numeric:0168:commit-e84bdf1c6641,0168,0168,NUMERIC,CANDIDATE,A,2,e84bdf1c664106fad8a5b33c335c2d15514e3724,2026-06-02T21:54:42+02:00,2026-06-02T21:54:42+02:00,,IN_MAINLINE,Optimize population guard role writes without changing resampling logic,
candidate:numeric:0168:commit-4d84d8bf2e6b,0168,0168,NUMERIC,CANDIDATE,A,2,4d84d8bf2e6b9f454e923305b32b8fd66c173e6e,2026-06-04T08:26:29+02:00,2026-06-04T08:26:29+02:00,,UNIQUE_OUTSIDE_MAINLINE,baseline: clean/openmp-light snapshot after 0176-0183,
candidate:numeric:0169:commit-e84bdf1c6641,0169,0169,NUMERIC,CANDIDATE,A,2,e84bdf1c664106fad8a5b33c335c2d15514e3724,2026-06-02T21:54:42+02:00,2026-06-02T21:54:42+02:00,,IN_MAINLINE,Optimize population guard role writes without changing resampling logic,
candidate:numeric:0169:commit-4d84d8bf2e6b,0169,0169,NUMERIC,CANDIDATE,A,2,4d84d8bf2e6b9f454e923305b32b8fd66c173e6e,2026-06-04T08:26:29+02:00,2026-06-04T08:26:29+02:00,,UNIQUE_OUTSIDE_MAINLINE,baseline: clean/openmp-light snapshot after 0176-0183,
candidate:numeric:0170:commit-e84bdf1c6641,0170,0170,NUMERIC,CANDIDATE,A,2,e84bdf1c664106fad8a5b33c335c2d15514e3724,2026-06-02T21:54:42+02:00,2026-06-02T21:54:42+02:00,,IN_MAINLINE,Optimize population guard role writes without changing resampling logic,
candidate:numeric:0170:commit-4d84d8bf2e6b,0170,0170,NUMERIC,CANDIDATE,A,2,4d84d8bf2e6b9f454e923305b32b8fd66c173e6e,2026-06-04T08:26:29+02:00,2026-06-04T08:26:29+02:00,,UNIQUE_OUTSIDE_MAINLINE,baseline: clean/openmp-light snapshot after 0176-0183,
candidate:numeric:0171:commit-13258952bcba,0171,0171,NUMERIC,CANDIDATE,A,2,13258952bcbaebc56e1fb95e81b5ad346276118a,2026-06-02T22:59:39+02:00,2026-06-02T22:59:39+02:00,,IN_MAINLINE,Specialize post-thermal resampling deposit refresh,
candidate:numeric:0171:commit-4d84d8bf2e6b,0171,0171,NUMERIC,CANDIDATE,A,4,4d84d8bf2e6b9f454e923305b32b8fd66c173e6e,2026-06-04T08:26:29+02:00,2026-06-04T08:26:29+02:00,,UNIQUE_OUTSIDE_MAINLINE,baseline: clean/openmp-light snapshot after 0176-0183,
candidate:numeric:0172:commit-13258952bcba,0172,0172,NUMERIC,CANDIDATE,A,4,13258952bcbaebc56e1fb95e81b5ad346276118a,2026-06-02T22:59:39+02:00,2026-06-02T22:59:39+02:00,,IN_MAINLINE,Specialize post-thermal resampling deposit refresh,
candidate:numeric:0172:commit-4d84d8bf2e6b,0172,0172,NUMERIC,CANDIDATE,A,4,4d84d8bf2e6b9f454e923305b32b8fd66c173e6e,2026-06-04T08:26:29+02:00,2026-06-04T08:26:29+02:00,,UNIQUE_OUTSIDE_MAINLINE,baseline: clean/openmp-light snapshot after 0176-0183,
candidate:numeric:0173:commit-404b67bbed4f,0173,0173,NUMERIC,CANDIDATE,A,2,404b67bbed4f6661d8913ef19232953e240f1d24,2026-06-03T17:57:07+02:00,2026-06-03T17:57:07+02:00,,IN_MAINLINE,Optimize post-guard deposit by reusing cell ids,
candidate:numeric:0173:commit-4d84d8bf2e6b,0173,0173,NUMERIC,CANDIDATE,A,2,4d84d8bf2e6b9f454e923305b32b8fd66c173e6e,2026-06-04T08:26:29+02:00,2026-06-04T08:26:29+02:00,,UNIQUE_OUTSIDE_MAINLINE,baseline: clean/openmp-light snapshot after 0176-0183,
candidate:numeric:0174b:commit-404b67bbed4f,0174b,0174b,NUMERIC,CANDIDATE,A,3,404b67bbed4f6661d8913ef19232953e240f1d24,2026-06-03T17:57:07+02:00,2026-06-03T17:57:07+02:00,,IN_MAINLINE,Optimize post-guard deposit by reusing cell ids,
candidate:numeric:0174b:commit-4d84d8bf2e6b,0174b,0174b,NUMERIC,CANDIDATE,A,3,4d84d8bf2e6b9f454e923305b32b8fd66c173e6e,2026-06-04T08:26:29+02:00,2026-06-04T08:26:29+02:00,,UNIQUE_OUTSIDE_MAINLINE,baseline: clean/openmp-light snapshot after 0176-0183,
candidate:numeric:0174c:commit-404b67bbed4f,0174c,0174c,NUMERIC,CANDIDATE,A,2,404b67bbed4f6661d8913ef19232953e240f1d24,2026-06-03T17:57:07+02:00,2026-06-03T17:57:07+02:00,,IN_MAINLINE,Optimize post-guard deposit by reusing cell ids,
candidate:numeric:0174c:commit-4d84d8bf2e6b,0174c,0174c,NUMERIC,CANDIDATE,A,2,4d84d8bf2e6b9f454e923305b32b8fd66c173e6e,2026-06-04T08:26:29+02:00,2026-06-04T08:26:29+02:00,,UNIQUE_OUTSIDE_MAINLINE,baseline: clean/openmp-light snapshot after 0176-0183,
candidate:numeric:0174d:commit-404b67bbed4f,0174d,0174d,NUMERIC,CANDIDATE,A,2,404b67bbed4f6661d8913ef19232953e240f1d24,2026-06-03T17:57:07+02:00,2026-06-03T17:57:07+02:00,,IN_MAINLINE,Optimize post-guard deposit by reusing cell ids,
candidate:numeric:0174d:commit-4d84d8bf2e6b,0174d,0174d,NUMERIC,CANDIDATE,A,2,4d84d8bf2e6b9f454e923305b32b8fd66c173e6e,2026-06-04T08:26:29+02:00,2026-06-04T08:26:29+02:00,,UNIQUE_OUTSIDE_MAINLINE,baseline: clean/openmp-light snapshot after 0176-0183,
candidate:numeric:0175:commit-404b67bbed4f,0175,0175,NUMERIC,CANDIDATE,A,5,404b67bbed4f6661d8913ef19232953e240f1d24,2026-06-03T17:57:07+02:00,2026-06-03T17:57:07+02:00,,IN_MAINLINE,Optimize post-guard deposit by reusing cell ids,
candidate:numeric:0175:commit-4d84d8bf2e6b,0175,0175,NUMERIC,CANDIDATE,A,4,4d84d8bf2e6b9f454e923305b32b8fd66c173e6e,2026-06-04T08:26:29+02:00,2026-06-04T08:26:29+02:00,,UNIQUE_OUTSIDE_MAINLINE,baseline: clean/openmp-light snapshot after 0176-0183,
candidate:numeric:0176:commit-68b9a6b9aadf,0176,0176,NUMERIC,CANDIDATE,A,3,68b9a6b9aadf49f60608724b5937d87dabf2ed4b,2026-06-03T19:42:57+02:00,2026-06-03T19:42:57+02:00,,IN_MAINLINE,Add light diagnostics mode for OpenMP production branch,
candidate:numeric:0176:commit-4d84d8bf2e6b,0176,0176,NUMERIC,CANDIDATE,A,4,4d84d8bf2e6b9f454e923305b32b8fd66c173e6e,2026-06-04T08:26:29+02:00,2026-06-04T08:26:29+02:00,,UNIQUE_OUTSIDE_MAINLINE,baseline: clean/openmp-light snapshot after 0176-0183,
candidate:numeric:0176b:commit-30e0a835e6de,0176b,0176b,NUMERIC,CANDIDATE,A,1,30e0a835e6def1977f6fb8682eaf10ccf5b0ee69,2026-06-03T19:44:06+02:00,2026-06-03T19:44:06+02:00,,IN_MAINLINE,Add light diagnostics mode for OpenMP production branch,
candidate:numeric:0176b:commit-4d84d8bf2e6b,0176b,0176b,NUMERIC,CANDIDATE,A,1,4d84d8bf2e6b9f454e923305b32b8fd66c173e6e,2026-06-04T08:26:29+02:00,2026-06-04T08:26:29+02:00,,UNIQUE_OUTSIDE_MAINLINE,baseline: clean/openmp-light snapshot after 0176-0183,
candidate:numeric:0176c:commit-30e0a835e6de,0176c,0176c,NUMERIC,CANDIDATE,A,1,30e0a835e6def1977f6fb8682eaf10ccf5b0ee69,2026-06-03T19:44:06+02:00,2026-06-03T19:44:06+02:00,,IN_MAINLINE,Add light diagnostics mode for OpenMP production branch,
candidate:numeric:0176c:commit-4d84d8bf2e6b,0176c,0176c,NUMERIC,CANDIDATE,A,1,4d84d8bf2e6b9f454e923305b32b8fd66c173e6e,2026-06-04T08:26:29+02:00,2026-06-04T08:26:29+02:00,,UNIQUE_OUTSIDE_MAINLINE,baseline: clean/openmp-light snapshot after 0176-0183,
candidate:numeric:0176d:commit-30e0a835e6de,0176d,0176d,NUMERIC,CANDIDATE,A,1,30e0a835e6def1977f6fb8682eaf10ccf5b0ee69,2026-06-03T19:44:06+02:00,2026-06-03T19:44:06+02:00,,IN_MAINLINE,Add light diagnostics mode for OpenMP production branch,
candidate:numeric:0176d:commit-4d84d8bf2e6b,0176d,0176d,NUMERIC,CANDIDATE,A,1,4d84d8bf2e6b9f454e923305b32b8fd66c173e6e,2026-06-04T08:26:29+02:00,2026-06-04T08:26:29+02:00,,UNIQUE_OUTSIDE_MAINLINE,baseline: clean/openmp-light snapshot after 0176-0183,
candidate:numeric:0177:commit-c737a7fa9587,0177,0177,NUMERIC,CANDIDATE,A,1,c737a7fa95877d6922bc43783205cb1730a9af75,2026-06-03T20:04:01+02:00,2026-06-03T20:04:01+02:00,,IN_MAINLINE,Disable internal profiling overhead in OpenMP light mode,
candidate:numeric:0177:commit-4d84d8bf2e6b,0177,0177,NUMERIC,CANDIDATE,A,1,4d84d8bf2e6b9f454e923305b32b8fd66c173e6e,2026-06-04T08:26:29+02:00,2026-06-04T08:26:29+02:00,,UNIQUE_OUTSIDE_MAINLINE,baseline: clean/openmp-light snapshot after 0176-0183,
candidate:numeric:0178:commit-a97b8f869fab,0178,0178,NUMERIC,CANDIDATE,A,5,a97b8f869fab772a9d33d23a3468ea22f36e3cd8,2026-06-03T20:41:51+02:00,2026-06-03T20:41:51+02:00,,IN_MAINLINE,Move OpenMP profiling artifacts to dev history,
candidate:numeric:0178:commit-4d84d8bf2e6b,0178,0178,NUMERIC,CANDIDATE,A,5,4d84d8bf2e6b9f454e923305b32b8fd66c173e6e,2026-06-04T08:26:29+02:00,2026-06-04T08:26:29+02:00,,UNIQUE_OUTSIDE_MAINLINE,baseline: clean/openmp-light snapshot after 0176-0183,
candidate:numeric:0179:commit-a97b8f869fab,0179,0179,NUMERIC,CANDIDATE,A,3,a97b8f869fab772a9d33d23a3468ea22f36e3cd8,2026-06-03T20:41:51+02:00,2026-06-03T20:41:51+02:00,,IN_MAINLINE,Move OpenMP profiling artifacts to dev history,
candidate:numeric:0179:commit-4d84d8bf2e6b,0179,0179,NUMERIC,CANDIDATE,A,3,4d84d8bf2e6b9f454e923305b32b8fd66c173e6e,2026-06-04T08:26:29+02:00,2026-06-04T08:26:29+02:00,,UNIQUE_OUTSIDE_MAINLINE,baseline: clean/openmp-light snapshot after 0176-0183,
candidate:numeric:0180:commit-3bc8ca11bd75,0180,0180,NUMERIC,CANDIDATE,A,2,3bc8ca11bd75cb25b657c13c8f0ec325a80cc306,2026-06-03T21:04:44+02:00,2026-06-03T21:04:44+02:00,,IN_MAINLINE,Archive historical OpenMP development artifacts,
candidate:numeric:0180:commit-4d84d8bf2e6b,0180,0180,NUMERIC,CANDIDATE,A,2,4d84d8bf2e6b9f454e923305b32b8fd66c173e6e,2026-06-04T08:26:29+02:00,2026-06-04T08:26:29+02:00,,UNIQUE_OUTSIDE_MAINLINE,baseline: clean/openmp-light snapshot after 0176-0183,
candidate:numeric:0181:commit-3bc8ca11bd75,0181,0181,NUMERIC,CANDIDATE,A,2,3bc8ca11bd75cb25b657c13c8f0ec325a80cc306,2026-06-03T21:04:44+02:00,2026-06-03T21:04:44+02:00,,IN_MAINLINE,Archive historical OpenMP development artifacts,
candidate:numeric:0181:commit-4d84d8bf2e6b,0181,0181,NUMERIC,CANDIDATE,A,2,4d84d8bf2e6b9f454e923305b32b8fd66c173e6e,2026-06-04T08:26:29+02:00,2026-06-04T08:26:29+02:00,,UNIQUE_OUTSIDE_MAINLINE,baseline: clean/openmp-light snapshot after 0176-0183,
candidate:numeric:0182:commit-4c7e67dc1e5b,0182,0182,NUMERIC,CANDIDATE,A,3,4c7e67dc1e5b8b8d23d2645cd01e79be3aec66d8,2026-06-03T21:25:45+02:00,2026-06-03T21:25:45+02:00,,IN_MAINLINE,Add final audit and validation for OpenMP light branch,
candidate:numeric:0182:commit-4d84d8bf2e6b,0182,0182,NUMERIC,CANDIDATE,A,3,4d84d8bf2e6b9f454e923305b32b8fd66c173e6e,2026-06-04T08:26:29+02:00,2026-06-04T08:26:29+02:00,,UNIQUE_OUTSIDE_MAINLINE,baseline: clean/openmp-light snapshot after 0176-0183,
candidate:numeric:0183:commit-096af0789cd5,0183,0183,NUMERIC,CANDIDATE,A,4,096af0789cd5b1029204e141698cd158ca23dc66,2026-06-04T18:21:42+02:00,2026-06-04T18:21:42+02:00,,IN_MAINLINE,Add GPU candidate audit from OpenMP light baseline,
candidate:numeric:0184:commit-c6b69a9150db,0184,0184,NUMERIC,CANDIDATE,A,5,c6b69a9150db1ad95ba303703cca2aef358e7fec,2026-06-04T08:47:33+02:00,2026-06-04T08:47:33+02:00,,UNIQUE_OUTSIDE_MAINLINE,0184: strip internal profile runtime outputs,
candidate:numeric:0184:commit-8f5dd67ef845,0184,0184,NUMERIC,CANDIDATE,A,3,8f5dd67ef845dd53b54d391025d6296e0dad1e71,2026-06-04T18:35:21+02:00,2026-06-04T18:35:21+02:00,,IN_MAINLINE,Add Q6 projection GPU backend scaffold,
candidate:numeric:0185:commit-2dad017b6df5,0185,0185,NUMERIC,CANDIDATE,A,5,2dad017b6df5b30b9583c92ea4a9b4bf1ed1b929,2026-06-04T09:11:23+02:00,2026-06-04T09:11:23+02:00,,UNIQUE_OUTSIDE_MAINLINE,0185: remove dead internal profiling scaffolding,
candidate:numeric:0185:commit-c1f12e6f793c,0185,0185,NUMERIC,CANDIDATE,A,4,c1f12e6f793c1d376fd55cbc01e37dacdd1c12c9,2026-06-04T18:41:47+02:00,2026-06-04T18:41:47+02:00,,IN_MAINLINE,Add GPU backend decision and toolchain audit,
candidate:numeric:0186:commit-901e3ba77efd,0186,0186,NUMERIC,CANDIDATE,A,1,901e3ba77efdaeefd3ee43168372e015b7dc4815,2026-06-04T09:40:46+02:00,2026-06-04T09:40:46+02:00,,UNIQUE_OUTSIDE_MAINLINE,0186: add production stripped generic example launchers,
candidate:numeric:0186:commit-a220c86df02a,0186,0186,NUMERIC,CANDIDATE,A,6,a220c86df02a16c6530bc9d8e7d6698b72ff471b,2026-06-04T19:31:24+02:00,2026-06-04T19:31:24+02:00,,IN_MAINLINE,Seed CUDA-only Q6 elliptic backend primitive,
candidate:numeric:0186b:commit-4ac254758f8e,0186b,0186b,NUMERIC,CANDIDATE,A,1,4ac254758f8e5e96db070672556c963ff6fd9ee2,2026-06-04T14:31:32+02:00,2026-06-04T14:31:32+02:00,,UNIQUE_OUTSIDE_MAINLINE,0186b: expose forcing controls in TG and Poiseuille examples,
candidate:numeric:0186d:commit-cd832d34db9e,0186d,0186d,NUMERIC,CANDIDATE,A,1,cd832d34db9eee68869ebd0df4c4fc4299271937,2026-06-04T15:43:36+02:00,2026-06-04T15:43:36+02:00,,UNIQUE_OUTSIDE_MAINLINE,0186d: add restart from dump to production example scripts,
candidate:numeric:0186f:commit-75d7abd3cb5e,0186f,0186f,NUMERIC,CANDIDATE,A,2,75d7abd3cb5e31f2c28fd5edb0d9363023a095a6,2026-06-04T16:46:53+02:00,2026-06-04T16:46:53+02:00,,UNIQUE_OUTSIDE_MAINLINE,0186f: allow static circle immersed solid for von Karman inlet-outlet case,
candidate:numeric:0186f:commit-8f6f238c34fa,0186f,0186f,NUMERIC,CANDIDATE,A,1,8f6f238c34fa0f4f9a0122f3853b0639aea65aa9,2026-06-04T16:47:31+02:00,2026-06-04T16:47:31+02:00,,UNIQUE_OUTSIDE_MAINLINE,0186f: allow static circle immersed solid for von Karman inlet-outlet case,
candidate:numeric:0186g:commit-9c91783ff41e,0186g,0186g,NUMERIC,CANDIDATE,A,1,9c91783ff41edcb9182b60b2d440351fc3f48d0e,2026-06-04T16:45:17+02:00,2026-06-04T16:45:17+02:00,,UNIQUE_OUTSIDE_MAINLINE,0186g: remove obsolete development scripts from production stripped branch,
candidate:numeric:0187:commit-0d4a30129eb4,0187,0187,NUMERIC,CANDIDATE,A,6,0d4a30129eb438f53eda9ffe68d49d7622a65b6a,2026-06-04T19:41:14+02:00,2026-06-04T19:41:14+02:00,,IN_MAINLINE,Add standalone CUDA CG for Q6 elliptic operator,
candidate:numeric:0188:commit-c574df9688a0,0188,0188,NUMERIC,CANDIDATE,A,3,c574df9688a06e528abf0b9b4b4a3bcd14b88b60,2026-06-04T17:33:40+02:00,2026-06-04T17:33:40+02:00,,UNIQUE_OUTSIDE_MAINLINE,0188: prune production annexes,
candidate:numeric:0188:commit-0aa77e5fdcce,0188,0188,NUMERIC,CANDIDATE,A,1,0aa77e5fdccea4013506f855df902d5e33da8d63,2026-06-04T17:35:14+02:00,2026-06-04T17:35:14+02:00,,UNIQUE_OUTSIDE_MAINLINE,0188: prune production annexes,
candidate:numeric:0188:commit-a216d5d523b3,0188,0188,NUMERIC,CANDIDATE,A,5,a216d5d523b3f6efc0ed88d3328c82fd5237fe86,2026-06-04T19:55:51+02:00,2026-06-04T19:55:51+02:00,,IN_MAINLINE,Wire CUDA Q6 projection for periodic Taylor-Green subset,
candidate:numeric:0189:commit-716c0848d30c,0189,0189,NUMERIC,CANDIDATE,A,5,716c0848d30c9db8f0122a33dab02a1cad9447f2,2026-06-04T20:06:50+02:00,2026-06-04T20:06:50+02:00,,IN_MAINLINE,Fix CUDA Q6 residual norm after mean removal,
candidate:numeric:0190:commit-d668b5d9cb14,0190,0190,NUMERIC,CANDIDATE,A,5,d668b5d9cb14925685d13e79ca8f11fc6ce76b40,2026-06-04T20:17:02+02:00,2026-06-04T20:17:02+02:00,,IN_MAINLINE,Reduce CUDA Q6 launch overhead for TG integration,
candidate:numeric:0191:commit-34b6796ba921,0191,0191,NUMERIC,CANDIDATE,A,5,34b6796ba9218a96358f4e0efbbc59fa7a6b48a2,2026-06-04T20:29:57+02:00,2026-06-04T20:29:57+02:00,,IN_MAINLINE,Add persistent CUDA Q6 plan cache,
candidate:numeric:0192:commit-e6961cd91511,0192,0192,NUMERIC,CANDIDATE,A,5,e6961cd9151176a6d5c6a7de59afd4007d87a0a8,2026-06-04T20:58:06+02:00,2026-06-04T20:58:06+02:00,,IN_MAINLINE,Add CUDA Q6 timing and scaling diagnostics,
candidate:numeric:0193:commit-7715d9d837da,0193,0193,NUMERIC,CANDIDATE,A,5,7715d9d837daa584fffe7d706b9e4f271ae1a629,2026-06-04T21:24:30+02:00,2026-06-04T21:24:30+02:00,,IN_MAINLINE,Reduce CUDA Q6 block sums on device before host scalar copy,
candidate:numeric:0194:commit-a4187ef05792,0194,0194,NUMERIC,CANDIDATE,A,5,a4187ef05792a43bd219959f38a4f583dcf7f019,2026-06-04T22:09:12+02:00,2026-06-04T22:09:12+02:00,,IN_MAINLINE,Restore CUDA Q6 host-block reduction as default,
candidate:numeric:0195:commit-7c0fbee636f9,0195,0195,NUMERIC,CANDIDATE,A,5,7c0fbee636f9d6a54cacd79d71b89870c7743a84,2026-06-04T22:31:05+02:00,2026-06-04T22:31:05+02:00,,IN_MAINLINE,Shortcut CUDA Q6 residual norm after mean removal,
candidate:numeric:0196:commit-f16c8619dd5b,0196,0196,NUMERIC,CANDIDATE,A,8,f16c8619dd5bb8dad6427421a4bb3d4e6f4915b7,2026-06-04T22:48:14+02:00,2026-06-04T22:48:14+02:00,,IN_MAINLINE,Reduce CUDA Q6 CG scalar host synchronization,
candidate:numeric:0197:commit-55603a110094,0197,0197,NUMERIC,CANDIDATE,A,10,55603a1100949ed7dd4be58c814a06766f13ecf6,2026-06-05T11:46:57+02:00,2026-06-05T11:46:57+02:00,,IN_MAINLINE,Add standalone CUDA SRC collision rotation validator,
candidate:numeric:0198:commit-239e200710a0,0198,0198,NUMERIC,CANDIDATE,A,5,239e200710a0ff72dca5ce1e229a98e4808cb005,2026-06-05T09:08:26+02:00,2026-06-05T09:08:26+02:00,,IN_MAINLINE,Fix CUDA Q6 batched CG mean-removal rrOld handling,
candidate:numeric:0199:commit-93b5bd151b69,0199,0199,NUMERIC,CANDIDATE,A,6,93b5bd151b69ff93f77740fc968a6a86c7ba5b0b,2026-06-05T09:30:37+02:00,2026-06-05T09:30:37+02:00,,IN_MAINLINE,Add standalone CUDA particle-to-cell moments deposit prototype,
candidate:numeric:0200:commit-8ad150663903,0200,0200,NUMERIC,CANDIDATE,A,5,8ad150663903c0f8c23b2790a9096641993c97d7,2026-06-05T09:43:27+02:00,2026-06-05T09:43:27+02:00,,IN_MAINLINE,Add CUDA cell-moments shadow validation in collision step,
candidate:numeric:0201:commit-a40b9ec620b9,0201,0201,NUMERIC,CANDIDATE,A,5,a40b9ec620b9019a3cc9dafcc0dcf6207bf0eef4,2026-06-05T09:56:22+02:00,2026-06-05T09:56:22+02:00,,IN_MAINLINE,Add active CUDA particle-to-cell moments deposit,
candidate:numeric:0202:commit-3e49ac759518,0202,0202,NUMERIC,CANDIDATE,A,5,3e49ac759518b8741175bec9d5ced2a120c42a40,2026-06-05T10:09:09+02:00,2026-06-05T10:09:09+02:00,,IN_MAINLINE,Reduce CUDA cell-moments active deposit transfer overhead,
candidate:numeric:0203:commit-4e71733d4688,0203,0203,NUMERIC,CANDIDATE,A,5,4e71733d4688722c0005d1832a50a81c997822d5,2026-06-05T10:16:46+02:00,2026-06-05T10:16:46+02:00,,IN_MAINLINE,Add combined CUDA TG validation for Q6 and cell deposit,
candidate:numeric:0204:commit-73c31ac6c695,0204,0204,NUMERIC,CANDIDATE,A,5,73c31ac6c6956c7aec824d89f273a27e0c4ed332,2026-06-05T10:22:55+02:00,2026-06-05T10:22:55+02:00,,IN_MAINLINE,Fix combined CUDA TG validation harness,
candidate:numeric:0205:commit-2ba31fff57b0,0205,0205,NUMERIC,CANDIDATE,A,6,2ba31fff57b021cde380b2f94dcd565b978c3935,2026-06-05T10:41:22+02:00,2026-06-05T10:41:22+02:00,,IN_MAINLINE,Add standalone CUDA cell-relative thermostat validator,
candidate:numeric:0206:commit-c773224dfd8c,0206,0206,NUMERIC,CANDIDATE,A,5,c773224dfd8c9f71841eda32c03ac3a1b47961eb,2026-06-05T10:54:14+02:00,2026-06-05T10:54:14+02:00,,IN_MAINLINE,Add CUDA cell-relative thermostat shadow validation,
candidate:numeric:0207:commit-25dbb4e2c038,0207,0207,NUMERIC,CANDIDATE,A,5,25dbb4e2c0382871e47d9ecfd4afd048bba5b898,2026-06-05T11:01:38+02:00,2026-06-05T11:01:38+02:00,,IN_MAINLINE,Add active CUDA cell-relative thermostat path,
candidate:numeric:0208:commit-9fe61ba71ad8,0208,0208,NUMERIC,CANDIDATE,A,5,9fe61ba71ad8340e5100087c70126bcb017eebd5,2026-06-05T11:19:42+02:00,2026-06-05T11:19:42+02:00,,IN_MAINLINE,Add full CUDA TG stack validation harness,
candidate:numeric:0209:commit-55603a110094,0209,0209,NUMERIC,CANDIDATE,A,6,55603a1100949ed7dd4be58c814a06766f13ecf6,2026-06-05T11:46:57+02:00,2026-06-05T11:46:57+02:00,,IN_MAINLINE,Add standalone CUDA SRC collision rotation validator,
candidate:numeric:0210:commit-8a5569b4eef9,0210,0210,NUMERIC,CANDIDATE,A,5,8a5569b4eef922bf6d7f940cbf28f06a775ed998,2026-06-05T11:54:19+02:00,2026-06-05T11:54:19+02:00,,IN_MAINLINE,Add CUDA SRC collision shadow validation in real step,
candidate:numeric:0211:commit-9b3b080f0be7,0211,0211,NUMERIC,CANDIDATE,A,5,9b3b080f0be7b746ed14ced6cd2f768610056057,2026-06-05T12:02:46+02:00,2026-06-05T12:02:46+02:00,,IN_MAINLINE,Add active CUDA SRC collision path,
candidate:numeric:0212:commit-591c7d9d6efc,0212,0212,NUMERIC,CANDIDATE,A,6,591c7d9d6efcaf2b25c366260dc07ac3a33f0e42,2026-06-05T14:08:39+02:00,2026-06-05T14:08:39+02:00,,IN_MAINLINE,Add persistent CUDA particle-state step prototype,
candidate:numeric:0213:commit-dbedd49d8a9c,0213,0213,NUMERIC,CANDIDATE,A,5,dbedd49d8a9ce0aedea8b5f44d6c1ce86c9da68c,2026-06-05T14:25:34+02:00,2026-06-05T14:25:34+02:00,,IN_MAINLINE,Add active persistent CUDA SRC collision substep,
candidate:numeric:0214:commit-96e89637815e,0214,0214,NUMERIC,CANDIDATE,A,5,96e89637815e102ddaacc0686ea266917ec7f7c3,2026-06-05T14:33:56+02:00,2026-06-05T14:33:56+02:00,,IN_MAINLINE,Restore workspace cell moments after persistent CUDA SRC collision,
candidate:numeric:0215:commit-71578c0b3d2c,0215,0215,NUMERIC,CANDIDATE,A,5,71578c0b3d2cff14042c633c162706dd0f66ecca,2026-06-05T14:51:28+02:00,2026-06-05T14:51:28+02:00,,IN_MAINLINE,Add persistent CUDA SRC collision plus thermostat substep,
candidate:numeric:0216:commit-0f6126cf1cc4,0216,0216,NUMERIC,CANDIDATE,A,5,0f6126cf1cc4b1b1e386c48275f0edf5d6403aa6,2026-06-05T15:05:33+02:00,2026-06-05T15:05:33+02:00,,IN_MAINLINE,Add persistent CUDA collision plus Q6 integration harness,
candidate:numeric:0217:commit-6260140072ea,0217,0217,NUMERIC,CANDIDATE,A,5,6260140072eacbce077dd4c95432c9ed8ad0e61d,2026-06-05T15:21:51+02:00,2026-06-05T15:21:51+02:00,,IN_MAINLINE,Add ordered persistent CUDA collision Q6 thermostat harness,
candidate:numeric:0218:commit-8a9612a9ff8a,0218,0218,NUMERIC,CANDIDATE,A,6,8a9612a9ff8acdb519aef20282506ecda71a83cc,2026-06-05T15:47:44+02:00,2026-06-05T15:47:44+02:00,,IN_MAINLINE,Add persistent CUDA particle state manager,
candidate:numeric:0219:commit-41a828c3de02,0219,0219,NUMERIC,CANDIDATE,A,6,41a828c3de0269cda01a7a4182778d72e4279420,2026-06-05T15:59:31+02:00,2026-06-05T15:59:31+02:00,,IN_MAINLINE,Wire persistent CUDA particle state into SRC thermostat substep,
candidate:numeric:0220:commit-731ba750e799,0220,0220,NUMERIC,CANDIDATE,A,5,731ba750e799fe88a2eeeebc7b56eefb1891bb85,2026-06-05T16:08:18+02:00,2026-06-05T16:08:18+02:00,,IN_MAINLINE,Use shared CudaParticleState in persistent SRC thermostat path,
candidate:numeric:0221:commit-e03f4f84471b,0221,0221,NUMERIC,CANDIDATE,A,3,e03f4f84471ba111b88325480fc5d2e1c015396f,2026-06-05T16:21:10+02:00,2026-06-05T16:21:10+02:00,,IN_MAINLINE,Clean unused CUDA persistent nBytesD warning,
candidate:numeric:0222:commit-79b60574bc3d,0222,0222,NUMERIC,CANDIDATE,A,5,79b60574bc3df389fe3a6dbe72be898e022940b8,2026-06-05T16:31:20+02:00,2026-06-05T16:31:20+02:00,,IN_MAINLINE,Optimize CudaParticleState upload fast path,
candidate:numeric:0223:commit-aa83cff8054f,0223,0223,NUMERIC,CANDIDATE,A,5,aa83cff8054f5cea664236dc0a52c82119dcf0e8,2026-06-05T16:47:19+02:00,2026-06-05T16:47:19+02:00,,IN_MAINLINE,Cache persistent CUDA particle metadata uploads,
candidate:numeric:0224:commit-ffcb3e00e7e5,0224,0224,NUMERIC,CANDIDATE,A,6,ffcb3e00e7e5bec6803add34b7624ab5ef12a65c,2026-06-05T17:11:03+02:00,2026-06-05T17:11:03+02:00,,IN_MAINLINE,Add persistent CUDA cell workspace bridge,
candidate:numeric:0225:commit-dbd3b4e6f854,0225,0225,NUMERIC,CANDIDATE,A,5,dbd3b4e6f854f48bb9ababe7aa855f43573e5433,2026-06-05T17:19:56+02:00,2026-06-05T17:19:56+02:00,,IN_MAINLINE,Use shared CUDA cell workspace in persistent SRC thermostat path,
candidate:numeric:0226:commit-21ebf4d2610c,0226,0226,NUMERIC,CANDIDATE,A,18,21ebf4d2610c4a4159edbf1effe45f09f88ccc54,2026-06-05T18:21:09+02:00,2026-06-05T18:21:09+02:00,,IN_MAINLINE,Add CUDA resampling cell classification prototype,
candidate:numeric:0227:commit-9eba1b895e6f,0227,0227,NUMERIC,CANDIDATE,A,7,9eba1b895e6f50bbb0c78b238aa36a0ef542a131,2026-06-05T18:20:51+02:00,2026-06-05T18:20:51+02:00,,IN_MAINLINE,Add CUDA resampling cell classification prototype,
candidate:numeric:0228:commit-201c0fec02e1,0228,0228,NUMERIC,CANDIDATE,A,7,201c0fec02e1e50a7fc71b48879bc6bf9c512f66,2026-06-05T19:07:01+02:00,2026-06-05T19:07:01+02:00,,IN_MAINLINE,Add CUDA resampling donor-particle selection prototype,
candidate:numeric:0229:commit-201c0fec02e1,0229,0229,NUMERIC,CANDIDATE,A,7,201c0fec02e1e50a7fc71b48879bc6bf9c512f66,2026-06-05T19:07:01+02:00,2026-06-05T19:07:01+02:00,,IN_MAINLINE,Add CUDA resampling donor-particle selection prototype,
candidate:numeric:0230:commit-201c0fec02e1,0230,0230,NUMERIC,CANDIDATE,A,9,201c0fec02e1e50a7fc71b48879bc6bf9c512f66,2026-06-05T19:07:01+02:00,2026-06-05T19:07:01+02:00,,IN_MAINLINE,Add CUDA resampling donor-particle selection prototype,
candidate:numeric:0231:commit-201c0fec02e1,0231,0231,NUMERIC,CANDIDATE,A,12,201c0fec02e1e50a7fc71b48879bc6bf9c512f66,2026-06-05T19:07:01+02:00,2026-06-05T19:07:01+02:00,,IN_MAINLINE,Add CUDA resampling donor-particle selection prototype,
candidate:numeric:0232:commit-ef9a6a16b7f2,0232,0232,NUMERIC,CANDIDATE,A,7,ef9a6a16b7f2bf31f7743c94ad3e5bcfd42a962a,2026-06-05T19:06:50+02:00,2026-06-05T19:06:50+02:00,,IN_MAINLINE,Add CUDA resampling donor-particle selection prototype,
candidate:numeric:0233:commit-65ec78738929,0233,0233,NUMERIC,CANDIDATE,A,7,65ec78738929415de4bd8f7cedf7f2f506e16792,2026-06-05T19:19:53+02:00,2026-06-05T19:19:53+02:00,,IN_MAINLINE,Add CUDA resampling conservative shadow transfer primitive,
candidate:numeric:0234:commit-e2c4ad5f2ada,0234,0234,NUMERIC,CANDIDATE,A,14,e2c4ad5f2adacfff521c2df7e261ab114b4c37b4,2026-06-05T20:17:06+02:00,2026-06-05T20:17:06+02:00,,IN_MAINLINE,Expand CUDA resampling transfer shadow coverage,
candidate:numeric:0234b:commit-92a5a640ffd5,0234b,0234b,NUMERIC,CANDIDATE,A,3,92a5a640ffd57740f32759fb6aa35180174482d9,2026-06-05T19:49:21+02:00,2026-06-05T19:49:21+02:00,,IN_MAINLINE,Fix CUDA resampling transfer shadow unordered_set include,
candidate:numeric:0235:commit-8cd5f2d55468,0235,0235,NUMERIC,CANDIDATE,A,14,8cd5f2d5546821b3e10e255c6896e6cbc40b0bf2,2026-06-05T19:53:58+02:00,2026-06-05T19:53:58+02:00,,IN_MAINLINE,Expand CUDA resampling transfer shadow coverage,
candidate:numeric:0236:commit-e2c4ad5f2ada,0236,0236,NUMERIC,CANDIDATE,A,5,e2c4ad5f2adacfff521c2df7e261ab114b4c37b4,2026-06-05T20:17:06+02:00,2026-06-05T20:17:06+02:00,,IN_MAINLINE,Expand CUDA resampling transfer shadow coverage,
candidate:numeric:0237:commit-edc099f2d051,0237,0237,NUMERIC,CANDIDATE,A,5,edc099f2d051ec48f5d6436b5c368c17dde405f2,2026-06-05T20:33:08+02:00,2026-06-05T20:33:08+02:00,,IN_MAINLINE,Add active CUDA resampling extraction and insertion path,
candidate:numeric:0238:commit-c437556e129c,0238,0238,NUMERIC,CANDIDATE,A,18,c437556e129cf3326a7e021a382acb0e907d5407,2026-06-05T21:01:16+02:00,2026-06-05T21:01:16+02:00,,IN_MAINLINE,Add no-Q6 persistent CUDA resampling combined harness,
candidate:numeric:0238:commit-3ca671fd5a44,0238,0238,NUMERIC,CANDIDATE,A,5,3ca671fd5a441df63af2c7c92b77230140b1ee3d,2026-06-15T21:53:23+02:00,2026-06-15T21:53:23+02:00,,UNIQUE_OUTSIDE_MAINLINE,optimisation diverses,
candidate:numeric:0239:commit-c437556e129c,0239,0239,NUMERIC,CANDIDATE,A,6,c437556e129cf3326a7e021a382acb0e907d5407,2026-06-05T21:01:16+02:00,2026-06-05T21:01:16+02:00,,IN_MAINLINE,Add no-Q6 persistent CUDA resampling combined harness,
candidate:numeric:0294:commit-02cf2f6322af,0294,0294,NUMERIC,CANDIDATE,A,3,02cf2f6322af7a742b229f4349d2e16ee1e46c1a,2026-06-08T14:42:41+02:00,2026-06-08T14:42:41+02:00,,IN_MAINLINE,0294/0295: add passive post-SRC CUDA support survey,
candidate:numeric:0295:commit-f2f88ec3d539,0295,0295,NUMERIC,CANDIDATE,A,1,f2f88ec3d5393dd18114b4d67ddc6f3bbaea28ac,2026-06-08T15:55:15+02:00,2026-06-08T15:55:15+02:00,,IN_MAINLINE,0295: restrict strict survey validation to reproducible four-case suite,
candidate:numeric:0295:commit-ac35ab4a92ec,0295,0295,NUMERIC,CANDIDATE,A,3,ac35ab4a92ec3608eabc05542e1ea2bcd2740d79,2026-06-08T15:55:27+02:00,2026-06-08T15:55:27+02:00,,IN_MAINLINE,0295: restrict strict survey validation to reproducible four-case suite,
candidate:numeric:0296:commit-78c66306cb50,0296,0296,NUMERIC,CANDIDATE,A,6,78c66306cb505180a6206cb433841b28a6bd47d7,2026-06-08T18:26:57+02:00,2026-06-08T18:26:57+02:00,,IN_MAINLINE,0296: add conservative post-SRC CUDA mass reconditioning,
candidate:numeric:0297:commit-663ea69425c2,0297,0297,NUMERIC,CANDIDATE,A,6,663ea69425c22e0dda5ae542563f5a7e8ee0ce26,2026-06-08T18:56:42+02:00,2026-06-08T18:56:42+02:00,,IN_MAINLINE,0297: add local post-SRC CUDA population guard,
candidate:numeric:0298:commit-d9f069209bb3,0298,0298,NUMERIC,CANDIDATE,A,4,d9f069209bb39bd56b91f82c7977243eb8234601,2026-06-08T19:09:20+02:00,2026-06-08T19:09:20+02:00,,IN_MAINLINE,0298: add post-guard CUDA relative-energy restoration,
candidate:numeric:0299:commit-e5d95acba915,0299,0299,NUMERIC,CANDIDATE,A,4,e5d95acba915bff004247ba2156b60e5125e1002,2026-06-08T19:21:18+02:00,2026-06-08T19:21:18+02:00,,IN_MAINLINE,0299: add boundary-aware filtering to CUDA population guard,
candidate:numeric:0302:commit-d110712a431e,0302,0302,NUMERIC,CANDIDATE,A,5,d110712a431e62258a05a3f6717cf47aa391922c,2026-06-08T20:17:30+02:00,2026-06-08T20:17:30+02:00,,IN_MAINLINE,0302: document backward-step CUDA resampling validation,
candidate:numeric:0302:commit-f1b0d006486c,0302,0302,NUMERIC,CANDIDATE,A,1,f1b0d006486c5350fcede1b08a827e22a0effb09,2026-06-08T20:17:49+02:00,2026-06-08T20:17:49+02:00,,IN_MAINLINE,0302: document backward-step CUDA resampling validation,
candidate:numeric:0304:commit-9cb47f4faa6d,0304,0304,NUMERIC,CANDIDATE,A,7,9cb47f4faa6ddbd933621e881ea8a43882ef5fcb,2026-06-08T22:12:56+02:00,2026-06-08T22:12:56+02:00,,IN_MAINLINE,0304: add post-SRC CUDA adaptive support flag diagnostics,
candidate:numeric:0308:commit-9ffa7cf78268,0308,0308,NUMERIC,CANDIDATE,A,4,9ffa7cf7826835274144ab11e22ddc4800db315a,2026-06-09T11:46:36+02:00,2026-06-09T11:46:36+02:00,,IN_MAINLINE,0308: consolidate split-safe CUDA resampling mode,
candidate:numeric:0308:commit-6fb60e5e0404,0308,0308,NUMERIC,CANDIDATE,A,1,6fb60e5e04045d05dcbf5f553a3ba021ecd3b292,2026-06-09T11:47:03+02:00,2026-06-09T11:47:03+02:00,,IN_MAINLINE,0308: consolidate split-safe CUDA resampling mode,
candidate:numeric:0308:commit-ae41a50914c2,0308,0308,NUMERIC,CANDIDATE,A,2,ae41a50914c2eb1f29c39bce3500116ff38f7da4,2026-06-09T13:35:24+02:00,2026-06-09T13:35:24+02:00,,IN_MAINLINE,0308: consolidate split-safe CUDA resampling validation,
candidate:numeric:0308:commit-1858d7e5d988,0308,0308,NUMERIC,CANDIDATE,A,1,1858d7e5d988829b2c3fc6f4cbf7155037a80610,2026-06-09T13:37:48+02:00,2026-06-09T13:37:48+02:00,,IN_MAINLINE,0308: consolidate split-safe CUDA resampling validation,
candidate:numeric:0309:commit-98e3183a514b,0309,0309,NUMERIC,CANDIDATE,A,6,98e3183a514bfb3dc47f3fa2047b1bf73380992d,2026-06-09T13:56:40+02:00,2026-06-09T13:56:40+02:00,,IN_MAINLINE,0309: add split-safe CUDA resampling visual demo scripts,
candidate:numeric:0318:commit-a5c24aefed3d,0318,0318,NUMERIC,CANDIDATE,A,3,a5c24aefed3d234a7c781a754539900cdc55cc58,2026-06-13T10:54:41+02:00,2026-06-13T10:54:41+02:00,,IN_MAINLINE,Merge VK safe no0318 hotfix into SRC_GPU,
candidate:numeric:0331:commit-b7b1df7f7540,0331,0331,NUMERIC,CANDIDATE,A,3,b7b1df7f7540138f1f2ce85706d04e9c86eb3f63,2026-06-13T10:36:12+02:00,2026-06-13T10:36:12+02:00,,IN_MAINLINE,0331: restore VK-safe no0318 path and historical CUDA validation sweep,
candidate:numeric:0331:commit-2f3d00ca575a,0331,0331,NUMERIC,CANDIDATE,A,2,2f3d00ca575aeb0d0f98f4c03552b7578f39b688,2026-06-13T10:36:43+02:00,2026-06-13T10:36:43+02:00,,IN_MAINLINE,0331: restore VK-safe no0318 path and historical CUDA validation sweep,
candidate:numeric:0331:commit-a5c24aefed3d,0331,0331,NUMERIC,CANDIDATE,A,1,a5c24aefed3d234a7c781a754539900cdc55cc58,2026-06-13T10:54:41+02:00,2026-06-13T10:54:41+02:00,,IN_MAINLINE,Merge VK safe no0318 hotfix into SRC_GPU,
candidate:numeric:0331:commit-f9e37e2c8318,0331,0331,NUMERIC,CANDIDATE,A,1,f9e37e2c8318c123d3688ac09911613ea259440e,2026-06-13T10:59:34+02:00,2026-06-13T10:59:34+02:00,,UNIQUE_OUTSIDE_MAINLINE,0331: apply VK safe no0318 fix to slim visualization branch,
candidate:numeric:0333:commit-cc718266a882,0333,0333,NUMERIC,CANDIDATE,A,6,cc718266a882fa7bb6d705ca2ca32e01f9430d0d,2026-06-13T15:52:06+02:00,2026-06-13T15:52:06+02:00,,IN_MAINLINE,0333: add full-periodic VK monolithic comparison benchmark,
candidate:numeric:0334a:commit-b0d299038173,0334a,0334a,NUMERIC,CANDIDATE,A,4,b0d299038173b2685c6aed3cb569cf18d6253465,2026-06-13T15:50:48+02:00,2026-06-13T15:50:48+02:00,,IN_MAINLINE,0334a: keep full-periodic immersed-circle SRC classic CUDA resident,
candidate:numeric:0335:commit-afa58dfb100f,0335,0335,NUMERIC,CANDIDATE,A,3,afa58dfb100f8111cfde655e4a0a2c912670096b,2026-06-13T17:22:22+02:00,2026-06-13T17:22:22+02:00,,IN_MAINLINE,0335: add live visualization mode for SRC GPU visual inspection,
candidate:numeric:0337:commit-a68cef984a36,0337,0337,NUMERIC,CANDIDATE,A,3,a68cef984a36e9bd9b05c8e4dfd858b36ccecc2d,2026-06-13T18:14:28+02:00,2026-06-13T18:14:28+02:00,,IN_MAINLINE,0337: add CUDA field renderer for live visualization,
candidate:numeric:0337:commit-213790d54b11,0337,0337,NUMERIC,CANDIDATE,A,12,213790d54b110893660287b262dae4377fcb7e6e,2026-06-13T18:27:38+02:00,2026-06-13T18:27:38+02:00,,IN_MAINLINE,0337: add live CUDA field visualization and update flag inventories,
candidate:numeric:0337:commit-5dc3a987b010,0337,0337,NUMERIC,CANDIDATE,A,3,5dc3a987b010bf4453491b2589c83edd483f3017,2026-06-13T18:31:00+02:00,2026-06-13T18:31:00+02:00,,IN_MAINLINE,0337: add live CUDA field visualization and update flag inventories,
candidate:numeric:0338c:commit-545d530fb2ef,0338c,0338c,NUMERIC,CANDIDATE,A,1,545d530fb2ef224f43d377f1587ce7ae0f6bc3d9,2026-06-15T15:43:40+02:00,2026-06-15T15:43:40+02:00,,IN_MAINLINE,0338c-viz: reuse shared wall-circle CUDA state for collision,
candidate:numeric:0339a:commit-a93ace76e343,0339a,0339a,NUMERIC,CANDIDATE,A,1,a93ace76e3434886039d8f6539d82950a38a3e85,2026-06-15T16:32:32+02:00,2026-06-15T16:32:32+02:00,,IN_MAINLINE,0339a-viz: reduce default live visualization cadence,
candidate:numeric:0341a:commit-4b01c9021f73,0341a,0341a,NUMERIC,CANDIDATE,A,2,4b01c9021f73e6c874a2e35cd7c118fd39fa335b,2026-06-15T18:18:36+02:00,2026-06-15T18:18:36+02:00,,IN_MAINLINE,0341a-viz: add runtime live visualization control file,
candidate:numeric:0341b:commit-edd40a5ee332,0341b,0341b,NUMERIC,CANDIDATE,A,2,edd40a5ee332a78a4eb07937682d28b3e15db843,2026-06-15T18:25:04+02:00,2026-06-15T18:25:04+02:00,,IN_MAINLINE,0341b-viz: propagate runtime live visualization controls to portable scripts,
candidate:numeric:0342a:commit-5f4ca5f62f73,0342a,0342a,NUMERIC,CANDIDATE,A,3,5f4ca5f62f73395631e25f7ff1051329a6d2b269,2026-06-15T19:19:17+02:00,2026-06-15T19:19:17+02:00,,IN_MAINLINE,0342a-viz: colormap + update livevis flags and parameters inventory,
candidate:numeric:0343:commit-6636265433f0,0343,0343,NUMERIC,CANDIDATE,A,7,6636265433f0f4d5988822bb1a9c21e6ab2ad547,2026-06-17T11:18:43+02:00,2026-06-17T11:18:43+02:00,,IN_MAINLINE,0343-topo: add CUDA-VIZ Darcy-Brinkman SRC path,
candidate:numeric:0344:commit-48ef7794b163,0344,0344,NUMERIC,CANDIDATE,A,3,48ef7794b16360700691d2eb4b9886ee11aefe43,2026-06-17T11:50:57+02:00,2026-06-17T11:50:57+02:00,,IN_MAINLINE,0344-topo: add persistent livevis control and alpha visual sweep,
candidate:numeric:0345:commit-507986c2ee87,0345,0345,NUMERIC,CANDIDATE,A,6,507986c2ee877dd0bac8f1e20a9864c2d94077f2,2026-06-17T12:27:37+02:00,2026-06-17T12:27:37+02:00,,IN_MAINLINE,0345-topo: add external chi field for Darcy-Brinkman path,
candidate:numeric:0346:commit-6f89d733c11c,0346,0346,NUMERIC,CANDIDATE,A,5,6f89d733c11c8bb321ef16c971f314d4a508d636,2026-06-17T13:49:27+02:00,2026-06-17T13:49:27+02:00,,IN_MAINLINE,0346-topo: add bend-pipe chi-file visualization case,
candidate:numeric:0347:commit-e466ccaece92,0347,0347,NUMERIC,CANDIDATE,A,5,e466ccaece92f655fd4d67c2d8222bfb408bd83c,2026-06-17T14:10:41+02:00,2026-06-17T14:10:41+02:00,,IN_MAINLINE,0347-topo: add diagonal channel chi-file reference case,
candidate:numeric:0348a:commit-eae6596b68d3,0348a,0348a,NUMERIC,CANDIDATE,A,4,eae6596b68d3074167003ca172d2ab6c09f0e37a,2026-06-17T14:40:47+02:00,2026-06-17T14:40:47+02:00,,IN_MAINLINE,0348a-topo: add optional Darcy benchmark force observables,
candidate:numeric:0348b:commit-4c347cf9eff1,0348b,0348b,NUMERIC,CANDIDATE,A,5,4c347cf9eff1b1746641b7c3272a08706dedc335,2026-06-17T14:48:00+02:00,2026-06-17T14:48:00+02:00,,IN_MAINLINE,0348b-topo: add benchmark window statistics postprocessing,
candidate:numeric:0349:commit-c09a9e8ec75e,0349,0349,NUMERIC,CANDIDATE,A,5,c09a9e8ec75eaf92245ef370d037c6fd6d0d8294,2026-06-17T15:09:28+02:00,2026-06-17T15:09:28+02:00,,IN_MAINLINE,0349-topo: add channel obstacle and NACA chi-field generators,
candidate:numeric:0350:commit-910edd74496d,0350,0350,NUMERIC,CANDIDATE,A,5,910edd74496d0db112ebcfd804a760d02555d97f,2026-06-17T15:19:46+02:00,2026-06-17T15:19:46+02:00,,IN_MAINLINE,0350-topo: add NACA polar proxy postprocessing,
candidate:numeric:0351:commit-910edd74496d,0351,0351,NUMERIC,CANDIDATE,A,1,910edd74496d0db112ebcfd804a760d02555d97f,2026-06-17T15:19:46+02:00,2026-06-17T15:19:46+02:00,,IN_MAINLINE,0350-topo: add NACA polar proxy postprocessing,
candidate:numeric:0354:commit-88ba0cc9e1d8,0354,0354,NUMERIC,CANDIDATE,A,5,88ba0cc9e1d89a033a291ab19fe61984516e447a,2026-06-17T17:35:05+02:00,2026-06-17T17:35:05+02:00,,IN_MAINLINE,0354-topo: add normalized NACA reference comparison postprocessing,
candidate:numeric:0354:commit-6968e154e521,0354,0354,NUMERIC,CANDIDATE,A,3,6968e154e521d31072c1a041906f2d5f115966da,2026-06-17T17:35:57+02:00,2026-06-17T17:35:57+02:00,,IN_MAINLINE,0354-topo: add normalized NACA reference comparison postprocessing,
candidate:numeric:0358:commit-98edb0f576ce,0358,0358,NUMERIC,CANDIDATE,A,5,98edb0f576ce349b24bef7d75cc7b7e4ef212a72,2026-06-17T22:18:06+02:00,2026-06-17T22:18:06+02:00,,IN_MAINLINE,0358-topo: validate Darcy-Brinkman path and wake diagnostics,
candidate:numeric:0360:commit-c8148c763ac5,0360,0360,NUMERIC,CANDIDATE,A,5,c8148c763ac55b14cffa67dc1e9bf6a9618008bd,2026-06-20T11:54:57+02:00,2026-06-20T11:54:57+02:00,,IN_MAINLINE,0360: add CUDA topology resampling clean branch state,
candidate:numeric:0365:commit-d3dbadb02208,0365,0365,NUMERIC,CANDIDATE,A,2,d3dbadb02208863715101a83f9550c3d007fbebc,2026-06-20T18:48:36+02:00,2026-06-20T18:48:36+02:00,,IN_MAINLINE,0365: add resampling empty-refill validation docs and VK 0251 script,
candidate:numeric:0366:commit-5100d232e8ca,0366,0366,NUMERIC,CANDIDATE,A,2,5100d232e8caf7e455f00ddf8bd62192b3a871ac,2026-06-20T16:32:11+02:00,2026-06-20T16:32:11+02:00,,IN_MAINLINE,0366: finalize live visualization N minmax and quiver overlays,
candidate:numeric:0406:commit-733225984713,0406,0406,NUMERIC,CANDIDATE,A,1,7332259847135bf6e0730c738f693f67fb4dda25,2026-06-21T15:03:49+02:00,2026-06-21T15:03:49+02:00,,IN_MAINLINE,0406: compare SRC Q6 modes and fix CUDA Q6 profile labels,
candidate:numeric:0414:commit-e2fe1ca29042,0414,0414,NUMERIC,CURATED,A,2,e2fe1ca29042c2391cd5b6ee7f9eb7fe9a2065a8,2026-09-07T17:31:58+02:00,2026-09-07T17:31:58+02:00,milestone:20260907-0414-segmented-xy,IN_MAINLINE,0414: generalize segmented open boundaries to x/y on CUDA resident path,linked by exact reused-label curation: 2026-09-07 segmented x/y CUDA-resident 0414
candidate:numeric:0417:commit-18104a67a705,0417,0417,NUMERIC,CANDIDATE,A,2,18104a67a7057b64c3c2dc1c55de5fee1d9faf9b,2026-06-23T14:29:09+02:00,2026-06-23T14:29:09+02:00,,IN_MAINLINE,restriction inlet/oulet left/right suppr. for SRC classic + inactive_slot autonomous ensure mode,
candidate:numeric:0418:commit-f1b70b0e685e,0418,0418,NUMERIC,CANDIDATE,A,2,f1b70b0e685ec09b2b3988718aff8a5ca47ed1da,2026-06-23T23:20:27+02:00,2026-06-23T23:20:27+02:00,,IN_MAINLINE,solid-like darcy/brinkman/wallVP treatment,
candidate:numeric:0419:commit-f1b70b0e685e,0419,0419,NUMERIC,CANDIDATE,A,2,f1b70b0e685ec09b2b3988718aff8a5ca47ed1da,2026-06-23T23:20:27+02:00,2026-06-23T23:20:27+02:00,,IN_MAINLINE,solid-like darcy/brinkman/wallVP treatment,
candidate:numeric:0420:commit-f1b70b0e685e,0420,0420,NUMERIC,CANDIDATE,A,2,f1b70b0e685ec09b2b3988718aff8a5ca47ed1da,2026-06-23T23:20:27+02:00,2026-06-23T23:20:27+02:00,,IN_MAINLINE,solid-like darcy/brinkman/wallVP treatment,
candidate:numeric:0421:commit-f1b70b0e685e,0421,0421,NUMERIC,CANDIDATE,A,2,f1b70b0e685ec09b2b3988718aff8a5ca47ed1da,2026-06-23T23:20:27+02:00,2026-06-23T23:20:27+02:00,,IN_MAINLINE,solid-like darcy/brinkman/wallVP treatment,
candidate:numeric:0422:commit-f1b70b0e685e,0422,0422,NUMERIC,CANDIDATE,A,2,f1b70b0e685ec09b2b3988718aff8a5ca47ed1da,2026-06-23T23:20:27+02:00,2026-06-23T23:20:27+02:00,,IN_MAINLINE,solid-like darcy/brinkman/wallVP treatment,
candidate:numeric:0424:commit-f1b70b0e685e,0424,0424,NUMERIC,CANDIDATE,A,2,f1b70b0e685ec09b2b3988718aff8a5ca47ed1da,2026-06-23T23:20:27+02:00,2026-06-23T23:20:27+02:00,,IN_MAINLINE,solid-like darcy/brinkman/wallVP treatment,
candidate:numeric:0425:commit-3945cdc8d408,0425,0425,NUMERIC,CANDIDATE,A,7,3945cdc8d408a3efdeece0ecbbd59ddf71506b3f,2026-06-29T19:03:21+02:00,2026-06-29T19:03:21+02:00,,UNIQUE_OUTSIDE_MAINLINE,generalized solid with Brinkman-thermal-VP,
candidate:numeric:0425:commit-4ec6b3add0a9,0425,0425,NUMERIC,CANDIDATE,A,7,4ec6b3add0a9a470d86ccd0f50c71a003cca3814,2026-06-30T23:54:39+02:00,2026-06-30T23:54:39+02:00,,IN_MAINLINE,0433a: align filtered recording cadence with livevis controls,
candidate:numeric:0426:commit-3945cdc8d408,0426,0426,NUMERIC,CANDIDATE,A,5,3945cdc8d408a3efdeece0ecbbd59ddf71506b3f,2026-06-29T19:03:21+02:00,2026-06-29T19:03:21+02:00,,UNIQUE_OUTSIDE_MAINLINE,generalized solid with Brinkman-thermal-VP,
candidate:numeric:0426:commit-4ec6b3add0a9,0426,0426,NUMERIC,CANDIDATE,A,5,4ec6b3add0a9a470d86ccd0f50c71a003cca3814,2026-06-30T23:54:39+02:00,2026-06-30T23:54:39+02:00,,IN_MAINLINE,0433a: align filtered recording cadence with livevis controls,
candidate:numeric:0431:commit-4ec6b3add0a9,0431,0431,NUMERIC,CANDIDATE,A,2,4ec6b3add0a9a470d86ccd0f50c71a003cca3814,2026-06-30T23:54:39+02:00,2026-06-30T23:54:39+02:00,,IN_MAINLINE,0433a: align filtered recording cadence with livevis controls,
candidate:numeric:0432a:commit-ac0582a7b2bf,0432a,0432a,NUMERIC,CANDIDATE,A,3,ac0582a7b2bf25781cb7f9ed63e7cdf2d3794a4a,2026-06-29T21:57:00+02:00,2026-06-29T21:57:00+02:00,,PATCH_EQUIVALENT_IN_MAINLINE,0432a: add livevis-driven filtered field recording,
candidate:numeric:0432a:commit-94c0857e3523,0432a,0432a,NUMERIC,CANDIDATE,A,2,94c0857e35239abe70a2c3ee170eb6de5d5516ea,2026-06-29T22:50:42+02:00,2026-06-29T22:50:42+02:00,,IN_MAINLINE,0432a integ: add livevis-driven filtered field recording,
candidate:numeric:0433a:commit-879023590fce,0433a,0433a,NUMERIC,CANDIDATE,A,2,879023590fce30c67ec95e81ab9446c4916e9acc,2026-06-30T22:56:32+02:00,2026-06-30T22:56:32+02:00,,PATCH_EQUIVALENT_IN_MAINLINE,0433a: align filtered recording cadence with livevis controls,
candidate:numeric:0433a:commit-a8e8c6165307,0433a,0433a,NUMERIC,CANDIDATE,A,1,a8e8c6165307d6ac2f7f1ff370bf4ceba989ffe7,2026-06-30T22:56:32+02:00,2026-06-30T22:56:32+02:00,,IN_MAINLINE,0433a: align filtered recording cadence with livevis controls,
candidate:numeric:0433a:commit-4ec6b3add0a9,0433a,0433a,NUMERIC,CANDIDATE,A,1,4ec6b3add0a9a470d86ccd0f50c71a003cca3814,2026-06-30T23:54:39+02:00,2026-06-30T23:54:39+02:00,,IN_MAINLINE,0433a: align filtered recording cadence with livevis controls,
candidate:numeric:0433a-doc:commit-0115f35ee499,0433a-doc,0433a-doc,NUMERIC,CANDIDATE,A,1,0115f35ee4997b35760c5f2d359912b3b3741b90,2026-06-30T23:53:16+02:00,2026-06-30T23:53:16+02:00,,UNIQUE_OUTSIDE_MAINLINE,0433a-doc: update SRC/MPCD flags and params inventories,
candidate:numeric:0434:commit-181338046811,0434,0434,NUMERIC,CANDIDATE,A,11,181338046811958b9b45122ee502ebd40e5a1811,2026-07-01T22:05:24+02:00,2026-07-01T22:05:24+02:00,,IN_MAINLINE,0434: add homogeneous SRC/MPCD run script suite,
candidate:numeric:0434:commit-6f765bdcf798,0434,0434,NUMERIC,CANDIDATE,A,1,6f765bdcf798521f065411f4df759b6aa28f9279,2026-07-01T22:19:49+02:00,2026-07-01T22:19:49+02:00,,IN_MAINLINE,0434: update default livevis control profile,
candidate:numeric:0435c:commit-8ac69bc36511,0435c,0435c,NUMERIC,CANDIDATE,A,1,8ac69bc365110603b5c757c5def2c72b4ff09f7a,2026-07-01T22:04:54+02:00,2026-07-01T22:04:54+02:00,,IN_MAINLINE,0435c: skip CPU boundary pass after handled CUDA IO boundary,
candidate:numeric:0435c:commit-bc69703b8a90,0435c,0435c,NUMERIC,CANDIDATE,A,9,bc69703b8a908aecb6a9218d186f8f8bfe18f4f1,2026-07-02T17:55:11+02:00,2026-07-02T17:55:11+02:00,,IN_MAINLINE,0436-livevis: add particle type filter to WYSIWYR recording,
candidate:numeric:0436:commit-bc69703b8a90,0436,0436,NUMERIC,CANDIDATE,A,1,bc69703b8a908aecb6a9218d186f8f8bfe18f4f1,2026-07-02T17:55:11+02:00,2026-07-02T17:55:11+02:00,,IN_MAINLINE,0436-livevis: add particle type filter to WYSIWYR recording,
candidate:numeric:0438:commit-731c9f03db91,0438,0438,NUMERIC,CANDIDATE,A,6,731c9f03db91ca9eaa158b5d20911f2c8a460b21,2026-07-03T18:24:37+02:00,2026-07-03T18:24:37+02:00,,IN_MAINLINE,0438: add periodic wall-free path equivalence runners,
candidate:numeric:0438b:commit-3ae135c4ca92,0438b,0438b,NUMERIC,CANDIDATE,A,4,3ae135c4ca9263ea23099ee601e7f691ecbe4aa3,2026-07-03T18:57:37+02:00,2026-07-03T18:57:37+02:00,,IN_MAINLINE,0438b: add periodic equivalence seed sweep runner,
candidate:numeric:0438c:commit-81ed0cb9113e,0438c,0438c,NUMERIC,CANDIDATE,A,3,81ed0cb9113ecd6cc12b3f2ef62e6f1a65e236bb,2026-07-03T19:06:22+02:00,2026-07-03T19:06:22+02:00,,IN_MAINLINE,0438c: add resampling stage audit for periodic equivalence runs,
candidate:numeric:0438h:commit-0b0be705e74c,0438h,0438h,NUMERIC,CANDIDATE,A,3,0b0be705e74cbc62b53662a28e693e5bb7b3185b,2026-07-03T19:36:21+02:00,2026-07-03T19:36:21+02:00,,IN_MAINLINE,0438h: formalize clean periodic path equivalence profile,
candidate:numeric:0439:commit-a098e977cc57,0439,0439,NUMERIC,CANDIDATE,A,6,a098e977cc579b25d540a3f12f664ba070286e49,2026-07-03T19:54:33+02:00,2026-07-03T19:54:33+02:00,,IN_MAINLINE,0439: add CUDA shadow validator for resampling deposit classification,
candidate:numeric:0440:commit-c411da4c3df0,0440,0440,NUMERIC,CANDIDATE,A,5,c411da4c3df0a7de27c53ffcf8d0c24a33523ab2,2026-07-03T21:51:34+02:00,2026-07-03T21:51:34+02:00,,IN_MAINLINE,0440: add CUDA shadow validator for resampling poor rich compaction,
candidate:numeric:0441:commit-2dc390594b86,0441,0441,NUMERIC,CANDIDATE,A,5,2dc390594b866c75c52693f3e6e5f24125fcd33b,2026-07-03T22:06:50+02:00,2026-07-03T22:06:50+02:00,,IN_MAINLINE,0441: add CUDA shadow validator for resampling transfer planner,
candidate:numeric:0442:commit-49feaf9a9276,0442,0442,NUMERIC,CANDIDATE,A,6,49feaf9a92764762a2d2cfb46730229add2a9065,2026-07-03T22:24:36+02:00,2026-07-03T22:24:36+02:00,,IN_MAINLINE,0442: add CUDA shadow validator for resampling particle apply,
candidate:numeric:0443:commit-991f7fe660a0,0443,0443,NUMERIC,CANDIDATE,A,6,991f7fe660a0379bcf929530ef425f3717002ce4,2026-07-03T22:45:32+02:00,2026-07-03T22:45:32+02:00,,IN_MAINLINE,0443: add CUDA shadow validator for resampling remap thermal,
candidate:numeric:0444:commit-1060aae2703a,0444,0444,NUMERIC,CANDIDATE,A,7,1060aae2703a5f0979126611fac4b250a9dffa4a,2026-07-03T23:01:10+02:00,2026-07-03T23:01:10+02:00,,IN_MAINLINE,0444: add CUDA shadow validator for clean resampling pipeline,
candidate:numeric:0445:commit-e7475c790696,0445,0445,NUMERIC,CANDIDATE,A,5,e7475c7906961ac21a7af11594cfba1ef8ec8820,2026-07-03T23:40:32+02:00,2026-07-03T23:40:32+02:00,,IN_MAINLINE,0445: add in-solver CUDA shadow hook for clean resampling pipeline,
candidate:numeric:0446:commit-6c226655b34e,0446,0446,NUMERIC,CANDIDATE,A,3,6c226655b34e3efd4475d57212c1e8f12db39c81,2026-07-04T10:26:14+02:00,2026-07-04T10:26:14+02:00,,IN_MAINLINE,0446: extend in-solver CUDA resampling shadow to nonzero plans,
candidate:numeric:0447:commit-5641e6605f25,0447,0447,NUMERIC,CANDIDATE,A,3,5641e6605f25105784fe2294cfd9c80c04dbd7b2,2026-07-04T10:31:17+02:00,2026-07-04T10:31:17+02:00,,IN_MAINLINE,0447: add nonzero-plan CUDA resampling shadow stress runner,
candidate:numeric:0448:commit-ff5b7b397a11,0448,0448,NUMERIC,CANDIDATE,A,3,ff5b7b397a11c74a3990d5e2691e247307f51c5d,2026-07-04T10:44:37+02:00,2026-07-04T10:44:37+02:00,,IN_MAINLINE,0448: add experimental CUDA apply backend for clean resampling pipeline,
candidate:numeric:0449:commit-c537322fcb25,0449,0449,NUMERIC,CANDIDATE,A,3,c537322fcb255c36b354c4ce426042c357712e8d,2026-07-04T10:56:56+02:00,2026-07-04T10:56:56+02:00,,IN_MAINLINE,0449: add CUDA resampling apply backend stress runner,
candidate:numeric:0450:commit-35fa1df6bd11,0450,0450,NUMERIC,CANDIDATE,A,3,35fa1df6bd112bee7d75cc462cc333b248444cfc,2026-07-04T11:17:58+02:00,2026-07-04T11:17:58+02:00,,IN_MAINLINE,0450: add CUDA upstream shadow for resampling deposit and planner,
candidate:numeric:0451:commit-7271c0265836,0451,0451,NUMERIC,CANDIDATE,A,3,7271c02658367e7c9806ab32b8cc87f7b5fe8009,2026-07-04T11:29:10+02:00,2026-07-04T11:29:10+02:00,,IN_MAINLINE,0451: add CUDA upstream apply gate for resampling planner,
candidate:numeric:0452:commit-57d67d1531a2,0452,0452,NUMERIC,CANDIDATE,A,3,57d67d1531a279c29961700f7ab6c5064fc7aa32,2026-07-04T11:37:07+02:00,2026-07-04T11:37:07+02:00,,IN_MAINLINE,0452: add CUDA upstream apply gate stress runner,
candidate:numeric:0453:commit-d3c865ef8373,0453,0453,NUMERIC,CANDIDATE,A,3,d3c865ef8373a9d34598857fb9ba25290d1fa06b,2026-07-04T11:48:57+02:00,2026-07-04T11:48:57+02:00,,IN_MAINLINE,0453: add CUDA materializer for resampling passive operations,
candidate:numeric:0454:commit-c5204c6347d5,0454,0454,NUMERIC,CANDIDATE,A,3,c5204c6347d5ae4d56c5f0ce34989483c59cb58f,2026-07-04T12:25:48+02:00,2026-07-04T12:25:48+02:00,,IN_MAINLINE,0454: add CUDA resampling operation materializer stress runner,
candidate:numeric:0455:commit-85a491ad3f72,0455,0455,NUMERIC,CANDIDATE,A,3,85a491ad3f724671828c747aa796ddb8c7de8293,2026-07-04T14:34:36+02:00,2026-07-04T14:34:36+02:00,,IN_MAINLINE,0455: add CUDA device-carrier path for resampling passive operations,
candidate:numeric:0456:commit-acf8b4754e20,0456,0456,NUMERIC,CANDIDATE,A,3,acf8b4754e2028aa3a49e6a329513c9711bdf36a,2026-07-04T14:59:00+02:00,2026-07-04T14:59:00+02:00,,IN_MAINLINE,0456: add CUDA resampling device-carrier stress runner,
candidate:numeric:0458:commit-75e387a22ca1,0458,0458,NUMERIC,CANDIDATE,A,4,75e387a22ca1cdb2606fd5e66faa7f2545e7a310,2026-07-04T17:14:20+02:00,2026-07-04T17:14:20+02:00,,IN_MAINLINE,0458: add CUDA resampling CPU-op carrier performance bridge,
candidate:numeric:0459:commit-4b0b4c822626,0459,0459,NUMERIC,CANDIDATE,A,3,4b0b4c822626c1759257bf9920ca0f6ebd224eb0,2026-07-04T17:39:14+02:00,2026-07-04T17:39:14+02:00,,IN_MAINLINE,0459: add donor-slice CUDA resampling materializer,
candidate:numeric:0460:commit-9404f5f759ed,0460,0460,NUMERIC,CANDIDATE,A,3,9404f5f759ed085ea37c62a8c2fc780fd9c1d990,2026-07-04T18:33:32+02:00,2026-07-04T18:33:32+02:00,,IN_MAINLINE,0460: add Thrust stable cell-list CUDA resampling materializer,
candidate:numeric:0461:commit-36051f1c9778,0461,0461,NUMERIC,CANDIDATE,A,3,36051f1c9778525cda1f2f2d414a0e614bc06135,2026-07-04T18:54:29+02:00,2026-07-04T18:54:29+02:00,,IN_MAINLINE,0461: add sparse gate for CUDA resampling device carrier,
candidate:numeric:0462:commit-d7ac91b23212,0462,0462,NUMERIC,CANDIDATE,A,3,d7ac91b23212924e65ec26be36c937eb5f7261b7,2026-07-04T19:00:49+02:00,2026-07-04T19:00:49+02:00,,IN_MAINLINE,0462: add sparse gate stress validation runner,
candidate:numeric:0463:commit-c1600ec80d79,0463,0463,NUMERIC,CANDIDATE,A,3,c1600ec80d791679ffc744c5c041505cc06aadf4,2026-07-04T19:20:06+02:00,2026-07-04T19:20:06+02:00,,IN_MAINLINE,0463: add sparse gate endurance validation runner,
candidate:numeric:0464:commit-29d1eb203d1b,0464,0464,NUMERIC,CANDIDATE,A,3,29d1eb203d1b95b7abdb25985ea583b22540e88e,2026-07-04T20:32:30+02:00,2026-07-04T20:32:30+02:00,,IN_MAINLINE,0464: add CUDA versus CPU scaling probe for sparse resampling,
candidate:numeric:0465:commit-5c4aa1797eee,0465,0465,NUMERIC,CANDIDATE,A,3,5c4aa1797eee16135e32ef40f14ca03822b44417,2026-07-04T21:28:21+02:00,2026-07-04T21:28:21+02:00,,IN_MAINLINE,0465: add CUDA resampling residency bottleneck audit,
candidate:numeric:0466:commit-cfbbbe487b53,0466,0466,NUMERIC,CANDIDATE,A,3,cfbbbe487b530296d0b9b8c63b8c9b5f1f12584f,2026-07-04T22:04:46+02:00,2026-07-04T22:04:46+02:00,,IN_MAINLINE,0466: add CUDA resampling transaction timing probe,
candidate:numeric:0467:commit-1b68b5ae313c,0467,0467,NUMERIC,CANDIDATE,A,3,1b68b5ae313c3a26a5b1365da16fd953986739ad,2026-07-04T22:33:35+02:00,2026-07-04T22:33:35+02:00,,IN_MAINLINE,0467: refactor CUDA resampling device carrier into resident core,
candidate:numeric:0467b:commit-bd60247191c2,0467b,0467b,NUMERIC,CANDIDATE,A,4,bd60247191c2916cd08e8af633a14919e1cc70e4,2026-07-04T22:53:37+02:00,2026-07-04T22:53:37+02:00,,IN_MAINLINE,0467b: drive CUDA resampling resident core from caller-owned state,
candidate:numeric:0468:commit-f399dff2a952,0468,0468,NUMERIC,CANDIDATE,A,4,f399dff2a95245875e2ba7acfbab80c5c73d9056,2026-07-04T23:29:14+02:00,2026-07-04T23:29:14+02:00,,IN_MAINLINE,0468: defer CUDA resampling resident state download to caller,
candidate:numeric:0469:commit-dd9e731b0501,0469,0469,NUMERIC,CANDIDATE,A,4,dd9e731b0501d28fa5e19af8d4cc2f3f2d99e18b,2026-07-05T00:05:12+02:00,2026-07-05T00:05:12+02:00,,IN_MAINLINE,0469: add CUDA resampling resident no-final-download probe,
candidate:numeric:0470:commit-ab2a901ac8f7,0470,0470,NUMERIC,CANDIDATE,A,4,ab2a901ac8f707b88c652c64cb123b7829d5d3eb,2026-07-05T01:10:27+02:00,2026-07-05T01:10:27+02:00,,IN_MAINLINE,0470: add resident CUDA upstream-coupled resampling probe,
candidate:numeric:0471:commit-191eae3c9bc2,0471,0471,NUMERIC,CANDIDATE,A,4,191eae3c9bc2d3ad571beeafd1b5fc5cb2cbb541,2026-07-05T01:27:41+02:00,2026-07-05T01:27:41+02:00,,IN_MAINLINE,0471: add direct-state commit path for CUDA resampling,
candidate:numeric:0472:commit-71a39fe713ae,0472,0472,NUMERIC,CANDIDATE,A,4,71a39fe713aec40facf01697d91900e8c0229af8,2026-07-05T02:17:05+02:00,2026-07-05T02:17:05+02:00,,IN_MAINLINE,0472: use shared CUDA state fast sync for resampling,
candidate:numeric:0473:commit-cb50a02ecef7,0473,0473,NUMERIC,CANDIDATE,A,4,cb50a02ecef79e1218025cc0f14494e8c05d7f8d,2026-07-05T02:48:58+02:00,2026-07-05T02:48:58+02:00,,IN_MAINLINE,0473: add host patchback fast commit for CUDA resampling,
candidate:numeric:0474:commit-3755d190c6fb,0474,0474,NUMERIC,CANDIDATE,A,4,3755d190c6fbb2f83f9a13737c75f6b68d67e5c4,2026-07-05T10:33:09+02:00,2026-07-05T10:33:09+02:00,,IN_MAINLINE,0474: reuse shared CUDA state in upstream resampling gate,
candidate:numeric:0475:commit-473b7ca7d5a6,0475,0475,NUMERIC,CANDIDATE,A,4,473b7ca7d5a696da688bd605ab73a6c4df54dbd7,2026-07-05T11:26:55+02:00,2026-07-05T11:26:55+02:00,,IN_MAINLINE,0475: add shared-state cell-list materializer for CUDA resampling,
candidate:numeric:0478:commit-2e717388c0e1,0478,0478,NUMERIC,CANDIDATE,A,1,2e717388c0e17b8788e2558d7cfcf9ad87bf4ef7,2026-07-05T12:42:08+02:00,2026-07-05T12:42:08+02:00,,IN_MAINLINE,0478: wire run_ok scripts to resident resampling path,
candidate:numeric:0479:commit-474307e98344,0479,0479,NUMERIC,CANDIDATE,A,1,474307e9834462cf8cd85a90aa6f53e54177b170,2026-07-05T12:47:00+02:00,2026-07-05T12:47:00+02:00,,IN_MAINLINE,0479: reuse cell map in post-remap deposit,
candidate:numeric:0480:commit-3858eb2c79af,0480,0480,NUMERIC,CANDIDATE,A,1,3858eb2c79af4a7447c27bfe9dd4b6382d657fd1,2026-07-05T12:52:45+02:00,2026-07-05T12:52:45+02:00,,IN_MAINLINE,0480: size CUDA carrier buffers to compact operations,
candidate:numeric:0481:commit-87948c79dc2b,0481,0481,NUMERIC,CANDIDATE,A,1,87948c79dc2b594788110379937b9fbd5a6e410c,2026-07-05T13:30:45+02:00,2026-07-05T13:30:45+02:00,,IN_MAINLINE,0481: remove redundant CUDA guard synchronizations,
candidate:numeric:0482:commit-b4d0a77a076b,0482,0482,NUMERIC,CANDIDATE,A,1,b4d0a77a076b78c6808e9d3ffc39123593f064d6,2026-07-05T13:34:47+02:00,2026-07-05T13:34:47+02:00,,IN_MAINLINE,0482: remove redundant resident Q6 synchronizations,
candidate:numeric:0483:commit-04784e6f38c6,0483,0483,NUMERIC,CANDIDATE,A,1,04784e6f38c6d815a9667964cdaa4fa00645ab2a,2026-07-05T20:16:04+02:00,2026-07-05T20:16:04+02:00,,IN_MAINLINE,0483: fuse resident remap target and mass kernels,
candidate:numeric:0483:commit-3cc075f60c23,0483,0483,NUMERIC,CANDIDATE,A,5,3cc075f60c23817f9770a771b9d10e318755f61b,2026-07-05T20:16:12+02:00,2026-07-05T20:16:12+02:00,,IN_MAINLINE,0483: add resident remap fusion validation matrix,
candidate:numeric:0483:commit-0cc70351febb,0483,0483,NUMERIC,CANDIDATE,A,1,0cc70351febbcae6180d3fb8ae8d675af7941d8f,2026-07-05T20:26:43+02:00,2026-07-05T20:26:43+02:00,,IN_MAINLINE,optimisation end prev stripping diagnostics,
candidate:numeric:0483b:commit-0cc70351febb,0483b,0483b,NUMERIC,CANDIDATE,A,3,0cc70351febbcae6180d3fb8ae8d675af7941d8f,2026-07-05T20:26:43+02:00,2026-07-05T20:26:43+02:00,,IN_MAINLINE,optimisation end prev stripping diagnostics,
candidate:numeric:0484:commit-60e54c87f76c,0484,0484,NUMERIC,CANDIDATE,A,4,60e54c87f76c1d45709d9bd6a4c306e87339cdc0,2026-07-05T21:53:58+02:00,2026-07-05T21:53:58+02:00,,IN_MAINLINE,0484: strip production resampling diagnostics,
candidate:numeric:0485:commit-1681c6f70417,0485,0485,NUMERIC,CANDIDATE,A,1,1681c6f70417b94449caf92dca50ba26e71e867d,2026-07-22T17:44:31+02:00,2026-07-22T17:44:31+02:00,,IN_MAINLINE,modifications scripts run_ok_* pour validation,
candidate:numeric:0486:commit-1681c6f70417,0486,0486,NUMERIC,CANDIDATE,A,4,1681c6f70417b94449caf92dca50ba26e71e867d,2026-07-22T17:44:31+02:00,2026-07-22T17:44:31+02:00,,IN_MAINLINE,modifications scripts run_ok_* pour validation,
candidate:numeric:0487:commit-1681c6f70417,0487,0487,NUMERIC,CANDIDATE,A,2,1681c6f70417b94449caf92dca50ba26e71e867d,2026-07-22T17:44:31+02:00,2026-07-22T17:44:31+02:00,,IN_MAINLINE,modifications scripts run_ok_* pour validation,
candidate:numeric:0487c:commit-9c5cdfbd17e4,0487c,0487c,NUMERIC,CANDIDATE,A,1,9c5cdfbd17e415ef2ef5c067549b4dc4ff56c224,2026-07-05T22:37:05+02:00,2026-07-05T22:37:05+02:00,,IN_MAINLINE,0487c: default run_ok scripts to livevis binary,
candidate:numeric:0487c:commit-1681c6f70417,0487c,0487c,NUMERIC,CANDIDATE,A,1,1681c6f70417b94449caf92dca50ba26e71e867d,2026-07-22T17:44:31+02:00,2026-07-22T17:44:31+02:00,,IN_MAINLINE,modifications scripts run_ok_* pour validation,
candidate:numeric:0490a:commit-cb8a4cbf8774,0490a,0490a,NUMERIC,CURATED,A,3,cb8a4cbf877449ec0b744bde4b8b5e427b304f81,2026-07-22T18:55:21+02:00,2026-07-22T18:55:21+02:00,milestone:history:0490a,IN_MAINLINE,0490a: add species registry scaffold and diagnostics,linked by unique numeric-label curation
candidate:numeric:0490b:commit-545fc6232939,0490b,0490b,NUMERIC,CURATED,A,5,545fc6232939afda5e9746d7ff13491d4ff8024a,2026-07-22T19:13:07+02:00,2026-07-22T19:13:07+02:00,milestone:history:0490b,IN_MAINLINE,0490b: add per-species cell deposit and composition diagnostics,linked by unique numeric-label curation
candidate:numeric:0490c:commit-58029bd58881,0490c,0490c,NUMERIC,CURATED,A,3,58029bd588813ff797c96f73c23267b011bd1ec5,2026-07-22T21:00:15+02:00,2026-07-22T21:00:15+02:00,milestone:history:0490c,IN_MAINLINE,0490c: make resampling species-conservative,linked by unique numeric-label curation
candidate:numeric:0490d:commit-31666789d28d,0490d,0490d,NUMERIC,CURATED,A,3,31666789d28d3a0be5df23705eb340bb249b3253,2026-07-22T21:22:41+02:00,2026-07-22T21:22:41+02:00,milestone:history:0490d,IN_MAINLINE,0490d: add phase-aware species mass closure,linked by unique numeric-label curation
candidate:numeric:0490e:commit-4601ad492be5,0490e,0490e,NUMERIC,CURATED,A,3,4601ad492be5f56f083916a70e2a2b85a6f4f593,2026-07-22T21:46:53+02:00,2026-07-22T21:46:53+02:00,milestone:history:0490e,IN_MAINLINE,0490e: add species-aware population guard,linked by unique numeric-label curation
candidate:numeric:0490f:commit-6d9c83f0df4f,0490f,0490f,NUMERIC,CURATED,A,3,6d9c83f0df4f2cb3cf410acd58fc5b123b25e63b,2026-07-22T22:23:07+02:00,2026-07-22T22:23:07+02:00,milestone:history:0490f,IN_MAINLINE,0490f: add mixed-species composition refill,linked by unique numeric-label curation
candidate:numeric:0490g:commit-d30281e7a17c,0490g,0490g,NUMERIC,CURATED,A,3,d30281e7a17c8868ee9206d45c7c57fea7d1f430,2026-07-22T22:41:58+02:00,2026-07-22T22:41:58+02:00,milestone:history:0490g,IN_MAINLINE,0490g: add species-aware donor receiver transfers,linked by unique numeric-label curation
candidate:numeric:0490h:commit-12c471b1e292,0490h,0490h,NUMERIC,CURATED,A,5,12c471b1e292b4ffb5c517ac2d4127b2801b82bd,2026-07-22T23:01:58+02:00,2026-07-22T23:01:58+02:00,milestone:history:0490h,IN_MAINLINE,0490h: add resident CUDA species cell deposit,linked by unique numeric-label curation
candidate:numeric:0490i:commit-1c3f10b53731,0490i,0490i,NUMERIC,CURATED,A,5,1c3f10b537319b5eaccde6a3becb4ab991584051,2026-07-22T23:30:15+02:00,2026-07-22T23:30:15+02:00,milestone:history:0490i,IN_MAINLINE,0490i: add resident CUDA species mass closure,linked by unique numeric-label curation
candidate:numeric:0490j:commit-5295fc791617,0490j,0490j,NUMERIC,CURATED,A,3,5295fc791617dab7188ef98b4c5b27afeb812d75,2026-07-23T00:01:20+02:00,2026-07-23T00:01:20+02:00,milestone:history:0490j,IN_MAINLINE,0490j: add resident CUDA species population guard,linked by unique numeric-label curation
candidate:numeric:0490k:commit-3004c6f98ca7,0490k,0490k,NUMERIC,CURATED,A,5,3004c6f98ca74f5e586a8ca52c2832384266f925,2026-07-23T00:29:17+02:00,2026-07-23T00:29:17+02:00,milestone:history:0490k,IN_MAINLINE,0490k: add native CUDA species transfer plan,linked by unique numeric-label curation
candidate:numeric:0490l:commit-d0c2de1fbc7a,0490l,0490l,NUMERIC,CURATED,A,3,d0c2de1fbc7a86a1e48704b97c7553d3f492dab9,2026-07-23T17:37:22+02:00,2026-07-23T17:37:22+02:00,milestone:history:0490l,IN_MAINLINE,0490l: validate strict resident CUDA species resampling,linked by unique numeric-label curation
candidate:numeric:0490m:commit-3d7ce88b7893,0490m,0490m,NUMERIC,CURATED,A,5,3d7ce88b78939ce07060c07986455ba9d4926fd8,2026-07-23T18:46:18+02:00,2026-07-23T18:46:18+02:00,milestone:history:0490m,IN_MAINLINE,0490m: add fast resident CUDA species resampling path,linked by unique numeric-label curation
candidate:numeric:0490n:commit-ab945606f836,0490n,0490n,NUMERIC,CURATED,A,5,ab945606f836cc9e95a0f93ec019bd5b984b43cf,2026-07-23T19:32:18+02:00,2026-07-23T19:32:18+02:00,milestone:history:0490n,IN_MAINLINE,0490n: add resident CUDA species deposits and pool maintenance,linked by unique numeric-label curation
candidate:numeric:0490n-fix1:commit-db9e0f45f9d0,0490n-fix1,0490n-fix1,NUMERIC,CURATED,A,2,db9e0f45f9d0771a2d6dcaa01364d70fb44a2f66,2026-07-23T23:20:59+02:00,2026-07-23T23:20:59+02:00,milestone:history:0490n-fix1,IN_MAINLINE,0490n-fix1: use resident species telemetry,linked by unique numeric-label curation
candidate:numeric:0490n-fix2:commit-e735f82f86f8,0490n-fix2,0490n-fix2,NUMERIC,CURATED,A,4,e735f82f86f8a6787f6e48d1cbf2c8d37c79835b,2026-07-24T00:12:36+02:00,2026-07-24T00:12:36+02:00,milestone:history:0490n-fix2,IN_MAINLINE,0490n-fix2: handle grouped multi-transfer coverage,linked by unique numeric-label curation
candidate:numeric:0490p:commit-36abd23c9d53,0490p,0490p,NUMERIC,CURATED,A,4,36abd23c9d53667d07cc3a2bda9e612de9c9fd8a,2026-07-24T10:45:08+02:00,2026-07-24T10:45:08+02:00,milestone:history:0490p,IN_MAINLINE,0490p: move species cell policy fully to CUDA,linked by curated source-file introduction evidence
candidate:numeric:0491a:commit-a30faac79bc6,0491a,0491a,NUMERIC,CURATED,A,4,a30faac79bc613b410b39d8c8698eabf32285d0b,2026-07-24T16:12:12+02:00,2026-07-24T16:12:12+02:00,milestone:history:0491a,IN_MAINLINE,Q6 species sensitive,linked by unique numeric-label curation
candidate:numeric:0491h:commit-a30faac79bc6,0491h,0491h,NUMERIC,CURATED,A,4,a30faac79bc613b410b39d8c8698eabf32285d0b,2026-07-24T16:12:12+02:00,2026-07-24T16:12:12+02:00,milestone:history:0491h,IN_MAINLINE,Q6 species sensitive,linked by unique numeric-label curation
candidate:numeric:0491h-fix1:commit-2fb9c30bde70,0491h-fix1,0491h-fix1,NUMERIC,CURATED,A,5,2fb9c30bde70017f10b2f30ec6682d1d6c794f71,2026-07-24T23:03:08+02:00,2026-07-24T23:03:08+02:00,milestone:history:0491h-fix1,IN_MAINLINE,0491h-fix1: deepen species-sensitive Q6 qualification,linked by unique numeric-label curation
candidate:numeric:0492:commit-aa0a4a0a42f3,0492,0492,NUMERIC,CURATED,A,2,aa0a4a0a42f3370f920ae2e1fa1bcb4939ec9140,2026-07-25T17:42:41+02:00,2026-07-25T17:42:41+02:00,milestone:history:0492,IN_MAINLINE,etat intermediaire resampling multiespeces delete fast/compatible,linked by unique numeric-label curation
candidate:numeric:0493a:commit-aa0a4a0a42f3,0493a,0493a,NUMERIC,CURATED,A,2,aa0a4a0a42f3370f920ae2e1fa1bcb4939ec9140,2026-07-25T17:42:41+02:00,2026-07-25T17:42:41+02:00,milestone:history:0493a,IN_MAINLINE,etat intermediaire resampling multiespeces delete fast/compatible,linked by unique numeric-label curation
candidate:numeric:0493b:commit-7da2eec23657,0493b,0493b,NUMERIC,CURATED,A,4,7da2eec236570f31f51814e186cbed30227273e4,2026-07-25T22:25:25+02:00,2026-07-25T22:25:25+02:00,milestone:history:0493b,IN_MAINLINE,0493b: universal CUDA-resident per-species resampling,linked by unique numeric-label curation
candidate:numeric:0493c:commit-95eda1899e8b,0493c,0493c,NUMERIC,CURATED,A,7,95eda1899e8b88be4287aa894cbfb4ddb01b0cbf,2026-07-25T23:20:36+02:00,2026-07-25T23:20:36+02:00,milestone:history:0493c,IN_MAINLINE,0493c: qualify resident resampling with Darcy chi scope,linked by unique numeric-label curation
candidate:numeric:0493c-fix3:commit-1a705cb78eb1,0493c-fix3,0493c-fix3,NUMERIC,CURATED,A,1,1a705cb78eb175d743da0429fd5ab163e7eedd87,2026-07-25T23:48:20+02:00,2026-07-25T23:48:20+02:00,milestone:history:0493c-fix3,IN_MAINLINE,0493c-fix3: align medium population guard with gamma,linked by unique numeric-label curation
candidate:numeric:0493d-fix1:commit-95f408ab1a21,0493d-fix1,0493d-fix1,NUMERIC,CURATED,A,1,95f408ab1a215cccdc0255b9b5f1a69027eaa681,2026-07-26T15:47:52+02:00,2026-07-26T15:47:52+02:00,milestone:history:0493d-fix1,IN_MAINLINE,0493d-fix1: parallelize resident species resampling selection,linked by unique numeric-label curation
candidate:numeric:0493e:commit-7c5e63290ff4,0493e,0493e,NUMERIC,CURATED,A,4,7c5e63290ff477de6edb1ccafdbc28a3119fa66b,2026-07-26T15:53:22+02:00,2026-07-26T15:53:22+02:00,milestone:history:0493e,IN_MAINLINE,0493e-g: add mono and multi-species resampling physics qualification,linked by unique numeric-label curation
candidate:numeric:0493f:commit-7c5e63290ff4,0493f,0493f,NUMERIC,CURATED,A,3,7c5e63290ff477de6edb1ccafdbc28a3119fa66b,2026-07-26T15:53:22+02:00,2026-07-26T15:53:22+02:00,milestone:history:0493f,IN_MAINLINE,0493e-g: add mono and multi-species resampling physics qualification,linked by unique numeric-label curation
candidate:numeric:0493g:commit-33e60513a6de,0493g,0493g,NUMERIC,CANDIDATE,A,1,33e60513a6de014cfeef23df767eb50ee5ce3bca,2026-07-26T15:49:36+02:00,2026-07-26T15:49:36+02:00,,IN_MAINLINE,0493g: restore moments independently per species,
candidate:numeric:0493g:commit-7c5e63290ff4,0493g,0493g,NUMERIC,CURATED,A,3,7c5e63290ff477de6edb1ccafdbc28a3119fa66b,2026-07-26T15:53:22+02:00,2026-07-26T15:53:22+02:00,milestone:history:0493g,IN_MAINLINE,0493e-g: add mono and multi-species resampling physics qualification,linked by curated source-file introduction evidence
candidate:numeric:0493h:commit-6ee2e45825ef,0493h,0493h,NUMERIC,CURATED,A,4,6ee2e45825efd7fdf13b04898c89876be8a82932,2026-07-26T19:38:28+02:00,2026-07-26T19:38:28+02:00,milestone:history:0493h,IN_MAINLINE,0493h-j: conserve resident species kinetic energy,linked by unique numeric-label curation
candidate:numeric:0493j:commit-6ee2e45825ef,0493j,0493j,NUMERIC,CURATED,A,1,6ee2e45825efd7fdf13b04898c89876be8a82932,2026-07-26T19:38:28+02:00,2026-07-26T19:38:28+02:00,milestone:history:0493j,IN_MAINLINE,0493h-j: conserve resident species kinetic energy,linked by unique numeric-label curation
candidate:numeric:0493k:commit-eac470a5cca3,0493k,0493k,NUMERIC,CANDIDATE,A,4,eac470a5cca38583a77cfd7d63fa24576fef3af5,2026-07-27T19:51:46+02:00,2026-07-27T19:51:46+02:00,,IN_MAINLINE,etat avant refonte du resampling,
candidate:numeric:0493l:commit-eac470a5cca3,0493l,0493l,NUMERIC,CANDIDATE,A,3,eac470a5cca38583a77cfd7d63fa24576fef3af5,2026-07-27T19:51:46+02:00,2026-07-27T19:51:46+02:00,,IN_MAINLINE,etat avant refonte du resampling,
candidate:numeric:0493m:commit-eac470a5cca3,0493m,0493m,NUMERIC,CANDIDATE,A,4,eac470a5cca38583a77cfd7d63fa24576fef3af5,2026-07-27T19:51:46+02:00,2026-07-27T19:51:46+02:00,,IN_MAINLINE,etat avant refonte du resampling,
candidate:numeric:0493n:commit-eac470a5cca3,0493n,0493n,NUMERIC,CANDIDATE,A,3,eac470a5cca38583a77cfd7d63fa24576fef3af5,2026-07-27T19:51:46+02:00,2026-07-27T19:51:46+02:00,,IN_MAINLINE,etat avant refonte du resampling,
candidate:numeric:0493o0:commit-eac470a5cca3,0493o0,0493o0,NUMERIC,CURATED,A,5,eac470a5cca38583a77cfd7d63fa24576fef3af5,2026-07-27T19:51:46+02:00,2026-07-27T19:51:46+02:00,milestone:history:0493o0,IN_MAINLINE,etat avant refonte du resampling,linked by unique numeric-label curation
candidate:numeric:0493o1:commit-d57a68bb6fed,0493o1,0493o1,NUMERIC,CURATED,A,6,d57a68bb6fed3b9996b2e08eeef8ddb1c218d667,2026-07-28T23:25:09+02:00,2026-07-28T23:25:09+02:00,milestone:history:0493o1,IN_MAINLINE,0493o1-o3: checkpoint target-driven species Neff split guard,linked by unique numeric-label curation
candidate:numeric:0493o3:commit-d57a68bb6fed,0493o3,0493o3,NUMERIC,CURATED,A,3,d57a68bb6fed3b9996b2e08eeef8ddb1c218d667,2026-07-28T23:25:09+02:00,2026-07-28T23:25:09+02:00,milestone:history:0493o3,IN_MAINLINE,0493o1-o3: checkpoint target-driven species Neff split guard,linked by unique numeric-label curation
candidate:numeric:0493o4:commit-b65b44b29537,0493o4,0493o4,NUMERIC,CURATED,A,2,b65b44b295370ab797d6a44b79972d20d5bd8f82,2026-07-28T23:31:29+02:00,2026-07-28T23:31:29+02:00,milestone:history:0493o4,IN_MAINLINE,0493o4: restore segmented Darcy support-repair qualification,linked by unique numeric-label curation
candidate:numeric:0493o5:commit-d57a68bb6fed,0493o5,0493o5,NUMERIC,CANDIDATE,A,1,d57a68bb6fed3b9996b2e08eeef8ddb1c218d667,2026-07-28T23:25:09+02:00,2026-07-28T23:25:09+02:00,,IN_MAINLINE,0493o1-o3: checkpoint target-driven species Neff split guard,
candidate:numeric:0493w0:commit-fcd24d9724e0,0493w0,0493w0,NUMERIC,CURATED,A,5,fcd24d9724e0299bf309b92dd94116b4b85d0ee0,2026-07-28T23:44:04+02:00,2026-07-28T23:44:04+02:00,milestone:history:0493w0,IN_MAINLINE,0493w0-w1: add SRC fluid regime sweep and calibrator,linked by unique numeric-label curation
candidate:numeric:0493w1:commit-fcd24d9724e0,0493w1,0493w1,NUMERIC,CURATED,A,7,fcd24d9724e0299bf309b92dd94116b4b85d0ee0,2026-07-28T23:44:04+02:00,2026-07-28T23:44:04+02:00,milestone:history:0493w1,IN_MAINLINE,0493w0-w1: add SRC fluid regime sweep and calibrator,linked by curated source-file introduction evidence
candidate:numeric:0493w2:commit-16ba34f537bf,0493w2,0493w2,NUMERIC,CURATED,A,2,16ba34f537bf142b4f875ba0c5d99c6b55fefc73,2026-07-30T11:36:36+02:00,2026-07-30T11:36:36+02:00,milestone:history:0493w2,IN_MAINLINE,0493w2: add calibrated segmented Darcy reference runner,linked by unique numeric-label curation
candidate:numeric:0493w3:commit-9355b6be19ec,0493w3,0493w3,NUMERIC,CURATED,A,1,9355b6be19ec9442201e4d8d3a5eb58a0d955495,2026-07-30T11:23:33+02:00,2026-07-30T11:23:33+02:00,milestone:history:0493w3,IN_MAINLINE,0493w3: repair segmented inlet partial-cell injection,linked by unique numeric-label curation
candidate:numeric:0493w5:commit-b389834cef39,0493w5,0493w5,NUMERIC,CURATED,A,3,b389834cef3926adb2d1db68ff25b2227757dd16,2026-07-30T20:44:23+02:00,2026-07-30T20:44:23+02:00,milestone:history:0493w5,IN_MAINLINE,0493w7: add independent masked multispecies Q6 across boundary conditions,linked by unique numeric-label curation
candidate:numeric:0493w6:commit-b389834cef39,0493w6,0493w6,NUMERIC,CURATED,A,3,b389834cef3926adb2d1db68ff25b2227757dd16,2026-07-30T20:44:23+02:00,2026-07-30T20:44:23+02:00,milestone:history:0493w6,IN_MAINLINE,0493w7: add independent masked multispecies Q6 across boundary conditions,linked by unique numeric-label curation
candidate:numeric:0493w7:commit-b389834cef39,0493w7,0493w7,NUMERIC,CURATED,A,4,b389834cef3926adb2d1db68ff25b2227757dd16,2026-07-30T20:44:23+02:00,2026-07-30T20:44:23+02:00,milestone:history:0493w7,IN_MAINLINE,0493w7: add independent masked multispecies Q6 across boundary conditions,linked by unique numeric-label curation
candidate:numeric:0493w8:commit-caa5b6b632fd,0493w8,0493w8,NUMERIC,CURATED,A,5,caa5b6b632fdff297658e7a989b78452a55d6b87,2026-07-30T23:42:16+02:00,2026-07-30T23:42:16+02:00,milestone:history:0493w8,IN_MAINLINE,0493w8: qualify mono and dual identical independent masked Q6,linked by curated source-file introduction evidence
candidate:x:x1,x1,x1,X,LINKED,A,4,bac519e7292fd9c8dc1e91af4c3aa57f15db4acc,2026-08-04T20:45:01+02:00,2026-08-26T22:36:11+02:00,milestone:0493x1,IN_MAINLINE,0493x1: add CUDA resident closed-box support and dam-break demo,
candidate:x:x10o,x10o,x10o,X,LINKED,A,10,8f587696bac0f48a813025e5cb364603ba6cfeba,2026-08-22T17:35:47+02:00,2026-08-29T21:42:43+02:00,milestone:0493x10o,IN_MAINLINE,surface tension quantif.validated particle evaporation trated,
candidate:x:x10p,x10p,x10p,X,LINKED,A,5,8f587696bac0f48a813025e5cb364603ba6cfeba,2026-08-22T17:35:47+02:00,2026-08-31T22:22:09+02:00,milestone:0493x10p,IN_MAINLINE,surface tension quantif.validated particle evaporation trated,
candidate:x:x10u,x10u,x10u,X,LINKED,A,2,7655b81b1b2fd16eecefa8d8b3bebac4cd9f87f1,2026-08-29T21:42:43+02:00,2026-09-02T20:35:39+02:00,milestone:0493x10u,IN_MAINLINE,one-for_one swap normal only & validation scripts for surf. tension (osc. droplet and TC,
candidate:x:x10v,x10v,x10v,X,LINKED,A,2,7655b81b1b2fd16eecefa8d8b3bebac4cd9f87f1,2026-08-29T21:42:43+02:00,2026-08-29T21:42:43+02:00,milestone:0493x10v,IN_MAINLINE,one-for_one swap normal only & validation scripts for surf. tension (osc. droplet and TC,
candidate:x:x12a,x12a,x12a,X,LINKED,A,22,5fea55644b841a0bd0c04ad8be908d04b3bbd6b6,2026-08-26T22:36:11+02:00,2026-08-29T21:42:43+02:00,milestone:0493x12a,IN_MAINLINE,"force parasite corrigée par refroidissement de petites gouttes, calibrateur sigma à perfectionner, campagne JFM lancée",
candidate:x:x13h-20260831,x13h-20260831,x13h-20260831,X,CANDIDATE,A,1,7655b81b1b2fd16eecefa8d8b3bebac4cd9f87f1,2026-08-29T21:42:43+02:00,2026-08-29T21:42:43+02:00,,IN_MAINLINE,one-for_one swap normal only & validation scripts for surf. tension (osc. droplet and TC,
candidate:x:x14v,x14v,x14v,X,LINKED,A,7,5dd346136d2da9d69952b9cade7ed8eb91a2b93f,2026-09-03T12:12:36+02:00,2026-09-04T19:24:52+02:00,milestone:0493x14v,IN_MAINLINE,0493x14v/x14w: add gas kinetic excess transfer and Couette qualifier,
candidate:x:x6f2,x6f2,x6f2,X,LINKED,A,4,5320867c4d108b46e18e365d56ccfc05cf302325,2026-08-09T01:14:33+02:00,2026-08-26T22:36:11+02:00,milestone:0493x6f2,IN_MAINLINE,0493x6f2: separate bounded phase geometry from raw occupancy,
candidate:x:x6h,x6h,x6h,X,CANDIDATE,A,2,e2a947f7f64ae2b95c627d5fad76a030c9e795b9,2026-08-09T11:07:33+02:00,2026-08-09T11:07:33+02:00,,IN_MAINLINE,0493x6h: fix low-wall Q6 reconstruction and add RT0 face-to-particle mapping,
candidate:x:x7j,x7j,x7j,X,LINKED,A,3,24aa33cc60514c4237756a320787b6ba65236b4b,2026-08-10T15:15:12+02:00,2026-08-26T22:36:11+02:00,milestone:0493x7j,IN_MAINLINE,runners demo/validation + patch efficacité q6-6-g-f,
candidate:x:x7k-x7l,x7k-x7l,x7k-x7l,X,CANDIDATE,A,1,f12cfe7c65e4acffdfb4a7040dc291dfd3f1e908,2026-08-10T17:30:40+02:00,2026-08-10T17:30:40+02:00,,IN_MAINLINE,0493x7k-x7l: strip Q6-g-f production diagnostics telemetry,
candidate:x:x8c,x8c,x8c,X,LINKED,A,5,3bd07c80352ef36cb5be2658b4f02e3ebcb09a8f,2026-08-14T14:35:17+02:00,2026-08-26T22:36:11+02:00,milestone:0493x8c,IN_MAINLINE,daignostics of momentum loss,
candidate:x:x8k,x8k,x8k,X,LINKED,A,3,db1a9ec959db69d4c909dd14364b06a02f10d6d4,2026-08-15T18:58:07+02:00,2026-08-16T18:16:37+02:00,milestone:0493x8k,IN_MAINLINE,0493x8k: add local Poiseuille profiles to segmented inlets,
candidate:x:x8q-x8t,x8q-x8t,x8q-x8t,X,CANDIDATE,A,2,a34dfdc862bd8bbd8d87a13c3a320fe1150daf72,2026-08-16T18:16:37+02:00,2026-08-16T18:44:01+02:00,,IN_MAINLINE,0493x8q-x8t: complete passive Neumann outlet for Q6GF,
candidate:x:x9g,x9g,x9g,X,LINKED,A,3,240c2e6e0f267f9314aab1634799629ce07f66ab,2026-08-17T22:30:48+02:00,2026-08-17T22:30:48+02:00,milestone:0493x9g,IN_MAINLINE,0493x9g: generalize capillary interface to phase pairs,
candidate:x:x9h,x9h,x9h,X,LINKED,A,3,3c78e280e85b7f220c8b932cad0da04857edfe57,2026-08-17T22:53:05+02:00,2026-08-17T22:53:05+02:00,milestone:0493x9h,IN_MAINLINE,0493x9h: add generic wall geometry provider,
candidate:numeric:0001:commit-c8148c763ac5,0001,0001,NUMERIC,CANDIDATE,B,1,c8148c763ac55b14cffa67dc1e9bf6a9618008bd,2026-06-20T11:54:57+02:00,2026-06-20T11:54:57+02:00,,IN_MAINLINE,0360: add CUDA topology resampling clean branch state,
candidate:numeric:0002:commit-c8148c763ac5,0002,0002,NUMERIC,CANDIDATE,B,1,c8148c763ac55b14cffa67dc1e9bf6a9618008bd,2026-06-20T11:54:57+02:00,2026-06-20T11:54:57+02:00,,IN_MAINLINE,0360: add CUDA topology resampling clean branch state,
candidate:numeric:0005:commit-b142984dfb98,0005,0005,NUMERIC,CANDIDATE,B,1,b142984dfb9851d1d3ba02f5945893db4eaea085,2026-05-22T18:21:13+02:00,2026-05-22T18:21:13+02:00,,IN_MAINLINE,Move Q9 elliptic low-pass filtering into generic elliptic core,
candidate:numeric:0005:commit-4d84d8bf2e6b,0005,0005,NUMERIC,CANDIDATE,B,1,4d84d8bf2e6b9f454e923305b32b8fd66c173e6e,2026-06-04T08:26:29+02:00,2026-06-04T08:26:29+02:00,,UNIQUE_OUTSIDE_MAINLINE,baseline: clean/openmp-light snapshot after 0176-0183,
candidate:numeric:0006:commit-a9ed7f67e921,0006,0006,NUMERIC,CANDIDATE,B,1,a9ed7f67e921cb7bb59be3fb7ff58c5fc033f07a,2026-05-21T15:49:19+02:00,2026-05-21T15:49:19+02:00,,IN_MAINLINE,Add rectangular wall virtual particles,
candidate:numeric:0010:commit-b142984dfb98,0010,0010,NUMERIC,CANDIDATE,B,1,b142984dfb9851d1d3ba02f5945893db4eaea085,2026-05-22T18:21:13+02:00,2026-05-22T18:21:13+02:00,,IN_MAINLINE,Move Q9 elliptic low-pass filtering into generic elliptic core,
candidate:numeric:0010:commit-4d84d8bf2e6b,0010,0010,NUMERIC,CANDIDATE,B,1,4d84d8bf2e6b9f454e923305b32b8fd66c173e6e,2026-06-04T08:26:29+02:00,2026-06-04T08:26:29+02:00,,UNIQUE_OUTSIDE_MAINLINE,baseline: clean/openmp-light snapshot after 0176-0183,
candidate:numeric:0020:commit-b142984dfb98,0020,0020,NUMERIC,CANDIDATE,B,1,b142984dfb9851d1d3ba02f5945893db4eaea085,2026-05-22T18:21:13+02:00,2026-05-22T18:21:13+02:00,,IN_MAINLINE,Move Q9 elliptic low-pass filtering into generic elliptic core,
candidate:numeric:0020:commit-4d84d8bf2e6b,0020,0020,NUMERIC,CANDIDATE,B,1,4d84d8bf2e6b9f454e923305b32b8fd66c173e6e,2026-06-04T08:26:29+02:00,2026-06-04T08:26:29+02:00,,UNIQUE_OUTSIDE_MAINLINE,baseline: clean/openmp-light snapshot after 0176-0183,
candidate:numeric:0029:commit-c6f51d6ecb22,0029,0029,NUMERIC,CANDIDATE,B,1,c6f51d6ecb2206b0d76b595af995b075da18f266,2026-05-22T14:42:35+02:00,2026-05-22T14:42:35+02:00,,IN_MAINLINE,Add periodic Q6 adapter using generic elliptic projection core,
candidate:numeric:0030:commit-40bdb5cae27f,0030,0030,NUMERIC,CANDIDATE,B,1,40bdb5cae27fc12195685446642263379e0885d0,2026-05-22T15:29:06+02:00,2026-05-22T15:29:06+02:00,,IN_MAINLINE,Add high-SNR Taylor-Green Q6 validation run,
candidate:numeric:0045b:commit-26782dc5683c,0045b,0045b,NUMERIC,CANDIDATE,B,1,26782dc5683cd2b15a7ddbe881ebeb0694d051d5,2026-05-23T09:55:21+02:00,2026-05-23T09:55:21+02:00,,IN_MAINLINE,Fix virial pressure ratios and add stress compression tests,
candidate:numeric:0050:commit-b142984dfb98,0050,0050,NUMERIC,CANDIDATE,B,1,b142984dfb9851d1d3ba02f5945893db4eaea085,2026-05-22T18:21:13+02:00,2026-05-22T18:21:13+02:00,,IN_MAINLINE,Move Q9 elliptic low-pass filtering into generic elliptic core,
candidate:numeric:0050:commit-4d84d8bf2e6b,0050,0050,NUMERIC,CANDIDATE,B,1,4d84d8bf2e6b9f454e923305b32b8fd66c173e6e,2026-06-04T08:26:29+02:00,2026-06-04T08:26:29+02:00,,UNIQUE_OUTSIDE_MAINLINE,baseline: clean/openmp-light snapshot after 0176-0183,
candidate:numeric:0061:commit-4d84d8bf2e6b,0061,0061,NUMERIC,CANDIDATE,B,1,4d84d8bf2e6b9f454e923305b32b8fd66c173e6e,2026-06-04T08:26:29+02:00,2026-06-04T08:26:29+02:00,,UNIQUE_OUTSIDE_MAINLINE,baseline: clean/openmp-light snapshot after 0176-0183,
candidate:numeric:0062:commit-4d84d8bf2e6b,0062,0062,NUMERIC,CANDIDATE,B,1,4d84d8bf2e6b9f454e923305b32b8fd66c173e6e,2026-06-04T08:26:29+02:00,2026-06-04T08:26:29+02:00,,UNIQUE_OUTSIDE_MAINLINE,baseline: clean/openmp-light snapshot after 0176-0183,
candidate:numeric:0063:commit-4d84d8bf2e6b,0063,0063,NUMERIC,CANDIDATE,B,1,4d84d8bf2e6b9f454e923305b32b8fd66c173e6e,2026-06-04T08:26:29+02:00,2026-06-04T08:26:29+02:00,,UNIQUE_OUTSIDE_MAINLINE,baseline: clean/openmp-light snapshot after 0176-0183,
candidate:numeric:0063b:commit-4d84d8bf2e6b,0063b,0063b,NUMERIC,CANDIDATE,B,1,4d84d8bf2e6b9f454e923305b32b8fd66c173e6e,2026-06-04T08:26:29+02:00,2026-06-04T08:26:29+02:00,,UNIQUE_OUTSIDE_MAINLINE,baseline: clean/openmp-light snapshot after 0176-0183,
candidate:numeric:0064:commit-4d84d8bf2e6b,0064,0064,NUMERIC,CANDIDATE,B,1,4d84d8bf2e6b9f454e923305b32b8fd66c173e6e,2026-06-04T08:26:29+02:00,2026-06-04T08:26:29+02:00,,UNIQUE_OUTSIDE_MAINLINE,baseline: clean/openmp-light snapshot after 0176-0183,
candidate:numeric:0064b:commit-4d84d8bf2e6b,0064b,0064b,NUMERIC,CANDIDATE,B,1,4d84d8bf2e6b9f454e923305b32b8fd66c173e6e,2026-06-04T08:26:29+02:00,2026-06-04T08:26:29+02:00,,UNIQUE_OUTSIDE_MAINLINE,baseline: clean/openmp-light snapshot after 0176-0183,
candidate:numeric:0065:commit-4d84d8bf2e6b,0065,0065,NUMERIC,CANDIDATE,B,3,4d84d8bf2e6b9f454e923305b32b8fd66c173e6e,2026-06-04T08:26:29+02:00,2026-06-04T08:26:29+02:00,,UNIQUE_OUTSIDE_MAINLINE,baseline: clean/openmp-light snapshot after 0176-0183,
candidate:numeric:0065b:commit-4d84d8bf2e6b,0065b,0065b,NUMERIC,CANDIDATE,B,1,4d84d8bf2e6b9f454e923305b32b8fd66c173e6e,2026-06-04T08:26:29+02:00,2026-06-04T08:26:29+02:00,,UNIQUE_OUTSIDE_MAINLINE,baseline: clean/openmp-light snapshot after 0176-0183,
candidate:numeric:0066:commit-110000620d57,0066,0066,NUMERIC,CANDIDATE,B,6,110000620d578db15f69f47f4cd6d7ffe4adb602,2026-05-24T22:05:57+02:00,2026-05-24T22:05:57+02:00,,IN_MAINLINE,0067 add hard inlet reservoir density control,
candidate:numeric:0066:commit-4d84d8bf2e6b,0066,0066,NUMERIC,CANDIDATE,B,6,4d84d8bf2e6b9f454e923305b32b8fd66c173e6e,2026-06-04T08:26:29+02:00,2026-06-04T08:26:29+02:00,,UNIQUE_OUTSIDE_MAINLINE,baseline: clean/openmp-light snapshot after 0176-0183,
candidate:numeric:0066b:commit-110000620d57,0066b,0066b,NUMERIC,CANDIDATE,B,1,110000620d578db15f69f47f4cd6d7ffe4adb602,2026-05-24T22:05:57+02:00,2026-05-24T22:05:57+02:00,,IN_MAINLINE,0067 add hard inlet reservoir density control,
candidate:numeric:0066b:commit-4d84d8bf2e6b,0066b,0066b,NUMERIC,CANDIDATE,B,1,4d84d8bf2e6b9f454e923305b32b8fd66c173e6e,2026-06-04T08:26:29+02:00,2026-06-04T08:26:29+02:00,,UNIQUE_OUTSIDE_MAINLINE,baseline: clean/openmp-light snapshot after 0176-0183,
candidate:numeric:0066c:commit-110000620d57,0066c,0066c,NUMERIC,CANDIDATE,B,1,110000620d578db15f69f47f4cd6d7ffe4adb602,2026-05-24T22:05:57+02:00,2026-05-24T22:05:57+02:00,,IN_MAINLINE,0067 add hard inlet reservoir density control,
candidate:numeric:0066c:commit-4d84d8bf2e6b,0066c,0066c,NUMERIC,CANDIDATE,B,1,4d84d8bf2e6b9f454e923305b32b8fd66c173e6e,2026-06-04T08:26:29+02:00,2026-06-04T08:26:29+02:00,,UNIQUE_OUTSIDE_MAINLINE,baseline: clean/openmp-light snapshot after 0176-0183,
candidate:numeric:0067:commit-4d84d8bf2e6b,0067,0067,NUMERIC,CANDIDATE,B,3,4d84d8bf2e6b9f454e923305b32b8fd66c173e6e,2026-06-04T08:26:29+02:00,2026-06-04T08:26:29+02:00,,UNIQUE_OUTSIDE_MAINLINE,baseline: clean/openmp-light snapshot after 0176-0183,
candidate:numeric:0067c:commit-4d84d8bf2e6b,0067c,0067c,NUMERIC,CANDIDATE,B,1,4d84d8bf2e6b9f454e923305b32b8fd66c173e6e,2026-06-04T08:26:29+02:00,2026-06-04T08:26:29+02:00,,UNIQUE_OUTSIDE_MAINLINE,baseline: clean/openmp-light snapshot after 0176-0183,
candidate:numeric:0067d:commit-4d84d8bf2e6b,0067d,0067d,NUMERIC,CANDIDATE,B,1,4d84d8bf2e6b9f454e923305b32b8fd66c173e6e,2026-06-04T08:26:29+02:00,2026-06-04T08:26:29+02:00,,UNIQUE_OUTSIDE_MAINLINE,baseline: clean/openmp-light snapshot after 0176-0183,
candidate:numeric:0067e:commit-4d84d8bf2e6b,0067e,0067e,NUMERIC,CANDIDATE,B,2,4d84d8bf2e6b9f454e923305b32b8fd66c173e6e,2026-06-04T08:26:29+02:00,2026-06-04T08:26:29+02:00,,UNIQUE_OUTSIDE_MAINLINE,baseline: clean/openmp-light snapshot after 0176-0183,
candidate:numeric:0069:commit-4d84d8bf2e6b,0069,0069,NUMERIC,CANDIDATE,B,5,4d84d8bf2e6b9f454e923305b32b8fd66c173e6e,2026-06-04T08:26:29+02:00,2026-06-04T08:26:29+02:00,,UNIQUE_OUTSIDE_MAINLINE,baseline: clean/openmp-light snapshot after 0176-0183,
candidate:numeric:0070:commit-dd6d4e4edc17,0070,0070,NUMERIC,CANDIDATE,B,1,dd6d4e4edc170fd929a8ac9a3c7f93da9a1e851f,2026-05-25T16:54:03+02:00,2026-05-25T16:54:03+02:00,,IN_MAINLINE,tests divers marche arrière,
candidate:numeric:0070:commit-4d84d8bf2e6b,0070,0070,NUMERIC,CANDIDATE,B,1,4d84d8bf2e6b9f454e923305b32b8fd66c173e6e,2026-06-04T08:26:29+02:00,2026-06-04T08:26:29+02:00,,UNIQUE_OUTSIDE_MAINLINE,baseline: clean/openmp-light snapshot after 0176-0183,
candidate:numeric:0088:commit-26bd5cfa615d,0088,0088,NUMERIC,CANDIDATE,B,1,26bd5cfa615d0cfb6c8747bd0793953426e0cd10,2026-05-26T11:16:06+02:00,2026-05-26T11:16:06+02:00,,IN_MAINLINE,validated BL inlet/outlet,
candidate:numeric:0100:commit-b142984dfb98,0100,0100,NUMERIC,CANDIDATE,B,1,b142984dfb9851d1d3ba02f5945893db4eaea085,2026-05-22T18:21:13+02:00,2026-05-22T18:21:13+02:00,,IN_MAINLINE,Move Q9 elliptic low-pass filtering into generic elliptic core,
candidate:numeric:0126:commit-91ad4a173ab7,0126,0126,NUMERIC,CANDIDATE,B,2,91ad4a173ab761ddea9996774545d61dc9263ea8,2026-05-30T01:26:00+02:00,2026-05-30T01:26:00+02:00,,IN_MAINLINE,Allow Taylor Green validation without MATLAB on WSL,
candidate:numeric:0127:commit-81b57df25e21,0127,0127,NUMERIC,CANDIDATE,B,1,81b57df25e21d81d4865430ce2bee7550ce3c32f,2026-05-30T01:55:23+02:00,2026-05-30T01:55:23+02:00,,IN_MAINLINE,Use init and runs directories for Taylor Green void rich validation,
candidate:numeric:0128:commit-80900664eb5b,0128,0128,NUMERIC,CANDIDATE,B,1,80900664eb5b495bc9b4a03a901e24c33a68f217,2026-05-30T02:50:33+02:00,2026-05-30T02:50:33+02:00,,IN_MAINLINE,Separate resampling switch and mass renormalization cadence,
candidate:numeric:0131:commit-5d7e78976a19,0131,0131,NUMERIC,CANDIDATE,B,1,5d7e78976a19c25aa5e2479ddcdcce3af0f352cb,2026-05-30T03:20:58+02:00,2026-05-30T03:20:58+02:00,,IN_MAINLINE,Add Poiseuille wallVP resampling validation,
candidate:numeric:0134:commit-f2c7037a87af,0134,0134,NUMERIC,CANDIDATE,B,2,f2c7037a87afa764c48c144da476bbd94fb3011d,2026-05-30T10:29:44+02:00,2026-05-30T10:29:44+02:00,,IN_MAINLINE,Add periodic immersed-cylinder resampling validation,
candidate:numeric:0136:commit-7140992320f4,0136,0136,NUMERIC,CANDIDATE,B,2,7140992320f418f40f7de153d55497af867de9f0,2026-05-30T11:17:49+02:00,2026-05-30T11:17:49+02:00,,IN_MAINLINE,Add backward-step resampling validation,
candidate:numeric:0138b:commit-53bd5461d697,0138b,0138b,NUMERIC,CANDIDATE,B,3,53bd5461d69781ddde0cfe53e390be4a27a19f1f,2026-05-31T15:55:07+02:00,2026-05-31T15:55:07+02:00,,IN_MAINLINE,multipe inlet/oulet evolution : inlet only authorized,
candidate:numeric:0139:commit-fb107a52caad,0139,0139,NUMERIC,CANDIDATE,B,1,fb107a52caadaedd5bd373322eb5d6b3f629fb48,2026-05-30T19:27:00+02:00,2026-05-30T19:27:00+02:00,,IN_MAINLINE,Add MATLAB-compatible population support guard,
candidate:numeric:0139:commit-4f671e2bb019,0139,0139,NUMERIC,CANDIDATE,B,2,4f671e2bb0198468796860e77efe2d114193b323,2026-05-31T16:52:16+02:00,2026-05-31T16:52:16+02:00,,IN_MAINLINE,multiple inlet/oulet implemented,
candidate:numeric:0140:commit-53bd5461d697,0140,0140,NUMERIC,CANDIDATE,B,2,53bd5461d69781ddde0cfe53e390be4a27a19f1f,2026-05-31T15:55:07+02:00,2026-05-31T15:55:07+02:00,,IN_MAINLINE,multipe inlet/oulet evolution : inlet only authorized,
candidate:numeric:0147:commit-4abfa3eff9aa,0147,0147,NUMERIC,CANDIDATE,B,1,4abfa3eff9aa98345ef084ad5f5e134a8cc73cab,2026-05-31T22:02:47+02:00,2026-05-31T22:02:47+02:00,,IN_MAINLINE,compressibility for full domains validated in static,
candidate:numeric:0162:commit-72210ff8859b,0162,0162,NUMERIC,CANDIDATE,B,12,72210ff8859b957f1a0437543b72a3c34fa65d6d,2026-06-06T21:41:16+02:00,2026-06-06T21:41:16+02:00,,IN_MAINLINE,classic SRC CUDA résident périodique validé,
candidate:numeric:0162:commit-4828ac6bef13,0162,0162,NUMERIC,CANDIDATE,B,12,4828ac6bef136be34421356a54600535334a29dd,2026-06-06T22:05:28+02:00,2026-06-06T22:05:28+02:00,,IN_MAINLINE,SRC classic cuda intégré CL wall validé,
candidate:numeric:0162:commit-11c17c36713b,0162,0162,NUMERIC,CANDIDATE,B,12,11c17c36713b5f4e382efe0ea6a2473634c04165,2026-06-06T22:45:51+02:00,2026-06-06T22:45:51+02:00,,IN_MAINLINE,static rectangle immersed solid only; Q6/Q9/resampling/virial and thermostat disabled; host downloads deferred to summaries in resident mode,
candidate:numeric:0162:commit-24055313272b,0162,0162,NUMERIC,CANDIDATE,B,8,24055313272b9ad194811ad0beef31cd1091c8eb,2026-06-07T08:51:33+02:00,2026-06-07T08:51:33+02:00,,IN_MAINLINE,Validate CUDA resident classic SRC full-face inlet/outlet 0263d,
candidate:numeric:0162:commit-8cee332e3911,0162,0162,NUMERIC,CANDIDATE,B,8,8cee332e3911d97948bb1afd518d41baa279aa35,2026-06-07T09:46:56+02:00,2026-06-07T09:46:56+02:00,,IN_MAINLINE,Validate CUDA resident classic SRC segmented inlet/outlet 0264,
candidate:numeric:0162:commit-2f22fcb91802,0162,0162,NUMERIC,CANDIDATE,B,32,2f22fcb918022304a0cf88a276e36ff003752043,2026-06-07T10:36:01+02:00,2026-06-07T10:36:01+02:00,,IN_MAINLINE,Validate consolidated CUDA resident classic SRC suite 0265c,
candidate:numeric:0162:commit-160f7702ace9,0162,0162,NUMERIC,CANDIDATE,B,104,160f7702ace9d164c61d159b4d272ef4a9156c95,2026-06-07T11:11:36+02:00,2026-06-07T11:11:36+02:00,,IN_MAINLINE,Optimize CUDA resident inlet/outlet boundary scan 0267,
candidate:numeric:0162:commit-1765c4f5b8c6,0162,0162,NUMERIC,CANDIDATE,B,52,1765c4f5b8c6dc30d685bc49d7659b8b32206f0d,2026-06-07T11:45:35+02:00,2026-06-07T11:45:35+02:00,,IN_MAINLINE,Optimize CUDA resident full-face inlet reservoir with inactive slot pool 0268,
candidate:numeric:0162:commit-ca2a4addd252,0162,0162,NUMERIC,CANDIDATE,B,52,ca2a4addd252cee5b55e8e414bf9ca753097cf90,2026-06-07T12:24:49+02:00,2026-06-07T12:24:49+02:00,,IN_MAINLINE,Optimize CUDA resident segmented inlet reservoir with inactive slot pool 0269a,
candidate:numeric:0162:commit-4295348018ad,0162,0162,NUMERIC,CANDIDATE,B,52,4295348018adb041790340ac7442f42372b6df2e,2026-06-07T14:04:05+02:00,2026-06-07T14:04:05+02:00,,IN_MAINLINE,Skip redundant CPU wall boundary scan in CUDA resident path 0270,
candidate:numeric:0162:commit-de028758dd26,0162,0162,NUMERIC,CANDIDATE,B,52,de028758dd2648baa3d8954252e80d992dedda6d,2026-06-07T14:15:59+02:00,2026-06-07T14:15:59+02:00,,IN_MAINLINE,Reduce fixed overhead in CUDA resident wall and periodic streaming 0271,
candidate:numeric:0162:commit-71db12f99b1e,0162,0162,NUMERIC,CANDIDATE,B,156,71db12f99b1e27cf2f5919dc134219d566f8bdf4,2026-06-07T15:37:20+02:00,2026-06-07T15:37:20+02:00,,IN_MAINLINE,Fuse stream and deposit for CUDA resident periodic and wall paths 0274b,
candidate:numeric:0162:commit-f13454a8ed20,0162,0162,NUMERIC,CANDIDATE,B,116,f13454a8ed205f6c52dff4144d5abc22f5d8cfc5,2026-06-07T18:06:14+02:00,2026-06-07T18:06:14+02:00,,IN_MAINLINE,full SRC classic step migrated CUDA,
candidate:numeric:0162:commit-5329609e68fd,0162,0162,NUMERIC,CANDIDATE,B,24,5329609e68fd8ca8dcb5d8c081968804ec79a1f8,2026-06-07T19:20:39+02:00,2026-06-07T19:20:39+02:00,,IN_MAINLINE,SRC classic cuda + cylinder solid,
candidate:numeric:0163:commit-7ef2f08557fc,0163,0163,NUMERIC,CANDIDATE,B,1,7ef2f08557fcacba81e84be33c32f5432b874294,2026-06-01T23:06:36+02:00,2026-06-01T23:06:36+02:00,,IN_MAINLINE,Remove rejected 0163 profiling artifacts,
candidate:numeric:0163:commit-160f7702ace9,0163,0163,NUMERIC,CANDIDATE,B,104,160f7702ace9d164c61d159b4d272ef4a9156c95,2026-06-07T11:11:36+02:00,2026-06-07T11:11:36+02:00,,IN_MAINLINE,Optimize CUDA resident inlet/outlet boundary scan 0267,
candidate:numeric:0163:commit-1765c4f5b8c6,0163,0163,NUMERIC,CANDIDATE,B,52,1765c4f5b8c6dc30d685bc49d7659b8b32206f0d,2026-06-07T11:45:35+02:00,2026-06-07T11:45:35+02:00,,IN_MAINLINE,Optimize CUDA resident full-face inlet reservoir with inactive slot pool 0268,
candidate:numeric:0163:commit-ca2a4addd252,0163,0163,NUMERIC,CANDIDATE,B,52,ca2a4addd252cee5b55e8e414bf9ca753097cf90,2026-06-07T12:24:49+02:00,2026-06-07T12:24:49+02:00,,IN_MAINLINE,Optimize CUDA resident segmented inlet reservoir with inactive slot pool 0269a,
candidate:numeric:0163:commit-4295348018ad,0163,0163,NUMERIC,CANDIDATE,B,52,4295348018adb041790340ac7442f42372b6df2e,2026-06-07T14:04:05+02:00,2026-06-07T14:04:05+02:00,,IN_MAINLINE,Skip redundant CPU wall boundary scan in CUDA resident path 0270,
candidate:numeric:0163:commit-de028758dd26,0163,0163,NUMERIC,CANDIDATE,B,52,de028758dd2648baa3d8954252e80d992dedda6d,2026-06-07T14:15:59+02:00,2026-06-07T14:15:59+02:00,,IN_MAINLINE,Reduce fixed overhead in CUDA resident wall and periodic streaming 0271,
candidate:numeric:0163:commit-71db12f99b1e,0163,0163,NUMERIC,CANDIDATE,B,156,71db12f99b1e27cf2f5919dc134219d566f8bdf4,2026-06-07T15:37:20+02:00,2026-06-07T15:37:20+02:00,,IN_MAINLINE,Fuse stream and deposit for CUDA resident periodic and wall paths 0274b,
candidate:numeric:0164:commit-40a6c55db0e8,0164,0164,NUMERIC,CANDIDATE,B,1,40a6c55db0e89b680f50d2bbda3b0cebec813391,2026-06-02T17:20:28+02:00,2026-06-02T17:20:28+02:00,,IN_MAINLINE,resamp optimiaztion 1,
candidate:numeric:0164:commit-4d84d8bf2e6b,0164,0164,NUMERIC,CANDIDATE,B,1,4d84d8bf2e6b9f454e923305b32b8fd66c173e6e,2026-06-04T08:26:29+02:00,2026-06-04T08:26:29+02:00,,UNIQUE_OUTSIDE_MAINLINE,baseline: clean/openmp-light snapshot after 0176-0183,
candidate:numeric:0169:commit-160f7702ace9,0169,0169,NUMERIC,CANDIDATE,B,52,160f7702ace9d164c61d159b4d272ef4a9156c95,2026-06-07T11:11:36+02:00,2026-06-07T11:11:36+02:00,,IN_MAINLINE,Optimize CUDA resident inlet/outlet boundary scan 0267,
candidate:numeric:0169:commit-1765c4f5b8c6,0169,0169,NUMERIC,CANDIDATE,B,26,1765c4f5b8c6dc30d685bc49d7659b8b32206f0d,2026-06-07T11:45:35+02:00,2026-06-07T11:45:35+02:00,,IN_MAINLINE,Optimize CUDA resident full-face inlet reservoir with inactive slot pool 0268,
candidate:numeric:0169:commit-ca2a4addd252,0169,0169,NUMERIC,CANDIDATE,B,26,ca2a4addd252cee5b55e8e414bf9ca753097cf90,2026-06-07T12:24:49+02:00,2026-06-07T12:24:49+02:00,,IN_MAINLINE,Optimize CUDA resident segmented inlet reservoir with inactive slot pool 0269a,
candidate:numeric:0169:commit-4295348018ad,0169,0169,NUMERIC,CANDIDATE,B,26,4295348018adb041790340ac7442f42372b6df2e,2026-06-07T14:04:05+02:00,2026-06-07T14:04:05+02:00,,IN_MAINLINE,Skip redundant CPU wall boundary scan in CUDA resident path 0270,
candidate:numeric:0169:commit-de028758dd26,0169,0169,NUMERIC,CANDIDATE,B,26,de028758dd2648baa3d8954252e80d992dedda6d,2026-06-07T14:15:59+02:00,2026-06-07T14:15:59+02:00,,IN_MAINLINE,Reduce fixed overhead in CUDA resident wall and periodic streaming 0271,
candidate:numeric:0169:commit-71db12f99b1e,0169,0169,NUMERIC,CANDIDATE,B,78,71db12f99b1e27cf2f5919dc134219d566f8bdf4,2026-06-07T15:37:20+02:00,2026-06-07T15:37:20+02:00,,IN_MAINLINE,Fuse stream and deposit for CUDA resident periodic and wall paths 0274b,
candidate:numeric:0171:commit-e84bdf1c6641,0171,0171,NUMERIC,CANDIDATE,B,2,e84bdf1c664106fad8a5b33c335c2d15514e3724,2026-06-02T21:54:42+02:00,2026-06-02T21:54:42+02:00,,IN_MAINLINE,Optimize population guard role writes without changing resampling logic,
candidate:numeric:0172:commit-160f7702ace9,0172,0172,NUMERIC,CANDIDATE,B,52,160f7702ace9d164c61d159b4d272ef4a9156c95,2026-06-07T11:11:36+02:00,2026-06-07T11:11:36+02:00,,IN_MAINLINE,Optimize CUDA resident inlet/outlet boundary scan 0267,
candidate:numeric:0172:commit-1765c4f5b8c6,0172,0172,NUMERIC,CANDIDATE,B,26,1765c4f5b8c6dc30d685bc49d7659b8b32206f0d,2026-06-07T11:45:35+02:00,2026-06-07T11:45:35+02:00,,IN_MAINLINE,Optimize CUDA resident full-face inlet reservoir with inactive slot pool 0268,
candidate:numeric:0172:commit-ca2a4addd252,0172,0172,NUMERIC,CANDIDATE,B,26,ca2a4addd252cee5b55e8e414bf9ca753097cf90,2026-06-07T12:24:49+02:00,2026-06-07T12:24:49+02:00,,IN_MAINLINE,Optimize CUDA resident segmented inlet reservoir with inactive slot pool 0269a,
candidate:numeric:0172:commit-4295348018ad,0172,0172,NUMERIC,CANDIDATE,B,26,4295348018adb041790340ac7442f42372b6df2e,2026-06-07T14:04:05+02:00,2026-06-07T14:04:05+02:00,,IN_MAINLINE,Skip redundant CPU wall boundary scan in CUDA resident path 0270,
candidate:numeric:0172:commit-de028758dd26,0172,0172,NUMERIC,CANDIDATE,B,26,de028758dd2648baa3d8954252e80d992dedda6d,2026-06-07T14:15:59+02:00,2026-06-07T14:15:59+02:00,,IN_MAINLINE,Reduce fixed overhead in CUDA resident wall and periodic streaming 0271,
candidate:numeric:0172:commit-71db12f99b1e,0172,0172,NUMERIC,CANDIDATE,B,78,71db12f99b1e27cf2f5919dc134219d566f8bdf4,2026-06-07T15:37:20+02:00,2026-06-07T15:37:20+02:00,,IN_MAINLINE,Fuse stream and deposit for CUDA resident periodic and wall paths 0274b,
candidate:numeric:0174:commit-404b67bbed4f,0174,0174,NUMERIC,CANDIDATE,B,2,404b67bbed4f6661d8913ef19232953e240f1d24,2026-06-03T17:57:07+02:00,2026-06-03T17:57:07+02:00,,IN_MAINLINE,Optimize post-guard deposit by reusing cell ids,
candidate:numeric:0174:commit-4d84d8bf2e6b,0174,0174,NUMERIC,CANDIDATE,B,2,4d84d8bf2e6b9f454e923305b32b8fd66c173e6e,2026-06-04T08:26:29+02:00,2026-06-04T08:26:29+02:00,,UNIQUE_OUTSIDE_MAINLINE,baseline: clean/openmp-light snapshot after 0176-0183,
candidate:numeric:0183:commit-4d84d8bf2e6b,0183,0183,NUMERIC,CANDIDATE,B,1,4d84d8bf2e6b9f454e923305b32b8fd66c173e6e,2026-06-04T08:26:29+02:00,2026-06-04T08:26:29+02:00,,UNIQUE_OUTSIDE_MAINLINE,baseline: clean/openmp-light snapshot after 0176-0183,
candidate:numeric:0184:commit-55603a110094,0184,0184,NUMERIC,CANDIDATE,B,2,55603a1100949ed7dd4be58c814a06766f13ecf6,2026-06-05T11:46:57+02:00,2026-06-05T11:46:57+02:00,,IN_MAINLINE,Add standalone CUDA SRC collision rotation validator,
candidate:numeric:0185:commit-55603a110094,0185,0185,NUMERIC,CANDIDATE,B,2,55603a1100949ed7dd4be58c814a06766f13ecf6,2026-06-05T11:46:57+02:00,2026-06-05T11:46:57+02:00,,IN_MAINLINE,Add standalone CUDA SRC collision rotation validator,
candidate:numeric:0186:commit-55603a110094,0186,0186,NUMERIC,CANDIDATE,B,1,55603a1100949ed7dd4be58c814a06766f13ecf6,2026-06-05T11:46:57+02:00,2026-06-05T11:46:57+02:00,,IN_MAINLINE,Add standalone CUDA SRC collision rotation validator,
candidate:numeric:0187:commit-8f6f238c34fa,0187,0187,NUMERIC,CANDIDATE,B,2,8f6f238c34fa0f4f9a0122f3853b0639aea65aa9,2026-06-04T16:47:31+02:00,2026-06-04T16:47:31+02:00,,UNIQUE_OUTSIDE_MAINLINE,0186f: allow static circle immersed solid for von Karman inlet-outlet case,
candidate:numeric:0187:commit-55603a110094,0187,0187,NUMERIC,CANDIDATE,B,1,55603a1100949ed7dd4be58c814a06766f13ecf6,2026-06-05T11:46:57+02:00,2026-06-05T11:46:57+02:00,,IN_MAINLINE,Add standalone CUDA SRC collision rotation validator,
candidate:numeric:0188:commit-55603a110094,0188,0188,NUMERIC,CANDIDATE,B,2,55603a1100949ed7dd4be58c814a06766f13ecf6,2026-06-05T11:46:57+02:00,2026-06-05T11:46:57+02:00,,IN_MAINLINE,Add standalone CUDA SRC collision rotation validator,
candidate:numeric:0189:commit-55603a110094,0189,0189,NUMERIC,CANDIDATE,B,2,55603a1100949ed7dd4be58c814a06766f13ecf6,2026-06-05T11:46:57+02:00,2026-06-05T11:46:57+02:00,,IN_MAINLINE,Add standalone CUDA SRC collision rotation validator,
candidate:numeric:0190:commit-55603a110094,0190,0190,NUMERIC,CANDIDATE,B,2,55603a1100949ed7dd4be58c814a06766f13ecf6,2026-06-05T11:46:57+02:00,2026-06-05T11:46:57+02:00,,IN_MAINLINE,Add standalone CUDA SRC collision rotation validator,
candidate:numeric:0190a:commit-3ca671fd5a44,0190a,0190a,NUMERIC,CANDIDATE,B,1,3ca671fd5a441df63af2c7c92b77230140b1ee3d,2026-06-15T21:53:23+02:00,2026-06-15T21:53:23+02:00,,UNIQUE_OUTSIDE_MAINLINE,optimisation diverses,
candidate:numeric:0191:commit-55603a110094,0191,0191,NUMERIC,CANDIDATE,B,4,55603a1100949ed7dd4be58c814a06766f13ecf6,2026-06-05T11:46:57+02:00,2026-06-05T11:46:57+02:00,,IN_MAINLINE,Add standalone CUDA SRC collision rotation validator,
candidate:numeric:0191a:commit-3ca671fd5a44,0191a,0191a,NUMERIC,CANDIDATE,B,1,3ca671fd5a441df63af2c7c92b77230140b1ee3d,2026-06-15T21:53:23+02:00,2026-06-15T21:53:23+02:00,,UNIQUE_OUTSIDE_MAINLINE,optimisation diverses,
candidate:numeric:0192:commit-55603a110094,0192,0192,NUMERIC,CANDIDATE,B,5,55603a1100949ed7dd4be58c814a06766f13ecf6,2026-06-05T11:46:57+02:00,2026-06-05T11:46:57+02:00,,IN_MAINLINE,Add standalone CUDA SRC collision rotation validator,
candidate:numeric:0193:commit-55603a110094,0193,0193,NUMERIC,CANDIDATE,B,5,55603a1100949ed7dd4be58c814a06766f13ecf6,2026-06-05T11:46:57+02:00,2026-06-05T11:46:57+02:00,,IN_MAINLINE,Add standalone CUDA SRC collision rotation validator,
candidate:numeric:0193a:commit-3ca671fd5a44,0193a,0193a,NUMERIC,CANDIDATE,B,1,3ca671fd5a441df63af2c7c92b77230140b1ee3d,2026-06-15T21:53:23+02:00,2026-06-15T21:53:23+02:00,,UNIQUE_OUTSIDE_MAINLINE,optimisation diverses,
candidate:numeric:0194:commit-3330cebe9010,0194,0194,NUMERIC,CANDIDATE,B,3,3330cebe9010f5b058b024f2e33ce5a2d759b05a,2026-06-04T22:21:55+02:00,2026-06-04T22:21:55+02:00,,IN_MAINLINE,Restore CUDA Q6 host-block reduction default after device-scalar regression,
candidate:numeric:0194a:commit-5ef0b4b096e3,0194a,0194a,NUMERIC,CANDIDATE,B,1,5ef0b4b096e316cb9d244d07e4b1f0ca87ab4e2d,2026-06-16T10:14:41+02:00,2026-06-16T10:14:41+02:00,,UNIQUE_OUTSIDE_MAINLINE,optimisation active slots,
candidate:numeric:0195:commit-55603a110094,0195,0195,NUMERIC,CANDIDATE,B,5,55603a1100949ed7dd4be58c814a06766f13ecf6,2026-06-05T11:46:57+02:00,2026-06-05T11:46:57+02:00,,IN_MAINLINE,Add standalone CUDA SRC collision rotation validator,
candidate:numeric:0196:commit-55603a110094,0196,0196,NUMERIC,CANDIDATE,B,2,55603a1100949ed7dd4be58c814a06766f13ecf6,2026-06-05T11:46:57+02:00,2026-06-05T11:46:57+02:00,,IN_MAINLINE,Add standalone CUDA SRC collision rotation validator,
candidate:numeric:0196a:commit-5ef0b4b096e3,0196a,0196a,NUMERIC,CANDIDATE,B,1,5ef0b4b096e316cb9d244d07e4b1f0ca87ab4e2d,2026-06-16T10:14:41+02:00,2026-06-16T10:14:41+02:00,,UNIQUE_OUTSIDE_MAINLINE,optimisation active slots,
candidate:numeric:0198:commit-55603a110094,0198,0198,NUMERIC,CANDIDATE,B,13,55603a1100949ed7dd4be58c814a06766f13ecf6,2026-06-05T11:46:57+02:00,2026-06-05T11:46:57+02:00,,IN_MAINLINE,Add standalone CUDA SRC collision rotation validator,
candidate:numeric:0198a:commit-5ef0b4b096e3,0198a,0198a,NUMERIC,CANDIDATE,B,1,5ef0b4b096e316cb9d244d07e4b1f0ca87ab4e2d,2026-06-16T10:14:41+02:00,2026-06-16T10:14:41+02:00,,UNIQUE_OUTSIDE_MAINLINE,optimisation active slots,
candidate:numeric:0199:commit-55603a110094,0199,0199,NUMERIC,CANDIDATE,B,1,55603a1100949ed7dd4be58c814a06766f13ecf6,2026-06-05T11:46:57+02:00,2026-06-05T11:46:57+02:00,,IN_MAINLINE,Add standalone CUDA SRC collision rotation validator,
candidate:numeric:0200:commit-55603a110094,0200,0200,NUMERIC,CANDIDATE,B,5,55603a1100949ed7dd4be58c814a06766f13ecf6,2026-06-05T11:46:57+02:00,2026-06-05T11:46:57+02:00,,IN_MAINLINE,Add standalone CUDA SRC collision rotation validator,
candidate:numeric:0200a:commit-5ef0b4b096e3,0200a,0200a,NUMERIC,CANDIDATE,B,1,5ef0b4b096e316cb9d244d07e4b1f0ca87ab4e2d,2026-06-16T10:14:41+02:00,2026-06-16T10:14:41+02:00,,UNIQUE_OUTSIDE_MAINLINE,optimisation active slots,
candidate:numeric:0201:commit-55603a110094,0201,0201,NUMERIC,CANDIDATE,B,5,55603a1100949ed7dd4be58c814a06766f13ecf6,2026-06-05T11:46:57+02:00,2026-06-05T11:46:57+02:00,,IN_MAINLINE,Add standalone CUDA SRC collision rotation validator,
candidate:numeric:0201a:commit-5ef0b4b096e3,0201a,0201a,NUMERIC,CANDIDATE,B,1,5ef0b4b096e316cb9d244d07e4b1f0ca87ab4e2d,2026-06-16T10:14:41+02:00,2026-06-16T10:14:41+02:00,,UNIQUE_OUTSIDE_MAINLINE,optimisation active slots,
candidate:numeric:0201b:commit-5ef0b4b096e3,0201b,0201b,NUMERIC,CANDIDATE,B,1,5ef0b4b096e316cb9d244d07e4b1f0ca87ab4e2d,2026-06-16T10:14:41+02:00,2026-06-16T10:14:41+02:00,,UNIQUE_OUTSIDE_MAINLINE,optimisation active slots,
candidate:numeric:0202:commit-d9062f9f33f5,0202,0202,NUMERIC,CANDIDATE,B,5,d9062f9f33f5330f06ab6c65324d8bf0debe47ec,2026-06-05T10:16:17+02:00,2026-06-05T10:16:17+02:00,,IN_MAINLINE,Reduce CUDA cell-moments active deposit overhead,
candidate:numeric:0202a:commit-5ef0b4b096e3,0202a,0202a,NUMERIC,CANDIDATE,B,1,5ef0b4b096e316cb9d244d07e4b1f0ca87ab4e2d,2026-06-16T10:14:41+02:00,2026-06-16T10:14:41+02:00,,UNIQUE_OUTSIDE_MAINLINE,optimisation active slots,
candidate:numeric:0203:commit-55603a110094,0203,0203,NUMERIC,CANDIDATE,B,3,55603a1100949ed7dd4be58c814a06766f13ecf6,2026-06-05T11:46:57+02:00,2026-06-05T11:46:57+02:00,,IN_MAINLINE,Add standalone CUDA SRC collision rotation validator,
candidate:numeric:0203a:commit-5ef0b4b096e3,0203a,0203a,NUMERIC,CANDIDATE,B,2,5ef0b4b096e316cb9d244d07e4b1f0ca87ab4e2d,2026-06-16T10:14:41+02:00,2026-06-16T10:14:41+02:00,,UNIQUE_OUTSIDE_MAINLINE,optimisation active slots,
candidate:numeric:0204:commit-55603a110094,0204,0204,NUMERIC,CANDIDATE,B,13,55603a1100949ed7dd4be58c814a06766f13ecf6,2026-06-05T11:46:57+02:00,2026-06-05T11:46:57+02:00,,IN_MAINLINE,Add standalone CUDA SRC collision rotation validator,
candidate:numeric:0204a:commit-26bbc780b399,0204a,0204a,NUMERIC,CANDIDATE,B,2,26bbc780b399fb7d2f06257af9e86c9106908a25,2026-06-16T11:37:11+02:00,2026-06-16T11:37:11+02:00,,UNIQUE_OUTSIDE_MAINLINE,reduction dependence inactive_slot,
candidate:numeric:0205:commit-55603a110094,0205,0205,NUMERIC,CANDIDATE,B,1,55603a1100949ed7dd4be58c814a06766f13ecf6,2026-06-05T11:46:57+02:00,2026-06-05T11:46:57+02:00,,IN_MAINLINE,Add standalone CUDA SRC collision rotation validator,
candidate:numeric:0205a:commit-26bbc780b399,0205a,0205a,NUMERIC,CANDIDATE,B,2,26bbc780b399fb7d2f06257af9e86c9106908a25,2026-06-16T11:37:11+02:00,2026-06-16T11:37:11+02:00,,UNIQUE_OUTSIDE_MAINLINE,reduction dependence inactive_slot,
candidate:numeric:0206:commit-55603a110094,0206,0206,NUMERIC,CANDIDATE,B,5,55603a1100949ed7dd4be58c814a06766f13ecf6,2026-06-05T11:46:57+02:00,2026-06-05T11:46:57+02:00,,IN_MAINLINE,Add standalone CUDA SRC collision rotation validator,
candidate:numeric:0206a:commit-26bbc780b399,0206a,0206a,NUMERIC,CANDIDATE,B,1,26bbc780b399fb7d2f06257af9e86c9106908a25,2026-06-16T11:37:11+02:00,2026-06-16T11:37:11+02:00,,UNIQUE_OUTSIDE_MAINLINE,reduction dependence inactive_slot,
candidate:numeric:0207:commit-55603a110094,0207,0207,NUMERIC,CANDIDATE,B,5,55603a1100949ed7dd4be58c814a06766f13ecf6,2026-06-05T11:46:57+02:00,2026-06-05T11:46:57+02:00,,IN_MAINLINE,Add standalone CUDA SRC collision rotation validator,
candidate:numeric:0207:commit-f13454a8ed20,0207,0207,NUMERIC,CANDIDATE,B,5,f13454a8ed205f6c52dff4144d5abc22f5d8cfc5,2026-06-07T18:06:14+02:00,2026-06-07T18:06:14+02:00,,IN_MAINLINE,full SRC classic step migrated CUDA,
candidate:numeric:0207a:commit-26bbc780b399,0207a,0207a,NUMERIC,CANDIDATE,B,1,26bbc780b399fb7d2f06257af9e86c9106908a25,2026-06-16T11:37:11+02:00,2026-06-16T11:37:11+02:00,,UNIQUE_OUTSIDE_MAINLINE,reduction dependence inactive_slot,
candidate:numeric:0208:commit-f6817e6af063,0208,0208,NUMERIC,CANDIDATE,B,21,f6817e6af063c2addcf46b3f7c99cd93c464251e,2026-06-05T11:37:39+02:00,2026-06-05T11:37:39+02:00,,IN_MAINLINE,Validate combined CUDA TG stack,
candidate:numeric:0208a:commit-1603e89c1e5b,0208a,0208a,NUMERIC,CANDIDATE,B,1,1603e89c1e5be8e12db103b30d4adafd1d315f07,2026-06-16T14:44:17+02:00,2026-06-16T14:44:17+02:00,,UNIQUE_OUTSIDE_MAINLINE,end of optimisation inactive_pool,
candidate:numeric:0209:commit-794adebc1dce,0209,0209,NUMERIC,CANDIDATE,B,1,794adebc1dce3ecb4f948f3b80c64ae4e6171309,2026-06-05T14:39:35+02:00,2026-06-05T14:39:35+02:00,,IN_MAINLINE,Restore workspace cell moments after persistent CUDA SRC collision,
candidate:numeric:0209a:commit-1603e89c1e5b,0209a,0209a,NUMERIC,CANDIDATE,B,1,1603e89c1e5be8e12db103b30d4adafd1d315f07,2026-06-16T14:44:17+02:00,2026-06-16T14:44:17+02:00,,UNIQUE_OUTSIDE_MAINLINE,end of optimisation inactive_pool,
candidate:numeric:0210:commit-794adebc1dce,0210,0210,NUMERIC,CANDIDATE,B,5,794adebc1dce3ecb4f948f3b80c64ae4e6171309,2026-06-05T14:39:35+02:00,2026-06-05T14:39:35+02:00,,IN_MAINLINE,Restore workspace cell moments after persistent CUDA SRC collision,
candidate:numeric:0211:commit-794adebc1dce,0211,0211,NUMERIC,CANDIDATE,B,5,794adebc1dce3ecb4f948f3b80c64ae4e6171309,2026-06-05T14:39:35+02:00,2026-06-05T14:39:35+02:00,,IN_MAINLINE,Restore workspace cell moments after persistent CUDA SRC collision,
candidate:numeric:0212:commit-794adebc1dce,0212,0212,NUMERIC,CANDIDATE,B,1,794adebc1dce3ecb4f948f3b80c64ae4e6171309,2026-06-05T14:39:35+02:00,2026-06-05T14:39:35+02:00,,IN_MAINLINE,Restore workspace cell moments after persistent CUDA SRC collision,
candidate:numeric:0213:commit-794adebc1dce,0213,0213,NUMERIC,CANDIDATE,B,3,794adebc1dce3ecb4f948f3b80c64ae4e6171309,2026-06-05T14:39:35+02:00,2026-06-05T14:39:35+02:00,,IN_MAINLINE,Restore workspace cell moments after persistent CUDA SRC collision,
candidate:numeric:0214:commit-20dd2933db4f,0214,0214,NUMERIC,CANDIDATE,B,5,20dd2933db4ffbbcfb0c024bb734e4143e5d468f,2026-06-05T14:38:46+02:00,2026-06-05T14:38:46+02:00,,IN_MAINLINE,Restore workspace cell moments after persistent CUDA SRC collision,
candidate:numeric:0215:commit-9e2052a4f751,0215,0215,NUMERIC,CANDIDATE,B,5,9e2052a4f751e455b34ce9f01111e4e6ce1d5ffa,2026-06-05T14:59:13+02:00,2026-06-05T14:59:13+02:00,,IN_MAINLINE,Add persistent CUDA SRC collision plus thermostat substep,
candidate:numeric:0215:commit-72210ff8859b,0215,0215,NUMERIC,CANDIDATE,B,4,72210ff8859b957f1a0437543b72a3c34fa65d6d,2026-06-06T21:41:16+02:00,2026-06-06T21:41:16+02:00,,IN_MAINLINE,classic SRC CUDA résident périodique validé,
candidate:numeric:0215:commit-4828ac6bef13,0215,0215,NUMERIC,CANDIDATE,B,4,4828ac6bef136be34421356a54600535334a29dd,2026-06-06T22:05:28+02:00,2026-06-06T22:05:28+02:00,,IN_MAINLINE,SRC classic cuda intégré CL wall validé,
candidate:numeric:0215:commit-11c17c36713b,0215,0215,NUMERIC,CANDIDATE,B,4,11c17c36713b5f4e382efe0ea6a2473634c04165,2026-06-06T22:45:51+02:00,2026-06-06T22:45:51+02:00,,IN_MAINLINE,static rectangle immersed solid only; Q6/Q9/resampling/virial and thermostat disabled; host downloads deferred to summaries in resident mode,
candidate:numeric:0215:commit-24055313272b,0215,0215,NUMERIC,CANDIDATE,B,2,24055313272b9ad194811ad0beef31cd1091c8eb,2026-06-07T08:51:33+02:00,2026-06-07T08:51:33+02:00,,IN_MAINLINE,Validate CUDA resident classic SRC full-face inlet/outlet 0263d,
candidate:numeric:0215:commit-8cee332e3911,0215,0215,NUMERIC,CANDIDATE,B,2,8cee332e3911d97948bb1afd518d41baa279aa35,2026-06-07T09:46:56+02:00,2026-06-07T09:46:56+02:00,,IN_MAINLINE,Validate CUDA resident classic SRC segmented inlet/outlet 0264,
candidate:numeric:0215:commit-2f22fcb91802,0215,0215,NUMERIC,CANDIDATE,B,10,2f22fcb918022304a0cf88a276e36ff003752043,2026-06-07T10:36:01+02:00,2026-06-07T10:36:01+02:00,,IN_MAINLINE,Validate consolidated CUDA resident classic SRC suite 0265c,
candidate:numeric:0215:commit-160f7702ace9,0215,0215,NUMERIC,CANDIDATE,B,32,160f7702ace9d164c61d159b4d272ef4a9156c95,2026-06-07T11:11:36+02:00,2026-06-07T11:11:36+02:00,,IN_MAINLINE,Optimize CUDA resident inlet/outlet boundary scan 0267,
candidate:numeric:0215:commit-1765c4f5b8c6,0215,0215,NUMERIC,CANDIDATE,B,16,1765c4f5b8c6dc30d685bc49d7659b8b32206f0d,2026-06-07T11:45:35+02:00,2026-06-07T11:45:35+02:00,,IN_MAINLINE,Optimize CUDA resident full-face inlet reservoir with inactive slot pool 0268,
candidate:numeric:0215:commit-ca2a4addd252,0215,0215,NUMERIC,CANDIDATE,B,16,ca2a4addd252cee5b55e8e414bf9ca753097cf90,2026-06-07T12:24:49+02:00,2026-06-07T12:24:49+02:00,,IN_MAINLINE,Optimize CUDA resident segmented inlet reservoir with inactive slot pool 0269a,
candidate:numeric:0215:commit-4295348018ad,0215,0215,NUMERIC,CANDIDATE,B,16,4295348018adb041790340ac7442f42372b6df2e,2026-06-07T14:04:05+02:00,2026-06-07T14:04:05+02:00,,IN_MAINLINE,Skip redundant CPU wall boundary scan in CUDA resident path 0270,
candidate:numeric:0215:commit-de028758dd26,0215,0215,NUMERIC,CANDIDATE,B,16,de028758dd2648baa3d8954252e80d992dedda6d,2026-06-07T14:15:59+02:00,2026-06-07T14:15:59+02:00,,IN_MAINLINE,Reduce fixed overhead in CUDA resident wall and periodic streaming 0271,
candidate:numeric:0215:commit-71db12f99b1e,0215,0215,NUMERIC,CANDIDATE,B,48,71db12f99b1e27cf2f5919dc134219d566f8bdf4,2026-06-07T15:37:20+02:00,2026-06-07T15:37:20+02:00,,IN_MAINLINE,Fuse stream and deposit for CUDA resident periodic and wall paths 0274b,
candidate:numeric:0215:commit-f13454a8ed20,0215,0215,NUMERIC,CANDIDATE,B,27,f13454a8ed205f6c52dff4144d5abc22f5d8cfc5,2026-06-07T18:06:14+02:00,2026-06-07T18:06:14+02:00,,IN_MAINLINE,full SRC classic step migrated CUDA,
candidate:numeric:0215:commit-5329609e68fd,0215,0215,NUMERIC,CANDIDATE,B,6,5329609e68fd8ca8dcb5d8c081968804ec79a1f8,2026-06-07T19:20:39+02:00,2026-06-07T19:20:39+02:00,,IN_MAINLINE,SRC classic cuda + cylinder solid,
candidate:numeric:0216:commit-d3bc2e6f73fc,0216,0216,NUMERIC,CANDIDATE,B,13,d3bc2e6f73fc43aa48112908b9b3b66f75672355,2026-06-05T15:38:38+02:00,2026-06-05T15:38:38+02:00,,IN_MAINLINE,Add ordered persistent CUDA collision Q6 thermostat harness,
candidate:numeric:0217:commit-d3bc2e6f73fc,0217,0217,NUMERIC,CANDIDATE,B,21,d3bc2e6f73fc43aa48112908b9b3b66f75672355,2026-06-05T15:38:38+02:00,2026-06-05T15:38:38+02:00,,IN_MAINLINE,Add ordered persistent CUDA collision Q6 thermostat harness,
candidate:numeric:0218:commit-11d9e9a2aaf4,0218,0218,NUMERIC,CANDIDATE,B,1,11d9e9a2aaf40d8f1f264e457d9a99fde43b070f,2026-06-05T15:50:35+02:00,2026-06-05T15:50:35+02:00,,IN_MAINLINE,Add persistent CUDA particle state manager,
candidate:numeric:0219:commit-f0b388f249b5,0219,0219,NUMERIC,CANDIDATE,B,1,f0b388f249b571d5a094d0aedaab2f0c68947b9d,2026-06-05T16:58:56+02:00,2026-06-05T16:58:56+02:00,,IN_MAINLINE,Cache persistent CUDA particle metadata uploads,
candidate:numeric:0220:commit-f0b388f249b5,0220,0220,NUMERIC,CANDIDATE,B,17,f0b388f249b571d5a094d0aedaab2f0c68947b9d,2026-06-05T16:58:56+02:00,2026-06-05T16:58:56+02:00,,IN_MAINLINE,Cache persistent CUDA particle metadata uploads,
candidate:numeric:0222:commit-f0b388f249b5,0222,0222,NUMERIC,CANDIDATE,B,9,f0b388f249b571d5a094d0aedaab2f0c68947b9d,2026-06-05T16:58:56+02:00,2026-06-05T16:58:56+02:00,,IN_MAINLINE,Cache persistent CUDA particle metadata uploads,
candidate:numeric:0223:commit-f0b388f249b5,0223,0223,NUMERIC,CANDIDATE,B,13,f0b388f249b571d5a094d0aedaab2f0c68947b9d,2026-06-05T16:58:56+02:00,2026-06-05T16:58:56+02:00,,IN_MAINLINE,Cache persistent CUDA particle metadata uploads,
candidate:numeric:0224:commit-3b24e69a042f,0224,0224,NUMERIC,CANDIDATE,B,1,3b24e69a042fb7098acd863367f7afdc711ee7a6,2026-06-05T17:11:55+02:00,2026-06-05T17:11:55+02:00,,IN_MAINLINE,Add persistent CUDA cell workspace bridge,
candidate:numeric:0225:commit-b48eaa2ad134,0225,0225,NUMERIC,CANDIDATE,B,13,b48eaa2ad13485b0cfef868cb4fccbb82e667a10,2026-06-05T17:31:09+02:00,2026-06-05T17:31:09+02:00,,IN_MAINLINE,Use shared CUDA cell workspace in persistent SRC thermostat path,
candidate:numeric:0236:commit-cdabf7cc7f62,0236,0236,NUMERIC,CANDIDATE,B,5,cdabf7cc7f620e2fd981b611029a8f19ea88ca44,2026-06-05T20:33:23+02:00,2026-06-05T20:33:23+02:00,,IN_MAINLINE,Add active CUDA resampling extraction and insertion path,
candidate:numeric:0237:commit-1026d4423a80,0237,0237,NUMERIC,CANDIDATE,B,13,1026d4423a8008e79d26ac69e77b40c5d92aab9c,2026-06-05T20:44:42+02:00,2026-06-05T20:44:42+02:00,,IN_MAINLINE,Add active CUDA resampling extraction and insertion path,
candidate:numeric:0239:commit-4ebeb226cf27,0239,0239,NUMERIC,CANDIDATE,B,1,4ebeb226cf2703a2bfc222cfffde1f28babdc75c,2026-06-05T22:12:50+02:00,2026-06-05T22:12:50+02:00,,IN_MAINLINE,patch240 raccord chat/239,
candidate:numeric:0239:commit-ae5658c571c9,0239,0239,NUMERIC,CANDIDATE,B,1,ae5658c571c986a1c7c421b9296049aa4cf65418,2026-06-05T22:24:53+02:00,2026-06-05T22:24:53+02:00,,IN_MAINLINE,Patch 0241 — raccorder vraiment 0240 au backend 0239,
candidate:numeric:0240:commit-4ebeb226cf27,0240,0240,NUMERIC,CANDIDATE,B,5,4ebeb226cf2703a2bfc222cfffde1f28babdc75c,2026-06-05T22:12:50+02:00,2026-06-05T22:12:50+02:00,,IN_MAINLINE,patch240 raccord chat/239,
candidate:numeric:0240:commit-ae5658c571c9,0240,0240,NUMERIC,CANDIDATE,B,1,ae5658c571c986a1c7c421b9296049aa4cf65418,2026-06-05T22:24:53+02:00,2026-06-05T22:24:53+02:00,,IN_MAINLINE,Patch 0241 — raccorder vraiment 0240 au backend 0239,
candidate:numeric:0241:commit-ae5658c571c9,0241,0241,NUMERIC,CANDIDATE,B,10,ae5658c571c986a1c7c421b9296049aa4cf65418,2026-06-05T22:24:53+02:00,2026-06-05T22:24:53+02:00,,IN_MAINLINE,Patch 0241 — raccorder vraiment 0240 au backend 0239,
candidate:numeric:0241:commit-b2d9a2615b1e,0241,0241,NUMERIC,CANDIDATE,B,4,b2d9a2615b1e303d7def4b1da570deb36ccdeb33,2026-06-05T22:38:53+02:00,2026-06-05T22:38:53+02:00,,IN_MAINLINE,supprimer le retour host complet quand l’état CPU miroir a déjà été édité,
candidate:numeric:0241:commit-fb151a754ec2,0241,0241,NUMERIC,CANDIDATE,B,4,fb151a754ec215c78bb7eebcf03586755f387f80,2026-06-05T22:57:02+02:00,2026-06-05T22:57:02+02:00,,IN_MAINLINE,"ajout mode roles_only = tester le chemin CUDA actif avec transfert minimal de role[], sans download_all",
candidate:numeric:0242:commit-b2d9a2615b1e,0242,0242,NUMERIC,CANDIDATE,B,12,b2d9a2615b1e303d7def4b1da570deb36ccdeb33,2026-06-05T22:38:53+02:00,2026-06-05T22:38:53+02:00,,IN_MAINLINE,supprimer le retour host complet quand l’état CPU miroir a déjà été édité,
candidate:numeric:0242:commit-fb151a754ec2,0242,0242,NUMERIC,CANDIDATE,B,4,fb151a754ec215c78bb7eebcf03586755f387f80,2026-06-05T22:57:02+02:00,2026-06-05T22:57:02+02:00,,IN_MAINLINE,"ajout mode roles_only = tester le chemin CUDA actif avec transfert minimal de role[], sans download_all",
candidate:numeric:0243:commit-fb151a754ec2,0243,0243,NUMERIC,CANDIDATE,B,16,fb151a754ec215c78bb7eebcf03586755f387f80,2026-06-05T22:57:02+02:00,2026-06-05T22:57:02+02:00,,IN_MAINLINE,"ajout mode roles_only = tester le chemin CUDA actif avec transfert minimal de role[], sans download_all",
candidate:numeric:0244:commit-a7a5c5c764f5,0244,0244,NUMERIC,CANDIDATE,B,8,a7a5c5c764f56f6a61adef019b1fd00dbd17b305,2026-06-05T23:10:19+02:00,2026-06-05T23:10:19+02:00,,IN_MAINLINE,validation physique courte réussie cas validés : TG périodique + Poiseuille wall,
candidate:numeric:0244:commit-b8cb14812979,0244,0244,NUMERIC,CANDIDATE,B,1,b8cb14812979019d8a9ff7a0835ca3af67bf77d0,2026-06-05T23:18:37+02:00,2026-06-05T23:18:37+02:00,,IN_MAINLINE,resampling CUDA actif roles_only validé sur les 4 cas physiques,
candidate:numeric:0244:commit-8323608471bd,0244,0244,NUMERIC,CANDIDATE,B,4,8323608471bdd2ec8da6338f52feee874e4d3371,2026-06-05T23:45:34+02:00,2026-06-05T23:45:34+02:00,,IN_MAINLINE,straming cuda pout cl periodiques,
candidate:numeric:0244:commit-ad3b55c5b75f,0244,0244,NUMERIC,CANDIDATE,B,4,ad3b55c5b75fcb1c4df99999df6116e32d09199a,2026-06-05T23:49:26+02:00,2026-06-05T23:49:26+02:00,,IN_MAINLINE,straming cuda pour cl wall-simple,
candidate:numeric:0244:commit-2411f87f65eb,0244,0244,NUMERIC,CANDIDATE,B,12,2411f87f65ebb91257c94da59b670d6c41da907d,2026-06-06T11:05:43+02:00,2026-06-06T11:05:43+02:00,,IN_MAINLINE,all CL solid/piston/solid mobile validated,
candidate:numeric:0245:commit-8323608471bd,0245,0245,NUMERIC,CANDIDATE,B,14,8323608471bdd2ec8da6338f52feee874e4d3371,2026-06-05T23:45:34+02:00,2026-06-05T23:45:34+02:00,,IN_MAINLINE,straming cuda pout cl periodiques,
candidate:numeric:0246:commit-ad3b55c5b75f,0246,0246,NUMERIC,CANDIDATE,B,14,ad3b55c5b75fcb1c4df99999df6116e32d09199a,2026-06-05T23:49:26+02:00,2026-06-05T23:49:26+02:00,,IN_MAINLINE,straming cuda pour cl wall-simple,
candidate:numeric:0247:commit-2411f87f65eb,0247,0247,NUMERIC,CANDIDATE,B,2,2411f87f65ebb91257c94da59b670d6c41da907d,2026-06-06T11:05:43+02:00,2026-06-06T11:05:43+02:00,,IN_MAINLINE,all CL solid/piston/solid mobile validated,
candidate:numeric:0247a:commit-2411f87f65eb,0247a,0247a,NUMERIC,CANDIDATE,B,12,2411f87f65ebb91257c94da59b670d6c41da907d,2026-06-06T11:05:43+02:00,2026-06-06T11:05:43+02:00,,IN_MAINLINE,all CL solid/piston/solid mobile validated,
candidate:numeric:0247b:commit-2411f87f65eb,0247b,0247b,NUMERIC,CANDIDATE,B,14,2411f87f65ebb91257c94da59b670d6c41da907d,2026-06-06T11:05:43+02:00,2026-06-06T11:05:43+02:00,,IN_MAINLINE,all CL solid/piston/solid mobile validated,
candidate:numeric:0248:commit-2411f87f65eb,0248,0248,NUMERIC,CANDIDATE,B,12,2411f87f65ebb91257c94da59b670d6c41da907d,2026-06-06T11:05:43+02:00,2026-06-06T11:05:43+02:00,,IN_MAINLINE,all CL solid/piston/solid mobile validated,
candidate:numeric:0248:commit-c2684d8202a5,0248,0248,NUMERIC,CANDIDATE,B,8,c2684d8202a5c907bf4fbd4acf6892e058d4c644,2026-06-06T12:00:07+02:00,2026-06-06T12:00:07+02:00,,IN_MAINLINE,all BL validated incl. segmented inlet/outlet,
candidate:numeric:0249a:commit-e361614873ae,0249a,0249a,NUMERIC,CANDIDATE,B,5,e361614873ae55b7c43a81776727c4c6193be2b5,2026-06-06T11:18:14+02:00,2026-06-06T11:18:14+02:00,,IN_MAINLINE,inlet/outlet 1ere etape,
candidate:numeric:0249a:commit-c2684d8202a5,0249a,0249a,NUMERIC,CANDIDATE,B,9,c2684d8202a5c907bf4fbd4acf6892e058d4c644,2026-06-06T12:00:07+02:00,2026-06-06T12:00:07+02:00,,IN_MAINLINE,all BL validated incl. segmented inlet/outlet,
candidate:numeric:0249b:commit-c2684d8202a5,0249b,0249b,NUMERIC,CANDIDATE,B,14,c2684d8202a5c907bf4fbd4acf6892e058d4c644,2026-06-06T12:00:07+02:00,2026-06-06T12:00:07+02:00,,IN_MAINLINE,all BL validated incl. segmented inlet/outlet,
candidate:numeric:0249b:commit-d5fd3667f45a,0249b,0249b,NUMERIC,CANDIDATE,B,4,d5fd3667f45a11917eaf8c73d5c338d0f63606b9,2026-06-06T12:52:19+02:00,2026-06-06T12:52:19+02:00,,IN_MAINLINE,depot cuda actif,
candidate:numeric:0250:commit-d5fd3667f45a,0250,0250,NUMERIC,CANDIDATE,B,12,d5fd3667f45a11917eaf8c73d5c338d0f63606b9,2026-06-06T12:52:19+02:00,2026-06-06T12:52:19+02:00,,IN_MAINLINE,depot cuda actif,
candidate:numeric:0250:commit-300339641ed7,0250,0250,NUMERIC,CANDIDATE,B,4,300339641ed7a6c562349f6f023b5264a511f266,2026-06-06T14:45:29+02:00,2026-06-06T14:45:29+02:00,,IN_MAINLINE,état CUDA persistant validé,
candidate:numeric:0251:commit-300339641ed7,0251,0251,NUMERIC,CANDIDATE,B,15,300339641ed7a6c562349f6f023b5264a511f266,2026-06-06T14:45:29+02:00,2026-06-06T14:45:29+02:00,,IN_MAINLINE,état CUDA persistant validé,
candidate:numeric:0251:commit-30ad5d1d2cd1,0251,0251,NUMERIC,CANDIDATE,B,6,30ad5d1d2cd1ed85c13170aa5574419ca8666eb9,2026-06-06T15:30:30+02:00,2026-06-06T15:30:30+02:00,,IN_MAINLINE,collision SRC CUDA persistante validée sur TG périodique,
candidate:numeric:0251:commit-17f50b6b2b85,0251,0251,NUMERIC,CANDIDATE,B,28,17f50b6b2b855bef45279fc55ac22ee4e18b34ee,2026-06-06T17:07:24+02:00,2026-06-06T17:07:24+02:00,,IN_MAINLINE,collision SRC CUDA consolidée sur les 4 cas physiques,
candidate:numeric:0251:commit-2f2a257deab3,0251,0251,NUMERIC,CANDIDATE,B,16,2f2a257deab3241086f28f6a9dd0c60bd00276ed,2026-06-06T18:35:29+02:00,2026-06-06T18:35:29+02:00,,IN_MAINLINE,download post-collision réduit sans perte d’équivalence,
candidate:numeric:0251:commit-2f22fcb91802,0251,0251,NUMERIC,CANDIDATE,B,2,2f22fcb918022304a0cf88a276e36ff003752043,2026-06-07T10:36:01+02:00,2026-06-07T10:36:01+02:00,,IN_MAINLINE,Validate consolidated CUDA resident classic SRC suite 0265c,
candidate:numeric:0251:commit-160f7702ace9,0251,0251,NUMERIC,CANDIDATE,B,4,160f7702ace9d164c61d159b4d272ef4a9156c95,2026-06-07T11:11:36+02:00,2026-06-07T11:11:36+02:00,,IN_MAINLINE,Optimize CUDA resident inlet/outlet boundary scan 0267,
candidate:numeric:0251:commit-1765c4f5b8c6,0251,0251,NUMERIC,CANDIDATE,B,2,1765c4f5b8c6dc30d685bc49d7659b8b32206f0d,2026-06-07T11:45:35+02:00,2026-06-07T11:45:35+02:00,,IN_MAINLINE,Optimize CUDA resident full-face inlet reservoir with inactive slot pool 0268,
candidate:numeric:0251:commit-ca2a4addd252,0251,0251,NUMERIC,CANDIDATE,B,2,ca2a4addd252cee5b55e8e414bf9ca753097cf90,2026-06-07T12:24:49+02:00,2026-06-07T12:24:49+02:00,,IN_MAINLINE,Optimize CUDA resident segmented inlet reservoir with inactive slot pool 0269a,
candidate:numeric:0251:commit-4295348018ad,0251,0251,NUMERIC,CANDIDATE,B,2,4295348018adb041790340ac7442f42372b6df2e,2026-06-07T14:04:05+02:00,2026-06-07T14:04:05+02:00,,IN_MAINLINE,Skip redundant CPU wall boundary scan in CUDA resident path 0270,
candidate:numeric:0251:commit-de028758dd26,0251,0251,NUMERIC,CANDIDATE,B,2,de028758dd2648baa3d8954252e80d992dedda6d,2026-06-07T14:15:59+02:00,2026-06-07T14:15:59+02:00,,IN_MAINLINE,Reduce fixed overhead in CUDA resident wall and periodic streaming 0271,
candidate:numeric:0251:commit-71db12f99b1e,0251,0251,NUMERIC,CANDIDATE,B,6,71db12f99b1e27cf2f5919dc134219d566f8bdf4,2026-06-07T15:37:20+02:00,2026-06-07T15:37:20+02:00,,IN_MAINLINE,Fuse stream and deposit for CUDA resident periodic and wall paths 0274b,
candidate:numeric:0251:commit-d3dbadb02208,0251,0251,NUMERIC,CANDIDATE,B,3,d3dbadb02208863715101a83f9550c3d007fbebc,2026-06-20T18:48:36+02:00,2026-06-20T18:48:36+02:00,,IN_MAINLINE,0365: add resampling empty-refill validation docs and VK 0251 script,
candidate:numeric:0252:commit-30ad5d1d2cd1,0252,0252,NUMERIC,CANDIDATE,B,14,30ad5d1d2cd1ed85c13170aa5574419ca8666eb9,2026-06-06T15:30:30+02:00,2026-06-06T15:30:30+02:00,,IN_MAINLINE,collision SRC CUDA persistante validée sur TG périodique,
candidate:numeric:0253:commit-17f50b6b2b85,0253,0253,NUMERIC,CANDIDATE,B,12,17f50b6b2b855bef45279fc55ac22ee4e18b34ee,2026-06-06T17:07:24+02:00,2026-06-06T17:07:24+02:00,,IN_MAINLINE,collision SRC CUDA consolidée sur les 4 cas physiques,
candidate:numeric:0254:commit-17f50b6b2b85,0254,0254,NUMERIC,CANDIDATE,B,12,17f50b6b2b855bef45279fc55ac22ee4e18b34ee,2026-06-06T17:07:24+02:00,2026-06-06T17:07:24+02:00,,IN_MAINLINE,collision SRC CUDA consolidée sur les 4 cas physiques,
candidate:numeric:0255:commit-17f50b6b2b85,0255,0255,NUMERIC,CANDIDATE,B,12,17f50b6b2b855bef45279fc55ac22ee4e18b34ee,2026-06-06T17:07:24+02:00,2026-06-06T17:07:24+02:00,,IN_MAINLINE,collision SRC CUDA consolidée sur les 4 cas physiques,
candidate:numeric:0255:commit-2f22fcb91802,0255,0255,NUMERIC,CANDIDATE,B,5,2f22fcb918022304a0cf88a276e36ff003752043,2026-06-07T10:36:01+02:00,2026-06-07T10:36:01+02:00,,IN_MAINLINE,Validate consolidated CUDA resident classic SRC suite 0265c,
candidate:numeric:0255:commit-160f7702ace9,0255,0255,NUMERIC,CANDIDATE,B,10,160f7702ace9d164c61d159b4d272ef4a9156c95,2026-06-07T11:11:36+02:00,2026-06-07T11:11:36+02:00,,IN_MAINLINE,Optimize CUDA resident inlet/outlet boundary scan 0267,
candidate:numeric:0255:commit-1765c4f5b8c6,0255,0255,NUMERIC,CANDIDATE,B,5,1765c4f5b8c6dc30d685bc49d7659b8b32206f0d,2026-06-07T11:45:35+02:00,2026-06-07T11:45:35+02:00,,IN_MAINLINE,Optimize CUDA resident full-face inlet reservoir with inactive slot pool 0268,
candidate:numeric:0255:commit-ca2a4addd252,0255,0255,NUMERIC,CANDIDATE,B,5,ca2a4addd252cee5b55e8e414bf9ca753097cf90,2026-06-07T12:24:49+02:00,2026-06-07T12:24:49+02:00,,IN_MAINLINE,Optimize CUDA resident segmented inlet reservoir with inactive slot pool 0269a,
candidate:numeric:0255:commit-4295348018ad,0255,0255,NUMERIC,CANDIDATE,B,5,4295348018adb041790340ac7442f42372b6df2e,2026-06-07T14:04:05+02:00,2026-06-07T14:04:05+02:00,,IN_MAINLINE,Skip redundant CPU wall boundary scan in CUDA resident path 0270,
candidate:numeric:0255:commit-de028758dd26,0255,0255,NUMERIC,CANDIDATE,B,5,de028758dd2648baa3d8954252e80d992dedda6d,2026-06-07T14:15:59+02:00,2026-06-07T14:15:59+02:00,,IN_MAINLINE,Reduce fixed overhead in CUDA resident wall and periodic streaming 0271,
candidate:numeric:0255:commit-71db12f99b1e,0255,0255,NUMERIC,CANDIDATE,B,15,71db12f99b1e27cf2f5919dc134219d566f8bdf4,2026-06-07T15:37:20+02:00,2026-06-07T15:37:20+02:00,,IN_MAINLINE,Fuse stream and deposit for CUDA resident periodic and wall paths 0274b,
candidate:numeric:0256:commit-17f50b6b2b85,0256,0256,NUMERIC,CANDIDATE,B,36,17f50b6b2b855bef45279fc55ac22ee4e18b34ee,2026-06-06T17:07:24+02:00,2026-06-06T17:07:24+02:00,,IN_MAINLINE,collision SRC CUDA consolidée sur les 4 cas physiques,
candidate:numeric:0256:commit-2f2a257deab3,0256,0256,NUMERIC,CANDIDATE,B,16,2f2a257deab3241086f28f6a9dd0c60bd00276ed,2026-06-06T18:35:29+02:00,2026-06-06T18:35:29+02:00,,IN_MAINLINE,download post-collision réduit sans perte d’équivalence,
candidate:numeric:0257:commit-2f2a257deab3,0257,0257,NUMERIC,CANDIDATE,B,54,2f2a257deab3241086f28f6a9dd0c60bd00276ed,2026-06-06T18:35:29+02:00,2026-06-06T18:35:29+02:00,,IN_MAINLINE,download post-collision réduit sans perte d’équivalence,
candidate:numeric:0257:commit-5ee7c8b6ecc8,0257,0257,NUMERIC,CANDIDATE,B,16,5ee7c8b6ecc8febad4040ad9a543ce03c62c0620,2026-06-06T19:29:21+02:00,2026-06-06T19:29:21+02:00,,IN_MAINLINE,thermostat migré cuda,
candidate:numeric:0257:commit-72210ff8859b,0257,0257,NUMERIC,CANDIDATE,B,16,72210ff8859b957f1a0437543b72a3c34fa65d6d,2026-06-06T21:41:16+02:00,2026-06-06T21:41:16+02:00,,IN_MAINLINE,classic SRC CUDA résident périodique validé,
candidate:numeric:0257:commit-4828ac6bef13,0257,0257,NUMERIC,CANDIDATE,B,18,4828ac6bef136be34421356a54600535334a29dd,2026-06-06T22:05:28+02:00,2026-06-06T22:05:28+02:00,,IN_MAINLINE,SRC classic cuda intégré CL wall validé,
candidate:numeric:0257:commit-11c17c36713b,0257,0257,NUMERIC,CANDIDATE,B,18,11c17c36713b5f4e382efe0ea6a2473634c04165,2026-06-06T22:45:51+02:00,2026-06-06T22:45:51+02:00,,IN_MAINLINE,static rectangle immersed solid only; Q6/Q9/resampling/virial and thermostat disabled; host downloads deferred to summaries in resident mode,
candidate:numeric:0257:commit-2f22fcb91802,0257,0257,NUMERIC,CANDIDATE,B,18,2f22fcb918022304a0cf88a276e36ff003752043,2026-06-07T10:36:01+02:00,2026-06-07T10:36:01+02:00,,IN_MAINLINE,Validate consolidated CUDA resident classic SRC suite 0265c,
candidate:numeric:0257:commit-160f7702ace9,0257,0257,NUMERIC,CANDIDATE,B,112,160f7702ace9d164c61d159b4d272ef4a9156c95,2026-06-07T11:11:36+02:00,2026-06-07T11:11:36+02:00,,IN_MAINLINE,Optimize CUDA resident inlet/outlet boundary scan 0267,
candidate:numeric:0257:commit-1765c4f5b8c6,0257,0257,NUMERIC,CANDIDATE,B,56,1765c4f5b8c6dc30d685bc49d7659b8b32206f0d,2026-06-07T11:45:35+02:00,2026-06-07T11:45:35+02:00,,IN_MAINLINE,Optimize CUDA resident full-face inlet reservoir with inactive slot pool 0268,
candidate:numeric:0257:commit-ca2a4addd252,0257,0257,NUMERIC,CANDIDATE,B,56,ca2a4addd252cee5b55e8e414bf9ca753097cf90,2026-06-07T12:24:49+02:00,2026-06-07T12:24:49+02:00,,IN_MAINLINE,Optimize CUDA resident segmented inlet reservoir with inactive slot pool 0269a,
candidate:numeric:0257:commit-4295348018ad,0257,0257,NUMERIC,CANDIDATE,B,56,4295348018adb041790340ac7442f42372b6df2e,2026-06-07T14:04:05+02:00,2026-06-07T14:04:05+02:00,,IN_MAINLINE,Skip redundant CPU wall boundary scan in CUDA resident path 0270,
candidate:numeric:0257:commit-de028758dd26,0257,0257,NUMERIC,CANDIDATE,B,56,de028758dd2648baa3d8954252e80d992dedda6d,2026-06-07T14:15:59+02:00,2026-06-07T14:15:59+02:00,,IN_MAINLINE,Reduce fixed overhead in CUDA resident wall and periodic streaming 0271,
candidate:numeric:0257:commit-71db12f99b1e,0257,0257,NUMERIC,CANDIDATE,B,168,71db12f99b1e27cf2f5919dc134219d566f8bdf4,2026-06-07T15:37:20+02:00,2026-06-07T15:37:20+02:00,,IN_MAINLINE,Fuse stream and deposit for CUDA resident periodic and wall paths 0274b,
candidate:numeric:0258:commit-5ee7c8b6ecc8,0258,0258,NUMERIC,CANDIDATE,B,36,5ee7c8b6ecc8febad4040ad9a543ce03c62c0620,2026-06-06T19:29:21+02:00,2026-06-06T19:29:21+02:00,,IN_MAINLINE,thermostat migré cuda,
candidate:numeric:0259:commit-72210ff8859b,0259,0259,NUMERIC,CANDIDATE,B,46,72210ff8859b957f1a0437543b72a3c34fa65d6d,2026-06-06T21:41:16+02:00,2026-06-06T21:41:16+02:00,,IN_MAINLINE,classic SRC CUDA résident périodique validé,
candidate:numeric:0259:commit-2f22fcb91802,0259,0259,NUMERIC,CANDIDATE,B,18,2f22fcb918022304a0cf88a276e36ff003752043,2026-06-07T10:36:01+02:00,2026-06-07T10:36:01+02:00,,IN_MAINLINE,Validate consolidated CUDA resident classic SRC suite 0265c,
candidate:numeric:0259:commit-160f7702ace9,0259,0259,NUMERIC,CANDIDATE,B,56,160f7702ace9d164c61d159b4d272ef4a9156c95,2026-06-07T11:11:36+02:00,2026-06-07T11:11:36+02:00,,IN_MAINLINE,Optimize CUDA resident inlet/outlet boundary scan 0267,
candidate:numeric:0259:commit-1765c4f5b8c6,0259,0259,NUMERIC,CANDIDATE,B,28,1765c4f5b8c6dc30d685bc49d7659b8b32206f0d,2026-06-07T11:45:35+02:00,2026-06-07T11:45:35+02:00,,IN_MAINLINE,Optimize CUDA resident full-face inlet reservoir with inactive slot pool 0268,
candidate:numeric:0259:commit-ca2a4addd252,0259,0259,NUMERIC,CANDIDATE,B,28,ca2a4addd252cee5b55e8e414bf9ca753097cf90,2026-06-07T12:24:49+02:00,2026-06-07T12:24:49+02:00,,IN_MAINLINE,Optimize CUDA resident segmented inlet reservoir with inactive slot pool 0269a,
candidate:numeric:0259:commit-4295348018ad,0259,0259,NUMERIC,CANDIDATE,B,28,4295348018adb041790340ac7442f42372b6df2e,2026-06-07T14:04:05+02:00,2026-06-07T14:04:05+02:00,,IN_MAINLINE,Skip redundant CPU wall boundary scan in CUDA resident path 0270,
candidate:numeric:0259:commit-de028758dd26,0259,0259,NUMERIC,CANDIDATE,B,28,de028758dd2648baa3d8954252e80d992dedda6d,2026-06-07T14:15:59+02:00,2026-06-07T14:15:59+02:00,,IN_MAINLINE,Reduce fixed overhead in CUDA resident wall and periodic streaming 0271,
candidate:numeric:0259:commit-71db12f99b1e,0259,0259,NUMERIC,CANDIDATE,B,84,71db12f99b1e27cf2f5919dc134219d566f8bdf4,2026-06-07T15:37:20+02:00,2026-06-07T15:37:20+02:00,,IN_MAINLINE,Fuse stream and deposit for CUDA resident periodic and wall paths 0274b,
candidate:numeric:0260:commit-72210ff8859b,0260,0260,NUMERIC,CANDIDATE,B,54,72210ff8859b957f1a0437543b72a3c34fa65d6d,2026-06-06T21:41:16+02:00,2026-06-06T21:41:16+02:00,,IN_MAINLINE,classic SRC CUDA résident périodique validé,
candidate:numeric:0260:commit-2f22fcb91802,0260,0260,NUMERIC,CANDIDATE,B,50,2f22fcb918022304a0cf88a276e36ff003752043,2026-06-07T10:36:01+02:00,2026-06-07T10:36:01+02:00,,IN_MAINLINE,Validate consolidated CUDA resident classic SRC suite 0265c,
candidate:numeric:0260:commit-160f7702ace9,0260,0260,NUMERIC,CANDIDATE,B,154,160f7702ace9d164c61d159b4d272ef4a9156c95,2026-06-07T11:11:36+02:00,2026-06-07T11:11:36+02:00,,IN_MAINLINE,Optimize CUDA resident inlet/outlet boundary scan 0267,
candidate:numeric:0260:commit-1765c4f5b8c6,0260,0260,NUMERIC,CANDIDATE,B,77,1765c4f5b8c6dc30d685bc49d7659b8b32206f0d,2026-06-07T11:45:35+02:00,2026-06-07T11:45:35+02:00,,IN_MAINLINE,Optimize CUDA resident full-face inlet reservoir with inactive slot pool 0268,
candidate:numeric:0260:commit-ca2a4addd252,0260,0260,NUMERIC,CANDIDATE,B,77,ca2a4addd252cee5b55e8e414bf9ca753097cf90,2026-06-07T12:24:49+02:00,2026-06-07T12:24:49+02:00,,IN_MAINLINE,Optimize CUDA resident segmented inlet reservoir with inactive slot pool 0269a,
candidate:numeric:0260:commit-4295348018ad,0260,0260,NUMERIC,CANDIDATE,B,77,4295348018adb041790340ac7442f42372b6df2e,2026-06-07T14:04:05+02:00,2026-06-07T14:04:05+02:00,,IN_MAINLINE,Skip redundant CPU wall boundary scan in CUDA resident path 0270,
candidate:numeric:0260:commit-de028758dd26,0260,0260,NUMERIC,CANDIDATE,B,77,de028758dd2648baa3d8954252e80d992dedda6d,2026-06-07T14:15:59+02:00,2026-06-07T14:15:59+02:00,,IN_MAINLINE,Reduce fixed overhead in CUDA resident wall and periodic streaming 0271,
candidate:numeric:0260:commit-71db12f99b1e,0260,0260,NUMERIC,CANDIDATE,B,231,71db12f99b1e27cf2f5919dc134219d566f8bdf4,2026-06-07T15:37:20+02:00,2026-06-07T15:37:20+02:00,,IN_MAINLINE,Fuse stream and deposit for CUDA resident periodic and wall paths 0274b,
candidate:numeric:0261:commit-4828ac6bef13,0261,0261,NUMERIC,CANDIDATE,B,54,4828ac6bef136be34421356a54600535334a29dd,2026-06-06T22:05:28+02:00,2026-06-06T22:05:28+02:00,,IN_MAINLINE,SRC classic cuda intégré CL wall validé,
candidate:numeric:0261:commit-2f22fcb91802,0261,0261,NUMERIC,CANDIDATE,B,25,2f22fcb918022304a0cf88a276e36ff003752043,2026-06-07T10:36:01+02:00,2026-06-07T10:36:01+02:00,,IN_MAINLINE,Validate consolidated CUDA resident classic SRC suite 0265c,
candidate:numeric:0261:commit-160f7702ace9,0261,0261,NUMERIC,CANDIDATE,B,154,160f7702ace9d164c61d159b4d272ef4a9156c95,2026-06-07T11:11:36+02:00,2026-06-07T11:11:36+02:00,,IN_MAINLINE,Optimize CUDA resident inlet/outlet boundary scan 0267,
candidate:numeric:0261:commit-1765c4f5b8c6,0261,0261,NUMERIC,CANDIDATE,B,77,1765c4f5b8c6dc30d685bc49d7659b8b32206f0d,2026-06-07T11:45:35+02:00,2026-06-07T11:45:35+02:00,,IN_MAINLINE,Optimize CUDA resident full-face inlet reservoir with inactive slot pool 0268,
candidate:numeric:0261:commit-ca2a4addd252,0261,0261,NUMERIC,CANDIDATE,B,77,ca2a4addd252cee5b55e8e414bf9ca753097cf90,2026-06-07T12:24:49+02:00,2026-06-07T12:24:49+02:00,,IN_MAINLINE,Optimize CUDA resident segmented inlet reservoir with inactive slot pool 0269a,
candidate:numeric:0261:commit-4295348018ad,0261,0261,NUMERIC,CANDIDATE,B,77,4295348018adb041790340ac7442f42372b6df2e,2026-06-07T14:04:05+02:00,2026-06-07T14:04:05+02:00,,IN_MAINLINE,Skip redundant CPU wall boundary scan in CUDA resident path 0270,
candidate:numeric:0261:commit-de028758dd26,0261,0261,NUMERIC,CANDIDATE,B,77,de028758dd2648baa3d8954252e80d992dedda6d,2026-06-07T14:15:59+02:00,2026-06-07T14:15:59+02:00,,IN_MAINLINE,Reduce fixed overhead in CUDA resident wall and periodic streaming 0271,
candidate:numeric:0261:commit-71db12f99b1e,0261,0261,NUMERIC,CANDIDATE,B,231,71db12f99b1e27cf2f5919dc134219d566f8bdf4,2026-06-07T15:37:20+02:00,2026-06-07T15:37:20+02:00,,IN_MAINLINE,Fuse stream and deposit for CUDA resident periodic and wall paths 0274b,
candidate:numeric:0262:commit-11c17c36713b,0262,0262,NUMERIC,CANDIDATE,B,54,11c17c36713b5f4e382efe0ea6a2473634c04165,2026-06-06T22:45:51+02:00,2026-06-06T22:45:51+02:00,,IN_MAINLINE,static rectangle immersed solid only; Q6/Q9/resampling/virial and thermostat disabled; host downloads deferred to summaries in resident mode,
candidate:numeric:0262:commit-de186d00dbb0,0262,0262,NUMERIC,CANDIDATE,B,1,de186d00dbb0072f2de3f455fb714c6223144650,2026-06-07T08:51:01+02:00,2026-06-07T08:51:01+02:00,,IN_MAINLINE,Validate CUDA resident classic SRC full-face inlet/outlet 0263d,
candidate:numeric:0262:commit-2f22fcb91802,0262,0262,NUMERIC,CANDIDATE,B,25,2f22fcb918022304a0cf88a276e36ff003752043,2026-06-07T10:36:01+02:00,2026-06-07T10:36:01+02:00,,IN_MAINLINE,Validate consolidated CUDA resident classic SRC suite 0265c,
candidate:numeric:0262:commit-160f7702ace9,0262,0262,NUMERIC,CANDIDATE,B,154,160f7702ace9d164c61d159b4d272ef4a9156c95,2026-06-07T11:11:36+02:00,2026-06-07T11:11:36+02:00,,IN_MAINLINE,Optimize CUDA resident inlet/outlet boundary scan 0267,
candidate:numeric:0262:commit-1765c4f5b8c6,0262,0262,NUMERIC,CANDIDATE,B,77,1765c4f5b8c6dc30d685bc49d7659b8b32206f0d,2026-06-07T11:45:35+02:00,2026-06-07T11:45:35+02:00,,IN_MAINLINE,Optimize CUDA resident full-face inlet reservoir with inactive slot pool 0268,
candidate:numeric:0262:commit-ca2a4addd252,0262,0262,NUMERIC,CANDIDATE,B,77,ca2a4addd252cee5b55e8e414bf9ca753097cf90,2026-06-07T12:24:49+02:00,2026-06-07T12:24:49+02:00,,IN_MAINLINE,Optimize CUDA resident segmented inlet reservoir with inactive slot pool 0269a,
candidate:numeric:0262:commit-4295348018ad,0262,0262,NUMERIC,CANDIDATE,B,77,4295348018adb041790340ac7442f42372b6df2e,2026-06-07T14:04:05+02:00,2026-06-07T14:04:05+02:00,,IN_MAINLINE,Skip redundant CPU wall boundary scan in CUDA resident path 0270,
candidate:numeric:0262:commit-de028758dd26,0262,0262,NUMERIC,CANDIDATE,B,77,de028758dd2648baa3d8954252e80d992dedda6d,2026-06-07T14:15:59+02:00,2026-06-07T14:15:59+02:00,,IN_MAINLINE,Reduce fixed overhead in CUDA resident wall and periodic streaming 0271,
candidate:numeric:0262:commit-71db12f99b1e,0262,0262,NUMERIC,CANDIDATE,B,231,71db12f99b1e27cf2f5919dc134219d566f8bdf4,2026-06-07T15:37:20+02:00,2026-06-07T15:37:20+02:00,,IN_MAINLINE,Fuse stream and deposit for CUDA resident periodic and wall paths 0274b,
candidate:numeric:0263:commit-de186d00dbb0,0263,0263,NUMERIC,CANDIDATE,B,5,de186d00dbb0072f2de3f455fb714c6223144650,2026-06-07T08:51:01+02:00,2026-06-07T08:51:01+02:00,,IN_MAINLINE,Validate CUDA resident classic SRC full-face inlet/outlet 0263d,
candidate:numeric:0263:commit-24055313272b,0263,0263,NUMERIC,CANDIDATE,B,31,24055313272b9ad194811ad0beef31cd1091c8eb,2026-06-07T08:51:33+02:00,2026-06-07T08:51:33+02:00,,IN_MAINLINE,Validate CUDA resident classic SRC full-face inlet/outlet 0263d,
candidate:numeric:0263:commit-2f22fcb91802,0263,0263,NUMERIC,CANDIDATE,B,16,2f22fcb918022304a0cf88a276e36ff003752043,2026-06-07T10:36:01+02:00,2026-06-07T10:36:01+02:00,,IN_MAINLINE,Validate consolidated CUDA resident classic SRC suite 0265c,
candidate:numeric:0263:commit-160f7702ace9,0263,0263,NUMERIC,CANDIDATE,B,98,160f7702ace9d164c61d159b4d272ef4a9156c95,2026-06-07T11:11:36+02:00,2026-06-07T11:11:36+02:00,,IN_MAINLINE,Optimize CUDA resident inlet/outlet boundary scan 0267,
candidate:numeric:0263:commit-1765c4f5b8c6,0263,0263,NUMERIC,CANDIDATE,B,49,1765c4f5b8c6dc30d685bc49d7659b8b32206f0d,2026-06-07T11:45:35+02:00,2026-06-07T11:45:35+02:00,,IN_MAINLINE,Optimize CUDA resident full-face inlet reservoir with inactive slot pool 0268,
candidate:numeric:0263:commit-ca2a4addd252,0263,0263,NUMERIC,CANDIDATE,B,49,ca2a4addd252cee5b55e8e414bf9ca753097cf90,2026-06-07T12:24:49+02:00,2026-06-07T12:24:49+02:00,,IN_MAINLINE,Optimize CUDA resident segmented inlet reservoir with inactive slot pool 0269a,
candidate:numeric:0263:commit-4295348018ad,0263,0263,NUMERIC,CANDIDATE,B,49,4295348018adb041790340ac7442f42372b6df2e,2026-06-07T14:04:05+02:00,2026-06-07T14:04:05+02:00,,IN_MAINLINE,Skip redundant CPU wall boundary scan in CUDA resident path 0270,
candidate:numeric:0263:commit-de028758dd26,0263,0263,NUMERIC,CANDIDATE,B,49,de028758dd2648baa3d8954252e80d992dedda6d,2026-06-07T14:15:59+02:00,2026-06-07T14:15:59+02:00,,IN_MAINLINE,Reduce fixed overhead in CUDA resident wall and periodic streaming 0271,
candidate:numeric:0263:commit-71db12f99b1e,0263,0263,NUMERIC,CANDIDATE,B,147,71db12f99b1e27cf2f5919dc134219d566f8bdf4,2026-06-07T15:37:20+02:00,2026-06-07T15:37:20+02:00,,IN_MAINLINE,Fuse stream and deposit for CUDA resident periodic and wall paths 0274b,
candidate:numeric:0263b:commit-de186d00dbb0,0263b,0263b,NUMERIC,CANDIDATE,B,1,de186d00dbb0072f2de3f455fb714c6223144650,2026-06-07T08:51:01+02:00,2026-06-07T08:51:01+02:00,,IN_MAINLINE,Validate CUDA resident classic SRC full-face inlet/outlet 0263d,
candidate:numeric:0263c:commit-de186d00dbb0,0263c,0263c,NUMERIC,CANDIDATE,B,1,de186d00dbb0072f2de3f455fb714c6223144650,2026-06-07T08:51:01+02:00,2026-06-07T08:51:01+02:00,,IN_MAINLINE,Validate CUDA resident classic SRC full-face inlet/outlet 0263d,
candidate:numeric:0263d:commit-de186d00dbb0,0263d,0263d,NUMERIC,CANDIDATE,B,2,de186d00dbb0072f2de3f455fb714c6223144650,2026-06-07T08:51:01+02:00,2026-06-07T08:51:01+02:00,,IN_MAINLINE,Validate CUDA resident classic SRC full-face inlet/outlet 0263d,
candidate:numeric:0263d:commit-24055313272b,0263d,0263d,NUMERIC,CANDIDATE,B,1,24055313272b9ad194811ad0beef31cd1091c8eb,2026-06-07T08:51:33+02:00,2026-06-07T08:51:33+02:00,,IN_MAINLINE,Validate CUDA resident classic SRC full-face inlet/outlet 0263d,
candidate:numeric:0264:commit-8cee332e3911,0264,0264,NUMERIC,CANDIDATE,B,35,8cee332e3911d97948bb1afd518d41baa279aa35,2026-06-07T09:46:56+02:00,2026-06-07T09:46:56+02:00,,IN_MAINLINE,Validate CUDA resident classic SRC segmented inlet/outlet 0264,
candidate:numeric:0264:commit-2f22fcb91802,0264,0264,NUMERIC,CANDIDATE,B,16,2f22fcb918022304a0cf88a276e36ff003752043,2026-06-07T10:36:01+02:00,2026-06-07T10:36:01+02:00,,IN_MAINLINE,Validate consolidated CUDA resident classic SRC suite 0265c,
candidate:numeric:0264:commit-160f7702ace9,0264,0264,NUMERIC,CANDIDATE,B,98,160f7702ace9d164c61d159b4d272ef4a9156c95,2026-06-07T11:11:36+02:00,2026-06-07T11:11:36+02:00,,IN_MAINLINE,Optimize CUDA resident inlet/outlet boundary scan 0267,
candidate:numeric:0264:commit-1765c4f5b8c6,0264,0264,NUMERIC,CANDIDATE,B,49,1765c4f5b8c6dc30d685bc49d7659b8b32206f0d,2026-06-07T11:45:35+02:00,2026-06-07T11:45:35+02:00,,IN_MAINLINE,Optimize CUDA resident full-face inlet reservoir with inactive slot pool 0268,
candidate:numeric:0264:commit-ca2a4addd252,0264,0264,NUMERIC,CANDIDATE,B,49,ca2a4addd252cee5b55e8e414bf9ca753097cf90,2026-06-07T12:24:49+02:00,2026-06-07T12:24:49+02:00,,IN_MAINLINE,Optimize CUDA resident segmented inlet reservoir with inactive slot pool 0269a,
candidate:numeric:0264:commit-4295348018ad,0264,0264,NUMERIC,CANDIDATE,B,49,4295348018adb041790340ac7442f42372b6df2e,2026-06-07T14:04:05+02:00,2026-06-07T14:04:05+02:00,,IN_MAINLINE,Skip redundant CPU wall boundary scan in CUDA resident path 0270,
candidate:numeric:0264:commit-de028758dd26,0264,0264,NUMERIC,CANDIDATE,B,49,de028758dd2648baa3d8954252e80d992dedda6d,2026-06-07T14:15:59+02:00,2026-06-07T14:15:59+02:00,,IN_MAINLINE,Reduce fixed overhead in CUDA resident wall and periodic streaming 0271,
candidate:numeric:0264:commit-71db12f99b1e,0264,0264,NUMERIC,CANDIDATE,B,147,71db12f99b1e27cf2f5919dc134219d566f8bdf4,2026-06-07T15:37:20+02:00,2026-06-07T15:37:20+02:00,,IN_MAINLINE,Fuse stream and deposit for CUDA resident periodic and wall paths 0274b,
candidate:numeric:0265:commit-2f22fcb91802,0265,0265,NUMERIC,CANDIDATE,B,29,2f22fcb918022304a0cf88a276e36ff003752043,2026-06-07T10:36:01+02:00,2026-06-07T10:36:01+02:00,,IN_MAINLINE,Validate consolidated CUDA resident classic SRC suite 0265c,
candidate:numeric:0265c:commit-2f22fcb91802,0265c,0265c,NUMERIC,CANDIDATE,B,116,2f22fcb918022304a0cf88a276e36ff003752043,2026-06-07T10:36:01+02:00,2026-06-07T10:36:01+02:00,,IN_MAINLINE,Validate consolidated CUDA resident classic SRC suite 0265c,
candidate:numeric:0266:commit-160f7702ace9,0266,0266,NUMERIC,CANDIDATE,B,357,160f7702ace9d164c61d159b4d272ef4a9156c95,2026-06-07T11:11:36+02:00,2026-06-07T11:11:36+02:00,,IN_MAINLINE,Optimize CUDA resident inlet/outlet boundary scan 0267,
candidate:numeric:0266:commit-1765c4f5b8c6,0266,0266,NUMERIC,CANDIDATE,B,16,1765c4f5b8c6dc30d685bc49d7659b8b32206f0d,2026-06-07T11:45:35+02:00,2026-06-07T11:45:35+02:00,,IN_MAINLINE,Optimize CUDA resident full-face inlet reservoir with inactive slot pool 0268,
candidate:numeric:0266:commit-ca2a4addd252,0266,0266,NUMERIC,CANDIDATE,B,16,ca2a4addd252cee5b55e8e414bf9ca753097cf90,2026-06-07T12:24:49+02:00,2026-06-07T12:24:49+02:00,,IN_MAINLINE,Optimize CUDA resident segmented inlet reservoir with inactive slot pool 0269a,
candidate:numeric:0266:commit-4295348018ad,0266,0266,NUMERIC,CANDIDATE,B,16,4295348018adb041790340ac7442f42372b6df2e,2026-06-07T14:04:05+02:00,2026-06-07T14:04:05+02:00,,IN_MAINLINE,Skip redundant CPU wall boundary scan in CUDA resident path 0270,
candidate:numeric:0266:commit-de028758dd26,0266,0266,NUMERIC,CANDIDATE,B,16,de028758dd2648baa3d8954252e80d992dedda6d,2026-06-07T14:15:59+02:00,2026-06-07T14:15:59+02:00,,IN_MAINLINE,Reduce fixed overhead in CUDA resident wall and periodic streaming 0271,
candidate:numeric:0266:commit-71db12f99b1e,0266,0266,NUMERIC,CANDIDATE,B,48,71db12f99b1e27cf2f5919dc134219d566f8bdf4,2026-06-07T15:37:20+02:00,2026-06-07T15:37:20+02:00,,IN_MAINLINE,Fuse stream and deposit for CUDA resident periodic and wall paths 0274b,
candidate:numeric:0267:commit-160f7702ace9,0267,0267,NUMERIC,CANDIDATE,B,342,160f7702ace9d164c61d159b4d272ef4a9156c95,2026-06-07T11:11:36+02:00,2026-06-07T11:11:36+02:00,,IN_MAINLINE,Optimize CUDA resident inlet/outlet boundary scan 0267,
candidate:numeric:0268:commit-1765c4f5b8c6,0268,0268,NUMERIC,CANDIDATE,B,342,1765c4f5b8c6dc30d685bc49d7659b8b32206f0d,2026-06-07T11:45:35+02:00,2026-06-07T11:45:35+02:00,,IN_MAINLINE,Optimize CUDA resident full-face inlet reservoir with inactive slot pool 0268,
candidate:numeric:0269a:commit-ca2a4addd252,0269a,0269a,NUMERIC,CANDIDATE,B,342,ca2a4addd252cee5b55e8e414bf9ca753097cf90,2026-06-07T12:24:49+02:00,2026-06-07T12:24:49+02:00,,IN_MAINLINE,Optimize CUDA resident segmented inlet reservoir with inactive slot pool 0269a,
candidate:numeric:0270:commit-4295348018ad,0270,0270,NUMERIC,CANDIDATE,B,342,4295348018adb041790340ac7442f42372b6df2e,2026-06-07T14:04:05+02:00,2026-06-07T14:04:05+02:00,,IN_MAINLINE,Skip redundant CPU wall boundary scan in CUDA resident path 0270,
candidate:numeric:0271:commit-de028758dd26,0271,0271,NUMERIC,CANDIDATE,B,342,de028758dd2648baa3d8954252e80d992dedda6d,2026-06-07T14:15:59+02:00,2026-06-07T14:15:59+02:00,,IN_MAINLINE,Reduce fixed overhead in CUDA resident wall and periodic streaming 0271,
candidate:numeric:0272:commit-71db12f99b1e,0272,0272,NUMERIC,CANDIDATE,B,341,71db12f99b1e27cf2f5919dc134219d566f8bdf4,2026-06-07T15:37:20+02:00,2026-06-07T15:37:20+02:00,,IN_MAINLINE,Fuse stream and deposit for CUDA resident periodic and wall paths 0274b,
candidate:numeric:0272b:commit-71db12f99b1e,0272b,0272b,NUMERIC,CANDIDATE,B,1,71db12f99b1e27cf2f5919dc134219d566f8bdf4,2026-06-07T15:37:20+02:00,2026-06-07T15:37:20+02:00,,IN_MAINLINE,Fuse stream and deposit for CUDA resident periodic and wall paths 0274b,
candidate:numeric:0273:commit-71db12f99b1e,0273,0273,NUMERIC,CANDIDATE,B,341,71db12f99b1e27cf2f5919dc134219d566f8bdf4,2026-06-07T15:37:20+02:00,2026-06-07T15:37:20+02:00,,IN_MAINLINE,Fuse stream and deposit for CUDA resident periodic and wall paths 0274b,
candidate:numeric:0274:commit-71db12f99b1e,0274,0274,NUMERIC,CANDIDATE,B,341,71db12f99b1e27cf2f5919dc134219d566f8bdf4,2026-06-07T15:37:20+02:00,2026-06-07T15:37:20+02:00,,IN_MAINLINE,Fuse stream and deposit for CUDA resident periodic and wall paths 0274b,
candidate:numeric:0274b:commit-71db12f99b1e,0274b,0274b,NUMERIC,CANDIDATE,B,2,71db12f99b1e27cf2f5919dc134219d566f8bdf4,2026-06-07T15:37:20+02:00,2026-06-07T15:37:20+02:00,,IN_MAINLINE,Fuse stream and deposit for CUDA resident periodic and wall paths 0274b,
candidate:numeric:0275:commit-660cef109b55,0275,0275,NUMERIC,CANDIDATE,B,4,660cef109b5524ac0c56f540a8a57cab4d764578,2026-06-07T16:17:49+02:00,2026-06-07T16:17:49+02:00,,IN_MAINLINE,cuda SRC voie principale pour classic,
candidate:numeric:0276:commit-f13454a8ed20,0276,0276,NUMERIC,CANDIDATE,B,80,f13454a8ed205f6c52dff4144d5abc22f5d8cfc5,2026-06-07T18:06:14+02:00,2026-06-07T18:06:14+02:00,,IN_MAINLINE,full SRC classic step migrated CUDA,
candidate:numeric:0277:commit-f13454a8ed20,0277,0277,NUMERIC,CANDIDATE,B,80,f13454a8ed205f6c52dff4144d5abc22f5d8cfc5,2026-06-07T18:06:14+02:00,2026-06-07T18:06:14+02:00,,IN_MAINLINE,full SRC classic step migrated CUDA,
candidate:numeric:0278:commit-f13454a8ed20,0278,0278,NUMERIC,CANDIDATE,B,85,f13454a8ed205f6c52dff4144d5abc22f5d8cfc5,2026-06-07T18:06:14+02:00,2026-06-07T18:06:14+02:00,,IN_MAINLINE,full SRC classic step migrated CUDA,
candidate:numeric:0279:commit-f13454a8ed20,0279,0279,NUMERIC,CANDIDATE,B,49,f13454a8ed205f6c52dff4144d5abc22f5d8cfc5,2026-06-07T18:06:14+02:00,2026-06-07T18:06:14+02:00,,IN_MAINLINE,full SRC classic step migrated CUDA,
candidate:numeric:0279b:commit-f13454a8ed20,0279b,0279b,NUMERIC,CANDIDATE,B,63,f13454a8ed205f6c52dff4144d5abc22f5d8cfc5,2026-06-07T18:06:14+02:00,2026-06-07T18:06:14+02:00,,IN_MAINLINE,full SRC classic step migrated CUDA,
candidate:numeric:0280:commit-f13454a8ed20,0280,0280,NUMERIC,CANDIDATE,B,16,f13454a8ed205f6c52dff4144d5abc22f5d8cfc5,2026-06-07T18:06:14+02:00,2026-06-07T18:06:14+02:00,,IN_MAINLINE,full SRC classic step migrated CUDA,
candidate:numeric:0280b:commit-f13454a8ed20,0280b,0280b,NUMERIC,CANDIDATE,B,16,f13454a8ed205f6c52dff4144d5abc22f5d8cfc5,2026-06-07T18:06:14+02:00,2026-06-07T18:06:14+02:00,,IN_MAINLINE,full SRC classic step migrated CUDA,
candidate:numeric:0280c:commit-f13454a8ed20,0280c,0280c,NUMERIC,CANDIDATE,B,80,f13454a8ed205f6c52dff4144d5abc22f5d8cfc5,2026-06-07T18:06:14+02:00,2026-06-07T18:06:14+02:00,,IN_MAINLINE,full SRC classic step migrated CUDA,
candidate:numeric:0281:commit-f13454a8ed20,0281,0281,NUMERIC,CANDIDATE,B,164,f13454a8ed205f6c52dff4144d5abc22f5d8cfc5,2026-06-07T18:06:14+02:00,2026-06-07T18:06:14+02:00,,IN_MAINLINE,full SRC classic step migrated CUDA,
candidate:numeric:0281:commit-07e9b1d8abfc,0281,0281,NUMERIC,CANDIDATE,B,2,07e9b1d8abfc2889cc4a021b7239f69fa962a021,2026-06-07T21:10:31+02:00,2026-06-07T21:10:31+02:00,,IN_MAINLINE,depot nettoyé,
candidate:numeric:0283:commit-5329609e68fd,0283,0283,NUMERIC,CANDIDATE,B,8,5329609e68fd8ca8dcb5d8c081968804ec79a1f8,2026-06-07T19:20:39+02:00,2026-06-07T19:20:39+02:00,,IN_MAINLINE,SRC classic cuda + cylinder solid,
candidate:numeric:0283b:commit-5329609e68fd,0283b,0283b,NUMERIC,CANDIDATE,B,1,5329609e68fd8ca8dcb5d8c081968804ec79a1f8,2026-06-07T19:20:39+02:00,2026-06-07T19:20:39+02:00,,IN_MAINLINE,SRC classic cuda + cylinder solid,
candidate:numeric:0283c:commit-5329609e68fd,0283c,0283c,NUMERIC,CANDIDATE,B,1,5329609e68fd8ca8dcb5d8c081968804ec79a1f8,2026-06-07T19:20:39+02:00,2026-06-07T19:20:39+02:00,,IN_MAINLINE,SRC classic cuda + cylinder solid,
candidate:numeric:0284:commit-5329609e68fd,0284,0284,NUMERIC,CANDIDATE,B,51,5329609e68fd8ca8dcb5d8c081968804ec79a1f8,2026-06-07T19:20:39+02:00,2026-06-07T19:20:39+02:00,,IN_MAINLINE,SRC classic cuda + cylinder solid,
candidate:numeric:0284:commit-07e9b1d8abfc,0284,0284,NUMERIC,CANDIDATE,B,1,07e9b1d8abfc2889cc4a021b7239f69fa962a021,2026-06-07T21:10:31+02:00,2026-06-07T21:10:31+02:00,,IN_MAINLINE,depot nettoyé,
candidate:numeric:0285:commit-5329609e68fd,0285,0285,NUMERIC,CANDIDATE,B,50,5329609e68fd8ca8dcb5d8c081968804ec79a1f8,2026-06-07T19:20:39+02:00,2026-06-07T19:20:39+02:00,,IN_MAINLINE,SRC classic cuda + cylinder solid,
candidate:numeric:0285:commit-07e9b1d8abfc,0285,0285,NUMERIC,CANDIDATE,B,1,07e9b1d8abfc2889cc4a021b7239f69fa962a021,2026-06-07T21:10:31+02:00,2026-06-07T21:10:31+02:00,,IN_MAINLINE,depot nettoyé,
candidate:numeric:0285b:commit-5329609e68fd,0285b,0285b,NUMERIC,CANDIDATE,B,1,5329609e68fd8ca8dcb5d8c081968804ec79a1f8,2026-06-07T19:20:39+02:00,2026-06-07T19:20:39+02:00,,IN_MAINLINE,SRC classic cuda + cylinder solid,
candidate:numeric:0286:commit-5329609e68fd,0286,0286,NUMERIC,CANDIDATE,B,8,5329609e68fd8ca8dcb5d8c081968804ec79a1f8,2026-06-07T19:20:39+02:00,2026-06-07T19:20:39+02:00,,IN_MAINLINE,SRC classic cuda + cylinder solid,
candidate:numeric:0286:commit-07e9b1d8abfc,0286,0286,NUMERIC,CANDIDATE,B,2,07e9b1d8abfc2889cc4a021b7239f69fa962a021,2026-06-07T21:10:31+02:00,2026-06-07T21:10:31+02:00,,IN_MAINLINE,depot nettoyé,
candidate:numeric:0287:commit-e3e25ac4e3cb,0287,0287,NUMERIC,CANDIDATE,B,5,e3e25ac4e3cbbf0955f8151419d81a9a7ceff7f1,2026-06-07T20:56:54+02:00,2026-06-07T20:56:54+02:00,,IN_MAINLINE,bug injection inlet corrigé,
candidate:numeric:0288:commit-e3e25ac4e3cb,0288,0288,NUMERIC,CANDIDATE,B,2,e3e25ac4e3cbbf0955f8151419d81a9a7ceff7f1,2026-06-07T20:56:54+02:00,2026-06-07T20:56:54+02:00,,IN_MAINLINE,bug injection inlet corrigé,
candidate:numeric:0289:commit-07e9b1d8abfc,0289,0289,NUMERIC,CANDIDATE,B,2,07e9b1d8abfc2889cc4a021b7239f69fa962a021,2026-06-07T21:10:31+02:00,2026-06-07T21:10:31+02:00,,IN_MAINLINE,depot nettoyé,
candidate:numeric:0290:commit-3b9059101bee,0290,0290,NUMERIC,CANDIDATE,B,1,3b9059101bee29ae9ab43977c3898f92c70d42bf,2026-06-07T23:27:22+02:00,2026-06-07T23:27:22+02:00,,IN_MAINLINE,bug correction diverse,
candidate:numeric:0291:commit-3b9059101bee,0291,0291,NUMERIC,CANDIDATE,B,2,3b9059101bee29ae9ab43977c3898f92c70d42bf,2026-06-07T23:27:22+02:00,2026-06-07T23:27:22+02:00,,IN_MAINLINE,bug correction diverse,
candidate:numeric:0291b:commit-3b9059101bee,0291b,0291b,NUMERIC,CANDIDATE,B,2,3b9059101bee29ae9ab43977c3898f92c70d42bf,2026-06-07T23:27:22+02:00,2026-06-07T23:27:22+02:00,,IN_MAINLINE,bug correction diverse,
candidate:numeric:0292:commit-3b9059101bee,0292,0292,NUMERIC,CANDIDATE,B,5,3b9059101bee29ae9ab43977c3898f92c70d42bf,2026-06-07T23:27:22+02:00,2026-06-07T23:27:22+02:00,,IN_MAINLINE,bug correction diverse,
candidate:numeric:0293:commit-3b9059101bee,0293,0293,NUMERIC,CANDIDATE,B,2,3b9059101bee29ae9ab43977c3898f92c70d42bf,2026-06-07T23:27:22+02:00,2026-06-07T23:27:22+02:00,,IN_MAINLINE,bug correction diverse,
candidate:numeric:0295:commit-02cf2f6322af,0295,0295,NUMERIC,CANDIDATE,B,5,02cf2f6322af7a742b229f4349d2e16ee1e46c1a,2026-06-08T14:42:41+02:00,2026-06-08T14:42:41+02:00,,IN_MAINLINE,0294/0295: add passive post-SRC CUDA support survey,
candidate:numeric:0300:commit-f1b0d006486c,0300,0300,NUMERIC,CANDIDATE,B,5,f1b0d006486c5350fcede1b08a827e22a0effb09,2026-06-08T20:17:49+02:00,2026-06-08T20:17:49+02:00,,IN_MAINLINE,0302: document backward-step CUDA resampling validation,
candidate:numeric:0301:commit-f1b0d006486c,0301,0301,NUMERIC,CANDIDATE,B,5,f1b0d006486c5350fcede1b08a827e22a0effb09,2026-06-08T20:17:49+02:00,2026-06-08T20:17:49+02:00,,IN_MAINLINE,0302: document backward-step CUDA resampling validation,
candidate:numeric:0303:commit-815608644a62,0303,0303,NUMERIC,CANDIDATE,B,7,815608644a62a28e8ee1899096c211eece8c9dc3,2026-06-08T23:19:41+02:00,2026-06-08T23:19:41+02:00,,IN_MAINLINE,diagnostics cellules vides/flag,
candidate:numeric:0305:commit-815608644a62,0305,0305,NUMERIC,CANDIDATE,B,7,815608644a62a28e8ee1899096c211eece8c9dc3,2026-06-08T23:19:41+02:00,2026-06-08T23:19:41+02:00,,IN_MAINLINE,diagnostics cellules vides/flag,
candidate:numeric:0306:commit-6fb60e5e0404,0306,0306,NUMERIC,CANDIDATE,B,5,6fb60e5e04045d05dcbf5f553a3ba021ecd3b292,2026-06-09T11:47:03+02:00,2026-06-09T11:47:03+02:00,,IN_MAINLINE,0308: consolidate split-safe CUDA resampling mode,
candidate:numeric:0307:commit-6fb60e5e0404,0307,0307,NUMERIC,CANDIDATE,B,5,6fb60e5e04045d05dcbf5f553a3ba021ecd3b292,2026-06-09T11:47:03+02:00,2026-06-09T11:47:03+02:00,,IN_MAINLINE,0308: consolidate split-safe CUDA resampling mode,
candidate:numeric:0310:commit-30add0d1bc80,0310,0310,NUMERIC,CANDIDATE,B,5,30add0d1bc808d09ac5819f09ed264465753383a,2026-06-09T15:30:11+02:00,2026-06-09T15:30:11+02:00,,IN_MAINLINE,optimisation traitement inactive_slot + doc,
candidate:numeric:0311:commit-30add0d1bc80,0311,0311,NUMERIC,CANDIDATE,B,1,30add0d1bc808d09ac5819f09ed264465753383a,2026-06-09T15:30:11+02:00,2026-06-09T15:30:11+02:00,,IN_MAINLINE,optimisation traitement inactive_slot + doc,
candidate:numeric:0312:commit-30add0d1bc80,0312,0312,NUMERIC,CANDIDATE,B,5,30add0d1bc808d09ac5819f09ed264465753383a,2026-06-09T15:30:11+02:00,2026-06-09T15:30:11+02:00,,IN_MAINLINE,optimisation traitement inactive_slot + doc,
candidate:numeric:0313:commit-30add0d1bc80,0313,0313,NUMERIC,CANDIDATE,B,2,30add0d1bc808d09ac5819f09ed264465753383a,2026-06-09T15:30:11+02:00,2026-06-09T15:30:11+02:00,,IN_MAINLINE,optimisation traitement inactive_slot + doc,
candidate:numeric:0314:commit-30add0d1bc80,0314,0314,NUMERIC,CANDIDATE,B,5,30add0d1bc808d09ac5819f09ed264465753383a,2026-06-09T15:30:11+02:00,2026-06-09T15:30:11+02:00,,IN_MAINLINE,optimisation traitement inactive_slot + doc,
candidate:numeric:0314:commit-213790d54b11,0314,0314,NUMERIC,CANDIDATE,B,2,213790d54b110893660287b262dae4377fcb7e6e,2026-06-13T18:27:38+02:00,2026-06-13T18:27:38+02:00,,IN_MAINLINE,0337: add live CUDA field visualization and update flag inventories,
candidate:numeric:0314:commit-4b01c9021f73,0314,0314,NUMERIC,CANDIDATE,B,1,4b01c9021f73e6c874a2e35cd7c118fd39fa335b,2026-06-15T18:18:36+02:00,2026-06-15T18:18:36+02:00,,IN_MAINLINE,0341a-viz: add runtime live visualization control file,
candidate:numeric:0314:commit-5f4ca5f62f73,0314,0314,NUMERIC,CANDIDATE,B,1,5f4ca5f62f73395631e25f7ff1051329a6d2b269,2026-06-15T19:19:17+02:00,2026-06-15T19:19:17+02:00,,IN_MAINLINE,0342a-viz: colormap + update livevis flags and parameters inventory,
candidate:numeric:0315:commit-17baeec4a811,0315,0315,NUMERIC,CANDIDATE,B,6,17baeec4a811df22e43a9edde4228fe90fbe6e69,2026-06-09T15:33:08+02:00,2026-06-09T15:33:08+02:00,,IN_MAINLINE,scripts demo independants,
candidate:numeric:0315b:commit-9df2d0ab9dc8,0315b,0315b,NUMERIC,CANDIDATE,B,3,9df2d0ab9dc8a65a7b167ad25112debe3f6b91eb,2026-06-10T17:37:41+02:00,2026-06-10T17:37:41+02:00,,IN_MAINLINE,bornes nActiveFluid et active_fluid_count_size implement,
candidate:numeric:0315i:commit-15a29c148772,0315i,0315i,NUMERIC,CANDIDATE,B,2,15a29c1487726d78d9a7f8730208efbbe7029bbd,2026-06-10T23:35:53+02:00,2026-06-10T23:35:53+02:00,,IN_MAINLINE,reduction boucles Np->Nactive,
candidate:numeric:0315l:commit-15a29c148772,0315l,0315l,NUMERIC,CANDIDATE,B,1,15a29c1487726d78d9a7f8730208efbbe7029bbd,2026-06-10T23:35:53+02:00,2026-06-10T23:35:53+02:00,,IN_MAINLINE,reduction boucles Np->Nactive,
candidate:numeric:0315m:commit-15a29c148772,0315m,0315m,NUMERIC,CANDIDATE,B,1,15a29c1487726d78d9a7f8730208efbbe7029bbd,2026-06-10T23:35:53+02:00,2026-06-10T23:35:53+02:00,,IN_MAINLINE,reduction boucles Np->Nactive,
candidate:numeric:0317:commit-53155770f858,0317,0317,NUMERIC,CANDIDATE,B,3,53155770f858e91a50e4fe152868d056087e97f8,2026-06-11T10:21:08+02:00,2026-06-11T10:21:08+02:00,,IN_MAINLINE,activation chemin resident wall+circle (bug),
candidate:numeric:0317b:commit-53155770f858,0317b,0317b,NUMERIC,CANDIDATE,B,3,53155770f858e91a50e4fe152868d056087e97f8,2026-06-11T10:21:08+02:00,2026-06-11T10:21:08+02:00,,IN_MAINLINE,activation chemin resident wall+circle (bug),
candidate:numeric:0317c:commit-53155770f858,0317c,0317c,NUMERIC,CANDIDATE,B,3,53155770f858e91a50e4fe152868d056087e97f8,2026-06-11T10:21:08+02:00,2026-06-11T10:21:08+02:00,,IN_MAINLINE,activation chemin resident wall+circle (bug),
candidate:numeric:0317d:commit-53155770f858,0317d,0317d,NUMERIC,CANDIDATE,B,3,53155770f858e91a50e4fe152868d056087e97f8,2026-06-11T10:21:08+02:00,2026-06-11T10:21:08+02:00,,IN_MAINLINE,activation chemin resident wall+circle (bug),
candidate:numeric:0318:commit-53155770f858,0318,0318,NUMERIC,CANDIDATE,B,1,53155770f858e91a50e4fe152868d056087e97f8,2026-06-11T10:21:08+02:00,2026-06-11T10:21:08+02:00,,IN_MAINLINE,activation chemin resident wall+circle (bug),
candidate:numeric:0318:commit-b7b1df7f7540,0318,0318,NUMERIC,CANDIDATE,B,3,b7b1df7f7540138f1f2ce85706d04e9c86eb3f63,2026-06-13T10:36:12+02:00,2026-06-13T10:36:12+02:00,,IN_MAINLINE,0331: restore VK-safe no0318 path and historical CUDA validation sweep,
candidate:numeric:0318:commit-2f3d00ca575a,0318,0318,NUMERIC,CANDIDATE,B,2,2f3d00ca575aeb0d0f98f4c03552b7578f39b688,2026-06-13T10:36:43+02:00,2026-06-13T10:36:43+02:00,,IN_MAINLINE,0331: restore VK-safe no0318 path and historical CUDA validation sweep,
candidate:numeric:0318:commit-f9e37e2c8318,0318,0318,NUMERIC,CANDIDATE,B,1,f9e37e2c8318c123d3688ac09911613ea259440e,2026-06-13T10:59:34+02:00,2026-06-13T10:59:34+02:00,,UNIQUE_OUTSIDE_MAINLINE,0331: apply VK safe no0318 fix to slim visualization branch,
candidate:numeric:0318b:commit-53155770f858,0318b,0318b,NUMERIC,CANDIDATE,B,1,53155770f858e91a50e4fe152868d056087e97f8,2026-06-11T10:21:08+02:00,2026-06-11T10:21:08+02:00,,IN_MAINLINE,activation chemin resident wall+circle (bug),
candidate:numeric:0319:commit-53155770f858,0319,0319,NUMERIC,CANDIDATE,B,1,53155770f858e91a50e4fe152868d056087e97f8,2026-06-11T10:21:08+02:00,2026-06-11T10:21:08+02:00,,IN_MAINLINE,activation chemin resident wall+circle (bug),
candidate:numeric:0320:commit-68e236c28244,0320,0320,NUMERIC,CANDIDATE,B,1,68e236c2824496c465a2451d0c0d119914311957,2026-06-11T14:42:08+02:00,2026-06-11T14:42:08+02:00,,IN_MAINLINE,Validate SRC classic CUDA resident optimization through 0322,
candidate:numeric:0321:commit-68e236c28244,0321,0321,NUMERIC,CANDIDATE,B,1,68e236c2824496c465a2451d0c0d119914311957,2026-06-11T14:42:08+02:00,2026-06-11T14:42:08+02:00,,IN_MAINLINE,Validate SRC classic CUDA resident optimization through 0322,
candidate:numeric:0322:commit-68e236c28244,0322,0322,NUMERIC,CANDIDATE,B,2,68e236c2824496c465a2451d0c0d119914311957,2026-06-11T14:42:08+02:00,2026-06-11T14:42:08+02:00,,IN_MAINLINE,Validate SRC classic CUDA resident optimization through 0322,
candidate:numeric:0323:commit-68e236c28244,0323,0323,NUMERIC,CANDIDATE,B,3,68e236c2824496c465a2451d0c0d119914311957,2026-06-11T14:42:08+02:00,2026-06-11T14:42:08+02:00,,IN_MAINLINE,Validate SRC classic CUDA resident optimization through 0322,
candidate:numeric:0324:commit-68e236c28244,0324,0324,NUMERIC,CANDIDATE,B,2,68e236c2824496c465a2451d0c0d119914311957,2026-06-11T14:42:08+02:00,2026-06-11T14:42:08+02:00,,IN_MAINLINE,Validate SRC classic CUDA resident optimization through 0322,
candidate:numeric:0325:commit-68e236c28244,0325,0325,NUMERIC,CANDIDATE,B,1,68e236c2824496c465a2451d0c0d119914311957,2026-06-11T14:42:08+02:00,2026-06-11T14:42:08+02:00,,IN_MAINLINE,Validate SRC classic CUDA resident optimization through 0322,
candidate:numeric:0325b:commit-68e236c28244,0325b,0325b,NUMERIC,CANDIDATE,B,1,68e236c2824496c465a2451d0c0d119914311957,2026-06-11T14:42:08+02:00,2026-06-11T14:42:08+02:00,,IN_MAINLINE,Validate SRC classic CUDA resident optimization through 0322,
candidate:numeric:0326:commit-68e236c28244,0326,0326,NUMERIC,CANDIDATE,B,3,68e236c2824496c465a2451d0c0d119914311957,2026-06-11T14:42:08+02:00,2026-06-11T14:42:08+02:00,,IN_MAINLINE,Validate SRC classic CUDA resident optimization through 0322,
candidate:numeric:0326b:commit-68e236c28244,0326b,0326b,NUMERIC,CANDIDATE,B,3,68e236c2824496c465a2451d0c0d119914311957,2026-06-11T14:42:08+02:00,2026-06-11T14:42:08+02:00,,IN_MAINLINE,Validate SRC classic CUDA resident optimization through 0322,
candidate:numeric:0326c:commit-68e236c28244,0326c,0326c,NUMERIC,CANDIDATE,B,3,68e236c2824496c465a2451d0c0d119914311957,2026-06-11T14:42:08+02:00,2026-06-11T14:42:08+02:00,,IN_MAINLINE,Validate SRC classic CUDA resident optimization through 0322,
candidate:numeric:0326d:commit-68e236c28244,0326d,0326d,NUMERIC,CANDIDATE,B,3,68e236c2824496c465a2451d0c0d119914311957,2026-06-11T14:42:08+02:00,2026-06-11T14:42:08+02:00,,IN_MAINLINE,Validate SRC classic CUDA resident optimization through 0322,
candidate:numeric:0327:commit-be0096d13c4c,0327,0327,NUMERIC,CANDIDATE,B,1,be0096d13c4cb4572155c4c85a1a8fcb902fb7a1,2026-06-11T15:23:44+02:00,2026-06-11T15:23:44+02:00,,IN_MAINLINE,Optimize SRC classic CUDA resident path through 0327b,
candidate:numeric:0327b:commit-be0096d13c4c,0327b,0327b,NUMERIC,CANDIDATE,B,2,be0096d13c4cb4572155c4c85a1a8fcb902fb7a1,2026-06-11T15:23:44+02:00,2026-06-11T15:23:44+02:00,,IN_MAINLINE,Optimize SRC classic CUDA resident path through 0327b,
candidate:numeric:0328:commit-96948e1513a4,0328,0328,NUMERIC,CANDIDATE,B,3,96948e1513a488234227d7ec34f67644e11b01c6,2026-06-11T17:29:00+02:00,2026-06-11T17:29:00+02:00,,IN_MAINLINE,optimmized version 330b,
candidate:numeric:0329:commit-96948e1513a4,0329,0329,NUMERIC,CANDIDATE,B,1,96948e1513a488234227d7ec34f67644e11b01c6,2026-06-11T17:29:00+02:00,2026-06-11T17:29:00+02:00,,IN_MAINLINE,optimmized version 330b,
candidate:numeric:0329b:commit-96948e1513a4,0329b,0329b,NUMERIC,CANDIDATE,B,1,96948e1513a488234227d7ec34f67644e11b01c6,2026-06-11T17:29:00+02:00,2026-06-11T17:29:00+02:00,,IN_MAINLINE,optimmized version 330b,
candidate:numeric:0329c:commit-96948e1513a4,0329c,0329c,NUMERIC,CANDIDATE,B,1,96948e1513a488234227d7ec34f67644e11b01c6,2026-06-11T17:29:00+02:00,2026-06-11T17:29:00+02:00,,IN_MAINLINE,optimmized version 330b,
candidate:numeric:0330:commit-96948e1513a4,0330,0330,NUMERIC,CANDIDATE,B,1,96948e1513a488234227d7ec34f67644e11b01c6,2026-06-11T17:29:00+02:00,2026-06-11T17:29:00+02:00,,IN_MAINLINE,optimmized version 330b,
candidate:numeric:0330b:commit-96948e1513a4,0330b,0330b,NUMERIC,CANDIDATE,B,2,96948e1513a488234227d7ec34f67644e11b01c6,2026-06-11T17:29:00+02:00,2026-06-11T17:29:00+02:00,,IN_MAINLINE,optimmized version 330b,
candidate:numeric:0330b:commit-ca19a164a148,0330b,0330b,NUMERIC,CANDIDATE,B,1,ca19a164a148fd3e70033f3718a61937dd952231,2026-06-11T17:48:47+02:00,2026-06-11T17:48:47+02:00,,UNIQUE_OUTSIDE_MAINLINE,Create minimal SRC_GPU-VIZ branch from CUDA 0330b checkpoint,
candidate:numeric:0331:commit-213790d54b11,0331,0331,NUMERIC,CANDIDATE,B,1,213790d54b110893660287b262dae4377fcb7e6e,2026-06-13T18:27:38+02:00,2026-06-13T18:27:38+02:00,,IN_MAINLINE,0337: add live CUDA field visualization and update flag inventories,
candidate:numeric:0333b:commit-cc718266a882,0333b,0333b,NUMERIC,CANDIDATE,B,1,cc718266a882fa7bb6d705ca2ca32e01f9430d0d,2026-06-13T15:52:06+02:00,2026-06-13T15:52:06+02:00,,IN_MAINLINE,0333: add full-periodic VK monolithic comparison benchmark,
candidate:numeric:0334a:commit-2f394f866cd1,0334a,0334a,NUMERIC,CANDIDATE,B,1,2f394f866cd103c426b80dbca83c6fece304ccdc,2026-06-13T15:54:50+02:00,2026-06-13T15:54:50+02:00,,IN_MAINLINE,Merge 0334a full-periodic immersed-circle CUDA resident path into SRC_GPU,
candidate:numeric:0335:commit-731c9f03db91,0335,0335,NUMERIC,CANDIDATE,B,2,731c9f03db91ca9eaa158b5d20911f2c8a460b21,2026-07-03T18:24:37+02:00,2026-07-03T18:24:37+02:00,,IN_MAINLINE,0438: add periodic wall-free path equivalence runners,
candidate:numeric:0335a:commit-afa58dfb100f,0335a,0335a,NUMERIC,CANDIDATE,B,2,afa58dfb100f8111cfde655e4a0a2c912670096b,2026-06-13T17:22:22+02:00,2026-06-13T17:22:22+02:00,,IN_MAINLINE,0335: add live visualization mode for SRC GPU visual inspection,
candidate:numeric:0335b:commit-5dc3a987b010,0335b,0335b,NUMERIC,CANDIDATE,B,1,5dc3a987b010bf4453491b2589c83edd483f3017,2026-06-13T18:31:00+02:00,2026-06-13T18:31:00+02:00,,IN_MAINLINE,0337: add live CUDA field visualization and update flag inventories,
candidate:numeric:0336a:commit-5dc3a987b010,0336a,0336a,NUMERIC,CANDIDATE,B,1,5dc3a987b010bf4453491b2589c83edd483f3017,2026-06-13T18:31:00+02:00,2026-06-13T18:31:00+02:00,,IN_MAINLINE,0337: add live CUDA field visualization and update flag inventories,
candidate:numeric:0336b:commit-5dc3a987b010,0336b,0336b,NUMERIC,CANDIDATE,B,1,5dc3a987b010bf4453491b2589c83edd483f3017,2026-06-13T18:31:00+02:00,2026-06-13T18:31:00+02:00,,IN_MAINLINE,0337: add live CUDA field visualization and update flag inventories,
candidate:numeric:0337:commit-545d530fb2ef,0337,0337,NUMERIC,CANDIDATE,B,3,545d530fb2ef224f43d377f1587ce7ae0f6bc3d9,2026-06-15T15:43:40+02:00,2026-06-15T15:43:40+02:00,,IN_MAINLINE,0338c-viz: reuse shared wall-circle CUDA state for collision,
candidate:numeric:0337a:commit-a68cef984a36,0337a,0337a,NUMERIC,CANDIDATE,B,1,a68cef984a36e9bd9b05c8e4dfd858b36ccecc2d,2026-06-13T18:14:28+02:00,2026-06-13T18:14:28+02:00,,IN_MAINLINE,0337: add CUDA field renderer for live visualization,
candidate:numeric:0337b:commit-5dc3a987b010,0337b,0337b,NUMERIC,CANDIDATE,B,1,5dc3a987b010bf4453491b2589c83edd483f3017,2026-06-13T18:31:00+02:00,2026-06-13T18:31:00+02:00,,IN_MAINLINE,0337: add live CUDA field visualization and update flag inventories,
candidate:numeric:0337c:commit-a68cef984a36,0337c,0337c,NUMERIC,CANDIDATE,B,1,a68cef984a36e9bd9b05c8e4dfd858b36ccecc2d,2026-06-13T18:14:28+02:00,2026-06-13T18:14:28+02:00,,IN_MAINLINE,0337: add CUDA field renderer for live visualization,
candidate:numeric:0337d:commit-5dc3a987b010,0337d,0337d,NUMERIC,CANDIDATE,B,1,5dc3a987b010bf4453491b2589c83edd483f3017,2026-06-13T18:31:00+02:00,2026-06-13T18:31:00+02:00,,IN_MAINLINE,0337: add live CUDA field visualization and update flag inventories,
candidate:numeric:0338:commit-17b290c6bac4,0338,0338,NUMERIC,CANDIDATE,B,2,17b290c6bac41186c1ef7b58d44eb169697b4fbe,2026-06-15T15:12:08+02:00,2026-06-15T15:12:08+02:00,,UNIQUE_OUTSIDE_MAINLINE,correction chemin resident pour cylindre+wall canal,
candidate:numeric:0339a:commit-4b01c9021f73,0339a,0339a,NUMERIC,CANDIDATE,B,1,4b01c9021f73e6c874a2e35cd7c118fd39fa335b,2026-06-15T18:18:36+02:00,2026-06-15T18:18:36+02:00,,IN_MAINLINE,0341a-viz: add runtime live visualization control file,
candidate:numeric:0340:commit-4b01c9021f73,0340,0340,NUMERIC,CANDIDATE,B,1,4b01c9021f73e6c874a2e35cd7c118fd39fa335b,2026-06-15T18:18:36+02:00,2026-06-15T18:18:36+02:00,,IN_MAINLINE,0341a-viz: add runtime live visualization control file,
candidate:numeric:0341:commit-5f4ca5f62f73,0341,0341,NUMERIC,CANDIDATE,B,1,5f4ca5f62f73395631e25f7ff1051329a6d2b269,2026-06-15T19:19:17+02:00,2026-06-15T19:19:17+02:00,,IN_MAINLINE,0342a-viz: colormap + update livevis flags and parameters inventory,
candidate:numeric:0342:commit-5f4ca5f62f73,0342,0342,NUMERIC,CANDIDATE,B,1,5f4ca5f62f73395631e25f7ff1051329a6d2b269,2026-06-15T19:19:17+02:00,2026-06-15T19:19:17+02:00,,IN_MAINLINE,0342a-viz: colormap + update livevis flags and parameters inventory,
candidate:numeric:0342a:commit-9e68abe9ed51,0342a,0342a,NUMERIC,CANDIDATE,B,2,9e68abe9ed51fe740c87eee2bb77f35d49356ad1,2026-06-17T10:50:22+02:00,2026-06-17T10:50:22+02:00,,IN_MAINLINE,fill injection script added,
candidate:numeric:0351:commit-6968e154e521,0351,0351,NUMERIC,CANDIDATE,B,4,6968e154e521d31072c1a041906f2d5f115966da,2026-06-17T17:35:57+02:00,2026-06-17T17:35:57+02:00,,IN_MAINLINE,0354-topo: add normalized NACA reference comparison postprocessing,
candidate:numeric:0352:commit-6968e154e521,0352,0352,NUMERIC,CANDIDATE,B,2,6968e154e521d31072c1a041906f2d5f115966da,2026-06-17T17:35:57+02:00,2026-06-17T17:35:57+02:00,,IN_MAINLINE,0354-topo: add normalized NACA reference comparison postprocessing,
candidate:numeric:0353:commit-6968e154e521,0353,0353,NUMERIC,CANDIDATE,B,5,6968e154e521d31072c1a041906f2d5f115966da,2026-06-17T17:35:57+02:00,2026-06-17T17:35:57+02:00,,IN_MAINLINE,0354-topo: add normalized NACA reference comparison postprocessing,
candidate:numeric:0355:commit-98edb0f576ce,0355,0355,NUMERIC,CANDIDATE,B,4,98edb0f576ce349b24bef7d75cc7b7e4ef212a72,2026-06-17T22:18:06+02:00,2026-06-17T22:18:06+02:00,,IN_MAINLINE,0358-topo: validate Darcy-Brinkman path and wake diagnostics,
candidate:numeric:0356:commit-98edb0f576ce,0356,0356,NUMERIC,CANDIDATE,B,2,98edb0f576ce349b24bef7d75cc7b7e4ef212a72,2026-06-17T22:18:06+02:00,2026-06-17T22:18:06+02:00,,IN_MAINLINE,0358-topo: validate Darcy-Brinkman path and wake diagnostics,
candidate:numeric:0357:commit-98edb0f576ce,0357,0357,NUMERIC,CANDIDATE,B,1,98edb0f576ce349b24bef7d75cc7b7e4ef212a72,2026-06-17T22:18:06+02:00,2026-06-17T22:18:06+02:00,,IN_MAINLINE,0358-topo: validate Darcy-Brinkman path and wake diagnostics,
candidate:numeric:0360:commit-d3dbadb02208,0360,0360,NUMERIC,CANDIDATE,B,2,d3dbadb02208863715101a83f9550c3d007fbebc,2026-06-20T18:48:36+02:00,2026-06-20T18:48:36+02:00,,IN_MAINLINE,0365: add resampling empty-refill validation docs and VK 0251 script,
candidate:numeric:0361:commit-5100d232e8ca,0361,0361,NUMERIC,CANDIDATE,B,1,5100d232e8caf7e455f00ddf8bd62192b3a871ac,2026-06-20T16:32:11+02:00,2026-06-20T16:32:11+02:00,,IN_MAINLINE,0366: finalize live visualization N minmax and quiver overlays,
candidate:numeric:0363:commit-5100d232e8ca,0363,0363,NUMERIC,CANDIDATE,B,1,5100d232e8caf7e455f00ddf8bd62192b3a871ac,2026-06-20T16:32:11+02:00,2026-06-20T16:32:11+02:00,,IN_MAINLINE,0366: finalize live visualization N minmax and quiver overlays,
candidate:numeric:0364:commit-5100d232e8ca,0364,0364,NUMERIC,CANDIDATE,B,1,5100d232e8caf7e455f00ddf8bd62192b3a871ac,2026-06-20T16:32:11+02:00,2026-06-20T16:32:11+02:00,,IN_MAINLINE,0366: finalize live visualization N minmax and quiver overlays,
candidate:numeric:0364:commit-d3dbadb02208,0364,0364,NUMERIC,CANDIDATE,B,1,d3dbadb02208863715101a83f9550c3d007fbebc,2026-06-20T18:48:36+02:00,2026-06-20T18:48:36+02:00,,IN_MAINLINE,0365: add resampling empty-refill validation docs and VK 0251 script,
candidate:numeric:0365:commit-5100d232e8ca,0365,0365,NUMERIC,CANDIDATE,B,3,5100d232e8caf7e455f00ddf8bd62192b3a871ac,2026-06-20T16:32:11+02:00,2026-06-20T16:32:11+02:00,,IN_MAINLINE,0366: finalize live visualization N minmax and quiver overlays,
candidate:numeric:0365:commit-3945cdc8d408,0365,0365,NUMERIC,CANDIDATE,B,2,3945cdc8d408a3efdeece0ecbbd59ddf71506b3f,2026-06-29T19:03:21+02:00,2026-06-29T19:03:21+02:00,,UNIQUE_OUTSIDE_MAINLINE,generalized solid with Brinkman-thermal-VP,
candidate:numeric:0365:commit-4ec6b3add0a9,0365,0365,NUMERIC,CANDIDATE,B,2,4ec6b3add0a9a470d86ccd0f50c71a003cca3814,2026-06-30T23:54:39+02:00,2026-06-30T23:54:39+02:00,,IN_MAINLINE,0433a: align filtered recording cadence with livevis controls,
candidate:numeric:0400:commit-9128801de309,0400,0400,NUMERIC,CANDIDATE,B,5,9128801de3096cba5af97d17a3be6f855c66da5b,2026-06-21T12:12:14+02:00,2026-06-21T12:12:14+02:00,,IN_MAINLINE,Q6 cuda resident TG + poiseuille+ full inlet/outlet,
candidate:numeric:0400:commit-a96189de0691,0400,0400,NUMERIC,CANDIDATE,B,5,a96189de06918d399af171c38858f67f414609f6,2026-06-21T12:21:19+02:00,2026-06-21T12:21:19+02:00,,UNIQUE_OUTSIDE_MAINLINE,Import SRC GPU Q6 CUDA from local working tree,
candidate:numeric:0401:commit-9128801de309,0401,0401,NUMERIC,CANDIDATE,B,1,9128801de3096cba5af97d17a3be6f855c66da5b,2026-06-21T12:12:14+02:00,2026-06-21T12:12:14+02:00,,IN_MAINLINE,Q6 cuda resident TG + poiseuille+ full inlet/outlet,
candidate:numeric:0401:commit-a96189de0691,0401,0401,NUMERIC,CANDIDATE,B,1,a96189de06918d399af171c38858f67f414609f6,2026-06-21T12:21:19+02:00,2026-06-21T12:21:19+02:00,,UNIQUE_OUTSIDE_MAINLINE,Import SRC GPU Q6 CUDA from local working tree,
candidate:numeric:0402:commit-9128801de309,0402,0402,NUMERIC,CANDIDATE,B,1,9128801de3096cba5af97d17a3be6f855c66da5b,2026-06-21T12:12:14+02:00,2026-06-21T12:12:14+02:00,,IN_MAINLINE,Q6 cuda resident TG + poiseuille+ full inlet/outlet,
candidate:numeric:0402:commit-a96189de0691,0402,0402,NUMERIC,CANDIDATE,B,1,a96189de06918d399af171c38858f67f414609f6,2026-06-21T12:21:19+02:00,2026-06-21T12:21:19+02:00,,UNIQUE_OUTSIDE_MAINLINE,Import SRC GPU Q6 CUDA from local working tree,
candidate:numeric:0403:commit-9128801de309,0403,0403,NUMERIC,CANDIDATE,B,2,9128801de3096cba5af97d17a3be6f855c66da5b,2026-06-21T12:12:14+02:00,2026-06-21T12:12:14+02:00,,IN_MAINLINE,Q6 cuda resident TG + poiseuille+ full inlet/outlet,
candidate:numeric:0403:commit-a96189de0691,0403,0403,NUMERIC,CANDIDATE,B,2,a96189de06918d399af171c38858f67f414609f6,2026-06-21T12:21:19+02:00,2026-06-21T12:21:19+02:00,,UNIQUE_OUTSIDE_MAINLINE,Import SRC GPU Q6 CUDA from local working tree,
candidate:numeric:0404:commit-9128801de309,0404,0404,NUMERIC,CANDIDATE,B,1,9128801de3096cba5af97d17a3be6f855c66da5b,2026-06-21T12:12:14+02:00,2026-06-21T12:12:14+02:00,,IN_MAINLINE,Q6 cuda resident TG + poiseuille+ full inlet/outlet,
candidate:numeric:0404:commit-a96189de0691,0404,0404,NUMERIC,CANDIDATE,B,1,a96189de06918d399af171c38858f67f414609f6,2026-06-21T12:21:19+02:00,2026-06-21T12:21:19+02:00,,UNIQUE_OUTSIDE_MAINLINE,Import SRC GPU Q6 CUDA from local working tree,
candidate:numeric:0405:commit-9128801de309,0405,0405,NUMERIC,CANDIDATE,B,1,9128801de3096cba5af97d17a3be6f855c66da5b,2026-06-21T12:12:14+02:00,2026-06-21T12:12:14+02:00,,IN_MAINLINE,Q6 cuda resident TG + poiseuille+ full inlet/outlet,
candidate:numeric:0405:commit-a96189de0691,0405,0405,NUMERIC,CANDIDATE,B,1,a96189de06918d399af171c38858f67f414609f6,2026-06-21T12:21:19+02:00,2026-06-21T12:21:19+02:00,,UNIQUE_OUTSIDE_MAINLINE,Import SRC GPU Q6 CUDA from local working tree,
candidate:numeric:0406:commit-9128801de309,0406,0406,NUMERIC,CANDIDATE,B,1,9128801de3096cba5af97d17a3be6f855c66da5b,2026-06-21T12:12:14+02:00,2026-06-21T12:12:14+02:00,,IN_MAINLINE,Q6 cuda resident TG + poiseuille+ full inlet/outlet,
candidate:numeric:0406:commit-a96189de0691,0406,0406,NUMERIC,CANDIDATE,B,1,a96189de06918d399af171c38858f67f414609f6,2026-06-21T12:21:19+02:00,2026-06-21T12:21:19+02:00,,UNIQUE_OUTSIDE_MAINLINE,Import SRC GPU Q6 CUDA from local working tree,
candidate:numeric:0409:commit-18104a67a705,0409,0409,NUMERIC,CANDIDATE,B,1,18104a67a7057b64c3c2dc1c55de5fee1d9faf9b,2026-06-23T14:29:09+02:00,2026-06-23T14:29:09+02:00,,IN_MAINLINE,restriction inlet/oulet left/right suppr. for SRC classic + inactive_slot autonomous ensure mode,
candidate:numeric:0410:commit-18104a67a705,0410,0410,NUMERIC,CANDIDATE,B,2,18104a67a7057b64c3c2dc1c55de5fee1d9faf9b,2026-06-23T14:29:09+02:00,2026-06-23T14:29:09+02:00,,IN_MAINLINE,restriction inlet/oulet left/right suppr. for SRC classic + inactive_slot autonomous ensure mode,
candidate:numeric:0411:commit-18104a67a705,0411,0411,NUMERIC,CANDIDATE,B,1,18104a67a7057b64c3c2dc1c55de5fee1d9faf9b,2026-06-23T14:29:09+02:00,2026-06-23T14:29:09+02:00,,IN_MAINLINE,restriction inlet/oulet left/right suppr. for SRC classic + inactive_slot autonomous ensure mode,
candidate:numeric:0414:commit-18104a67a705,0414,0414,NUMERIC,CANDIDATE,B,1,18104a67a7057b64c3c2dc1c55de5fee1d9faf9b,2026-06-23T14:29:09+02:00,2026-06-23T14:29:09+02:00,,IN_MAINLINE,restriction inlet/oulet left/right suppr. for SRC classic + inactive_slot autonomous ensure mode,
candidate:numeric:0416:commit-18104a67a705,0416,0416,NUMERIC,CANDIDATE,B,1,18104a67a7057b64c3c2dc1c55de5fee1d9faf9b,2026-06-23T14:29:09+02:00,2026-06-23T14:29:09+02:00,,IN_MAINLINE,restriction inlet/oulet left/right suppr. for SRC classic + inactive_slot autonomous ensure mode,
candidate:numeric:0423:commit-f1b70b0e685e,0423,0423,NUMERIC,CANDIDATE,B,2,f1b70b0e685ec09b2b3988718aff8a5ca47ed1da,2026-06-23T23:20:27+02:00,2026-06-23T23:20:27+02:00,,IN_MAINLINE,solid-like darcy/brinkman/wallVP treatment,
candidate:numeric:0430:commit-4ec6b3add0a9,0430,0430,NUMERIC,CANDIDATE,B,1,4ec6b3add0a9a470d86ccd0f50c71a003cca3814,2026-06-30T23:54:39+02:00,2026-06-30T23:54:39+02:00,,IN_MAINLINE,0433a: align filtered recording cadence with livevis controls,
candidate:numeric:0432:commit-ac0582a7b2bf,0432,0432,NUMERIC,CANDIDATE,B,2,ac0582a7b2bf25781cb7f9ed63e7cdf2d3794a4a,2026-06-29T21:57:00+02:00,2026-06-29T21:57:00+02:00,,PATCH_EQUIVALENT_IN_MAINLINE,0432a: add livevis-driven filtered field recording,
candidate:numeric:0432:commit-94c0857e3523,0432,0432,NUMERIC,CANDIDATE,B,2,94c0857e35239abe70a2c3ee170eb6de5d5516ea,2026-06-29T22:50:42+02:00,2026-06-29T22:50:42+02:00,,IN_MAINLINE,0432a integ: add livevis-driven filtered field recording,
candidate:numeric:0432:commit-0115f35ee499,0432,0432,NUMERIC,CANDIDATE,B,2,0115f35ee4997b35760c5f2d359912b3b3741b90,2026-06-30T23:53:16+02:00,2026-06-30T23:53:16+02:00,,UNIQUE_OUTSIDE_MAINLINE,0433a-doc: update SRC/MPCD flags and params inventories,
candidate:numeric:0432:commit-4ec6b3add0a9,0432,0432,NUMERIC,CANDIDATE,B,2,4ec6b3add0a9a470d86ccd0f50c71a003cca3814,2026-06-30T23:54:39+02:00,2026-06-30T23:54:39+02:00,,IN_MAINLINE,0433a: align filtered recording cadence with livevis controls,
candidate:numeric:0433:commit-0115f35ee499,0433,0433,NUMERIC,CANDIDATE,B,2,0115f35ee4997b35760c5f2d359912b3b3741b90,2026-06-30T23:53:16+02:00,2026-06-30T23:53:16+02:00,,UNIQUE_OUTSIDE_MAINLINE,0433a-doc: update SRC/MPCD flags and params inventories,
candidate:numeric:0433:commit-4ec6b3add0a9,0433,0433,NUMERIC,CANDIDATE,B,2,4ec6b3add0a9a470d86ccd0f50c71a003cca3814,2026-06-30T23:54:39+02:00,2026-06-30T23:54:39+02:00,,IN_MAINLINE,0433a: align filtered recording cadence with livevis controls,
candidate:numeric:0434:commit-bc69703b8a90,0434,0434,NUMERIC,CANDIDATE,B,2,bc69703b8a908aecb6a9218d186f8f8bfe18f4f1,2026-07-02T17:55:11+02:00,2026-07-02T17:55:11+02:00,,IN_MAINLINE,0436-livevis: add particle type filter to WYSIWYR recording,
candidate:numeric:0434:commit-731c9f03db91,0434,0434,NUMERIC,CANDIDATE,B,1,731c9f03db91ca9eaa158b5d20911f2c8a460b21,2026-07-03T18:24:37+02:00,2026-07-03T18:24:37+02:00,,IN_MAINLINE,0438: add periodic wall-free path equivalence runners,
candidate:numeric:0435e:commit-bc69703b8a90,0435e,0435e,NUMERIC,CANDIDATE,B,3,bc69703b8a908aecb6a9218d186f8f8bfe18f4f1,2026-07-02T17:55:11+02:00,2026-07-02T17:55:11+02:00,,IN_MAINLINE,0436-livevis: add particle type filter to WYSIWYR recording,
candidate:numeric:0435f:commit-bc69703b8a90,0435f,0435f,NUMERIC,CANDIDATE,B,1,bc69703b8a908aecb6a9218d186f8f8bfe18f4f1,2026-07-02T17:55:11+02:00,2026-07-02T17:55:11+02:00,,IN_MAINLINE,0436-livevis: add particle type filter to WYSIWYR recording,
candidate:numeric:0436:commit-731c9f03db91,0436,0436,NUMERIC,CANDIDATE,B,2,731c9f03db91ca9eaa158b5d20911f2c8a460b21,2026-07-03T18:24:37+02:00,2026-07-03T18:24:37+02:00,,IN_MAINLINE,0438: add periodic wall-free path equivalence runners,
candidate:numeric:0436b:commit-731c9f03db91,0436b,0436b,NUMERIC,CANDIDATE,B,4,731c9f03db91ca9eaa158b5d20911f2c8a460b21,2026-07-03T18:24:37+02:00,2026-07-03T18:24:37+02:00,,IN_MAINLINE,0438: add periodic wall-free path equivalence runners,
candidate:numeric:0437:commit-731c9f03db91,0437,0437,NUMERIC,CANDIDATE,B,1,731c9f03db91ca9eaa158b5d20911f2c8a460b21,2026-07-03T18:24:37+02:00,2026-07-03T18:24:37+02:00,,IN_MAINLINE,0438: add periodic wall-free path equivalence runners,
candidate:numeric:0458b:commit-75e387a22ca1,0458b,0458b,NUMERIC,CANDIDATE,B,2,75e387a22ca1cdb2606fd5e66faa7f2545e7a310,2026-07-04T17:14:20+02:00,2026-07-04T17:14:20+02:00,,IN_MAINLINE,0458: add CUDA resampling CPU-op carrier performance bridge,
candidate:numeric:0458c:commit-75e387a22ca1,0458c,0458c,NUMERIC,CANDIDATE,B,1,75e387a22ca1cdb2606fd5e66faa7f2545e7a310,2026-07-04T17:14:20+02:00,2026-07-04T17:14:20+02:00,,IN_MAINLINE,0458: add CUDA resampling CPU-op carrier performance bridge,
candidate:numeric:0459b:commit-4b0b4c822626,0459b,0459b,NUMERIC,CANDIDATE,B,1,4b0b4c822626c1759257bf9920ca0f6ebd224eb0,2026-07-04T17:39:14+02:00,2026-07-04T17:39:14+02:00,,IN_MAINLINE,0459: add donor-slice CUDA resampling materializer,
candidate:numeric:0461a:commit-36051f1c9778,0461a,0461a,NUMERIC,CANDIDATE,B,1,36051f1c9778525cda1f2f2d414a0e614bc06135,2026-07-04T18:54:29+02:00,2026-07-04T18:54:29+02:00,,IN_MAINLINE,0461: add sparse gate for CUDA resampling device carrier,
candidate:numeric:0466a:commit-cfbbbe487b53,0466a,0466a,NUMERIC,CANDIDATE,B,1,cfbbbe487b530296d0b9b8c63b8c9b5f1f12584f,2026-07-04T22:04:46+02:00,2026-07-04T22:04:46+02:00,,IN_MAINLINE,0466: add CUDA resampling transaction timing probe,
candidate:numeric:0467a:commit-1b68b5ae313c,0467a,0467a,NUMERIC,CANDIDATE,B,1,1b68b5ae313c3a26a5b1365da16fd953986739ad,2026-07-04T22:33:35+02:00,2026-07-04T22:33:35+02:00,,IN_MAINLINE,0467: refactor CUDA resampling device carrier into resident core,
candidate:numeric:0475a:commit-473b7ca7d5a6,0475a,0475a,NUMERIC,CANDIDATE,B,3,473b7ca7d5a696da688bd605ab73a6c4df54dbd7,2026-07-05T11:26:55+02:00,2026-07-05T11:26:55+02:00,,IN_MAINLINE,0475: add shared-state cell-list materializer for CUDA resampling,
candidate:numeric:0475a2:commit-473b7ca7d5a6,0475a2,0475a2,NUMERIC,CANDIDATE,B,1,473b7ca7d5a696da688bd605ab73a6c4df54dbd7,2026-07-05T11:26:55+02:00,2026-07-05T11:26:55+02:00,,IN_MAINLINE,0475: add shared-state cell-list materializer for CUDA resampling,
candidate:numeric:0475a2:commit-835b79afe813,0475a2,0475a2,NUMERIC,CANDIDATE,B,1,835b79afe81309d569b6af222e514cf7a1a7f39c,2026-07-05T12:31:33+02:00,2026-07-05T12:31:33+02:00,,IN_MAINLINE,resampling remap cuda resident 477,
candidate:numeric:0475b:commit-473b7ca7d5a6,0475b,0475b,NUMERIC,CANDIDATE,B,3,473b7ca7d5a696da688bd605ab73a6c4df54dbd7,2026-07-05T11:26:55+02:00,2026-07-05T11:26:55+02:00,,IN_MAINLINE,0475: add shared-state cell-list materializer for CUDA resampling,
candidate:numeric:0476:commit-835b79afe813,0476,0476,NUMERIC,CANDIDATE,B,2,835b79afe81309d569b6af222e514cf7a1a7f39c,2026-07-05T12:31:33+02:00,2026-07-05T12:31:33+02:00,,IN_MAINLINE,resampling remap cuda resident 477,
candidate:numeric:0477:commit-835b79afe813,0477,0477,NUMERIC,CANDIDATE,B,1,835b79afe81309d569b6af222e514cf7a1a7f39c,2026-07-05T12:31:33+02:00,2026-07-05T12:31:33+02:00,,IN_MAINLINE,resampling remap cuda resident 477,
candidate:numeric:0490m-fix2:commit-3d7ce88b7893,0490m-fix2,0490m-fix2,NUMERIC,CURATED,B,1,3d7ce88b78939ce07060c07986455ba9d4926fd8,2026-07-23T18:46:18+02:00,2026-07-23T18:46:18+02:00,milestone:history:0490m-fix2,IN_MAINLINE,0490m: add fast resident CUDA species resampling path,linked by unique numeric-label curation
candidate:numeric:0490p:commit-a30faac79bc6,0490p,0490p,NUMERIC,CANDIDATE,B,2,a30faac79bc613b410b39d8c8698eabf32285d0b,2026-07-24T16:12:12+02:00,2026-07-24T16:12:12+02:00,,IN_MAINLINE,Q6 species sensitive,
candidate:numeric:0491d:commit-a30faac79bc6,0491d,0491d,NUMERIC,CURATED,B,2,a30faac79bc613b410b39d8c8698eabf32285d0b,2026-07-24T16:12:12+02:00,2026-07-24T16:12:12+02:00,milestone:history:0491d,IN_MAINLINE,Q6 species sensitive,linked by unique numeric-label curation
candidate:numeric:0491e:commit-a30faac79bc6,0491e,0491e,NUMERIC,CURATED,B,2,a30faac79bc613b410b39d8c8698eabf32285d0b,2026-07-24T16:12:12+02:00,2026-07-24T16:12:12+02:00,milestone:history:0491e,IN_MAINLINE,Q6 species sensitive,linked by unique numeric-label curation
candidate:numeric:0491f:commit-a30faac79bc6,0491f,0491f,NUMERIC,CURATED,B,2,a30faac79bc613b410b39d8c8698eabf32285d0b,2026-07-24T16:12:12+02:00,2026-07-24T16:12:12+02:00,milestone:history:0491f,IN_MAINLINE,Q6 species sensitive,linked by unique numeric-label curation
candidate:numeric:0491g:commit-a30faac79bc6,0491g,0491g,NUMERIC,CURATED,B,2,a30faac79bc613b410b39d8c8698eabf32285d0b,2026-07-24T16:12:12+02:00,2026-07-24T16:12:12+02:00,milestone:history:0491g,IN_MAINLINE,Q6 species sensitive,linked by unique numeric-label curation
candidate:numeric:0492b:commit-aa0a4a0a42f3,0492b,0492b,NUMERIC,CANDIDATE,B,1,aa0a4a0a42f3370f920ae2e1fa1bcb4939ec9140,2026-07-25T17:42:41+02:00,2026-07-25T17:42:41+02:00,,IN_MAINLINE,etat intermediaire resampling multiespeces delete fast/compatible,
candidate:numeric:0493f-fix2:commit-7c5e63290ff4,0493f-fix2,0493f-fix2,NUMERIC,CURATED,B,1,7c5e63290ff477de6edb1ccafdbc28a3119fa66b,2026-07-26T15:53:22+02:00,2026-07-26T15:53:22+02:00,milestone:history:0493f-fix2,IN_MAINLINE,0493e-g: add mono and multi-species resampling physics qualification,linked by unique numeric-label curation
candidate:numeric:0493o1-fix2:commit-d57a68bb6fed,0493o1-fix2,0493o1-fix2,NUMERIC,CURATED,B,2,d57a68bb6fed3b9996b2e08eeef8ddb1c218d667,2026-07-28T23:25:09+02:00,2026-07-28T23:25:09+02:00,milestone:history:0493o1-fix2,IN_MAINLINE,0493o1-o3: checkpoint target-driven species Neff split guard,linked by unique numeric-label curation
candidate:numeric:0493o2-fix1:commit-d57a68bb6fed,0493o2-fix1,0493o2-fix1,NUMERIC,CURATED,B,2,d57a68bb6fed3b9996b2e08eeef8ddb1c218d667,2026-07-28T23:25:09+02:00,2026-07-28T23:25:09+02:00,milestone:history:0493o2-fix1,IN_MAINLINE,0493o1-o3: checkpoint target-driven species Neff split guard,linked by unique numeric-label curation
candidate:numeric:0493w1:commit-7655b81b1b2f,0493w1,0493w1,NUMERIC,CANDIDATE,B,4,7655b81b1b2fd16eecefa8d8b3bebac4cd9f87f1,2026-08-29T21:42:43+02:00,2026-08-29T21:42:43+02:00,,IN_MAINLINE,one-for_one swap normal only & validation scripts for surf. tension (osc. droplet and TC,
candidate:numeric:0493w8:commit-2283f726b3d6,0493w8,0493w8,NUMERIC,CANDIDATE,B,2,2283f726b3d6787ac6d394a134ab692014ba2258,2026-07-31T00:03:05+02:00,2026-07-31T00:03:05+02:00,,IN_MAINLINE,inventories updated,
candidate:x:x0,x0,x0,X,LINKED,B,9,bac519e7292fd9c8dc1e91af4c3aa57f15db4acc,2026-08-04T20:45:01+02:00,2026-08-26T22:36:11+02:00,milestone:0493x0,IN_MAINLINE,0493x1: add CUDA resident closed-box support and dam-break demo,
candidate:x:x10,x10,x10,X,CANDIDATE,B,3,5fea55644b841a0bd0c04ad8be908d04b3bbd6b6,2026-08-26T22:36:11+02:00,2026-08-26T22:36:11+02:00,,IN_MAINLINE,"force parasite corrigée par refroidissement de petites gouttes, calibrateur sigma à perfectionner, campagne JFM lancée",
candidate:x:x10a,x10a,x10a,X,LINKED,B,3,8f587696bac0f48a813025e5cb364603ba6cfeba,2026-08-22T17:35:47+02:00,2026-08-22T17:35:47+02:00,milestone:0493x10a,IN_MAINLINE,surface tension quantif.validated particle evaporation trated,
candidate:x:x10b,x10b,x10b,X,LINKED,B,3,8f587696bac0f48a813025e5cb364603ba6cfeba,2026-08-22T17:35:47+02:00,2026-08-22T17:35:47+02:00,milestone:0493x10b,IN_MAINLINE,surface tension quantif.validated particle evaporation trated,
candidate:x:x10c,x10c,x10c,X,LINKED,B,3,8f587696bac0f48a813025e5cb364603ba6cfeba,2026-08-22T17:35:47+02:00,2026-08-22T17:35:47+02:00,milestone:0493x10c,IN_MAINLINE,surface tension quantif.validated particle evaporation trated,
candidate:x:x10d,x10d,x10d,X,LINKED,B,3,8f587696bac0f48a813025e5cb364603ba6cfeba,2026-08-22T17:35:47+02:00,2026-08-22T17:35:47+02:00,milestone:0493x10d,IN_MAINLINE,surface tension quantif.validated particle evaporation trated,
candidate:x:x10e,x10e,x10e,X,LINKED,B,3,8f587696bac0f48a813025e5cb364603ba6cfeba,2026-08-22T17:35:47+02:00,2026-08-22T17:35:47+02:00,milestone:0493x10e,IN_MAINLINE,surface tension quantif.validated particle evaporation trated,
candidate:x:x10f,x10f,x10f,X,LINKED,B,3,8f587696bac0f48a813025e5cb364603ba6cfeba,2026-08-22T17:35:47+02:00,2026-08-22T17:35:47+02:00,milestone:0493x10f,IN_MAINLINE,surface tension quantif.validated particle evaporation trated,
candidate:x:x10g,x10g,x10g,X,LINKED,B,5,8f587696bac0f48a813025e5cb364603ba6cfeba,2026-08-22T17:35:47+02:00,2026-08-22T17:35:47+02:00,milestone:0493x10g,IN_MAINLINE,surface tension quantif.validated particle evaporation trated,
candidate:x:x10h,x10h,x10h,X,LINKED,B,4,8f587696bac0f48a813025e5cb364603ba6cfeba,2026-08-22T17:35:47+02:00,2026-08-22T17:35:47+02:00,milestone:0493x10h,IN_MAINLINE,surface tension quantif.validated particle evaporation trated,
candidate:x:x10i,x10i,x10i,X,LINKED,B,4,8f587696bac0f48a813025e5cb364603ba6cfeba,2026-08-22T17:35:47+02:00,2026-08-22T17:35:47+02:00,milestone:0493x10i,IN_MAINLINE,surface tension quantif.validated particle evaporation trated,
candidate:x:x10j,x10j,x10j,X,LINKED,B,5,8f587696bac0f48a813025e5cb364603ba6cfeba,2026-08-22T17:35:47+02:00,2026-08-22T17:35:47+02:00,milestone:0493x10j,IN_MAINLINE,surface tension quantif.validated particle evaporation trated,
candidate:x:x10k,x10k,x10k,X,LINKED,B,5,8f587696bac0f48a813025e5cb364603ba6cfeba,2026-08-22T17:35:47+02:00,2026-08-22T17:35:47+02:00,milestone:0493x10k,IN_MAINLINE,surface tension quantif.validated particle evaporation trated,
candidate:x:x10l,x10l,x10l,X,LINKED,B,2,8f587696bac0f48a813025e5cb364603ba6cfeba,2026-08-22T17:35:47+02:00,2026-08-22T17:35:47+02:00,milestone:0493x10l,IN_MAINLINE,surface tension quantif.validated particle evaporation trated,
candidate:x:x10m,x10m,x10m,X,LINKED,B,5,8f587696bac0f48a813025e5cb364603ba6cfeba,2026-08-22T17:35:47+02:00,2026-08-22T17:35:47+02:00,milestone:0493x10m,IN_MAINLINE,surface tension quantif.validated particle evaporation trated,
candidate:x:x10n,x10n,x10n,X,LINKED,B,5,8f587696bac0f48a813025e5cb364603ba6cfeba,2026-08-22T17:35:47+02:00,2026-08-22T17:35:47+02:00,milestone:0493x10n,IN_MAINLINE,surface tension quantif.validated particle evaporation trated,
candidate:x:x10q,x10q,x10q,X,LINKED,B,2,8f587696bac0f48a813025e5cb364603ba6cfeba,2026-08-22T17:35:47+02:00,2026-08-22T17:35:47+02:00,milestone:0493x10q,IN_MAINLINE,surface tension quantif.validated particle evaporation trated,
candidate:x:x10r,x10r,x10r,X,LINKED,B,1,5fea55644b841a0bd0c04ad8be908d04b3bbd6b6,2026-08-26T22:36:11+02:00,2026-08-26T22:36:11+02:00,milestone:0493x10r,IN_MAINLINE,"force parasite corrigée par refroidissement de petites gouttes, calibrateur sigma à perfectionner, campagne JFM lancée",
candidate:x:x10s,x10s,x10s,X,LINKED,B,1,5fea55644b841a0bd0c04ad8be908d04b3bbd6b6,2026-08-26T22:36:11+02:00,2026-08-26T22:36:11+02:00,milestone:0493x10s,IN_MAINLINE,"force parasite corrigée par refroidissement de petites gouttes, calibrateur sigma à perfectionner, campagne JFM lancée",
candidate:x:x10t,x10t,x10t,X,LINKED,B,1,5fea55644b841a0bd0c04ad8be908d04b3bbd6b6,2026-08-26T22:36:11+02:00,2026-08-26T22:36:11+02:00,milestone:0493x10t,IN_MAINLINE,"force parasite corrigée par refroidissement de petites gouttes, calibrateur sigma à perfectionner, campagne JFM lancée",
candidate:x:x10w,x10w,x10w,X,LINKED,B,6,5fea55644b841a0bd0c04ad8be908d04b3bbd6b6,2026-08-26T22:36:11+02:00,2026-08-26T22:36:11+02:00,milestone:0493x10w,IN_MAINLINE,"force parasite corrigée par refroidissement de petites gouttes, calibrateur sigma à perfectionner, campagne JFM lancée",
candidate:x:x10x,x10x,x10x,X,LINKED,B,4,5fea55644b841a0bd0c04ad8be908d04b3bbd6b6,2026-08-26T22:36:11+02:00,2026-08-26T22:36:11+02:00,milestone:0493x10x,IN_MAINLINE,"force parasite corrigée par refroidissement de petites gouttes, calibrateur sigma à perfectionner, campagne JFM lancée",
candidate:x:x10y,x10y,x10y,X,LINKED,B,1,5fea55644b841a0bd0c04ad8be908d04b3bbd6b6,2026-08-26T22:36:11+02:00,2026-08-26T22:36:11+02:00,milestone:0493x10y,IN_MAINLINE,"force parasite corrigée par refroidissement de petites gouttes, calibrateur sigma à perfectionner, campagne JFM lancée",
candidate:x:x11,x11,x11,X,CANDIDATE,B,4,8f587696bac0f48a813025e5cb364603ba6cfeba,2026-08-22T17:35:47+02:00,2026-08-26T22:36:11+02:00,,IN_MAINLINE,surface tension quantif.validated particle evaporation trated,
candidate:x:x11a,x11a,x11a,X,LINKED,B,4,8f587696bac0f48a813025e5cb364603ba6cfeba,2026-08-22T17:35:47+02:00,2026-08-22T17:35:47+02:00,milestone:0493x11a,IN_MAINLINE,surface tension quantif.validated particle evaporation trated,
candidate:x:x11b,x11b,x11b,X,LINKED,B,4,8f587696bac0f48a813025e5cb364603ba6cfeba,2026-08-22T17:35:47+02:00,2026-08-22T17:35:47+02:00,milestone:0493x11b,IN_MAINLINE,surface tension quantif.validated particle evaporation trated,
candidate:x:x11c,x11c,x11c,X,LINKED,B,6,8f587696bac0f48a813025e5cb364603ba6cfeba,2026-08-22T17:35:47+02:00,2026-08-26T22:36:11+02:00,milestone:0493x11c,IN_MAINLINE,surface tension quantif.validated particle evaporation trated,
candidate:x:x12,x12,x12,X,CANDIDATE,B,2,15aa7c3c41196dab5fa3c32fef676e8c3cfcd0ca,2026-08-27T21:27:16+02:00,2026-08-27T21:27:16+02:00,,IN_MAINLINE,"calibrateur sigma et nu avancés, campagne de recherche Re élevé",
candidate:x:x12b,x12b,x12b,X,LINKED,B,1,5fea55644b841a0bd0c04ad8be908d04b3bbd6b6,2026-08-26T22:36:11+02:00,2026-08-26T22:36:11+02:00,milestone:0493x12b,IN_MAINLINE,"force parasite corrigée par refroidissement de petites gouttes, calibrateur sigma à perfectionner, campagne JFM lancée",
candidate:x:x12c,x12c,x12c,X,LINKED,B,1,5fea55644b841a0bd0c04ad8be908d04b3bbd6b6,2026-08-26T22:36:11+02:00,2026-08-26T22:36:11+02:00,milestone:0493x12c,IN_MAINLINE,"force parasite corrigée par refroidissement de petites gouttes, calibrateur sigma à perfectionner, campagne JFM lancée",
candidate:x:x12cal,x12cal,x12cal,X,LINKED,B,4,5fea55644b841a0bd0c04ad8be908d04b3bbd6b6,2026-08-26T22:36:11+02:00,2026-08-26T22:36:11+02:00,milestone:0493x12cal,IN_MAINLINE,"force parasite corrigée par refroidissement de petites gouttes, calibrateur sigma à perfectionner, campagne JFM lancée",
candidate:x:x12d,x12d,x12d,X,LINKED,B,2,5fea55644b841a0bd0c04ad8be908d04b3bbd6b6,2026-08-26T22:36:11+02:00,2026-08-26T22:36:11+02:00,milestone:0493x12d,IN_MAINLINE,"force parasite corrigée par refroidissement de petites gouttes, calibrateur sigma à perfectionner, campagne JFM lancée",
candidate:x:x12yl,x12yl,x12yl,X,LINKED,B,4,5fea55644b841a0bd0c04ad8be908d04b3bbd6b6,2026-08-26T22:36:11+02:00,2026-08-26T22:36:11+02:00,milestone:0493x12yl,IN_MAINLINE,"force parasite corrigée par refroidissement de petites gouttes, calibrateur sigma à perfectionner, campagne JFM lancée",
candidate:x:x13a,x13a,x13a,X,LINKED,B,5,15aa7c3c41196dab5fa3c32fef676e8c3cfcd0ca,2026-08-27T21:27:16+02:00,2026-08-27T21:27:16+02:00,milestone:0493x13a,IN_MAINLINE,"calibrateur sigma et nu avancés, campagne de recherche Re élevé",
candidate:x:x13b,x13b,x13b,X,LINKED,B,11,15aa7c3c41196dab5fa3c32fef676e8c3cfcd0ca,2026-08-27T21:27:16+02:00,2026-08-27T21:27:16+02:00,milestone:0493x13b,IN_MAINLINE,"calibrateur sigma et nu avancés, campagne de recherche Re élevé",
candidate:x:x13c,x13c,x13c,X,LINKED,B,8,15aa7c3c41196dab5fa3c32fef676e8c3cfcd0ca,2026-08-27T21:27:16+02:00,2026-08-27T21:27:16+02:00,milestone:0493x13c,IN_MAINLINE,"calibrateur sigma et nu avancés, campagne de recherche Re élevé",
candidate:x:x13d,x13d,x13d,X,LINKED,B,9,15aa7c3c41196dab5fa3c32fef676e8c3cfcd0ca,2026-08-27T21:27:16+02:00,2026-08-27T21:27:16+02:00,milestone:0493x13d,IN_MAINLINE,"calibrateur sigma et nu avancés, campagne de recherche Re élevé",
candidate:x:x13e,x13e,x13e,X,LINKED,B,6,15aa7c3c41196dab5fa3c32fef676e8c3cfcd0ca,2026-08-27T21:27:16+02:00,2026-08-27T21:27:16+02:00,milestone:0493x13e,IN_MAINLINE,"calibrateur sigma et nu avancés, campagne de recherche Re élevé",
candidate:x:x13f,x13f,x13f,X,LINKED,B,7,15aa7c3c41196dab5fa3c32fef676e8c3cfcd0ca,2026-08-27T21:27:16+02:00,2026-08-27T21:27:16+02:00,milestone:0493x13f,IN_MAINLINE,"calibrateur sigma et nu avancés, campagne de recherche Re élevé",
candidate:x:x13g,x13g,x13g,X,LINKED,B,5,15aa7c3c41196dab5fa3c32fef676e8c3cfcd0ca,2026-08-27T21:27:16+02:00,2026-08-27T21:27:16+02:00,milestone:0493x13g,IN_MAINLINE,"calibrateur sigma et nu avancés, campagne de recherche Re élevé",
candidate:x:x13h,x13h,x13h,X,LINKED,B,19,15aa7c3c41196dab5fa3c32fef676e8c3cfcd0ca,2026-08-27T21:27:16+02:00,2026-08-29T21:42:43+02:00,milestone:0493x13h,IN_MAINLINE,"calibrateur sigma et nu avancés, campagne de recherche Re élevé",
candidate:x:x13i,x13i,x13i,X,LINKED,B,3,b532f5e446b5b66ef2070ef7270117cd5656a80b,2026-08-28T10:19:24+02:00,2026-08-28T10:19:24+02:00,milestone:0493x13i,IN_MAINLINE,Finalize autonomous SRC transport calibrator,
candidate:x:x13j,x13j,x13j,X,LINKED,B,5,b532f5e446b5b66ef2070ef7270117cd5656a80b,2026-08-28T10:19:24+02:00,2026-08-29T21:42:43+02:00,milestone:0493x13j,IN_MAINLINE,Finalize autonomous SRC transport calibrator,
candidate:x:x13k,x13k,x13k,X,LINKED,B,3,7655b81b1b2fd16eecefa8d8b3bebac4cd9f87f1,2026-08-29T21:42:43+02:00,2026-08-29T21:42:43+02:00,milestone:0493x13k,IN_MAINLINE,one-for_one swap normal only & validation scripts for surf. tension (osc. droplet and TC,
candidate:x:x13l,x13l,x13l,X,LINKED,B,3,7655b81b1b2fd16eecefa8d8b3bebac4cd9f87f1,2026-08-29T21:42:43+02:00,2026-08-29T21:42:43+02:00,milestone:0493x13l,IN_MAINLINE,one-for_one swap normal only & validation scripts for surf. tension (osc. droplet and TC,
candidate:x:x13m,x13m,x13m,X,LINKED,B,3,7655b81b1b2fd16eecefa8d8b3bebac4cd9f87f1,2026-08-29T21:42:43+02:00,2026-08-29T21:42:43+02:00,milestone:0493x13m,IN_MAINLINE,one-for_one swap normal only & validation scripts for surf. tension (osc. droplet and TC,
candidate:x:x13n,x13n,x13n,X,LINKED,B,10,7655b81b1b2fd16eecefa8d8b3bebac4cd9f87f1,2026-08-29T21:42:43+02:00,2026-08-29T21:42:43+02:00,milestone:0493x13n,IN_MAINLINE,one-for_one swap normal only & validation scripts for surf. tension (osc. droplet and TC,
candidate:x:x13p,x13p,x13p,X,LINKED,B,3,3dafac4652b8b4a2e030806f6eb14d6a12140a2d,2026-08-31T22:22:09+02:00,2026-08-31T22:22:09+02:00,milestone:0493x13p,,untracked files on surf: 7655b81 one-for_one swap normal only & validation scripts for surf. tension (osc. droplet and TC,
candidate:x:x13q,x13q,x13q,X,LINKED,B,2,3dafac4652b8b4a2e030806f6eb14d6a12140a2d,2026-08-31T22:22:09+02:00,2026-08-31T22:22:09+02:00,milestone:0493x13q,,untracked files on surf: 7655b81 one-for_one swap normal only & validation scripts for surf. tension (osc. droplet and TC,
candidate:x:x13r,x13r,x13r,X,LINKED,B,3,3dafac4652b8b4a2e030806f6eb14d6a12140a2d,2026-08-31T22:22:09+02:00,2026-08-31T22:22:09+02:00,milestone:0493x13r,,untracked files on surf: 7655b81 one-for_one swap normal only & validation scripts for surf. tension (osc. droplet and TC,
candidate:x:x13s,x13s,x13s,X,LINKED,B,3,3dafac4652b8b4a2e030806f6eb14d6a12140a2d,2026-08-31T22:22:09+02:00,2026-08-31T22:22:09+02:00,milestone:0493x13s,,untracked files on surf: 7655b81 one-for_one swap normal only & validation scripts for surf. tension (osc. droplet and TC,
candidate:x:x13t,x13t,x13t,X,LINKED,B,10,3dafac4652b8b4a2e030806f6eb14d6a12140a2d,2026-08-31T22:22:09+02:00,2026-08-31T22:22:09+02:00,milestone:0493x13t,,untracked files on surf: 7655b81 one-for_one swap normal only & validation scripts for surf. tension (osc. droplet and TC,
candidate:x:x13t-x13x-experimental-before-rollback-20260831,x13t-x13x-experimental-before-rollback-20260831,x13t-x13x-experimental-before-rollback-20260831,X,CANDIDATE,B,1,04dc6a8317a1181a46472a755e36fac89cc5de2a,2026-08-31T22:22:09+02:00,2026-08-31T22:22:09+02:00,,,On surf: backup-x13t-x13x-experimental-before-rollback-20260831,
candidate:x:x13tw,x13tw,x13tw,X,CANDIDATE,B,3,3dafac4652b8b4a2e030806f6eb14d6a12140a2d,2026-08-31T22:22:09+02:00,2026-08-31T22:22:09+02:00,,,untracked files on surf: 7655b81 one-for_one swap normal only & validation scripts for surf. tension (osc. droplet and TC,
candidate:x:x13u,x13u,x13u,X,LINKED,B,6,3dafac4652b8b4a2e030806f6eb14d6a12140a2d,2026-08-31T22:22:09+02:00,2026-08-31T22:22:09+02:00,milestone:0493x13u,,untracked files on surf: 7655b81 one-for_one swap normal only & validation scripts for surf. tension (osc. droplet and TC,
candidate:x:x13v,x13v,x13v,X,LINKED,B,3,3dafac4652b8b4a2e030806f6eb14d6a12140a2d,2026-08-31T22:22:09+02:00,2026-08-31T22:22:09+02:00,milestone:0493x13v,,untracked files on surf: 7655b81 one-for_one swap normal only & validation scripts for surf. tension (osc. droplet and TC,
candidate:x:x13w,x13w,x13w,X,LINKED,B,9,3dafac4652b8b4a2e030806f6eb14d6a12140a2d,2026-08-31T22:22:09+02:00,2026-08-31T22:22:09+02:00,milestone:0493x13w,,untracked files on surf: 7655b81 one-for_one swap normal only & validation scripts for surf. tension (osc. droplet and TC,
candidate:x:x13x,x13x,x13x,X,LINKED,B,7,3dafac4652b8b4a2e030806f6eb14d6a12140a2d,2026-08-31T22:22:09+02:00,2026-08-31T22:22:09+02:00,milestone:0493x13x,,untracked files on surf: 7655b81 one-for_one swap normal only & validation scripts for surf. tension (osc. droplet and TC,
candidate:x:x13z,x13z,x13z,X,LINKED,B,2,3dafac4652b8b4a2e030806f6eb14d6a12140a2d,2026-08-31T22:22:09+02:00,2026-08-31T22:22:09+02:00,milestone:0493x13z,,untracked files on surf: 7655b81 one-for_one swap normal only & validation scripts for surf. tension (osc. droplet and TC,
candidate:x:x13za,x13za,x13za,X,LINKED,B,3,3dafac4652b8b4a2e030806f6eb14d6a12140a2d,2026-08-31T22:22:09+02:00,2026-08-31T22:22:09+02:00,milestone:0493x13za,,untracked files on surf: 7655b81 one-for_one swap normal only & validation scripts for surf. tension (osc. droplet and TC,
candidate:x:x13zb,x13zb,x13zb,X,LINKED,B,3,3dafac4652b8b4a2e030806f6eb14d6a12140a2d,2026-08-31T22:22:09+02:00,2026-08-31T22:22:09+02:00,milestone:0493x13zb,,untracked files on surf: 7655b81 one-for_one swap normal only & validation scripts for surf. tension (osc. droplet and TC,
candidate:x:x13zb2,x13zb2,x13zb2,X,LINKED,B,3,3dafac4652b8b4a2e030806f6eb14d6a12140a2d,2026-08-31T22:22:09+02:00,2026-08-31T22:22:09+02:00,milestone:0493x13zb2,,untracked files on surf: 7655b81 one-for_one swap normal only & validation scripts for surf. tension (osc. droplet and TC,
candidate:x:x13zb3,x13zb3,x13zb3,X,LINKED,B,3,3dafac4652b8b4a2e030806f6eb14d6a12140a2d,2026-08-31T22:22:09+02:00,2026-08-31T22:22:09+02:00,milestone:0493x13zb3,,untracked files on surf: 7655b81 one-for_one swap normal only & validation scripts for surf. tension (osc. droplet and TC,
candidate:x:x13zc,x13zc,x13zc,X,LINKED,B,3,3dafac4652b8b4a2e030806f6eb14d6a12140a2d,2026-08-31T22:22:09+02:00,2026-08-31T22:22:09+02:00,milestone:0493x13zc,,untracked files on surf: 7655b81 one-for_one swap normal only & validation scripts for surf. tension (osc. droplet and TC,
candidate:x:x13zd,x13zd,x13zd,X,LINKED,B,4,3dafac4652b8b4a2e030806f6eb14d6a12140a2d,2026-08-31T22:22:09+02:00,2026-08-31T22:22:09+02:00,milestone:0493x13zd,,untracked files on surf: 7655b81 one-for_one swap normal only & validation scripts for surf. tension (osc. droplet and TC,
candidate:x:x13ze,x13ze,x13ze,X,LINKED,B,1,a18d274ba28d0a8ce14432fdc5fa52a132b5410f,2026-09-01T14:30:47+02:00,2026-09-01T14:30:47+02:00,milestone:0493x13ze,IN_MAINLINE,runners demo cases updated,
candidate:x:x13zf,x13zf,x13zf,X,LINKED,B,1,a18d274ba28d0a8ce14432fdc5fa52a132b5410f,2026-09-01T14:30:47+02:00,2026-09-01T14:30:47+02:00,milestone:0493x13zf,IN_MAINLINE,runners demo cases updated,
candidate:x:x13zg,x13zg,x13zg,X,LINKED,B,1,a18d274ba28d0a8ce14432fdc5fa52a132b5410f,2026-09-01T14:30:47+02:00,2026-09-01T14:30:47+02:00,milestone:0493x13zg,IN_MAINLINE,runners demo cases updated,
candidate:x:x13zj,x13zj,x13zj,X,LINKED,B,1,a18d274ba28d0a8ce14432fdc5fa52a132b5410f,2026-09-01T14:30:47+02:00,2026-09-01T14:30:47+02:00,milestone:0493x13zj,IN_MAINLINE,runners demo cases updated,
candidate:x:x13zk,x13zk,x13zk,X,LINKED,B,1,a18d274ba28d0a8ce14432fdc5fa52a132b5410f,2026-09-01T14:30:47+02:00,2026-09-01T14:30:47+02:00,milestone:0493x13zk,IN_MAINLINE,runners demo cases updated,
candidate:x:x13zl,x13zl,x13zl,X,LINKED,B,1,a18d274ba28d0a8ce14432fdc5fa52a132b5410f,2026-09-01T14:30:47+02:00,2026-09-01T14:30:47+02:00,milestone:0493x13zl,IN_MAINLINE,runners demo cases updated,
candidate:x:x13zn,x13zn,x13zn,X,LINKED,B,1,a18d274ba28d0a8ce14432fdc5fa52a132b5410f,2026-09-01T14:30:47+02:00,2026-09-01T14:30:47+02:00,milestone:0493x13zn,IN_MAINLINE,runners demo cases updated,
candidate:x:x14a,x14a,x14a,X,LINKED,B,1,c3107ec1e486ce1c5b9829c4a7a2473c16438908,2026-09-01T18:28:48+02:00,2026-09-01T18:28:48+02:00,milestone:0493x14a,IN_MAINLINE,Thermostat per type implemented for src and q6gf,
candidate:x:x14aa,x14aa,x14aa,X,LINKED,B,1,8a4fc4065a2682cebf0fe32cb9cdbd32de39aef5,2026-09-04T19:24:52+02:00,2026-09-04T19:24:52+02:00,milestone:0493x14aa,IN_MAINLINE,correction dérive quantité de mouvement interface liquide/gaz,
candidate:x:x14ab,x14ab,x14ab,X,LINKED,B,1,8a4fc4065a2682cebf0fe32cb9cdbd32de39aef5,2026-09-04T19:24:52+02:00,2026-09-04T19:24:52+02:00,milestone:0493x14ab,IN_MAINLINE,correction dérive quantité de mouvement interface liquide/gaz,
candidate:x:x14ac,x14ac,x14ac,X,LINKED,B,1,8a4fc4065a2682cebf0fe32cb9cdbd32de39aef5,2026-09-04T19:24:52+02:00,2026-09-04T19:24:52+02:00,milestone:0493x14ac,IN_MAINLINE,correction dérive quantité de mouvement interface liquide/gaz,
candidate:x:x14ad,x14ad,x14ad,X,LINKED,B,1,8a4fc4065a2682cebf0fe32cb9cdbd32de39aef5,2026-09-04T19:24:52+02:00,2026-09-04T19:24:52+02:00,milestone:0493x14ad,IN_MAINLINE,correction dérive quantité de mouvement interface liquide/gaz,
candidate:x:x14ae,x14ae,x14ae,X,LINKED,B,1,8a4fc4065a2682cebf0fe32cb9cdbd32de39aef5,2026-09-04T19:24:52+02:00,2026-09-04T19:24:52+02:00,milestone:0493x14ae,IN_MAINLINE,correction dérive quantité de mouvement interface liquide/gaz,
candidate:x:x14af,x14af,x14af,X,LINKED,B,3,8a4fc4065a2682cebf0fe32cb9cdbd32de39aef5,2026-09-04T19:24:52+02:00,2026-09-04T19:24:52+02:00,milestone:0493x14af,IN_MAINLINE,correction dérive quantité de mouvement interface liquide/gaz,
candidate:x:x14ag,x14ag,x14ag,X,LINKED,B,4,8a4fc4065a2682cebf0fe32cb9cdbd32de39aef5,2026-09-04T19:24:52+02:00,2026-09-04T19:24:52+02:00,milestone:0493x14ag,IN_MAINLINE,correction dérive quantité de mouvement interface liquide/gaz,
candidate:x:x14ah,x14ah,x14ah,X,LINKED,B,5,8a4fc4065a2682cebf0fe32cb9cdbd32de39aef5,2026-09-04T19:24:52+02:00,2026-09-04T19:24:52+02:00,milestone:0493x14ah,IN_MAINLINE,correction dérive quantité de mouvement interface liquide/gaz,
candidate:x:x14ai,x14ai,x14ai,X,LINKED,B,8,8a4fc4065a2682cebf0fe32cb9cdbd32de39aef5,2026-09-04T19:24:52+02:00,2026-09-07T14:51:58+02:00,milestone:0493x14ai,IN_MAINLINE,correction dérive quantité de mouvement interface liquide/gaz,
candidate:x:x14aj,x14aj,x14aj,X,LINKED,B,2,75ea8907aa7d2d9f6a3e1d3d639a48e850ee0672,2026-09-07T14:51:58+02:00,2026-09-07T14:51:58+02:00,milestone:0493x14aj,IN_MAINLINE,"campagne qualification interaction liquide/air, comparaison SAto & et.",
candidate:x:x14ak,x14ak,x14ak,X,LINKED,B,3,75ea8907aa7d2d9f6a3e1d3d639a48e850ee0672,2026-09-07T14:51:58+02:00,2026-09-07T14:51:58+02:00,milestone:0493x14ak,IN_MAINLINE,"campagne qualification interaction liquide/air, comparaison SAto & et.",
candidate:x:x14al,x14al,x14al,X,LINKED,B,5,75ea8907aa7d2d9f6a3e1d3d639a48e850ee0672,2026-09-07T14:51:58+02:00,2026-09-07T14:51:58+02:00,milestone:0493x14al,IN_MAINLINE,"campagne qualification interaction liquide/air, comparaison SAto & et.",
candidate:x:x14am,x14am,x14am,X,LINKED,B,4,75ea8907aa7d2d9f6a3e1d3d639a48e850ee0672,2026-09-07T14:51:58+02:00,2026-09-07T14:51:58+02:00,milestone:0493x14am,IN_MAINLINE,"campagne qualification interaction liquide/air, comparaison SAto & et.",
candidate:x:x14an,x14an,x14an,X,LINKED,B,2,75ea8907aa7d2d9f6a3e1d3d639a48e850ee0672,2026-09-07T14:51:58+02:00,2026-09-07T14:51:58+02:00,milestone:0493x14an,IN_MAINLINE,"campagne qualification interaction liquide/air, comparaison SAto & et.",
candidate:x:x14ao,x14ao,x14ao,X,LINKED,B,1,75ea8907aa7d2d9f6a3e1d3d639a48e850ee0672,2026-09-07T14:51:58+02:00,2026-09-07T14:51:58+02:00,milestone:0493x14ao,IN_MAINLINE,"campagne qualification interaction liquide/air, comparaison SAto & et.",
candidate:x:x14ap,x14ap,x14ap,X,LINKED,B,1,75ea8907aa7d2d9f6a3e1d3d639a48e850ee0672,2026-09-07T14:51:58+02:00,2026-09-07T14:51:58+02:00,milestone:0493x14ap,IN_MAINLINE,"campagne qualification interaction liquide/air, comparaison SAto & et.",
candidate:x:x14aq,x14aq,x14aq,X,LINKED,B,2,75ea8907aa7d2d9f6a3e1d3d639a48e850ee0672,2026-09-07T14:51:58+02:00,2026-09-07T14:51:58+02:00,milestone:0493x14aq,IN_MAINLINE,"campagne qualification interaction liquide/air, comparaison SAto & et.",
candidate:x:x14ar,x14ar,x14ar,X,LINKED,B,1,75ea8907aa7d2d9f6a3e1d3d639a48e850ee0672,2026-09-07T14:51:58+02:00,2026-09-07T14:51:58+02:00,milestone:0493x14ar,IN_MAINLINE,"campagne qualification interaction liquide/air, comparaison SAto & et.",
candidate:x:x14as,x14as,x14as,X,LINKED,B,2,75ea8907aa7d2d9f6a3e1d3d639a48e850ee0672,2026-09-07T14:51:58+02:00,2026-09-07T14:51:58+02:00,milestone:0493x14as,IN_MAINLINE,"campagne qualification interaction liquide/air, comparaison SAto & et.",
candidate:x:x14at,x14at,x14at,X,LINKED,B,7,75ea8907aa7d2d9f6a3e1d3d639a48e850ee0672,2026-09-07T14:51:58+02:00,2026-09-07T14:51:58+02:00,milestone:0493x14at,IN_MAINLINE,"campagne qualification interaction liquide/air, comparaison SAto & et.",
candidate:x:x14au,x14au,x14au,X,LINKED,B,5,75ea8907aa7d2d9f6a3e1d3d639a48e850ee0672,2026-09-07T14:51:58+02:00,2026-09-07T14:51:58+02:00,milestone:0493x14au,IN_MAINLINE,"campagne qualification interaction liquide/air, comparaison SAto & et.",
candidate:x:x14av,x14av,x14av,X,LINKED,B,3,75ea8907aa7d2d9f6a3e1d3d639a48e850ee0672,2026-09-07T14:51:58+02:00,2026-09-07T14:51:58+02:00,milestone:0493x14av,IN_MAINLINE,"campagne qualification interaction liquide/air, comparaison SAto & et.",
candidate:x:x14b,x14b,x14b,X,LINKED,B,2,c3107ec1e486ce1c5b9829c4a7a2473c16438908,2026-09-01T18:28:48+02:00,2026-09-01T18:28:48+02:00,milestone:0493x14b,IN_MAINLINE,Thermostat per type implemented for src and q6gf,
candidate:x:x14c,x14c,x14c,X,LINKED,B,2,c3107ec1e486ce1c5b9829c4a7a2473c16438908,2026-09-01T18:28:48+02:00,2026-09-01T18:28:48+02:00,milestone:0493x14c,IN_MAINLINE,Thermostat per type implemented for src and q6gf,
candidate:x:x14e,x14e,x14e,X,LINKED,B,1,c3107ec1e486ce1c5b9829c4a7a2473c16438908,2026-09-01T18:28:48+02:00,2026-09-01T18:28:48+02:00,milestone:0493x14e,IN_MAINLINE,Thermostat per type implemented for src and q6gf,
candidate:x:x14f,x14f,x14f,X,LINKED,B,3,c3107ec1e486ce1c5b9829c4a7a2473c16438908,2026-09-01T18:28:48+02:00,2026-09-01T18:28:48+02:00,milestone:0493x14f,IN_MAINLINE,Thermostat per type implemented for src and q6gf,
candidate:x:x14i,x14i,x14i,X,LINKED,B,1,c3107ec1e486ce1c5b9829c4a7a2473c16438908,2026-09-01T18:28:48+02:00,2026-09-01T18:28:48+02:00,milestone:0493x14i,IN_MAINLINE,Thermostat per type implemented for src and q6gf,
candidate:x:x14j,x14j,x14j,X,LINKED,B,3,20a59200575ca6ffc1e23e7d9211594cf24fe2ec,2026-09-02T20:35:39+02:00,2026-09-02T20:35:39+02:00,milestone:0493x14j,IN_MAINLINE,couplage liquide/gaz avec tension superficielle -chaîne liquide + reflexion gaz/interface + 0493x14s: correct x6g EOS for gas accessible volume,
candidate:x:x14k,x14k,x14k,X,LINKED,B,1,20a59200575ca6ffc1e23e7d9211594cf24fe2ec,2026-09-02T20:35:39+02:00,2026-09-02T20:35:39+02:00,milestone:0493x14k,IN_MAINLINE,couplage liquide/gaz avec tension superficielle -chaîne liquide + reflexion gaz/interface + 0493x14s: correct x6g EOS for gas accessible volume,
candidate:x:x14l,x14l,x14l,X,LINKED,B,1,20a59200575ca6ffc1e23e7d9211594cf24fe2ec,2026-09-02T20:35:39+02:00,2026-09-02T20:35:39+02:00,milestone:0493x14l,IN_MAINLINE,couplage liquide/gaz avec tension superficielle -chaîne liquide + reflexion gaz/interface + 0493x14s: correct x6g EOS for gas accessible volume,
candidate:x:x14m,x14m,x14m,X,LINKED,B,2,20a59200575ca6ffc1e23e7d9211594cf24fe2ec,2026-09-02T20:35:39+02:00,2026-09-02T20:35:39+02:00,milestone:0493x14m,IN_MAINLINE,couplage liquide/gaz avec tension superficielle -chaîne liquide + reflexion gaz/interface + 0493x14s: correct x6g EOS for gas accessible volume,
candidate:x:x14n,x14n,x14n,X,LINKED,B,2,20a59200575ca6ffc1e23e7d9211594cf24fe2ec,2026-09-02T20:35:39+02:00,2026-09-02T20:35:39+02:00,milestone:0493x14n,IN_MAINLINE,couplage liquide/gaz avec tension superficielle -chaîne liquide + reflexion gaz/interface + 0493x14s: correct x6g EOS for gas accessible volume,
candidate:x:x14o,x14o,x14o,X,LINKED,B,1,20a59200575ca6ffc1e23e7d9211594cf24fe2ec,2026-09-02T20:35:39+02:00,2026-09-02T20:35:39+02:00,milestone:0493x14o,IN_MAINLINE,couplage liquide/gaz avec tension superficielle -chaîne liquide + reflexion gaz/interface + 0493x14s: correct x6g EOS for gas accessible volume,
candidate:x:x14p,x14p,x14p,X,LINKED,B,1,20a59200575ca6ffc1e23e7d9211594cf24fe2ec,2026-09-02T20:35:39+02:00,2026-09-02T20:35:39+02:00,milestone:0493x14p,IN_MAINLINE,couplage liquide/gaz avec tension superficielle -chaîne liquide + reflexion gaz/interface + 0493x14s: correct x6g EOS for gas accessible volume,
candidate:x:x14q,x14q,x14q,X,LINKED,B,1,20a59200575ca6ffc1e23e7d9211594cf24fe2ec,2026-09-02T20:35:39+02:00,2026-09-02T20:35:39+02:00,milestone:0493x14q,IN_MAINLINE,couplage liquide/gaz avec tension superficielle -chaîne liquide + reflexion gaz/interface + 0493x14s: correct x6g EOS for gas accessible volume,
candidate:x:x14r,x14r,x14r,X,LINKED,B,1,20a59200575ca6ffc1e23e7d9211594cf24fe2ec,2026-09-02T20:35:39+02:00,2026-09-02T20:35:39+02:00,milestone:0493x14r,IN_MAINLINE,couplage liquide/gaz avec tension superficielle -chaîne liquide + reflexion gaz/interface + 0493x14s: correct x6g EOS for gas accessible volume,
candidate:x:x14s,x14s,x14s,X,LINKED,B,5,20a59200575ca6ffc1e23e7d9211594cf24fe2ec,2026-09-02T20:35:39+02:00,2026-09-03T12:12:36+02:00,milestone:0493x14s,IN_MAINLINE,couplage liquide/gaz avec tension superficielle -chaîne liquide + reflexion gaz/interface + 0493x14s: correct x6g EOS for gas accessible volume,
candidate:x:x14t,x14t,x14t,X,LINKED,B,3,5dd346136d2da9d69952b9cade7ed8eb91a2b93f,2026-09-03T12:12:36+02:00,2026-09-03T12:12:36+02:00,milestone:0493x14t,IN_MAINLINE,0493x14v/x14w: add gas kinetic excess transfer and Couette qualifier,
candidate:x:x14u,x14u,x14u,X,LINKED,B,4,5dd346136d2da9d69952b9cade7ed8eb91a2b93f,2026-09-03T12:12:36+02:00,2026-09-03T12:12:36+02:00,milestone:0493x14u,IN_MAINLINE,0493x14v/x14w: add gas kinetic excess transfer and Couette qualifier,
candidate:x:x14w,x14w,x14w,X,LINKED,B,5,5dd346136d2da9d69952b9cade7ed8eb91a2b93f,2026-09-03T12:12:36+02:00,2026-09-04T19:24:52+02:00,milestone:0493x14w,IN_MAINLINE,0493x14v/x14w: add gas kinetic excess transfer and Couette qualifier,
candidate:x:x14x,x14x,x14x,X,LINKED,B,6,8a4fc4065a2682cebf0fe32cb9cdbd32de39aef5,2026-09-04T19:24:52+02:00,2026-09-04T19:24:52+02:00,milestone:0493x14x,IN_MAINLINE,correction dérive quantité de mouvement interface liquide/gaz,
candidate:x:x14y,x14y,x14y,X,LINKED,B,1,8a4fc4065a2682cebf0fe32cb9cdbd32de39aef5,2026-09-04T19:24:52+02:00,2026-09-04T19:24:52+02:00,milestone:0493x14y,IN_MAINLINE,correction dérive quantité de mouvement interface liquide/gaz,
candidate:x:x14z,x14z,x14z,X,LINKED,B,1,8a4fc4065a2682cebf0fe32cb9cdbd32de39aef5,2026-09-04T19:24:52+02:00,2026-09-04T19:24:52+02:00,milestone:0493x14z,IN_MAINLINE,correction dérive quantité de mouvement interface liquide/gaz,
candidate:x:x2,x2,x2,X,LINKED,B,2,7d98c3054f1d1fe687ed601ab8e3b339dda1177a,2026-08-05T23:11:17+02:00,2026-08-05T23:11:17+02:00,milestone:0493x2,IN_MAINLINE,"q6 projection with force inclusion in velocity, cuda fusion : q6-g - Non generalized",
candidate:x:x3,x3,x3,X,LINKED,B,5,7d98c3054f1d1fe687ed601ab8e3b339dda1177a,2026-08-05T23:11:17+02:00,2026-08-26T22:36:11+02:00,milestone:0493x3,IN_MAINLINE,"q6 projection with force inclusion in velocity, cuda fusion : q6-g - Non generalized",
candidate:x:x4a,x4a,x4a,X,LINKED,B,5,7d98c3054f1d1fe687ed601ab8e3b339dda1177a,2026-08-05T23:11:17+02:00,2026-08-26T22:36:11+02:00,milestone:0493x4a,IN_MAINLINE,"q6 projection with force inclusion in velocity, cuda fusion : q6-g - Non generalized",
candidate:x:x4b,x4b,x4b,X,LINKED,B,5,7d98c3054f1d1fe687ed601ab8e3b339dda1177a,2026-08-05T23:11:17+02:00,2026-08-26T22:36:11+02:00,milestone:0493x4b,IN_MAINLINE,"q6 projection with force inclusion in velocity, cuda fusion : q6-g - Non generalized",
candidate:x:x5a,x5a,x5a,X,LINKED,B,6,5320867c4d108b46e18e365d56ccfc05cf302325,2026-08-09T01:14:33+02:00,2026-08-26T22:36:11+02:00,milestone:0493x5a,IN_MAINLINE,0493x6f2: separate bounded phase geometry from raw occupancy,
candidate:x:x5a2,x5a2,x5a2,X,LINKED,B,6,5320867c4d108b46e18e365d56ccfc05cf302325,2026-08-09T01:14:33+02:00,2026-08-26T22:36:11+02:00,milestone:0493x5a2,IN_MAINLINE,0493x6f2: separate bounded phase geometry from raw occupancy,
candidate:x:x5b,x5b,x5b,X,LINKED,B,7,5320867c4d108b46e18e365d56ccfc05cf302325,2026-08-09T01:14:33+02:00,2026-08-26T22:36:11+02:00,milestone:0493x5b,IN_MAINLINE,0493x6f2: separate bounded phase geometry from raw occupancy,
candidate:x:x6a,x6a,x6a,X,LINKED,B,4,5320867c4d108b46e18e365d56ccfc05cf302325,2026-08-09T01:14:33+02:00,2026-08-26T22:36:11+02:00,milestone:0493x6a,IN_MAINLINE,0493x6f2: separate bounded phase geometry from raw occupancy,
candidate:x:x6b,x6b,x6b,X,LINKED,B,4,5320867c4d108b46e18e365d56ccfc05cf302325,2026-08-09T01:14:33+02:00,2026-08-26T22:36:11+02:00,milestone:0493x6b,IN_MAINLINE,0493x6f2: separate bounded phase geometry from raw occupancy,
candidate:x:x6c,x6c,x6c,X,LINKED,B,4,5320867c4d108b46e18e365d56ccfc05cf302325,2026-08-09T01:14:33+02:00,2026-08-26T22:36:11+02:00,milestone:0493x6c,IN_MAINLINE,0493x6f2: separate bounded phase geometry from raw occupancy,
candidate:x:x6d,x6d,x6d,X,LINKED,B,4,5320867c4d108b46e18e365d56ccfc05cf302325,2026-08-09T01:14:33+02:00,2026-08-26T22:36:11+02:00,milestone:0493x6d,IN_MAINLINE,0493x6f2: separate bounded phase geometry from raw occupancy,
candidate:x:x6e,x6e,x6e,X,LINKED,B,4,5320867c4d108b46e18e365d56ccfc05cf302325,2026-08-09T01:14:33+02:00,2026-08-26T22:36:11+02:00,milestone:0493x6e,IN_MAINLINE,0493x6f2: separate bounded phase geometry from raw occupancy,
candidate:x:x6f,x6f,x6f,X,LINKED,B,4,5320867c4d108b46e18e365d56ccfc05cf302325,2026-08-09T01:14:33+02:00,2026-08-26T22:36:11+02:00,milestone:0493x6f,IN_MAINLINE,0493x6f2: separate bounded phase geometry from raw occupancy,
candidate:x:x6g,x6g,x6g,X,LINKED,B,20,5320867c4d108b46e18e365d56ccfc05cf302325,2026-08-09T01:14:33+02:00,2026-09-04T19:24:52+02:00,milestone:0493x6g,IN_MAINLINE,0493x6f2: separate bounded phase geometry from raw occupancy,
candidate:x:x7a,x7a,x7a,X,LINKED,B,3,87d8d2b47ab2a62ff0ec8688cade5452d96505c3,2026-08-09T22:03:37+02:00,2026-08-26T22:36:11+02:00,milestone:0493x7a,IN_MAINLINE,q6-g-f implemented and validated with gas pressure application - grid convergence not demonstrated for same fluid properties,
candidate:x:x7b,x7b,x7b,X,LINKED,B,3,87d8d2b47ab2a62ff0ec8688cade5452d96505c3,2026-08-09T22:03:37+02:00,2026-08-26T22:36:11+02:00,milestone:0493x7b,IN_MAINLINE,q6-g-f implemented and validated with gas pressure application - grid convergence not demonstrated for same fluid properties,
candidate:x:x7c,x7c,x7c,X,LINKED,B,3,87d8d2b47ab2a62ff0ec8688cade5452d96505c3,2026-08-09T22:03:37+02:00,2026-08-26T22:36:11+02:00,milestone:0493x7c,IN_MAINLINE,q6-g-f implemented and validated with gas pressure application - grid convergence not demonstrated for same fluid properties,
candidate:x:x7d,x7d,x7d,X,LINKED,B,10,87d8d2b47ab2a62ff0ec8688cade5452d96505c3,2026-08-09T22:03:37+02:00,2026-08-26T22:36:11+02:00,milestone:0493x7d,IN_MAINLINE,q6-g-f implemented and validated with gas pressure application - grid convergence not demonstrated for same fluid properties,
candidate:x:x7e,x7e,x7e,X,LINKED,B,6,87d8d2b47ab2a62ff0ec8688cade5452d96505c3,2026-08-09T22:03:37+02:00,2026-08-26T22:36:11+02:00,milestone:0493x7e,IN_MAINLINE,q6-g-f implemented and validated with gas pressure application - grid convergence not demonstrated for same fluid properties,
candidate:x:x7f,x7f,x7f,X,LINKED,B,4,8cec8b86c6c0e938eaf531b37a92ae6825b7235d,2026-08-09T23:20:26+02:00,2026-08-26T22:36:11+02:00,milestone:0493x7f,IN_MAINLINE,Q6-g-f generalized to all BC - no Darcy yet,
candidate:x:x7g,x7g,x7g,X,LINKED,B,4,ffeaa3449c5660edeb36db413a873061174e7949,2026-08-09T23:48:35+02:00,2026-08-26T22:36:11+02:00,milestone:0493x7g,IN_MAINLINE,Darcy/chi generalized q6-g-f,
candidate:x:x7h,x7h,x7h,X,LINKED,B,2,24aa33cc60514c4237756a320787b6ba65236b4b,2026-08-10T15:15:12+02:00,2026-08-26T22:36:11+02:00,milestone:0493x7h,IN_MAINLINE,runners demo/validation + patch efficacité q6-6-g-f,
candidate:x:x7i,x7i,x7i,X,LINKED,B,9,24aa33cc60514c4237756a320787b6ba65236b4b,2026-08-10T15:15:12+02:00,2026-08-26T22:36:11+02:00,milestone:0493x7i,IN_MAINLINE,runners demo/validation + patch efficacité q6-6-g-f,
candidate:x:x7k,x7k,x7k,X,LINKED,B,2,f12cfe7c65e4acffdfb4a7040dc291dfd3f1e908,2026-08-10T17:30:40+02:00,2026-08-26T22:36:11+02:00,milestone:0493x7k,IN_MAINLINE,0493x7k-x7l: strip Q6-g-f production diagnostics telemetry,
candidate:x:x7l,x7l,x7l,X,LINKED,B,2,f12cfe7c65e4acffdfb4a7040dc291dfd3f1e908,2026-08-10T17:30:40+02:00,2026-08-26T22:36:11+02:00,milestone:0493x7l,IN_MAINLINE,0493x7k-x7l: strip Q6-g-f production diagnostics telemetry,
candidate:x:x7m,x7m,x7m,X,LINKED,B,2,c47f49f8af4cd24e3c551754b2297a37fa173d50,2026-08-11T00:34:06+02:00,2026-08-26T22:36:11+02:00,milestone:0493x7m,IN_MAINLINE,"defaut x7d compression/bruit identifié via Poiseuille+TG, Dambreak confirmé ok",
candidate:x:x7n,x7n,x7n,X,LINKED,B,10,c47f49f8af4cd24e3c551754b2297a37fa173d50,2026-08-11T00:34:06+02:00,2026-08-26T22:36:11+02:00,milestone:0493x7n,IN_MAINLINE,"defaut x7d compression/bruit identifié via Poiseuille+TG, Dambreak confirmé ok",
candidate:x:x7q,x7q,x7q,X,LINKED,B,6,9c76fbb64232065dfe082d0332310b7c9c070a9d,2026-08-12T14:41:29+02:00,2026-08-26T22:36:11+02:00,milestone:0493x7q,IN_MAINLINE,reparation momentum residuel x7q pour k=0,
candidate:x:x7qoff,x7qoff,x7qoff,X,CANDIDATE,B,1,3bd07c80352ef36cb5be2658b4f02e3ebcb09a8f,2026-08-14T14:35:17+02:00,2026-08-14T14:35:17+02:00,,IN_MAINLINE,daignostics of momentum loss,
candidate:x:x7s,x7s,x7s,X,CANDIDATE,B,3,3bd07c80352ef36cb5be2658b4f02e3ebcb09a8f,2026-08-14T14:35:17+02:00,2026-08-14T14:35:17+02:00,,IN_MAINLINE,daignostics of momentum loss,
candidate:x:x7t,x7t,x7t,X,CANDIDATE,B,2,3bd07c80352ef36cb5be2658b4f02e3ebcb09a8f,2026-08-14T14:35:17+02:00,2026-08-14T14:35:17+02:00,,IN_MAINLINE,daignostics of momentum loss,
candidate:x:x7u,x7u,x7u,X,CANDIDATE,B,7,3bd07c80352ef36cb5be2658b4f02e3ebcb09a8f,2026-08-14T14:35:17+02:00,2026-08-26T22:36:11+02:00,,IN_MAINLINE,daignostics of momentum loss,
candidate:x:x7v,x7v,x7v,X,CANDIDATE,B,7,3bd07c80352ef36cb5be2658b4f02e3ebcb09a8f,2026-08-14T14:35:17+02:00,2026-08-26T22:36:11+02:00,,IN_MAINLINE,daignostics of momentum loss,
candidate:x:x7w,x7w,x7w,X,CANDIDATE,B,5,3bd07c80352ef36cb5be2658b4f02e3ebcb09a8f,2026-08-14T14:35:17+02:00,2026-08-29T21:42:43+02:00,,IN_MAINLINE,daignostics of momentum loss,
candidate:x:x7x,x7x,x7x,X,CANDIDATE,B,6,3bd07c80352ef36cb5be2658b4f02e3ebcb09a8f,2026-08-14T14:35:17+02:00,2026-08-14T14:35:17+02:00,,IN_MAINLINE,daignostics of momentum loss,
candidate:x:x7y,x7y,x7y,X,CANDIDATE,B,3,3bd07c80352ef36cb5be2658b4f02e3ebcb09a8f,2026-08-14T14:35:17+02:00,2026-08-26T22:36:11+02:00,,IN_MAINLINE,daignostics of momentum loss,
candidate:x:x7z,x7z,x7z,X,CANDIDATE,B,1,3bd07c80352ef36cb5be2658b4f02e3ebcb09a8f,2026-08-14T14:35:17+02:00,2026-08-14T14:35:17+02:00,,IN_MAINLINE,daignostics of momentum loss,
candidate:x:x8a,x8a,x8a,X,LINKED,B,3,3bd07c80352ef36cb5be2658b4f02e3ebcb09a8f,2026-08-14T14:35:17+02:00,2026-08-26T22:36:11+02:00,milestone:0493x8a,IN_MAINLINE,daignostics of momentum loss,
candidate:x:x8b,x8b,x8b,X,LINKED,B,1,3bd07c80352ef36cb5be2658b4f02e3ebcb09a8f,2026-08-14T14:35:17+02:00,2026-08-14T14:35:17+02:00,milestone:0493x8b,IN_MAINLINE,daignostics of momentum loss,
candidate:x:x8d,x8d,x8d,X,LINKED,B,8,d0f4856e03d82098d5a5a1cedcdd4f89957fa98d,2026-08-15T16:38:42+02:00,2026-08-26T22:36:11+02:00,milestone:0493x8d,IN_MAINLINE,scripts for VK analysis,
candidate:x:x8e,x8e,x8e,X,LINKED,B,9,d0f4856e03d82098d5a5a1cedcdd4f89957fa98d,2026-08-15T16:38:42+02:00,2026-08-26T22:36:11+02:00,milestone:0493x8e,IN_MAINLINE,scripts for VK analysis,
candidate:x:x8f,x8f,x8f,X,LINKED,B,3,d0f4856e03d82098d5a5a1cedcdd4f89957fa98d,2026-08-15T16:38:42+02:00,2026-08-16T18:44:01+02:00,milestone:0493x8f,IN_MAINLINE,scripts for VK analysis,
candidate:x:x8g,x8g,x8g,X,LINKED,B,1,d0f4856e03d82098d5a5a1cedcdd4f89957fa98d,2026-08-15T16:38:42+02:00,2026-08-15T16:38:42+02:00,milestone:0493x8g,IN_MAINLINE,scripts for VK analysis,
candidate:x:x8h,x8h,x8h,X,LINKED,B,3,d0f4856e03d82098d5a5a1cedcdd4f89957fa98d,2026-08-15T16:38:42+02:00,2026-08-26T22:36:11+02:00,milestone:0493x8h,IN_MAINLINE,scripts for VK analysis,
candidate:x:x8i,x8i,x8i,X,LINKED,B,3,d0f4856e03d82098d5a5a1cedcdd4f89957fa98d,2026-08-15T16:38:42+02:00,2026-08-17T11:07:04+02:00,milestone:0493x8i,IN_MAINLINE,scripts for VK analysis,
candidate:x:x8j,x8j,x8j,X,LINKED,B,3,d0f4856e03d82098d5a5a1cedcdd4f89957fa98d,2026-08-15T16:38:42+02:00,2026-08-17T11:07:04+02:00,milestone:0493x8j,IN_MAINLINE,scripts for VK analysis,
candidate:x:x8m,x8m,x8m,X,LINKED,B,5,a34dfdc862bd8bbd8d87a13c3a320fe1150daf72,2026-08-16T18:16:37+02:00,2026-08-17T22:03:27+02:00,milestone:0493x8m,IN_MAINLINE,0493x8q-x8t: complete passive Neumann outlet for Q6GF,
candidate:x:x8n,x8n,x8n,X,LINKED,B,3,a34dfdc862bd8bbd8d87a13c3a320fe1150daf72,2026-08-16T18:16:37+02:00,2026-08-17T11:07:04+02:00,milestone:0493x8n,IN_MAINLINE,0493x8q-x8t: complete passive Neumann outlet for Q6GF,
candidate:x:x8q,x8q,x8q,X,LINKED,B,2,a34dfdc862bd8bbd8d87a13c3a320fe1150daf72,2026-08-16T18:16:37+02:00,2026-08-16T18:16:37+02:00,milestone:0493x8q,IN_MAINLINE,0493x8q-x8t: complete passive Neumann outlet for Q6GF,
candidate:x:x9a,x9a,x9a,X,LINKED,B,5,7c0732149383f9d6c68a978d0aef766679525371,2026-08-17T22:03:27+02:00,2026-08-26T22:36:11+02:00,milestone:0493x9a,IN_MAINLINE,surface tension liquid/gas ellipse cases dev.,
candidate:x:x9b,x9b,x9b,X,LINKED,B,8,7c0732149383f9d6c68a978d0aef766679525371,2026-08-17T22:03:27+02:00,2026-08-26T22:36:11+02:00,milestone:0493x9b,IN_MAINLINE,surface tension liquid/gas ellipse cases dev.,
candidate:x:x9c,x9c,x9c,X,LINKED,B,6,7c0732149383f9d6c68a978d0aef766679525371,2026-08-17T22:03:27+02:00,2026-08-26T22:36:11+02:00,milestone:0493x9c,IN_MAINLINE,surface tension liquid/gas ellipse cases dev.,
candidate:x:x9d,x9d,x9d,X,LINKED,B,4,7c0732149383f9d6c68a978d0aef766679525371,2026-08-17T22:03:27+02:00,2026-08-26T22:36:11+02:00,milestone:0493x9d,IN_MAINLINE,surface tension liquid/gas ellipse cases dev.,
candidate:x:x9e,x9e,x9e,X,LINKED,B,4,7c0732149383f9d6c68a978d0aef766679525371,2026-08-17T22:03:27+02:00,2026-08-26T22:36:11+02:00,milestone:0493x9e,IN_MAINLINE,surface tension liquid/gas ellipse cases dev.,
candidate:x:x9f,x9f,x9f,X,LINKED,B,6,7c0732149383f9d6c68a978d0aef766679525371,2026-08-17T22:03:27+02:00,2026-08-26T22:36:11+02:00,milestone:0493x9f,IN_MAINLINE,surface tension liquid/gas ellipse cases dev.,
candidate:x:x9i,x9i,x9i,X,LINKED,B,3,f50dfb2242da46fe7da33ad6111ef5c27eabb42a,2026-08-18T23:58:44+02:00,2026-08-18T23:58:44+02:00,milestone:0493x9i,IN_MAINLINE,surface tension dev. drop formation demonstrated,
candidate:x:x9j,x9j,x9j,X,LINKED,B,2,f50dfb2242da46fe7da33ad6111ef5c27eabb42a,2026-08-18T23:58:44+02:00,2026-08-18T23:58:44+02:00,milestone:0493x9j,IN_MAINLINE,surface tension dev. drop formation demonstrated,
candidate:x:x9k,x9k,x9k,X,LINKED,B,3,f50dfb2242da46fe7da33ad6111ef5c27eabb42a,2026-08-18T23:58:44+02:00,2026-08-18T23:58:44+02:00,milestone:0493x9k,IN_MAINLINE,surface tension dev. drop formation demonstrated,
candidate:x:x9l,x9l,x9l,X,LINKED,B,3,f50dfb2242da46fe7da33ad6111ef5c27eabb42a,2026-08-18T23:58:44+02:00,2026-08-18T23:58:44+02:00,milestone:0493x9l,IN_MAINLINE,surface tension dev. drop formation demonstrated,
candidate:x:x9m,x9m,x9m,X,LINKED,B,3,f50dfb2242da46fe7da33ad6111ef5c27eabb42a,2026-08-18T23:58:44+02:00,2026-08-18T23:58:44+02:00,milestone:0493x9m,IN_MAINLINE,surface tension dev. drop formation demonstrated,
candidate:x:x9n,x9n,x9n,X,LINKED,B,4,f50dfb2242da46fe7da33ad6111ef5c27eabb42a,2026-08-18T23:58:44+02:00,2026-08-18T23:58:44+02:00,milestone:0493x9n,IN_MAINLINE,surface tension dev. drop formation demonstrated,
candidate:x:x9o,x9o,x9o,X,LINKED,B,3,f50dfb2242da46fe7da33ad6111ef5c27eabb42a,2026-08-18T23:58:44+02:00,2026-08-18T23:58:44+02:00,milestone:0493x9o,IN_MAINLINE,surface tension dev. drop formation demonstrated,
candidate:x:x9p,x9p,x9p,X,LINKED,B,3,f50dfb2242da46fe7da33ad6111ef5c27eabb42a,2026-08-18T23:58:44+02:00,2026-08-18T23:58:44+02:00,milestone:0493x9p,IN_MAINLINE,surface tension dev. drop formation demonstrated,
candidate:x:x9q,x9q,x9q,X,LINKED,B,4,f50dfb2242da46fe7da33ad6111ef5c27eabb42a,2026-08-18T23:58:44+02:00,2026-08-22T17:35:47+02:00,milestone:0493x9q,IN_MAINLINE,surface tension dev. drop formation demonstrated,
candidate:x:x9r,x9r,x9r,X,LINKED,B,3,f50dfb2242da46fe7da33ad6111ef5c27eabb42a,2026-08-18T23:58:44+02:00,2026-08-22T17:35:47+02:00,milestone:0493x9r,IN_MAINLINE,surface tension dev. drop formation demonstrated,
candidate:x:x9s,x9s,x9s,X,LINKED,B,4,8f587696bac0f48a813025e5cb364603ba6cfeba,2026-08-22T17:35:47+02:00,2026-08-22T17:35:47+02:00,milestone:0493x9s,IN_MAINLINE,surface tension quantif.validated particle evaporation trated,
candidate:x:x9t,x9t,x9t,X,LINKED,B,4,8f587696bac0f48a813025e5cb364603ba6cfeba,2026-08-22T17:35:47+02:00,2026-08-22T17:35:47+02:00,milestone:0493x9t,IN_MAINLINE,surface tension quantif.validated particle evaporation trated,
candidate:x:x9u,x9u,x9u,X,LINKED,B,3,8f587696bac0f48a813025e5cb364603ba6cfeba,2026-08-22T17:35:47+02:00,2026-08-22T17:35:47+02:00,milestone:0493x9u,IN_MAINLINE,surface tension quantif.validated particle evaporation trated,
candidate:x:x9v,x9v,x9v,X,LINKED,B,2,8f587696bac0f48a813025e5cb364603ba6cfeba,2026-08-22T17:35:47+02:00,2026-08-22T17:35:47+02:00,milestone:0493x9v,IN_MAINLINE,surface tension quantif.validated particle evaporation trated,
candidate:x:x9w,x9w,x9w,X,LINKED,B,2,8f587696bac0f48a813025e5cb364603ba6cfeba,2026-08-22T17:35:47+02:00,2026-08-22T17:35:47+02:00,milestone:0493x9w,IN_MAINLINE,surface tension quantif.validated particle evaporation trated,
candidate:x:x9x,x9x,x9x,X,LINKED,B,3,8f587696bac0f48a813025e5cb364603ba6cfeba,2026-08-22T17:35:47+02:00,2026-08-22T17:35:47+02:00,milestone:0493x9x,IN_MAINLINE,surface tension quantif.validated particle evaporation trated,
candidate:x:x9y,x9y,x9y,X,LINKED,B,3,8f587696bac0f48a813025e5cb364603ba6cfeba,2026-08-22T17:35:47+02:00,2026-08-22T17:35:47+02:00,milestone:0493x9y,IN_MAINLINE,surface tension quantif.validated particle evaporation trated,
candidate:x:x9z,x9z,x9z,X,LINKED,B,3,8f587696bac0f48a813025e5cb364603ba6cfeba,2026-08-22T17:35:47+02:00,2026-08-22T17:35:47+02:00,milestone:0493x9z,IN_MAINLINE,surface tension quantif.validated particle evaporation trated,
candidate:numeric:0335a:commit-9e68abe9ed51,0335a,0335a,NUMERIC,CANDIDATE,C,1,9e68abe9ed51fe740c87eee2bb77f35d49356ad1,2026-06-17T10:50:22+02:00,2026-06-17T10:50:22+02:00,,IN_MAINLINE,fill injection script added,
candidate:numeric:0366:commit-d3dbadb02208,0366,0366,NUMERIC,CANDIDATE,C,1,d3dbadb02208863715101a83f9550c3d007fbebc,2026-06-20T18:48:36+02:00,2026-06-20T18:48:36+02:00,,IN_MAINLINE,0365: add resampling empty-refill validation docs and VK 0251 script,
candidate:x:x8q-ablation,x8q-ablation,x8q-ablation,X,CANDIDATE,C,1,74a4e5229e6a0d294d69fd03cbe08d49aec531de,2026-09-07T21:43:38+02:00,2026-09-07T21:43:38+02:00,,IN_MAINLINE,Info: add relational reference publications and Git audit,
