name,category,status,expected_type,default_value,effect_role,remarks,target_parameters,source_paths,milestones,source_inventory
ALPHA,Alias script Darcy,ajout/documenté 0426,double,DARCY_ALPHA_MAX ou valeur script,Alias de darcyAlphaMax dans les scripts de démonstration.,Les alias script sont résolus avant écriture du .kv ou export de l’environnement.,,doc/README_0426_DARCY_FASTFLAGS.md;scripts/run_src_classic_cuda_darcy_chi_backward_step_0425.sh;scripts/run_src_classic_cuda_darcy_chi_lr_segments_0411.sh;scripts/run_src_classic_cuda_darcy_chi_naca_periodic_0414.sh,,src_mpcd_params_inventory_consolidated_0365.csv + compléments Darcy/Brinkman/livevis 0411-0426
ALPHA_MIN,Alias script Darcy,ajout/documenté 0426,double,DARCY_ALPHA_MIN ou 0.0,Alias de darcyAlphaMin.,Les alias script sont résolus avant écriture du .kv ou export de l’environnement.,,doc/README_0426_DARCY_FASTFLAGS.md;scripts/run_src_classic_cuda_darcy_chi_backward_step_0425.sh;scripts/run_src_classic_cuda_darcy_chi_lr_segments_0411.sh;scripts/run_src_classic_cuda_darcy_chi_naca_periodic_0414.sh,,src_mpcd_params_inventory_consolidated_0365.csv + compléments Darcy/Brinkman/livevis 0411-0426
ANALYZE_ONLY,Alias runner / analyse,ajout/normalisé 0493w4–0493w8,booléen/int,0,Réutilise les résultats existants et lance uniquement l’analyseur.,Évite de recalculer les six branches après une correction du checker.,,scripts/run_0493w8_tg_mono_dual_equivalence.sh,,delta runners 0493w4–0493w8 / branche surf commit caa5b6b
AUTO_BUILD,Alias script / build,mis à jour 0337 livevis,booléen,1,Autorise le script à compiler automatiquement le binaire manquant.,"Dans les scripts livevis, le build automatique passe MPCD_ENABLE_LIVE_VIS=1.",,,,src_mpcd_cuda_livevis_inventory_0314_to_0339a.csv | src_mpcd_cuda_livevis_inventory_0314_to_0342a.csv | src_mpcd_cuda_params_added_0337_livevis.csv | src_mpcd_cuda_resampling_params_delta_0314_to_0337_livevis.csv
BACKGROUND_MASS_CLOSURE_STRENGTH,Alias runner / injection multi-espèces,ajout/normalisé 0493w4–0493w8,double,0.0 pour gas; 1.0 pour liquid,Définit massClosureStrengthDeclared de l’espèce de fond.,Concerne le resampling; sans effet si resampling désactivé.,,scripts/run_ok_injection_type1_into_type2_empty.sh,,delta runners 0493w4–0493w8 / branche surf commit caa5b6b
BACKGROUND_PHASE,Alias runner / injection multi-espèces,ajout/normalisé 0493w4–0493w8,liquid|gas,gas,Sélectionne la famille physique de l’espèce de fond.,Indépendant de BACKGROUND_TYPE.,,scripts/run_ok_injection_type1_into_type2.sh;scripts/run_ok_injection_type1_into_type2_empty.sh,,delta runners 0493w4–0493w8 / branche surf commit caa5b6b
BACKGROUND_Q6_STRENGTH,Alias runner / injection multi-espèces,ajout/normalisé 0493w4–0493w8,double,0.0 pour gas; 1.0 pour liquid,Définit q6StrengthDeclared de l’espèce de fond.,Le cas liquide->gaz qualifié utilise 1/0.,,scripts/run_ok_injection_type1_into_type2_empty.sh,,delta runners 0493w4–0493w8 / branche surf commit caa5b6b
BIN,Alias script / binaire,mis à jour 0337 livevis,chemin exécutable,build/src_mpcd_base_cuda_q6_resident_livevis_0486 dans les runners 0493w4–0493w8,Binaire exécuté par les scripts portables livevis.,Peut être surchargé; independent_masked requiert le binaire CUDA Q6 résident 0486 ou un build équivalent.,,scripts/run_0493w8_tg_mono_dual_equivalence.sh;scripts/run_ok_injection_type1_into_type2_empty.sh,,src_mpcd_cuda_livevis_inventory_0314_to_0339a.csv | src_mpcd_cuda_livevis_inventory_0314_to_0342a.csv | mise à jour 0493w8 / commit caa5b6b | src_mpcd_cuda_params_added_0337_livevis.csv | src_mpcd_cuda_resampling_params_delta_0314_to_0337_livevis.csv
CASES,Runner qualification 0493x7i / sélection de cas,profil final x7q/x7i,liste/chaîne,tg poiseuille bend_pipe io_box,Contrôle le runner de qualification physique sans ajouter de clé backend propre.,Variable de script x7i; le runner transmet ensuite les paramètres/gates canoniques appropriés par mode. Profil gelé pour éviter le retour à des cas Poiseuille pathologiques.,,scripts/run_0493x7i_q6_g_f_physical_qualification.sh,x7i;x7q,mise à jour runner qualification 0493x7q
CHI_FILE,Alias script Darcy,ajout/documenté 0426,chemin fichier,DARCY_CHI_FILE ou chemin par défaut,Chemin du champ chi externe côté script.,Les alias script sont résolus avant écriture du .kv ou export de l’environnement.,,doc/README_0426_DARCY_FASTFLAGS.md;scripts/run_src_classic_cuda_darcy_chi_backward_step_0425.sh;scripts/run_src_classic_cuda_darcy_chi_lr_segments_0411.sh;scripts/run_src_classic_cuda_darcy_chi_naca_periodic_0414.sh,,src_mpcd_params_inventory_consolidated_0365.csv + compléments Darcy/Brinkman/livevis 0411-0426
CHI_FILE_FORMAT,Alias script Darcy,ajout/documenté 0426,chaîne,DARCY_CHI_FILE_FORMAT ou float32,Format du champ chi externe côté script.,Les alias script sont résolus avant écriture du .kv ou export de l’environnement.,,doc/README_0426_DARCY_FASTFLAGS.md;scripts/run_src_classic_cuda_darcy_chi_backward_step_0425.sh;scripts/run_src_classic_cuda_darcy_chi_lr_segments_0411.sh;scripts/run_src_classic_cuda_darcy_chi_naca_periodic_0414.sh,,src_mpcd_params_inventory_consolidated_0365.csv + compléments Darcy/Brinkman/livevis 0411-0426
CLEAN_RUN_ROOT,Alias runner / gestion des résultats | Runner qualification 0493x7i / nettoyage campagne,ajout/normalisé 0493w4–0493w8 | profil final x7q/x7i,booléen/int | booléen,1,Supprime le run root avant une nouvelle campagne. | Contrôle le runner de qualification physique sans ajouter de clé backend propre.,Mettre 0 pour ajouter des graines sans effacer les résultats existants. | Variable de script x7i; le runner transmet ensuite les paramètres/gates canoniques appropriés par mode. Profil gelé pour éviter le retour à des cas Poiseuille pathologiques.,,scripts/run_0493w5_independent_masked_periodic_smoke.sh;scripts/run_0493w8_tg_mono_dual_equivalence.sh;scripts/run_0493x7i_q6_g_f_physical_qualification.sh,x7i;x7q,delta runners 0493w4–0493w8 / branche surf commit caa5b6b | mise à jour runner qualification 0493x7q
DARCY_ALPHA_MAX,Alias script Darcy,ajout/documenté 0426,double,selon script,Valeur de repli utilisée par ALPHA pour écrire darcyAlphaMax.,Backward step validé avec ALPHA=800000.,,doc/README_0426_DARCY_FASTFLAGS.md;scripts/run_src_classic_cuda_darcy_chi_backward_step_0425.sh;scripts/run_src_classic_cuda_darcy_chi_lr_segments_0411.sh;scripts/run_src_classic_cuda_darcy_chi_naca_periodic_0414.sh,,src_mpcd_params_inventory_consolidated_0365.csv + compléments Darcy/Brinkman/livevis 0411-0426
DARCY_ALPHA_MIN,Alias script Darcy,ajout/documenté 0426,double,0.0,Valeur de repli utilisée par ALPHA_MIN pour écrire darcyAlphaMin.,,,doc/README_0426_DARCY_FASTFLAGS.md;scripts/run_src_classic_cuda_darcy_chi_backward_step_0425.sh;scripts/run_src_classic_cuda_darcy_chi_lr_segments_0411.sh;scripts/run_src_classic_cuda_darcy_chi_naca_periodic_0414.sh,,src_mpcd_params_inventory_consolidated_0365.csv + compléments Darcy/Brinkman/livevis 0411-0426
DARCY_BRINKMAN_FORCING_MODE,Alias script Darcy,ajout/documenté 0426,chaîne,mean ou mean_outward_bath,Alias script de darcyBrinkmanForcingMode.,Les alias script sont résolus avant écriture du .kv ou export de l’environnement.,darcyBrinkmanForcingMode,doc/README_0426_DARCY_FASTFLAGS.md;scripts/run_src_classic_cuda_darcy_chi_backward_step_0425.sh;scripts/run_src_classic_cuda_darcy_chi_lr_segments_0411.sh;scripts/run_src_classic_cuda_darcy_chi_naca_periodic_0414.sh,,src_mpcd_params_inventory_consolidated_0365.csv + compléments Darcy/Brinkman/livevis 0411-0426
DARCY_CHI_COLLISION_VP_ENABLE,Alias script Darcy chiVP,ajout/documenté 0426,booléen,false ou true,Alias script de darcyChiCollisionVpEnable.,Les alias script sont résolus avant écriture du .kv ou export de l’environnement.,darcyChiCollisionVpEnable,doc/README_0426_DARCY_FASTFLAGS.md;scripts/run_src_classic_cuda_darcy_chi_backward_step_0425.sh;scripts/run_src_classic_cuda_darcy_chi_lr_segments_0411.sh;scripts/run_src_classic_cuda_darcy_chi_naca_periodic_0414.sh,,src_mpcd_params_inventory_consolidated_0365.csv + compléments Darcy/Brinkman/livevis 0411-0426
DARCY_CHI_COLLISION_VP_GAMMA,Alias script Darcy chiVP,ajout/documenté 0426,entier/double,-1,Alias script de darcyChiCollisionVpGamma.,Les alias script sont résolus avant écriture du .kv ou export de l’environnement.,darcyChiCollisionVpGamma,doc/README_0426_DARCY_FASTFLAGS.md;scripts/run_src_classic_cuda_darcy_chi_backward_step_0425.sh;scripts/run_src_classic_cuda_darcy_chi_lr_segments_0411.sh;scripts/run_src_classic_cuda_darcy_chi_naca_periodic_0414.sh,,src_mpcd_params_inventory_consolidated_0365.csv + compléments Darcy/Brinkman/livevis 0411-0426
DARCY_CHI_COLLISION_VP_LAYERS,Alias script Darcy chiVP,ajout/documenté 0426,entier,1,Alias script de darcyChiCollisionVpLayers.,Les alias script sont résolus avant écriture du .kv ou export de l’environnement.,darcyChiCollisionVpLayers,doc/README_0426_DARCY_FASTFLAGS.md;scripts/run_src_classic_cuda_darcy_chi_backward_step_0425.sh;scripts/run_src_classic_cuda_darcy_chi_lr_segments_0411.sh;scripts/run_src_classic_cuda_darcy_chi_naca_periodic_0414.sh,,src_mpcd_params_inventory_consolidated_0365.csv + compléments Darcy/Brinkman/livevis 0411-0426
DARCY_CHI_COLLISION_VP_MASS,Alias script Darcy chiVP,ajout/documenté 0426,double,1.0,Alias script de darcyChiCollisionVpMass.,Les alias script sont résolus avant écriture du .kv ou export de l’environnement.,darcyChiCollisionVpMass,doc/README_0426_DARCY_FASTFLAGS.md;scripts/run_src_classic_cuda_darcy_chi_backward_step_0425.sh;scripts/run_src_classic_cuda_darcy_chi_lr_segments_0411.sh;scripts/run_src_classic_cuda_darcy_chi_naca_periodic_0414.sh,,src_mpcd_params_inventory_consolidated_0365.csv + compléments Darcy/Brinkman/livevis 0411-0426
DARCY_CHI_COLLISION_VP_MODE,Alias script Darcy chiVP,ajout/documenté 0426,chaîne,interface_band,Alias script de darcyChiCollisionVpMode.,Les alias script sont résolus avant écriture du .kv ou export de l’environnement.,darcyChiCollisionVpMode,doc/README_0426_DARCY_FASTFLAGS.md;scripts/run_src_classic_cuda_darcy_chi_backward_step_0425.sh;scripts/run_src_classic_cuda_darcy_chi_lr_segments_0411.sh;scripts/run_src_classic_cuda_darcy_chi_naca_periodic_0414.sh,,src_mpcd_params_inventory_consolidated_0365.csv + compléments Darcy/Brinkman/livevis 0411-0426
DARCY_CHI_COLLISION_VP_STRENGTH,Alias script Darcy chiVP,ajout/documenté 0426,double,0.25 ou 1.0,Alias script de darcyChiCollisionVpStrength.,Les alias script sont résolus avant écriture du .kv ou export de l’environnement.,darcyChiCollisionVpStrength,doc/README_0426_DARCY_FASTFLAGS.md;scripts/run_src_classic_cuda_darcy_chi_backward_step_0425.sh;scripts/run_src_classic_cuda_darcy_chi_lr_segments_0411.sh;scripts/run_src_classic_cuda_darcy_chi_naca_periodic_0414.sh,,src_mpcd_params_inventory_consolidated_0365.csv + compléments Darcy/Brinkman/livevis 0411-0426
DARCY_CHI_COLLISION_VP_THRESHOLD,Alias script Darcy chiVP,ajout/documenté 0426,double,0.5,Alias script de darcyChiCollisionVpThreshold.,Les alias script sont résolus avant écriture du .kv ou export de l’environnement.,darcyChiCollisionVpThreshold,doc/README_0426_DARCY_FASTFLAGS.md;scripts/run_src_classic_cuda_darcy_chi_backward_step_0425.sh;scripts/run_src_classic_cuda_darcy_chi_lr_segments_0411.sh;scripts/run_src_classic_cuda_darcy_chi_naca_periodic_0414.sh,,src_mpcd_params_inventory_consolidated_0365.csv + compléments Darcy/Brinkman/livevis 0411-0426
DARCY_CHI_FILE,Alias script Darcy,ajout/documenté 0426,chemin fichier,selon cas,Alias externe de CHI_FILE pour fournir un champ chi sans modifier le script.,,,doc/README_0426_DARCY_FASTFLAGS.md;scripts/run_src_classic_cuda_darcy_chi_backward_step_0425.sh;scripts/run_src_classic_cuda_darcy_chi_lr_segments_0411.sh;scripts/run_src_classic_cuda_darcy_chi_naca_periodic_0414.sh,,src_mpcd_params_inventory_consolidated_0365.csv + compléments Darcy/Brinkman/livevis 0411-0426
DARCY_CHI_FILE_FORMAT,Alias script Darcy,ajout/documenté 0426,chaîne,float32,Alias externe de CHI_FILE_FORMAT.,,,doc/README_0426_DARCY_FASTFLAGS.md;scripts/run_src_classic_cuda_darcy_chi_backward_step_0425.sh;scripts/run_src_classic_cuda_darcy_chi_lr_segments_0411.sh;scripts/run_src_classic_cuda_darcy_chi_naca_periodic_0414.sh,,src_mpcd_params_inventory_consolidated_0365.csv + compléments Darcy/Brinkman/livevis 0411-0426
DARCY_COST_EVERY,Alias script Darcy diagnostics,ajout/documenté 0426,entier,SUMMARY_EVERY,Alias script de darcyCostEvery.,Les alias script sont résolus avant écriture du .kv ou export de l’environnement.,,doc/README_0426_DARCY_FASTFLAGS.md;scripts/run_src_classic_cuda_darcy_chi_backward_step_0425.sh;scripts/run_src_classic_cuda_darcy_chi_lr_segments_0411.sh;scripts/run_src_classic_cuda_darcy_chi_naca_periodic_0414.sh,,src_mpcd_params_inventory_consolidated_0365.csv + compléments Darcy/Brinkman/livevis 0411-0426
DARCY_INITIAL_DEACTIVATE_BELOW_CHI,Alias script Darcy,ajout/documenté 0426,double,-1 ou 0.05,Alias script de darcyInitialDeactivateBelowChi.,Les alias script sont résolus avant écriture du .kv ou export de l’environnement.,darcyInitialDeactivateBelowChi,doc/README_0426_DARCY_FASTFLAGS.md;scripts/run_src_classic_cuda_darcy_chi_backward_step_0425.sh;scripts/run_src_classic_cuda_darcy_chi_lr_segments_0411.sh;scripts/run_src_classic_cuda_darcy_chi_naca_periodic_0414.sh,,src_mpcd_params_inventory_consolidated_0365.csv + compléments Darcy/Brinkman/livevis 0411-0426
DARCY_Q,Alias script Darcy,ajout/documenté 0426,double,0.1,Alias script de darcyQ.,Les alias script sont résolus avant écriture du .kv ou export de l’environnement.,,doc/README_0426_DARCY_FASTFLAGS.md;scripts/run_src_classic_cuda_darcy_chi_backward_step_0425.sh;scripts/run_src_classic_cuda_darcy_chi_lr_segments_0411.sh;scripts/run_src_classic_cuda_darcy_chi_naca_periodic_0414.sh,,src_mpcd_params_inventory_consolidated_0365.csv + compléments Darcy/Brinkman/livevis 0411-0426
DARCY_THREADS_PER_BLOCK,Alias script Darcy CUDA,ajout/documenté 0426,entier,256,Alias script de darcyThreadsPerBlock.,Les alias script sont résolus avant écriture du .kv ou export de l’environnement.,,doc/README_0426_DARCY_FASTFLAGS.md;scripts/run_src_classic_cuda_darcy_chi_backward_step_0425.sh;scripts/run_src_classic_cuda_darcy_chi_lr_segments_0411.sh;scripts/run_src_classic_cuda_darcy_chi_naca_periodic_0414.sh,,src_mpcd_params_inventory_consolidated_0365.csv + compléments Darcy/Brinkman/livevis 0411-0426
DARCY_USOLID_X,Alias script Darcy,ajout/documenté 0426,double,0.0,Alias script de darcyUSolidX.,Les alias script sont résolus avant écriture du .kv ou export de l’environnement.,,doc/README_0426_DARCY_FASTFLAGS.md;scripts/run_src_classic_cuda_darcy_chi_backward_step_0425.sh;scripts/run_src_classic_cuda_darcy_chi_lr_segments_0411.sh;scripts/run_src_classic_cuda_darcy_chi_naca_periodic_0414.sh,,src_mpcd_params_inventory_consolidated_0365.csv + compléments Darcy/Brinkman/livevis 0411-0426
DARCY_USOLID_Y,Alias script Darcy,ajout/documenté 0426,double,0.0,Alias script de darcyUSolidY.,Les alias script sont résolus avant écriture du .kv ou export de l’environnement.,,doc/README_0426_DARCY_FASTFLAGS.md;scripts/run_src_classic_cuda_darcy_chi_backward_step_0425.sh;scripts/run_src_classic_cuda_darcy_chi_lr_segments_0411.sh;scripts/run_src_classic_cuda_darcy_chi_naca_periodic_0414.sh,,src_mpcd_params_inventory_consolidated_0365.csv + compléments Darcy/Brinkman/livevis 0411-0426
DENSITY_RELAXATION_TIME,Alias runner de qualification 0493x7d/x7e,historique x7d/x7e; valeur reprise dans profil x7q,double >0,0.25,Contrôle tau_rho des anciens runners de raffinement.,Variable de script historique; la qualification x7i utilise X7I_Q6_GF_DENSITY_RELAXATION_TIME et le helper Q6_GF_DENSITY_RELAXATION_TIME.,,scripts/run_0493x7d_density_rhs_grid_refinement.sh;scripts/run_0493x7e_x6g_x7d_validation.sh,x7d;x7e;x7f;x7i;x7q,mise à jour 0493x7f–0493x7q / Q6-g-f
DROP_CENTER_X,Alias runner — splash x9s,ajout 0493x9s,double dans domaine,centre du domaine en x,Position initiale x du centre de goutte.,Doit laisser une marge compatible avec le rayon et l’étalement attendu.,,scripts/generate_0493x9s_splash_state.py;scripts/run_0493x9s_splash.sh,x9s,cycle_0493x9_surface_tension_20260819
DROP_CENTER_Y,Alias runner — splash x9s,ajout 0493x9s,double dans domaine,1.25 pour le domaine x9s par défaut,Position initiale y du centre de goutte.,Doit placer la goutte au-dessus de la cible sans intersection initiale non désirée.,,scripts/generate_0493x9s_splash_state.py;scripts/run_0493x9s_splash.sh,x9s,cycle_0493x9_surface_tension_20260819
DROP_RADIUS_CELLS,Alias runner — splash x9s,ajout 0493x9s,double >0,40,Rayon initial de la goutte en nombre de cellules.,"Avec h=1/256, le default donne R=40h.",,scripts/generate_0493x9s_splash_state.py;scripts/run_0493x9s_splash.sh,x9s,cycle_0493x9_surface_tension_20260819
DROP_VX,Alias runner — splash x9s,ajout 0493x9s,double,0,Vitesse initiale horizontale de la goutte.,Paramètre cinématique du cas initial.,,scripts/generate_0493x9s_splash_state.py;scripts/run_0493x9s_splash.sh,x9s,cycle_0493x9_surface_tension_20260819
DROP_VY,Alias runner — splash x9s,ajout 0493x9s,double,-0.35,Vitesse initiale verticale de la goutte.,Contrôle principalement l’inertie d’impact et le nombre de Weber du cas x9s.,,scripts/generate_0493x9s_splash_state.py;scripts/run_0493x9s_splash.sh,x9s,cycle_0493x9_surface_tension_20260819
DUMP_ROLE_FILTER,"Alias script | CUDA resampling post-SRC — diagnostics, split-safety et optimisation inactive",ajout 0314 | script 0314,all|fluid | alias script utilisateur,fluid dans scripts visual 0309+ | fluid dans scripts visuels 0309+,Alias exporté par les scripts vers dumpRoleFilter. | Alias script vers dumpRoleFilter.,"Paramètre de script, pas toujours une clé directe. | fluid produit des dumps compacts de visualisation; all reste restart-compatible.",dumpRoleFilter,src/cuda_classic_src_io_resident_0263.cu,,src_mpcd_cuda_livevis_inventory_0314_to_0339a.csv | src_mpcd_cuda_livevis_inventory_0314_to_0342a.csv | src_mpcd_cuda_resampling_params_delta_0314.csv | src_mpcd_cuda_resampling_params_delta_0314_to_0337_livevis.csv | src_mpcd_cuda_env_flags_0314_resampling.csv | src_mpcd_cuda_resampling_env_flags_delta_0314.csv | src_mpcd_cuda_resampling_env_flags_delta_0314_to_0337_livevis.csv
EMPTY_INITIAL_MASS,Alias script état initial / injection empty refill 0434,option locale/proposée 0434; documenté 0436,double >0,PARTICLE_MASS,Paramètre de génération d’état initial pour tests empty/fill. | Masse utilisée par le générateur d’état initial empty selon convention de script.,Option script uniquement; pas d’effet si INITIAL_DOMAIN_MODE=full. | Sans effet si INITIAL_DOMAIN_MODE=full.,,scripts/run_0434_injection_type1_into_type2.sh,,session_0434_empty_initial_domain
EMPTY_INITIAL_SLOTS,Alias script état initial / injection empty refill 0434,option locale/proposée 0434; documenté 0436,entier >=0,gamma*Nx*Ny si vide,Dimensionne le pool initial inactif pour un domaine initialement vide. | Dimensionne le pool de slots inactifs pour INITIAL_DOMAIN_MODE=empty.,À combiner avec MPCD_CUDA_INACTIVE_TAIL_POOL_0313=1 pour éviter de dépendre d’un realloc/scan hôte. | Utile pour ne pas dépendre de la fin du run pour diagnostiquer refill/injection.,,scripts/run_0434_injection_type1_into_type2.sh,,session_0434_empty_initial_domain
EMPTY_INITIAL_TYPE,Alias script état initial / injection empty refill 0434,option locale/proposée 0434; documenté 0436,entier type particulaire,BACKGROUND_TYPE,Fixe le type associé au profil initial empty quand le générateur doit matérialiser une convention de type. | Type utilisé par le générateur d’état initial empty selon convention de script.,"Ne doit pas être confondu avec particleTypeFilter, qui est un filtre de visualisation. | Ne filtre pas l’affichage; pour cela utiliser PARTICLE_TYPE_FILTER.",,scripts/run_0434_injection_type1_into_type2.sh,,session_0434_empty_initial_domain
EVAPORATION_TARGET_TYPE,Alias runner — interface cinétique / évaporation,runner alias courant; production x12 = -1,entier,-1 (runners x12 et SimulationParams),Surcharge phaseInterfaceEvaporationTargetType.,"Avec r=1 dans la chaîne x12 actuelle, aucun passage d'évaporation n'est utilisé. Si >=0 avec r>0, le type doit être enregistré, non projeté et distinct de A.",phaseInterfaceEvaporationTargetType,include/simulation_params.h;scripts/run_0493x12d_jfm524_measurement_case.sh;src/params_io_base.cpp,,cycle_0493x9_surface_tension + 0493x10q_surface_free + 0493x11c_validation_20260822 + snap_260826_code_audit_20260826
FILTERED_RECORDING_ENABLE,Alias script filtered recording 0434/0436,documenté 0436,booléen shell | booléen/env truthy,0 ou valeur script | 0 sauf script/profil,Active les dumps filtrés .f32 dans les scripts homogènes 0434/0436. | Alias de script pour activer les dumps filtrés 0432.,"Quand recordEvery<=0, la cadence suit liveEvery avec le comportement WYSIWYR 0433a. | Peut être propagé vers MPCD_FILTERED_FIELD_RECORDING_0432/SRC_FILTERED_FIELD_RECORDING_0432 selon runner.",,scripts/run_0434_injection_type1_into_type2.sh;scripts/src_mpcd_run_common_0434.sh;src/filtered_field_recorder_0432.cpp,,session_0436_particle_type_filter_livevis
GAMMA,Validateurs CUDA resampling — population,lecture C++ directe dans validateurs shadow; également variable shell courante des runners,entier >0,20,Occupation moyenne gamma utilisée par les exécutables de validation CUDA resampling shadow.,La lecture getenv directe identifiée dans le C++ est limitée aux exécutables de validation CUDA resampling shadow. Le même nom est aussi utilisé comme variable shell par de nombreux runners qui l'écrivent ensuite dans les paramètres; ne pas le confondre avec un getenv du binaire de production.,,,,snap_260826_code_audit_20260826
GAS_KBT,Runner x14 — propriétés de phase,paramètre visible des runners x14,double >0,dépend du benchmark; Couette x14w: 0.08,Cible thermique du gaz et température de référence du mécanisme de paroi gaz; écrite dans la déclaration thermostat de l’espèce gaz.,Les runners x14 utilisant l’EOS x6g alignent aussi la température globale utilisée par cette fermeture sur la cible gaz.,,,x6g,extension_x14_snapshot_030926
GAS_PRESSURE_CONSTANT,Alias script 0493x6g,ajout runner 0493x6g,double fini,GAS_PRESSURE_REFERENCE,Alias du runner vers MPCD_Q6_PHASE_GAS_PRESSURE_CONSTANT_0493X6G.,Utilisé principalement dans le test de jauge à pression uniforme.,,scripts/run_0493x6g_phase_gas_pressure.sh;scripts/run_0493x6g_validation.sh,x6g,mise à jour 0493x6g
GAS_PRESSURE_MODE,Alias script 0493x6g,ajout runner 0493x6g,enum string,eos,Alias du runner vers MPCD_Q6_PHASE_GAS_PRESSURE_MODE_0493X6G.,eos pour le cas physique; constant pour validation de jauge.,,scripts/run_0493x6g_phase_gas_pressure.sh,x6g,mise à jour 0493x6g
GAS_PRESSURE_REFERENCE,Alias script 0493x6g,ajout runner 0493x6g,double fini,pression EOS uniforme initiale,Alias du runner vers MPCD_Q6_PHASE_GAS_PRESSURE_REFERENCE_0493X6G.,Le runner calcule par défaut gamma*kBT/Acell.,,scripts/run_0493x6g_final_dam_break.sh;scripts/run_0493x6g_phase_gas_pressure.sh,x6g,mise à jour 0493x6g
GAS_PRESSURE_SCALE,Alias script 0493x6g,ajout runner 0493x6g,double >= 0,1.0,Alias du runner vers MPCD_Q6_PHASE_GAS_PRESSURE_SCALE_0493X6G.,0 active le null-path de validation; 1 mode nominal.,,scripts/run_0493x6g_phase_gas_pressure.sh;scripts/run_0493x6g_validation.sh,x6g,mise à jour 0493x6g
GRID_CASES,Validateurs CUDA resampling — entrée de test,présent code; ajouté consolidation 0493w8,liste/chaîne de cas,défini par le validateur,Sélectionne les cas de grille exécutés par plusieurs binaires de validation du resampling CUDA.,"Variable de validateur, pas une option du solveur de production et ne se place pas dans params.kv.",,src/main_validate_cuda_resampling_guard_0227.cpp;src/main_validate_cuda_resampling_particle_select_0232.cpp;src/main_validate_cuda_resampling_plan_0228.cpp;src/main_validate_cuda_resampling_shadow_transfer_0233.cpp,,delta getenv exhaustif / branche surf commit caa5b6b
INACTIVE_SLOTS,"Capacité particulaire | CUDA resampling post-SRC — diagnostics, split-safety et optimisation inactive",consolidé 0311-0312 | script/demo/audit,entier | alias script utilisateur,50k-120k selon cas; pas de défaut universel | selon script; éviter les millions,Nombre de slots Inactive préalloués par les générateurs/scripts. | Nombre de slots Inactive préalloués dans les scripts et audits.,La réserve peut être grande sans être écrite dans les dumps si dumpRoleFilter=fluid. | N’est pas une clé params.kv directe universelle; transmis par les générateurs d’état/scripts.,dumpRoleFilter,src/cuda_classic_src_io_resident_0263.cu,,src_mpcd_cuda_livevis_inventory_0314_to_0339a.csv | src_mpcd_cuda_livevis_inventory_0314_to_0342a.csv | src_mpcd_cuda_resampling_params_delta_0314.csv | src_mpcd_cuda_resampling_params_delta_0314_to_0337_livevis.csv | src_mpcd_cuda_env_flags_0314_resampling.csv | src_mpcd_cuda_resampling_env_flags_delta_0314.csv | src_mpcd_cuda_resampling_env_flags_delta_0314_to_0337_livevis.csv
INACTIVE_SLOTS_RESAMPLING,Alias script livevis/benchmark,confirmé 0337,entier,750000 pour certains scripts,Nombre de slots inactifs pour les cas resampling.,N’affecte pas le SRC classic si RUN_MODES=classic; utile pour réservoir resampling.,,,,src_mpcd_cuda_livevis_inventory_0314_to_0339a.csv | src_mpcd_cuda_livevis_inventory_0314_to_0342a.csv | src_mpcd_cuda_params_added_0337_livevis.csv | src_mpcd_cuda_resampling_params_delta_0314_to_0337_livevis.csv
INITIAL_DOMAIN_MODE,Alias script état initial / injection empty refill 0434 | Alias runner / injection multi-espèces,option locale/proposée 0434; documenté 0436 | ajout/normalisé 0493w4–0493w8,full | empty | empty|full,full | empty dans le runner partagé; full dans le wrapper biphasique,Permet de démarrer un cas injection/fill avec domaine initialement vide pour tester le remplissage par réservoir/inlet. | Choisit un domaine initialement vide avec pool ou rempli par l’espèce de fond. | Choisit entre domaine initial rempli et domaine initial vide pour tests injection/fill.,"Option de script, non paramètre solveur. À garder séparée des validations strictes si le script n’est pas intégré/commité. | Variable de script uniquement; ne pas interpréter comme paramètre solveur générique tant que le script n’est pas stabilisé/commité.",,scripts/run_0434_injection_type1_into_type2.sh;scripts/run_ok_injection_type1_into_type2.sh;scripts/run_ok_injection_type1_into_type2_empty.sh,,session_0434_empty_initial_domain | delta runners 0493w4–0493w8 / branche surf commit caa5b6b
INJECT_MASS_CLOSURE_STRENGTH,Alias runner / injection multi-espèces,ajout/normalisé 0493w4–0493w8,double,1.0 pour liquid; 0.0 pour gas,Définit massClosureStrengthDeclared de l’espèce injectée.,Concerne le resampling; sans effet si resampling désactivé.,,scripts/run_ok_injection_type1_into_type2_empty.sh,,delta runners 0493w4–0493w8 / branche surf commit caa5b6b
INJECT_PHASE,Alias runner / injection multi-espèces,ajout/normalisé 0493w4–0493w8,liquid|gas,liquid pour le wrapper type1_into_type2,Sélectionne la famille physique et les défauts Q6/fermeture de l’espèce injectée.,Indépendant de l’identifiant numérique INJECT_TYPE.,,scripts/run_ok_injection_type1_into_type2.sh;scripts/run_ok_injection_type1_into_type2_empty.sh,,delta runners 0493w4–0493w8 / branche surf commit caa5b6b
INJECT_Q6_STRENGTH,Alias runner / injection multi-espèces,ajout/normalisé 0493w4–0493w8,double,1.0 pour liquid; 0.0 pour gas,Définit q6StrengthDeclared de l’espèce injectée.,"En independent_masked, zéro garantit aucune correction directe.",,scripts/run_ok_injection_type1_into_type2_empty.sh,,delta runners 0493w4–0493w8 / branche surf commit caa5b6b
INJECT_TO_BACKGROUND_MASS_RATIO,Alias runner / injection multi-espèces,ajout/normalisé 0493w4–0493w8,double >0,100 liquid->gas; 0.01 gas->liquid; 10 sinon,Fixe le rapport de masses particulaires injectée/fond et les masses cellulaires de référence dérivées.,Ne pas confondre avec la fraction volumique; le masque Q6 utilise mass/referenceCellMass.,,scripts/run_ok_injection_type1_into_type2_empty.sh,,delta runners 0493w4–0493w8 / branche surf commit caa5b6b
INLET_FACE,Alias script géométrie/segments Darcy,ajout/documenté 0426,double/chaîne selon variable,left,Face portant le segment inlet.,,,doc/README_0426_DARCY_FASTFLAGS.md;scripts/run_src_classic_cuda_darcy_chi_backward_step_0425.sh;scripts/run_src_classic_cuda_darcy_chi_lr_segments_0411.sh;scripts/run_src_classic_cuda_darcy_chi_naca_periodic_0414.sh,,src_mpcd_params_inventory_consolidated_0365.csv + compléments Darcy/Brinkman/livevis 0411-0426
INLET_SMAX,Alias script géométrie/segments Darcy,ajout/documenté 0426,double/chaîne selon variable,1.0,Coordonnée relative maximale du segment inlet.,,,doc/README_0426_DARCY_FASTFLAGS.md;scripts/run_src_classic_cuda_darcy_chi_backward_step_0425.sh;scripts/run_src_classic_cuda_darcy_chi_lr_segments_0411.sh;scripts/run_src_classic_cuda_darcy_chi_naca_periodic_0414.sh,,src_mpcd_params_inventory_consolidated_0365.csv + compléments Darcy/Brinkman/livevis 0411-0426
INLET_SMIN,Alias script géométrie/segments Darcy,ajout/documenté 0426,double/chaîne selon variable,STEP_YMAX/Ly,Coordonnée relative minimale du segment inlet.,,,doc/README_0426_DARCY_FASTFLAGS.md;scripts/run_src_classic_cuda_darcy_chi_backward_step_0425.sh;scripts/run_src_classic_cuda_darcy_chi_lr_segments_0411.sh;scripts/run_src_classic_cuda_darcy_chi_naca_periodic_0414.sh,,src_mpcd_params_inventory_consolidated_0365.csv + compléments Darcy/Brinkman/livevis 0411-0426
INPUT_STATE,Alias script état initial,ajout/documenté 0426,chemin fichier,selon cas,Alias de STATE_SOURCE pour fournir l’état initial .smpcd.,Utilisé dans les scripts 0411/0414/0416.,inputState,doc/README_0426_DARCY_FASTFLAGS.md;scripts/run_src_classic_cuda_darcy_chi_backward_step_0425.sh;scripts/run_src_classic_cuda_darcy_chi_lr_segments_0411.sh;scripts/run_src_classic_cuda_darcy_chi_naca_periodic_0414.sh,,src_mpcd_params_inventory_consolidated_0365.csv + compléments Darcy/Brinkman/livevis 0411-0426
KINETIC_REFLECTION_FRACTION,Alias runner — interface cinétique / évaporation,runner alias courant; production x12 = 1.0,"double [0,1]",1.0 dans runners x12 de production; défaut SimulationParams=0.0,Surcharge phaseInterfaceKineticReflectionFraction.,"Avec r>0, la validation Params impose speciesQ6Mode=free_surface_masked, q6ForceProjectionMode=prestream_single_fused, B=vacuum et exactement une espèce A projetée. x10o n'est actif que pour r>=1; r<1 bascule sur le chemin cinétique historique.",phaseInterfaceKineticReflectionFraction;q6ForceProjectionMode;speciesQ6Mode,include/simulation_params.h;scripts/run_0493x12d_jfm524_measurement_case.sh;src/cuda_q6_resident_0400.cu;src/params_io_base.cpp,x10o,cycle_0493x9_surface_tension + 0493x10q_surface_free + 0493x11c_validation_20260822 + snap_260826_code_audit_20260826
LIQUID_KBT,Runner x14 — propriétés de phase,paramètre visible des runners x14,double >0,dépend du benchmark; Couette x14w: 0.02,Cible thermique de la phase liquide; écrite dans species0ThermostatTargetKBT selon le mapping de types.,"Alias runner, non lu directement par le C++.",,,,extension_x14_snapshot_030926
LIVE_PROGRESS,Alias runner / ergonomie | Runner qualification 0493x7i / progression,ajout/normalisé 0493w4–0493w8 | profil final x7q/x7i,booléen/int | booléen,1,Active l’affichage d’avancement des runs lorsque le runner commun le permet. | Contrôle le runner de qualification physique sans ajouter de clé backend propre.,Modalité de travail recommandée pour les campagnes longues. | Variable de script x7i; le runner transmet ensuite les paramètres/gates canoniques appropriés par mode. Profil gelé pour éviter le retour à des cas Poiseuille pathologiques.,,scripts/run_0493w8_tg_mono_dual_equivalence.sh;scripts/run_0493x7i_q6_g_f_physical_qualification.sh;scripts/run_ok_injection_type1_into_type2.sh;scripts/run_ok_injection_type1_into_type2_empty.sh,x7i;x7q,delta runners 0493w4–0493w8 / branche surf commit caa5b6b | mise à jour runner qualification 0493x7q
LIVE_VIS_ALPHA,Alias script livevis 0337,ajout 0337 | précisé 0436b,double,0.08,Lissage temporel visuel.,Principalement utile au fallback CPU. | 0436b: alpha est une persistance temporelle de displayScalar indépendante de smoothPasses; un changement de field ou particleTypeFilter force un reset d’une frame si le correctif 0436b est appliqué.,,src/live_visualization_0335.cpp,,src_mpcd_cuda_livevis_inventory_0314_to_0339a.csv | src_mpcd_cuda_livevis_inventory_0314_to_0342a.csv | session_0436_particle_type_filter_livevis | src_mpcd_cuda_params_added_0337_livevis.csv | src_mpcd_cuda_resampling_params_delta_0314_to_0337_livevis.csv
LIVE_VIS_CLIP,Alias script livevis 0337,ajout 0337,double; <=0 auto,-1,Échelle de saturation couleur.,Exemples: ux clip 0.2–0.5; vorticity clip 5–20 selon cas. | 0341b/0341d: sert aussi à initialiser le fichier livevis_control.kv généré par les scripts.,,,,src_mpcd_cuda_livevis_inventory_0314_to_0339a.csv | src_mpcd_cuda_livevis_inventory_0314_to_0342a.csv | src_mpcd_cuda_params_added_0337_livevis.csv | src_mpcd_cuda_resampling_params_delta_0314_to_0337_livevis.csv
LIVE_VIS_COLORMAP,Alias script livevis colormap,ajout 0342a,enum: blue_red | gray | thermal,blue_red,Colormap initial exporté en SRC_LIVE_VIS_COLORMAP et écrit dans le fichier livevis_control.kv créé par les scripts.,Peut ensuite être changé à chaud via la clé colormap du fichier de contrôle.,,doc/livevis_colormap_control_0342a.md,,src_mpcd_cuda_livevis_inventory_0314_to_0342a.csv
LIVE_VIS_CONTROL_BASENAME,Alias script livevis runtime control,ajout 0341d,nom de fichier,livevis_control.kv,"Nom du fichier utilisé avec LIVE_VIS_CONTROL_DIR ou, par défaut, dans le run_root.","Permet de distinguer plusieurs contrôles, par exemple vk_io.kv, tg_hole.kv, poiseuille.kv.",,doc/livevis_runtime_control_0341b_scripts.md,,src_mpcd_cuda_livevis_inventory_0314_to_0342a.csv
LIVE_VIS_CONTROL_DIR,Alias script livevis runtime control,ajout 0341d,chemin répertoire,vide,Répertoire dans lequel créer le fichier de contrôle lorsque LIVE_VIS_CONTROL_FILE est vide.,Combiné avec LIVE_VIS_CONTROL_BASENAME. Exemple: LIVE_VIS_CONTROL_DIR=. LIVE_VIS_CONTROL_BASENAME=livevis_control.kv.,,doc/livevis_runtime_control_0341b_scripts.md,,src_mpcd_cuda_livevis_inventory_0314_to_0342a.csv
LIVE_VIS_CONTROL_ENABLE,Alias script livevis runtime control,ajout 0341b; export explicite 0341c,booléen shell,1,Active la création/export du fichier de contrôle livevis dans les scripts portables.,"À 0, aucun fichier de contrôle n’est préparé et SRC_LIVE_VIS_CONTROL_FILE peut rester vide.",,doc/livevis_runtime_control_0341b_scripts.md,,src_mpcd_cuda_livevis_inventory_0314_to_0342a.csv
LIVE_VIS_CONTROL_EVERY,Alias script livevis runtime control,ajout 0341b; export explicite 0341c,entier >= 1,1,Valeur script exportée en SRC_LIVE_VIS_CONTROL_EVERY.,Contrôle la fréquence de relecture côté binaire.,,,,src_mpcd_cuda_livevis_inventory_0314_to_0342a.csv
LIVE_VIS_CONTROL_FILE,Alias script livevis runtime control,ajout 0341b; clarifié 0341d,chemin fichier .kv,vide,Chemin explicite du fichier de contrôle livevis. Prioritaire sur LIVE_VIS_CONTROL_DIR et le chemin par défaut run_root.,"Utiliser ce paramètre, et non LIVE_VIS_CONTROL_FILE_EFFECTIVE, pour imposer un fichier tel que ./livevis_control.kv. Recommandé si CLEAN_RUN_ROOT=1 et que l’on veut un fichier persistant hors run_root.",,doc/livevis_runtime_control_0341b_scripts.md,,src_mpcd_cuda_livevis_inventory_0314_to_0342a.csv
LIVE_VIS_CONTROL_FILE_EFFECTIVE,Alias script livevis runtime control interne,ajout 0341b; export explicite 0341c; clarifié 0341d,chemin fichier .kv résolu,résolu automatiquement,Chemin effectivement transmis au binaire via SRC_LIVE_VIS_CONTROL_FILE.,"Variable interne/résolue: ne pas la fixer manuellement. Ordre de résolution 0341d: LIVE_VIS_CONTROL_FILE, sinon LIVE_VIS_CONTROL_DIR+LIVE_VIS_CONTROL_BASENAME, sinon run_root/LIVE_VIS_CONTROL_BASENAME.",,doc/livevis_runtime_control_0341b_scripts.md,,src_mpcd_cuda_livevis_inventory_0314_to_0342a.csv
LIVE_VIS_CONTROL_LOG,Alias script livevis runtime control,ajout 0341b; export explicite 0341c,booléen shell,1,Valeur script exportée en SRC_LIVE_VIS_CONTROL_LOG.,Les logs livevis sont dans le .time car le stderr du binaire y est redirigé par le script.,,,,src_mpcd_cuda_livevis_inventory_0314_to_0342a.csv
LIVE_VIS_CUDA_FIELD,Alias script livevis 0337,ajout 0337a,booléen,1,Active le renderer CUDA de champ.,Mode recommandé par défaut pour classic et resampling livevis. | 0339a: Défaut conservé : renderer CUDA field actif.,,,,src_mpcd_cuda_livevis_inventory_0314_to_0339a.csv | src_mpcd_cuda_livevis_inventory_0314_to_0342a.csv | src_mpcd_cuda_params_added_0337_livevis.csv | src_mpcd_cuda_resampling_params_delta_0314_to_0337_livevis.csv
LIVE_VIS_CUDA_SNAPSHOT,Alias script livevis 0337,ajout 0336/0337,booléen,0,Active le snapshot compact expérimental.,Non fiable après resampling; garder à 0 sauf diagnostic.,,,,src_mpcd_cuda_livevis_inventory_0314_to_0339a.csv | src_mpcd_cuda_livevis_inventory_0314_to_0342a.csv | src_mpcd_cuda_params_added_0337_livevis.csv | src_mpcd_cuda_resampling_params_delta_0314_to_0337_livevis.csv
LIVE_VIS_ENABLE,Alias script livevis 0337 | Alias script LiveVis / runners 0493x,ajout 0337 | documenté/fix runner 0493x6g-fix3,booléen | booléen/int 0|1,1 | 0 dans le runner final x6g,Active la visualisation dans les scripts portables livevis. | Contrôle l’activation de la fenêtre LiveVis au niveau des runners 0493x.,Exporté vers SRC_LIVE_VIS_ENABLE. Mettre 0 pour exécuter sans fenêtre. | 0493x6g-fix3 corrige le runner final pour respecter la valeur fournie par l’appelant au lieu de forcer 0.,,scripts/run_0493x5b_liquid_gas_free_surface_dam_break.sh;scripts/run_0493x6g_final_dam_break.sh,,src_mpcd_cuda_livevis_inventory_0314_to_0339a.csv | src_mpcd_cuda_livevis_inventory_0314_to_0342a.csv | src_mpcd_cuda_params_added_0337_livevis.csv | src_mpcd_cuda_resampling_params_delta_0314_to_0337_livevis.csv | mise à jour 0493x6g-fix3
LIVE_VIS_EVERY,Alias script livevis 0337,ajout 0337 | mis à jour 0339a | mis à jour 0433a,entier >0,25 | 20,"Cadence de visualisation live : une frame toutes les N étapes. | Depuis 0433a, cette cadence est aussi la valeur suivie par recordEvery quand recordEvery est absent ou <=0. | Cadence de rendu livevis.","Exporté vers SRC_LIVE_VIS_EVERY. | 0339a: défaut réduit à 25 pour limiter le coût livevis; mesures indicatives 500 steps: every1≈45.4s, every25≈32.8–38.7s selon bruit. Override possible par environnement. | 0433a: initialise SRC_LIVE_VIS_EVERY au démarrage; peut ensuite être remplacé à chaud par livevis_control.kv:liveEvery/every/visualEvery.",,src/filtered_field_recorder_0432.cpp;src/live_visualization_0335.cpp,,src_mpcd_cuda_livevis_inventory_0314_to_0339a.csv | src_mpcd_cuda_livevis_inventory_0314_to_0342a.csv | session_0433a_wysiwyr | src_mpcd_cuda_params_added_0337_livevis.csv | src_mpcd_cuda_resampling_params_delta_0314_to_0337_livevis.csv
LIVE_VIS_FIELD,Alias script livevis 0337,ajout 0337,ux|uy|speed|vorticity|mass|density,dépend du script,Champ affiché par défaut dans la fenêtre live.,"Par défaut: VK/TG=vorticity, Poiseuille=ux, backward-step/box=speed. | 0341b/0341d: sert aussi à initialiser le fichier livevis_control.kv généré par les scripts.",,,,src_mpcd_cuda_livevis_inventory_0314_to_0339a.csv | src_mpcd_cuda_livevis_inventory_0314_to_0342a.csv | src_mpcd_cuda_params_added_0337_livevis.csv | src_mpcd_cuda_resampling_params_delta_0314_to_0337_livevis.csv
LIVE_VIS_FORCE_HOST_MIRROR,Alias script livevis 0337,ajout 0335c,booléen,0,Force le miroir hôte pour visualisation.,Debug seulement. | 0339a: Défaut conservé : éviter le host mirror forcé livevis.,,,,src_mpcd_cuda_livevis_inventory_0314_to_0339a.csv | src_mpcd_cuda_livevis_inventory_0314_to_0342a.csv | src_mpcd_cuda_params_added_0337_livevis.csv | src_mpcd_cuda_resampling_params_delta_0314_to_0337_livevis.csv
LIVE_VIS_GAIN,Alias script livevis 0337,ajout 0337,double >0,1.0,Gain couleur.,Réduire si la colormap est saturée; augmenter si le contraste est faible. | 0341b/0341d: sert aussi à initialiser le fichier livevis_control.kv généré par les scripts.,,,,src_mpcd_cuda_livevis_inventory_0314_to_0339a.csv | src_mpcd_cuda_livevis_inventory_0314_to_0342a.csv | src_mpcd_cuda_params_added_0337_livevis.csv | src_mpcd_cuda_resampling_params_delta_0314_to_0337_livevis.csv
LIVE_VIS_HOLD_ON_EXIT,Alias script livevis | Alias script LiveVis / runners 0493x,ajout/documenté 0426 | documenté/fix runner 0493x6g-fix3,booléen | booléen/int 0|1,1 | 0 dans le runner final x6g,Alias script exporté vers SRC_LIVE_VIS_HOLD_ON_EXIT. | Demande de conserver la fenêtre LiveVis ouverte à la fin du run.,"Les alias script sont résolus avant écriture du .kv ou export de l’environnement. | À utiliser avec LIVE_VIS_ENABLE=1. En runner apparié, RUN_ZERO_REFERENCE=0 évite de bloquer après la référence. 0493x6g-fix3 respecte désormais cette valeur.",,doc/README_0426_DARCY_FASTFLAGS.md;scripts/run_0493x5b_liquid_gas_free_surface_dam_break.sh;scripts/run_0493x6g_final_dam_break.sh;scripts/run_src_classic_cuda_darcy_chi_backward_step_0425.sh;scripts/run_src_classic_cuda_darcy_chi_lr_segments_0411.sh;scripts/run_src_classic_cuda_darcy_chi_naca_periodic_0414.sh,,src_mpcd_params_inventory_consolidated_0365.csv + compléments Darcy/Brinkman/livevis 0411-0426 | mise à jour 0493x6g-fix3
LIVE_VIS_LOG_SOURCE,Alias script livevis 0337,ajout 0337d | mis à jour 0339a,booléen,0,Contrôle le log de source/fallback livevis. | Affiche le statut source livevis sur une ligne.,Exporté vers SRC_LIVE_VIS_LOG_SOURCE; depuis 0337d ne spamme plus le terminal. | 0339a: défaut réduit à 0 pour éviter le bruit de logs; remettre à 1 pour debug.,,,,src_mpcd_cuda_livevis_inventory_0314_to_0339a.csv | src_mpcd_cuda_livevis_inventory_0314_to_0342a.csv | src_mpcd_cuda_params_added_0337_livevis.csv | src_mpcd_cuda_resampling_params_delta_0314_to_0337_livevis.csv
LIVE_VIS_NX,Alias script livevis 0337,ajout 0337,entier,300,Résolution x du champ livevis.,Exporté vers SRC_LIVE_VIS_NX.,,,,src_mpcd_cuda_livevis_inventory_0314_to_0339a.csv | src_mpcd_cuda_livevis_inventory_0314_to_0342a.csv | src_mpcd_cuda_params_added_0337_livevis.csv | src_mpcd_cuda_resampling_params_delta_0314_to_0337_livevis.csv
LIVE_VIS_NY,Alias script livevis 0337,ajout 0337,entier,80,Résolution y du champ livevis.,Exporté vers SRC_LIVE_VIS_NY.,,,,src_mpcd_cuda_livevis_inventory_0314_to_0339a.csv | src_mpcd_cuda_livevis_inventory_0314_to_0342a.csv | src_mpcd_cuda_params_added_0337_livevis.csv | src_mpcd_cuda_resampling_params_delta_0314_to_0337_livevis.csv
LIVE_VIS_QUANTILE,Alias script livevis 0337,ajout 0337,"double dans (0,1]",0.995,Quantile auto de mise à l’échelle.,Limiter les outliers dans le fallback CPU.,,,,src_mpcd_cuda_livevis_inventory_0314_to_0339a.csv | src_mpcd_cuda_livevis_inventory_0314_to_0342a.csv | src_mpcd_cuda_params_added_0337_livevis.csv | src_mpcd_cuda_resampling_params_delta_0314_to_0337_livevis.csv
LIVE_VIS_QUIVER_MIN_SPEED,Alias script livevis quiver,ajout 0364,double >= 0,0,Alias script exportable vers SRC_LIVE_VIS_QUIVER_MIN_SPEED.,,,doc/livevis_field_N_0361.md;doc/livevis_field_minmax_0363.md;doc/livevis_quiver_overlay_0364.md;doc/livevis_quiver_smoothing_0365.md;include/cuda_live_field_0337.h;src/cuda_live_field_0337.cu;src/live_visualization_0335.cpp;src/main_src_mpcd_base.cpp,,session_0361_0365_livevis
LIVE_VIS_QUIVER_NX,Alias script livevis quiver,ajout 0364,entier >= 1,60,Alias script exportable vers SRC_LIVE_VIS_QUIVER_NX.,,,doc/livevis_field_N_0361.md;doc/livevis_field_minmax_0363.md;doc/livevis_quiver_overlay_0364.md;doc/livevis_quiver_smoothing_0365.md;include/cuda_live_field_0337.h;src/cuda_live_field_0337.cu;src/live_visualization_0335.cpp;src/main_src_mpcd_base.cpp,,session_0361_0365_livevis
LIVE_VIS_QUIVER_NY,Alias script livevis quiver,ajout 0364,entier >= 1,32,Alias script exportable vers SRC_LIVE_VIS_QUIVER_NY.,,,doc/livevis_field_N_0361.md;doc/livevis_field_minmax_0363.md;doc/livevis_quiver_overlay_0364.md;doc/livevis_quiver_smoothing_0365.md;include/cuda_live_field_0337.h;src/cuda_live_field_0337.cu;src/live_visualization_0335.cpp;src/main_src_mpcd_base.cpp,,session_0361_0365_livevis
LIVE_VIS_QUIVER_SCALE,Alias script livevis quiver,ajout 0364,double,-1,Alias script exportable vers SRC_LIVE_VIS_QUIVER_SCALE.,<0 désactive l’overlay.,,doc/livevis_field_N_0361.md;doc/livevis_field_minmax_0363.md;doc/livevis_quiver_overlay_0364.md;doc/livevis_quiver_smoothing_0365.md;include/cuda_live_field_0337.h;src/cuda_live_field_0337.cu;src/live_visualization_0335.cpp;src/main_src_mpcd_base.cpp,,session_0361_0365_livevis
LIVE_VIS_QUIVER_SMOOTH_PASSES,Alias script livevis quiver,ajout 0365,entier; -1 ou >=0,-1,Alias script exportable vers SRC_LIVE_VIS_QUIVER_SMOOTH_PASSES.,<0 réutilise smoothPasses.,,doc/livevis_field_N_0361.md;doc/livevis_field_minmax_0363.md;doc/livevis_quiver_overlay_0364.md;doc/livevis_quiver_smoothing_0365.md;include/cuda_live_field_0337.h;src/cuda_live_field_0337.cu;src/live_visualization_0335.cpp;src/main_src_mpcd_base.cpp,,session_0361_0365_livevis
LIVE_VIS_RESAMPLING_HOST_MIRROR,Alias script livevis 0337,ajout 0335d/0337,booléen,0,Force le fallback hôte en resampling.,Fiable mais lent; garder à 0 avec CUDA_FIELD=1. | 0339a: Défaut conservé : éviter le host mirror resampling livevis.,,,,src_mpcd_cuda_livevis_inventory_0314_to_0339a.csv | src_mpcd_cuda_livevis_inventory_0314_to_0342a.csv | src_mpcd_cuda_params_added_0337_livevis.csv | src_mpcd_cuda_resampling_params_delta_0314_to_0337_livevis.csv
LIVE_VIS_SMOOTH_PASSES,Alias script livevis 0337,ajout 0337,entier >=0,1,Lissage spatial du rendu.,Vorticity utilise souvent 1–2 passes. | 0341b/0341d: sert aussi à initialiser le fichier livevis_control.kv généré par les scripts.,,,,src_mpcd_cuda_livevis_inventory_0314_to_0339a.csv | src_mpcd_cuda_livevis_inventory_0314_to_0342a.csv | src_mpcd_cuda_params_added_0337_livevis.csv | src_mpcd_cuda_resampling_params_delta_0314_to_0337_livevis.csv
LIVE_VIS_VSYNC,Alias script livevis 0337,ajout 0337,booléen/int,0,Vsync GLFW.,0 recommandé pour ne pas brider le calcul.,,,,src_mpcd_cuda_livevis_inventory_0314_to_0339a.csv | src_mpcd_cuda_livevis_inventory_0314_to_0342a.csv | src_mpcd_cuda_params_added_0337_livevis.csv | src_mpcd_cuda_resampling_params_delta_0314_to_0337_livevis.csv
LIVE_VIS_WINDOW_SCALE,Alias script livevis 0337,ajout 0337,entier >=1,1,Facteur d’échelle de la fenêtre.,N’affecte pas la simulation.,,,,src_mpcd_cuda_livevis_inventory_0314_to_0339a.csv | src_mpcd_cuda_livevis_inventory_0314_to_0342a.csv | src_mpcd_cuda_params_added_0337_livevis.csv | src_mpcd_cuda_resampling_params_delta_0314_to_0337_livevis.csv
MPCD_BACKEND,Backend principal,principal utilisateur,string,cuda dans scripts/run_src_mpcd_cuda_primary_0275.sh; openmp si demandé explicitement,Choisit le lanceur primaire cuda/openmp.,Ne se place pas dans params.kv; à passer dans l’environnement du shell ou dans les scripts de validation/démo.,,doc/GPU_PATCH_0275_CUDA_PRIMARY_BACKEND.md,,src_mpcd_cuda_env_flags_0287.csv | src_mpcd_cuda_env_flags_0292.csv | src_mpcd_cuda_env_flags_0303_resampling.csv | src_mpcd_cuda_env_flags_0314_resampling.csv
MPCD_CUDA_ACTIVE_PREFIX_ASSUME_NO_HOST_CONSUMERS_0315D,CUDA état résident / active-prefix — audit et compatibilité,présent état 36abd23; inventorié 0490p (0315d),booléen/env truthy,false/off,Déclare qu’aucun consommateur hôte n’exige l’état complet; option experte potentiellement unsafe.,"À passer dans l’environnement du shell, pas dans params.kv. Ligne ajoutée par comparaison exhaustive des appels getenv du code courant avec l’inventaire 0436b.",,src/src_mpcd_base.cpp,,delta source 0437–0490p / branche surf commit 36abd23
MPCD_CUDA_ACTIVE_PREFIX_COMPACT_FULLSCAN_0315C,CUDA état résident / active-prefix — audit et compatibilité,présent état 36abd23; inventorié 0490p (0315c),booléen/env truthy,false/off,Force une validation exhaustive ou un scan complet de l’active-prefix/roles.,"À passer dans l’environnement du shell, pas dans params.kv. Ligne ajoutée par comparaison exhaustive des appels getenv du code courant avec l’inventaire 0436b.",,src/cuda_classic_src_io_resident_0263.cu,,delta source 0437–0490p / branche surf commit 36abd23
MPCD_CUDA_ACTIVE_PREFIX_COMPACT_FULLSCAN_0315K,CUDA état résident / active-prefix — audit et compatibilité,présent état 36abd23; inventorié 0490p (0315k),booléen/env truthy,false/off,Force une validation exhaustive ou un scan complet de l’active-prefix/roles.,"À passer dans l’environnement du shell, pas dans params.kv. Ligne ajoutée par comparaison exhaustive des appels getenv du code courant avec l’inventaire 0436b.",,src/cuda_classic_src_io_resident_0263.cu,,delta source 0437–0490p / branche surf commit 36abd23
MPCD_CUDA_ACTIVE_PREFIX_COMPACT_THREADS_0315C,CUDA état résident / active-prefix — audit et compatibilité,présent état 36abd23; inventorié 0490p (0315c),entier,256,Règle le nombre de threads CUDA par bloc du noyau associé.,"À passer dans l’environnement du shell, pas dans params.kv. Ligne ajoutée par comparaison exhaustive des appels getenv du code courant avec l’inventaire 0436b.",,src/cuda_classic_src_io_resident_0263.cu,,delta source 0437–0490p / branche surf commit 36abd23
MPCD_CUDA_ACTIVE_PREFIX_EAGER_HOST_MIRROR_0315D,CUDA état résident / active-prefix — audit et compatibilité,présent état 36abd23; inventorié 0490p (0315d),booléen/env truthy,false/off,"Force une synchronisation ou un miroir hôte complet, principalement pour compatibilité et audit.","À passer dans l’environnement du shell, pas dans params.kv. Ligne ajoutée par comparaison exhaustive des appels getenv du code courant avec l’inventaire 0436b.",,src/cuda_classic_src_io_resident_0263.cu,,delta source 0437–0490p / branche surf commit 36abd23
MPCD_CUDA_ACTIVE_PREFIX_HOST_FULL_VALIDATE_0315H,CUDA état résident / active-prefix — audit et compatibilité,présent état 36abd23; inventorié 0490p (0315h),booléen/env truthy,false/off,Force une validation exhaustive ou un scan complet de l’active-prefix/roles.,"À passer dans l’environnement du shell, pas dans params.kv. Ligne ajoutée par comparaison exhaustive des appels getenv du code courant avec l’inventaire 0436b.",,src/cuda_particle_state.cu,,delta source 0437–0490p / branche surf commit 36abd23
MPCD_CUDA_ACTIVE_PREFIX_HOST_TAIL_FULL_REPAIR_0315H,CUDA état résident / active-prefix — audit et compatibilité,présent état 36abd23; inventorié 0490p (0315h),booléen/env truthy,false/off,Variable runtime interne contrôlant le chemin nommé dans le backend CUDA.,"À passer dans l’environnement du shell, pas dans params.kv. Ligne ajoutée par comparaison exhaustive des appels getenv du code courant avec l’inventaire 0436b.",,src/cuda_particle_state.cu,,delta source 0437–0490p / branche surf commit 36abd23
MPCD_CUDA_ACTIVE_PREFIX_STRICT_EXPECTED_0315C,CUDA état résident / active-prefix — audit et compatibilité,présent état 36abd23; inventorié 0490p (0315c),booléen/env truthy,false/off,Force une validation exhaustive ou un scan complet de l’active-prefix/roles.,"À passer dans l’environnement du shell, pas dans params.kv. Ligne ajoutée par comparaison exhaustive des appels getenv du code courant avec l’inventaire 0436b.",,src/cuda_classic_src_io_resident_0263.cu,,delta source 0437–0490p / branche surf commit 36abd23
MPCD_CUDA_ACTIVE_PREFIX_UPLOAD_ALL_FULL_VALIDATE_0315J,CUDA état résident / active-prefix — audit et compatibilité,présent état 36abd23; inventorié 0490p (0315j),booléen/env truthy,false/off,Force une validation exhaustive ou un scan complet de l’active-prefix/roles.,"À passer dans l’environnement du shell, pas dans params.kv. Ligne ajoutée par comparaison exhaustive des appels getenv du code courant avec l’inventaire 0436b.",,src/cuda_particle_state.cu,,delta source 0437–0490p / branche surf commit 36abd23
MPCD_CUDA_ACTIVE_PREFIX_UPLOAD_ALL_LEGACY_0315J,CUDA état résident / active-prefix — audit et compatibilité,présent état 36abd23; inventorié 0490p (0315j),booléen/env truthy,false/off,Réactive le comportement historique complet pour non-régression.,"À passer dans l’environnement du shell, pas dans params.kv. Ligne ajoutée par comparaison exhaustive des appels getenv du code courant avec l’inventaire 0436b.",,src/cuda_particle_state.cu,,delta source 0437–0490p / branche surf commit 36abd23
MPCD_CUDA_ACTIVE_PREFIX_UPLOAD_FULL_ROLE_TAIL_0315K,CUDA état résident / active-prefix — audit et compatibilité,présent état 36abd23; inventorié 0490p (0315k),booléen/env truthy,false/off,"Force une synchronisation ou un miroir hôte complet, principalement pour compatibilité et audit.","À passer dans l’environnement du shell, pas dans params.kv. Ligne ajoutée par comparaison exhaustive des appels getenv du code courant avec l’inventaire 0436b.",,src/cuda_particle_state.cu,,delta source 0437–0490p / branche surf commit 36abd23
MPCD_CUDA_CELL_MOMENTS_ALL_FLUID_FASTPATH,CUDA moments/workspace cellule,réglage performance/interne,booléen/env truthy sauf mention contraire,false/off sauf activation par scripts validés,Variable interne de contrôle du backend CUDA.,Ne se place pas dans params.kv; à passer dans l’environnement du shell ou dans les scripts de validation/démo.,,,,src_mpcd_cuda_env_flags_0287.csv | src_mpcd_cuda_env_flags_0292.csv | src_mpcd_cuda_env_flags_0303_resampling.csv | src_mpcd_cuda_env_flags_0314_resampling.csv
MPCD_CUDA_CELL_MOMENTS_PERSISTENT_STATE_0251,CUDA moments/workspace cellule,interne/runtime,booléen/env truthy sauf mention contraire,false/off sauf activation par scripts validés,Variable interne de contrôle du backend CUDA.,Ne se place pas dans params.kv; à passer dans l’environnement du shell ou dans les scripts de validation/démo.,,doc/GPU_PATCH_0251.md,,src_mpcd_cuda_env_flags_0287.csv | src_mpcd_cuda_env_flags_0292.csv | src_mpcd_cuda_env_flags_0303_resampling.csv | src_mpcd_cuda_env_flags_0314_resampling.csv
MPCD_CUDA_CELL_MOMENTS_REUSE_BUFFERS,CUDA moments/workspace cellule,interne/runtime,booléen/env truthy sauf mention contraire,false/off sauf activation par scripts validés,Variable interne de contrôle du backend CUDA.,Ne se place pas dans params.kv; à passer dans l’environnement du shell ou dans les scripts de validation/démo.,,,,src_mpcd_cuda_env_flags_0287.csv | src_mpcd_cuda_env_flags_0292.csv | src_mpcd_cuda_env_flags_0303_resampling.csv | src_mpcd_cuda_env_flags_0314_resampling.csv
MPCD_CUDA_CELL_MOMENTS_SHADOW,CUDA moments/workspace cellule,debug/comparaison,booléen/env truthy sauf mention contraire,false/off sauf activation par scripts validés,Active comparaison shadow CUDA/CPU pour validation.,Ne se place pas dans params.kv; à passer dans l’environnement du shell ou dans les scripts de validation/démo.,,,,src_mpcd_cuda_env_flags_0287.csv | src_mpcd_cuda_env_flags_0292.csv | src_mpcd_cuda_env_flags_0303_resampling.csv | src_mpcd_cuda_env_flags_0314_resampling.csv
MPCD_CUDA_CELL_MOMENTS_SHADOW_EVERY,CUDA moments/workspace cellule,debug/comparaison,entier,false/off sauf activation par scripts validés,Active comparaison shadow CUDA/CPU pour validation.,Ne se place pas dans params.kv; à passer dans l’environnement du shell ou dans les scripts de validation/démo.,,src/src_collision.cpp,,src_mpcd_cuda_env_flags_0287.csv | src_mpcd_cuda_env_flags_0292.csv | src_mpcd_cuda_env_flags_0303_resampling.csv | src_mpcd_cuda_env_flags_0314_resampling.csv
MPCD_CUDA_CELL_MOMENTS_SHADOW_STRICT,CUDA moments/workspace cellule,debug/comparaison,booléen/env truthy sauf mention contraire,souvent true dans validateurs; dépend du module,Active le mode strict: erreur si le chemin CUDA demandé ne s’applique pas.,Ne se place pas dans params.kv; à passer dans l’environnement du shell ou dans les scripts de validation/démo.,,src/src_collision.cpp,,src_mpcd_cuda_env_flags_0287.csv | src_mpcd_cuda_env_flags_0292.csv | src_mpcd_cuda_env_flags_0303_resampling.csv | src_mpcd_cuda_env_flags_0314_resampling.csv
MPCD_CUDA_CELL_MOMENTS_SHADOW_TOL,CUDA moments/workspace cellule,debug/comparaison,double,false/off sauf activation par scripts validés,Active comparaison shadow CUDA/CPU pour validation.,Ne se place pas dans params.kv; à passer dans l’environnement du shell ou dans les scripts de validation/démo.,,src/src_collision.cpp,,src_mpcd_cuda_env_flags_0287.csv | src_mpcd_cuda_env_flags_0292.csv | src_mpcd_cuda_env_flags_0303_resampling.csv | src_mpcd_cuda_env_flags_0314_resampling.csv
MPCD_CUDA_CELL_MOMENTS_THREADS_PER_BLOCK,CUDA moments/workspace cellule,réglage performance/interne,entier,256 le plus souvent,Nombre de threads CUDA par bloc pour le noyau associé.,Ne se place pas dans params.kv; à passer dans l’environnement du shell ou dans les scripts de validation/démo.,,,,src_mpcd_cuda_env_flags_0287.csv | src_mpcd_cuda_env_flags_0292.csv | src_mpcd_cuda_env_flags_0303_resampling.csv | src_mpcd_cuda_env_flags_0314_resampling.csv
MPCD_CUDA_CELL_MOMENTS_UNIFORM_MASS_FASTPATH,CUDA moments/workspace cellule,réglage performance/interne,booléen/env truthy sauf mention contraire,false/off sauf activation par scripts validés,Variable interne de contrôle du backend CUDA.,Ne se place pas dans params.kv; à passer dans l’environnement du shell ou dans les scripts de validation/démo.,,,,src_mpcd_cuda_env_flags_0287.csv | src_mpcd_cuda_env_flags_0292.csv | src_mpcd_cuda_env_flags_0303_resampling.csv | src_mpcd_cuda_env_flags_0314_resampling.csv
MPCD_CUDA_CELL_MOMENTS_USE,CUDA moments/workspace cellule,interne/runtime,booléen/env truthy sauf mention contraire,false/off sauf activation par scripts validés,Variable interne de contrôle du backend CUDA.,Ne se place pas dans params.kv; à passer dans l’environnement du shell ou dans les scripts de validation/démo.,,doc/GPU_PATCH_0244.md;doc/GPU_PATCH_0250.md;doc/GPU_PATCH_0251.md,,src_mpcd_cuda_env_flags_0287.csv | src_mpcd_cuda_env_flags_0292.csv | src_mpcd_cuda_env_flags_0303_resampling.csv | src_mpcd_cuda_env_flags_0314_resampling.csv
MPCD_CUDA_CLASSIC_SRC_IO_FULLFACE_RESIDENT_0263,CUDA SRC classic — inlet/outlet full-face,validé 0286,booléen/env truthy sauf mention contraire,false/off sauf activation par scripts validés,Active le chemin résident inlet/outlet full-face SRC classic CUDA.,Ne se place pas dans params.kv; à passer dans l’environnement du shell ou dans les scripts de validation/démo.,,doc/GPU_PATCH_0263D_INACTIVE_RESERVOIR_FIX.md;doc/GPU_PATCH_0263_IO_FULLFACE_RESIDENT.md;doc/GPU_PATCH_0268_IO_FULLFACE_RESERVOIR_POOL.md,,src_mpcd_cuda_env_flags_0287.csv | src_mpcd_cuda_env_flags_0292.csv | src_mpcd_cuda_env_flags_0303_resampling.csv | src_mpcd_cuda_env_flags_0314_resampling.csv
MPCD_CUDA_CLASSIC_SRC_IO_FULLFACE_RESIDENT_0263_STRICT,CUDA SRC classic — inlet/outlet full-face,validé 0286,booléen/env truthy sauf mention contraire,souvent true dans validateurs; dépend du module,Active le chemin résident inlet/outlet full-face SRC classic CUDA.,Ne se place pas dans params.kv; à passer dans l’environnement du shell ou dans les scripts de validation/démo.,,,,src_mpcd_cuda_env_flags_0287.csv | src_mpcd_cuda_env_flags_0292.csv | src_mpcd_cuda_env_flags_0303_resampling.csv | src_mpcd_cuda_env_flags_0314_resampling.csv
MPCD_CUDA_CLASSIC_SRC_IO_FULLFACE_RESIDENT_0263_THREADS,CUDA SRC classic — inlet/outlet full-face,validé 0286,entier,256 le plus souvent,Active le chemin résident inlet/outlet full-face SRC classic CUDA.,Ne se place pas dans params.kv; à passer dans l’environnement du shell ou dans les scripts de validation/démo.,,src/cuda_classic_src_io_resident_0263.cu,,src_mpcd_cuda_env_flags_0287.csv | src_mpcd_cuda_env_flags_0292.csv | src_mpcd_cuda_env_flags_0303_resampling.csv | src_mpcd_cuda_env_flags_0314_resampling.csv
MPCD_CUDA_CLASSIC_SRC_IO_RESIDENT_0267_BOUNDARY_THREADS,Autres variables internes,réglage performance/interne,entier,256 le plus souvent,Nombre de threads CUDA par bloc pour le noyau associé.,Ne se place pas dans params.kv; à passer dans l’environnement du shell ou dans les scripts de validation/démo.,,doc/GPU_PATCH_0267_IO_RESIDENT_BOUNDARY_PARALLEL.md;src/cuda_classic_src_io_resident_0263.cu,,src_mpcd_cuda_env_flags_0287.csv | src_mpcd_cuda_env_flags_0292.csv | src_mpcd_cuda_env_flags_0303_resampling.csv | src_mpcd_cuda_env_flags_0314_resampling.csv
MPCD_CUDA_CLASSIC_SRC_IO_RESIDENT_0267_SERIAL_BOUNDARY,Autres variables internes,interne/runtime,booléen/env truthy sauf mention contraire,false/off sauf activation par scripts validés,Variable interne de contrôle du backend CUDA.,Ne se place pas dans params.kv; à passer dans l’environnement du shell ou dans les scripts de validation/démo.,,doc/GPU_PATCH_0267_IO_RESIDENT_BOUNDARY_PARALLEL.md;doc/GPU_PATCH_0268_IO_FULLFACE_RESERVOIR_POOL.md;doc/GPU_PATCH_0269A_IO_SEGMENTED_RESERVOIR_POOL.md;src/cuda_classic_src_io_resident_0263.cu,,src_mpcd_cuda_env_flags_0287.csv | src_mpcd_cuda_env_flags_0292.csv | src_mpcd_cuda_env_flags_0303_resampling.csv | src_mpcd_cuda_env_flags_0314_resampling.csv
MPCD_CUDA_CLASSIC_SRC_IO_RESIDENT_0268_DISABLE_POOL,CUDA SRC classic — inlet/outlet full-face,réglage performance/interne,booléen/env truthy sauf mention contraire,false/off,Variable interne de contrôle du backend CUDA.,Ne se place pas dans params.kv; à passer dans l’environnement du shell ou dans les scripts de validation/démo.,,doc/GPU_PATCH_0268_IO_FULLFACE_RESERVOIR_POOL.md;doc/GPU_PATCH_0269A_IO_SEGMENTED_RESERVOIR_POOL.md;src/cuda_classic_src_io_resident_0263.cu,,src_mpcd_cuda_env_flags_0287.csv | src_mpcd_cuda_env_flags_0292.csv | src_mpcd_cuda_env_flags_0303_resampling.csv | src_mpcd_cuda_env_flags_0314_resampling.csv
MPCD_CUDA_CLASSIC_SRC_IO_RESIDENT_0268_INSERT_THREADS,CUDA SRC classic — inlet/outlet full-face,réglage performance/interne,entier,256 le plus souvent,Nombre de threads CUDA par bloc pour le noyau associé.,Ne se place pas dans params.kv; à passer dans l’environnement du shell ou dans les scripts de validation/démo.,,doc/GPU_PATCH_0268_IO_FULLFACE_RESERVOIR_POOL.md;src/cuda_classic_src_io_resident_0263.cu,,src_mpcd_cuda_env_flags_0287.csv | src_mpcd_cuda_env_flags_0292.csv | src_mpcd_cuda_env_flags_0303_resampling.csv | src_mpcd_cuda_env_flags_0314_resampling.csv
MPCD_CUDA_CLASSIC_SRC_IO_RESIDENT_0268_POOL_THREADS,CUDA SRC classic — inlet/outlet full-face,réglage performance/interne,entier,256 le plus souvent,Nombre de threads CUDA par bloc pour le noyau associé.,Ne se place pas dans params.kv; à passer dans l’environnement du shell ou dans les scripts de validation/démo.,,doc/GPU_PATCH_0268_IO_FULLFACE_RESERVOIR_POOL.md;src/cuda_classic_src_io_resident_0263.cu,,src_mpcd_cuda_env_flags_0287.csv | src_mpcd_cuda_env_flags_0292.csv | src_mpcd_cuda_env_flags_0303_resampling.csv | src_mpcd_cuda_env_flags_0314_resampling.csv
MPCD_CUDA_CLASSIC_SRC_IO_RESIDENT_0269_DISABLE_SEGMENTED_POOL,CUDA SRC classic — inlet/outlet segmenté,réglage performance/interne,booléen/env truthy sauf mention contraire,false/off,Variable interne de contrôle du backend CUDA.,Ne se place pas dans params.kv; à passer dans l’environnement du shell ou dans les scripts de validation/démo.,,doc/GPU_PATCH_0269A_IO_SEGMENTED_RESERVOIR_POOL.md;src/cuda_classic_src_io_resident_0263.cu,,src_mpcd_cuda_env_flags_0287.csv | src_mpcd_cuda_env_flags_0292.csv | src_mpcd_cuda_env_flags_0303_resampling.csv | src_mpcd_cuda_env_flags_0314_resampling.csv
MPCD_CUDA_CLASSIC_SRC_IO_RESIDENT_0269_POOL_THREADS,CUDA SRC classic — inlet/outlet segmenté,réglage performance/interne,entier,256 le plus souvent,Nombre de threads CUDA par bloc pour le noyau associé.,Ne se place pas dans params.kv; à passer dans l’environnement du shell ou dans les scripts de validation/démo.,,src/cuda_classic_src_io_resident_0263.cu,,src_mpcd_cuda_env_flags_0287.csv | src_mpcd_cuda_env_flags_0292.csv | src_mpcd_cuda_env_flags_0303_resampling.csv | src_mpcd_cuda_env_flags_0314_resampling.csv
MPCD_CUDA_CLASSIC_SRC_IO_RESIDENT_0269_SEGMENTED_INSERT_THREADS,CUDA SRC classic — inlet/outlet segmenté,réglage performance/interne,entier,256 le plus souvent,Nombre de threads CUDA par bloc pour le noyau associé.,Ne se place pas dans params.kv; à passer dans l’environnement du shell ou dans les scripts de validation/démo.,,src/cuda_classic_src_io_resident_0263.cu,,src_mpcd_cuda_env_flags_0287.csv | src_mpcd_cuda_env_flags_0292.csv | src_mpcd_cuda_env_flags_0303_resampling.csv | src_mpcd_cuda_env_flags_0314_resampling.csv
MPCD_CUDA_CLASSIC_SRC_IO_RESIDENT_0291_FORCED_OUTLET_THREADS,CUDA SRC classic — inlet/outlet,présent état 36abd23; inventorié 0490p (0291),entier,256,Règle le nombre de threads CUDA par bloc du noyau associé.,"À passer dans l’environnement du shell, pas dans params.kv. Ligne ajoutée par comparaison exhaustive des appels getenv du code courant avec l’inventaire 0436b.",,src/cuda_classic_src_io_resident_0263.cu,,delta source 0437–0490p / branche surf commit 36abd23
MPCD_CUDA_CLASSIC_SRC_IO_SEGMENTED_RESIDENT_0264,CUDA SRC classic — inlet/outlet segmenté,validé 0286,booléen/env truthy sauf mention contraire,false/off sauf activation par scripts validés,Active le chemin résident inlet/outlet segmenté SRC classic CUDA.,Ne se place pas dans params.kv; à passer dans l’environnement du shell ou dans les scripts de validation/démo.,,doc/GPU_PATCH_0264_IO_SEGMENTED_RESIDENT.md;doc/GPU_PATCH_0280B_CUDA_THERMOSTAT_IO_SEGMENTED_RUNNERFIX.md;doc/GPU_PATCH_0280_CUDA_THERMOSTAT_IO_SEGMENTED.md,,src_mpcd_cuda_env_flags_0287.csv | src_mpcd_cuda_env_flags_0292.csv | src_mpcd_cuda_env_flags_0303_resampling.csv | src_mpcd_cuda_env_flags_0314_resampling.csv
MPCD_CUDA_CLASSIC_SRC_IO_SEGMENTED_RESIDENT_0264_STRICT,CUDA SRC classic — inlet/outlet segmenté,validé 0286,booléen/env truthy sauf mention contraire,souvent true dans validateurs; dépend du module,Active le chemin résident inlet/outlet segmenté SRC classic CUDA.,Ne se place pas dans params.kv; à passer dans l’environnement du shell ou dans les scripts de validation/démo.,,doc/GPU_PATCH_0264_IO_SEGMENTED_RESIDENT.md,,src_mpcd_cuda_env_flags_0287.csv | src_mpcd_cuda_env_flags_0292.csv | src_mpcd_cuda_env_flags_0303_resampling.csv | src_mpcd_cuda_env_flags_0314_resampling.csv
MPCD_CUDA_CLASSIC_SRC_IO_SEGMENTED_RESIDENT_0264_THREADS,CUDA SRC classic — inlet/outlet segmenté,validé 0286,entier,256 le plus souvent,Active le chemin résident inlet/outlet segmenté SRC classic CUDA.,Ne se place pas dans params.kv; à passer dans l’environnement du shell ou dans les scripts de validation/démo.,,src/cuda_classic_src_io_resident_0263.cu,,src_mpcd_cuda_env_flags_0287.csv | src_mpcd_cuda_env_flags_0292.csv | src_mpcd_cuda_env_flags_0303_resampling.csv | src_mpcd_cuda_env_flags_0314_resampling.csv
MPCD_CUDA_CLASSIC_SRC_PERIODIC_RESIDENT_0260,SRC classic CUDA résident,validé 0286 | existant; confirmé 0334a,booléen/env truthy,false/off sauf scripts CUDA,Active le chemin classic SRC CUDA résident périodique.,"Ne se place pas dans params.kv; à passer dans l’environnement du shell ou dans les scripts de validation/démo. | Depuis 0334a, il peut rester compatible avec immersed circle; ne doit pas forcer un fallback CPU en présence d’un cylindre.",,doc/GPU_PATCH_0260.md;doc/GPU_PATCH_0262_RESIDENTFIX.md;doc/GPU_PATCH_0274_FUSED_STREAM_DEPOSIT.md;doc/README_full_periodic_circle_resident_0334a.md;src/cuda_streaming_periodic_0245.cu;src/src_mpcd_base.cpp,,src_mpcd_cuda_env_flags_0287.csv | src_mpcd_cuda_env_flags_0292.csv | src_mpcd_cuda_env_flags_0303_resampling.csv | src_mpcd_cuda_env_flags_0314_resampling.csv | src_mpcd_cuda_env_flags_added_0331_to_0337_livevis.csv | src_mpcd_cuda_livevis_inventory_0314_to_0339a.csv | src_mpcd_cuda_livevis_inventory_0314_to_0342a.csv | src_mpcd_cuda_resampling_env_flags_delta_0314_to_0337_livevis.csv
MPCD_CUDA_CLASSIC_SRC_RESIDENT_0271_ASYNC_STREAM,Autres variables internes,réglage performance/interne | propagé scripts Darcy 0426,booléen/env truthy sauf mention contraire,false/off sauf activation par scripts validés,Variable interne de contrôle du backend CUDA.,Ne se place pas dans params.kv; à passer dans l’environnement du shell ou dans les scripts de validation/démo. | 0426 : intégré au bloc fastflags Darcy pour éviter le backend collision/thermostat lent dans les cas chi/segments.,,doc/GPU_PATCH_0271_WALL_PERIODIC_FIXED_OVERHEAD.md;doc/GPU_PATCH_0274_FUSED_STREAM_DEPOSIT.md;doc/README_0426_DARCY_FASTFLAGS.md;scripts/run_src_classic_cuda_darcy_chi_backward_step_0425.sh;scripts/run_src_classic_cuda_darcy_chi_lr_segments_0411.sh;scripts/run_src_classic_cuda_darcy_chi_naca_periodic_0414.sh,,src_mpcd_cuda_env_flags_0287.csv | src_mpcd_cuda_env_flags_0292.csv | src_mpcd_cuda_env_flags_0303_resampling.csv | src_mpcd_cuda_env_flags_0314_resampling.csv | src_mpcd_env_flags_inventory_consolidated_0365.csv + compléments Darcy/Brinkman/livevis 0411-0426
MPCD_CUDA_CLASSIC_SRC_RESIDENT_0271_DISABLE_ASYNC_STREAM,Autres variables internes,réglage performance/interne,booléen/env truthy sauf mention contraire,false/off,Variable interne de contrôle du backend CUDA.,Ne se place pas dans params.kv; à passer dans l’environnement du shell ou dans les scripts de validation/démo.,,doc/GPU_PATCH_0271_WALL_PERIODIC_FIXED_OVERHEAD.md;src/cuda_streaming_periodic_0245.cu;src/cuda_streaming_wall_simple_0246.cu,,src_mpcd_cuda_env_flags_0287.csv | src_mpcd_cuda_env_flags_0292.csv | src_mpcd_cuda_env_flags_0303_resampling.csv | src_mpcd_cuda_env_flags_0314_resampling.csv
MPCD_CUDA_CLASSIC_SRC_SOLID_RESIDENT_0262,Autres variables internes,validé 0286,booléen/env truthy sauf mention contraire,false/off sauf activation par scripts validés,Active le chemin résident solide/rectangle SRC classic CUDA.,Ne se place pas dans params.kv; à passer dans l’environnement du shell ou dans les scripts de validation/démo.,,doc/GPU_PATCH_0262.md;doc/GPU_PATCH_0262_RESIDENTFIX.md;doc/GPU_PATCH_0262_STREAMFIX.md;doc/GPU_PATCH_0277_CUDA_THERMOSTAT_SOLID_RECTANGLE.md,,src_mpcd_cuda_env_flags_0287.csv | src_mpcd_cuda_env_flags_0292.csv | src_mpcd_cuda_env_flags_0303_resampling.csv | src_mpcd_cuda_env_flags_0314_resampling.csv
MPCD_CUDA_CLASSIC_SRC_WALL_CIRCLE_RESIDENT_0318,Sécurité VK / chemin wall+circle résident,existant 0318; quarantainé 0331,booléen/env truthy,false/off,Demande l’ancien chemin résident combiné wall+circle 0318.,Chemin conservé uniquement pour diagnostic; ne s’active plus sans le garde UNSAFE. Le chemin validé par défaut utilise le resident classic safe/no0318. | 0338c: le chemin performant validé est 0318 + MPCD_CUDA_CLASSIC_SRC_WALL_CIRCLE_RESIDENT_MINIMAL_DOWNLOAD_0338=1; 0318 seul reste à traiter comme chemin historique/quarantainé selon scripts.,,src/cuda_streaming_wall_simple_0246.cu;src/src_mpcd_base.cpp,,src_mpcd_cuda_env_flags_added_0331_to_0337_livevis.csv | src_mpcd_cuda_livevis_inventory_0314_to_0339a.csv | src_mpcd_cuda_livevis_inventory_0314_to_0342a.csv | src_mpcd_cuda_resampling_env_flags_delta_0314_to_0337_livevis.csv
MPCD_CUDA_CLASSIC_SRC_WALL_CIRCLE_RESIDENT_0318_UNSAFE_ENABLE,Sécurité VK / chemin wall+circle résident,ajout 0331,booléen/env truthy,false/off,Garde explicite pour autoriser le chemin 0318 unsafe.,Doit rester à 0 pour les runs de production/validation. À 1 seulement pour reproduire l’ancien chemin fautif ou diagnostiquer.,,src/src_mpcd_base.cpp,,src_mpcd_cuda_env_flags_added_0331_to_0337_livevis.csv | src_mpcd_cuda_livevis_inventory_0314_to_0339a.csv | src_mpcd_cuda_livevis_inventory_0314_to_0342a.csv | src_mpcd_cuda_resampling_env_flags_delta_0314_to_0337_livevis.csv
MPCD_CUDA_CLASSIC_SRC_WALL_CIRCLE_RESIDENT_DISABLE_MINIMAL_DOWNLOAD_0338,CUDA sécurité / wall+circle resident 0318,ajout 0338c; debug/rollback,booléen/env truthy,false/off,Désactive explicitement le pont minimal-download 0338 même si le flag d’activation est présent.,Garde-fou pour comparaison flag ON/OFF et rollback rapide.,,src/cuda_persistent_mpcd_step.cu,,src_mpcd_cuda_livevis_inventory_0314_to_0339a.csv | src_mpcd_cuda_livevis_inventory_0314_to_0342a.csv
MPCD_CUDA_CLASSIC_SRC_WALL_CIRCLE_RESIDENT_MINIMAL_DOWNLOAD_0338,CUDA performance / wall+circle resident 0318,ajout 0338c; opt-in; validé classic wall+circle non-VIZ et VIZ,booléen/env truthy,false/off,"Active le pont 0338 pour le chemin wall+circle résident 0318 : immersed_circle reconnaît 0318 comme résident, supprime le download cercle et autorise src_collision à consommer l’état partagé CUDA 0251 frais.",À activer avec MPCD_CUDA_CLASSIC_SRC_WALL_CIRCLE_RESIDENT_0318=1 pour le cas classic wall+circle validé. Ne pas généraliser sans validation Q6/resampling/viriel; préserver les miroirs host lorsque ces voies hybrides sont actives.,,doc/host_device_authority_0340.md;src/cuda_immersed_circle_0284.cu;src/cuda_persistent_mpcd_step.cu;src/src_collision.cpp,,src_mpcd_cuda_livevis_inventory_0314_to_0339a.csv | src_mpcd_cuda_livevis_inventory_0314_to_0342a.csv
MPCD_CUDA_CLASSIC_SRC_WALL_RESIDENT_0261,CUDA SRC classic — wall-simple,validé 0286,booléen/env truthy sauf mention contraire,false/off sauf activation par scripts validés,Active le chemin résident wall-simple SRC classic CUDA.,Ne se place pas dans params.kv; à passer dans l’environnement du shell ou dans les scripts de validation/démo.,,doc/GPU_PATCH_0261.md;doc/GPU_PATCH_0262_RESIDENTFIX.md;doc/GPU_PATCH_0270_WALL_RESIDENT_BOUNDARY_SKIP.md;doc/GPU_PATCH_0274_FUSED_STREAM_DEPOSIT.md,,src_mpcd_cuda_env_flags_0287.csv | src_mpcd_cuda_env_flags_0292.csv | src_mpcd_cuda_env_flags_0303_resampling.csv | src_mpcd_cuda_env_flags_0314_resampling.csv
MPCD_CUDA_CLASSIC_SRC_WALL_RESIDENT_0270_DISABLE_BOUNDARY_SKIP,CUDA SRC classic — wall-simple,réglage performance/interne,booléen/env truthy sauf mention contraire,false/off,Variable interne de contrôle du backend CUDA.,Ne se place pas dans params.kv; à passer dans l’environnement du shell ou dans les scripts de validation/démo.,,doc/GPU_PATCH_0270_WALL_RESIDENT_BOUNDARY_SKIP.md;src/src_mpcd_base.cpp,,src_mpcd_cuda_env_flags_0287.csv | src_mpcd_cuda_env_flags_0292.csv | src_mpcd_cuda_env_flags_0303_resampling.csv | src_mpcd_cuda_env_flags_0314_resampling.csv
MPCD_CUDA_CLASSIC_SRC_WALL_RESIDENT_0271_DISABLE_FAST_DIAGNOSTICS,CUDA SRC classic — wall-simple,réglage performance/interne,booléen/env truthy sauf mention contraire,false/off,Variable interne de contrôle du backend CUDA.,Ne se place pas dans params.kv; à passer dans l’environnement du shell ou dans les scripts de validation/démo.,,doc/GPU_PATCH_0271_WALL_PERIODIC_FIXED_OVERHEAD.md;src/cuda_streaming_wall_simple_0246.cu,,src_mpcd_cuda_env_flags_0287.csv | src_mpcd_cuda_env_flags_0292.csv | src_mpcd_cuda_env_flags_0303_resampling.csv | src_mpcd_cuda_env_flags_0314_resampling.csv
MPCD_CUDA_CLASSIC_SRC_WALL_RESIDENT_0271_FAST_DIAGNOSTICS,CUDA SRC classic — wall-simple,interne/runtime,booléen/env truthy sauf mention contraire,false/off sauf activation par scripts validés,Variable interne de contrôle du backend CUDA.,Ne se place pas dans params.kv; à passer dans l’environnement du shell ou dans les scripts de validation/démo.,,doc/GPU_PATCH_0271_WALL_PERIODIC_FIXED_OVERHEAD.md;doc/GPU_PATCH_0274_FUSED_STREAM_DEPOSIT.md,,src_mpcd_cuda_env_flags_0287.csv | src_mpcd_cuda_env_flags_0292.csv | src_mpcd_cuda_env_flags_0303_resampling.csv | src_mpcd_cuda_env_flags_0314_resampling.csv
MPCD_CUDA_COLLISION_WRAPPER_HOST_SYNC_0315F,CUDA état résident / active-prefix — audit et compatibilité,présent état 36abd23; inventorié 0490p (0315f),booléen/env truthy,false/off,"Force une synchronisation ou un miroir hôte complet, principalement pour compatibilité et audit.","À passer dans l’environnement du shell, pas dans params.kv. Ligne ajoutée par comparaison exhaustive des appels getenv du code courant avec l’inventaire 0436b.",,src/src_mpcd_base.cpp,,delta source 0437–0490p / branche surf commit 36abd23
MPCD_CUDA_DARCY_BRINKMAN_LOG_0343,CUDA Darcy–Brinkman,présent état 36abd23; inventorié 0490p (0343),booléen/env truthy,false/off,Contrôle un diagnostic ou journal runtime du composant associé.,"À passer dans l’environnement du shell, pas dans params.kv. Ligne ajoutée par comparaison exhaustive des appels getenv du code courant avec l’inventaire 0436b.",,src/cuda_darcy_brinkman_0343.cu,,delta source 0437–0490p / branche surf commit 36abd23
MPCD_CUDA_IMMERSED_CIRCLE_0284,Obstacle immersed circle CUDA,validé 0286 | confirmé 0334a,booléen/env truthy,false/off sauf scripts VK,Active le traitement CUDA du cylindre immergé.,Ne se place pas dans params.kv; à passer dans l’environnement du shell ou dans les scripts de validation/démo. | 0334a : peut consommer l’état CUDA résident partagé et éviter les upload/download particulaires à chaque step.,,doc/README_full_periodic_circle_resident_0334a.md;src/cuda_immersed_circle_0284.cu,,src_mpcd_cuda_env_flags_0287.csv | src_mpcd_cuda_env_flags_0292.csv | src_mpcd_cuda_env_flags_0303_resampling.csv | src_mpcd_cuda_env_flags_0314_resampling.csv | src_mpcd_cuda_env_flags_added_0331_to_0337_livevis.csv | src_mpcd_cuda_livevis_inventory_0314_to_0339a.csv | src_mpcd_cuda_livevis_inventory_0314_to_0342a.csv | src_mpcd_cuda_resampling_env_flags_delta_0314_to_0337_livevis.csv
MPCD_CUDA_IMMERSED_CIRCLE_0284_DOWNLOAD_ALL,Obstacle immersed circle CUDA,validé 0286 | existant; à éviter en production,booléen/env truthy,false/off,Force un téléchargement complet après le cylindre 0284.,Ne se place pas dans params.kv; à passer dans l’environnement du shell ou dans les scripts de validation/démo. | Très coûteux; utile seulement pour diagnostic comparatif. Incompatible avec l’objectif chemin résident.,,src/cuda_immersed_circle_0284.cu,,src_mpcd_cuda_env_flags_0287.csv | src_mpcd_cuda_env_flags_0292.csv | src_mpcd_cuda_env_flags_0303_resampling.csv | src_mpcd_cuda_env_flags_0314_resampling.csv | src_mpcd_cuda_env_flags_added_0331_to_0337_livevis.csv | src_mpcd_cuda_livevis_inventory_0314_to_0339a.csv | src_mpcd_cuda_livevis_inventory_0314_to_0342a.csv | src_mpcd_cuda_resampling_env_flags_delta_0314_to_0337_livevis.csv
MPCD_CUDA_IMMERSED_CIRCLE_0284_THREADS,CUDA solide immergé — cercle,validé 0286,entier,256 le plus souvent,Active/paramètre le support CUDA du cercle solide 0284.,Ne se place pas dans params.kv; à passer dans l’environnement du shell ou dans les scripts de validation/démo.,,src/cuda_immersed_circle_0284.cu,,src_mpcd_cuda_env_flags_0287.csv | src_mpcd_cuda_env_flags_0292.csv | src_mpcd_cuda_env_flags_0303_resampling.csv | src_mpcd_cuda_env_flags_0314_resampling.csv
MPCD_CUDA_IMMERSED_CIRCLE_FAST_DIAGNOSTICS_0330,Diagnostics rapides immersed circle CUDA,ajout 0330/0331,booléen/env truthy,false/off,Active un retour diagnostic plus léger pour le cylindre CUDA.,N’affecte pas la physique; seulement les compteurs/diagnostics. Utile pour benchmark mais à désactiver pour oracle hits complets.,,src/cuda_immersed_circle_0284.cu,,src_mpcd_cuda_env_flags_added_0331_to_0337_livevis.csv | src_mpcd_cuda_livevis_inventory_0314_to_0339a.csv | src_mpcd_cuda_livevis_inventory_0314_to_0342a.csv | src_mpcd_cuda_resampling_env_flags_delta_0314_to_0337_livevis.csv
MPCD_CUDA_IMMERSED_RECTANGLE_0247,CUDA solide immergé — rectangle,interne/runtime,booléen/env truthy sauf mention contraire,false/off sauf activation par scripts validés,Active/paramètre le support CUDA rectangle/step.,Ne se place pas dans params.kv; à passer dans l’environnement du shell ou dans les scripts de validation/démo.,,doc/GPU_PATCH_0247A.md,,src_mpcd_cuda_env_flags_0287.csv | src_mpcd_cuda_env_flags_0292.csv | src_mpcd_cuda_env_flags_0303_resampling.csv | src_mpcd_cuda_env_flags_0314_resampling.csv
MPCD_CUDA_IMMERSED_RECTANGLE_0247_DOWNLOAD_ALL,CUDA solide immergé — rectangle,réglage performance/interne,booléen/env truthy sauf mention contraire,false/off sauf activation par scripts validés,Active/paramètre le support CUDA rectangle/step.,Ne se place pas dans params.kv; à passer dans l’environnement du shell ou dans les scripts de validation/démo.,,doc/GPU_PATCH_0262.md,,src_mpcd_cuda_env_flags_0287.csv | src_mpcd_cuda_env_flags_0292.csv | src_mpcd_cuda_env_flags_0303_resampling.csv | src_mpcd_cuda_env_flags_0314_resampling.csv
MPCD_CUDA_IMMERSED_RECTANGLE_0247_THREADS,CUDA solide immergé — rectangle,réglage performance/interne,entier,256 le plus souvent,Active/paramètre le support CUDA rectangle/step.,Ne se place pas dans params.kv; à passer dans l’environnement du shell ou dans les scripts de validation/démo.,,doc/GPU_PATCH_0247A.md,,src_mpcd_cuda_env_flags_0287.csv | src_mpcd_cuda_env_flags_0292.csv | src_mpcd_cuda_env_flags_0303_resampling.csv | src_mpcd_cuda_env_flags_0314_resampling.csv
MPCD_CUDA_INACTIVE_TAIL_POOL_0313,"CUDA resampling post-SRC — diagnostics, split-safety et optimisation inactive",ajout 0313,booléen/env truthy,true/on,Active le fast path de collecte de slots inactifs en queue de tableau.,Fallback exact conservé par défaut si la fenêtre ne suffit pas.,,src/cuda_classic_src_io_resident_0263.cu,,src_mpcd_cuda_env_flags_0314_resampling.csv | src_mpcd_cuda_livevis_inventory_0314_to_0339a.csv | src_mpcd_cuda_livevis_inventory_0314_to_0342a.csv | src_mpcd_cuda_resampling_env_flags_delta_0314.csv | src_mpcd_cuda_resampling_env_flags_delta_0314_to_0337_livevis.csv
MPCD_CUDA_INACTIVE_TAIL_POOL_MAX_SCAN_0313,"CUDA resampling post-SRC — diagnostics, split-safety et optimisation inactive",ajout 0313,entier,262144,Taille maximale de fenêtre scannée dans la queue inactive.,Borne le coût du fast path avant fallback.,,src/cuda_classic_src_io_resident_0263.cu,,src_mpcd_cuda_env_flags_0314_resampling.csv | src_mpcd_cuda_livevis_inventory_0314_to_0339a.csv | src_mpcd_cuda_livevis_inventory_0314_to_0342a.csv | src_mpcd_cuda_resampling_env_flags_delta_0314.csv | src_mpcd_cuda_resampling_env_flags_delta_0314_to_0337_livevis.csv
MPCD_CUDA_INACTIVE_TAIL_POOL_MIN_SCAN_0313,"CUDA resampling post-SRC — diagnostics, split-safety et optimisation inactive",ajout 0313,entier,8192,Taille minimale de fenêtre scannée dans la queue inactive.,Paramètre de performance; ne change pas la physique.,,src/cuda_classic_src_io_resident_0263.cu,,src_mpcd_cuda_env_flags_0314_resampling.csv | src_mpcd_cuda_livevis_inventory_0314_to_0339a.csv | src_mpcd_cuda_livevis_inventory_0314_to_0342a.csv | src_mpcd_cuda_resampling_env_flags_delta_0314.csv | src_mpcd_cuda_resampling_env_flags_delta_0314_to_0337_livevis.csv
MPCD_CUDA_INACTIVE_TAIL_POOL_NO_FALLBACK_0313,"CUDA resampling post-SRC — diagnostics, split-safety et optimisation inactive",ajout 0313,booléen/env truthy,false/off,Désactive le fallback complet si activé.,À réserver aux audits; le nominal garde le fallback exact.,,src/cuda_classic_src_io_resident_0263.cu,,src_mpcd_cuda_env_flags_0314_resampling.csv | src_mpcd_cuda_livevis_inventory_0314_to_0339a.csv | src_mpcd_cuda_livevis_inventory_0314_to_0342a.csv | src_mpcd_cuda_resampling_env_flags_delta_0314.csv | src_mpcd_cuda_resampling_env_flags_delta_0314_to_0337_livevis.csv
MPCD_CUDA_INACTIVE_TAIL_POOL_SCAN_MULT_0313,"CUDA resampling post-SRC — diagnostics, split-safety et optimisation inactive",ajout 0313,réel/entier,4,Facteur multiplicatif entre besoin estimé de slots et fenêtre scannée.,Augmenter si le fallback complet se déclenche trop souvent.,,src/cuda_classic_src_io_resident_0263.cu,,src_mpcd_cuda_env_flags_0314_resampling.csv | src_mpcd_cuda_livevis_inventory_0314_to_0339a.csv | src_mpcd_cuda_livevis_inventory_0314_to_0342a.csv | src_mpcd_cuda_resampling_env_flags_delta_0314.csv | src_mpcd_cuda_resampling_env_flags_delta_0314_to_0337_livevis.csv
MPCD_CUDA_INLET_OUTLET_FULLFACE_0249A,CUDA SRC classic — inlet/outlet full-face,interne/runtime,booléen/env truthy sauf mention contraire,false/off sauf activation par scripts validés,Variable interne de contrôle du backend CUDA.,Ne se place pas dans params.kv; à passer dans l’environnement du shell ou dans les scripts de validation/démo.,,doc/GPU_PATCH_0249A.md,,src_mpcd_cuda_env_flags_0287.csv | src_mpcd_cuda_env_flags_0292.csv | src_mpcd_cuda_env_flags_0303_resampling.csv | src_mpcd_cuda_env_flags_0314_resampling.csv
MPCD_CUDA_INLET_OUTLET_FULLFACE_0249A_THREADS,CUDA SRC classic — inlet/outlet full-face,réglage performance/interne,entier,256 le plus souvent,Nombre de threads CUDA par bloc pour le noyau associé.,Ne se place pas dans params.kv; à passer dans l’environnement du shell ou dans les scripts de validation/démo.,,,,src_mpcd_cuda_env_flags_0287.csv | src_mpcd_cuda_env_flags_0292.csv | src_mpcd_cuda_env_flags_0303_resampling.csv | src_mpcd_cuda_env_flags_0314_resampling.csv
MPCD_CUDA_INLET_OUTLET_SEGMENTED_0249B,CUDA SRC classic — inlet/outlet segmenté,interne/runtime,booléen/env truthy sauf mention contraire,false/off sauf activation par scripts validés,Variable interne de contrôle du backend CUDA.,Ne se place pas dans params.kv; à passer dans l’environnement du shell ou dans les scripts de validation/démo.,,,,src_mpcd_cuda_env_flags_0287.csv | src_mpcd_cuda_env_flags_0292.csv | src_mpcd_cuda_env_flags_0303_resampling.csv | src_mpcd_cuda_env_flags_0314_resampling.csv
MPCD_CUDA_INLET_OUTLET_SEGMENTED_0249B_THREADS,CUDA SRC classic — inlet/outlet segmenté,réglage performance/interne,entier,256 le plus souvent,Nombre de threads CUDA par bloc pour le noyau associé.,Ne se place pas dans params.kv; à passer dans l’environnement du shell ou dans les scripts de validation/démo.,,,,src_mpcd_cuda_env_flags_0287.csv | src_mpcd_cuda_env_flags_0292.csv | src_mpcd_cuda_env_flags_0303_resampling.csv | src_mpcd_cuda_env_flags_0314_resampling.csv
MPCD_CUDA_PERSISTENT_CELL_WORKSPACE_STRICT,CUDA moments/workspace cellule,debug/comparaison,booléen/env truthy sauf mention contraire,souvent true dans validateurs; dépend du module,Active le mode strict: erreur si le chemin CUDA demandé ne s’applique pas.,Ne se place pas dans params.kv; à passer dans l’environnement du shell ou dans les scripts de validation/démo.,,src/src_collision.cpp,,src_mpcd_cuda_env_flags_0287.csv | src_mpcd_cuda_env_flags_0292.csv | src_mpcd_cuda_env_flags_0303_resampling.csv | src_mpcd_cuda_env_flags_0314_resampling.csv
MPCD_CUDA_PERSISTENT_CELL_WORKSPACE_USE,CUDA moments/workspace cellule,interne/runtime | propagé scripts Darcy 0426,booléen/env truthy sauf mention contraire,false/off sauf activation par scripts validés,Variable interne de contrôle du backend CUDA.,Ne se place pas dans params.kv; à passer dans l’environnement du shell ou dans les scripts de validation/démo. | 0426 : intégré au bloc fastflags Darcy pour éviter le backend collision/thermostat lent dans les cas chi/segments.,,doc/GPU_PATCH_0244.md;doc/README_0426_DARCY_FASTFLAGS.md;scripts/run_src_classic_cuda_darcy_chi_backward_step_0425.sh;scripts/run_src_classic_cuda_darcy_chi_lr_segments_0411.sh;scripts/run_src_classic_cuda_darcy_chi_naca_periodic_0414.sh,,src_mpcd_cuda_env_flags_0287.csv | src_mpcd_cuda_env_flags_0292.csv | src_mpcd_cuda_env_flags_0303_resampling.csv | src_mpcd_cuda_env_flags_0314_resampling.csv | src_mpcd_env_flags_inventory_consolidated_0365.csv + compléments Darcy/Brinkman/livevis 0411-0426
MPCD_CUDA_PERSISTENT_PARTICLE_METADATA_CACHE,Autres variables internes,interne/runtime | propagé scripts Darcy 0426,booléen/env truthy sauf mention contraire,false/off sauf activation par scripts validés,Variable interne de contrôle du backend CUDA.,Ne se place pas dans params.kv; à passer dans l’environnement du shell ou dans les scripts de validation/démo. | 0426 : intégré au bloc fastflags Darcy pour éviter le backend collision/thermostat lent dans les cas chi/segments.,,doc/README_0426_DARCY_FASTFLAGS.md;scripts/run_src_classic_cuda_darcy_chi_backward_step_0425.sh;scripts/run_src_classic_cuda_darcy_chi_lr_segments_0411.sh;scripts/run_src_classic_cuda_darcy_chi_naca_periodic_0414.sh,,src_mpcd_cuda_env_flags_0287.csv | src_mpcd_cuda_env_flags_0292.csv | src_mpcd_cuda_env_flags_0303_resampling.csv | src_mpcd_cuda_env_flags_0314_resampling.csv | src_mpcd_env_flags_inventory_consolidated_0365.csv + compléments Darcy/Brinkman/livevis 0411-0426
MPCD_CUDA_PERSISTENT_PARTICLE_STATE_STRICT,CUDA état particulaire persistant,debug/comparaison,booléen/env truthy sauf mention contraire,souvent true dans validateurs; dépend du module,Active le mode strict: erreur si le chemin CUDA demandé ne s’applique pas.,Ne se place pas dans params.kv; à passer dans l’environnement du shell ou dans les scripts de validation/démo.,,src/src_collision.cpp,,src_mpcd_cuda_env_flags_0287.csv | src_mpcd_cuda_env_flags_0292.csv | src_mpcd_cuda_env_flags_0303_resampling.csv | src_mpcd_cuda_env_flags_0314_resampling.csv
MPCD_CUDA_PERSISTENT_PARTICLE_STATE_USE,CUDA état particulaire persistant,interne/runtime | propagé scripts Darcy 0426,booléen/env truthy sauf mention contraire,false/off sauf activation par scripts validés,Variable interne de contrôle du backend CUDA.,Ne se place pas dans params.kv; à passer dans l’environnement du shell ou dans les scripts de validation/démo. | 0426 : intégré au bloc fastflags Darcy pour éviter le backend collision/thermostat lent dans les cas chi/segments.,,doc/GPU_PATCH_0244.md;doc/README_0426_DARCY_FASTFLAGS.md;scripts/run_src_classic_cuda_darcy_chi_backward_step_0425.sh;scripts/run_src_classic_cuda_darcy_chi_lr_segments_0411.sh;scripts/run_src_classic_cuda_darcy_chi_naca_periodic_0414.sh,,src_mpcd_cuda_env_flags_0287.csv | src_mpcd_cuda_env_flags_0292.csv | src_mpcd_cuda_env_flags_0303_resampling.csv | src_mpcd_cuda_env_flags_0314_resampling.csv | src_mpcd_env_flags_inventory_consolidated_0365.csv + compléments Darcy/Brinkman/livevis 0411-0426
MPCD_CUDA_PERSISTENT_SRC_COLLISION_ACTIVE_STRICT,CUDA collision SRC,debug/comparaison,booléen/env truthy sauf mention contraire,souvent true dans validateurs; dépend du module,Active le mode strict: erreur si le chemin CUDA demandé ne s’applique pas.,Ne se place pas dans params.kv; à passer dans l’environnement du shell ou dans les scripts de validation/démo.,,,,src_mpcd_cuda_env_flags_0287.csv | src_mpcd_cuda_env_flags_0292.csv | src_mpcd_cuda_env_flags_0303_resampling.csv | src_mpcd_cuda_env_flags_0314_resampling.csv
MPCD_CUDA_PERSISTENT_SRC_COLLISION_DEVICE_ROTATION_0272,CUDA collision SRC,interne/runtime | propagé scripts Darcy 0426,booléen/env truthy sauf mention contraire,false/off sauf activation par scripts validés,Variable interne de contrôle du backend CUDA.,Ne se place pas dans params.kv; à passer dans l’environnement du shell ou dans les scripts de validation/démo. | 0426 : intégré au bloc fastflags Darcy pour éviter le backend collision/thermostat lent dans les cas chi/segments.,,doc/GPU_PATCH_0272_COLLISION_OVERHEAD.md;doc/GPU_PATCH_0274_FUSED_STREAM_DEPOSIT.md;doc/README_0426_DARCY_FASTFLAGS.md;scripts/run_src_classic_cuda_darcy_chi_backward_step_0425.sh;scripts/run_src_classic_cuda_darcy_chi_lr_segments_0411.sh;scripts/run_src_classic_cuda_darcy_chi_naca_periodic_0414.sh,,src_mpcd_cuda_env_flags_0287.csv | src_mpcd_cuda_env_flags_0292.csv | src_mpcd_cuda_env_flags_0303_resampling.csv | src_mpcd_cuda_env_flags_0314_resampling.csv | src_mpcd_env_flags_inventory_consolidated_0365.csv + compléments Darcy/Brinkman/livevis 0411-0426
MPCD_CUDA_PERSISTENT_SRC_COLLISION_DISABLE_DEVICE_ROTATION_0272,CUDA collision SRC,réglage performance/interne,booléen/env truthy sauf mention contraire,false/off,Variable interne de contrôle du backend CUDA.,Ne se place pas dans params.kv; à passer dans l’environnement du shell ou dans les scripts de validation/démo.,,doc/GPU_PATCH_0272_COLLISION_OVERHEAD.md;src/cuda_persistent_mpcd_step.cu,,src_mpcd_cuda_env_flags_0287.csv | src_mpcd_cuda_env_flags_0292.csv | src_mpcd_cuda_env_flags_0303_resampling.csv | src_mpcd_cuda_env_flags_0314_resampling.csv
MPCD_CUDA_PERSISTENT_SRC_COLLISION_DISABLE_EXPLICIT_GAMMA_ROLE_FASTPATH_0273,CUDA collision SRC,réglage performance/interne,booléen/env truthy sauf mention contraire,false/off,Variable interne de contrôle du backend CUDA.,Ne se place pas dans params.kv; à passer dans l’environnement du shell ou dans les scripts de validation/démo.,,doc/GPU_PATCH_0273_COLLISION_WRAPPER_OVERHEAD.md;src/src_collision.cpp,,src_mpcd_cuda_env_flags_0287.csv | src_mpcd_cuda_env_flags_0292.csv | src_mpcd_cuda_env_flags_0303_resampling.csv | src_mpcd_cuda_env_flags_0314_resampling.csv
MPCD_CUDA_PERSISTENT_SRC_COLLISION_DISABLE_FAST_THERMOSTAT_DIAG_0321,CUDA collision SRC — profilage et synchronisation,présent état 36abd23; inventorié 0490p (0321),booléen/env truthy,false/off,Désactive explicitement l’optimisation ou le diagnostic nommé pour audit/non-régression.,"À passer dans l’environnement du shell, pas dans params.kv. Ligne ajoutée par comparaison exhaustive des appels getenv du code courant avec l’inventaire 0436b.",,src/cuda_persistent_mpcd_step.cu,,delta source 0437–0490p / branche surf commit 36abd23
MPCD_CUDA_PERSISTENT_SRC_COLLISION_DISABLE_FUSED_STREAM_DEPOSIT_0274,CUDA collision SRC,réglage performance/interne,booléen/env truthy sauf mention contraire,false/off,Variable interne de contrôle du backend CUDA.,Ne se place pas dans params.kv; à passer dans l’environnement du shell ou dans les scripts de validation/démo.,,doc/GPU_PATCH_0274_FUSED_STREAM_DEPOSIT.md;doc/GPU_PATCH_0275_CUDA_PRIMARY_BACKEND.md;src/src_collision.cpp;src/src_mpcd_base.cpp,,src_mpcd_cuda_env_flags_0287.csv | src_mpcd_cuda_env_flags_0292.csv | src_mpcd_cuda_env_flags_0303_resampling.csv | src_mpcd_cuda_env_flags_0314_resampling.csv
MPCD_CUDA_PERSISTENT_SRC_COLLISION_DISABLE_KERNEL_BREAKDOWN_0324,CUDA collision SRC — profilage et synchronisation,présent état 36abd23; inventorié 0490p (0324),booléen/env truthy,false/off,Désactive explicitement l’optimisation ou le diagnostic nommé pour audit/non-régression.,"À passer dans l’environnement du shell, pas dans params.kv. Ligne ajoutée par comparaison exhaustive des appels getenv du code courant avec l’inventaire 0436b.",,src/cuda_persistent_mpcd_step.cu,,delta source 0437–0490p / branche surf commit 36abd23
MPCD_CUDA_PERSISTENT_SRC_COLLISION_DISABLE_KERNEL_BREAKDOWN_APPEND_0328,CUDA collision SRC — profilage et synchronisation,présent état 36abd23; inventorié 0490p (0328),booléen/env truthy,false/off,Désactive explicitement l’optimisation ou le diagnostic nommé pour audit/non-régression.,"À passer dans l’environnement du shell, pas dans params.kv. Ligne ajoutée par comparaison exhaustive des appels getenv du code courant avec l’inventaire 0436b.",,src/cuda_persistent_mpcd_step.cu,,delta source 0437–0490p / branche surf commit 36abd23
MPCD_CUDA_PERSISTENT_SRC_COLLISION_DISABLE_LAZY_KERNEL_CHECK_0273,CUDA collision SRC,réglage performance/interne,booléen/env truthy sauf mention contraire,false/off,Variable interne de contrôle du backend CUDA.,Ne se place pas dans params.kv; à passer dans l’environnement du shell ou dans les scripts de validation/démo.,,doc/GPU_PATCH_0273_COLLISION_WRAPPER_OVERHEAD.md;src/cuda_persistent_mpcd_step.cu,,src_mpcd_cuda_env_flags_0287.csv | src_mpcd_cuda_env_flags_0292.csv | src_mpcd_cuda_env_flags_0303_resampling.csv | src_mpcd_cuda_env_flags_0314_resampling.csv
MPCD_CUDA_PERSISTENT_SRC_COLLISION_DISABLE_SKIP_FINAL_SYNC_0272,CUDA collision SRC,réglage performance/interne,booléen/env truthy sauf mention contraire,false/off,Variable interne de contrôle du backend CUDA.,Ne se place pas dans params.kv; à passer dans l’environnement du shell ou dans les scripts de validation/démo.,,doc/GPU_PATCH_0272_COLLISION_OVERHEAD.md;src/cuda_persistent_mpcd_step.cu,,src_mpcd_cuda_env_flags_0287.csv | src_mpcd_cuda_env_flags_0292.csv | src_mpcd_cuda_env_flags_0303_resampling.csv | src_mpcd_cuda_env_flags_0314_resampling.csv
MPCD_CUDA_PERSISTENT_SRC_COLLISION_DISABLE_SKIP_HOST_CELLID_FILL_0327,CUDA collision SRC — profilage et synchronisation,présent état 36abd23; inventorié 0490p (0327),booléen/env truthy,false/off,Désactive explicitement l’optimisation ou le diagnostic nommé pour audit/non-régression.,"À passer dans l’environnement du shell, pas dans params.kv. Ligne ajoutée par comparaison exhaustive des appels getenv du code courant avec l’inventaire 0436b.",,src/cuda_persistent_mpcd_step.cu,,delta source 0437–0490p / branche surf commit 36abd23
MPCD_CUDA_PERSISTENT_SRC_COLLISION_DISABLE_SKIP_SETUP_SYNC_0273,CUDA collision SRC,réglage performance/interne,booléen/env truthy sauf mention contraire,false/off,Variable interne de contrôle du backend CUDA.,Ne se place pas dans params.kv; à passer dans l’environnement du shell ou dans les scripts de validation/démo.,,doc/GPU_PATCH_0273_COLLISION_WRAPPER_OVERHEAD.md;src/cuda_persistent_mpcd_step.cu,,src_mpcd_cuda_env_flags_0287.csv | src_mpcd_cuda_env_flags_0292.csv | src_mpcd_cuda_env_flags_0303_resampling.csv | src_mpcd_cuda_env_flags_0314_resampling.csv
MPCD_CUDA_PERSISTENT_SRC_COLLISION_DISABLE_SKIP_WORKSPACE_DOWNLOAD_0272,CUDA collision SRC,réglage performance/interne,booléen/env truthy sauf mention contraire,false/off,Variable interne de contrôle du backend CUDA.,Ne se place pas dans params.kv; à passer dans l’environnement du shell ou dans les scripts de validation/démo.,,doc/GPU_PATCH_0272_COLLISION_OVERHEAD.md;src/cuda_persistent_mpcd_step.cu,,src_mpcd_cuda_env_flags_0287.csv | src_mpcd_cuda_env_flags_0292.csv | src_mpcd_cuda_env_flags_0303_resampling.csv | src_mpcd_cuda_env_flags_0314_resampling.csv
MPCD_CUDA_PERSISTENT_SRC_COLLISION_FAST_THERMOSTAT_DIAG_0321,CUDA collision SRC résidente — diagnostic thermostat,ajout 0321; propagé Darcy 0426,booléen/env truthy,1,Utilise le diagnostic thermostat rapide dans le chemin collision/thermostat résident.,Propagé aux scripts Darcy 0426 ; son absence contribuait au chemin lent observé dans les runs segmentés.,,doc/README_0426_DARCY_FASTFLAGS.md;scripts/run_src_classic_cuda_darcy_chi_backward_step_0425.sh;scripts/run_src_classic_cuda_darcy_chi_lr_segments_0411.sh;scripts/run_src_classic_cuda_darcy_chi_naca_periodic_0414.sh,,src_mpcd_env_flags_inventory_consolidated_0365.csv + compléments Darcy/Brinkman/livevis 0411-0426
MPCD_CUDA_PERSISTENT_SRC_COLLISION_FUSED_STREAM_DEPOSIT_0274,CUDA collision SRC,interne/runtime | propagé scripts Darcy 0426,booléen/env truthy sauf mention contraire,false/off sauf activation par scripts validés,Variable interne de contrôle du backend CUDA.,Ne se place pas dans params.kv; à passer dans l’environnement du shell ou dans les scripts de validation/démo. | 0426 : intégré au bloc fastflags Darcy pour éviter le backend collision/thermostat lent dans les cas chi/segments.,,doc/GPU_PATCH_0274_FUSED_STREAM_DEPOSIT.md;doc/README_0426_DARCY_FASTFLAGS.md;scripts/run_src_classic_cuda_darcy_chi_backward_step_0425.sh;scripts/run_src_classic_cuda_darcy_chi_lr_segments_0411.sh;scripts/run_src_classic_cuda_darcy_chi_naca_periodic_0414.sh;src/src_collision.cpp;src/src_mpcd_base.cpp,,src_mpcd_cuda_env_flags_0287.csv | src_mpcd_cuda_env_flags_0292.csv | src_mpcd_cuda_env_flags_0303_resampling.csv | src_mpcd_cuda_env_flags_0314_resampling.csv | src_mpcd_env_flags_inventory_consolidated_0365.csv + compléments Darcy/Brinkman/livevis 0411-0426
MPCD_CUDA_PERSISTENT_SRC_COLLISION_IMMERSED_CIRCLE_0284,CUDA solide immergé — cercle,validé 0286,booléen/env truthy sauf mention contraire,false/off sauf activation par scripts validés,Active/paramètre le support CUDA du cercle solide 0284.,Ne se place pas dans params.kv; à passer dans l’environnement du shell ou dans les scripts de validation/démo.,,doc/GPU_PATCH_0284_CUDA_IMMERSED_CIRCLE_PERIODIC.md;src/src_collision.cpp,,src_mpcd_cuda_env_flags_0287.csv | src_mpcd_cuda_env_flags_0292.csv | src_mpcd_cuda_env_flags_0303_resampling.csv | src_mpcd_cuda_env_flags_0314_resampling.csv
MPCD_CUDA_PERSISTENT_SRC_COLLISION_IMMERSED_RECT_0254,CUDA solide immergé — rectangle,interne/runtime,booléen/env truthy sauf mention contraire,false/off sauf activation par scripts validés,Active/paramètre le support CUDA rectangle/step.,Ne se place pas dans params.kv; à passer dans l’environnement du shell ou dans les scripts de validation/démo.,,doc/GPU_PATCH_0254.md,,src_mpcd_cuda_env_flags_0287.csv | src_mpcd_cuda_env_flags_0292.csv | src_mpcd_cuda_env_flags_0303_resampling.csv | src_mpcd_cuda_env_flags_0314_resampling.csv
MPCD_CUDA_PERSISTENT_SRC_COLLISION_KERNEL_BREAKDOWN_0324,CUDA collision SRC — profilage et synchronisation,présent état 36abd23; inventorié 0490p (0324),booléen/env truthy,false/off,Active ou règle le profilage détaillé des noyaux collision/thermostat.,"À passer dans l’environnement du shell, pas dans params.kv. Ligne ajoutée par comparaison exhaustive des appels getenv du code courant avec l’inventaire 0436b.",,src/cuda_persistent_mpcd_step.cu,,delta source 0437–0490p / branche surf commit 36abd23
MPCD_CUDA_PERSISTENT_SRC_COLLISION_KERNEL_BREAKDOWN_0324_FILE,CUDA collision SRC — profilage et synchronisation,présent état 36abd23; inventorié 0490p (0324),chaîne/chemin,cuda_persistent_kernel_breakdown_0324.csv,Définit le chemin du fichier de diagnostic associé.,"À passer dans l’environnement du shell, pas dans params.kv. Ligne ajoutée par comparaison exhaustive des appels getenv du code courant avec l’inventaire 0436b.",,src/cuda_persistent_mpcd_step.cu,,delta source 0437–0490p / branche surf commit 36abd23
MPCD_CUDA_PERSISTENT_SRC_COLLISION_KERNEL_BREAKDOWN_APPEND_0328,CUDA collision SRC — profilage et synchronisation,présent état 36abd23; inventorié 0490p (0328),booléen/env truthy,false/off,Active ou règle le profilage détaillé des noyaux collision/thermostat.,"À passer dans l’environnement du shell, pas dans params.kv. Ligne ajoutée par comparaison exhaustive des appels getenv du code courant avec l’inventaire 0436b.",,src/cuda_persistent_mpcd_step.cu,,delta source 0437–0490p / branche surf commit 36abd23
MPCD_CUDA_PERSISTENT_SRC_COLLISION_LAZY_KERNEL_CHECK_0273,CUDA collision SRC,réglage performance/interne | propagé scripts Darcy 0426,booléen/env truthy sauf mention contraire,false/off sauf activation par scripts validés,Variable interne de contrôle du backend CUDA.,Ne se place pas dans params.kv; à passer dans l’environnement du shell ou dans les scripts de validation/démo. | 0426 : intégré au bloc fastflags Darcy pour éviter le backend collision/thermostat lent dans les cas chi/segments.,,doc/GPU_PATCH_0273_COLLISION_WRAPPER_OVERHEAD.md;doc/GPU_PATCH_0274_FUSED_STREAM_DEPOSIT.md;doc/README_0426_DARCY_FASTFLAGS.md;scripts/run_src_classic_cuda_darcy_chi_backward_step_0425.sh;scripts/run_src_classic_cuda_darcy_chi_lr_segments_0411.sh;scripts/run_src_classic_cuda_darcy_chi_naca_periodic_0414.sh,,src_mpcd_cuda_env_flags_0287.csv | src_mpcd_cuda_env_flags_0292.csv | src_mpcd_cuda_env_flags_0303_resampling.csv | src_mpcd_cuda_env_flags_0314_resampling.csv | src_mpcd_env_flags_inventory_consolidated_0365.csv + compléments Darcy/Brinkman/livevis 0411-0426
MPCD_CUDA_PERSISTENT_SRC_COLLISION_MINIMAL_DOWNLOAD_0257,CUDA collision SRC,réglage performance/interne,booléen/env truthy sauf mention contraire,false/off sauf activation par scripts validés,Variable interne de contrôle du backend CUDA.,Ne se place pas dans params.kv; à passer dans l’environnement du shell ou dans les scripts de validation/démo.,,doc/GPU_PATCH_0257.md;doc/GPU_PATCH_0261.md,,src_mpcd_cuda_env_flags_0287.csv | src_mpcd_cuda_env_flags_0292.csv | src_mpcd_cuda_env_flags_0303_resampling.csv | src_mpcd_cuda_env_flags_0314_resampling.csv
MPCD_CUDA_PERSISTENT_SRC_COLLISION_PISTON_0255,CUDA SRC classic — piston/mobile wall,interne/runtime,booléen/env truthy sauf mention contraire,false/off sauf activation par scripts validés,Variable interne de contrôle du backend CUDA.,Ne se place pas dans params.kv; à passer dans l’environnement du shell ou dans les scripts de validation/démo.,,doc/GPU_PATCH_0255.md,,src_mpcd_cuda_env_flags_0287.csv | src_mpcd_cuda_env_flags_0292.csv | src_mpcd_cuda_env_flags_0303_resampling.csv | src_mpcd_cuda_env_flags_0314_resampling.csv
MPCD_CUDA_PERSISTENT_SRC_COLLISION_SHARED_0251,État particulaire CUDA partagé,interne/runtime | existant; réutilisé 0334/0337,booléen/env truthy,false/off sauf chemin résident,Active/réutilise l’état particulaire CUDA partagé pour les étapes SRC résidentes.,"Ne se place pas dans params.kv; à passer dans l’environnement du shell ou dans les scripts de validation/démo. | Base du chemin resident et du live renderer CUDA; la fraîcheur après resampling doit être traitée avec prudence. | 0338c: pour wall+circle 0318 + minimal-download, src_collision peut autoriser le pont shared-state/thermostat 0251 afin de consommer l’état GPU frais produit par immersed_circle, sans ré-upload particulaire privé.",,doc/GPU_PATCH_0252.md;doc/GPU_PATCH_0261.md;doc/GPU_PATCH_0280B_CUDA_THERMOSTAT_IO_SEGMENTED_RUNNERFIX.md;src/cuda_live_field_0337.cu;src/cuda_shared_particle_state_0251.cpp;src/main_src_mpcd_base.cpp,,src_mpcd_cuda_env_flags_0287.csv | src_mpcd_cuda_env_flags_0292.csv | src_mpcd_cuda_env_flags_0303_resampling.csv | src_mpcd_cuda_env_flags_0314_resampling.csv | src_mpcd_cuda_env_flags_added_0331_to_0337_livevis.csv | src_mpcd_cuda_livevis_inventory_0314_to_0339a.csv | src_mpcd_cuda_livevis_inventory_0314_to_0342a.csv | src_mpcd_cuda_resampling_env_flags_delta_0314_to_0337_livevis.csv
MPCD_CUDA_PERSISTENT_SRC_COLLISION_SHARED_0251_STRICT,CUDA collision SRC,debug/comparaison,booléen/env truthy sauf mention contraire,souvent true dans validateurs; dépend du module,Active le mode strict: erreur si le chemin CUDA demandé ne s’applique pas.,Ne se place pas dans params.kv; à passer dans l’environnement du shell ou dans les scripts de validation/démo.,,doc/GPU_PATCH_0252.md,,src_mpcd_cuda_env_flags_0287.csv | src_mpcd_cuda_env_flags_0292.csv | src_mpcd_cuda_env_flags_0303_resampling.csv | src_mpcd_cuda_env_flags_0314_resampling.csv
MPCD_CUDA_PERSISTENT_SRC_COLLISION_SKIP_FINAL_SYNC_0272,CUDA collision SRC,réglage performance/interne | propagé scripts Darcy 0426,booléen/env truthy sauf mention contraire,false/off sauf activation par scripts validés,Variable interne de contrôle du backend CUDA.,Ne se place pas dans params.kv; à passer dans l’environnement du shell ou dans les scripts de validation/démo. | 0426 : intégré au bloc fastflags Darcy pour éviter le backend collision/thermostat lent dans les cas chi/segments.,,doc/GPU_PATCH_0272_COLLISION_OVERHEAD.md;doc/GPU_PATCH_0274_FUSED_STREAM_DEPOSIT.md;doc/README_0426_DARCY_FASTFLAGS.md;scripts/run_src_classic_cuda_darcy_chi_backward_step_0425.sh;scripts/run_src_classic_cuda_darcy_chi_lr_segments_0411.sh;scripts/run_src_classic_cuda_darcy_chi_naca_periodic_0414.sh,,src_mpcd_cuda_env_flags_0287.csv | src_mpcd_cuda_env_flags_0292.csv | src_mpcd_cuda_env_flags_0303_resampling.csv | src_mpcd_cuda_env_flags_0314_resampling.csv | src_mpcd_env_flags_inventory_consolidated_0365.csv + compléments Darcy/Brinkman/livevis 0411-0426
MPCD_CUDA_PERSISTENT_SRC_COLLISION_SKIP_HOST_CELLID_FILL_0327,CUDA collision SRC résidente — réduction transferts hôte,ajout 0327; propagé Darcy 0426,booléen/env truthy,1,Évite le remplissage hôte des cell-id lorsque le chemin résident peut réutiliser les métadonnées.,Fastflag 0426 pour scripts Darcy ; réduire upload/setup dans les cas chi/segments.,,doc/README_0426_DARCY_FASTFLAGS.md;scripts/run_src_classic_cuda_darcy_chi_backward_step_0425.sh;scripts/run_src_classic_cuda_darcy_chi_lr_segments_0411.sh;scripts/run_src_classic_cuda_darcy_chi_naca_periodic_0414.sh,,src_mpcd_env_flags_inventory_consolidated_0365.csv + compléments Darcy/Brinkman/livevis 0411-0426
MPCD_CUDA_PERSISTENT_SRC_COLLISION_SKIP_SETUP_SYNC_0273,CUDA collision SRC,réglage performance/interne | propagé scripts Darcy 0426,booléen/env truthy sauf mention contraire,false/off sauf activation par scripts validés,Variable interne de contrôle du backend CUDA.,Ne se place pas dans params.kv; à passer dans l’environnement du shell ou dans les scripts de validation/démo. | 0426 : intégré au bloc fastflags Darcy pour éviter le backend collision/thermostat lent dans les cas chi/segments.,,doc/GPU_PATCH_0273_COLLISION_WRAPPER_OVERHEAD.md;doc/GPU_PATCH_0274_FUSED_STREAM_DEPOSIT.md;doc/README_0426_DARCY_FASTFLAGS.md;scripts/run_src_classic_cuda_darcy_chi_backward_step_0425.sh;scripts/run_src_classic_cuda_darcy_chi_lr_segments_0411.sh;scripts/run_src_classic_cuda_darcy_chi_naca_periodic_0414.sh,,src_mpcd_cuda_env_flags_0287.csv | src_mpcd_cuda_env_flags_0292.csv | src_mpcd_cuda_env_flags_0303_resampling.csv | src_mpcd_cuda_env_flags_0314_resampling.csv | src_mpcd_env_flags_inventory_consolidated_0365.csv + compléments Darcy/Brinkman/livevis 0411-0426
MPCD_CUDA_PERSISTENT_SRC_COLLISION_SKIP_WALL_VP_DIAG_0319,CUDA collision SRC résidente — diagnostic wallVP,ajout 0319; propagé Darcy 0426,booléen/env truthy,1,Désactive le diagnostic wallVP coûteux dans les chemins où il n’est pas requis.,Fastflag 0426 pour scripts Darcy ; utile pour éviter le bloc géométrique/VP inutile pendant les démos Darcy.,,doc/README_0426_DARCY_FASTFLAGS.md;scripts/run_src_classic_cuda_darcy_chi_backward_step_0425.sh;scripts/run_src_classic_cuda_darcy_chi_lr_segments_0411.sh;scripts/run_src_classic_cuda_darcy_chi_naca_periodic_0414.sh,,src_mpcd_env_flags_inventory_consolidated_0365.csv + compléments Darcy/Brinkman/livevis 0411-0426
MPCD_CUDA_PERSISTENT_SRC_COLLISION_SKIP_WORKSPACE_DOWNLOAD_0272,CUDA collision SRC,réglage performance/interne | propagé scripts Darcy 0426,booléen/env truthy sauf mention contraire,false/off sauf activation par scripts validés,Variable interne de contrôle du backend CUDA.,Ne se place pas dans params.kv; à passer dans l’environnement du shell ou dans les scripts de validation/démo. | 0426 : intégré au bloc fastflags Darcy pour éviter le backend collision/thermostat lent dans les cas chi/segments.,,doc/GPU_PATCH_0272B_COLLISION_CELLCOUNT_FIX.md;doc/GPU_PATCH_0272_COLLISION_OVERHEAD.md;doc/GPU_PATCH_0274_FUSED_STREAM_DEPOSIT.md;doc/README_0426_DARCY_FASTFLAGS.md;scripts/run_src_classic_cuda_darcy_chi_backward_step_0425.sh;scripts/run_src_classic_cuda_darcy_chi_lr_segments_0411.sh;scripts/run_src_classic_cuda_darcy_chi_naca_periodic_0414.sh,,src_mpcd_cuda_env_flags_0287.csv | src_mpcd_cuda_env_flags_0292.csv | src_mpcd_cuda_env_flags_0303_resampling.csv | src_mpcd_cuda_env_flags_0314_resampling.csv | src_mpcd_env_flags_inventory_consolidated_0365.csv + compléments Darcy/Brinkman/livevis 0411-0426
MPCD_CUDA_PERSISTENT_SRC_COLLISION_STRICT,CUDA collision SRC,debug/comparaison,booléen/env truthy sauf mention contraire,souvent true dans validateurs; dépend du module,Active le mode strict: erreur si le chemin CUDA demandé ne s’applique pas.,Ne se place pas dans params.kv; à passer dans l’environnement du shell ou dans les scripts de validation/démo.,,,,src_mpcd_cuda_env_flags_0287.csv | src_mpcd_cuda_env_flags_0292.csv | src_mpcd_cuda_env_flags_0303_resampling.csv | src_mpcd_cuda_env_flags_0314_resampling.csv
MPCD_CUDA_PERSISTENT_SRC_COLLISION_USE,CUDA collision SRC,interne/runtime,booléen/env truthy sauf mention contraire,false/off sauf activation par scripts validés,Variable interne de contrôle du backend CUDA.,Ne se place pas dans params.kv; à passer dans l’environnement du shell ou dans les scripts de validation/démo.,,doc/GPU_PATCH_0244.md;doc/GPU_PATCH_0252.md;doc/GPU_PATCH_0280B_CUDA_THERMOSTAT_IO_SEGMENTED_RUNNERFIX.md,,src_mpcd_cuda_env_flags_0287.csv | src_mpcd_cuda_env_flags_0292.csv | src_mpcd_cuda_env_flags_0303_resampling.csv | src_mpcd_cuda_env_flags_0314_resampling.csv
MPCD_CUDA_PERSISTENT_SRC_COLLISION_WALL_SIMPLE_0253,CUDA collision SRC,interne/runtime,booléen/env truthy sauf mention contraire,false/off sauf activation par scripts validés,Variable interne de contrôle du backend CUDA.,Ne se place pas dans params.kv; à passer dans l’environnement du shell ou dans les scripts de validation/démo.,,doc/GPU_PATCH_0253.md;doc/GPU_PATCH_0280B_CUDA_THERMOSTAT_IO_SEGMENTED_RUNNERFIX.md,,src_mpcd_cuda_env_flags_0287.csv | src_mpcd_cuda_env_flags_0292.csv | src_mpcd_cuda_env_flags_0303_resampling.csv | src_mpcd_cuda_env_flags_0314_resampling.csv
MPCD_CUDA_PERSISTENT_SRC_THERMOSTAT_CONSUME_STRICT,CUDA thermostat,debug/comparaison,booléen/env truthy sauf mention contraire,souvent true dans validateurs; dépend du module,Active le mode strict: erreur si le chemin CUDA demandé ne s’applique pas.,Ne se place pas dans params.kv; à passer dans l’environnement du shell ou dans les scripts de validation/démo.,,,,src_mpcd_cuda_env_flags_0287.csv | src_mpcd_cuda_env_flags_0292.csv | src_mpcd_cuda_env_flags_0303_resampling.csv | src_mpcd_cuda_env_flags_0314_resampling.csv
MPCD_CUDA_PERSISTENT_SRC_THERMOSTAT_DISABLE_SKIP_VELOCITY_DOWNLOAD_0315F,CUDA collision SRC — profilage et synchronisation,présent état 36abd23; inventorié 0490p (0315f),booléen/env truthy,false/off,Désactive explicitement l’optimisation ou le diagnostic nommé pour audit/non-régression.,"À passer dans l’environnement du shell, pas dans params.kv. Ligne ajoutée par comparaison exhaustive des appels getenv du code courant avec l’inventaire 0436b.",,src/cuda_persistent_mpcd_step.cu,,delta source 0437–0490p / branche surf commit 36abd23
MPCD_CUDA_PERSISTENT_SRC_THERMOSTAT_SHARED_0251_0260,CUDA thermostat,validé 0286,booléen/env truthy sauf mention contraire,false/off sauf activation par scripts validés,Consomme l’état particulaire partagé pour le thermostat fusionné.,Ne se place pas dans params.kv; à passer dans l’environnement du shell ou dans les scripts de validation/démo. | Ne se place pas dans params.kv; à passer dans l’environnement du shell ou dans les scripts de validation/démo. 0291b: ce flag choisit seulement le backend/chemin CUDA; thermostatEnable=false dans params.kv désactive physiquement le thermostat même si ce flag vaut 1.,thermostatEnable,doc/GPU_PATCH_0260.md;doc/GPU_PATCH_0280B_CUDA_THERMOSTAT_IO_SEGMENTED_RUNNERFIX.md;doc/GPU_PATCH_0280_CUDA_THERMOSTAT_IO_SEGMENTED.md;doc/GPU_PATCH_0291B_THERMOSTAT_ENABLE_GATE.md,,src_mpcd_cuda_env_flags_0287.csv | src_mpcd_cuda_env_flags_0292.csv | src_mpcd_cuda_env_flags_0303_resampling.csv | src_mpcd_cuda_env_flags_0314_resampling.csv
MPCD_CUDA_PERSISTENT_SRC_THERMOSTAT_SHARED_0251_0260_STRICT,CUDA thermostat,validé 0286,booléen/env truthy sauf mention contraire,souvent true dans validateurs; dépend du module,Consomme l’état particulaire partagé pour le thermostat fusionné.,Ne se place pas dans params.kv; à passer dans l’environnement du shell ou dans les scripts de validation/démo.,,src/src_collision.cpp,,src_mpcd_cuda_env_flags_0287.csv | src_mpcd_cuda_env_flags_0292.csv | src_mpcd_cuda_env_flags_0303_resampling.csv | src_mpcd_cuda_env_flags_0314_resampling.csv
MPCD_CUDA_PERSISTENT_SRC_THERMOSTAT_STRICT,CUDA thermostat,debug/comparaison,booléen/env truthy sauf mention contraire,souvent true dans validateurs; dépend du module,Active le mode strict: erreur si le chemin CUDA demandé ne s’applique pas.,Ne se place pas dans params.kv; à passer dans l’environnement du shell ou dans les scripts de validation/démo.,,,,src_mpcd_cuda_env_flags_0287.csv | src_mpcd_cuda_env_flags_0292.csv | src_mpcd_cuda_env_flags_0303_resampling.csv | src_mpcd_cuda_env_flags_0314_resampling.csv
MPCD_CUDA_PERSISTENT_SRC_THERMOSTAT_USE,CUDA thermostat,validé 0286,booléen/env truthy sauf mention contraire,false/off sauf activation par scripts validés,Active le thermostat CUDA persistant/fusionné selon le chemin.,Ne se place pas dans params.kv; à passer dans l’environnement du shell ou dans les scripts de validation/démo. | Ne se place pas dans params.kv; à passer dans l’environnement du shell ou dans les scripts de validation/démo. 0291b: ce flag choisit seulement le backend/chemin CUDA; thermostatEnable=false dans params.kv désactive physiquement le thermostat même si ce flag vaut 1.,thermostatEnable,doc/GPU_PATCH_0244.md;doc/GPU_PATCH_0278_CUDA_THERMOSTAT_PISTON.md;doc/GPU_PATCH_0280B_CUDA_THERMOSTAT_IO_SEGMENTED_RUNNERFIX.md;doc/GPU_PATCH_0280C_CUDA_THERMOSTAT_IO_RESIDENT_SUPPORT.md;doc/GPU_PATCH_0291B_THERMOSTAT_ENABLE_GATE.md,,src_mpcd_cuda_env_flags_0287.csv | src_mpcd_cuda_env_flags_0292.csv | src_mpcd_cuda_env_flags_0303_resampling.csv | src_mpcd_cuda_env_flags_0314_resampling.csv
MPCD_CUDA_PERSISTENT_THREADS_PER_BLOCK,Autres variables internes,réglage performance/interne | propagé scripts Darcy 0426,entier,256 le plus souvent,Nombre de threads CUDA par bloc pour le noyau associé.,Ne se place pas dans params.kv; à passer dans l’environnement du shell ou dans les scripts de validation/démo. | 0426 : intégré au bloc fastflags Darcy pour éviter le backend collision/thermostat lent dans les cas chi/segments.,,doc/README_0426_DARCY_FASTFLAGS.md;scripts/run_src_classic_cuda_darcy_chi_backward_step_0425.sh;scripts/run_src_classic_cuda_darcy_chi_lr_segments_0411.sh;scripts/run_src_classic_cuda_darcy_chi_naca_periodic_0414.sh,,src_mpcd_cuda_env_flags_0287.csv | src_mpcd_cuda_env_flags_0292.csv | src_mpcd_cuda_env_flags_0303_resampling.csv | src_mpcd_cuda_env_flags_0314_resampling.csv | src_mpcd_env_flags_inventory_consolidated_0365.csv + compléments Darcy/Brinkman/livevis 0411-0426
MPCD_CUDA_PRIMARY_KEEP_TEMP,Backend principal,interne/runtime,booléen/env truthy sauf mention contraire,false/off sauf activation par scripts validés,Variable interne de contrôle du backend CUDA.,Ne se place pas dans params.kv; à passer dans l’environnement du shell ou dans les scripts de validation/démo.,,doc/GPU_PATCH_0275_CUDA_PRIMARY_BACKEND.md,,src_mpcd_cuda_env_flags_0287.csv | src_mpcd_cuda_env_flags_0292.csv | src_mpcd_cuda_env_flags_0303_resampling.csv | src_mpcd_cuda_env_flags_0314_resampling.csv
MPCD_CUDA_PRIMARY_VERBOSE,Backend principal,interne/runtime,booléen/env truthy sauf mention contraire,false/off sauf activation par scripts validés,Variable interne de contrôle du backend CUDA.,Ne se place pas dans params.kv; à passer dans l’environnement du shell ou dans les scripts de validation/démo.,,doc/GPU_PATCH_0275_CUDA_PRIMARY_BACKEND.md,,src_mpcd_cuda_env_flags_0287.csv | src_mpcd_cuda_env_flags_0292.csv | src_mpcd_cuda_env_flags_0303_resampling.csv | src_mpcd_cuda_env_flags_0314_resampling.csv
MPCD_CUDA_Q6_DEBUG_SYNC,CUDA Q6 — prototype/chantiers futurs,debug/comparaison,booléen/env truthy sauf mention contraire,false/off sauf activation par scripts validés,Contrôle les prototypes CUDA Q6; Q6 CUDA reste un chantier séparé.,Ne se place pas dans params.kv; à passer dans l’environnement du shell ou dans les scripts de validation/démo.,,,,src_mpcd_cuda_env_flags_0287.csv | src_mpcd_cuda_env_flags_0292.csv | src_mpcd_cuda_env_flags_0303_resampling.csv | src_mpcd_cuda_env_flags_0314_resampling.csv
MPCD_CUDA_Q6_DEVICE_SCALAR_BATCH,CUDA Q6 — prototype/chantiers futurs,"prototype/préservé, hors jalon SRC classic 0286",booléen/env truthy sauf mention contraire,false/off sauf activation par scripts validés,Contrôle les prototypes CUDA Q6; Q6 CUDA reste un chantier séparé.,Ne se place pas dans params.kv; à passer dans l’environnement du shell ou dans les scripts de validation/démo.,,,,src_mpcd_cuda_env_flags_0287.csv | src_mpcd_cuda_env_flags_0292.csv | src_mpcd_cuda_env_flags_0303_resampling.csv | src_mpcd_cuda_env_flags_0314_resampling.csv
MPCD_CUDA_Q6_DEVICE_SCALAR_CG,CUDA Q6 — prototype/chantiers futurs,"prototype/préservé, hors jalon SRC classic 0286",booléen/env truthy sauf mention contraire,false/off sauf activation par scripts validés,Contrôle les prototypes CUDA Q6; Q6 CUDA reste un chantier séparé.,Ne se place pas dans params.kv; à passer dans l’environnement du shell ou dans les scripts de validation/démo.,,,,src_mpcd_cuda_env_flags_0287.csv | src_mpcd_cuda_env_flags_0292.csv | src_mpcd_cuda_env_flags_0303_resampling.csv | src_mpcd_cuda_env_flags_0314_resampling.csv
MPCD_CUDA_Q6_DEVICE_SCALAR_REDUCTION,CUDA Q6 — prototype/chantiers futurs,"prototype/préservé, hors jalon SRC classic 0286",booléen/env truthy sauf mention contraire,false/off sauf activation par scripts validés,Contrôle les prototypes CUDA Q6; Q6 CUDA reste un chantier séparé.,Ne se place pas dans params.kv; à passer dans l’environnement du shell ou dans les scripts de validation/démo.,,,,src_mpcd_cuda_env_flags_0287.csv | src_mpcd_cuda_env_flags_0292.csv | src_mpcd_cuda_env_flags_0303_resampling.csv | src_mpcd_cuda_env_flags_0314_resampling.csv
MPCD_CUDA_Q6_DISABLE_PLAN_CACHE,CUDA Q6 — prototype/chantiers futurs,"prototype/préservé, hors jalon SRC classic 0286",booléen/env truthy sauf mention contraire,false/off,Contrôle les prototypes CUDA Q6; Q6 CUDA reste un chantier séparé.,Ne se place pas dans params.kv; à passer dans l’environnement du shell ou dans les scripts de validation/démo.,,,,src_mpcd_cuda_env_flags_0287.csv | src_mpcd_cuda_env_flags_0292.csv | src_mpcd_cuda_env_flags_0303_resampling.csv | src_mpcd_cuda_env_flags_0314_resampling.csv
MPCD_CUDA_Q6_HOST_BLOCK_SUM,CUDA Q6 — prototype/chantiers futurs,"prototype/préservé, hors jalon SRC classic 0286",booléen/env truthy sauf mention contraire,false/off sauf activation par scripts validés,Contrôle les prototypes CUDA Q6; Q6 CUDA reste un chantier séparé.,Ne se place pas dans params.kv; à passer dans l’environnement du shell ou dans les scripts de validation/démo.,,,,src_mpcd_cuda_env_flags_0287.csv | src_mpcd_cuda_env_flags_0292.csv | src_mpcd_cuda_env_flags_0303_resampling.csv | src_mpcd_cuda_env_flags_0314_resampling.csv
MPCD_CUDA_Q6_LEGACY_HOST_SCALAR_CG,CUDA Q6 — prototype/chantiers futurs,debug/comparaison,booléen/env truthy sauf mention contraire,false/off sauf activation par scripts validés,Contrôle les prototypes CUDA Q6; Q6 CUDA reste un chantier séparé.,Ne se place pas dans params.kv; à passer dans l’environnement du shell ou dans les scripts de validation/démo.,,,,src_mpcd_cuda_env_flags_0287.csv | src_mpcd_cuda_env_flags_0292.csv | src_mpcd_cuda_env_flags_0303_resampling.csv | src_mpcd_cuda_env_flags_0314_resampling.csv
MPCD_CUDA_Q6_LEGACY_MEAN_REMOVAL_RESIDUAL_NORM,CUDA Q6 — prototype/chantiers futurs,debug/comparaison,booléen/env truthy sauf mention contraire,false/off sauf activation par scripts validés,Contrôle les prototypes CUDA Q6; Q6 CUDA reste un chantier séparé.,Ne se place pas dans params.kv; à passer dans l’environnement du shell ou dans les scripts de validation/démo.,,,,src_mpcd_cuda_env_flags_0287.csv | src_mpcd_cuda_env_flags_0292.csv | src_mpcd_cuda_env_flags_0303_resampling.csv | src_mpcd_cuda_env_flags_0314_resampling.csv
MPCD_CUDA_Q6_RESIDENT_0400,CUDA Q6 résident 0400–0409,présent état 36abd23; inventorié 0490p (0400),booléen/env truthy,false/off,Active le backend Q6 CUDA résident lorsque projectionEnable=true et projectionBackend=cuda.,"À passer dans l’environnement du shell, pas dans params.kv. Ligne ajoutée par comparaison exhaustive des appels getenv du code courant avec l’inventaire 0436b. | 0493w7: le mode speciesQ6Mode=independent_masked réutilise ce chemin Q6 résident; aucun nouvel env flag Q6 spécifique n’est requis.",projectionBackend;projectionEnable;speciesQ6Mode,doc/README_0493W7_INDEPENDENT_MASKED_Q6_MULTIBC.md;src/cuda_classic_src_io_resident_0263.cu;src/src_mpcd_base.cpp,,delta source 0437–0490p / branche surf commit 36abd23 | mise à jour 0493w7–0493w8 / commit caa5b6b
MPCD_CUDA_Q6_RESIDENT_SINGLE_BLOCK_CG_0407,CUDA Q6 résident 0400–0409,présent; politique de qualification précisée 0493x7q/x7i,booléen/auto,"auto backend; x7i: 1 Q6 legacy petits cas, 0 Q6-g-f et grand IO","Force ou interdit le solveur CG mono-bloc 0407. Dans la campagne finale, Q6-g-f le désactive pour utiliser x7j coopératif; Q6 legacy le garde sur les domaines <=65536 cellules.",Gate d’exécution uniquement. x7i choisit le réglage par mode afin de ne pas pénaliser la référence src-q6; same-face IO 300x300 utilise 0 côté legacy en raison de la taille.,,scripts/run_0493x7i_q6_g_f_physical_qualification.sh;src/cuda_q6_resident_0400.cu,x7f;x7i;x7j;x7q,mise à jour 0493x7f–0493x7q / Q6-g-f
MPCD_CUDA_Q6_RESIDENT_SINGLE_BLOCK_CG_MAX_CELLS_0407,CUDA Q6 résident 0400–0409,présent état 36abd23; inventorié 0490p (0407),entier,65536,Seuil de cellules du choix automatique du CG mono-bloc.,"À passer dans l’environnement du shell, pas dans params.kv. Ligne ajoutée par comparaison exhaustive des appels getenv du code courant avec l’inventaire 0436b.",,src/cuda_q6_resident_0400.cu,,delta source 0437–0490p / branche surf commit 36abd23
MPCD_CUDA_Q6_RESIDENT_SKIP_STEP_BOUNDARY_SYNC_0400,CUDA Q6 résident 0400–0409,présent état 36abd23; inventorié 0490p (0400),booléen/env truthy,false/off,Supprime la synchronisation de frontière de pas lorsqu’aucun consommateur hôte ne l’exige.,"À passer dans l’environnement du shell, pas dans params.kv. Ligne ajoutée par comparaison exhaustive des appels getenv du code courant avec l’inventaire 0436b.",,src/src_mpcd_base.cpp,,delta source 0437–0490p / branche surf commit 36abd23
MPCD_CUDA_Q6_RESIDENT_SRC_IO_FULLFACE_0404,CUDA Q6 résident 0400–0409,présent état 36abd23; inventorié 0490p (0404),booléen/env truthy,false/off,Autorise le chemin Q6 résident avec inlet/outlet full-face compatible.,"À passer dans l’environnement du shell, pas dans params.kv. Ligne ajoutée par comparaison exhaustive des appels getenv du code courant avec l’inventaire 0436b. | 0493w7: le mode speciesQ6Mode=independent_masked réutilise ce chemin Q6 résident; aucun nouvel env flag Q6 spécifique n’est requis.",speciesQ6Mode,doc/README_0493W7_INDEPENDENT_MASKED_Q6_MULTIBC.md;src/cuda_classic_src_io_resident_0263.cu;src/src_mpcd_base.cpp,,delta source 0437–0490p / branche surf commit 36abd23 | mise à jour 0493w7–0493w8 / commit caa5b6b
MPCD_CUDA_Q6_RESIDENT_SRC_IO_SEGMENTED_0409,CUDA Q6 résident 0400–0409,présent état 36abd23; inventorié 0490p (0409),booléen/env truthy,false/off,Autorise le chemin Q6 résident avec segments inlet/outlet compatibles.,"À passer dans l’environnement du shell, pas dans params.kv. Ligne ajoutée par comparaison exhaustive des appels getenv du code courant avec l’inventaire 0436b. | 0493w7: le mode speciesQ6Mode=independent_masked réutilise ce chemin Q6 résident; aucun nouvel env flag Q6 spécifique n’est requis.",speciesQ6Mode,doc/README_0493W7_INDEPENDENT_MASKED_Q6_MULTIBC.md;src/cuda_classic_src_io_resident_0263.cu;src/cuda_q6_resident_0400.cu;src/src_mpcd_base.cpp,,delta source 0437–0490p / branche surf commit 36abd23 | mise à jour 0493w7–0493w8 / commit caa5b6b
MPCD_CUDA_Q6_RESIDENT_SRC_STEP_0401,CUDA Q6 résident 0400–0409,présent état 36abd23; inventorié 0490p (0401),booléen/env truthy,false/off,Active la chaîne SRC+Q6 résidente expérimentale pour le cas périodique/step compatible.,"À passer dans l’environnement du shell, pas dans params.kv. Ligne ajoutée par comparaison exhaustive des appels getenv du code courant avec l’inventaire 0436b. | 0493w7: le mode speciesQ6Mode=independent_masked réutilise ce chemin Q6 résident; aucun nouvel env flag Q6 spécifique n’est requis.",speciesQ6Mode,doc/README_0493W7_INDEPENDENT_MASKED_Q6_MULTIBC.md;src/src_mpcd_base.cpp,,delta source 0437–0490p / branche surf commit 36abd23 | mise à jour 0493w7–0493w8 / commit caa5b6b
MPCD_CUDA_Q6_RESIDENT_SRC_WALL_STEP_0402,CUDA Q6 résident 0400–0409,présent état 36abd23; inventorié 0490p (0402),booléen/env truthy,false/off,Active la chaîne SRC+Q6 résidente pour les configurations wall/step compatibles.,"À passer dans l’environnement du shell, pas dans params.kv. Ligne ajoutée par comparaison exhaustive des appels getenv du code courant avec l’inventaire 0436b. | 0493w7: le mode speciesQ6Mode=independent_masked réutilise ce chemin Q6 résident; aucun nouvel env flag Q6 spécifique n’est requis.",speciesQ6Mode,doc/README_0493W7_INDEPENDENT_MASKED_Q6_MULTIBC.md;src/src_mpcd_base.cpp,,delta source 0437–0490p / branche surf commit 36abd23 | mise à jour 0493w7–0493w8 / commit caa5b6b
MPCD_CUDA_Q6_RESIDENT_STRICT_0400,CUDA Q6 résident 0400–0409,présent état 36abd23; inventorié 0490p (0400),booléen/env truthy,false/off,Rend fatal tout refus ou fallback du chemin Q6 résident demandé.,"À passer dans l’environnement du shell, pas dans params.kv. Ligne ajoutée par comparaison exhaustive des appels getenv du code courant avec l’inventaire 0436b. | 0493w7: le mode speciesQ6Mode=independent_masked réutilise ce chemin Q6 résident; aucun nouvel env flag Q6 spécifique n’est requis.",speciesQ6Mode,doc/README_0493W7_INDEPENDENT_MASKED_Q6_MULTIBC.md;src/src_mpcd_base.cpp,,delta source 0437–0490p / branche surf commit 36abd23 | mise à jour 0493w7–0493w8 / commit caa5b6b
MPCD_CUDA_Q6_RESIDENT_THERMOSTAT_0400,CUDA Q6 résident 0400–0409,présent état 36abd23; inventorié 0490p (0400),booléen/env truthy,false/off,Active le thermostat associé au backend Q6 résident.,"À passer dans l’environnement du shell, pas dans params.kv. Ligne ajoutée par comparaison exhaustive des appels getenv du code courant avec l’inventaire 0436b. | 0493w7: le mode speciesQ6Mode=independent_masked réutilise ce chemin Q6 résident; aucun nouvel env flag Q6 spécifique n’est requis.",speciesQ6Mode,doc/README_0493W7_INDEPENDENT_MASKED_Q6_MULTIBC.md;src/cuda_q6_resident_0400.cu,,delta source 0437–0490p / branche surf commit 36abd23 | mise à jour 0493w7–0493w8 / commit caa5b6b
MPCD_CUDA_Q6_RESIDENT_WARM_START_0408,CUDA Q6 résident 0400–0409,présent état 36abd23; inventorié 0490p (0408),booléen/env truthy,false/off,Réutilise la solution Q6 précédente comme initialisation du solveur résident.,"À passer dans l’environnement du shell, pas dans params.kv. Ligne ajoutée par comparaison exhaustive des appels getenv du code courant avec l’inventaire 0436b.",,src/cuda_q6_resident_0400.cu,,delta source 0437–0490p / branche surf commit 36abd23
MPCD_CUDA_Q6_RESIDUAL_NORM_SHORTCUT,CUDA Q6 — prototype/chantiers futurs,"prototype/préservé, hors jalon SRC classic 0286",booléen/env truthy sauf mention contraire,false/off sauf activation par scripts validés,Contrôle les prototypes CUDA Q6; Q6 CUDA reste un chantier séparé.,Ne se place pas dans params.kv; à passer dans l’environnement du shell ou dans les scripts de validation/démo.,,,,src_mpcd_cuda_env_flags_0287.csv | src_mpcd_cuda_env_flags_0292.csv | src_mpcd_cuda_env_flags_0303_resampling.csv | src_mpcd_cuda_env_flags_0314_resampling.csv
MPCD_CUDA_Q6_TIMING,CUDA Q6 — prototype/chantiers futurs,diagnostic/profilage,booléen/env truthy sauf mention contraire,false/off,Contrôle les prototypes CUDA Q6; Q6 CUDA reste un chantier séparé.,Ne se place pas dans params.kv; à passer dans l’environnement du shell ou dans les scripts de validation/démo.,,,,src_mpcd_cuda_env_flags_0287.csv | src_mpcd_cuda_env_flags_0292.csv | src_mpcd_cuda_env_flags_0303_resampling.csv | src_mpcd_cuda_env_flags_0314_resampling.csv
MPCD_CUDA_RESAMPLING_ACTIVE_PREFIX_DOWNLOAD_0472,CUDA état résident / active-prefix — audit et compatibilité,présent état 36abd23; inventorié 0490p (0472),booléen/env truthy,false/off,Télécharge explicitement le préfixe actif après commit lorsque requis.,"À passer dans l’environnement du shell, pas dans params.kv. Ligne ajoutée par comparaison exhaustive des appels getenv du code courant avec l’inventaire 0436b.",,src/cuda_resampling_pipeline_shadow_0445.cu,,delta source 0437–0490p / branche surf commit 36abd23
MPCD_CUDA_RESAMPLING_ADAPTIVE_FLAG_0304,"CUDA resampling post-SRC — diagnostics, split-safety et optimisation inactive",ajout 0304,booléen/env truthy,false/off,Active le diagnostic post-SRC de support faible/vide sur grille physique non shiftée.,Écrit/complète cuda_resampling_adaptive_flag_0304.csv; diagnostic passif.,,src/cuda_classic_src_io_resident_0263.cu,,src_mpcd_cuda_env_flags_0314_resampling.csv | src_mpcd_cuda_livevis_inventory_0314_to_0339a.csv | src_mpcd_cuda_livevis_inventory_0314_to_0342a.csv | src_mpcd_cuda_resampling_env_flags_delta_0314.csv | src_mpcd_cuda_resampling_env_flags_delta_0314_to_0337_livevis.csv
MPCD_CUDA_RESAMPLING_ADAPTIVE_FLAG_0304_EVERY,"CUDA resampling post-SRC — diagnostics, split-safety et optimisation inactive",ajout 0304,entier,1 à 20 selon script,Cadence du diagnostic flag 0304.,"Plus la cadence est faible, plus la détection low-N/empty est fréquente.",,src/cuda_classic_src_io_resident_0263.cu,,src_mpcd_cuda_env_flags_0314_resampling.csv | src_mpcd_cuda_livevis_inventory_0314_to_0339a.csv | src_mpcd_cuda_livevis_inventory_0314_to_0342a.csv | src_mpcd_cuda_resampling_env_flags_delta_0314.csv | src_mpcd_cuda_resampling_env_flags_delta_0314_to_0337_livevis.csv
MPCD_CUDA_RESAMPLING_ADAPTIVE_FLAG_0304_THREADS,CUDA resampling post-SRC — compléments 0295–0319,présent état 36abd23; inventorié 0490p (0304),entier,256,Règle le nombre de threads CUDA par bloc du noyau associé.,"À passer dans l’environnement du shell, pas dans params.kv. Ligne ajoutée par comparaison exhaustive des appels getenv du code courant avec l’inventaire 0436b.",,src/cuda_resampling_adaptive_flag_0304.cu,,delta source 0437–0490p / branche surf commit 36abd23
MPCD_CUDA_RESAMPLING_ADAPTIVE_FLAG_0304_TRIGGER_EMPTY,"CUDA resampling post-SRC — diagnostics, split-safety et optimisation inactive",ajout 0304,booléen/env truthy,true dans les diagnostics,Active la détection des cellules humides vides.,Utile comme brique commune pour guard adaptatif ou refill futur.,,src/cuda_classic_src_io_resident_0263.cu,,src_mpcd_cuda_env_flags_0314_resampling.csv | src_mpcd_cuda_livevis_inventory_0314_to_0339a.csv | src_mpcd_cuda_livevis_inventory_0314_to_0342a.csv | src_mpcd_cuda_resampling_env_flags_delta_0314.csv | src_mpcd_cuda_resampling_env_flags_delta_0314_to_0337_livevis.csv
MPCD_CUDA_RESAMPLING_ADAPTIVE_FLAG_0304_TRIGGER_NMIN,"CUDA resampling post-SRC — diagnostics, split-safety et optimisation inactive",ajout 0304,entier,6 dans les scripts de diagnostic,Seuil de population cellulaire low-N utilisé par le flag.,Ne déclenche pas de correction avant scheduler adaptatif futur.,,src/cuda_classic_src_io_resident_0263.cu,,src_mpcd_cuda_env_flags_0314_resampling.csv | src_mpcd_cuda_livevis_inventory_0314_to_0339a.csv | src_mpcd_cuda_livevis_inventory_0314_to_0342a.csv | src_mpcd_cuda_resampling_env_flags_delta_0314.csv | src_mpcd_cuda_resampling_env_flags_delta_0314_to_0337_livevis.csv
MPCD_CUDA_RESAMPLING_CPU_OP_CARRIER_0458,CUDA resampling résident — pipeline 0437–0484,présent état 36abd23; inventorié 0490p (0458),booléen/env truthy,false/off,Conserve/active le carrier d’opérations CPU de comparaison.,"À passer dans l’environnement du shell, pas dans params.kv. Ligne ajoutée par comparaison exhaustive des appels getenv du code courant avec l’inventaire 0436b.",,src/cuda_resampling_pipeline_shadow_0445.cu,,delta source 0437–0490p / branche surf commit 36abd23
MPCD_CUDA_RESAMPLING_DEFER_RESIDENT_DOWNLOAD_0468,CUDA resampling résident — pipeline 0437–0484,présent état 36abd23; inventorié 0490p (0468),booléen/env truthy,false/off,Diffère le téléchargement de l’état résident après resampling.,"À passer dans l’environnement du shell, pas dans params.kv. Ligne ajoutée par comparaison exhaustive des appels getenv du code courant avec l’inventaire 0436b.",,src/cuda_resampling_pipeline_shadow_0445.cu,,delta source 0437–0490p / branche surf commit 36abd23
MPCD_CUDA_RESAMPLING_DEVICE_CARRIER_0455,CUDA resampling résident — pipeline 0437–0484,présent état 36abd23; inventorié 0490p (0455),booléen/env truthy,false/off,Conserve le carrier compact des opérations sur le device.,"À passer dans l’environnement du shell, pas dans params.kv. Ligne ajoutée par comparaison exhaustive des appels getenv du code courant avec l’inventaire 0436b.",,src/cuda_resampling_pipeline_shadow_0445.cu,,delta source 0437–0490p / branche surf commit 36abd23
MPCD_CUDA_RESAMPLING_DEVICE_CARRIER_GATE_EVERY_0461,CUDA resampling résident — pipeline 0437–0484,présent état 36abd23; inventorié 0490p (0461),entier,1,Règle la cadence d’exécution du module associé.,"À passer dans l’environnement du shell, pas dans params.kv. Ligne ajoutée par comparaison exhaustive des appels getenv du code courant avec l’inventaire 0436b.",,src/cuda_resampling_pipeline_shadow_0445.cu,,delta source 0437–0490p / branche surf commit 36abd23
MPCD_CUDA_RESAMPLING_DIAG_CSV_0484,CUDA resampling résident — pipeline 0437–0484,présent état 36abd23; inventorié 0490p (0484),booléen/env truthy,true sauf production strip 0484,Contrôle l’écriture du CSV détaillé du pipeline 0484.,"À passer dans l’environnement du shell, pas dans params.kv. Ligne ajoutée par comparaison exhaustive des appels getenv du code courant avec l’inventaire 0436b.",,src/cuda_resampling_pipeline_shadow_0445.cu,,delta source 0437–0490p / branche surf commit 36abd23
MPCD_CUDA_RESAMPLING_DIRECT_STATE_COMMIT_0471,CUDA resampling résident — pipeline 0437–0484,présent état 36abd23; inventorié 0490p (0471),booléen/env truthy,false/off,Valide directement les mutations dans l’état CUDA partagé.,"À passer dans l’environnement du shell, pas dans params.kv. Ligne ajoutée par comparaison exhaustive des appels getenv du code courant avec l’inventaire 0436b.",,src/cuda_resampling_pipeline_shadow_0445.cu,,delta source 0437–0490p / branche surf commit 36abd23
MPCD_CUDA_RESAMPLING_DONOR_SLICE_MATERIALIZER_0459,CUDA resampling résident — pipeline 0437–0484,présent état 36abd23; inventorié 0490p (0459),booléen/env truthy,false/off,Sélectionne le matérialiseur par tranche de donneur.,"À passer dans l’environnement du shell, pas dans params.kv. Ligne ajoutée par comparaison exhaustive des appels getenv du code courant avec l’inventaire 0436b.",,src/cuda_resampling_pipeline_shadow_0445.cu,,delta source 0437–0490p / branche surf commit 36abd23
MPCD_CUDA_RESAMPLING_EMPTY_REFILL_0319,CUDA resampling post-SRC — compléments 0295–0319,présent état 36abd23; inventorié 0490p (0319),booléen/env truthy,false/off,Alias environnemental activant le refill CUDA des cellules humides vides.,"À passer dans l’environnement du shell, pas dans params.kv. Ligne ajoutée par comparaison exhaustive des appels getenv du code courant avec l’inventaire 0436b.",,src/cuda_resampling_population_guard_0297.cu,,delta source 0437–0490p / branche surf commit 36abd23
MPCD_CUDA_RESAMPLING_EXTRACTION_STRICT,CUDA resampling — prototype/préservé,debug/comparaison,booléen/env truthy sauf mention contraire,souvent true dans validateurs; dépend du module,Contrôle les prototypes CUDA de resampling; ne fait pas partie du SRC classic full CUDA 0286.,Ne se place pas dans params.kv; à passer dans l’environnement du shell ou dans les scripts de validation/démo.,,src/weighted_resampling.cpp,,src_mpcd_cuda_env_flags_0287.csv | src_mpcd_cuda_env_flags_0292.csv | src_mpcd_cuda_env_flags_0303_resampling.csv | src_mpcd_cuda_env_flags_0314_resampling.csv
MPCD_CUDA_RESAMPLING_EXTRACTION_USE,CUDA resampling — prototype/préservé,"prototype/préservé, hors jalon SRC classic 0286",booléen/env truthy sauf mention contraire,false/off sauf activation par scripts validés,Contrôle les prototypes CUDA de resampling; ne fait pas partie du SRC classic full CUDA 0286.,Ne se place pas dans params.kv; à passer dans l’environnement du shell ou dans les scripts de validation/démo.,,,,src_mpcd_cuda_env_flags_0287.csv | src_mpcd_cuda_env_flags_0292.csv | src_mpcd_cuda_env_flags_0303_resampling.csv | src_mpcd_cuda_env_flags_0314_resampling.csv
MPCD_CUDA_RESAMPLING_FULL_GATE_0484,CUDA resampling résident — pipeline 0437–0484,présent état 36abd23; inventorié 0490p (0484),booléen/env truthy,true sauf production strip 0484,Contrôle l’exécution des comparaisons/gates complets 0484.,"À passer dans l’environnement du shell, pas dans params.kv. Ligne ajoutée par comparaison exhaustive des appels getenv du code courant avec l’inventaire 0436b.",,src/cuda_resampling_pipeline_shadow_0445.cu,,delta source 0437–0490p / branche surf commit 36abd23
MPCD_CUDA_RESAMPLING_GEOMETRY_DIAG_0305_HIGH_U,"CUDA resampling post-SRC — diagnostics, split-safety et optimisation inactive",ajout 0305,réel,1.0,Seuil de vitesse cellulaire élevée pour la classification géométrique 0305.,Classe les cellules bulk/wall/solid/open/corner adjacent.,,src/cuda_classic_src_io_resident_0263.cu,,src_mpcd_cuda_env_flags_0314_resampling.csv | src_mpcd_cuda_livevis_inventory_0314_to_0339a.csv | src_mpcd_cuda_livevis_inventory_0314_to_0342a.csv | src_mpcd_cuda_resampling_env_flags_delta_0314.csv | src_mpcd_cuda_resampling_env_flags_delta_0314_to_0337_livevis.csv
MPCD_CUDA_RESAMPLING_HOST_PATCHBACK_0473,CUDA resampling résident — pipeline 0437–0484,présent état 36abd23; inventorié 0490p (0473),booléen/env truthy,false/off,Active le patchback hôte compact des particules effectivement modifiées.,"À passer dans l’environnement du shell, pas dans params.kv. Ligne ajoutée par comparaison exhaustive des appels getenv du code courant avec l’inventaire 0436b.",,src/cuda_resampling_pipeline_shadow_0445.cu,,delta source 0437–0490p / branche surf commit 36abd23
MPCD_CUDA_RESAMPLING_INSERTION_STRICT,CUDA resampling — prototype/préservé,debug/comparaison,booléen/env truthy sauf mention contraire,souvent true dans validateurs; dépend du module,Contrôle les prototypes CUDA de resampling; ne fait pas partie du SRC classic full CUDA 0286.,Ne se place pas dans params.kv; à passer dans l’environnement du shell ou dans les scripts de validation/démo.,,src/weighted_resampling.cpp,,src_mpcd_cuda_env_flags_0287.csv | src_mpcd_cuda_env_flags_0292.csv | src_mpcd_cuda_env_flags_0303_resampling.csv | src_mpcd_cuda_env_flags_0314_resampling.csv
MPCD_CUDA_RESAMPLING_INSERTION_USE,CUDA resampling — prototype/préservé,"prototype/préservé, hors jalon SRC classic 0286",booléen/env truthy sauf mention contraire,false/off sauf activation par scripts validés,Contrôle les prototypes CUDA de resampling; ne fait pas partie du SRC classic full CUDA 0286.,Ne se place pas dans params.kv; à passer dans l’environnement du shell ou dans les scripts de validation/démo.,,,,src_mpcd_cuda_env_flags_0287.csv | src_mpcd_cuda_env_flags_0292.csv | src_mpcd_cuda_env_flags_0303_resampling.csv | src_mpcd_cuda_env_flags_0314_resampling.csv
MPCD_CUDA_RESAMPLING_MASS_RECONDITION_0296,CUDA resampling post-SRC — survey et guard,ajout 0295-0303,booléen/env truthy,false/off,Active le reconditionnement conservatif des masses sans changement de support.,Post-SRC; conserve masse et impulsion cellulaire.,,,,src_mpcd_cuda_env_flags_0303_resampling.csv | src_mpcd_cuda_env_flags_0314_resampling.csv | src_mpcd_cuda_livevis_inventory_0314_to_0339a.csv | src_mpcd_cuda_livevis_inventory_0314_to_0342a.csv | src_mpcd_cuda_resampling_env_flags_delta_0303.csv | src_mpcd_cuda_resampling_env_flags_delta_0314.csv | src_mpcd_cuda_resampling_env_flags_delta_0314_to_0337_livevis.csv
MPCD_CUDA_RESAMPLING_MASS_RECONDITION_0296_EVERY,CUDA resampling post-SRC — survey et guard,ajout 0295-0303,entier,10 ou 20,Cadence du reconditionnement de masse 0296.,Utilisé dans les scripts 0296/0303.,,,,src_mpcd_cuda_env_flags_0303_resampling.csv | src_mpcd_cuda_env_flags_0314_resampling.csv | src_mpcd_cuda_livevis_inventory_0314_to_0339a.csv | src_mpcd_cuda_livevis_inventory_0314_to_0342a.csv | src_mpcd_cuda_resampling_env_flags_delta_0303.csv | src_mpcd_cuda_resampling_env_flags_delta_0314.csv | src_mpcd_cuda_resampling_env_flags_delta_0314_to_0337_livevis.csv
MPCD_CUDA_RESAMPLING_MASS_RECONDITION_0296_STRENGTH,CUDA resampling post-SRC — survey et guard,ajout 0295-0303,double,1.0,Force du rapprochement des masses vers M_c/N_c.,0 passif; 1 homogénéisation complète dans les cellules traitées.,,,,src_mpcd_cuda_env_flags_0303_resampling.csv | src_mpcd_cuda_env_flags_0314_resampling.csv | src_mpcd_cuda_livevis_inventory_0314_to_0339a.csv | src_mpcd_cuda_livevis_inventory_0314_to_0342a.csv | src_mpcd_cuda_resampling_env_flags_delta_0303.csv | src_mpcd_cuda_resampling_env_flags_delta_0314.csv | src_mpcd_cuda_resampling_env_flags_delta_0314_to_0337_livevis.csv
MPCD_CUDA_RESAMPLING_MASS_RECONDITION_0296_THREADS,CUDA resampling post-SRC — compléments 0295–0319,présent état 36abd23; inventorié 0490p (0296),entier,256,Règle le nombre de threads CUDA par bloc du noyau associé.,"À passer dans l’environnement du shell, pas dans params.kv. Ligne ajoutée par comparaison exhaustive des appels getenv du code courant avec l’inventaire 0436b.",,src/cuda_resampling_mass_recondition_0296.cu,,delta source 0437–0490p / branche surf commit 36abd23
MPCD_CUDA_RESAMPLING_MATERIALIZER_CELL_LIST_0475B,CUDA resampling résident — pipeline 0437–0484,présent état 36abd23; inventorié 0490p (0475b),booléen/env truthy,false/off,Utilise la liste compacte de cellules du plan pour la matérialisation.,"À passer dans l’environnement du shell, pas dans params.kv. Ligne ajoutée par comparaison exhaustive des appels getenv du code courant avec l’inventaire 0436b.",,src/cuda_resampling_pipeline_shadow_0445.cu,,delta source 0437–0490p / branche surf commit 36abd23
MPCD_CUDA_RESAMPLING_MATERIALIZER_ON_PLAN_0475A,CUDA resampling résident — pipeline 0437–0484,présent état 36abd23; inventorié 0490p (0475a),booléen/env truthy,false/off,Déclenche le matérialiseur seulement lorsqu’un plan non vide est disponible.,"À passer dans l’environnement du shell, pas dans params.kv. Ligne ajoutée par comparaison exhaustive des appels getenv du code courant avec l’inventaire 0436b.",,src/cuda_resampling_pipeline_shadow_0445.cu;src/src_mpcd_base.cpp,,delta source 0437–0490p / branche surf commit 36abd23
MPCD_CUDA_RESAMPLING_MATERIALIZER_SHARED_STATE_0475,CUDA resampling résident — pipeline 0437–0484,présent état 36abd23; inventorié 0490p (0475),booléen/env truthy,false/off,Fait consommer l’état partagé directement par le matérialiseur.,"À passer dans l’environnement du shell, pas dans params.kv. Ligne ajoutée par comparaison exhaustive des appels getenv du code courant avec l’inventaire 0436b.",,src/cuda_resampling_pipeline_shadow_0445.cu,,delta source 0437–0490p / branche surf commit 36abd23
MPCD_CUDA_RESAMPLING_MOMENT_RESTORE_0298,CUDA resampling post-SRC — survey et guard,ajout 0295-0303,booléen/env truthy,true en guard actif,Active la restauration de l’énergie cinétique relative cellulaire.,Contrôle K_rel après split/merge.,,,,src_mpcd_cuda_env_flags_0303_resampling.csv | src_mpcd_cuda_env_flags_0314_resampling.csv | src_mpcd_cuda_livevis_inventory_0314_to_0339a.csv | src_mpcd_cuda_livevis_inventory_0314_to_0342a.csv | src_mpcd_cuda_resampling_env_flags_delta_0303.csv | src_mpcd_cuda_resampling_env_flags_delta_0314.csv | src_mpcd_cuda_resampling_env_flags_delta_0314_to_0337_livevis.csv
MPCD_CUDA_RESAMPLING_MOMENT_RESTORE_0298_ABS_TOL,CUDA resampling post-SRC — survey et guard,ajout 0295-0303,double,1e-14,Tolérance absolue de restauration K_rel.,Diagnostic et évitement des divisions par bruit.,,,,src_mpcd_cuda_env_flags_0303_resampling.csv | src_mpcd_cuda_env_flags_0314_resampling.csv | src_mpcd_cuda_livevis_inventory_0314_to_0339a.csv | src_mpcd_cuda_livevis_inventory_0314_to_0342a.csv | src_mpcd_cuda_resampling_env_flags_delta_0303.csv | src_mpcd_cuda_resampling_env_flags_delta_0314.csv | src_mpcd_cuda_resampling_env_flags_delta_0314_to_0337_livevis.csv
MPCD_CUDA_RESAMPLING_MOMENT_RESTORE_0298_MAX_SCALE,CUDA resampling post-SRC — survey et guard,ajout 0295-0303,double,4.0,Borne du facteur de rescale des vitesses relatives.,Garde-fou contre les corrections thermiques extrêmes.,,,,src_mpcd_cuda_env_flags_0303_resampling.csv | src_mpcd_cuda_env_flags_0314_resampling.csv | src_mpcd_cuda_livevis_inventory_0314_to_0339a.csv | src_mpcd_cuda_livevis_inventory_0314_to_0342a.csv | src_mpcd_cuda_resampling_env_flags_delta_0303.csv | src_mpcd_cuda_resampling_env_flags_delta_0314.csv | src_mpcd_cuda_resampling_env_flags_delta_0314_to_0337_livevis.csv
MPCD_CUDA_RESAMPLING_MOMENT_RESTORE_0298_MIN_CURRENT_KREL,CUDA resampling post-SRC — compléments 0295–0319,présent état 36abd23; inventorié 0490p (0298),double >= 0,1e-30,Variable runtime interne contrôlant le chemin nommé dans le backend CUDA.,"À passer dans l’environnement du shell, pas dans params.kv. Ligne ajoutée par comparaison exhaustive des appels getenv du code courant avec l’inventaire 0436b.",,src/cuda_resampling_population_guard_0297.cu,,delta source 0437–0490p / branche surf commit 36abd23
MPCD_CUDA_RESAMPLING_MOMENT_RESTORE_0298_REL_TOL,CUDA resampling post-SRC — survey et guard,ajout 0295-0303,double,1e-12,Tolérance relative de restauration K_rel.,Diagnostic et évitement des rescale non significatifs.,,,,src_mpcd_cuda_env_flags_0303_resampling.csv | src_mpcd_cuda_env_flags_0314_resampling.csv | src_mpcd_cuda_livevis_inventory_0314_to_0339a.csv | src_mpcd_cuda_livevis_inventory_0314_to_0342a.csv | src_mpcd_cuda_resampling_env_flags_delta_0303.csv | src_mpcd_cuda_resampling_env_flags_delta_0314.csv | src_mpcd_cuda_resampling_env_flags_delta_0314_to_0337_livevis.csv
MPCD_CUDA_RESAMPLING_OPERATION_MATERIALIZE_0453,CUDA resampling résident — pipeline 0437–0484,présent état 36abd23; inventorié 0490p (0453),booléen/env truthy,false/off,Active la matérialisation CUDA des opérations à partir du plan compact.,"À passer dans l’environnement du shell, pas dans params.kv. Ligne ajoutée par comparaison exhaustive des appels getenv du code courant avec l’inventaire 0436b.",,src/cuda_resampling_pipeline_shadow_0445.cu,,delta source 0437–0490p / branche surf commit 36abd23
MPCD_CUDA_RESAMPLING_OPERATION_MATERIALIZE_EVERY_0453,CUDA resampling résident — pipeline 0437–0484,présent état 36abd23; inventorié 0490p (0453),entier,1,Règle la cadence d’exécution du module associé.,"À passer dans l’environnement du shell, pas dans params.kv. Ligne ajoutée par comparaison exhaustive des appels getenv du code courant avec l’inventaire 0436b.",,src/cuda_resampling_pipeline_shadow_0445.cu,,delta source 0437–0490p / branche surf commit 36abd23
MPCD_CUDA_RESAMPLING_OUTLIER_0306_U_THRESHOLD,"CUDA resampling post-SRC — diagnostics, split-safety et optimisation inactive",ajout 0306,réel,1.0,Seuil |U| pour déclarer une cellule outlier dans les diagnostics 0306.,Alimente cuda_resampling_outlier_diagnostics_0306_worst_cells.csv.,,src/cuda_classic_src_io_resident_0263.cu,,src_mpcd_cuda_env_flags_0314_resampling.csv | src_mpcd_cuda_livevis_inventory_0314_to_0339a.csv | src_mpcd_cuda_livevis_inventory_0314_to_0342a.csv | src_mpcd_cuda_resampling_env_flags_delta_0314.csv | src_mpcd_cuda_resampling_env_flags_delta_0314_to_0337_livevis.csv
MPCD_CUDA_RESAMPLING_PERSISTENT_0240,CUDA resampling — prototype/préservé,"prototype/préservé, hors jalon SRC classic 0286",booléen/env truthy sauf mention contraire,false/off sauf activation par scripts validés,Contrôle les prototypes CUDA de resampling; ne fait pas partie du SRC classic full CUDA 0286.,Ne se place pas dans params.kv; à passer dans l’environnement du shell ou dans les scripts de validation/démo.,,doc/GPU_PATCH_0240.md;doc/GPU_PATCH_0241.md;doc/GPU_PATCH_0244.md,,src_mpcd_cuda_env_flags_0287.csv | src_mpcd_cuda_env_flags_0292.csv | src_mpcd_cuda_env_flags_0303_resampling.csv | src_mpcd_cuda_env_flags_0314_resampling.csv
MPCD_CUDA_RESAMPLING_PERSISTENT_0240_MIN_PARTICLES,CUDA resampling — prototype/préservé,"prototype/préservé, hors jalon SRC classic 0286",entier,false/off sauf activation par scripts validés,Contrôle les prototypes CUDA de resampling; ne fait pas partie du SRC classic full CUDA 0286.,Ne se place pas dans params.kv; à passer dans l’environnement du shell ou dans les scripts de validation/démo.,,doc/GPU_PATCH_0240.md,,src_mpcd_cuda_env_flags_0287.csv | src_mpcd_cuda_env_flags_0292.csv | src_mpcd_cuda_env_flags_0303_resampling.csv | src_mpcd_cuda_env_flags_0314_resampling.csv
MPCD_CUDA_RESAMPLING_PERSISTENT_ACTIVE_PATH_0241_STRICT,CUDA resampling — prototype/préservé,debug/comparaison,booléen/env truthy sauf mention contraire,souvent true dans validateurs; dépend du module,Contrôle les prototypes CUDA de resampling; ne fait pas partie du SRC classic full CUDA 0286.,Ne se place pas dans params.kv; à passer dans l’environnement du shell ou dans les scripts de validation/démo.,,doc/GPU_PATCH_0241.md,,src_mpcd_cuda_env_flags_0287.csv | src_mpcd_cuda_env_flags_0292.csv | src_mpcd_cuda_env_flags_0303_resampling.csv | src_mpcd_cuda_env_flags_0314_resampling.csv
MPCD_CUDA_RESAMPLING_PERSISTENT_ACTIVE_PATH_0242_DOWNLOAD_ALL,CUDA resampling — prototype/préservé,"prototype/préservé, hors jalon SRC classic 0286",booléen/env truthy sauf mention contraire,false/off sauf activation par scripts validés,Contrôle les prototypes CUDA de resampling; ne fait pas partie du SRC classic full CUDA 0286.,Ne se place pas dans params.kv; à passer dans l’environnement du shell ou dans les scripts de validation/démo.,,doc/GPU_PATCH_0242.md;doc/GPU_PATCH_0243.md;doc/GPU_PATCH_0244.md,,src_mpcd_cuda_env_flags_0287.csv | src_mpcd_cuda_env_flags_0292.csv | src_mpcd_cuda_env_flags_0303_resampling.csv | src_mpcd_cuda_env_flags_0314_resampling.csv
MPCD_CUDA_RESAMPLING_PERSISTENT_ACTIVE_PATH_0242_HOST_SHADOW_AUTHORITATIVE,CUDA resampling — prototype/préservé,debug/comparaison,booléen/env truthy sauf mention contraire,false/off sauf activation par scripts validés,Contrôle les prototypes CUDA de resampling; ne fait pas partie du SRC classic full CUDA 0286.,Ne se place pas dans params.kv; à passer dans l’environnement du shell ou dans les scripts de validation/démo.,,doc/GPU_PATCH_0242.md;doc/GPU_PATCH_0243.md;doc/GPU_PATCH_0244.md,,src_mpcd_cuda_env_flags_0287.csv | src_mpcd_cuda_env_flags_0292.csv | src_mpcd_cuda_env_flags_0303_resampling.csv | src_mpcd_cuda_env_flags_0314_resampling.csv
MPCD_CUDA_RESAMPLING_PERSISTENT_ACTIVE_PATH_0242_UPLOAD_MODE,CUDA resampling — prototype/préservé,"prototype/préservé, hors jalon SRC classic 0286",string,false/off sauf activation par scripts validés,Contrôle les prototypes CUDA de resampling; ne fait pas partie du SRC classic full CUDA 0286.,Ne se place pas dans params.kv; à passer dans l’environnement du shell ou dans les scripts de validation/démo.,,doc/GPU_PATCH_0242.md;doc/GPU_PATCH_0243.md;doc/GPU_PATCH_0244.md,,src_mpcd_cuda_env_flags_0287.csv | src_mpcd_cuda_env_flags_0292.csv | src_mpcd_cuda_env_flags_0303_resampling.csv | src_mpcd_cuda_env_flags_0314_resampling.csv
MPCD_CUDA_RESAMPLING_PERSISTENT_ACTIVE_PATH_0243_STRICT_ROLES_ONLY,CUDA resampling — prototype/préservé,debug/comparaison,booléen/env truthy sauf mention contraire,souvent true dans validateurs; dépend du module,Contrôle les prototypes CUDA de resampling; ne fait pas partie du SRC classic full CUDA 0286.,Ne se place pas dans params.kv; à passer dans l’environnement du shell ou dans les scripts de validation/démo.,,src/cuda_resampling_persistent_active_path_0240.cpp,,src_mpcd_cuda_env_flags_0287.csv | src_mpcd_cuda_env_flags_0292.csv | src_mpcd_cuda_env_flags_0303_resampling.csv | src_mpcd_cuda_env_flags_0314_resampling.csv
MPCD_CUDA_RESAMPLING_PIPELINE_APPLY_0448,CUDA resampling résident — pipeline 0437–0484,présent état 36abd23; inventorié 0490p (0448),booléen/env truthy,false/off,Autorise l’application du pipeline CUDA de resampling.,"À passer dans l’environnement du shell, pas dans params.kv. Ligne ajoutée par comparaison exhaustive des appels getenv du code courant avec l’inventaire 0436b.",,src/cuda_resampling_pipeline_shadow_0445.cu,,delta source 0437–0490p / branche surf commit 36abd23
MPCD_CUDA_RESAMPLING_PIPELINE_SHADOW_0445,CUDA resampling résident — pipeline 0437–0484,présent état 36abd23; inventorié 0490p (0445),booléen/env truthy,false/off,Active le pipeline CUDA de resampling en mode shadow non autoritatif.,"À passer dans l’environnement du shell, pas dans params.kv. Ligne ajoutée par comparaison exhaustive des appels getenv du code courant avec l’inventaire 0436b.",,src/cuda_resampling_pipeline_shadow_0445.cu,,delta source 0437–0490p / branche surf commit 36abd23
MPCD_CUDA_RESAMPLING_PIPELINE_SHADOW_EVERY_0445,CUDA resampling résident — pipeline 0437–0484,présent état 36abd23; inventorié 0490p (0445),entier,1,Règle la cadence d’exécution du module associé.,"À passer dans l’environnement du shell, pas dans params.kv. Ligne ajoutée par comparaison exhaustive des appels getenv du code courant avec l’inventaire 0436b.",,src/cuda_resampling_pipeline_shadow_0445.cu,,delta source 0437–0490p / branche surf commit 36abd23
MPCD_CUDA_RESAMPLING_POPULATION_GUARD_0297,CUDA resampling post-SRC — survey et guard,ajout 0295-0303,booléen/env truthy,false/off,Active le population guard local par split/merge représentatif.,Post-SRC; doit être utilisé avec restauration 0298 en mode actif.,,,,src_mpcd_cuda_env_flags_0303_resampling.csv | src_mpcd_cuda_env_flags_0314_resampling.csv | src_mpcd_cuda_livevis_inventory_0314_to_0339a.csv | src_mpcd_cuda_livevis_inventory_0314_to_0342a.csv | src_mpcd_cuda_resampling_env_flags_delta_0303.csv | src_mpcd_cuda_resampling_env_flags_delta_0314.csv | src_mpcd_cuda_resampling_env_flags_delta_0314_to_0337_livevis.csv
MPCD_CUDA_RESAMPLING_POPULATION_GUARD_0297_EVERY,CUDA resampling post-SRC — survey et guard,ajout 0295-0303,entier,20 nominal,Cadence du guard 0297.,Validation backward step: 20.,,,,src_mpcd_cuda_env_flags_0303_resampling.csv | src_mpcd_cuda_env_flags_0314_resampling.csv | src_mpcd_cuda_livevis_inventory_0314_to_0339a.csv | src_mpcd_cuda_livevis_inventory_0314_to_0342a.csv | src_mpcd_cuda_resampling_env_flags_delta_0303.csv | src_mpcd_cuda_resampling_env_flags_delta_0314.csv | src_mpcd_cuda_resampling_env_flags_delta_0314_to_0337_livevis.csv
MPCD_CUDA_RESAMPLING_POPULATION_GUARD_0297_LEGACY_TAIL_SPLIT,CUDA resampling post-SRC — compléments 0295–0319,présent état 36abd23; inventorié 0490p (0297),booléen/env truthy,false/off,Réactive le comportement historique complet pour non-régression.,"À passer dans l’environnement du shell, pas dans params.kv. Ligne ajoutée par comparaison exhaustive des appels getenv du code courant avec l’inventaire 0436b.",,src/cuda_resampling_population_guard_0297.cu,,delta source 0437–0490p / branche surf commit 36abd23
MPCD_CUDA_RESAMPLING_POPULATION_GUARD_0297_MIN_DONOR_MASS_AFTER_SPLIT,CUDA resampling post-SRC — compléments 0295–0319,présent état 36abd23; inventorié 0490p (0297),double >= 0,1e-12,Variable runtime interne contrôlant le chemin nommé dans le backend CUDA.,"À passer dans l’environnement du shell, pas dans params.kv. Ligne ajoutée par comparaison exhaustive des appels getenv du code courant avec l’inventaire 0436b.",,src/cuda_resampling_population_guard_0297.cu,,delta source 0437–0490p / branche surf commit 36abd23
MPCD_CUDA_RESAMPLING_POPULATION_GUARD_0297_NMAX,CUDA resampling post-SRC — survey et guard,ajout 0295-0303,entier,32 nominal,Borne riche de population cellulaire.,Triplet nominal validé: 12:20:32.,,,,src_mpcd_cuda_env_flags_0303_resampling.csv | src_mpcd_cuda_env_flags_0314_resampling.csv | src_mpcd_cuda_livevis_inventory_0314_to_0339a.csv | src_mpcd_cuda_livevis_inventory_0314_to_0342a.csv | src_mpcd_cuda_resampling_env_flags_delta_0303.csv | src_mpcd_cuda_resampling_env_flags_delta_0314.csv | src_mpcd_cuda_resampling_env_flags_delta_0314_to_0337_livevis.csv
MPCD_CUDA_RESAMPLING_POPULATION_GUARD_0297_NMIN,CUDA resampling post-SRC — survey et guard,ajout 0295-0303,entier,12 nominal,Borne pauvre de population cellulaire.,Triplet nominal validé: 12:20:32.,,,,src_mpcd_cuda_env_flags_0303_resampling.csv | src_mpcd_cuda_env_flags_0314_resampling.csv | src_mpcd_cuda_livevis_inventory_0314_to_0339a.csv | src_mpcd_cuda_livevis_inventory_0314_to_0342a.csv | src_mpcd_cuda_resampling_env_flags_delta_0303.csv | src_mpcd_cuda_resampling_env_flags_delta_0314.csv | src_mpcd_cuda_resampling_env_flags_delta_0314_to_0337_livevis.csv
MPCD_CUDA_RESAMPLING_POPULATION_GUARD_0297_NTARGET,CUDA resampling post-SRC — survey et guard,ajout 0295-0303,entier,20 nominal,Population cible.,Doit rester cohérent avec gamma nominal.,,,,src_mpcd_cuda_env_flags_0303_resampling.csv | src_mpcd_cuda_env_flags_0314_resampling.csv | src_mpcd_cuda_livevis_inventory_0314_to_0339a.csv | src_mpcd_cuda_livevis_inventory_0314_to_0342a.csv | src_mpcd_cuda_resampling_env_flags_delta_0303.csv | src_mpcd_cuda_resampling_env_flags_delta_0314.csv | src_mpcd_cuda_resampling_env_flags_delta_0314_to_0337_livevis.csv
MPCD_CUDA_RESAMPLING_POPULATION_GUARD_0297_SPLIT_FRACTION,CUDA resampling post-SRC — survey et guard,ajout 0295-0303,double,0.5,Fraction de masse prélevée au donneur lors du split représentatif.,Conserve masse et impulsion locale avant restauration énergétique.,,,,src_mpcd_cuda_env_flags_0303_resampling.csv | src_mpcd_cuda_env_flags_0314_resampling.csv | src_mpcd_cuda_livevis_inventory_0314_to_0339a.csv | src_mpcd_cuda_livevis_inventory_0314_to_0342a.csv | src_mpcd_cuda_resampling_env_flags_delta_0303.csv | src_mpcd_cuda_resampling_env_flags_delta_0314.csv | src_mpcd_cuda_resampling_env_flags_delta_0314_to_0337_livevis.csv
MPCD_CUDA_RESAMPLING_POPULATION_GUARD_0297_THREADS,CUDA resampling post-SRC — compléments 0295–0319,présent état 36abd23; inventorié 0490p (0297),entier,256,Règle le nombre de threads CUDA par bloc du noyau associé.,"À passer dans l’environnement du shell, pas dans params.kv. Ligne ajoutée par comparaison exhaustive des appels getenv du code courant avec l’inventaire 0436b.",,src/cuda_resampling_population_guard_0297.cu,,delta source 0437–0490p / branche surf commit 36abd23
MPCD_CUDA_RESAMPLING_POPULATION_GUARD_0299_BOUNDARY_AWARE,CUDA resampling post-SRC — survey et guard,ajout 0295-0303,booléen/env truthy,true/on dans scripts 0300+,Active le filtrage boundary-aware des cellules candidates.,Évite de mélanger support-control interne et réservoir hard inlet/outlet.,,,,src_mpcd_cuda_env_flags_0303_resampling.csv | src_mpcd_cuda_env_flags_0314_resampling.csv | src_mpcd_cuda_livevis_inventory_0314_to_0339a.csv | src_mpcd_cuda_livevis_inventory_0314_to_0342a.csv | src_mpcd_cuda_resampling_env_flags_delta_0303.csv | src_mpcd_cuda_resampling_env_flags_delta_0314.csv | src_mpcd_cuda_resampling_env_flags_delta_0314_to_0337_livevis.csv
MPCD_CUDA_RESAMPLING_POPULATION_GUARD_0299_BOUNDARY_HALO_CELLS,CUDA resampling post-SRC — survey et guard,ajout 0295-0303,entier,0,Épaisseur exclue près des parois simples.,0 par défaut pour conserver les zones de cisaillement.,,,,src_mpcd_cuda_env_flags_0303_resampling.csv | src_mpcd_cuda_env_flags_0314_resampling.csv | src_mpcd_cuda_livevis_inventory_0314_to_0339a.csv | src_mpcd_cuda_livevis_inventory_0314_to_0342a.csv | src_mpcd_cuda_resampling_env_flags_delta_0303.csv | src_mpcd_cuda_resampling_env_flags_delta_0314.csv | src_mpcd_cuda_resampling_env_flags_delta_0314_to_0337_livevis.csv
MPCD_CUDA_RESAMPLING_POPULATION_GUARD_0299_OPEN_BOUNDARY_HALO_CELLS,CUDA resampling post-SRC — survey et guard,ajout 0295-0303,entier,1,Épaisseur exclue près des ouvertures.,Nominalement 1 cellule.,,,,src_mpcd_cuda_env_flags_0303_resampling.csv | src_mpcd_cuda_env_flags_0314_resampling.csv | src_mpcd_cuda_livevis_inventory_0314_to_0339a.csv | src_mpcd_cuda_livevis_inventory_0314_to_0342a.csv | src_mpcd_cuda_resampling_env_flags_delta_0303.csv | src_mpcd_cuda_resampling_env_flags_delta_0314.csv | src_mpcd_cuda_resampling_env_flags_delta_0314_to_0337_livevis.csv
MPCD_CUDA_RESAMPLING_POPULATION_GUARD_0299_SOLID_HALO_CELLS,CUDA resampling post-SRC — survey et guard,ajout 0295-0303,entier,0,Épaisseur exclue près des solides immergés.,0 par défaut; peut être augmenté pour tests prudents.,,,,src_mpcd_cuda_env_flags_0303_resampling.csv | src_mpcd_cuda_env_flags_0314_resampling.csv | src_mpcd_cuda_livevis_inventory_0314_to_0339a.csv | src_mpcd_cuda_livevis_inventory_0314_to_0342a.csv | src_mpcd_cuda_resampling_env_flags_delta_0303.csv | src_mpcd_cuda_resampling_env_flags_delta_0314.csv | src_mpcd_cuda_resampling_env_flags_delta_0314_to_0337_livevis.csv
MPCD_CUDA_RESAMPLING_PRODUCTION_STRIP_0484,CUDA resampling résident — pipeline 0437–0484,présent état 36abd23; inventorié 0490p (0484),booléen/env truthy,false/off,Désactive les diagnostics/gates coûteux du pipeline de production dépouillé.,"À passer dans l’environnement du shell, pas dans params.kv. Ligne ajoutée par comparaison exhaustive des appels getenv du code courant avec l’inventaire 0436b.",,src/cuda_resampling_pipeline_shadow_0445.cu,,delta source 0437–0490p / branche surf commit 36abd23
MPCD_CUDA_RESAMPLING_REMAP_CELL_COUNT_DIAG_0484,CUDA resampling résident — pipeline 0437–0484,présent état 36abd23; inventorié 0490p (0484),booléen/env truthy,true sauf production strip 0484,Contrôle le diagnostic du nombre de cellules remappées.,"À passer dans l’environnement du shell, pas dans params.kv. Ligne ajoutée par comparaison exhaustive des appels getenv du code courant avec l’inventaire 0436b.",,src/cuda_resampling_pipeline_shadow_0445.cu,,delta source 0437–0490p / branche surf commit 36abd23
MPCD_CUDA_RESAMPLING_RESIDENT_EXTERNAL_CARRIER_0467B,CUDA resampling résident — pipeline 0437–0484,présent état 36abd23; inventorié 0490p (0467b),booléen/env truthy,false/off,Utilise un carrier résident fourni par l’orchestration externe.,"À passer dans l’environnement du shell, pas dans params.kv. Ligne ajoutée par comparaison exhaustive des appels getenv du code courant avec l’inventaire 0436b.",,src/cuda_resampling_pipeline_shadow_0445.cu,,delta source 0437–0490p / branche surf commit 36abd23
MPCD_CUDA_RESAMPLING_RESIDENT_NO_FINAL_DOWNLOAD_PROBE_0469,CUDA resampling résident — pipeline 0437–0484,présent état 36abd23; inventorié 0490p (0469),booléen/env truthy,false/off,Teste un pas résident sans téléchargement final de l’état complet.,"À passer dans l’environnement du shell, pas dans params.kv. Ligne ajoutée par comparaison exhaustive des appels getenv du code courant avec l’inventaire 0436b.",,src/cuda_resampling_pipeline_shadow_0445.cu,,delta source 0437–0490p / branche surf commit 36abd23
MPCD_CUDA_RESAMPLING_RESIDENT_UPSTREAM_COUPLED_PROBE_0470,CUDA resampling résident — pipeline 0437–0484,présent état 36abd23; inventorié 0490p (0470),booléen/env truthy,false/off,Teste le couplage résident direct avec l’amont du resampling.,"À passer dans l’environnement du shell, pas dans params.kv. Ligne ajoutée par comparaison exhaustive des appels getenv du code courant avec l’inventaire 0436b.",,src/cuda_resampling_pipeline_shadow_0445.cu,,delta source 0437–0490p / branche surf commit 36abd23
MPCD_CUDA_RESAMPLING_SHADOW,CUDA resampling — prototype/préservé,debug/comparaison,booléen/env truthy sauf mention contraire,false/off sauf activation par scripts validés,Contrôle les prototypes CUDA de resampling; ne fait pas partie du SRC classic full CUDA 0286.,Ne se place pas dans params.kv; à passer dans l’environnement du shell ou dans les scripts de validation/démo.,,src/weighted_resampling.cpp,,src_mpcd_cuda_env_flags_0287.csv | src_mpcd_cuda_env_flags_0292.csv | src_mpcd_cuda_env_flags_0303_resampling.csv | src_mpcd_cuda_env_flags_0314_resampling.csv
MPCD_CUDA_RESAMPLING_SHADOW_COMPARE_PLAN,CUDA resampling — prototype/préservé,debug/comparaison,booléen/env truthy sauf mention contraire,false/off sauf activation par scripts validés,Contrôle les prototypes CUDA de resampling; ne fait pas partie du SRC classic full CUDA 0286.,Ne se place pas dans params.kv; à passer dans l’environnement du shell ou dans les scripts de validation/démo.,,src/weighted_resampling.cpp,,src_mpcd_cuda_env_flags_0287.csv | src_mpcd_cuda_env_flags_0292.csv | src_mpcd_cuda_env_flags_0303_resampling.csv | src_mpcd_cuda_env_flags_0314_resampling.csv
MPCD_CUDA_RESAMPLING_SHADOW_CSV,CUDA resampling — prototype/préservé,debug/comparaison,string,false/off sauf activation par scripts validés,Contrôle les prototypes CUDA de resampling; ne fait pas partie du SRC classic full CUDA 0286.,Ne se place pas dans params.kv; à passer dans l’environnement du shell ou dans les scripts de validation/démo.,,src/weighted_resampling.cpp,,src_mpcd_cuda_env_flags_0287.csv | src_mpcd_cuda_env_flags_0292.csv | src_mpcd_cuda_env_flags_0303_resampling.csv | src_mpcd_cuda_env_flags_0314_resampling.csv
MPCD_CUDA_RESAMPLING_SHADOW_STRICT,CUDA resampling — prototype/préservé,debug/comparaison,booléen/env truthy sauf mention contraire,souvent true dans validateurs; dépend du module,Contrôle les prototypes CUDA de resampling; ne fait pas partie du SRC classic full CUDA 0286.,Ne se place pas dans params.kv; à passer dans l’environnement du shell ou dans les scripts de validation/démo.,,src/weighted_resampling.cpp,,src_mpcd_cuda_env_flags_0287.csv | src_mpcd_cuda_env_flags_0292.csv | src_mpcd_cuda_env_flags_0303_resampling.csv | src_mpcd_cuda_env_flags_0314_resampling.csv
MPCD_CUDA_RESAMPLING_SHARED_STATE_DIRECT_COMMIT_0472,CUDA resampling résident — pipeline 0437–0484,présent état 36abd23; inventorié 0490p (0472),booléen/env truthy,false/off,Committe les mutations dans le shared state sans carrier hôte.,"À passer dans l’environnement du shell, pas dans params.kv. Ligne ajoutée par comparaison exhaustive des appels getenv du code courant avec l’inventaire 0436b.",,src/cuda_resampling_pipeline_shadow_0445.cu,,delta source 0437–0490p / branche surf commit 36abd23
MPCD_CUDA_RESAMPLING_SOLID_ADJACENT_DONOR_MIN_MASS_0307,"CUDA resampling post-SRC — diagnostics, split-safety et optimisation inactive",ajout 0307,réel,1.0 en mode cautious,Masse donneur minimale renforcée pour les cellules solid-adjacent.,Utilisé en mode solid_cautious; non nécessaire dans le mode nominal 0308.,,src/cuda_classic_src_io_resident_0263.cu,,src_mpcd_cuda_env_flags_0314_resampling.csv | src_mpcd_cuda_livevis_inventory_0314_to_0339a.csv | src_mpcd_cuda_livevis_inventory_0314_to_0342a.csv | src_mpcd_cuda_resampling_env_flags_delta_0314.csv | src_mpcd_cuda_resampling_env_flags_delta_0314_to_0337_livevis.csv
MPCD_CUDA_RESAMPLING_SOLID_ADJACENT_HALO_CELLS_0307,CUDA resampling post-SRC — compléments 0295–0319,présent état 36abd23; inventorié 0490p (0307),entier,1,Variable runtime interne contrôlant le chemin nommé dans le backend CUDA.,"À passer dans l’environnement du shell, pas dans params.kv. Ligne ajoutée par comparaison exhaustive des appels getenv du code courant avec l’inventaire 0436b.",,src/cuda_resampling_population_guard_0297.cu,,delta source 0437–0490p / branche surf commit 36abd23
MPCD_CUDA_RESAMPLING_SOLID_ADJACENT_SPLIT_MODE_0307,"CUDA resampling post-SRC — diagnostics, split-safety et optimisation inactive",ajout 0307,"entier/enum 0 normal, 1 cautious, 2 off",0 nominal,Contrôle le split dans les cellules solid-adjacent.,Le mode normal avec split-safety suffit pour le nominal; cautious/off restent diagnostiques.,,src/cuda_classic_src_io_resident_0263.cu,,src_mpcd_cuda_env_flags_0314_resampling.csv | src_mpcd_cuda_livevis_inventory_0314_to_0339a.csv | src_mpcd_cuda_livevis_inventory_0314_to_0342a.csv | src_mpcd_cuda_resampling_env_flags_delta_0314.csv | src_mpcd_cuda_resampling_env_flags_delta_0314_to_0337_livevis.csv
MPCD_CUDA_RESAMPLING_SPARSE_DEVICE_CARRIER_GATE_0461,CUDA resampling résident — pipeline 0437–0484,présent état 36abd23; inventorié 0490p (0461),booléen/env truthy,false/off,Active la porte de validation du carrier device sparse.,"À passer dans l’environnement du shell, pas dans params.kv. Ligne ajoutée par comparaison exhaustive des appels getenv du code courant avec l’inventaire 0436b.",,src/cuda_resampling_pipeline_shadow_0445.cu,,delta source 0437–0490p / branche surf commit 36abd23
MPCD_CUDA_RESAMPLING_SPLIT_DONOR_MIN_MASS_0307,"CUDA resampling post-SRC — diagnostics, split-safety et optimisation inactive",ajout 0307; nominal 0308,réel,0.5,Masse minimale du donneur pour autoriser un split.,Empêche les splits issus de particules trop légères.,,src/cuda_classic_src_io_resident_0263.cu,,src_mpcd_cuda_env_flags_0314_resampling.csv | src_mpcd_cuda_livevis_inventory_0314_to_0339a.csv | src_mpcd_cuda_livevis_inventory_0314_to_0342a.csv | src_mpcd_cuda_resampling_env_flags_delta_0314.csv | src_mpcd_cuda_resampling_env_flags_delta_0314_to_0337_livevis.csv
MPCD_CUDA_RESAMPLING_SPLIT_NEW_PARTICLE_MIN_MASS_0307,"CUDA resampling post-SRC — diagnostics, split-safety et optimisation inactive",ajout 0307; nominal 0308,réel,0.25,Masse minimale de la particule créée par split et du donneur après split.,Valeur validée pour couper les outliers de masse/vitesse.,,src/cuda_classic_src_io_resident_0263.cu,,src_mpcd_cuda_env_flags_0314_resampling.csv | src_mpcd_cuda_livevis_inventory_0314_to_0339a.csv | src_mpcd_cuda_livevis_inventory_0314_to_0342a.csv | src_mpcd_cuda_resampling_env_flags_delta_0314.csv | src_mpcd_cuda_resampling_env_flags_delta_0314_to_0337_livevis.csv
MPCD_CUDA_RESAMPLING_SPLIT_PREFER_MAX_MASS_DONOR_0307,"CUDA resampling post-SRC — diagnostics, split-safety et optimisation inactive",ajout 0307; nominal 0308,booléen/env truthy,true,Choisit préférentiellement le donneur le plus massif pour un split.,Réduit le risque de resplit de particules déjà allégées.,,src/cuda_classic_src_io_resident_0263.cu,,src_mpcd_cuda_env_flags_0314_resampling.csv | src_mpcd_cuda_livevis_inventory_0314_to_0339a.csv | src_mpcd_cuda_livevis_inventory_0314_to_0342a.csv | src_mpcd_cuda_resampling_env_flags_delta_0314.csv | src_mpcd_cuda_resampling_env_flags_delta_0314_to_0337_livevis.csv
MPCD_CUDA_RESAMPLING_SPLIT_SAFETY_0307,"CUDA resampling post-SRC — diagnostics, split-safety et optimisation inactive",ajout 0307; nominal 0308,booléen/env truthy,true dans scripts resampling nominal 0308+,Active la prévention des cascades de split créant des particules de masse dégénérée.,Doit rester activé avec le resampling CUDA nominal.,,src/cuda_classic_src_io_resident_0263.cu,,src_mpcd_cuda_env_flags_0314_resampling.csv | src_mpcd_cuda_livevis_inventory_0314_to_0339a.csv | src_mpcd_cuda_livevis_inventory_0314_to_0342a.csv | src_mpcd_cuda_resampling_env_flags_delta_0314.csv | src_mpcd_cuda_resampling_env_flags_delta_0314_to_0337_livevis.csv
MPCD_CUDA_RESAMPLING_SUCCESS_CSV_0484,CUDA resampling résident — pipeline 0437–0484,présent état 36abd23; inventorié 0490p (0484),booléen/env truthy,hérite de DIAG_CSV_0484,Contrôle l’écriture des lignes de succès dans les CSV 0484.,"À passer dans l’environnement du shell, pas dans params.kv. Ligne ajoutée par comparaison exhaustive des appels getenv du code courant avec l’inventaire 0436b.",,src/cuda_resampling_pipeline_shadow_0445.cu,,delta source 0437–0490p / branche surf commit 36abd23
MPCD_CUDA_RESAMPLING_SUPPORT_SURVEY_0295,CUDA resampling post-SRC — survey et guard,ajout 0295-0303,booléen/env truthy,false/off sauf scripts 0295+,Active le survey CUDA post-SRC non-mutant du support particulaire.,Écrit cuda_resampling_support_survey_0295.csv; ne modifie pas l’état.,,,,src_mpcd_cuda_env_flags_0303_resampling.csv | src_mpcd_cuda_env_flags_0314_resampling.csv | src_mpcd_cuda_livevis_inventory_0314_to_0339a.csv | src_mpcd_cuda_livevis_inventory_0314_to_0342a.csv | src_mpcd_cuda_resampling_env_flags_delta_0303.csv | src_mpcd_cuda_resampling_env_flags_delta_0314.csv | src_mpcd_cuda_resampling_env_flags_delta_0314_to_0337_livevis.csv
MPCD_CUDA_RESAMPLING_SUPPORT_SURVEY_0295_EVERY,CUDA resampling post-SRC — survey et guard,ajout 0295-0303,entier,10 ou cadence script,Cadence du survey 0295.,0 ou absent désactive selon script; utilisé après SRC sur grille physique.,,,,src_mpcd_cuda_env_flags_0303_resampling.csv | src_mpcd_cuda_env_flags_0314_resampling.csv | src_mpcd_cuda_livevis_inventory_0314_to_0339a.csv | src_mpcd_cuda_livevis_inventory_0314_to_0342a.csv | src_mpcd_cuda_resampling_env_flags_delta_0303.csv | src_mpcd_cuda_resampling_env_flags_delta_0314.csv | src_mpcd_cuda_resampling_env_flags_delta_0314_to_0337_livevis.csv
MPCD_CUDA_RESAMPLING_SUPPORT_SURVEY_0295_MODE,CUDA resampling post-SRC — survey et guard,ajout 0295-0303,string,full,"Mode diagnostic: csv_only, sync_only, alloc_only, deposit_only, full.",Utilisé pour bisection VK 0295; pas nécessaire en production.,,,,src_mpcd_cuda_env_flags_0303_resampling.csv | src_mpcd_cuda_env_flags_0314_resampling.csv | src_mpcd_cuda_livevis_inventory_0314_to_0339a.csv | src_mpcd_cuda_livevis_inventory_0314_to_0342a.csv | src_mpcd_cuda_resampling_env_flags_delta_0303.csv | src_mpcd_cuda_resampling_env_flags_delta_0314.csv | src_mpcd_cuda_resampling_env_flags_delta_0314_to_0337_livevis.csv
MPCD_CUDA_RESAMPLING_SUPPORT_SURVEY_0295_THREADS,CUDA resampling post-SRC — compléments 0295–0319,présent état 36abd23; inventorié 0490p (0295),entier,256,Règle le nombre de threads CUDA par bloc du noyau associé.,"À passer dans l’environnement du shell, pas dans params.kv. Ligne ajoutée par comparaison exhaustive des appels getenv du code courant avec l’inventaire 0436b.",,src/cuda_resampling_support_survey_0295.cu,,delta source 0437–0490p / branche surf commit 36abd23
MPCD_CUDA_RESAMPLING_THRUST_CELL_LIST_MATERIALIZER_0460,CUDA resampling résident — pipeline 0437–0484,présent état 36abd23; inventorié 0490p (0460),booléen/env truthy,false/off,Sélectionne le matérialiseur fondé sur une liste de cellules candidates.,"À passer dans l’environnement du shell, pas dans params.kv. Ligne ajoutée par comparaison exhaustive des appels getenv du code courant avec l’inventaire 0436b.",,src/cuda_resampling_pipeline_shadow_0445.cu,,delta source 0437–0490p / branche surf commit 36abd23
MPCD_CUDA_RESAMPLING_TINY_MASS_THRESHOLD_0307,"CUDA resampling post-SRC — diagnostics, split-safety et optimisation inactive",ajout 0307,réel,0.1 ou valeur script,Seuil de diagnostic des particules ou splits de masse très faible.,Produit les compteurs splitFromMassBelow*_0307.,,src/cuda_classic_src_io_resident_0263.cu,,src_mpcd_cuda_env_flags_0314_resampling.csv | src_mpcd_cuda_livevis_inventory_0314_to_0339a.csv | src_mpcd_cuda_livevis_inventory_0314_to_0342a.csv | src_mpcd_cuda_resampling_env_flags_delta_0314.csv | src_mpcd_cuda_resampling_env_flags_delta_0314_to_0337_livevis.csv
MPCD_CUDA_RESAMPLING_TRANSFER_SHADOW,CUDA resampling — prototype/préservé,debug/comparaison,booléen/env truthy sauf mention contraire,false/off sauf activation par scripts validés,Contrôle les prototypes CUDA de resampling; ne fait pas partie du SRC classic full CUDA 0286.,Ne se place pas dans params.kv; à passer dans l’environnement du shell ou dans les scripts de validation/démo.,,src/weighted_resampling.cpp,,src_mpcd_cuda_env_flags_0287.csv | src_mpcd_cuda_env_flags_0292.csv | src_mpcd_cuda_env_flags_0303_resampling.csv | src_mpcd_cuda_env_flags_0314_resampling.csv
MPCD_CUDA_RESAMPLING_TRANSFER_SHADOW_CSV,CUDA resampling — prototype/préservé,debug/comparaison,string,false/off sauf activation par scripts validés,Contrôle les prototypes CUDA de resampling; ne fait pas partie du SRC classic full CUDA 0286.,Ne se place pas dans params.kv; à passer dans l’environnement du shell ou dans les scripts de validation/démo.,,src/weighted_resampling.cpp,,src_mpcd_cuda_env_flags_0287.csv | src_mpcd_cuda_env_flags_0292.csv | src_mpcd_cuda_env_flags_0303_resampling.csv | src_mpcd_cuda_env_flags_0314_resampling.csv
MPCD_CUDA_RESAMPLING_TRANSFER_SHADOW_MAX_TRANSFERS,CUDA resampling — prototype/préservé,debug/comparaison,entier,false/off sauf activation par scripts validés,Contrôle les prototypes CUDA de resampling; ne fait pas partie du SRC classic full CUDA 0286.,Ne se place pas dans params.kv; à passer dans l’environnement du shell ou dans les scripts de validation/démo.,,src/weighted_resampling.cpp,,src_mpcd_cuda_env_flags_0287.csv | src_mpcd_cuda_env_flags_0292.csv | src_mpcd_cuda_env_flags_0303_resampling.csv | src_mpcd_cuda_env_flags_0314_resampling.csv
MPCD_CUDA_RESAMPLING_TRANSFER_SHADOW_STRICT,CUDA resampling — prototype/préservé,debug/comparaison,booléen/env truthy sauf mention contraire,souvent true dans validateurs; dépend du module,Contrôle les prototypes CUDA de resampling; ne fait pas partie du SRC classic full CUDA 0286.,Ne se place pas dans params.kv; à passer dans l’environnement du shell ou dans les scripts de validation/démo.,,src/weighted_resampling.cpp,,src_mpcd_cuda_env_flags_0287.csv | src_mpcd_cuda_env_flags_0292.csv | src_mpcd_cuda_env_flags_0303_resampling.csv | src_mpcd_cuda_env_flags_0314_resampling.csv
MPCD_CUDA_RESAMPLING_TRANSFER_SHADOW_UNIQUE_RECEIVER,CUDA resampling — prototype/préservé,debug/comparaison,booléen/env truthy sauf mention contraire,false/off sauf activation par scripts validés,Contrôle les prototypes CUDA de resampling; ne fait pas partie du SRC classic full CUDA 0286.,Ne se place pas dans params.kv; à passer dans l’environnement du shell ou dans les scripts de validation/démo.,,src/weighted_resampling.cpp,,src_mpcd_cuda_env_flags_0287.csv | src_mpcd_cuda_env_flags_0292.csv | src_mpcd_cuda_env_flags_0303_resampling.csv | src_mpcd_cuda_env_flags_0314_resampling.csv
MPCD_CUDA_RESAMPLING_UPSTREAM_APPLY_0451,CUDA resampling résident — pipeline 0437–0484,présent état 36abd23; inventorié 0490p (0451),booléen/env truthy,false/off,Rend la partie amont CUDA autoritative à la cadence demandée.,"À passer dans l’environnement du shell, pas dans params.kv. Ligne ajoutée par comparaison exhaustive des appels getenv du code courant avec l’inventaire 0436b.",,src/cuda_resampling_pipeline_shadow_0445.cu,,delta source 0437–0490p / branche surf commit 36abd23
MPCD_CUDA_RESAMPLING_UPSTREAM_APPLY_EVERY_0451,CUDA resampling résident — pipeline 0437–0484,présent état 36abd23; inventorié 0490p (0451),entier,1,Règle la cadence d’exécution du module associé.,"À passer dans l’environnement du shell, pas dans params.kv. Ligne ajoutée par comparaison exhaustive des appels getenv du code courant avec l’inventaire 0436b.",,src/cuda_resampling_pipeline_shadow_0445.cu,,delta source 0437–0490p / branche surf commit 36abd23
MPCD_CUDA_RESAMPLING_UPSTREAM_SHADOW_0450,CUDA resampling résident — pipeline 0437–0484,présent état 36abd23; inventorié 0490p (0450),booléen/env truthy,false/off,Active le shadow de la partie amont planification/matérialisation.,"À passer dans l’environnement du shell, pas dans params.kv. Ligne ajoutée par comparaison exhaustive des appels getenv du code courant avec l’inventaire 0436b.",,src/cuda_resampling_pipeline_shadow_0445.cu,,delta source 0437–0490p / branche surf commit 36abd23
MPCD_CUDA_RESAMPLING_UPSTREAM_SHADOW_EVERY_0450,CUDA resampling résident — pipeline 0437–0484,présent état 36abd23; inventorié 0490p (0450),entier,1,Règle la cadence d’exécution du module associé.,"À passer dans l’environnement du shell, pas dans params.kv. Ligne ajoutée par comparaison exhaustive des appels getenv du code courant avec l’inventaire 0436b.",,src/cuda_resampling_pipeline_shadow_0445.cu,,delta source 0437–0490p / branche surf commit 36abd23
MPCD_CUDA_RESAMPLING_UPSTREAM_SHARED_STATE_0474,CUDA resampling résident — pipeline 0437–0484,présent état 36abd23; inventorié 0490p (0474),booléen/env truthy,false/off,Fait consommer l’état partagé directement par la partie amont.,"À passer dans l’environnement du shell, pas dans params.kv. Ligne ajoutée par comparaison exhaustive des appels getenv du code courant avec l’inventaire 0436b.",,src/cuda_resampling_pipeline_shadow_0445.cu,,delta source 0437–0490p / branche surf commit 36abd23
MPCD_CUDA_RESIDENT_PROFILE_0266,Profilage / instrumentation,diagnostic/profilage,booléen/env truthy sauf mention contraire,false/off,Active des sorties de profiling/instrumentation.,Ne se place pas dans params.kv; à passer dans l’environnement du shell ou dans les scripts de validation/démo.,,doc/GPU_PATCH_0266_RESIDENT_PERFORMANCE_INSTRUMENTATION.md,,src_mpcd_cuda_env_flags_0287.csv | src_mpcd_cuda_env_flags_0292.csv | src_mpcd_cuda_env_flags_0303_resampling.csv | src_mpcd_cuda_env_flags_0314_resampling.csv
MPCD_CUDA_RESIDENT_PROFILE_0267,Profilage / instrumentation,diagnostic/profilage,booléen/env truthy sauf mention contraire,false/off,Active des sorties de profiling/instrumentation.,Ne se place pas dans params.kv; à passer dans l’environnement du shell ou dans les scripts de validation/démo.,,,,src_mpcd_cuda_env_flags_0287.csv | src_mpcd_cuda_env_flags_0292.csv | src_mpcd_cuda_env_flags_0303_resampling.csv | src_mpcd_cuda_env_flags_0314_resampling.csv
MPCD_CUDA_RESIDENT_PROFILE_0268,CUDA SRC classic — inlet/outlet full-face,diagnostic/profilage,booléen/env truthy sauf mention contraire,false/off,Active des sorties de profiling/instrumentation.,Ne se place pas dans params.kv; à passer dans l’environnement du shell ou dans les scripts de validation/démo.,,,,src_mpcd_cuda_env_flags_0287.csv | src_mpcd_cuda_env_flags_0292.csv | src_mpcd_cuda_env_flags_0303_resampling.csv | src_mpcd_cuda_env_flags_0314_resampling.csv
MPCD_CUDA_RESIDENT_PROFILE_0269A,CUDA SRC classic — inlet/outlet segmenté,diagnostic/profilage,booléen/env truthy sauf mention contraire,false/off,Active des sorties de profiling/instrumentation.,Ne se place pas dans params.kv; à passer dans l’environnement du shell ou dans les scripts de validation/démo.,,,,src_mpcd_cuda_env_flags_0287.csv | src_mpcd_cuda_env_flags_0292.csv | src_mpcd_cuda_env_flags_0303_resampling.csv | src_mpcd_cuda_env_flags_0314_resampling.csv
MPCD_CUDA_RESIDENT_PROFILE_0270,Profilage / instrumentation,diagnostic/profilage,booléen/env truthy sauf mention contraire,false/off,Active des sorties de profiling/instrumentation.,Ne se place pas dans params.kv; à passer dans l’environnement du shell ou dans les scripts de validation/démo.,,,,src_mpcd_cuda_env_flags_0287.csv | src_mpcd_cuda_env_flags_0292.csv | src_mpcd_cuda_env_flags_0303_resampling.csv | src_mpcd_cuda_env_flags_0314_resampling.csv
MPCD_CUDA_RESIDENT_PROFILE_0271,Profilage / instrumentation,diagnostic/profilage,booléen/env truthy sauf mention contraire,false/off,Active des sorties de profiling/instrumentation.,Ne se place pas dans params.kv; à passer dans l’environnement du shell ou dans les scripts de validation/démo.,,,,src_mpcd_cuda_env_flags_0287.csv | src_mpcd_cuda_env_flags_0292.csv | src_mpcd_cuda_env_flags_0303_resampling.csv | src_mpcd_cuda_env_flags_0314_resampling.csv
MPCD_CUDA_RESIDENT_PROFILE_0272,Profilage / instrumentation,diagnostic/profilage,booléen/env truthy sauf mention contraire,false/off,Active des sorties de profiling/instrumentation.,Ne se place pas dans params.kv; à passer dans l’environnement du shell ou dans les scripts de validation/démo.,,,,src_mpcd_cuda_env_flags_0287.csv | src_mpcd_cuda_env_flags_0292.csv | src_mpcd_cuda_env_flags_0303_resampling.csv | src_mpcd_cuda_env_flags_0314_resampling.csv
MPCD_CUDA_RESIDENT_PROFILE_0273,Profilage / instrumentation,diagnostic/profilage,booléen/env truthy sauf mention contraire,false/off,Active des sorties de profiling/instrumentation.,Ne se place pas dans params.kv; à passer dans l’environnement du shell ou dans les scripts de validation/démo.,,,,src_mpcd_cuda_env_flags_0287.csv | src_mpcd_cuda_env_flags_0292.csv | src_mpcd_cuda_env_flags_0303_resampling.csv | src_mpcd_cuda_env_flags_0314_resampling.csv
MPCD_CUDA_RESIDENT_PROFILE_0274,Profilage / instrumentation,diagnostic/profilage,booléen/env truthy sauf mention contraire,false/off,Active des sorties de profiling/instrumentation.,Ne se place pas dans params.kv; à passer dans l’environnement du shell ou dans les scripts de validation/démo.,,,,src_mpcd_cuda_env_flags_0287.csv | src_mpcd_cuda_env_flags_0292.csv | src_mpcd_cuda_env_flags_0303_resampling.csv | src_mpcd_cuda_env_flags_0314_resampling.csv
MPCD_CUDA_ROLE_FILTER_FULL_ROLE_SCAN_0315D,CUDA état résident / active-prefix — audit et compatibilité,présent état 36abd23; inventorié 0490p (0315d),booléen/env truthy,false/off,Variable runtime interne contrôlant le chemin nommé dans le backend CUDA.,"À passer dans l’environnement du shell, pas dans params.kv. Ligne ajoutée par comparaison exhaustive des appels getenv du code courant avec l’inventaire 0436b.",,src/cuda_particle_state.cu,,delta source 0437–0490p / branche surf commit 36abd23
MPCD_CUDA_SHARED_STATE_DOWNLOAD_ALL_LEGACY_0315D,CUDA état résident / active-prefix — audit et compatibilité,présent état 36abd23; inventorié 0490p (0315d),booléen/env truthy,false/off,"Force une synchronisation ou un miroir hôte complet, principalement pour compatibilité et audit.","À passer dans l’environnement du shell, pas dans params.kv. Ligne ajoutée par comparaison exhaustive des appels getenv du code courant avec l’inventaire 0436b.",,src/cuda_shared_particle_state_0251.cpp,,delta source 0437–0490p / branche surf commit 36abd23
MPCD_CUDA_SRC_COLLISION_ACTIVE_STRICT,CUDA collision SRC,debug/comparaison,booléen/env truthy sauf mention contraire,souvent true dans validateurs; dépend du module,Active le mode strict: erreur si le chemin CUDA demandé ne s’applique pas.,Ne se place pas dans params.kv; à passer dans l’environnement du shell ou dans les scripts de validation/démo.,,src/src_collision.cpp,,src_mpcd_cuda_env_flags_0287.csv | src_mpcd_cuda_env_flags_0292.csv | src_mpcd_cuda_env_flags_0303_resampling.csv | src_mpcd_cuda_env_flags_0314_resampling.csv
MPCD_CUDA_SRC_COLLISION_SHADOW,CUDA collision SRC,debug/comparaison,booléen/env truthy sauf mention contraire,false/off sauf activation par scripts validés,Active comparaison shadow CUDA/CPU pour validation.,Ne se place pas dans params.kv; à passer dans l’environnement du shell ou dans les scripts de validation/démo.,,src/src_collision.cpp,,src_mpcd_cuda_env_flags_0287.csv | src_mpcd_cuda_env_flags_0292.csv | src_mpcd_cuda_env_flags_0303_resampling.csv | src_mpcd_cuda_env_flags_0314_resampling.csv
MPCD_CUDA_SRC_COLLISION_SHADOW_EVERY,CUDA collision SRC,debug/comparaison,entier,false/off sauf activation par scripts validés,Active comparaison shadow CUDA/CPU pour validation.,Ne se place pas dans params.kv; à passer dans l’environnement du shell ou dans les scripts de validation/démo.,,src/src_collision.cpp,,src_mpcd_cuda_env_flags_0287.csv | src_mpcd_cuda_env_flags_0292.csv | src_mpcd_cuda_env_flags_0303_resampling.csv | src_mpcd_cuda_env_flags_0314_resampling.csv
MPCD_CUDA_SRC_COLLISION_SHADOW_STRICT,CUDA collision SRC,debug/comparaison,booléen/env truthy sauf mention contraire,souvent true dans validateurs; dépend du module,Active le mode strict: erreur si le chemin CUDA demandé ne s’applique pas.,Ne se place pas dans params.kv; à passer dans l’environnement du shell ou dans les scripts de validation/démo.,,src/src_collision.cpp,,src_mpcd_cuda_env_flags_0287.csv | src_mpcd_cuda_env_flags_0292.csv | src_mpcd_cuda_env_flags_0303_resampling.csv | src_mpcd_cuda_env_flags_0314_resampling.csv
MPCD_CUDA_SRC_COLLISION_SHADOW_TOL,CUDA collision SRC,debug/comparaison,double,false/off sauf activation par scripts validés,Active comparaison shadow CUDA/CPU pour validation.,Ne se place pas dans params.kv; à passer dans l’environnement du shell ou dans les scripts de validation/démo.,,src/src_collision.cpp,,src_mpcd_cuda_env_flags_0287.csv | src_mpcd_cuda_env_flags_0292.csv | src_mpcd_cuda_env_flags_0303_resampling.csv | src_mpcd_cuda_env_flags_0314_resampling.csv
MPCD_CUDA_SRC_COLLISION_THREADS_PER_BLOCK,CUDA collision SRC,réglage performance/interne,entier,256 le plus souvent,Nombre de threads CUDA par bloc pour le noyau associé.,Ne se place pas dans params.kv; à passer dans l’environnement du shell ou dans les scripts de validation/démo.,,src/src_collision.cpp,,src_mpcd_cuda_env_flags_0287.csv | src_mpcd_cuda_env_flags_0292.csv | src_mpcd_cuda_env_flags_0303_resampling.csv | src_mpcd_cuda_env_flags_0314_resampling.csv
MPCD_CUDA_SRC_COLLISION_USE,CUDA collision SRC,interne/runtime,booléen/env truthy sauf mention contraire,false/off sauf activation par scripts validés,Variable interne de contrôle du backend CUDA.,Ne se place pas dans params.kv; à passer dans l’environnement du shell ou dans les scripts de validation/démo.,,doc/GPU_PATCH_0244.md,,src_mpcd_cuda_env_flags_0287.csv | src_mpcd_cuda_env_flags_0292.csv | src_mpcd_cuda_env_flags_0303_resampling.csv | src_mpcd_cuda_env_flags_0314_resampling.csv
MPCD_CUDA_STREAMING_PERIODIC_0245,Streaming CUDA résident,interne/runtime | confirmé 0334a,booléen/env truthy,false/off sauf scripts CUDA,Active le streaming périodique CUDA.,Ne se place pas dans params.kv; à passer dans l’environnement du shell ou dans les scripts de validation/démo. | 0334a : supporte le cas full-periodic + immersed circle sans téléchargement hôte par step.,,doc/GPU_PATCH_0245.md;doc/README_full_periodic_circle_resident_0334a.md;src/cuda_streaming_periodic_0245.cu,,src_mpcd_cuda_env_flags_0287.csv | src_mpcd_cuda_env_flags_0292.csv | src_mpcd_cuda_env_flags_0303_resampling.csv | src_mpcd_cuda_env_flags_0314_resampling.csv | src_mpcd_cuda_env_flags_added_0331_to_0337_livevis.csv | src_mpcd_cuda_livevis_inventory_0314_to_0339a.csv | src_mpcd_cuda_livevis_inventory_0314_to_0342a.csv | src_mpcd_cuda_resampling_env_flags_delta_0314_to_0337_livevis.csv
MPCD_CUDA_STREAMING_PERIODIC_0245_DOWNLOAD_ALL,CUDA SRC classic — périodique,réglage performance/interne,booléen/env truthy sauf mention contraire,false/off sauf activation par scripts validés,Variable interne de contrôle du backend CUDA.,Ne se place pas dans params.kv; à passer dans l’environnement du shell ou dans les scripts de validation/démo.,,doc/GPU_PATCH_0260.md,,src_mpcd_cuda_env_flags_0287.csv | src_mpcd_cuda_env_flags_0292.csv | src_mpcd_cuda_env_flags_0303_resampling.csv | src_mpcd_cuda_env_flags_0314_resampling.csv
MPCD_CUDA_STREAMING_PERIODIC_0245_THREADS,CUDA SRC classic — périodique,réglage performance/interne,entier,256 le plus souvent,Nombre de threads CUDA par bloc pour le noyau associé.,Ne se place pas dans params.kv; à passer dans l’environnement du shell ou dans les scripts de validation/démo.,,doc/GPU_PATCH_0245.md,,src_mpcd_cuda_env_flags_0287.csv | src_mpcd_cuda_env_flags_0292.csv | src_mpcd_cuda_env_flags_0303_resampling.csv | src_mpcd_cuda_env_flags_0314_resampling.csv
MPCD_CUDA_STREAMING_PISTON_0247B,CUDA SRC classic — piston/mobile wall,interne/runtime,booléen/env truthy sauf mention contraire,false/off sauf activation par scripts validés,Variable interne de contrôle du backend CUDA.,Ne se place pas dans params.kv; à passer dans l’environnement du shell ou dans les scripts de validation/démo.,,doc/GPU_PATCH_0247B.md,,src_mpcd_cuda_env_flags_0287.csv | src_mpcd_cuda_env_flags_0292.csv | src_mpcd_cuda_env_flags_0303_resampling.csv | src_mpcd_cuda_env_flags_0314_resampling.csv
MPCD_CUDA_STREAMING_PISTON_0247B_DOWNLOAD_ALL,CUDA SRC classic — piston/mobile wall,réglage performance/interne,booléen/env truthy sauf mention contraire,false/off sauf activation par scripts validés,Variable interne de contrôle du backend CUDA.,Ne se place pas dans params.kv; à passer dans l’environnement du shell ou dans les scripts de validation/démo.,,,,src_mpcd_cuda_env_flags_0287.csv | src_mpcd_cuda_env_flags_0292.csv | src_mpcd_cuda_env_flags_0303_resampling.csv | src_mpcd_cuda_env_flags_0314_resampling.csv
MPCD_CUDA_STREAMING_PISTON_0247B_THREADS,CUDA SRC classic — piston/mobile wall,réglage performance/interne,entier,256 le plus souvent,Nombre de threads CUDA par bloc pour le noyau associé.,Ne se place pas dans params.kv; à passer dans l’environnement du shell ou dans les scripts de validation/démo.,,,,src_mpcd_cuda_env_flags_0287.csv | src_mpcd_cuda_env_flags_0292.csv | src_mpcd_cuda_env_flags_0303_resampling.csv | src_mpcd_cuda_env_flags_0314_resampling.csv
MPCD_CUDA_STREAMING_WALL_SIMPLE_0246,CUDA SRC classic — wall-simple,interne/runtime,booléen/env truthy sauf mention contraire,false/off sauf activation par scripts validés,Variable interne de contrôle du backend CUDA.,Ne se place pas dans params.kv; à passer dans l’environnement du shell ou dans les scripts de validation/démo.,,doc/GPU_PATCH_0246.md,,src_mpcd_cuda_env_flags_0287.csv | src_mpcd_cuda_env_flags_0292.csv | src_mpcd_cuda_env_flags_0303_resampling.csv | src_mpcd_cuda_env_flags_0314_resampling.csv
MPCD_CUDA_STREAMING_WALL_SIMPLE_0246_DOWNLOAD_ALL,CUDA SRC classic — wall-simple,réglage performance/interne,booléen/env truthy sauf mention contraire,false/off sauf activation par scripts validés,Variable interne de contrôle du backend CUDA.,Ne se place pas dans params.kv; à passer dans l’environnement du shell ou dans les scripts de validation/démo.,,doc/GPU_PATCH_0261.md,,src_mpcd_cuda_env_flags_0287.csv | src_mpcd_cuda_env_flags_0292.csv | src_mpcd_cuda_env_flags_0303_resampling.csv | src_mpcd_cuda_env_flags_0314_resampling.csv
MPCD_CUDA_STREAMING_WALL_SIMPLE_0246_THREADS,CUDA SRC classic — wall-simple,réglage performance/interne,entier,256 le plus souvent,Nombre de threads CUDA par bloc pour le noyau associé.,Ne se place pas dans params.kv; à passer dans l’environnement du shell ou dans les scripts de validation/démo.,,,,src_mpcd_cuda_env_flags_0287.csv | src_mpcd_cuda_env_flags_0292.csv | src_mpcd_cuda_env_flags_0303_resampling.csv | src_mpcd_cuda_env_flags_0314_resampling.csv
MPCD_CUDA_STREAMING_WALL_SIMPLE_DOWNLOAD_ALL_LEGACY_0315K,CUDA état résident / active-prefix — audit et compatibilité,présent état 36abd23; inventorié 0490p (0315k),booléen/env truthy,false/off,"Force une synchronisation ou un miroir hôte complet, principalement pour compatibilité et audit.","À passer dans l’environnement du shell, pas dans params.kv. Ligne ajoutée par comparaison exhaustive des appels getenv du code courant avec l’inventaire 0436b.",,src/cuda_streaming_wall_simple_0246.cu,,delta source 0437–0490p / branche surf commit 36abd23
MPCD_CUDA_THERMOSTAT_PERSISTENT_0258,CUDA thermostat,interne/runtime,booléen/env truthy sauf mention contraire,false/off sauf activation par scripts validés,Variable interne de contrôle du backend CUDA.,Ne se place pas dans params.kv; à passer dans l’environnement du shell ou dans les scripts de validation/démo.,,doc/GPU_PATCH_0258.md,,src_mpcd_cuda_env_flags_0287.csv | src_mpcd_cuda_env_flags_0292.csv | src_mpcd_cuda_env_flags_0303_resampling.csv | src_mpcd_cuda_env_flags_0314_resampling.csv
MPCD_CUDA_THERMOSTAT_PERSISTENT_0258_METADATA_CACHE,CUDA thermostat,interne/runtime,booléen/env truthy sauf mention contraire,false/off sauf activation par scripts validés,Variable interne de contrôle du backend CUDA.,Ne se place pas dans params.kv; à passer dans l’environnement du shell ou dans les scripts de validation/démo.,,src/thermostat.cpp,,src_mpcd_cuda_env_flags_0287.csv | src_mpcd_cuda_env_flags_0292.csv | src_mpcd_cuda_env_flags_0303_resampling.csv | src_mpcd_cuda_env_flags_0314_resampling.csv
MPCD_CUDA_THERMOSTAT_PERSISTENT_0258_STRICT,CUDA thermostat,debug/comparaison,booléen/env truthy sauf mention contraire,souvent true dans validateurs; dépend du module,Active le mode strict: erreur si le chemin CUDA demandé ne s’applique pas.,Ne se place pas dans params.kv; à passer dans l’environnement du shell ou dans les scripts de validation/démo.,,src/thermostat.cpp,,src_mpcd_cuda_env_flags_0287.csv | src_mpcd_cuda_env_flags_0292.csv | src_mpcd_cuda_env_flags_0303_resampling.csv | src_mpcd_cuda_env_flags_0314_resampling.csv
MPCD_CUDA_THERMOSTAT_SHADOW,CUDA thermostat,debug/comparaison,booléen/env truthy sauf mention contraire,false/off sauf activation par scripts validés,Active comparaison shadow CUDA/CPU pour validation.,Ne se place pas dans params.kv; à passer dans l’environnement du shell ou dans les scripts de validation/démo.,,,,src_mpcd_cuda_env_flags_0287.csv | src_mpcd_cuda_env_flags_0292.csv | src_mpcd_cuda_env_flags_0303_resampling.csv | src_mpcd_cuda_env_flags_0314_resampling.csv
MPCD_CUDA_THERMOSTAT_SHADOW_DIAG_TOL,CUDA thermostat,debug/comparaison,double,false/off sauf activation par scripts validés,Active comparaison shadow CUDA/CPU pour validation.,Ne se place pas dans params.kv; à passer dans l’environnement du shell ou dans les scripts de validation/démo.,,src/thermostat.cpp,,src_mpcd_cuda_env_flags_0287.csv | src_mpcd_cuda_env_flags_0292.csv | src_mpcd_cuda_env_flags_0303_resampling.csv | src_mpcd_cuda_env_flags_0314_resampling.csv
MPCD_CUDA_THERMOSTAT_SHADOW_EVERY,CUDA thermostat,debug/comparaison,entier,false/off sauf activation par scripts validés,Active comparaison shadow CUDA/CPU pour validation.,Ne se place pas dans params.kv; à passer dans l’environnement du shell ou dans les scripts de validation/démo.,,src/thermostat.cpp,,src_mpcd_cuda_env_flags_0287.csv | src_mpcd_cuda_env_flags_0292.csv | src_mpcd_cuda_env_flags_0303_resampling.csv | src_mpcd_cuda_env_flags_0314_resampling.csv
MPCD_CUDA_THERMOSTAT_SHADOW_STRICT,CUDA thermostat,debug/comparaison,booléen/env truthy sauf mention contraire,souvent true dans validateurs; dépend du module,Active le mode strict: erreur si le chemin CUDA demandé ne s’applique pas.,Ne se place pas dans params.kv; à passer dans l’environnement du shell ou dans les scripts de validation/démo.,,src/thermostat.cpp,,src_mpcd_cuda_env_flags_0287.csv | src_mpcd_cuda_env_flags_0292.csv | src_mpcd_cuda_env_flags_0303_resampling.csv | src_mpcd_cuda_env_flags_0314_resampling.csv
MPCD_CUDA_THERMOSTAT_SHADOW_TOL,CUDA thermostat,debug/comparaison,double,false/off sauf activation par scripts validés,Active comparaison shadow CUDA/CPU pour validation.,Ne se place pas dans params.kv; à passer dans l’environnement du shell ou dans les scripts de validation/démo.,,src/thermostat.cpp,,src_mpcd_cuda_env_flags_0287.csv | src_mpcd_cuda_env_flags_0292.csv | src_mpcd_cuda_env_flags_0303_resampling.csv | src_mpcd_cuda_env_flags_0314_resampling.csv
MPCD_CUDA_THERMOSTAT_THREADS_PER_BLOCK,CUDA thermostat,réglage performance/interne,entier,256 le plus souvent,Nombre de threads CUDA par bloc pour le noyau associé.,Ne se place pas dans params.kv; à passer dans l’environnement du shell ou dans les scripts de validation/démo.,,src/thermostat.cpp,,src_mpcd_cuda_env_flags_0287.csv | src_mpcd_cuda_env_flags_0292.csv | src_mpcd_cuda_env_flags_0303_resampling.csv | src_mpcd_cuda_env_flags_0314_resampling.csv
MPCD_CUDA_THERMOSTAT_USE,CUDA thermostat,interne/runtime,booléen/env truthy sauf mention contraire,false/off sauf activation par scripts validés,Variable interne de contrôle du backend CUDA.,Ne se place pas dans params.kv; à passer dans l’environnement du shell ou dans les scripts de validation/démo.,,doc/GPU_PATCH_0244.md;doc/GPU_PATCH_0258.md,,src_mpcd_cuda_env_flags_0287.csv | src_mpcd_cuda_env_flags_0292.csv | src_mpcd_cuda_env_flags_0303_resampling.csv | src_mpcd_cuda_env_flags_0314_resampling.csv
MPCD_CUDA_WALL_SIMPLE_CLOSED_BOX_0493X1,CUDA wall-simple / boîte fermée,présent depuis 0493x1; ajouté lors du contrôle exhaustif 0493x7q,booléen/env truthy,false/off,Autorise le sous-ensemble CUDA résident wall-simple/Q6 pour une boîte fermée statique à quatre faces de réflexion supportées.,Omission corrigée dans l’inventaire x7q. Ne constitue pas un nouveau développement x7q.,,src/cuda_q6_resident_0400.cu;src/src_collision.cpp,x1;x7q,delta exhaustif getenv au snapshot 0493x7q
MPCD_DARCY_EXACT_MOMENTUM_DIAG_0493X8A,Darcy — diagnostic impulsion exacte,présent source courant; diagnostic; absent inventaire précédent,booléen/env truthy,0/off,"Active les sommes exactes d'impulsion Darcy, le suivi cumulatif du mean-kick et le CSV exact 0493x8a.",Lu seulement si Darcy-Brinkman est activé. Les branches physiques de forcing ne sont pas sélectionnées par ce flag.,,,,snap_260826_code_audit_20260826
MPCD_DARCY_FASTFLAGS_ENABLE,Alias script fastflags Darcy | Darcy/Brinkman CUDA résident — fastflags,ajout/documenté 0426 | ajout 0426,booléen | booléen/env truthy,1,Active/désactive le bloc commun fastflags 0426 des scripts Darcy. | Active le bloc commun 0426 de drapeaux rapides dans les scripts Darcy de démonstration.,Les alias script sont résolus avant écriture du .kv ou export de l’environnement. | Mettre à 0 pour diagnostic/ablation. La correction 0426 a ramené le backward step Darcy/chiVP segmenté au coût du chemin résident rapide.,,doc/README_0426_DARCY_FASTFLAGS.md;scripts/run_src_classic_cuda_darcy_chi_backward_step_0425.sh;scripts/run_src_classic_cuda_darcy_chi_lr_segments_0411.sh;scripts/run_src_classic_cuda_darcy_chi_naca_periodic_0414.sh,,src_mpcd_params_inventory_consolidated_0365.csv + compléments Darcy/Brinkman/livevis 0411-0426 | src_mpcd_env_flags_inventory_consolidated_0365.csv + compléments Darcy/Brinkman/livevis 0411-0426
MPCD_DEPOSIT_PROFILE,Profilage / instrumentation,diagnostic/profilage,booléen/env truthy sauf mention contraire,false/off,Active des sorties de profiling/instrumentation.,Ne se place pas dans params.kv; à passer dans l’environnement du shell ou dans les scripts de validation/démo.,,src/weighted_resampling.cpp,,src_mpcd_cuda_env_flags_0287.csv | src_mpcd_cuda_env_flags_0292.csv | src_mpcd_cuda_env_flags_0303_resampling.csv | src_mpcd_cuda_env_flags_0314_resampling.csv
MPCD_DISABLED_RESAMPLING_SUMMARY_DIAGNOSTICS_0315G,CUDA état résident / active-prefix — audit et compatibilité,présent état 36abd23; inventorié 0490p (0315g),booléen/env truthy,false/off,Contrôle un diagnostic ou journal runtime du composant associé.,"À passer dans l’environnement du shell, pas dans params.kv. Ligne ajoutée par comparaison exhaustive des appels getenv du code courant avec l’inventaire 0436b.",,src/main_src_mpcd_base.cpp,,delta source 0437–0490p / branche surf commit 36abd23
MPCD_ELLIPTIC_PROFILE,Profilage / instrumentation,diagnostic/profilage,booléen/env truthy sauf mention contraire,false/off,Active des sorties de profiling/instrumentation.,Ne se place pas dans params.kv; à passer dans l’environnement du shell ou dans les scripts de validation/démo.,,src/elliptic_projection.cpp,,src_mpcd_cuda_env_flags_0287.csv | src_mpcd_cuda_env_flags_0292.csv | src_mpcd_cuda_env_flags_0303_resampling.csv | src_mpcd_cuda_env_flags_0314_resampling.csv
MPCD_ENABLE_LIVE_VIS,Build option live visualization,ajout 0335,booléen/env truthy,false/off,Compile le support GLFW/OpenGL de visualisation live.,"Flag de build. Si absent, le module livevis reste no-op et le build standard ne dépend pas de GLFW/OpenGL.",,doc/README_live_visualization_0335a.md;scripts/build_src_mpcd_cuda_0315b.sh;src/live_visualization_0335.cpp,,src_mpcd_cuda_env_flags_added_0331_to_0337_livevis.csv | src_mpcd_cuda_livevis_inventory_0314_to_0339a.csv | src_mpcd_cuda_livevis_inventory_0314_to_0342a.csv | src_mpcd_cuda_resampling_env_flags_delta_0314_to_0337_livevis.csv
MPCD_ENSURE_PARTICLE_ROLES_FULL_REFRESH_0315M,CUDA état résident / active-prefix — audit et compatibilité,présent état 36abd23; inventorié 0490p (0315m),booléen/env truthy,false/off,Variable runtime interne contrôlant le chemin nommé dans le backend CUDA.,"À passer dans l’environnement du shell, pas dans params.kv. Ligne ajoutée par comparaison exhaustive des appels getenv du code courant avec l’inventaire 0436b.",,src/particle_state.cpp,,delta source 0437–0490p / branche surf commit 36abd23
MPCD_FILTERED_FIELD_RECORD_EVERY,Filtered field recording 0432a,ajout 0432a | mis à jour 0433a,entier > 0 si présent,absent par défaut; sinon override explicite,Fallback MPCD_* pour l’override expert de cadence d’écriture des dumps filtrés.,0433a: n’est plus nécessaire pour obtenir une cadence d’enregistrement; le comportement par défaut est WYSIWYR avec recordEvery=liveEvery. Une valeur env >0 force recordEverySource=override.,,doc/README_0432A_FILTERED_FIELD_RECORDING_STRICT.md;src/filtered_field_recorder_0432.cpp;src/live_visualization_0335.cpp,,session_0432_filtered_recording | session_0433a_wysiwyr
MPCD_FILTERED_FIELD_RECORD_FIELDS,Filtered field recording 0432a,ajout 0432a,liste CSV de champs,current,Fallback MPCD_* pour la liste des champs à enregistrer.,Utilisé si SRC_FILTERED_FIELD_RECORD_FIELDS est absent.,,doc/README_0432A_FILTERED_FIELD_RECORDING_STRICT.md;src/filtered_field_recorder_0432.cpp;src/live_visualization_0335.cpp,,session_0432_filtered_recording
MPCD_FILTERED_FIELD_RECORDING_0432,Filtered field recording 0432a,ajout 0432a,booléen/env truthy,false/off,Active le recorder observation-only de champs filtrés.,Indispensable pour produire des dumps filtrés; recordEnable=true dans livevis_control.kv ne suffit pas si ce flag est absent. Alias SRC_FILTERED_FIELD_RECORDING_0432 accepté.,,doc/README_0432A_FILTERED_FIELD_RECORDING_STRICT.md;src/filtered_field_recorder_0432.cpp;src/live_visualization_0335.cpp,,session_0432_filtered_recording
MPCD_FILTERED_FIELD_SAMPLE_EVERY,Filtered field recording 0432a,ajout 0432a,entier >= 1,1,Fallback MPCD_* pour la cadence d’échantillonnage du recorder.,Utilisé si SRC_FILTERED_FIELD_SAMPLE_EVERY est absent.,,doc/README_0432A_FILTERED_FIELD_RECORDING_STRICT.md;src/filtered_field_recorder_0432.cpp;src/live_visualization_0335.cpp,,session_0432_filtered_recording
MPCD_FILTERED_FIELD_TAU,Filtered field recording 0432a,ajout 0432a,double >= 0,0.0,Fallback MPCD_* pour initialiser filterTau du recorder.,Utilisé si SRC_FILTERED_FIELD_TAU est absent; la clé control-file filterTau peut ensuite surcharger.,,doc/README_0432A_FILTERED_FIELD_RECORDING_STRICT.md;src/filtered_field_recorder_0432.cpp;src/live_visualization_0335.cpp,,session_0432_filtered_recording
MPCD_INTERNAL_PROFILES,Profilage / instrumentation,diagnostic/profilage | propagé scripts Darcy 0426,booléen/env truthy sauf mention contraire,false/off,Active des sorties de profiling/instrumentation.,Ne se place pas dans params.kv; à passer dans l’environnement du shell ou dans les scripts de validation/démo. | 0426 : intégré au bloc fastflags Darcy pour éviter le backend collision/thermostat lent dans les cas chi/segments.,,doc/GPU_PATCH_0266_RESIDENT_PERFORMANCE_INSTRUMENTATION.md;doc/README_0426_DARCY_FASTFLAGS.md;scripts/run_src_classic_cuda_darcy_chi_backward_step_0425.sh;scripts/run_src_classic_cuda_darcy_chi_lr_segments_0411.sh;scripts/run_src_classic_cuda_darcy_chi_naca_periodic_0414.sh,,src_mpcd_cuda_env_flags_0287.csv | src_mpcd_cuda_env_flags_0292.csv | src_mpcd_cuda_env_flags_0303_resampling.csv | src_mpcd_cuda_env_flags_0314_resampling.csv | src_mpcd_env_flags_inventory_consolidated_0365.csv + compléments Darcy/Brinkman/livevis 0411-0426
MPCD_LIVE_VIS_ALPHA,Live visualization runtime,ajout 0335c | alias/fallback MPCD_* recensé 0432a | précisé 0436b,"double [0,1]",0.08 scripts 0337,Alias/fallback MPCD_* de SRC_LIVE_VIS_ALPHA. Lissage temporel du rendu CPU fallback.,"Le chemin CUDA field rend directement une image compacte; alpha est surtout utile au fallback CPU. | Ajouté à l’inventaire car utilisé comme fallback par live_visualization_0335.cpp et/ou filtered_field_recorder_0432.cpp. | 0436b: persistance temporelle du champ affiché; alpha=1.0 donne un affichage immédiat. Le changement de field/particleTypeFilter doit réinitialiser displayScalar une frame, puis reprendre le lissage.",,src/filtered_field_recorder_0432.cpp;src/live_visualization_0335.cpp,,src_mpcd_cuda_env_flags_added_0331_to_0337_livevis.csv | src_mpcd_cuda_livevis_inventory_0314_to_0339a.csv | src_mpcd_cuda_livevis_inventory_0314_to_0342a.csv | src_mpcd_cuda_resampling_env_flags_delta_0314_to_0337_livevis.csv | session_0432_filtered_recording | session_0436_particle_type_filter_livevis
MPCD_LIVE_VIS_CLIP,Live visualization runtime,ajout 0335c | alias/fallback MPCD_* recensé 0432a,double; <=0 auto,-1 auto,Alias/fallback MPCD_* de SRC_LIVE_VIS_CLIP. Échelle de saturation/clip couleur.,Valeur fixe utile pour comparer plusieurs runs; auto utile pour inspection rapide. | 0341a: valeur initiale seulement; peut être modifiée à chaud via livevis_control.kv si SRC_LIVE_VIS_CONTROL_FILE est défini. | Ajouté à l’inventaire car utilisé comme fallback par live_visualization_0335.cpp et/ou filtered_field_recorder_0432.cpp.,,doc/livevis_runtime_control_0341a.md;src/cuda_live_field_0337.cu;src/filtered_field_recorder_0432.cpp;src/live_visualization_0335.cpp;src/main_src_mpcd_base.cpp,,src_mpcd_cuda_env_flags_added_0331_to_0337_livevis.csv | src_mpcd_cuda_livevis_inventory_0314_to_0339a.csv | src_mpcd_cuda_livevis_inventory_0314_to_0342a.csv | src_mpcd_cuda_resampling_env_flags_delta_0314_to_0337_livevis.csv | session_0432_filtered_recording
MPCD_LIVE_VIS_COLORMAP,Live visualization colormap,ajout 0342a | alias/fallback MPCD_* recensé 0432a,enum: blue_red | gray | thermal,blue_red,"Alias/fallback MPCD_* de SRC_LIVE_VIS_COLORMAP. Colormap consommé par le renderer livevis, y compris le chemin CUDA field 0337.",Mis à jour dans le processus lors de la relecture de livevis_control.kv lorsque la clé colormap change. Alias acceptés: grey/grayscale/greyscale -> gray; heat/hot -> thermal. | Ajouté à l’inventaire car utilisé comme fallback par live_visualization_0335.cpp et/ou filtered_field_recorder_0432.cpp.,,doc/livevis_colormap_control_0342a.md;src/cuda_live_field_0337.cu;src/filtered_field_recorder_0432.cpp;src/live_visualization_0335.cpp,,src_mpcd_cuda_livevis_inventory_0314_to_0342a.csv | session_0432_filtered_recording
MPCD_LIVE_VIS_CONTROL_EVERY,Live visualization runtime control,ajout 0341a | alias/fallback MPCD_* recensé 0432a,entier >= 1,1,Alias/fallback MPCD_* de SRC_LIVE_VIS_CONTROL_EVERY. Stride de relecture du fichier de contrôle sur les opportunités d’affichage livevis.,"Avec LIVE_VIS_EVERY=25 et CONTROL_EVERY=1, le fichier est relu à chaque frame livevis. | Ajouté à l’inventaire car utilisé comme fallback par live_visualization_0335.cpp et/ou filtered_field_recorder_0432.cpp.",,src/filtered_field_recorder_0432.cpp;src/live_visualization_0335.cpp,,src_mpcd_cuda_livevis_inventory_0314_to_0342a.csv | session_0432_filtered_recording
MPCD_LIVE_VIS_CONTROL_FILE,Live visualization runtime control,ajout 0341a; propagé scripts 0341b/0341d | alias/fallback MPCD_* recensé 0432a,chemin fichier .kv,vide/off si non fourni,Alias/fallback MPCD_* de SRC_LIVE_VIS_CONTROL_FILE. Chemin du fichier livevis_control.kv relu à chaud par le binaire pour modifier field/clip/gain/smoothPasses/colormap sans redémarrage.,Le chemin recommandé est fourni par les scripts depuis LIVE_VIS_CONTROL_FILE_EFFECTIVE. Les logs de reload sont écrits dans le fichier .time. | Ajouté à l’inventaire car utilisé comme fallback par live_visualization_0335.cpp et/ou filtered_field_recorder_0432.cpp.,,doc/livevis_runtime_control_0341a.md;doc/livevis_runtime_control_0341b_scripts.md;src/filtered_field_recorder_0432.cpp;src/live_visualization_0335.cpp,,src_mpcd_cuda_livevis_inventory_0314_to_0342a.csv | session_0432_filtered_recording
MPCD_LIVE_VIS_CONTROL_LOG,Live visualization runtime control,ajout 0341a | alias/fallback MPCD_* recensé 0432a,booléen/env truthy,1 dans scripts 0341b/0341d,Alias/fallback MPCD_* de SRC_LIVE_VIS_CONTROL_LOG. Active les lignes de diagnostic [livevis0335] control reload dans stderr/.time.,Très utile pour vérifier que le fichier est bien relu et que field/clip/gain/smoothPasses/colormap changent. | Ajouté à l’inventaire car utilisé comme fallback par live_visualization_0335.cpp et/ou filtered_field_recorder_0432.cpp.,,src/filtered_field_recorder_0432.cpp;src/live_visualization_0335.cpp,,src_mpcd_cuda_livevis_inventory_0314_to_0342a.csv | session_0432_filtered_recording
MPCD_LIVE_VIS_ENABLE,Live visualization runtime,mis à jour 0426,booléen/env truthy,copie de LIVE_VIS_ENABLE/SRC_LIVE_VIS_ENABLE,Alias historique/runtime pour activer ou désactiver la visualisation temps réel.,Exporté explicitement par les scripts Darcy et livevis ; garder synchronisé avec SRC_LIVE_VIS_ENABLE.,,doc/README_0426_DARCY_FASTFLAGS.md;scripts/run_src_classic_cuda_darcy_chi_backward_step_0425.sh;scripts/run_src_classic_cuda_darcy_chi_lr_segments_0411.sh;scripts/run_src_classic_cuda_darcy_chi_naca_periodic_0414.sh,,src_mpcd_env_flags_inventory_consolidated_0365.csv + compléments Darcy/Brinkman/livevis 0411-0426
MPCD_LIVE_VIS_EVERY,Live visualization runtime,ajout 0335 | mis à jour 0339a | alias/fallback MPCD_* recensé 0432a | mis à jour 0433a,entier > 0,10 code; 20 scripts 0337,Initialise la cadence livevis au démarrage; depuis 0433a cette cadence peut être modifiée à chaud par livevis_control.kv:liveEvery/every/visualEvery.,Augmenter pour réduire le coût d’affichage. | 0339a: export effectif issu de LIVE_VIS_EVERY dans les scripts livevis; défaut script recommandé 25. | Ajouté à l’inventaire car utilisé comme fallback par live_visualization_0335.cpp et/ou filtered_field_recorder_0432.cpp. | 0433a: livevis_control.kv:liveEvery devient le contrôle runtime canonique; recordEvery absent ou <=0 suit cette cadence pour les dumps filtrés.,,src/filtered_field_recorder_0432.cpp;src/live_visualization_0335.cpp;src/live_visualization_0335.h;src/main_src_mpcd_base.cpp,,src_mpcd_cuda_env_flags_added_0331_to_0337_livevis.csv | src_mpcd_cuda_livevis_inventory_0314_to_0339a.csv | src_mpcd_cuda_livevis_inventory_0314_to_0342a.csv | src_mpcd_cuda_resampling_env_flags_delta_0314_to_0337_livevis.csv | session_0432_filtered_recording | session_0433a_wysiwyr
MPCD_LIVE_VIS_FIELD,Live visualization runtime,mis à jour 0361,string: mêmes valeurs que SRC_LIVE_VIS_FIELD,fallback si SRC_LIVE_VIS_FIELD absent,Alias/fallback historique pour choisir le champ live.,Utilisé par live_visualization_0335.cpp comme fallback MPCD_* pour la plupart des contrôles livevis.,,doc/livevis_field_N_0361.md;doc/livevis_field_minmax_0363.md;doc/livevis_quiver_overlay_0364.md;doc/livevis_quiver_smoothing_0365.md;include/cuda_live_field_0337.h;src/cuda_live_field_0337.cu;src/live_visualization_0335.cpp;src/main_src_mpcd_base.cpp,,session_0361_0365_livevis
MPCD_LIVE_VIS_GAIN,Live visualization runtime,ajout 0335c/0337 | alias/fallback MPCD_* recensé 0432a,double > 0,1.0,Alias/fallback MPCD_* de SRC_LIVE_VIS_GAIN. Gain visuel appliqué à la colormap.,Réduire si l’image est saturée rouge/bleu; augmenter pour renforcer le contraste. | 0341a: valeur initiale seulement; peut être modifiée à chaud via livevis_control.kv si SRC_LIVE_VIS_CONTROL_FILE est défini. | Ajouté à l’inventaire car utilisé comme fallback par live_visualization_0335.cpp et/ou filtered_field_recorder_0432.cpp.,,doc/livevis_runtime_control_0341a.md;src/cuda_live_field_0337.cu;src/filtered_field_recorder_0432.cpp;src/live_visualization_0335.cpp;src/main_src_mpcd_base.cpp,,src_mpcd_cuda_env_flags_added_0331_to_0337_livevis.csv | src_mpcd_cuda_livevis_inventory_0314_to_0339a.csv | src_mpcd_cuda_livevis_inventory_0314_to_0342a.csv | src_mpcd_cuda_resampling_env_flags_delta_0314_to_0337_livevis.csv | session_0432_filtered_recording
MPCD_LIVE_VIS_HOLD_ON_EXIT,Live visualization runtime,ajout 0421; propagé Darcy 0425/0426 | alias/fallback MPCD_* recensé 0432a,booléen/env truthy,1 dans scripts interactifs; 0 recommandé en batch,Alias/fallback MPCD_* de SRC_LIVE_VIS_HOLD_ON_EXIT. Conserve la fenêtre livevis ouverte à la fin du run lorsque la visualisation est active.,Introduit pour inspection interactive ; désactiver en campagnes automatiques afin que le script termine. | Ajouté à l’inventaire car utilisé comme fallback par live_visualization_0335.cpp et/ou filtered_field_recorder_0432.cpp.,,doc/README_0426_DARCY_FASTFLAGS.md;scripts/run_src_classic_cuda_darcy_chi_backward_step_0425.sh;scripts/run_src_classic_cuda_darcy_chi_lr_segments_0411.sh;scripts/run_src_classic_cuda_darcy_chi_naca_periodic_0414.sh;src/filtered_field_recorder_0432.cpp;src/live_visualization_0335.cpp,,src_mpcd_env_flags_inventory_consolidated_0365.csv + compléments Darcy/Brinkman/livevis 0411-0426 | session_0432_filtered_recording
MPCD_LIVE_VIS_NO_SOLID_OVERLAY,Live visualization runtime,alias/fallback MPCD_* recensé 0432a,voir alias SRC_* correspondant,voir alias SRC_* correspondant,Alias/fallback MPCD_* livevis.,Utilisé comme fallback runtime par live_visualization_0335.cpp et/ou filtered_field_recorder_0432.cpp.,,src/filtered_field_recorder_0432.cpp;src/live_visualization_0335.cpp,,session_0432_filtered_recording
MPCD_LIVE_VIS_NX,Live visualization runtime,ajout 0335/0337 | alias/fallback MPCD_* recensé 0432a,entier >= 16,300 scripts 0337,Alias/fallback MPCD_* de SRC_LIVE_VIS_NX. Résolution x de la grille/champ live.,Plus élevé = plus fin mais plus coûteux. 300×80 validé comme compromis. | Ajouté à l’inventaire car utilisé comme fallback par live_visualization_0335.cpp et/ou filtered_field_recorder_0432.cpp.,,src/cuda_live_field_0337.cu;src/filtered_field_recorder_0432.cpp;src/live_visualization_0335.cpp;src/main_src_mpcd_base.cpp,,src_mpcd_cuda_env_flags_added_0331_to_0337_livevis.csv | src_mpcd_cuda_livevis_inventory_0314_to_0339a.csv | src_mpcd_cuda_livevis_inventory_0314_to_0342a.csv | src_mpcd_cuda_resampling_env_flags_delta_0314_to_0337_livevis.csv | session_0432_filtered_recording
MPCD_LIVE_VIS_NY,Live visualization runtime,ajout 0335/0337 | alias/fallback MPCD_* recensé 0432a,entier >= 16,80 scripts 0337,Alias/fallback MPCD_* de SRC_LIVE_VIS_NY. Résolution y de la grille/champ live.,Plus élevé = plus fin mais plus coûteux. 300×80 validé comme compromis. | Ajouté à l’inventaire car utilisé comme fallback par live_visualization_0335.cpp et/ou filtered_field_recorder_0432.cpp.,,src/cuda_live_field_0337.cu;src/filtered_field_recorder_0432.cpp;src/live_visualization_0335.cpp;src/main_src_mpcd_base.cpp,,src_mpcd_cuda_env_flags_added_0331_to_0337_livevis.csv | src_mpcd_cuda_livevis_inventory_0314_to_0339a.csv | src_mpcd_cuda_livevis_inventory_0314_to_0342a.csv | src_mpcd_cuda_resampling_env_flags_delta_0314_to_0337_livevis.csv | session_0432_filtered_recording
MPCD_LIVE_VIS_PARTICLE_TYPE_FILTER,Live visualization runtime / particle type filter 0436,ajout 0436 alias/fallback MPCD_*,entier,-1,Alias/fallback MPCD_* de SRC_LIVE_VIS_PARTICLE_TYPE_FILTER.,Même convention: -1=all; 0/1/2 types particulaires. Utile pour compatibilité avec les anciens scripts MPCD_*.,,src/filtered_field_recorder_0432.cpp;src/live_visualization_0335.cpp,,session_0436_particle_type_filter_livevis
MPCD_LIVE_VIS_QUANTILE,Live visualization runtime,ajout 0335c | alias/fallback MPCD_* recensé 0432a,"double dans (0,1]",0.995,Alias/fallback MPCD_* de SRC_LIVE_VIS_QUANTILE. Quantile d’échelle auto du rendu CPU fallback.,Limite l’effet du bruit particulaire et des outliers. | Ajouté à l’inventaire car utilisé comme fallback par live_visualization_0335.cpp et/ou filtered_field_recorder_0432.cpp.,,src/filtered_field_recorder_0432.cpp;src/live_visualization_0335.cpp,,src_mpcd_cuda_env_flags_added_0331_to_0337_livevis.csv | src_mpcd_cuda_livevis_inventory_0314_to_0339a.csv | src_mpcd_cuda_livevis_inventory_0314_to_0342a.csv | src_mpcd_cuda_resampling_env_flags_delta_0314_to_0337_livevis.csv | session_0432_filtered_recording
MPCD_LIVE_VIS_QUIVER_MIN_SPEED,Live visualization runtime,ajout 0364,double >= 0,0,Seuil minimal de vitesse sous lequel les segments quiver ne sont pas dessinés.,,,doc/livevis_field_N_0361.md;doc/livevis_field_minmax_0363.md;doc/livevis_quiver_overlay_0364.md;doc/livevis_quiver_smoothing_0365.md;include/cuda_live_field_0337.h;src/cuda_live_field_0337.cu;src/live_visualization_0335.cpp;src/main_src_mpcd_base.cpp,,session_0361_0365_livevis
MPCD_LIVE_VIS_QUIVER_NX,Live visualization runtime,ajout 0364,entier >= 1,60,Nombre de colonnes de la grille vectorielle quiver décimée.,"Un coût faible est obtenu en gardant une grille décimée, par exemple 60x32.",,doc/livevis_field_N_0361.md;doc/livevis_field_minmax_0363.md;doc/livevis_quiver_overlay_0364.md;doc/livevis_quiver_smoothing_0365.md;include/cuda_live_field_0337.h;src/cuda_live_field_0337.cu;src/live_visualization_0335.cpp;src/main_src_mpcd_base.cpp,,session_0361_0365_livevis
MPCD_LIVE_VIS_QUIVER_NY,Live visualization runtime,ajout 0364,entier >= 1,32,Nombre de lignes de la grille vectorielle quiver décimée.,"Un coût faible est obtenu en gardant une grille décimée, par exemple 60x32.",,doc/livevis_field_N_0361.md;doc/livevis_field_minmax_0363.md;doc/livevis_quiver_overlay_0364.md;doc/livevis_quiver_smoothing_0365.md;include/cuda_live_field_0337.h;src/cuda_live_field_0337.cu;src/live_visualization_0335.cpp;src/main_src_mpcd_base.cpp,,session_0361_0365_livevis
MPCD_LIVE_VIS_QUIVER_SCALE,Live visualization runtime,ajout 0364,double,-1,"Gain manuel des segments vitesse, en pixels par unité de vitesse.",Valeur <0: désactive l’overlay quiver; valeur >=0: active l’overlay.,,doc/livevis_field_N_0361.md;doc/livevis_field_minmax_0363.md;doc/livevis_quiver_overlay_0364.md;doc/livevis_quiver_smoothing_0365.md;include/cuda_live_field_0337.h;src/cuda_live_field_0337.cu;src/live_visualization_0335.cpp;src/main_src_mpcd_base.cpp,,session_0361_0365_livevis
MPCD_LIVE_VIS_QUIVER_SMOOTH_PASSES,Live visualization runtime,ajout 0365,entier; -1 ou >=0,-1,Nombre de passes de lissage 3x3 appliquées aux vecteurs quiver sur la grille décimée.,<0 réutilise smoothPasses; 0 désactive le lissage des vecteurs; >0 fixe le nombre de passes.,,doc/livevis_field_N_0361.md;doc/livevis_field_minmax_0363.md;doc/livevis_quiver_overlay_0364.md;doc/livevis_quiver_smoothing_0365.md;include/cuda_live_field_0337.h;src/cuda_live_field_0337.cu;src/live_visualization_0335.cpp;src/main_src_mpcd_base.cpp,,session_0361_0365_livevis
MPCD_LIVE_VIS_SMOOTH_PASSES,Live visualization runtime,ajout 0335c/0337 | alias/fallback MPCD_* recensé 0432a,entier >= 0,1 scripts 0337,Alias/fallback MPCD_* de SRC_LIVE_VIS_SMOOTH_PASSES. Nombre de passes de lissage spatial du champ live.,Vorticité: souvent 1 ou 2; champs vitesse: 0 ou 1. | 0341a: valeur initiale seulement; peut être modifiée à chaud via livevis_control.kv si SRC_LIVE_VIS_CONTROL_FILE est défini. | Ajouté à l’inventaire car utilisé comme fallback par live_visualization_0335.cpp et/ou filtered_field_recorder_0432.cpp.,,doc/livevis_runtime_control_0341a.md;src/cuda_live_field_0337.cu;src/filtered_field_recorder_0432.cpp;src/live_visualization_0335.cpp;src/main_src_mpcd_base.cpp,,src_mpcd_cuda_env_flags_added_0331_to_0337_livevis.csv | src_mpcd_cuda_livevis_inventory_0314_to_0339a.csv | src_mpcd_cuda_livevis_inventory_0314_to_0342a.csv | src_mpcd_cuda_resampling_env_flags_delta_0314_to_0337_livevis.csv | session_0432_filtered_recording
MPCD_LIVE_VIS_VSYNC,Live visualization runtime,ajout 0335 | alias/fallback MPCD_* recensé 0432a,booléen/int,0 scripts 0337,Alias/fallback MPCD_* de SRC_LIVE_VIS_VSYNC. Contrôle vsync de la fenêtre GLFW.,0 recommandé pour ne pas brider la simulation; 1 utile si affichage trop rapide. | Ajouté à l’inventaire car utilisé comme fallback par live_visualization_0335.cpp et/ou filtered_field_recorder_0432.cpp.,,src/filtered_field_recorder_0432.cpp;src/live_visualization_0335.cpp,,src_mpcd_cuda_env_flags_added_0331_to_0337_livevis.csv | src_mpcd_cuda_livevis_inventory_0314_to_0339a.csv | src_mpcd_cuda_livevis_inventory_0314_to_0342a.csv | src_mpcd_cuda_resampling_env_flags_delta_0314_to_0337_livevis.csv | session_0432_filtered_recording
MPCD_LIVE_VIS_WINDOW_SCALE,Live visualization runtime,ajout 0335 | alias/fallback MPCD_* recensé 0432a,entier >= 1,1,Alias/fallback MPCD_* de SRC_LIVE_VIS_WINDOW_SCALE. Facteur d’échelle de la fenêtre OpenGL.,N’affecte pas la physique ni la grille de calcul. | Ajouté à l’inventaire car utilisé comme fallback par live_visualization_0335.cpp et/ou filtered_field_recorder_0432.cpp.,,src/filtered_field_recorder_0432.cpp;src/live_visualization_0335.cpp,,src_mpcd_cuda_env_flags_added_0331_to_0337_livevis.csv | src_mpcd_cuda_livevis_inventory_0314_to_0339a.csv | src_mpcd_cuda_livevis_inventory_0314_to_0342a.csv | src_mpcd_cuda_resampling_env_flags_delta_0314_to_0337_livevis.csv | session_0432_filtered_recording
MPCD_MASS_GUARD_PROFILE,Profilage / instrumentation,diagnostic/profilage,booléen/env truthy sauf mention contraire,false/off,Active des sorties de profiling/instrumentation.,Ne se place pas dans params.kv; à passer dans l’environnement du shell ou dans les scripts de validation/démo.,,src/weighted_resampling.cpp,,src_mpcd_cuda_env_flags_0287.csv | src_mpcd_cuda_env_flags_0292.csv | src_mpcd_cuda_env_flags_0303_resampling.csv | src_mpcd_cuda_env_flags_0314_resampling.csv
MPCD_POP_GUARD_PROFILE,Profilage / instrumentation,diagnostic/profilage,booléen/env truthy sauf mention contraire,false/off,Active des sorties de profiling/instrumentation.,Ne se place pas dans params.kv; à passer dans l’environnement du shell ou dans les scripts de validation/démo.,,src/weighted_resampling.cpp,,src_mpcd_cuda_env_flags_0287.csv | src_mpcd_cuda_env_flags_0292.csv | src_mpcd_cuda_env_flags_0303_resampling.csv | src_mpcd_cuda_env_flags_0314_resampling.csv
MPCD_PROFILE_PHASE,Profilage / instrumentation,diagnostic/profilage,booléen/env truthy sauf mention contraire,false/off,Active des sorties de profiling/instrumentation.,Ne se place pas dans params.kv; à passer dans l’environnement du shell ou dans les scripts de validation/démo.,,src/src_mpcd_base.cpp,,src_mpcd_cuda_env_flags_0287.csv | src_mpcd_cuda_env_flags_0292.csv | src_mpcd_cuda_env_flags_0303_resampling.csv | src_mpcd_cuda_env_flags_0314_resampling.csv
MPCD_Q6_CONTACT_ANGLE_HARD_NORMAL_0493X9I,Q6-G-F — mouillage expérimental,ajout 0493x9i; legacy/ablation,booléen/env truthy,false/off,Réactive la fermeture x9i qui impose directement la normale de Young près du mur.,Conservé pour reproductibilité; angle exact mais courbure fortement biaisée hors 90 deg. Ne pas utiliser comme fermeture de production.,,src/cuda_q6_resident_0400.cu,,cycle_0493x9_surface_tension_20260819
MPCD_Q6_CONTACT_ANGLE_OFFSUPPORT_0493X9M,Q6-G-F — mouillage,ajout 0493x9m; fermeture statique préférée actuelle,booléen/env truthy,false/off; runners x9m/x9p peuvent mettre 1,Active la courbure de contact x9m par ancre p3 hors support de paroi.,"Utilise la première normale p3 non contaminée par le support mur (couche 4, centre 4.5h) et kappa=2 sin(DeltaPhi/2)/L. Qualifié statiquement 0<theta<180 sur parois de domaine; chi-wall et dynamique quantitative restent à faire.",,src/cuda_q6_resident_0400.cu,x9m,cycle_0493x9_surface_tension_20260819
MPCD_Q6_CONTACT_ANGLE_WALL_FACE_0493X9L,Q6-G-F — mouillage expérimental,ajout 0493x9l; ablation,booléen/env truthy,false/off,Active la reconstruction x9l de normale au mur avant div(n).,Expérience négative hors voisinage de 90 deg; gardée pour comparaison. Requiert paroi statique de domaine.,,src/cuda_q6_resident_0400.cu,,cycle_0493x9_surface_tension_20260819
MPCD_Q6_ELLIPSE_DIAGNOSTICS_0493X9F,Q6-G-F — diagnostics capillaires,ajout 0493x9f; diagnostic seulement,booléen/env truthy,false/off,"Active les moments géométriques d’ellipse/goutte: rayons principaux, ellipticité, angle, COM.",Observation-only; utilisé pour la circularisation et les oscillations capillaires.,,src/cuda_q6_resident_0400.cu,x9f,cycle_0493x9_surface_tension_20260819
MPCD_Q6_EXACT_PERIODIC_B1_CLOSURE_0493X7Y,Q6 — ablation fermeture B1 périodique,présent source courant; défaut production ON; absent inventaire précédent,booléen/env truthy,ON si variable absente/vide; OFF seulement si valeur non-truthy explicite,Contrôle l'étape x7q de réduction exacte du résidu particulaire et la seconde fermeture B1 en périodique plein domaine.,OFF est une ablation contrôlée: B1 et la correction x7d-v2-fix2 précédente restent actives.,,src/cuda_q6_resident_0400.cu,x7q,snap_260826_code_audit_20260826
MPCD_Q6_FACE_TO_PARTICLE_RT0_0493X6H_B1,Q6-g-f / application face-particule,ajout 0493x6h-B1; production Q6-g-f; fermeture k=0 exacte x7q,booléen/env truthy,false/off backend; 1 dans les runners Q6-g-f,"Active la reconstruction affine RT0/MAC-to-particle. En fullDomain périodique, x7q mesure ensuite le moment réellement appliqué et ferme exactement le mode k=0.",Le chemin partial-domain/dam-break garde le kernel B1 historique. x7q est automatique et ne crée pas de nouveau flag.,,scripts/src_mpcd_run_common_0434.sh;src/cuda_q6_resident_0400.cu,x6h-B1;x7f;x7q,mise à jour 0493x7f–0493x7q / Q6-g-f
MPCD_Q6_G_F_RESIDENT_CG_0493X7J,Q6-g-f / CG CUDA résident,ajout 0493x7j; production qualifiée x7q,booléen/env truthy,true/on si variable absente ou vide,Sélectionne le CG Q6-g-f coopératif entièrement device-resident; 0 force le fallback historique/qualification.,"Gate d’exécution seulement, sans changement de physique. Le host récupère un petit état une fois le solve terminé; aucune réduction GPU→CPU à chaque itération.",,doc/README_0493X7J_Q6_G_F_RESIDENT_CG.md;scripts/run_0493x7i_q6_g_f_physical_qualification.sh;src/cuda_q6_resident_0400.cu,x7f;x7j;x7q,mise à jour 0493x7f–0493x7q / Q6-g-f
MPCD_Q6_PHASE_CURVATURE_AUDIT_WALL_MARGIN_CELLS_0493X9B,Q6 — diagnostic courbure,présent source courant; diagnostic; absent inventaire précédent,entier >=0,8,Marge en cellules exclue autour des parois non périodiques dans les métriques d'audit de courbure.,"Valeur clampée à >=0; n'affecte pas la courbure de production, seulement les régions d'audit.",,src/cuda_q6_resident_0400.cu,,snap_260826_code_audit_20260826
MPCD_Q6_PHASE_CURVATURE_DIAGNOSTICS_0493X9A,Q6-G-F — diagnostics de courbure,ajout 0493x9a; diagnostic seulement,booléen/env truthy,false/off,Active les audits passifs de courbure/interface x9a.,Ne change pas la physique; utilisé pour les statistiques plan/cercle et la géométrie initiale.,,scripts/run_0493x9a_ellipse_curvature.sh;src/cuda_q6_resident_0400.cu,,cycle_0493x9_surface_tension_20260819
MPCD_Q6_PHASE_CURVATURE_DIAGNOSTICS_0493X9B,Q6-G-F — diagnostics de courbure,ajout 0493x9b; diagnostic seulement,booléen/env truthy,false/off,Active les diagnostics du champ de courbure p1/Scharr x9b.,Ne change pas la physique; p1 reste un baseline alors que p3 est retenu pour la production.,,src/cuda_q6_resident_0400.cu,,cycle_0493x9_surface_tension_20260819
MPCD_Q6_PHASE_CURVATURE_DIAGNOSTICS_0493X9C,Q6-G-F — diagnostics de courbure,ajout 0493x9c; diagnostic seulement,booléen/env truthy,false/off,Active les diagnostics de sweep p1/p2/p3.,Ne change pas la physique; le sweep a retenu p3 (trois passes binomiales) pour la courbure de production.,,src/cuda_q6_resident_0400.cu,,cycle_0493x9_surface_tension_20260819
MPCD_Q6_PHASE_GAS_PRESSURE_0493X6G,Q6 phase/interface 0493x6,ajout 0493x6g,booléen/env truthy,false/off,Active la valeur Dirichlet de pression gazeuse sur les faces interfaciales préparées x6f.,Requiert x6f; ne modifie pas la matrice CG. scale=0 utilise le bypass strict après fix2. | 0493x14v requiert x6g actif afin de soustraire la traction thermodynamique déjà représentée avant transfert de l’excès cinétique.,,doc/README_0493X6G_PHASE_GAS_PRESSURE.md;scripts/run_0493x6g_phase_gas_pressure.sh;src/cuda_q6_resident_0400.cu,x14v;x6f;x6g,mise à jour 0493x6g + fix2 | extension_x14_snapshot_030926
MPCD_Q6_PHASE_GAS_PRESSURE_CONSTANT_0493X6G,Q6 phase/interface 0493x6,ajout 0493x6g,double fini,0.0 backend; runner=reference,Valeur p_const utilisée lorsque MODE=constant.,Variable de validation; n’est pas un nouveau paramètre physique params.kv.,,doc/README_0493X6G_PHASE_GAS_PRESSURE.md;src/cuda_q6_resident_0400.cu,x6g,mise à jour 0493x6g
MPCD_Q6_PHASE_GAS_PRESSURE_MODE_0493X6G,Q6 phase/interface 0493x6,0493x6g; étendu x14s avec eos_accessible_volume,enum string,eos,"Choisit la source de pression interfaciale: eos, constant ou eos_accessible_volume.","eos: p_g=N_g kBT/Acell avec espèces phaseFamily=gas; constant: ablation/jauge; eos_accessible_volume (x14s): p_g=p_raw/f_Q6 avec f_Q6 dérivée de g=1-alpha_Q6 sur la trace gaz, g0=0.37396789550781245, g1=0.9153533203125 et plancher défensif 0.05. La correction est évaluée sur les faces x6f déjà préparées, sans nouvelle passe globale.",,doc/README_0493X6G_PHASE_GAS_PRESSURE.md;scripts/run_ok_0493x14s_x6g_accessible_volume_drop.sh;src/cuda_q6_resident_0400.cu,x14s;x6f;x6g,mise à jour 0493x6g | extension_x14_snapshot_030926
MPCD_Q6_PHASE_GAS_PRESSURE_REFERENCE_0493X6G,Q6 phase/interface 0493x6,ajout 0493x6g,double fini,0.0 backend; runner EOS=pression uniforme initiale,Définit p_ref soustrait à p_g comme jauge avant conversion en phiGamma.,Le runner 0493x6g choisit normalement gamma*kBT/Acell; une constante de pression ne doit pas modifier les gradients.,,doc/README_0493X6G_PHASE_GAS_PRESSURE.md;scripts/run_0493x6g_phase_gas_pressure.sh;src/cuda_q6_resident_0400.cu,x6g,mise à jour 0493x6g
MPCD_Q6_PHASE_GAS_PRESSURE_SCALE_0493X6G,Q6 phase/interface 0493x6,ajout 0493x6g,double >= 0,1.0,Multiplie la différence de pression interfaciale avant conversion en phiGamma.,scale=0 est le test de null path strict; scale=1 est le mode physique nominal.,,doc/README_0493X6G_PHASE_GAS_PRESSURE.md;src/cuda_q6_resident_0400.cu,x6g,mise à jour 0493x6g + fix2
MPCD_Q6_PHASE_GEOMETRY_CUTFACE_0493X6D,Q6 phase/interface 0493x6,ajout 0493x6d; expérimental/non retenu comme chemin final,booléen/env truthy,false/off,Active l’opérateur cut-face x6d sur le bord du carrier avec coefficient 1/theta.,Expérience utile mais non retenue comme architecture finale: x6e montre que bord du carrier != interface alpha=0.5; theta<0.10 garde facteur 2. Mutuellement exclusif avec x6f.,,doc/README_0493X6D_GUARDED_CUTFACE_ZERO_PRESSURE.md;src/cuda_q6_resident_0400.cu,x6d;x6e;x6f;x6g,mise à jour 0493x6d–0493x6g
MPCD_Q6_PHASE_GEOMETRY_DIAGNOSTICS_0493X6B,Q6 phase/interface 0493x6,ajout 0493x6b,booléen/env truthy,false/off,Active l’audit géométrique raw alpha/support/interface sans changer l’opérateur.,Diagnostic sparse; mesure notamment bracket alpha=0.5 et normales brutes.,,doc/README_0493X6B_PHASE_GEOMETRY_DIAGNOSTIC.md;scripts/run_0493x6b_phase_geometry_diagnostic.sh;src/cuda_q6_resident_0400.cu,x6b;x6g,mise à jour 0493x6b–0493x6g
MPCD_Q6_PHASE_GEOMETRY_RESIDENT_0493X6C,Q6 phase/interface 0493x6,ajout 0493x6c,booléen/env truthy,false/off,Matérialise les champs CUDA résidents phaseFillRaw et alpha filtré utilisés par la géométrie d’interface.,Le filtre x6c utilise actuellement lambda=0.125 fixé dans le code; pas un paramètre utilisateur. Requis par x6f/x6g.,,doc/README_0493X6C_PHASE_GEOMETRY_RESIDENT.md;scripts/run_0493x6c_phase_geometry_resident.sh;src/cuda_q6_resident_0400.cu,x6c;x6f;x6g,mise à jour 0493x6c–0493x6g
MPCD_Q6_PHASE_INTERFACE_STENCIL_0493X6F,Q6 phase/interface 0493x6,ajout 0493x6f; correctif partition near-half conservé dans Q6-g-f,booléen/env truthy,false/off,"Active le pressureMask alpha>=0.5 et le stencil de faces préparé une fois par solve, séparé du carrier.","Requiert x6c; x6d doit être désactivé. Prépare coefficients 1, 1/theta, 2 small-theta ou 0; base du couplage pGamma x6g. Correctif Q6-g-f: pour une traversée alpha=0.5, le dénominateur est accepté dès denom>0 (et non >1e-14), afin que toute traversée topologique soit représentée par le stencil; aucun nouveau flag.",,doc/README_0493X6F_PHASE_INTERFACE_STENCIL.md;scripts/run_0493x6f_phase_interface_stencil.sh;src/cuda_q6_resident_0400.cu,x6c;x6d;x6f;x6g;x7e,mise à jour 0493x6f–0493x7e / Q6-g-f
MPCD_Q6_PHASE_INTERFACE_TOPOLOGY_0493X6E,Q6 phase/interface 0493x6,ajout 0493x6e,booléen/env truthy,false/off,"Active l’audit de topologie de toutes les traversées alpha=0.5, indépendamment du bord du carrier.",Classe AA/AI/II pour diagnostic uniquement; x6f réutilise cet audit pour vérifier la couverture de l’interface physique.,,doc/README_0493X6E_PHASE_INTERFACE_TOPOLOGY.md;src/cuda_q6_resident_0400.cu,x6e;x6f;x6g,mise à jour 0493x6e–0493x6g
MPCD_Q6_PHASE_PRESSURE_DIAGNOSTICS_0493X6A,Q6 phase/interface 0493x6,ajout 0493x6a,booléen/env truthy,false/off,Active le diagnostic de pression gazeuse/interfaciale x6a sans modifier la physique Q6.,Produit l’audit de pression de phase; free_surface_masked conserve pGamma=0 dans x6a.,,doc/README_0493X6A_Q6_PHASE_PRESSURE_DIAGNOSTIC.md;scripts/run_0493x6a_phase_pressure_diagnostic.sh;src/cuda_q6_resident_0400.cu,x6a;x6g,mise à jour 0493x6a–0493x6g
MPCD_Q6_POSTAPPLY_REGION_DIAGNOSTICS_0493X6H_B0,Q6-g-f / diagnostic post-application,ajout 0493x6h-B0; diagnostic seulement,booléen/env truthy,false/off,Active un audit sparse de la divergence redéposée par régions bulk/interface/paroi après application aux particules.,Lazily allocated; aucun buffer ni kernel supplémentaire lorsque désactivé. A servi à localiser le défaut face-vers-cellule; reste off dans les runs Q6-g-f de production.,,scripts/analyze_0493x6h_b0_postapply_regions.py;src/cuda_q6_resident_0400.cu,x6h-B0;x7e,mise à jour 0493x6h–0493x7e / Q6-g-f
MPCD_Q6_PROFILE,CUDA Q6 — prototype/chantiers futurs,diagnostic/profilage,booléen/env truthy sauf mention contraire,false/off,Contrôle les prototypes CUDA Q6; Q6 CUDA reste un chantier séparé.,Ne se place pas dans params.kv; à passer dans l’environnement du shell ou dans les scripts de validation/démo.,,src/q6_projection_adapter.cpp,,src_mpcd_cuda_env_flags_0287.csv | src_mpcd_cuda_env_flags_0292.csv | src_mpcd_cuda_env_flags_0303_resampling.csv | src_mpcd_cuda_env_flags_0314_resampling.csv
MPCD_Q6_STATIC_DROP_DIAGNOSTICS_0493X9E,Q6-G-F — diagnostics capillaires,ajout 0493x9e; diagnostic seulement; sigma=0 restauré x11c-fix6,booléen/env truthy,false/off,"Active les métriques goutte statique: Reff, pression Q6, vitesses RMS et résultante capillaire.","Observation-only. x11c autorise la construction du p3 à cadence de diagnostic même à sigma=0, sans passer ce champ au potentiel capillaire de production; permet la soustraction de jauge Q6 appariée.",,scripts/run_0493x11a_young_laplace_sigma0_baselines.sh;src/cuda_q6_resident_0400.cu,x9e,cycle_0493x9_surface_tension + 0493x10q_surface_free + 0493x11c_validation_20260822
MPCD_RESAMPLING_DISABLED_DIAGNOSTICS_LEGACY_0315G,CUDA état résident / active-prefix — audit et compatibilité,présent état 36abd23; inventorié 0490p (0315g),booléen/env truthy,false/off,Réactive le comportement historique complet pour non-régression.,"À passer dans l’environnement du shell, pas dans params.kv. Ligne ajoutée par comparaison exhaustive des appels getenv du code courant avec l’inventaire 0436b.",,src/main_src_mpcd_base.cpp,,delta source 0437–0490p / branche surf commit 36abd23
MPCD_RESAMPLING_SPATIAL_DONOR_SEARCH_0437,CUDA resampling résident — pipeline 0437–0484,présent état 36abd23; inventorié 0490p (0437),booléen/env truthy,false/off,Active la recherche spatiale de donneurs du resampling pondéré CPU/OpenMP.,"À passer dans l’environnement du shell, pas dans params.kv. Ligne ajoutée par comparaison exhaustive des appels getenv du code courant avec l’inventaire 0436b.",,src/weighted_resampling.cpp,,delta source 0437–0490p / branche surf commit 36abd23
MPCD_RESAMPLING_SPATIAL_DONOR_SEARCH_0437_SHADOW,CUDA resampling résident — pipeline 0437–0484,présent état 36abd23; inventorié 0490p (0437),booléen/env truthy,false/off,Exécute la recherche spatiale en miroir pour comparaison avec la recherche globale.,"À passer dans l’environnement du shell, pas dans params.kv. Ligne ajoutée par comparaison exhaustive des appels getenv du code courant avec l’inventaire 0436b.",,src/weighted_resampling.cpp,,delta source 0437–0490p / branche surf commit 36abd23
MPCD_RUNTIME_BACKEND,Backend principal,principal utilisateur,string,utilisé si MPCD_BACKEND absent; cuda par défaut dans runner primaire,Alias/fallback pour choisir cuda/openmp lorsque MPCD_BACKEND absent.,Ne se place pas dans params.kv; à passer dans l’environnement du shell ou dans les scripts de validation/démo.,,doc/GPU_PATCH_0275_CUDA_PRIMARY_BACKEND.md,,src_mpcd_cuda_env_flags_0287.csv | src_mpcd_cuda_env_flags_0292.csv | src_mpcd_cuda_env_flags_0303_resampling.csv | src_mpcd_cuda_env_flags_0314_resampling.csv
MPCD_VALIDATE_PARTICLE_ROLES_FULLSCAN_0315L,CUDA état résident / active-prefix — audit et compatibilité,présent état 36abd23; inventorié 0490p (0315l),booléen/env truthy,false/off,Force une validation exhaustive ou un scan complet de l’active-prefix/roles.,"À passer dans l’environnement du shell, pas dans params.kv. Ligne ajoutée par comparaison exhaustive des appels getenv du code courant avec l’inventaire 0436b.",,src/particle_state.cpp,,delta source 0437–0490p / branche surf commit 36abd23
MPCD_X10_KINETIC_INTERFACE_CIC,Surface libre cinétique — géométrie CIC x10cic,actif dans chaîne x12 courante; ON,booléen/env int,0/off source; 1 dans x12 production,"Construit un alpha CIC dédié à l'interface cinétique, séparé des buffers alpha x6c utilisés par Q6/pression/capillarité.",Dépôt CIC fusionné avec le passage particulaire total-A déjà obligatoire: pas de nouveau parcours O(Np). Ajoute un filtre O(Ncell) et un champ double/cellule persistant. IMPORTANT: l'orchestration reste dans apply_independent_masked_species_q6_0493w5; ce n'est pas encore un chemin SRC-only hors Q6.,,scripts/run_0493x12d_jfm524_measurement_case.sh,x10cic;x6c,snap_260826_code_audit_20260826
MPCD_X10_KINETIC_INTERFACE_ONE_FOR_ONE,Surface libre cinétique — relocalisation x10u,actif dans chaîne x12 courante; ON | qualifié/tag 7655b81 au 31/08/2026,booléen/env int,0/off source; 1 dans x12 production,Remplace l'impulsion spéculaire Q2 par une relocalisation positionnelle one-for-one de la même particule.,Effectif uniquement si vrai Q2 actif; requiert x10p. Masse et vitesse de la particule ne changent pas du fait de x10u; pas de split/merge. x10u lui-même n'ajoute pas de buffer/kernel global. | Audit final: présent au commit 7655b81; chaîne x13k/x13n revalidée. x10v est full-vector lorsque NORMAL_ONLY=0.,,scripts/run_0493x12d_jfm524_measurement_case.sh;scripts/run_0493x13k_oscillating_drop_2d_x13h.sh;scripts/run_0493x13n_taylor_culick_sheet_2d_x13h.sh,x10u;x10v;x13k;x13n,snap_260826_code_audit_20260826 | audit_commit_7655b81_20260831
MPCD_X10_KINETIC_INTERFACE_ONE_FOR_ONE_NORMAL_ONLY,Surface libre cinétique — ablation x13o normal-only,implémenté au commit 7655b81; OFF dans chaîne qualifiée/tag surf-tension-qualified-x13h-20260831,booléen/env int,0/off,"Lorsque x10u+x10v sont actifs, échange uniquement la composante normale locale entre la particule relocalisée et son partenaire égal-masse; composante tangentielle inchangée.",Requiert MPCD_X10_KINETIC_INTERFACE_ONE_FOR_ONE_SWAP=1. Le log distingue normal-component-swap de full-vector-swap. Les runners x13k/x13n qualifiés ne l’activent pas; le point de référence utilise full-vector swap.,,scripts/run_0493x13k_oscillating_drop_2d_x13h.sh;scripts/run_0493x13n_taylor_culick_sheet_2d_x13h.sh,x10u;x10v;x13k;x13n;x13o,audit_commit_7655b81_20260831
MPCD_X10_KINETIC_INTERFACE_ONE_FOR_ONE_SWAP,Surface libre cinétique — échange conservatif x10v,actif dans chaîne x12 courante; ON | qualifié/tag 7655b81 au 31/08/2026,booléen/env int,0/off source; 1 dans x12 production,"Après x10u, échange le vecteur vitesse complet avec un partenaire liquide intérieur local de même masse.",Requiert x10u. Les paires de masses inégales ne sont pas échangées. Un swap égal-masse conserve exactement l'impulsion et l'énergie cinétique globales de la paire. Coût: 1 octet/particule + deux kernels particulaires; deux buffers cellule x10m sont réutilisés pour les candidats. | Audit final: présent au commit 7655b81; chaîne x13k/x13n revalidée. x10v est full-vector lorsque NORMAL_ONLY=0.,,scripts/run_0493x12d_jfm524_measurement_case.sh;scripts/run_0493x13k_oscillating_drop_2d_x13h.sh;scripts/run_0493x13n_taylor_culick_sheet_2d_x13h.sh,x10m;x10u;x10v;x13k;x13n,snap_260826_code_audit_20260826 | audit_commit_7655b81_20260831
MPCD_X10_KINETIC_INTERFACE_QUADRATIC,Surface libre cinétique — reconstruction vrai Q2 x10biq,actif dans chaîne x12 courante; ON,booléen/env int,0/off source; 1 dans x12 production,Active la reconstruction biquadratique tensorielle 3x3 de l'interface cinétique.,"N'est effectif que sous x10o; requiert CIC. 9 charges alpha par patch actif, pas de grille de coefficients, pas de buffer/kernel/global pass supplémentaire. Exige x10r=x10s=x10t=0.",,scripts/run_0493x12d_jfm524_measurement_case.sh;src/cuda_q6_resident_0400.cu,x10o;x10r;x10s;x10t,snap_260826_code_audit_20260826
MPCD_X10_KINETIC_INTERFACE_THERMAL_PHASE_LIMITER,Surface libre cinétique — branche x10w pairwise,implémenté; OFF chaîne x12 courante,booléen/env int,0/off,"Active la redistribution thermique locale pairwise pré-stream, conservative P/K, modulée par Lloc.",Requiert x10v et x10o; effectif seulement avec vrai Q2. Mutuellement exclusif avec x12a. L'ancien virtual-position limiter est explicitement désactivé dans le kernel de collision.,,scripts/run_0493x12d_jfm524_measurement_case.sh,x10o;x10v;x10w;x12a,snap_260826_code_audit_20260826
MPCD_X10_MICRO_REFLECTION_TRACE,Surface libre cinétique — diagnostic microscopique,diagnostic source courant; OFF production,booléen/env int,0/off,Active un printf/trace par réflexion pour de très petits runs.,"Effectif seulement sous x10o; explicitement diagnostic, physique inchangée; à éviter sur runs longs.",,src/cuda_q6_resident_0400.cu,x10o,snap_260826_code_audit_20260826
MPCD_X10I_REACTION_BLOCK_CELLS,Surface libre cinétique — réaction mésoscopique héritée x10i,implémentation active uniquement dans le fallback cinétique hard-r1; hors chaîne x12 production,entier,"5; clamp [2,32]",Fixe la taille des blocs mésoscopiques décalés déterministiquement utilisés pour la réaction conservative x10i.,N'intervient que lorsqu'aucune des branches x10o/x10n/x10m/x10j/x10k n'est active et r>=1. La chaîne x12 courante x10o bypass x10i.,,src/cuda_q6_resident_0400.cu,x10j;x10k;x10m;x10n;x10o,snap_260826_code_audit_20260826
MPCD_X10J_SIMPLE_SPECULAR_ABLATION,Surface libre cinétique — ablations x10,implémentation historique retenue dans le source; OFF chaîne x12 courante,booléen/env int,0/off,Sélectionne l’ablation de réflexion spéculaire simple en repère laboratoire.,Ablation labo selectable uniquement lorsque x10o/x10n/x10m/x10k sont inactifs et r>=1. Priorité la plus basse des ablations spéculaires. Non utilisée par les runners x12 de production.,,scripts/run_0493x12d_jfm524_measurement_case.sh;src/cuda_q6_resident_0400.cu,x10k;x10m;x10n;x10o,cycle_0493x9_surface_tension + 0493x10q_surface_free + 0493x11c_validation_20260822 + snap_260826_code_audit_20260826
MPCD_X10K_LOCAL_FRAME_SPECULAR_ABLATION,Surface libre cinétique — ablations x10,implémentation historique retenue dans le source; OFF chaîne x12 courante,booléen/env int,0/off,Sélectionne l’ablation spéculaire dans un repère liquide local.,Ablation local-frame selectable seulement si x10o/x10n/x10m sont OFF et r>=1. Non utilisée en production x12.,,scripts/run_0493x12d_jfm524_measurement_case.sh;src/cuda_q6_resident_0400.cu,x10m;x10n;x10o,cycle_0493x9_surface_tension + 0493x10q_surface_free + 0493x11c_validation_20260822 + snap_260826_code_audit_20260826
MPCD_X10L_PREWALL_INTERFACE_DIAGNOSTICS,Surface libre cinétique — diagnostic,"diagnostic passif courant; ON JFM x12d, OFF calibrateurs x12cal/x12yl",booléen/env int,0/off source; x12d JFM=1; x12cal/x12yl=0,Accumule la vitesse normale liquide post-Q6/B1 avant le traitement cinétique.,Deux kernels de diagnostic sont lancés seulement aux pas d'audit (step<=1 ou step%summaryEvery==0). Ils mesurent l'état pré-paroi et ne changent pas la physique.,summaryEvery,scripts/run_0493x12d_jfm524_measurement_case.sh;scripts/run_0493x12yl_young_laplace_calibrator.sh,x12cal;x12d;x12yl,cycle_0493x9_surface_tension + 0493x10q_surface_free + 0493x11c_validation_20260822 + snap_260826_code_audit_20260826
MPCD_X10M_MOVING_INTERFACE_WALL,Surface libre cinétique — ablations x10,implémentation historique selectable; OFF chaîne x12 courante,booléen/env int,0/off,Active l’ancienne géométrie locale de paroi mobile pilotée par Q6.,Paroi mobile locale antérieure à la polyligne continue. Effective seulement si x10o et x10n sont OFF et r>=1.,,scripts/run_0493x12d_jfm524_measurement_case.sh;src/cuda_q6_resident_0400.cu,x10n;x10o,cycle_0493x9_surface_tension + 0493x10q_surface_free + 0493x11c_validation_20260822 + snap_260826_code_audit_20260826
MPCD_X10N_Q6_CONTINUOUS_INTERFACE_WALL,Surface libre cinétique — ablations x10,implémentation historique selectable; OFF chaîne x12 courante,booléen/env int,0/off,Active la polyligne continue alpha=0.5 sans enveloppe thermique x10o.,Polyligne continue alpha=0.5 sans enveloppe thermique x10o. Effective seulement si x10o est OFF et r>=1. Les primitives x10n sont encore réutilisées par x10o/Q2/x12a.,,scripts/run_0493x12d_jfm524_measurement_case.sh;src/cuda_q6_resident_0400.cu,x10n;x10o;x12a,cycle_0493x9_surface_tension + 0493x10q_surface_free + 0493x11c_validation_20260822 + snap_260826_code_audit_20260826
MPCD_X10O_Q6_THERMAL_INTERFACE_WALL,Surface libre cinétique — chaîne retenue,socle cinétique de la chaîne x12 courante; ON,booléen/env int,0/off source; 1 dans x12 production,Active la surface continue pilotée par le champ hydro Q6 du même pas avec enveloppe cinétique thermique.,Actif seulement pour r>=1. Exige un champ hydrodynamique Q6 projeté du même pas/type. A priorité sur x10n/x10m/x10k/x10j. Dans la chaîne x12 actuelle il est combiné à CIC+Q2+x10u+x10v+x12a.,,scripts/run_0493x12d_jfm524_measurement_case.sh;src/cuda_q6_resident_0400.cu,x10j;x10k;x10m;x10n;x10u;x10v;x12a,cycle_0493x9_surface_tension + 0493x10q_surface_free + 0493x11c_validation_20260822 + snap_260826_code_audit_20260826
MPCD_X10O_THERMAL_MAX_CELLS,Surface libre cinétique — enveloppe thermique,paramètre env actif dans chaîne x10o/x12,double >=0,0.75,Plafond de l’enveloppe thermique en nombre de cellules.,"Plafond de l'épaisseur x10o: min(maxCells*h, C*dt*sqrt(kBT/m)). La chaîne x12/JFM le verrouille à 0.75.",,scripts/run_0493x12d_jfm524_measurement_case.sh;src/cuda_q6_resident_0400.cu,x10o,cycle_0493x9_surface_tension + 0493x10q_surface_free + 0493x11c_validation_20260822 + snap_260826_code_audit_20260826
MPCD_X10O_THERMAL_PARTICLE_MASS,Surface libre cinétique — enveloppe thermique,paramètre env actif dans chaîne x10o/x12,double >0,1.0 source; runners x12: LIQUID_MASS,"Masse m dans delta=min(C dt sqrt(kBT/m), maxCells*h).",Masse utilisée dans dt*sqrt(kBT/m). Les runners x12 la verrouillent sur LIQUID_MASS. Elle est aussi relue par la métrique x10w même lorsque x10w est OFF.,,scripts/run_0493x12d_jfm524_measurement_case.sh;src/cuda_q6_resident_0400.cu,x10o;x10w,cycle_0493x9_surface_tension + 0493x10q_surface_free + 0493x11c_validation_20260822 + snap_260826_code_audit_20260826
MPCD_X10O_THERMAL_SIGMAS,Surface libre cinétique — enveloppe thermique,paramètre env actif dans chaîne x10o/x12,double >=0,3.0,Coefficient C_T du déplacement balistique thermique C_T*dt*sqrt(kBT/m).,Coefficient de l'épaisseur balistique. La chaîne x12/JFM le verrouille à 3.0. Également utilisé dans les grandeurs x10w.,,scripts/run_0493x12d_jfm524_measurement_case.sh;src/cuda_q6_resident_0400.cu,x10o;x10w,cycle_0493x9_surface_tension + 0493x10q_surface_free + 0493x11c_validation_20260822 + snap_260826_code_audit_20260826
MPCD_X10P_INITIAL_OVERLAP_RESOLUTION,Surface libre cinétique — robustesse topologique,robustesse active dans chaîne x12; ON,booléen/env int,1/on si x10o est actif,Active la résolution des particules déjà à l’extérieur de l’enveloppe au début d’un pas.,Effectif seulement sous x10o. Requis par x10u. Le fallback x10q 7x7 est intégré en source et n'a pas de flag indépendant: il ne s'active que pour initial-overlap sans segment trouvé au 3x3.,,scripts/run_0493x12d_jfm524_measurement_case.sh,x10o;x10u,cycle_0493x9_surface_tension + 0493x10q_surface_free + 0493x11c_validation_20260822 + snap_260826_code_audit_20260826
MPCD_X10R_Q6_THERMAL_FULL_VECTOR_ENDPOINT_VELOCITY,Surface libre cinétique — ablation cinématique x10r,implémentation retenue pour ablation; OFF chaîne x12 courante,booléen/env int,0/off,Utilise la vitesse hydro Q6 vectorielle complète aux endpoints de la surface x10o.,Effectif seulement sous x10o. Mutuellement exclusif avec x10s/x10t et incompatible avec le vrai Q2 x10biq. Rejeté de la chaîne production après qualification.,,scripts/run_0493x12d_jfm524_measurement_case.sh;src/cuda_q6_resident_0400.cu,x10o;x10r;x10s;x10t,snap_260826_code_audit_20260826
MPCD_X10S_Q6_THERMAL_SEGMENT_NORMAL_KINEMATICS,Surface libre cinétique — ablation cinématique x10s,implémentation retenue pour ablation; OFF chaîne x12 courante,booléen/env int,0/off,Projette la cinématique endpoint sur la normale du segment fini.,Effectif seulement sous x10o. Mutuellement exclusif avec x10r/x10t et incompatible avec le vrai Q2 x10biq.,,scripts/run_0493x12d_jfm524_measurement_case.sh,x10o;x10r;x10s;x10t,snap_260826_code_audit_20260826
MPCD_X10T_Q6_THERMAL_RIGID_TANGENTIAL_KINEMATICS,Surface libre cinétique — ablation cinématique x10t,implémentation retenue pour ablation; OFF chaîne x12 courante,booléen/env int,0/off,Active la variante de cinématique tangentielle rigide x10t.,Effectif seulement sous x10o. Mutuellement exclusif avec x10r/x10s et incompatible avec le vrai Q2 x10biq.,,scripts/run_0493x12d_jfm524_measurement_case.sh;src/cuda_q6_resident_0400.cu,x10o;x10r;x10s;x10t,snap_260826_code_audit_20260826
MPCD_X10W_THERMAL_PHASE_CHI_FULL,Surface libre cinétique — seuil x10w,paramètre de branche x10w; branche OFF production,double > chiOn,0.028,Seuil supérieur chi du limiter x10w.,Validé avec chiFull>chiOn. Lu même si le flag x10w est OFF lorsque le chemin cinétique s'exécute.,,src/cuda_q6_resident_0400.cu,x10w,snap_260826_code_audit_20260826
MPCD_X10W_THERMAL_PHASE_CHI_ON,Surface libre cinétique — seuil x10w,paramètre de branche x10w; branche OFF production,double >0,0.022,Seuil inférieur chi=delta_th/Lloc du limiter x10w.,"Les trois seuils x10w sont lus et validés dès que la fonction d'interface cinétique est exécutée, même si le limiter est OFF; fournir une valeur invalide peut donc arrêter un run avec réflexion cinétique.",,src/cuda_q6_resident_0400.cu,x10w,snap_260826_code_audit_20260826
MPCD_X10W_THERMAL_PHASE_ETA_CAP,Surface libre cinétique — seuil x10w,paramètre de branche x10w; branche OFF production,double >0,0.05724334,Borne eta=(dt*sqrt(kBT/m))/h utilisée pour plafonner l'amplitude du limiter x10w.,Tolérance de neutralité relative 1e-8 autour de etaCap. Lu/validé même si le limiter est OFF lorsque le chemin cinétique s'exécute.,,src/cuda_q6_resident_0400.cu,x10w,snap_260826_code_audit_20260826
MPCD_X11C_FORCE_X9E_SIGMA0,Validation capillaire x11 — diagnostics,flag de runner x11c/x12yl; diagnostic uniquement; non lu directement par C++,booléen/env truthy,0/off,"Dans run_0493x9s_splash.sh, force MPCD_Q6_STATIC_DROP_DIAGNOSTICS_0493X9E=1 pour les baselines sigma=0 appariées.","Le C++ x11c construit p3 à la cadence x9e lorsque le diagnostic statique est demandé, même à sigma=0, mais le potentiel capillaire reste nul si sigma=0. x12yl utilise ce mécanisme pour la paire Young-Laplace.",,scripts/run_0493x12yl_young_laplace_calibrator.sh;scripts/run_0493x9s_splash.sh;src/cuda_q6_resident_0400.cu,x12yl;x9e;x9s,cycle_0493x9_surface_tension + 0493x10q_surface_free + 0493x11c_validation_20260822 + snap_260826_code_audit_20260826
MPCD_X12A_LOCAL_THERMAL_COOLING,Surface libre cinétique — refroidissement local x12a,actif dans chaîne x12 courante; ON | qualifié/tag 7655b81 au 31/08/2026,booléen/env int,0/off source; 1 dans x12 production,"Active kBT_eff/kBT=min(1,(Lloc/Rc)^2) et réduit à la fois l'enveloppe thermique d'interface et la cible locale du thermostat.",Requiert x10v + x10o + CIC + vrai Q2; mutuellement exclusif avec x10w. Ajoute un float/cellule persistant. Le champ fT est construit depuis l'épaisseur opposée et mappé au thermostat dans le dépôt de moments existant. | Audit final: présent au commit 7655b81; chaîne x13k/x13n revalidée. x10v est full-vector lorsque NORMAL_ONLY=0.,,scripts/run_0493x12d_jfm524_measurement_case.sh;scripts/run_0493x13k_oscillating_drop_2d_x13h.sh;scripts/run_0493x13n_taylor_culick_sheet_2d_x13h.sh,x10o;x10v;x10w;x12a;x13k;x13n,snap_260826_code_audit_20260826 | audit_commit_7655b81_20260831
MPCD_X12A_LOCAL_THERMAL_RADIUS_CELLS,Surface libre cinétique — échelle x12a,paramètre actif dans chaîne x12 courante | qualifié/tag 7655b81 au 31/08/2026,double >0 lorsque x12a ON,25.298221281347036 (=8*sqrt(10)),"Rc/h dans la loi locale fT=min(1,(Lloc/Rc)^2).",La courbure n'entre pas dans cette loi; Lloc est la demi-distance vers l'interface opposée le long de la normale Q2 intérieure. | Audit final: présent au commit 7655b81; chaîne x13k/x13n revalidée. x10v est full-vector lorsque NORMAL_ONLY=0.,,scripts/run_0493x12d_jfm524_measurement_case.sh;scripts/run_0493x13k_oscillating_drop_2d_x13h.sh;scripts/run_0493x13n_taylor_culick_sheet_2d_x13h.sh;src/cuda_q6_resident_0400.cu,x10v;x12a;x13k;x13n,snap_260826_code_audit_20260826 | audit_commit_7655b81_20260831
MPCD_X14L_GAS_SPECULAR_REFLECTION,Interface liquide/gaz x14,ajout 0493x14l; actif dans la chaîne x14m+,booléen entier 0/1,0,"Active la réflexion spéculaire du gaz B sur la paroi cinétique liquide; composante normale relative réfléchie, tangentielle inchangée.",Requiert phaseInterfaceKineticBilateralRelocation=true. Le liquide A conserve x10u; le chemin gaz préserve la vitesse spéculaire au lieu de la faire écraser par la relocalisation positionnelle.,phaseInterfaceKineticBilateralRelocation,scripts/run_ok_0493x14l_gas_specular_drop.sh;scripts/run_ok_0493x14w_two_phase_couette.sh;src/cuda_q6_resident_0400.cu,x10u;x14l;x14m,extension_x14_snapshot_030926
MPCD_X14V_DEVICE_APPLIED_Q6_RESULTANT_CLOSURE,Interface liquide/gaz x14ai-fix1 — fermeture conservative,candidat production x14ai-fix1 pour composante liquide fermée/isolée; OFF par défaut,booléen entier 0/1,0,Utilise comme cible de résultante x14ad l’impulsion Q6 réellement appliquée par B1 après correction périodique: ΣmΔv_RT0 - M_active C_periodic.,Requiert x14ad local-face + x10o/CIC et x14z=0. +16 octets persistants; aucun nouveau kernel/passe/CG/transfert D2H par pas. Ne pas utiliser sans qualification si le liquide touche une frontière Q6 externe.,,scripts/run_0493x14ai_cost_ab.sh;scripts/run_0493x14ai_drag_device_closure.sh;scripts/run_0493x14ai_oscillating_drop_n2_device_closure.sh;src/cuda_q6_resident_0400.cu,x10o;x14ad;x14ai;x14ai-fix1;x14z,audit_snap_040926_x14ai_fix1_20260904
MPCD_X14V_GAS_KINETIC_EXCESS_KICK,Interface liquide/gaz x14,ajout 0493x14v; qualifié sur impact normal et actif dans x14w,booléen entier 0/1,0,Transfère collectivement au liquide l’impulsion normale réelle des réflexions gazeuses moins la traction thermodynamique déjà représentée par x6g.,"Requiert x6g actif, x10o+CIC+Q2+x10u+x10v, géométrie bilatérale et x14l. Réutilise les stockages x9t/x10m, aucun buffer résident permanent et aucune nouvelle passe O(Np); lois liquides inchangées.",,scripts/run_ok_0493x14u_normal_kinetic_impact.sh;scripts/run_ok_0493x14w_two_phase_couette.sh;src/cuda_q6_resident_0400.cu,x10m;x10o;x10u;x10v;x14l;x14v;x14w;x6g,extension_x14_snapshot_030926
MPCD_X14V_GLOBAL_BALANCE_DIAGNOSTIC,Interface liquide/gaz x14af — diagnostic,diagnostic x14af uniquement; OFF production,booléen entier 0/1,0,Cumule les résultantes x14ad/x14v et Q6 nécessaires pour fermer le bilan global de quantité de mouvement.,11 doubles/88 octets; requiert x14ad et x14z=0. Le diagnostic a établi ΔP_tot=J_Q6(applied)-J_thermo(x14ad) au roundoff.,,src/cuda_q6_resident_0400.cu,x14ad;x14af;x14ai;x14v;x14z,audit_snap_040926_x14ai_fix1_20260904
MPCD_X14V_REFERENCE_PRESSURE_GEOMETRIC_CLOSURE,Interface liquide/gaz x14z — prototype de résultante,prototype x14z rejeté; OFF production,booléen entier 0/1,0,"Projette la contribution uniforme p_ref reconstruite sur la polyligne x10n vers une résultante globale nulle, sans modifier la partie de jauge.","24 octets de scratch, aucune nouvelle passe/kernel. N’explique pas le défaut n=1 observé; incompatible avec les modes x14aa–x14ad et requis OFF par x14ai.",,src/cuda_q6_resident_0400.cu,x10n;x14aa;x14ad;x14ai;x14z,audit_snap_040926_x14ai_fix1_20260904
MPCD_X14V_SCATTER_LOSS_DIAGNOSTIC,Interface liquide/gaz x14ae — diagnostic,diagnostic x14ae uniquement; OFF production,booléen entier 0/1,0,Cumule le nombre et l’impulsion des kicks x14v valides qui ne trouvent aucun support liquide après CIC puis fallback jusqu’au rayon 2.,3 doubles/24 octets; aucun changement de physique. Le cas discriminant a donné zéro perte terminale et a innocenté le scatter.,,src/cuda_q6_resident_0400.cu,x14ae;x14ai;x14v,audit_snap_040926_x14ai_fix1_20260904
MPCD_X14V_SUBTRACT_X6G_THERMODYNAMIC_TRACTION,Interface liquide/gaz x14v — séparation thermo/cinétique,ajout 0493x14y; production x14v/x14ai-fix1 = 1,booléen entier 0/1,1,"Soustrait de l’impulsion brute de réflexion gazeuse la traction thermodynamique déjà représentée par x6g; à 0, x14v transfère J_raw sans soustraction.",Le défaut 1 est la sémantique physique retenue. La valeur 0 est l’ablation x14y et n’est pas un mode de production.,,src/cuda_q6_resident_0400.cu,x14ai;x14ai-fix1;x14v;x14y;x6g,audit_snap_040926_x14ai_fix1_20260904
MPCD_X14V_X6G_FACE_THERMO_TRACTION,Interface liquide/gaz x14aa — prototype de traction,prototype x14aa non retenu; OFF production,booléen entier 0/1,0,Évalue toute la traction thermodynamique absolue sur les faces x6f/x6g représentées et la disperse vers le liquide via les buffers CIC x14v.,Déplace aussi le grand terme uniforme p_ref de la géométrie x10n/CIC vers les faces Q6; mode mutuellement exclusif avec x14ab/x14ac/x14ad.,,src/cuda_q6_resident_0400.cu,x10n;x14aa;x14ab;x14ac;x14ad;x14ai;x14v;x6f;x6g,audit_snap_040926_x14ai_fix1_20260904
MPCD_X14V_X6G_GAUGE_FACE_THERMO_TRACTION,Interface liquide/gaz x14ab — prototype hybride,prototype x14ab non retenu; OFF production,booléen entier 0/1,0,Conserve p_ref sur les segments x10n/CIC mais soustrait la seule pression de jauge p_g-p_ref sur les faces x6g représentées.,Séparation référence/jauge plus cohérente que x14aa mais traction de jauge encore portée par les normales axiales des faces Q6; mode mutuellement exclusif avec x14aa/x14ac/x14ad.,,src/cuda_q6_resident_0400.cu,x10n;x14aa;x14ab;x14ac;x14ad;x14ai;x6g,audit_snap_040926_x14ai_fix1_20260904
MPCD_X14V_X6G_GAUGE_RESULTANT_PROJECTION,Interface liquide/gaz x14ac — projection de résultante,prototype x14ac supplanté par x14ad; OFF production,booléen entier 0/1,0,Conserve la traction locale x10n et impose à sa pression de jauge la résultante globale des faces x6g par correction minimum-L2 delta p_s=m_s·lambda.,"Utilise un scratch de 7 doubles sans nouvelle passe. Le principe de projection est conservé dans x14ad, qui améliore l’association locale pression/segment.",,src/cuda_q6_resident_0400.cu,x10n;x14ac;x14ad;x14ai;x6g,audit_snap_040926_x14ai_fix1_20260904
MPCD_X14V_X6G_LOCAL_FACE_GAUGE_PROJECTION,Interface liquide/gaz x14ad — traction locale retenue,retenu x14ad; prérequis x14ai-fix1 pour composante liquide fermée,booléen entier 0/1,0,"Échantillonne la pression de jauge sur les faces x6g qui terminent chaque segment x10n, applique cette pression sur la normale x10n, puis corrige la résultante résiduelle par projection minimum-L2.",Réutilise le scratch 7 doubles x14ac et l’octet/cellule x10m pour les ids d’arêtes; aucune nouvelle passe/buffer O(N). Mutuellement exclusif avec x14aa/x14ab/x14ac. Doit être 1 lorsque x14ai est actif.,,scripts/run_0493x14ai_drag_device_closure.sh;scripts/run_0493x14ai_oscillating_drop_n2_device_closure.sh;src/cuda_q6_resident_0400.cu,x10m;x10n;x14aa;x14ab;x14ac;x14ad;x14ai;x14ai-fix1;x6g,audit_snap_040926_x14ai_fix1_20260904
NX,Validateurs CUDA resampling — géométrie,lecture C++ directe dans validateurs shadow; également variable shell courante des runners,entier >0,64,Nombre de cellules x des exécutables de validation CUDA resampling shadow.,La lecture getenv directe identifiée dans le C++ est limitée aux exécutables de validation CUDA resampling shadow. Le même nom est aussi utilisé comme variable shell par de nombreux runners qui l'écrivent ensuite dans les paramètres; ne pas le confondre avec un getenv du binaire de production.,Nx,,,snap_260826_code_audit_20260826
NY,Validateurs CUDA resampling — géométrie,lecture C++ directe dans validateurs shadow; également variable shell courante des runners,entier >0,32,Nombre de cellules y des exécutables de validation CUDA resampling shadow.,La lecture getenv directe identifiée dans le C++ est limitée aux exécutables de validation CUDA resampling shadow. Le même nom est aussi utilisé comme variable shell par de nombreux runners qui l'écrivent ensuite dans les paramètres; ne pas le confondre avec un getenv du binaire de production.,Ny,,,snap_260826_code_audit_20260826
OMP_DYNAMIC,OpenMP runtime,documenté 0426,booléen OpenMP,false,Autorise ou non l’ajustement dynamique du nombre de threads OpenMP.,Désactivé par les scripts pour garder des timings reproductibles.,,doc/README_0426_DARCY_FASTFLAGS.md;scripts/run_src_classic_cuda_darcy_chi_backward_step_0425.sh;scripts/run_src_classic_cuda_darcy_chi_lr_segments_0411.sh;scripts/run_src_classic_cuda_darcy_chi_naca_periodic_0414.sh,,src_mpcd_env_flags_inventory_consolidated_0365.csv + compléments Darcy/Brinkman/livevis 0411-0426
OMP_NUM_THREADS,OpenMP runtime,documenté 0426,entier positif,THREADS du script,Nombre de threads OpenMP utilisés par le binaire hôte et certaines phases CPU.,Les scripts Darcy exportent explicitement OMP_NUM_THREADS pour reproductibilité.,,doc/README_0426_DARCY_FASTFLAGS.md;scripts/run_src_classic_cuda_darcy_chi_backward_step_0425.sh;scripts/run_src_classic_cuda_darcy_chi_lr_segments_0411.sh;scripts/run_src_classic_cuda_darcy_chi_naca_periodic_0414.sh,,src_mpcd_env_flags_inventory_consolidated_0365.csv + compléments Darcy/Brinkman/livevis 0411-0426
OMP_PLACES,OpenMP runtime,documenté 0426,chaîne OpenMP,cores,Ensemble de lieux de placement OpenMP.,Exporté par les scripts de démonstration pour stabiliser les mesures.,,doc/README_0426_DARCY_FASTFLAGS.md;scripts/run_src_classic_cuda_darcy_chi_backward_step_0425.sh;scripts/run_src_classic_cuda_darcy_chi_lr_segments_0411.sh;scripts/run_src_classic_cuda_darcy_chi_naca_periodic_0414.sh,,src_mpcd_env_flags_inventory_consolidated_0365.csv + compléments Darcy/Brinkman/livevis 0411-0426
OMP_PROC_BIND,OpenMP runtime,documenté 0426,chaîne OpenMP,close,Politique de liaison des threads OpenMP.,Exporté par les scripts de démonstration pour réduire les variations de runtime.,,doc/README_0426_DARCY_FASTFLAGS.md;scripts/run_src_classic_cuda_darcy_chi_backward_step_0425.sh;scripts/run_src_classic_cuda_darcy_chi_lr_segments_0411.sh;scripts/run_src_classic_cuda_darcy_chi_naca_periodic_0414.sh,,src_mpcd_env_flags_inventory_consolidated_0365.csv + compléments Darcy/Brinkman/livevis 0411-0426
OUT_CSV,Validateurs CUDA resampling — sortie,présent code; ajouté consolidation 0493w8,chemin de fichier CSV,nom propre au validateur,Impose le chemin du CSV produit par plusieurs binaires de validation du resampling CUDA.,"Variable de validateur, pas une option du solveur de production et ne se place pas dans params.kv.",,src/main_validate_cuda_resampling_guard_0227.cpp;src/main_validate_cuda_resampling_particle_select_0232.cpp;src/main_validate_cuda_resampling_plan_0228.cpp;src/main_validate_cuda_resampling_shadow_transfer_0233.cpp,,delta getenv exhaustif / branche surf commit caa5b6b
OUTLET_FACE,Alias script géométrie/segments Darcy,ajout/documenté 0426,double/chaîne selon variable,right,Face portant le segment outlet.,,,doc/README_0426_DARCY_FASTFLAGS.md;scripts/run_src_classic_cuda_darcy_chi_backward_step_0425.sh;scripts/run_src_classic_cuda_darcy_chi_lr_segments_0411.sh;scripts/run_src_classic_cuda_darcy_chi_naca_periodic_0414.sh,,src_mpcd_params_inventory_consolidated_0365.csv + compléments Darcy/Brinkman/livevis 0411-0426
OUTLET_FORCED_LAYER_CELLS,Scripts démo 0283/0291 — inlet/outlet,contrôle utilisateur script,entier,3 dans la démo boîte; défaut noyau 1,Écrit openBoundaryOutletForcedLayerCells dans params.kv.,Épaisseur de la couche outlet utilisée pour forced_flux/equilibrium_flux.,openBoundaryOutletForcedLayerCells,doc/GPU_PATCH_0291_EXPLICIT_OUTLET_REGIMES.md,,src_mpcd_cuda_env_flags_0292.csv | src_mpcd_cuda_env_flags_0303_resampling.csv | src_mpcd_cuda_env_flags_0314_resampling.csv
OUTLET_FORCED_MASS_FLUX,Scripts démo 0283/0291 — inlet/outlet,contrôle utilisateur script,double,0.0,Écrit openBoundaryOutletForcedMassFlux dans params.kv.,Utilisé avec OUTLET_MODE=forced_flux; extraction découplée de l’inlet.,openBoundaryOutletForcedMassFlux,doc/GPU_PATCH_0291_EXPLICIT_OUTLET_REGIMES.md,,src_mpcd_cuda_env_flags_0292.csv | src_mpcd_cuda_env_flags_0303_resampling.csv | src_mpcd_cuda_env_flags_0314_resampling.csv
OUTLET_FORCED_MASS_PER_STEP,Scripts démo 0283/0291 — inlet/outlet,contrôle utilisateur script,double,0.0,Écrit openBoundaryOutletForcedMassPerStep dans params.kv.,Prioritaire sur le flux massique par temps si positif; les paramètres particulaires restent prioritaires sur la masse.,openBoundaryOutletForcedMassPerStep,doc/GPU_PATCH_0291_EXPLICIT_OUTLET_REGIMES.md,,src_mpcd_cuda_env_flags_0292.csv | src_mpcd_cuda_env_flags_0303_resampling.csv | src_mpcd_cuda_env_flags_0314_resampling.csv
OUTLET_FORCED_PARTICLE_FLUX,Scripts démo 0283/0291 — inlet/outlet,contrôle utilisateur script,double,0.0,Écrit openBoundaryOutletForcedParticleFlux dans params.kv.,Utilisé avec OUTLET_MODE=forced_flux; les flux particulaires sont prioritaires sur les flux massiques.,openBoundaryOutletForcedParticleFlux,doc/GPU_PATCH_0291_EXPLICIT_OUTLET_REGIMES.md,,src_mpcd_cuda_env_flags_0292.csv | src_mpcd_cuda_env_flags_0303_resampling.csv | src_mpcd_cuda_env_flags_0314_resampling.csv
OUTLET_FORCED_PARTICLES_PER_STEP,Scripts démo 0283/0291 — inlet/outlet,contrôle utilisateur script,entier,0,Écrit openBoundaryOutletForcedParticlesPerStep dans params.kv.,Paramètre simple pour régler une extraction forcée indépendante de l’inlet.,openBoundaryOutletForcedParticlesPerStep,doc/GPU_PATCH_0291_EXPLICIT_OUTLET_REGIMES.md,,src_mpcd_cuda_env_flags_0292.csv | src_mpcd_cuda_env_flags_0303_resampling.csv | src_mpcd_cuda_env_flags_0314_resampling.csv
OUTLET_MODE,Alias script géométrie/segments Darcy | Scripts démo 0283/0291 — inlet/outlet,ajout/documenté 0426 | contrôle utilisateur script,double/chaîne selon variable | string,hybrid/neumann selon script | neumann dans scripts mis à jour,Mode de sortie ouvert écrit vers openBoundaryOutletMode. | Écrit openBoundaryOutletMode dans params.kv pour les démos inlet/outlet.,"Valeurs utiles: neumann, equilibrium_flux, forced_flux. Paramètre script, pas lu directement par le noyau C++ si absent du .kv.",openBoundaryOutletMode,doc/GPU_PATCH_0291_EXPLICIT_OUTLET_REGIMES.md;doc/README_0426_DARCY_FASTFLAGS.md;scripts/run_src_classic_cuda_darcy_chi_backward_step_0425.sh;scripts/run_src_classic_cuda_darcy_chi_lr_segments_0411.sh;scripts/run_src_classic_cuda_darcy_chi_naca_periodic_0414.sh,,src_mpcd_params_inventory_consolidated_0365.csv + compléments Darcy/Brinkman/livevis 0411-0426 | src_mpcd_cuda_env_flags_0292.csv | src_mpcd_cuda_env_flags_0303_resampling.csv | src_mpcd_cuda_env_flags_0314_resampling.csv
OUTLET_SMAX,Alias script géométrie/segments Darcy,ajout/documenté 0426,double/chaîne selon variable,1.0 ou 0.25 selon script,Coordonnée relative maximale du segment outlet.,,,doc/README_0426_DARCY_FASTFLAGS.md;scripts/run_src_classic_cuda_darcy_chi_backward_step_0425.sh;scripts/run_src_classic_cuda_darcy_chi_lr_segments_0411.sh;scripts/run_src_classic_cuda_darcy_chi_naca_periodic_0414.sh,,src_mpcd_params_inventory_consolidated_0365.csv + compléments Darcy/Brinkman/livevis 0411-0426
OUTLET_SMIN,Alias script géométrie/segments Darcy,ajout/documenté 0426,double/chaîne selon variable,0.0,Coordonnée relative minimale du segment outlet.,,,doc/README_0426_DARCY_FASTFLAGS.md;scripts/run_src_classic_cuda_darcy_chi_backward_step_0425.sh;scripts/run_src_classic_cuda_darcy_chi_lr_segments_0411.sh;scripts/run_src_classic_cuda_darcy_chi_naca_periodic_0414.sh,,src_mpcd_params_inventory_consolidated_0365.csv + compléments Darcy/Brinkman/livevis 0411-0426
PARTICLE_TYPE_FILTER,Alias script livevis / filtrage type 0436 | Alias script livevis / particle type filter 0436,ajout runner 0436,entier,-1,Override de script qui patche livevis_control.kv et exporte les variables runtime pour forcer le filtre dans les runs 0434. | Alias de script pour patcher livevis_control.kv:particleTypeFilter et exporter SRC/MPCD_LIVE_VIS_PARTICLE_TYPE_FILTER.,Utilisé dans la suite injection_type1_into_type2 pour générer des runs total/type1/type2 comparables. | Utilisé dans run_0434_injection_type1_into_type2.sh pour générer des runs total/type1/type2 sans modifier le solveur.,,scripts/run_0434_injection_type1_into_type2.sh,,session_0436_particle_type_filter_livevis
PHASE_INTERFACE_KINETIC_BILATERAL_RELOCATION,Runner x14 — interface,alias conceptuel / écriture params x14k,booléen,true dans les runners liquide/gaz x14k+,Écrit phaseInterfaceKineticBilateralRelocation=true dans params.kv.,La plupart des runners x14 écrivent directement la clé params plutôt que de dépendre de cet alias.,phaseInterfaceKineticBilateralRelocation,,x14k,extension_x14_snapshot_030926
POSTCHECK_SPECIES_ENABLE,Alias runner / validation injection,ajout/normalisé 0493w4–0493w8,booléen,true,Active le checker runtime par espèce après le run.,Exige speciesDiagnosticsEnable=true.,speciesDiagnosticsEnable,scripts/run_ok_injection_type1_into_type2_empty.sh,,delta runners 0493w4–0493w8 / branche surf commit caa5b6b
PREFLIGHT_ONLY,Alias runner / validation | Runner qualification 0493x7i / préflight,ajout/normalisé 0493w4–0493w8 | profil final x7q/x7i,booléen/int | booléen,0,Génère et valide les six branches sans exécuter les pas physiques. | Contrôle le runner de qualification physique sans ajouter de clé backend propre.,Variable de script x7i; le runner transmet ensuite les paramètres/gates canoniques appropriés par mode. Profil gelé pour éviter le retour à des cas Poiseuille pathologiques.,,scripts/run_0493w8_tg_mono_dual_equivalence.sh;scripts/run_0493x7i_q6_g_f_physical_qualification.sh;scripts/run_ok_injection_type1_into_type2.sh,x7i;x7q,delta runners 0493w4–0493w8 / branche surf commit caa5b6b | mise à jour runner qualification 0493x7q
PROJECTION_MOMENTUM_CORRECTION_ENABLE,Alias runner / projection Q6,documenté 0493w8,booléen,false dans 0493w8,Écrit projectionMomentumCorrectionEnable dans params.kv.,Désactivé dans les branches Q6 historique et independent_masked afin de comparer le même opérateur sans patch uniforme de moment.,projectionMomentumCorrectionEnable,doc/README_0493W8_TG_MONO_DUAL_IDENTICAL_EQUIVALENCE.md;scripts/run_0493w8_tg_mono_dual_equivalence.sh,,delta runner 0493w8 / branche surf commit caa5b6b
PROJECTION_TOLERANCE,Alias script projection Q6,documenté x5b–x6g; profil de qualification final x7q/x7i,double >0,1.0e-5 dans la qualification finale,Alias shell écrit projectionTolerance dans params.kv généré.,Le défaut C++ reste 1e-10. La campagne finale TG/Poiseuille/bend/io utilise 1e-5; le dam-break Q6-g-f est également qualifié à 1e-5.,projectionTolerance,scripts/run_0493x7i_q6_g_f_physical_qualification.sh;scripts/run_ok_dambreak.sh;scripts/src_mpcd_run_common_0434.sh,x5b;x6g;x7f;x7i;x7q,mise à jour 0493x7f–0493x7q / Q6-g-f
PUDDLE_DEPTH_CELLS,Alias runner — splash x9s,ajout 0493x9s,double >=0,40,Profondeur de la flaque liquide initiale pour TARGET=puddle.,Sans effet pour TARGET=wall.,,scripts/generate_0493x9s_splash_state.py;scripts/run_0493x9s_splash.sh,x9s,cycle_0493x9_surface_tension_20260819
Q6_DENSITY_RELAXATION_BETA,Alias runner Q6-g-f / restauration de densité,ajout runner 0493x7c; conservé 0493x7d/x7e,"double [0,1]",0.0,Alias shell écrit q6DensityRelaxationBeta dans params.kv.,Entrée par pas legacy. Dans les qualifications x7d/x7e elle est mise à 0 lorsque Q6_DENSITY_RELAXATION_TIME est utilisée.,q6DensityRelaxationBeta,doc/README_0493X7C_Q6_DENSITY_RELAXATION_RHS.md;scripts/run_0493x5a_partial_liquid_free_surface.sh;scripts/run_0493x5b_liquid_gas_free_surface_dam_break.sh,x7d;x7e,mise à jour 0493x6h–0493x7e / Q6-g-f
Q6_DENSITY_RELAXATION_TIME,Alias runner historique Q6-g-f / restauration de densité,ajout 0493x7d; remplacé dans le helper commun par profil Q6_GF; valeur physique toujours qualifiée x7q,double >=0,0.0 runner historique; tau=0.25 dans la chaîne qualifiée,Alias shell historique écrivant q6DensityRelaxationTime dans params.kv.,Conservé pour compatibilité des anciens runners. La chaîne run_ok/x7i utilise Q6_GF_DENSITY_RELAXATION_TIME=0.25.,q6DensityRelaxationTime,scripts/run_0493x5a_partial_liquid_free_surface.sh;scripts/run_0493x5b_liquid_gas_free_surface_dam_break.sh;scripts/src_mpcd_run_common_0434.sh,x7d;x7f;x7i;x7q,mise à jour 0493x7f–0493x7q / Q6-g-f
Q6_FORCE_PROJECTION_MODE,Alias script 0493x force-aware,ajout runners 0493x3–0493x5; réutilisé Q6-g-f jusqu’à x7e,enum string,selon runner; prestream_single_fused dans les runners surface libre,Alias shell écrit q6ForceProjectionMode dans le fichier params.kv généré.,Ce n’est pas un getenv du backend; la valeur canonique reste q6ForceProjectionMode. prestream_single_fused est le séquencement Q6-g-f qualifié.,q6ForceProjectionMode,scripts/run_0493x3_q6_force_projection_tg.sh;scripts/run_0493x4a_q6_force_single_tg.sh;scripts/run_0493x4b_q6_force_fusion_tg.sh;scripts/run_0493x5a_partial_liquid_free_surface.sh,x3;x7e,mise à jour 0493x3–0493x7e / Q6-g-f
Q6_GF_DENSITY_COMPRESSION_GATE_ENABLE,Alias run_ok Q6-g-f / densité signée,documenté helper commun 0493x7h; profil final x7q/x7i,booléen,0 helper générique; 1 profil x7i,Active le gate cohérent de compression dans params.kv.,La chaîne qualifiée x7q/x7i impose 1.,,scripts/src_mpcd_run_common_0434.sh,x7f;x7h;x7i;x7q,mise à jour 0493x7f–0493x7q / Q6-g-f
Q6_GF_DENSITY_COMPRESSION_THRESHOLD_PARTICLES,Alias run_ok Q6-g-f / densité signée,documenté helper commun 0493x7h; profil final x7q/x7i,double >=0,3.0,Convertit le seuil de compression exprimé en nombre de particules en fraction via gamma.,Donne 0.15 à gamma=20 et 0.30 à gamma=10.,,scripts/src_mpcd_run_common_0434.sh,x7f;x7h;x7i;x7q,mise à jour 0493x7f–0493x7q / Q6-g-f
Q6_GF_DENSITY_RELAXATION_TIME,Alias run_ok Q6-g-f / densité,documenté helper commun 0493x7h; profil final x7q/x7i,double >=0,0.25,Écrit q6DensityRelaxationTime; constante de temps physique de restauration.,Profil générique actuel et qualification signed1/x7q.,q6DensityRelaxationTime,scripts/src_mpcd_run_common_0434.sh,x7f;x7h;x7i;x7q,mise à jour 0493x7f–0493x7q / Q6-g-f
Q6_GF_DENSITY_TRACTION_GAIN,Alias run_ok Q6-g-f / densité signée,documenté helper commun 0493x7h; profil final x7q/x7i,double >=0,0.0 helper générique; 1.0 profil x7i,Écrit q6DensityRelaxationTractionGain.,La chaîne signed1 qualifiée utilise 1.0; 0 désactive exactement la branche négative.,q6DensityRelaxationTractionGain,scripts/src_mpcd_run_common_0434.sh,x7f;x7h;x7i;x7q,mise à jour 0493x7f–0493x7q / Q6-g-f
Q6_GF_DENSITY_TRACTION_THRESHOLD_PARTICLES,Alias run_ok Q6-g-f / densité signée,documenté helper commun 0493x7h; profil final x7q/x7i,double >=0,6.0,Convertit le seuil de traction/déplétion exprimé en particules en fraction via gamma.,Donne 0.30 à gamma=20 et 0.60 à gamma=10.,,scripts/src_mpcd_run_common_0434.sh,x7f;x7h;x7i;x7q,mise à jour 0493x7f–0493x7q / Q6-g-f
Q6_GF_EXTERNAL_SPECIES,Alias run_ok Q6-g-f / registre espèces,documenté helper commun 0493x7h; profil final x7q/x7i,booléen,0,Demande au helper de conserver un registre d’espèces fourni par le cas au lieu de synthétiser une espèce.,Utilisé par les cas explicitement multi-espèces.,,scripts/src_mpcd_run_common_0434.sh,x7f;x7h;x7i;x7q,mise à jour 0493x7f–0493x7q / Q6-g-f
Q6_GF_GAS_PRESSURE_REFERENCE,Alias run_ok Q6-g-f / pression gazeuse,documenté helper commun 0493x7h; profil final x7q/x7i,double >=0,gamma*kBT/cellArea si non fourni,Override la pression EOS de référence gaz utilisée par le helper lorsqu’une phase gazeuse Q6-g-f est déclarée.,"Si Q6_GF_HAS_GAS_PHASE=1, alimente les réglages x6g REFERENCE et CONSTANT; sinon sans effet.",,scripts/src_mpcd_run_common_0434.sh,x6g;x7f;x7h;x7i;x7q,mise à jour 0493x7f–0493x7q / Q6-g-f
Q6_GF_HAS_GAS_PHASE,Alias run_ok Q6-g-f / registre phases,documenté helper commun 0493x7h; profil final x7q/x7i,booléen,0,Déclare au helper qu’une phase gaz est présente et active la configuration x6g/x7m correspondante.,0 sur monophase TG/Poiseuille; 1 sur dam-break liquide+gaz.,,scripts/src_mpcd_run_common_0434.sh,x6g;x7f;x7h;x7i;x7m;x7q,mise à jour 0493x7f–0493x7q / Q6-g-f
Q6_GF_MIN_FILL_FRACTION,Alias run_ok Q6-g-f / support,documenté helper commun 0493x7h; profil final x7q/x7i,"double [0,1]",0.10,Écrit speciesQ6MinOccupancyFraction pour free_surface_masked.,"Seuil de support numérique, distinct de l’interface alpha=0.5.",speciesQ6MinOccupancyFraction,scripts/src_mpcd_run_common_0434.sh,x7f;x7h;x7i;x7q,mise à jour 0493x7f–0493x7q / Q6-g-f
Q6_GF_SINGLE_PHASE_PARTICLE_MASS,Alias run_ok Q6-g-f / espèce monophase,documenté helper commun 0493x7h; profil final x7q/x7i,double >0,PARTICLE_MASS,Masse déclarée de l’espèce synthétisée.,Variable de script; pas un getenv backend.,,scripts/src_mpcd_run_common_0434.sh,x7f;x7h;x7i;x7q,mise à jour 0493x7f–0493x7q / Q6-g-f
Q6_GF_SINGLE_PHASE_TYPE,Alias run_ok Q6-g-f / espèce monophase,documenté helper commun 0493x7h; profil final x7q/x7i,entier type,BACKGROUND_TYPE ou 0,Type de l’espèce synthétisée par le helper monophase.,Variable de script; pas un getenv backend.,,scripts/src_mpcd_run_common_0434.sh,x7f;x7h;x7i;x7q,mise à jour 0493x7f–0493x7q / Q6-g-f
Q6_GF_SPECIES_DIAGNOSTICS_ENABLE,Alias run_ok Q6-g-f / diagnostics espèces,documenté helper commun 0493x7h; profil final x7q/x7i,booléen texte,false,Écrit speciesDiagnosticsEnable pour le registre Q6-g-f synthétisé.,Diagnostic opt-in; la production évite la télémétrie lourde.,speciesDiagnosticsEnable,scripts/src_mpcd_run_common_0434.sh,x7f;x7h;x7i;x7q,mise à jour 0493x7f–0493x7q / Q6-g-f
Q6_PRESSURE_OUTLET_DEFLATION_ENABLE,Runner 0414 / x8s ablation,ajout 0414d,booléen,true,Runner alias writing q6PressureOutletDeflationEnable.,Qualification conditioning-only ablation.,q6PressureOutletDeflationEnable,scripts/run_0414_segmented_xy_neumann_qualification.sh,x8s,curated_0414
QUAL_MODES,Runner qualification 0493x7i / sélection de modes,profil final x7q/x7i,liste/chaîne,src src-q6 src-q6-g-f,Contrôle le runner de qualification physique sans ajouter de clé backend propre.,Variable de script x7i; le runner transmet ensuite les paramètres/gates canoniques appropriés par mode. Profil gelé pour éviter le retour à des cas Poiseuille pathologiques.,,scripts/run_0493x7i_q6_g_f_physical_qualification.sh,x7i;x7q,mise à jour runner qualification 0493x7q
RECORD_FIELDS,Alias script filtered recording 0434/0436,documenté 0436,liste CSV de champs,"rho,ux,uy dans les profils 0434 récents | rho,ux,uy dans les profils récents",Sélectionne les champs enregistrés par les dumps filtrés .f32. | Alias de script pour choisir les champs dumpés par filtered_field_recorder_0432.,"Pour les comparaisons type1/type2/total, utiliser au minimum rho,ux,uy; particleTypeFilter est tracé dans manifest.kv. | À utiliser avec PARTICLE_TYPE_FILTER pour produire les comparaisons total/type1/type2.",,scripts/src_mpcd_run_common_0434.sh;src/filtered_field_recorder_0432.cpp,,session_0436_particle_type_filter_livevis
REQUIRE_MIXED_CELL_AT_END,Alias runner / validation injection,ajout/normalisé 0493w4–0493w8,booléen,false,Exige au moins une cellule contenant les deux types à la fin.,Exige speciesCellDiagnosticsEnable=true.,speciesCellDiagnosticsEnable,scripts/run_ok_injection_type1_into_type2_empty.sh,,delta runners 0493w4–0493w8 / branche surf commit caa5b6b
REQUIRE_VALIDATED_SEGMENTED_RESIDENT,Alias script sécurité CUDA,ajout/documenté 0426,booléen,1,Force le strict mode du chemin segmented resident 0264.,Les alias script sont résolus avant écriture du .kv ou export de l’environnement.,,doc/README_0426_DARCY_FASTFLAGS.md;scripts/run_src_classic_cuda_darcy_chi_backward_step_0425.sh;scripts/run_src_classic_cuda_darcy_chi_lr_segments_0411.sh;scripts/run_src_classic_cuda_darcy_chi_naca_periodic_0414.sh,,src_mpcd_params_inventory_consolidated_0365.csv + compléments Darcy/Brinkman/livevis 0411-0426
RUN_MODES,Alias script / cas de run,existant; utilisé scripts portables,liste de modes: src; src-q6; src-resampling; src-q6-resampling,dépend du runner; src src-q6 pour les comparaisons injection/TG,"Choisit les branches d’ablation SRC, Q6 et resampling exécutées par les runners.",0493w4–0493w8: Q6 et resampling restent deux axes indépendants; la qualification Q6 initiale garde le resampling désactivé.,,scripts/run_0493w8_tg_mono_dual_equivalence.sh;scripts/run_ok_injection_type1_into_type2_empty.sh,,src_mpcd_cuda_livevis_inventory_0314_to_0339a.csv | src_mpcd_cuda_livevis_inventory_0314_to_0342a.csv | mise à jour 0493w8 / commit caa5b6b | src_mpcd_cuda_params_added_0337_livevis.csv | src_mpcd_cuda_resampling_params_delta_0314_to_0337_livevis.csv
RUN_OK_DARCY_COMMON_FILLED_STATE,Alias run_ok Darcy / qualification,documenté helper commun 0493x7h; profil final x7q/x7i,booléen,0,Force un état initial rempli commun pour comparer les modes sur les cas Darcy.,x7i bend-pipe l’active afin d’isoler la réponse dynamique de la méthode.,,scripts/src_mpcd_run_common_0434.sh,x7f;x7h;x7i;x7q,mise à jour 0493x7f–0493x7q / Q6-g-f
RUN_ROOT,Runner qualification 0493x7i / racine de sortie,profil final x7q/x7i,chaîne chemin,runs/0493x7q_q6_g_f_physical_qualification,Contrôle le runner de qualification physique sans ajouter de clé backend propre.,Variable de script x7i; le runner transmet ensuite les paramètres/gates canoniques appropriés par mode. Profil gelé pour éviter le retour à des cas Poiseuille pathologiques.,,scripts/run_0493x7i_q6_g_f_physical_qualification.sh,x7i;x7q,mise à jour runner qualification 0493x7q
RUN_ZERO_REFERENCE,Alias script 0493x6g final,ajout runner 0493x6g,booléen/int 0|1,1,Contrôle l’exécution de la référence appariée pGamma=0 dans le runner dam-break final.,"Mettre 0 pour relancer seulement le cas EOS, notamment lors d’une inspection LiveVis après qu’une référence existe déjà.",,scripts/run_0493x6g_final_dam_break.sh,x6g,mise à jour 0493x6g
SCENARIO_EXPECTATION,Alias runner / validation injection,ajout/normalisé 0493w4–0493w8,empty|two_species,cohérent avec INITIAL_DOMAIN_MODE,Sélectionne le contrat du checker d’état et de diagnostic par espèce.,,,scripts/check_injection_species_0492b.py;scripts/run_ok_injection_type1_into_type2.sh;scripts/run_ok_injection_type1_into_type2_empty.sh,,delta runners 0493w4–0493w8 / branche surf commit caa5b6b
SCENARIOS,Alias runner / matrice TG,ajout/normalisé 0493w4–0493w8,liste de noms,mono_legacy mono_independent dual_identical,Sélectionne les scénarios de qualification TG.,,,scripts/run_0493w8_tg_mono_dual_equivalence.sh,,delta runners 0493w4–0493w8 / branche surf commit caa5b6b
SEED,Validateurs CUDA resampling — reproductibilité,lecture C++ directe dans validateurs shadow; également variable shell courante des runners,uint64,1628638,Seed des exécutables de validation CUDA resampling shadow.,La lecture getenv directe identifiée dans le C++ est limitée aux exécutables de validation CUDA resampling shadow. Le même nom est aussi utilisé comme variable shell par de nombreux runners qui l'écrivent ensuite dans les paramètres; ne pas le confondre avec un getenv du binaire de production.,,,,snap_260826_code_audit_20260826
SEEDS,Alias runner / ensemble statistique,ajout/normalisé 0493w4–0493w8,liste d’entiers,493801,Liste des graines TG à exécuter ou analyser.,Qualification finale: 493801 493802 493803.,,scripts/run_0493w8_tg_mono_dual_equivalence.sh,,delta runners 0493w4–0493w8 / branche surf commit caa5b6b
SIGMA_ACTIVE,Alias runner — tension superficielle,runner alias courant; x12 splash/JFM,double >=0,dépend du runner; x12b/x12c/x12d JFM: 392.149185; x12a splash: campagne-dépendant,Surcharge surfaceTensionSigma dans les runners capillaires/splash/JFM.,"Alias de runner, pas un champ C++ autonome. Dans le cas JFM x12d, la valeur par défaut est 392.149185 (campagne We≈514). Les calibrateurs x12cal/x12yl utilisent plutôt SIGMA_DECLARED et écrivent surfaceTensionSigma.",surfaceTensionSigma,scripts/run_0493x12b_obstacle_JFM_D320_Re649_We514.sh;scripts/run_0493x12c_obstacle_JFM_D320_Re649_We514_compactY.sh;scripts/run_0493x12d_jfm524_measurement_case.sh,x12cal;x12d;x12yl,cycle_0493x9_surface_tension + 0493x10q_surface_free + 0493x11c_validation_20260822 + snap_260826_code_audit_20260826
SPECIES_Q6_COMPARISON_TOLERANCE,Alias runner / Q6 multi-espèces,ajout/normalisé 0493w4–0493w8,double >0,1.0e-11,Écrit speciesQ6ComparisonTolerance.,Tolérance de qualification; ne modifie pas la physique.,speciesQ6ComparisonTolerance,scripts/run_ok_injection_type1_into_type2_empty.sh,,delta runners 0493w4–0493w8 / branche surf commit caa5b6b
SPECIES_Q6_ENABLE,Alias runner / Q6 multi-espèces,ajout/normalisé 0493w4–0493w8,booléen,true dans le runner injection; selon scénario TG,Active speciesQ6Enable dans params.kv pour les modes contenant Q6.,N’active pas projectionEnable à lui seul.,projectionEnable;speciesQ6Enable,scripts/run_0493w8_tg_mono_dual_equivalence.sh;scripts/run_ok_injection_type1_into_type2_empty.sh,,delta runners 0493w4–0493w8 / branche surf commit caa5b6b
SPECIES_Q6_FALLBACK_MODE,Alias runner / Q6 multi-espèces,ajout/normalisé 0493w4–0493w8,common|fatal,common,Écrit speciesQ6FallbackMode.,Legacy weighted uniquement.,speciesQ6FallbackMode,scripts/run_ok_injection_type1_into_type2_empty.sh,,delta runners 0493w4–0493w8 / branche surf commit caa5b6b
SPECIES_Q6_MIN_FILL_FRACTION,Alias script 0493x surface libre,ajout runner 0493x5a; réutilisé x5b–x7e,"double [0,1]",0.25 dans les premiers runners x5/x6; 0.10 dans les qualifications Q6-g-f x7d/x7e,Alias shell écrit speciesQ6MinOccupancyFraction dans params.kv.,"Alias shell écrit speciesQ6MinOccupancyFraction dans params.kv. Pour free_surface_masked, seuil de support absolu liquide; distinct de l’interface physique alpha=0.5.",speciesQ6MinOccupancyFraction,scripts/run_0493x5a_partial_liquid_free_surface.sh;scripts/run_0493x5b_liquid_gas_free_surface_dam_break.sh,x5a;x5b;x7e,mise à jour 0493x5a–0493x7e / Q6-g-f
SPECIES_Q6_MIN_OCCUPANCY_FRACTION,Alias runner / Q6 multi-espèces,ajout/normalisé 0493w4–0493w8,"double dans [0,1]",0.5 injection/smokes; 0.0 dual_identical,Écrit speciesQ6MinOccupancyFraction.,Le seuil 0.5 est un défaut de test; 0.0 projette chaque type partout où sa masse locale est positive.,speciesQ6MinOccupancyFraction,scripts/run_0493w5_independent_masked_periodic_smoke.sh;scripts/run_0493w8_tg_mono_dual_equivalence.sh;scripts/run_ok_injection_type1_into_type2_empty.sh,,delta runners 0493w4–0493w8 / branche surf commit caa5b6b
SPECIES_Q6_MODE,Alias runner / Q6 multi-espèces,ajout/normalisé 0493w4–0493w8,common|weighted|independent_masked,weighted dans le runner partagé historique; independent_masked par override/qualification,Écrit speciesQ6Mode dans params.kv.,Utiliser independent_masked pour liquide incompressible/gaz compressible; weighted reste reproductible.,speciesQ6Mode,scripts/run_0493w5_independent_masked_periodic_smoke.sh;scripts/run_0493w8_tg_mono_dual_equivalence.sh;scripts/run_ok_injection_type1_into_type2_empty.sh,,delta runners 0493w4–0493w8 / branche surf commit caa5b6b
SPECIES_Q6_SENSITIVITY,Alias runner / Q6 multi-espèces,ajout/normalisé 0493w4–0493w8,"double dans [0,1]",1.0 dans le runner injection,Écrit speciesQ6Sensitivity.,"Pertinent pour weighted, sans effet sur independent_masked.",speciesQ6Sensitivity,scripts/run_ok_injection_type1_into_type2_empty.sh,,delta runners 0493w4–0493w8 / branche surf commit caa5b6b
SPECIES_THERMOSTAT_ENABLE,Runner x14 — thermostat,alias de runner x14,booléen 0/1 ou true/false,1 dans les runners biphasés x14,Écrit speciesThermostatEnable dans params.kv.,Alias de script; la physique canonique est le paramètre params.kv speciesThermostatEnable.,speciesThermostatEnable,,,extension_x14_snapshot_030926
SRC_FILTERED_FIELD_RECORD_EVERY,Filtered field recording 0432a,ajout 0432a | mis à jour 0433a,entier > 0 si présent,absent par défaut; sinon override explicite,"Override expert de la cadence d’écriture des dumps filtrés. Si absent, recordEvery suit liveEvery.",0433a: n’est plus nécessaire pour obtenir une cadence d’enregistrement; le comportement par défaut est WYSIWYR avec recordEvery=liveEvery. Une valeur env >0 force recordEverySource=override.,,doc/README_0432A_FILTERED_FIELD_RECORDING_STRICT.md;src/filtered_field_recorder_0432.cpp;src/live_visualization_0335.cpp,,session_0432_filtered_recording | session_0433a_wysiwyr
SRC_FILTERED_FIELD_RECORD_FIELDS,Filtered field recording 0432a,ajout 0432a,liste CSV de champs,current,Initialise la liste des champs à enregistrer.,"Exemples: current,ux,uy,rho,Y1. La clé control-file recordFields peut surcharger avant session.",,doc/README_0432A_FILTERED_FIELD_RECORDING_STRICT.md;src/filtered_field_recorder_0432.cpp;src/live_visualization_0335.cpp,,session_0432_filtered_recording
SRC_FILTERED_FIELD_RECORDING_0432,Filtered field recording 0432a,ajout 0432a,booléen/env truthy,false/off,Alias SRC_* pour activer le recorder observation-only de champs filtrés.,Même rôle que MPCD_FILTERED_FIELD_RECORDING_0432; utile dans les scripts livevis SRC.,,doc/README_0432A_FILTERED_FIELD_RECORDING_STRICT.md;src/filtered_field_recorder_0432.cpp;src/live_visualization_0335.cpp,,session_0432_filtered_recording
SRC_FILTERED_FIELD_SAMPLE_EVERY,Filtered field recording 0432a,ajout 0432a,entier >= 1,1,Initialise la cadence d’échantillonnage du recorder.,Cadence de sample des champs conservatifs; la clé control-file filterSampleEvery peut surcharger.,,doc/README_0432A_FILTERED_FIELD_RECORDING_STRICT.md;src/filtered_field_recorder_0432.cpp;src/live_visualization_0335.cpp,,session_0432_filtered_recording
SRC_FILTERED_FIELD_TAU,Filtered field recording 0432a,ajout 0432a,double >= 0,0.0,Initialise filterTau du recorder avant éventuelle surcharge par livevis_control.kv.,tau=0 désactive l’EMA; la clé control-file filterTau a priorité lors des reloads.,,doc/README_0432A_FILTERED_FIELD_RECORDING_STRICT.md;src/filtered_field_recorder_0432.cpp;src/live_visualization_0335.cpp,,session_0432_filtered_recording
SRC_GPU_IMMERSED_CIRCLE_FAST_DIAG_0330,Diagnostics rapides immersed circle CUDA,utilisé validations 0331+,booléen/env truthy,0 dans validations sûres,Contrôle côté script les diagnostics rapides du cylindre.,À 0 pour valider les hits cylindre complets; à 1 pour réduire le coût diagnostic si disponible.,,src/cuda_immersed_circle_0284.cu,,src_mpcd_cuda_env_flags_added_0331_to_0337_livevis.csv | src_mpcd_cuda_livevis_inventory_0314_to_0339a.csv | src_mpcd_cuda_livevis_inventory_0314_to_0342a.csv | src_mpcd_cuda_resampling_env_flags_delta_0314_to_0337_livevis.csv
SRC_GPU_WALL_CIRCLE_RESIDENT_0318,Alias script / sécurité VK,ajout scripts 0331,booléen/env truthy,false/off,Alias de script pour documenter/désactiver le chemin 0318.,Ne remplace pas le garde UNSAFE. Préférer MPCD_CUDA_CLASSIC_SRC_WALL_CIRCLE_RESIDENT_0318=0 dans les scripts. | 0338c: le chemin performant validé est 0318 + MPCD_CUDA_CLASSIC_SRC_WALL_CIRCLE_RESIDENT_MINIMAL_DOWNLOAD_0338=1; 0318 seul reste à traiter comme chemin historique/quarantainé selon scripts.,,,,src_mpcd_cuda_env_flags_added_0331_to_0337_livevis.csv | src_mpcd_cuda_livevis_inventory_0314_to_0339a.csv | src_mpcd_cuda_livevis_inventory_0314_to_0342a.csv | src_mpcd_cuda_resampling_env_flags_delta_0314_to_0337_livevis.csv
SRC_GPU_WALL_FAST_DIAG_0320,Diagnostics rapides wall CUDA,utilisé validations 0331+,booléen/env truthy,0 dans validations sûres,Contrôle côté script les diagnostics rapides wall.,Désactivé dans les oracles lorsque l’on veut des hits complets. Peut être activé pour réduire les retours diagnostics.,,src/cuda_streaming_wall_simple_0246.cu,,src_mpcd_cuda_env_flags_added_0331_to_0337_livevis.csv | src_mpcd_cuda_livevis_inventory_0314_to_0339a.csv | src_mpcd_cuda_livevis_inventory_0314_to_0342a.csv | src_mpcd_cuda_resampling_env_flags_delta_0314_to_0337_livevis.csv
SRC_LIVE_VIS_ALPHA,Live visualization runtime,ajout 0335c | précisé 0436b,"double [0,1]",0.08 scripts 0337,Lissage temporel du rendu CPU fallback.,"Le chemin CUDA field rend directement une image compacte; alpha est surtout utile au fallback CPU. | 0436b: persistance temporelle du champ affiché; alpha=1.0 donne un affichage immédiat. Le changement de field/particleTypeFilter doit réinitialiser displayScalar une frame, puis reprendre le lissage.",,src/live_visualization_0335.cpp,,src_mpcd_cuda_env_flags_added_0331_to_0337_livevis.csv | src_mpcd_cuda_livevis_inventory_0314_to_0339a.csv | src_mpcd_cuda_livevis_inventory_0314_to_0342a.csv | src_mpcd_cuda_resampling_env_flags_delta_0314_to_0337_livevis.csv | session_0436_particle_type_filter_livevis
SRC_LIVE_VIS_CLIP,Live visualization runtime,ajout 0335c,double; <=0 auto,-1 auto,Échelle de saturation/clip couleur.,Valeur fixe utile pour comparer plusieurs runs; auto utile pour inspection rapide. | 0341a: valeur initiale seulement; peut être modifiée à chaud via livevis_control.kv si SRC_LIVE_VIS_CONTROL_FILE est défini.,,doc/livevis_runtime_control_0341a.md;src/cuda_live_field_0337.cu;src/live_visualization_0335.cpp;src/main_src_mpcd_base.cpp,,src_mpcd_cuda_env_flags_added_0331_to_0337_livevis.csv | src_mpcd_cuda_livevis_inventory_0314_to_0339a.csv | src_mpcd_cuda_livevis_inventory_0314_to_0342a.csv | src_mpcd_cuda_resampling_env_flags_delta_0314_to_0337_livevis.csv
SRC_LIVE_VIS_COLORMAP,Live visualization colormap,ajout 0342a,enum: blue_red | gray | thermal,blue_red,"Colormap consommé par le renderer livevis, y compris le chemin CUDA field 0337.",Mis à jour dans le processus lors de la relecture de livevis_control.kv lorsque la clé colormap change. Alias acceptés: grey/grayscale/greyscale -> gray; heat/hot -> thermal.,,doc/livevis_colormap_control_0342a.md;src/cuda_live_field_0337.cu;src/live_visualization_0335.cpp,,src_mpcd_cuda_livevis_inventory_0314_to_0342a.csv
SRC_LIVE_VIS_CONTROL_EVERY,Live visualization runtime control,ajout 0341a,entier >= 1,1,Stride de relecture du fichier de contrôle sur les opportunités d’affichage livevis.,"Avec LIVE_VIS_EVERY=25 et CONTROL_EVERY=1, le fichier est relu à chaque frame livevis.",,src/live_visualization_0335.cpp,,src_mpcd_cuda_livevis_inventory_0314_to_0342a.csv
SRC_LIVE_VIS_CONTROL_FILE,Live visualization runtime control,ajout 0341a; propagé scripts 0341b/0341d,chemin fichier .kv,vide/off si non fourni,Chemin du fichier livevis_control.kv relu à chaud par le binaire pour modifier field/clip/gain/smoothPasses/colormap sans redémarrage.,Le chemin recommandé est fourni par les scripts depuis LIVE_VIS_CONTROL_FILE_EFFECTIVE. Les logs de reload sont écrits dans le fichier .time.,,doc/livevis_runtime_control_0341a.md;doc/livevis_runtime_control_0341b_scripts.md;src/live_visualization_0335.cpp,,src_mpcd_cuda_livevis_inventory_0314_to_0342a.csv
SRC_LIVE_VIS_CONTROL_LOG,Live visualization runtime control,ajout 0341a,booléen/env truthy,1 dans scripts 0341b/0341d,Active les lignes de diagnostic [livevis0335] control reload dans stderr/.time.,Très utile pour vérifier que le fichier est bien relu et que field/clip/gain/smoothPasses/colormap changent.,,src/live_visualization_0335.cpp,,src_mpcd_cuda_livevis_inventory_0314_to_0342a.csv
SRC_LIVE_VIS_CUDA_FIELD,Live visualization CUDA field renderer,ajout 0337a,booléen/env truthy,0 code; 1 scripts 0337,Active le rendu de champ sur GPU avec téléchargement RGBA compact.,Chemin recommandé pour visualiser resampling sans host mirror lent. Transfert typique 300×80×4 octets/frame. | 0342a: le chemin CUDA field utilise désormais SRC_LIVE_VIS_COLORMAP pour la projection scalaire -> RGBA.,,include/cuda_live_field_0337.h;src/cuda_live_field_0337.cu;src/main_src_mpcd_base.cpp,,src_mpcd_cuda_env_flags_added_0331_to_0337_livevis.csv | src_mpcd_cuda_livevis_inventory_0314_to_0339a.csv | src_mpcd_cuda_livevis_inventory_0314_to_0342a.csv | src_mpcd_cuda_resampling_env_flags_delta_0314_to_0337_livevis.csv
SRC_LIVE_VIS_CUDA_SNAPSHOT,Live visualization snapshot expérimental,ajout 0336a; gardé expérimental,booléen/env truthy,0,Tente un snapshot compact des particules depuis l’état CUDA partagé.,Non fiable après resampling dans les tests 0336a; ne pas utiliser par défaut.,,doc/README_livevis_cuda_field_0337a.md;src/cuda_shared_particle_state_0251.cpp;src/live_visualization_0335.cpp,,src_mpcd_cuda_env_flags_added_0331_to_0337_livevis.csv | src_mpcd_cuda_livevis_inventory_0314_to_0339a.csv | src_mpcd_cuda_livevis_inventory_0314_to_0342a.csv | src_mpcd_cuda_resampling_env_flags_delta_0314_to_0337_livevis.csv
SRC_LIVE_VIS_ENABLE,Live visualization runtime,ajout 0335,booléen/env truthy,false/off; 1 dans scripts livevis 0337,Active la fenêtre livevis au runtime.,N’affecte pas les builds/runs production si absent. Les scripts 0337 livevis l’activent par défaut.,,doc/README_live_visualization_0335a.md;src/main_src_mpcd_base.cpp,,src_mpcd_cuda_env_flags_added_0331_to_0337_livevis.csv | src_mpcd_cuda_livevis_inventory_0314_to_0339a.csv | src_mpcd_cuda_livevis_inventory_0314_to_0342a.csv | src_mpcd_cuda_resampling_env_flags_delta_0314_to_0337_livevis.csv
SRC_LIVE_VIS_EVERY,Live visualization runtime,ajout 0335 | mis à jour 0339a | mis à jour 0433a,entier > 0,10 code; 20 scripts 0337,Initialise la cadence livevis au démarrage; depuis 0433a cette cadence peut être modifiée à chaud par livevis_control.kv:liveEvery/every/visualEvery.,Augmenter pour réduire le coût d’affichage. | 0339a: export effectif issu de LIVE_VIS_EVERY dans les scripts livevis; défaut script recommandé 25. | 0433a: livevis_control.kv:liveEvery devient le contrôle runtime canonique; recordEvery absent ou <=0 suit cette cadence pour les dumps filtrés.,,src/filtered_field_recorder_0432.cpp;src/live_visualization_0335.cpp;src/live_visualization_0335.h;src/main_src_mpcd_base.cpp,,src_mpcd_cuda_env_flags_added_0331_to_0337_livevis.csv | src_mpcd_cuda_livevis_inventory_0314_to_0339a.csv | src_mpcd_cuda_livevis_inventory_0314_to_0342a.csv | src_mpcd_cuda_resampling_env_flags_delta_0314_to_0337_livevis.csv | session_0433a_wysiwyr
SRC_LIVE_VIS_FIELD,Live visualization runtime,ajout 0335/0337 | mis à jour 0361,string: ux|uy|speed|vorticity|omega|curl|mass|density|N|n|count|population|particle_count|cell_count|chi|topo_chi|alpha|darcy_alpha|darcy_power|darcy|brinkman_power,ux dans code; dépend des scripts,Choisit le champ scalaire rendu dans la fenêtre live. 0361 ajoute le vrai comptage particulaire N/count.,"Par défaut scripts: VK/TG=vorticity, Poiseuille=ux, step/box=speed. | 0341a: valeur initiale seulement; peut être modifiée à chaud via livevis_control.kv si SRC_LIVE_VIS_CONTROL_FILE est défini. | N/count compte les particules fluides par cellule live; distinct de mass/density si masses non unitaires.",,doc/livevis_field_N_0361.md;doc/livevis_field_minmax_0363.md;doc/livevis_quiver_overlay_0364.md;doc/livevis_quiver_smoothing_0365.md;doc/livevis_runtime_control_0341a.md;include/cuda_live_field_0337.h;src/cuda_live_field_0337.cu;src/live_visualization_0335.cpp;src/main_src_mpcd_base.cpp,,src_mpcd_cuda_env_flags_added_0331_to_0337_livevis.csv | src_mpcd_cuda_livevis_inventory_0314_to_0339a.csv | src_mpcd_cuda_livevis_inventory_0314_to_0342a.csv | src_mpcd_cuda_resampling_env_flags_delta_0314_to_0337_livevis.csv | session_0361_0365_livevis
SRC_LIVE_VIS_FORCE_HOST_MIRROR,Live visualization fallback/debug,ajout 0335c,booléen/env truthy,0,Force la visualisation à utiliser un miroir hôte.,Debug uniquement; plus lent que CUDA_FIELD.,,src/main_src_mpcd_base.cpp,,src_mpcd_cuda_env_flags_added_0331_to_0337_livevis.csv | src_mpcd_cuda_livevis_inventory_0314_to_0339a.csv | src_mpcd_cuda_livevis_inventory_0314_to_0342a.csv | src_mpcd_cuda_resampling_env_flags_delta_0314_to_0337_livevis.csv
SRC_LIVE_VIS_GAIN,Live visualization runtime,ajout 0335c/0337,double > 0,1.0,Gain visuel appliqué à la colormap.,Réduire si l’image est saturée rouge/bleu; augmenter pour renforcer le contraste. | 0341a: valeur initiale seulement; peut être modifiée à chaud via livevis_control.kv si SRC_LIVE_VIS_CONTROL_FILE est défini.,,doc/livevis_runtime_control_0341a.md;src/cuda_live_field_0337.cu;src/live_visualization_0335.cpp;src/main_src_mpcd_base.cpp,,src_mpcd_cuda_env_flags_added_0331_to_0337_livevis.csv | src_mpcd_cuda_livevis_inventory_0314_to_0339a.csv | src_mpcd_cuda_livevis_inventory_0314_to_0342a.csv | src_mpcd_cuda_resampling_env_flags_delta_0314_to_0337_livevis.csv
SRC_LIVE_VIS_HOLD_ON_EXIT,Live visualization runtime,ajout 0421; propagé Darcy 0425/0426,booléen/env truthy,1 dans scripts interactifs; 0 recommandé en batch,Conserve la fenêtre livevis ouverte à la fin du run lorsque la visualisation est active.,Introduit pour inspection interactive ; désactiver en campagnes automatiques afin que le script termine.,,doc/README_0426_DARCY_FASTFLAGS.md;scripts/run_src_classic_cuda_darcy_chi_backward_step_0425.sh;scripts/run_src_classic_cuda_darcy_chi_lr_segments_0411.sh;scripts/run_src_classic_cuda_darcy_chi_naca_periodic_0414.sh,,src_mpcd_env_flags_inventory_consolidated_0365.csv + compléments Darcy/Brinkman/livevis 0411-0426
SRC_LIVE_VIS_LOG_SOURCE,Live visualization runtime,ajout 0335c; amélioré 0337d | mis à jour 0339a | mis à jour 0363/0364/0365,booléen/env truthy,0,Active les logs de source livevis; affiche désormais min/max/scale et quiver/qscale/qsmooth quand disponibles.,"Depuis 0337d, le statut se réécrit sur la même ligne au lieu d’empiler les logs. | 0339a: export effectif issu de LIVE_VIS_LOG_SOURCE; défaut script recommandé 0. | 0363 ajoute min/max/scale/minmax_s; 0364 ajoute quiver/qscale; 0365 ajoute qsmooth.",,doc/livevis_field_N_0361.md;doc/livevis_field_minmax_0363.md;doc/livevis_quiver_overlay_0364.md;doc/livevis_quiver_smoothing_0365.md;include/cuda_live_field_0337.h;src/cuda_live_field_0337.cu;src/live_visualization_0335.cpp;src/main_src_mpcd_base.cpp,,src_mpcd_cuda_env_flags_added_0331_to_0337_livevis.csv | src_mpcd_cuda_livevis_inventory_0314_to_0339a.csv | src_mpcd_cuda_livevis_inventory_0314_to_0342a.csv | src_mpcd_cuda_resampling_env_flags_delta_0314_to_0337_livevis.csv | session_0361_0365_livevis
SRC_LIVE_VIS_NO_SOLID_OVERLAY,Live visualization runtime,présent état 36abd23; inventorié 0490p (0490p),booléen/env truthy,false/off,Désactive l’overlay géométrique du solide dans la visualisation live.,"À passer dans l’environnement du shell, pas dans params.kv. Ligne ajoutée par comparaison exhaustive des appels getenv du code courant avec l’inventaire 0436b.",,src/live_visualization_0335.cpp,,delta source 0437–0490p / branche surf commit 36abd23
SRC_LIVE_VIS_NX,Live visualization runtime,ajout 0335/0337,entier >= 16,300 scripts 0337,Résolution x de la grille/champ live.,Plus élevé = plus fin mais plus coûteux. 300×80 validé comme compromis.,,src/cuda_live_field_0337.cu;src/main_src_mpcd_base.cpp,,src_mpcd_cuda_env_flags_added_0331_to_0337_livevis.csv | src_mpcd_cuda_livevis_inventory_0314_to_0339a.csv | src_mpcd_cuda_livevis_inventory_0314_to_0342a.csv | src_mpcd_cuda_resampling_env_flags_delta_0314_to_0337_livevis.csv
SRC_LIVE_VIS_NY,Live visualization runtime,ajout 0335/0337,entier >= 16,80 scripts 0337,Résolution y de la grille/champ live.,Plus élevé = plus fin mais plus coûteux. 300×80 validé comme compromis.,,src/cuda_live_field_0337.cu;src/main_src_mpcd_base.cpp,,src_mpcd_cuda_env_flags_added_0331_to_0337_livevis.csv | src_mpcd_cuda_livevis_inventory_0314_to_0339a.csv | src_mpcd_cuda_livevis_inventory_0314_to_0342a.csv | src_mpcd_cuda_resampling_env_flags_delta_0314_to_0337_livevis.csv
SRC_LIVE_VIS_PARTICLE_TYPE_FILTER,Live visualization runtime / particle type filter 0436,ajout 0436,entier,-1,Filtre les particules avant accumulation livevis et filtered recording; -1 conserve le comportement all-types.,Runtime visualisation/enregistrement uniquement. Alias MPCD_* disponible. Recommandé de tracer manifest.kv:particleTypeFilter pour les runs comparatifs.,,src/filtered_field_recorder_0432.cpp;src/live_visualization_0335.cpp;src/main_src_mpcd_base.cpp,,session_0436_particle_type_filter_livevis
SRC_LIVE_VIS_QUANTILE,Live visualization runtime,ajout 0335c,"double dans (0,1]",0.995,Quantile d’échelle auto du rendu CPU fallback.,Limite l’effet du bruit particulaire et des outliers.,,src/live_visualization_0335.cpp,,src_mpcd_cuda_env_flags_added_0331_to_0337_livevis.csv | src_mpcd_cuda_livevis_inventory_0314_to_0339a.csv | src_mpcd_cuda_livevis_inventory_0314_to_0342a.csv | src_mpcd_cuda_resampling_env_flags_delta_0314_to_0337_livevis.csv
SRC_LIVE_VIS_QUIVER_MIN_SPEED,Live visualization runtime,ajout 0364,double >= 0,0,Seuil minimal de vitesse sous lequel les segments quiver ne sont pas dessinés.,,,doc/livevis_field_N_0361.md;doc/livevis_field_minmax_0363.md;doc/livevis_quiver_overlay_0364.md;doc/livevis_quiver_smoothing_0365.md;include/cuda_live_field_0337.h;src/cuda_live_field_0337.cu;src/live_visualization_0335.cpp;src/main_src_mpcd_base.cpp,,session_0361_0365_livevis
SRC_LIVE_VIS_QUIVER_NX,Live visualization runtime,ajout 0364,entier >= 1,60,Nombre de colonnes de la grille vectorielle quiver décimée.,"Un coût faible est obtenu en gardant une grille décimée, par exemple 60x32.",,doc/livevis_field_N_0361.md;doc/livevis_field_minmax_0363.md;doc/livevis_quiver_overlay_0364.md;doc/livevis_quiver_smoothing_0365.md;include/cuda_live_field_0337.h;src/cuda_live_field_0337.cu;src/live_visualization_0335.cpp;src/main_src_mpcd_base.cpp,,session_0361_0365_livevis
SRC_LIVE_VIS_QUIVER_NY,Live visualization runtime,ajout 0364,entier >= 1,32,Nombre de lignes de la grille vectorielle quiver décimée.,"Un coût faible est obtenu en gardant une grille décimée, par exemple 60x32.",,doc/livevis_field_N_0361.md;doc/livevis_field_minmax_0363.md;doc/livevis_quiver_overlay_0364.md;doc/livevis_quiver_smoothing_0365.md;include/cuda_live_field_0337.h;src/cuda_live_field_0337.cu;src/live_visualization_0335.cpp;src/main_src_mpcd_base.cpp,,session_0361_0365_livevis
SRC_LIVE_VIS_QUIVER_SCALE,Live visualization runtime,ajout 0364,double,-1,"Gain manuel des segments vitesse, en pixels par unité de vitesse.",Valeur <0: désactive l’overlay quiver; valeur >=0: active l’overlay.,,doc/livevis_field_N_0361.md;doc/livevis_field_minmax_0363.md;doc/livevis_quiver_overlay_0364.md;doc/livevis_quiver_smoothing_0365.md;include/cuda_live_field_0337.h;src/cuda_live_field_0337.cu;src/live_visualization_0335.cpp;src/main_src_mpcd_base.cpp,,session_0361_0365_livevis
SRC_LIVE_VIS_QUIVER_SMOOTH_PASSES,Live visualization runtime,ajout 0365,entier; -1 ou >=0,-1,Nombre de passes de lissage 3x3 appliquées aux vecteurs quiver sur la grille décimée.,<0 réutilise smoothPasses; 0 désactive le lissage des vecteurs; >0 fixe le nombre de passes.,,doc/livevis_field_N_0361.md;doc/livevis_field_minmax_0363.md;doc/livevis_quiver_overlay_0364.md;doc/livevis_quiver_smoothing_0365.md;include/cuda_live_field_0337.h;src/cuda_live_field_0337.cu;src/live_visualization_0335.cpp;src/main_src_mpcd_base.cpp,,session_0361_0365_livevis
SRC_LIVE_VIS_RESAMPLING_HOST_MIRROR,Live visualization fallback resampling,ajout 0335d,booléen/env truthy,0 scripts 0337; 1 fallback manuel,Force une voie hôte visible pour le resampling.,Fiable mais lente. À utiliser si CUDA_FIELD échoue ou pour debug.,,src/live_visualization_0335.cpp,,src_mpcd_cuda_env_flags_added_0331_to_0337_livevis.csv | src_mpcd_cuda_livevis_inventory_0314_to_0339a.csv | src_mpcd_cuda_livevis_inventory_0314_to_0342a.csv | src_mpcd_cuda_resampling_env_flags_delta_0314_to_0337_livevis.csv
SRC_LIVE_VIS_SMOOTH_PASSES,Live visualization runtime,ajout 0335c/0337,entier >= 0,1 scripts 0337,Nombre de passes de lissage spatial du champ live.,Vorticité: souvent 1 ou 2; champs vitesse: 0 ou 1. | 0341a: valeur initiale seulement; peut être modifiée à chaud via livevis_control.kv si SRC_LIVE_VIS_CONTROL_FILE est défini.,,doc/livevis_runtime_control_0341a.md;src/cuda_live_field_0337.cu;src/live_visualization_0335.cpp;src/main_src_mpcd_base.cpp,,src_mpcd_cuda_env_flags_added_0331_to_0337_livevis.csv | src_mpcd_cuda_livevis_inventory_0314_to_0339a.csv | src_mpcd_cuda_livevis_inventory_0314_to_0342a.csv | src_mpcd_cuda_resampling_env_flags_delta_0314_to_0337_livevis.csv
SRC_LIVE_VIS_VSYNC,Live visualization runtime,ajout 0335,booléen/int,0 scripts 0337,Contrôle vsync de la fenêtre GLFW.,0 recommandé pour ne pas brider la simulation; 1 utile si affichage trop rapide.,,src/live_visualization_0335.cpp,,src_mpcd_cuda_env_flags_added_0331_to_0337_livevis.csv | src_mpcd_cuda_livevis_inventory_0314_to_0339a.csv | src_mpcd_cuda_livevis_inventory_0314_to_0342a.csv | src_mpcd_cuda_resampling_env_flags_delta_0314_to_0337_livevis.csv
SRC_LIVE_VIS_WINDOW_SCALE,Live visualization runtime,ajout 0335,entier >= 1,1,Facteur d’échelle de la fenêtre OpenGL.,N’affecte pas la physique ni la grille de calcul.,,src/live_visualization_0335.cpp,,src_mpcd_cuda_env_flags_added_0331_to_0337_livevis.csv | src_mpcd_cuda_livevis_inventory_0314_to_0339a.csv | src_mpcd_cuda_livevis_inventory_0314_to_0342a.csv | src_mpcd_cuda_resampling_env_flags_delta_0314_to_0337_livevis.csv
STATE_SOURCE,Alias script état initial,ajout/documenté 0426,chemin fichier,selon cas,Chemin source de l’état .smpcd copié dans RUN_ROOT/init.,Utilisé dans les scripts 0411/0414/0416.,,doc/README_0426_DARCY_FASTFLAGS.md;scripts/run_src_classic_cuda_darcy_chi_backward_step_0425.sh;scripts/run_src_classic_cuda_darcy_chi_lr_segments_0411.sh;scripts/run_src_classic_cuda_darcy_chi_naca_periodic_0414.sh,,src_mpcd_params_inventory_consolidated_0365.csv + compléments Darcy/Brinkman/livevis 0411-0426
STEP_XMAX,Alias script géométrie/segments Darcy,ajout/documenté 0426,double/chaîne selon variable,1.0,Borne x maximale du rectangle solide step généré en chi.,,,doc/README_0426_DARCY_FASTFLAGS.md;scripts/run_src_classic_cuda_darcy_chi_backward_step_0425.sh;scripts/run_src_classic_cuda_darcy_chi_lr_segments_0411.sh;scripts/run_src_classic_cuda_darcy_chi_naca_periodic_0414.sh,,src_mpcd_params_inventory_consolidated_0365.csv + compléments Darcy/Brinkman/livevis 0411-0426
STEP_XMIN,Alias script géométrie/segments Darcy,ajout/documenté 0426,double/chaîne selon variable,0.0,Borne x minimale du rectangle solide step généré en chi.,,,doc/README_0426_DARCY_FASTFLAGS.md;scripts/run_src_classic_cuda_darcy_chi_backward_step_0425.sh;scripts/run_src_classic_cuda_darcy_chi_lr_segments_0411.sh;scripts/run_src_classic_cuda_darcy_chi_naca_periodic_0414.sh,,src_mpcd_params_inventory_consolidated_0365.csv + compléments Darcy/Brinkman/livevis 0411-0426
STEP_YMAX,Alias script géométrie/segments Darcy,ajout/documenté 0426,double/chaîne selon variable,0.52,Borne y maximale du rectangle solide step généré en chi et borne inférieure de l’inlet segmenté.,,,doc/README_0426_DARCY_FASTFLAGS.md;scripts/run_src_classic_cuda_darcy_chi_backward_step_0425.sh;scripts/run_src_classic_cuda_darcy_chi_lr_segments_0411.sh;scripts/run_src_classic_cuda_darcy_chi_naca_periodic_0414.sh,,src_mpcd_params_inventory_consolidated_0365.csv + compléments Darcy/Brinkman/livevis 0411-0426
STEP_YMIN,Alias script géométrie/segments Darcy,ajout/documenté 0426,double/chaîne selon variable,0.0,Borne y minimale du rectangle solide step généré en chi.,,,doc/README_0426_DARCY_FASTFLAGS.md;scripts/run_src_classic_cuda_darcy_chi_backward_step_0425.sh;scripts/run_src_classic_cuda_darcy_chi_lr_segments_0411.sh;scripts/run_src_classic_cuda_darcy_chi_naca_periodic_0414.sh,,src_mpcd_params_inventory_consolidated_0365.csv + compléments Darcy/Brinkman/livevis 0411-0426
SUMMARY_ROLE_FILTER,"Alias script | CUDA resampling post-SRC — diagnostics, split-safety et optimisation inactive",ajout 0314 | script 0314,all|fluid | alias script utilisateur,fluid dans scripts visual 0309+ | fluid dans scripts visuels 0309+,Alias exporté par les scripts vers summaryRoleFilter. | Alias script vers summaryRoleFilter.,"Paramètre de script, pas toujours une clé directe. | fluid évite de résumer inutilement les slots Inactive.",summaryRoleFilter,src/cuda_classic_src_io_resident_0263.cu,,src_mpcd_cuda_livevis_inventory_0314_to_0339a.csv | src_mpcd_cuda_livevis_inventory_0314_to_0342a.csv | src_mpcd_cuda_resampling_params_delta_0314.csv | src_mpcd_cuda_resampling_params_delta_0314_to_0337_livevis.csv | src_mpcd_cuda_env_flags_0314_resampling.csv | src_mpcd_cuda_resampling_env_flags_delta_0314.csv | src_mpcd_cuda_resampling_env_flags_delta_0314_to_0337_livevis.csv
SURFACE_TENSION_MIN_RADIUS_CELLS,Alias runner — tension superficielle,runner alias courant; valeur dépend de la campagne x12,double >=0,source Params=0.0; x12b/x12c/x12d JFM et x12yl: 4; x12cal dynamique et anciens splash x12a obstacle: 3,Surcharge surfaceTensionMinRadiusCells.,"Ne pas présenter 3 comme valeur universelle actuelle. Le cutoff ne modifie que la courbure utilisée dans sigma*kappa; le champ brut reste disponible. JFM/Young-Laplace courant emploie 4, le calibrateur dynamique x12cal conserve 3.",surfaceTensionMinRadiusCells,include/simulation_params.h;scripts/run_0493x12cal_capillary_calibrator.sh;scripts/run_0493x12d_jfm524_measurement_case.sh;scripts/run_0493x12yl_young_laplace_calibrator.sh,x12cal,cycle_0493x9_surface_tension + 0493x10q_surface_free + 0493x11c_validation_20260822 + snap_260826_code_audit_20260826
TARGET,Alias runner — splash x9s,ajout 0493x9s,wall | puddle,wall dans runner principal; wrappers dédiés disponibles,Choisit la cible du splash: paroi sèche ou flaque liquide initiale.,Runner de démonstration/qualification qualitative; ne modifie pas le backend en dehors de l’état initial.,,scripts/run_0493x9s_splash.sh;scripts/run_0493x9s_splash_puddle.sh;scripts/run_0493x9s_splash_wall.sh,x9s,cycle_0493x9_surface_tension_20260819
THERMOSTAT_ENABLE,Scripts démo 0283/0291b — thermostat,contrôle utilisateur script,booléen/env truthy,1 dans les démos CUDA isothermes; 0 désactive,Écrit thermostatEnable dans params.kv et active/désactive les flags CUDA thermostat cohérents.,0291b: thermostatEnable devient le commutateur physique unique CPU/GPU; utile pour distinguer aspiration isotherme et libre/adiabatique.,thermostatEnable,doc/GPU_PATCH_0291B_THERMOSTAT_ENABLE_GATE.md,,src_mpcd_cuda_env_flags_0292.csv | src_mpcd_cuda_env_flags_0303_resampling.csv | src_mpcd_cuda_env_flags_0314_resampling.csv
TOL_ABS,Validateurs CUDA resampling — tolérance,lecture C++ directe dans validateurs shadow uniquement,double >=0,2e-10,Tolérance absolue CPU/GPU des validateurs shadow.,N'affecte que le verdict CPU/GPU des exécutables de validation CUDA resampling shadow.,,,,snap_260826_code_audit_20260826
TOL_REL,Validateurs CUDA resampling — tolérance,lecture C++ directe dans validateurs shadow uniquement,double >=0,2e-12,Tolérance relative CPU/GPU des validateurs shadow.,N'affecte que le verdict CPU/GPU des exécutables de validation CUDA resampling shadow.,,,,snap_260826_code_audit_20260826
TOPO_BENCHMARK_DRAG_LIFT_ENABLE,Alias script topo benchmark,ajout/documenté 0426,booléen,true,Alias script de topoBenchmarkDragLiftEnable.,Les alias script sont résolus avant écriture du .kv ou export de l’environnement.,,doc/README_0426_DARCY_FASTFLAGS.md;scripts/run_src_classic_cuda_darcy_chi_backward_step_0425.sh;scripts/run_src_classic_cuda_darcy_chi_lr_segments_0411.sh;scripts/run_src_classic_cuda_darcy_chi_naca_periodic_0414.sh,,src_mpcd_params_inventory_consolidated_0365.csv + compléments Darcy/Brinkman/livevis 0411-0426
TOPO_BENCHMARK_ENABLE,Alias script topo benchmark,ajout/documenté 0426,booléen,true,Alias script de topoBenchmarkEnable.,Les alias script sont résolus avant écriture du .kv ou export de l’environnement.,,doc/README_0426_DARCY_FASTFLAGS.md;scripts/run_src_classic_cuda_darcy_chi_backward_step_0425.sh;scripts/run_src_classic_cuda_darcy_chi_lr_segments_0411.sh;scripts/run_src_classic_cuda_darcy_chi_naca_periodic_0414.sh,,src_mpcd_params_inventory_consolidated_0365.csv + compléments Darcy/Brinkman/livevis 0411-0426
TOPO_BENCHMARK_EVERY,Alias script topo benchmark,ajout/documenté 0426,entier,DARCY_COST_EVERY,Alias script de topoBenchmarkEvery.,Les alias script sont résolus avant écriture du .kv ou export de l’environnement.,,doc/README_0426_DARCY_FASTFLAGS.md;scripts/run_src_classic_cuda_darcy_chi_backward_step_0425.sh;scripts/run_src_classic_cuda_darcy_chi_lr_segments_0411.sh;scripts/run_src_classic_cuda_darcy_chi_naca_periodic_0414.sh,,src_mpcd_params_inventory_consolidated_0365.csv + compléments Darcy/Brinkman/livevis 0411-0426
TOPO_BENCHMARK_FILENAME,Alias script topo benchmark,ajout/documenté 0426,nom fichier,topo_benchmark_0348.csv,Alias script de topoBenchmarkFilename.,Les alias script sont résolus avant écriture du .kv ou export de l’environnement.,,doc/README_0426_DARCY_FASTFLAGS.md;scripts/run_src_classic_cuda_darcy_chi_backward_step_0425.sh;scripts/run_src_classic_cuda_darcy_chi_lr_segments_0411.sh;scripts/run_src_classic_cuda_darcy_chi_naca_periodic_0414.sh,,src_mpcd_params_inventory_consolidated_0365.csv + compléments Darcy/Brinkman/livevis 0411-0426
TOPO_BENCHMARK_FLOW_DIR_X,Alias script topo benchmark,ajout/documenté 0426,double,1.0,Alias script de topoBenchmarkFlowDirX.,Les alias script sont résolus avant écriture du .kv ou export de l’environnement.,,doc/README_0426_DARCY_FASTFLAGS.md;scripts/run_src_classic_cuda_darcy_chi_backward_step_0425.sh;scripts/run_src_classic_cuda_darcy_chi_lr_segments_0411.sh;scripts/run_src_classic_cuda_darcy_chi_naca_periodic_0414.sh,,src_mpcd_params_inventory_consolidated_0365.csv + compléments Darcy/Brinkman/livevis 0411-0426
TOPO_BENCHMARK_FLOW_DIR_Y,Alias script topo benchmark,ajout/documenté 0426,double,0.0,Alias script de topoBenchmarkFlowDirY.,Les alias script sont résolus avant écriture du .kv ou export de l’environnement.,,doc/README_0426_DARCY_FASTFLAGS.md;scripts/run_src_classic_cuda_darcy_chi_backward_step_0425.sh;scripts/run_src_classic_cuda_darcy_chi_lr_segments_0411.sh;scripts/run_src_classic_cuda_darcy_chi_naca_periodic_0414.sh,,src_mpcd_params_inventory_consolidated_0365.csv + compléments Darcy/Brinkman/livevis 0411-0426
TOPO_BENCHMARK_FORCE_ENABLE,Alias script topo benchmark,ajout/documenté 0426,booléen,true,Alias script de topoBenchmarkForceEnable.,Les alias script sont résolus avant écriture du .kv ou export de l’environnement.,,doc/README_0426_DARCY_FASTFLAGS.md;scripts/run_src_classic_cuda_darcy_chi_backward_step_0425.sh;scripts/run_src_classic_cuda_darcy_chi_lr_segments_0411.sh;scripts/run_src_classic_cuda_darcy_chi_naca_periodic_0414.sh,,src_mpcd_params_inventory_consolidated_0365.csv + compléments Darcy/Brinkman/livevis 0411-0426
TOPO_BENCHMARK_LIFT_DIR_X,Alias script topo benchmark,ajout/documenté 0426,double,0.0,Alias script de topoBenchmarkLiftDirX.,Les alias script sont résolus avant écriture du .kv ou export de l’environnement.,,doc/README_0426_DARCY_FASTFLAGS.md;scripts/run_src_classic_cuda_darcy_chi_backward_step_0425.sh;scripts/run_src_classic_cuda_darcy_chi_lr_segments_0411.sh;scripts/run_src_classic_cuda_darcy_chi_naca_periodic_0414.sh,,src_mpcd_params_inventory_consolidated_0365.csv + compléments Darcy/Brinkman/livevis 0411-0426
TOPO_BENCHMARK_LIFT_DIR_Y,Alias script topo benchmark,ajout/documenté 0426,double,1.0,Alias script de topoBenchmarkLiftDirY.,Les alias script sont résolus avant écriture du .kv ou export de l’environnement.,,doc/README_0426_DARCY_FASTFLAGS.md;scripts/run_src_classic_cuda_darcy_chi_backward_step_0425.sh;scripts/run_src_classic_cuda_darcy_chi_lr_segments_0411.sh;scripts/run_src_classic_cuda_darcy_chi_naca_periodic_0414.sh,,src_mpcd_params_inventory_consolidated_0365.csv + compléments Darcy/Brinkman/livevis 0411-0426
UIN,Alias script géométrie/segments Darcy,ajout/documenté 0426,double/chaîne selon variable,0.25,Vitesse imposée au segment inlet du backward step.,,,doc/README_0426_DARCY_FASTFLAGS.md;scripts/run_src_classic_cuda_darcy_chi_backward_step_0425.sh;scripts/run_src_classic_cuda_darcy_chi_lr_segments_0411.sh;scripts/run_src_classic_cuda_darcy_chi_naca_periodic_0414.sh,,src_mpcd_params_inventory_consolidated_0365.csv + compléments Darcy/Brinkman/livevis 0411-0426
UINIT,Alias script géométrie/segments Darcy,ajout/documenté 0426,double/chaîne selon variable,cas dépendant,Vitesse moyenne initiale utilisée lors de la génération d’état.,,,doc/README_0426_DARCY_FASTFLAGS.md;scripts/run_src_classic_cuda_darcy_chi_backward_step_0425.sh;scripts/run_src_classic_cuda_darcy_chi_lr_segments_0411.sh;scripts/run_src_classic_cuda_darcy_chi_naca_periodic_0414.sh,,src_mpcd_params_inventory_consolidated_0365.csv + compléments Darcy/Brinkman/livevis 0411-0426
VACUUM_BACKGROUND,Alias runner — phase extérieure,ajout 0493x9q/x9r,booléen shell,1 dans les variantes liquide-vide récentes,Choisit un domaine initial sans particules gazeuses et phase B=vacuum dans les runners compatibles.,Réduit fortement le coût des tests de surface libre lorsque la dynamique gazeuse n’est pas étudiée; ne remplace pas un vrai cas liquide-gaz.,,scripts/run_0493x9q_dripping_jet_potential.sh;scripts/run_0493x9r_dripping_jet_cutoff.sh,x9r,cycle_0493x9_surface_tension_20260819
WALL_KBT,Alias script paroi/VP,ajout/documenté 0426,double,-1.0,"Température cible des parois/VP, écrite vers wallKBT.",-1 hérite du comportement par défaut/thermostat selon code.,wallKBT,doc/README_0426_DARCY_FASTFLAGS.md;scripts/run_src_classic_cuda_darcy_chi_backward_step_0425.sh;scripts/run_src_classic_cuda_darcy_chi_lr_segments_0411.sh;scripts/run_src_classic_cuda_darcy_chi_naca_periodic_0414.sh,,src_mpcd_params_inventory_consolidated_0365.csv + compléments Darcy/Brinkman/livevis 0411-0426
WALL_SPEED,Runner x14w — Couette,paramètre physique visible du benchmark x14w,double fini non nul,0.02 dans le runner; campagne de qualification renforcée: 0.075,Impose wallUxBottom=-WALL_SPEED et wallUxTop=+WALL_SPEED.,La campagne à 0.075 augmente le rapport signal/bruit sans changer la chaîne physique.,,scripts/run_ok_0493x14w_two_phase_couette.sh,x14w,extension_x14_snapshot_030926
X6G_MODE,Runner x14 — pression gaz,alias d’ablation/qualification x14u,enum string,selon benchmark,Sélectionne côté runner le mode x6g à exporter vers MPCD_Q6_PHASE_GAS_PRESSURE_MODE_0493X6G.,Utilisé pour comparer constant et eos_accessible_volume sans modifier le backend.,,scripts/run_ok_0493x14u_normal_kinetic_impact.sh,x14u;x6g,extension_x14_snapshot_030926
X7I_BEND_COMMON_FILLED_STATE,Runner qualification 0493x7i / bend-pipe,profil final x7q/x7i,booléen,1,Contrôle le runner de qualification physique sans ajouter de clé backend propre.,Variable de script x7i; le runner transmet ensuite les paramètres/gates canoniques appropriés par mode. Profil gelé pour éviter le retour à des cas Poiseuille pathologiques.,,scripts/run_0493x7i_q6_g_f_physical_qualification.sh,x7i;x7q,mise à jour runner qualification 0493x7q
X7I_BEND_DUMP_EVERY,Runner qualification 0493x7i / bend-pipe,profil final x7q/x7i,entier >=0,25,Contrôle le runner de qualification physique sans ajouter de clé backend propre.,Variable de script x7i; le runner transmet ensuite les paramètres/gates canoniques appropriés par mode. Profil gelé pour éviter le retour à des cas Poiseuille pathologiques.,,scripts/run_0493x7i_q6_g_f_physical_qualification.sh,x7i;x7q,mise à jour runner qualification 0493x7q
X7I_BEND_START_FROM_REST,Runner qualification 0493x7i / bend-pipe,profil final x7q/x7i,booléen,1,Contrôle le runner de qualification physique sans ajouter de clé backend propre.,Variable de script x7i; le runner transmet ensuite les paramètres/gates canoniques appropriés par mode. Profil gelé pour éviter le retour à des cas Poiseuille pathologiques.,,scripts/run_0493x7i_q6_g_f_physical_qualification.sh,x7i;x7q,mise à jour runner qualification 0493x7q
X7I_BEND_STEPS,Runner qualification 0493x7i / bend-pipe,profil final x7q/x7i,entier >0,1000,Contrôle le runner de qualification physique sans ajouter de clé backend propre.,Variable de script x7i; le runner transmet ensuite les paramètres/gates canoniques appropriés par mode. Profil gelé pour éviter le retour à des cas Poiseuille pathologiques.,,scripts/run_0493x7i_q6_g_f_physical_qualification.sh,x7i;x7q,mise à jour runner qualification 0493x7q
X7I_BEND_SUMMARY_EVERY,Runner qualification 0493x7i / bend-pipe,profil final x7q/x7i,entier >0,25,Contrôle le runner de qualification physique sans ajouter de clé backend propre.,Variable de script x7i; le runner transmet ensuite les paramètres/gates canoniques appropriés par mode. Profil gelé pour éviter le retour à des cas Poiseuille pathologiques.,,scripts/run_0493x7i_q6_g_f_physical_qualification.sh,x7i;x7q,mise à jour runner qualification 0493x7q
X7I_IO_BOX_DUMP_EVERY,Runner qualification 0493x7i / same-face IO,profil final x7q/x7i,entier >=0,50,Contrôle le runner de qualification physique sans ajouter de clé backend propre.,Variable de script x7i; le runner transmet ensuite les paramètres/gates canoniques appropriés par mode. Profil gelé pour éviter le retour à des cas Poiseuille pathologiques.,,scripts/run_0493x7i_q6_g_f_physical_qualification.sh,x7i;x7q,mise à jour runner qualification 0493x7q
X7I_IO_BOX_STEPS,Runner qualification 0493x7i / same-face IO,profil final x7q/x7i,entier >0,500,Contrôle le runner de qualification physique sans ajouter de clé backend propre.,Variable de script x7i; le runner transmet ensuite les paramètres/gates canoniques appropriés par mode. Profil gelé pour éviter le retour à des cas Poiseuille pathologiques.,,scripts/run_0493x7i_q6_g_f_physical_qualification.sh,x7i;x7q,mise à jour runner qualification 0493x7q
X7I_IO_BOX_SUMMARY_EVERY,Runner qualification 0493x7i / same-face IO,profil final x7q/x7i,entier >0,25,Contrôle le runner de qualification physique sans ajouter de clé backend propre.,Variable de script x7i; le runner transmet ensuite les paramètres/gates canoniques appropriés par mode. Profil gelé pour éviter le retour à des cas Poiseuille pathologiques.,,scripts/run_0493x7i_q6_g_f_physical_qualification.sh,x7i;x7q,mise à jour runner qualification 0493x7q
X7I_LIVE_VIS_ENABLE,Runner qualification 0493x7i / LiveVis campagne,profil final x7q/x7i,booléen,0,Contrôle le runner de qualification physique sans ajouter de clé backend propre.,Variable de script x7i; le runner transmet ensuite les paramètres/gates canoniques appropriés par mode. Profil gelé pour éviter le retour à des cas Poiseuille pathologiques.,,scripts/run_0493x7i_q6_g_f_physical_qualification.sh,x7i;x7q,mise à jour runner qualification 0493x7q
X7I_LIVE_VIS_HOLD_ON_EXIT,Runner qualification 0493x7i / LiveVis campagne,profil final x7q/x7i,booléen,0,Contrôle le runner de qualification physique sans ajouter de clé backend propre.,Variable de script x7i; le runner transmet ensuite les paramètres/gates canoniques appropriés par mode. Profil gelé pour éviter le retour à des cas Poiseuille pathologiques.,,scripts/run_0493x7i_q6_g_f_physical_qualification.sh,x7i;x7q,mise à jour runner qualification 0493x7q
X7I_POISEUILLE_BODY_AX,Runner qualification 0493x7i / Poiseuille,profil final x7q/x7i,double,0.0004,Contrôle le runner de qualification physique sans ajouter de clé backend propre.,Variable de script x7i; le runner transmet ensuite les paramètres/gates canoniques appropriés par mode. Profil gelé pour éviter le retour à des cas Poiseuille pathologiques.,,scripts/run_0493x7i_q6_g_f_physical_qualification.sh,x7i;x7q,mise à jour runner qualification 0493x7q
X7I_POISEUILLE_DUMP_EVERY,Runner qualification 0493x7i / Poiseuille,profil final x7q/x7i,entier >=0,500,Contrôle le runner de qualification physique sans ajouter de clé backend propre.,Variable de script x7i; le runner transmet ensuite les paramètres/gates canoniques appropriés par mode. Profil gelé pour éviter le retour à des cas Poiseuille pathologiques.,,scripts/run_0493x7i_q6_g_f_physical_qualification.sh,x7i;x7q,mise à jour runner qualification 0493x7q
X7I_POISEUILLE_STEPS,Runner qualification 0493x7i / Poiseuille,profil final x7q/x7i,entier >0,30000,Contrôle le runner de qualification physique sans ajouter de clé backend propre.,Variable de script x7i; le runner transmet ensuite les paramètres/gates canoniques appropriés par mode. Profil gelé pour éviter le retour à des cas Poiseuille pathologiques.,,scripts/run_0493x7i_q6_g_f_physical_qualification.sh,x7i;x7q,mise à jour runner qualification 0493x7q
X7I_POISEUILLE_SUMMARY_EVERY,Runner qualification 0493x7i / Poiseuille,profil final x7q/x7i,entier >0,100,Contrôle le runner de qualification physique sans ajouter de clé backend propre.,Variable de script x7i; le runner transmet ensuite les paramètres/gates canoniques appropriés par mode. Profil gelé pour éviter le retour à des cas Poiseuille pathologiques.,,scripts/run_0493x7i_q6_g_f_physical_qualification.sh,x7i;x7q,mise à jour runner qualification 0493x7q
X7I_POISEUILLE_U0,Runner qualification 0493x7i / Poiseuille,profil final x7q/x7i,double,0.0,Contrôle le runner de qualification physique sans ajouter de clé backend propre.,Variable de script x7i; le runner transmet ensuite les paramètres/gates canoniques appropriés par mode. Profil gelé pour éviter le retour à des cas Poiseuille pathologiques.,,scripts/run_0493x7i_q6_g_f_physical_qualification.sh,x7i;x7q,mise à jour runner qualification 0493x7q
X7I_POISEUILLE_VELOCITY_MODE,Runner qualification 0493x7i / Poiseuille,profil final x7q/x7i,enum string,zero,Contrôle le runner de qualification physique sans ajouter de clé backend propre.,Variable de script x7i; le runner transmet ensuite les paramètres/gates canoniques appropriés par mode. Profil gelé pour éviter le retour à des cas Poiseuille pathologiques.,,scripts/run_0493x7i_q6_g_f_physical_qualification.sh,x7i;x7q,mise à jour runner qualification 0493x7q
X7I_PROJECTION_MAX_ITERATIONS,Runner qualification 0493x7i / projection,profil final x7q/x7i,entier >0,800,Contrôle le runner de qualification physique sans ajouter de clé backend propre.,Variable de script x7i; le runner transmet ensuite les paramètres/gates canoniques appropriés par mode. Profil gelé pour éviter le retour à des cas Poiseuille pathologiques.,,scripts/run_0493x7i_q6_g_f_physical_qualification.sh,x7i;x7q,mise à jour runner qualification 0493x7q
X7I_PROJECTION_TOLERANCE,Runner qualification 0493x7i / projection,profil final x7q/x7i,double >0,1.0e-5,Contrôle le runner de qualification physique sans ajouter de clé backend propre.,Variable de script x7i; le runner transmet ensuite les paramètres/gates canoniques appropriés par mode. Profil gelé pour éviter le retour à des cas Poiseuille pathologiques.,,scripts/run_0493x7i_q6_g_f_physical_qualification.sh,x7i;x7q,mise à jour runner qualification 0493x7q
X7I_Q6_G_F_RESIDENT_CG_0493X7J,Runner qualification 0493x7i / Q6-g-f CG resident,profil final x7q/x7i,booléen,1,Contrôle le runner de qualification physique sans ajouter de clé backend propre.,Variable de script x7i; le runner transmet ensuite les paramètres/gates canoniques appropriés par mode. Profil gelé pour éviter le retour à des cas Poiseuille pathologiques.,,scripts/run_0493x7i_q6_g_f_physical_qualification.sh,x7i;x7q,mise à jour runner qualification 0493x7q
X7I_Q6_GF_DENSITY_COMPRESSION_GATE_ENABLE,Runner qualification 0493x7i / Q6-g-f densité,profil final x7q/x7i,booléen,1,Contrôle le runner de qualification physique sans ajouter de clé backend propre.,Variable de script x7i; le runner transmet ensuite les paramètres/gates canoniques appropriés par mode. Profil gelé pour éviter le retour à des cas Poiseuille pathologiques.,,scripts/run_0493x7i_q6_g_f_physical_qualification.sh,x7i;x7q,mise à jour runner qualification 0493x7q
X7I_Q6_GF_DENSITY_COMPRESSION_THRESHOLD_PARTICLES,Runner qualification 0493x7i / Q6-g-f densité,profil final x7q/x7i,double >=0,3,Contrôle le runner de qualification physique sans ajouter de clé backend propre.,Variable de script x7i; le runner transmet ensuite les paramètres/gates canoniques appropriés par mode. Profil gelé pour éviter le retour à des cas Poiseuille pathologiques.,,scripts/run_0493x7i_q6_g_f_physical_qualification.sh,x7i;x7q,mise à jour runner qualification 0493x7q
X7I_Q6_GF_DENSITY_RELAXATION_TIME,Runner qualification 0493x7i / Q6-g-f densité,profil final x7q/x7i,double >=0,0.25,Contrôle le runner de qualification physique sans ajouter de clé backend propre.,Variable de script x7i; le runner transmet ensuite les paramètres/gates canoniques appropriés par mode. Profil gelé pour éviter le retour à des cas Poiseuille pathologiques.,,scripts/run_0493x7i_q6_g_f_physical_qualification.sh,x7i;x7q,mise à jour runner qualification 0493x7q
X7I_Q6_GF_DENSITY_TRACTION_GAIN,Runner qualification 0493x7i / Q6-g-f densité,profil final x7q/x7i,double >=0,1.0,Contrôle le runner de qualification physique sans ajouter de clé backend propre.,Variable de script x7i; le runner transmet ensuite les paramètres/gates canoniques appropriés par mode. Profil gelé pour éviter le retour à des cas Poiseuille pathologiques.,,scripts/run_0493x7i_q6_g_f_physical_qualification.sh,x7i;x7q,mise à jour runner qualification 0493x7q
X7I_Q6_GF_DENSITY_TRACTION_THRESHOLD_PARTICLES,Runner qualification 0493x7i / Q6-g-f densité,profil final x7q/x7i,double >=0,6,Contrôle le runner de qualification physique sans ajouter de clé backend propre.,Variable de script x7i; le runner transmet ensuite les paramètres/gates canoniques appropriés par mode. Profil gelé pour éviter le retour à des cas Poiseuille pathologiques.,,scripts/run_0493x7i_q6_g_f_physical_qualification.sh,x7i;x7q,mise à jour runner qualification 0493x7q
X7I_Q6_GF_MIN_FILL_FRACTION,Runner qualification 0493x7i / Q6-g-f support,profil final x7q/x7i,"double [0,1]",0.10,Contrôle le runner de qualification physique sans ajouter de clé backend propre.,Variable de script x7i; le runner transmet ensuite les paramètres/gates canoniques appropriés par mode. Profil gelé pour éviter le retour à des cas Poiseuille pathologiques.,,scripts/run_0493x7i_q6_g_f_physical_qualification.sh,x7i;x7q,mise à jour runner qualification 0493x7q
X7I_Q6_GF_SINGLE_BLOCK_CG_0407,Runner qualification 0493x7i / Q6-g-f politique CG,profil final x7q/x7i,booléen,0,Contrôle le runner de qualification physique sans ajouter de clé backend propre.,Variable de script x7i; le runner transmet ensuite les paramètres/gates canoniques appropriés par mode. Profil gelé pour éviter le retour à des cas Poiseuille pathologiques.,,scripts/run_0493x7i_q6_g_f_physical_qualification.sh,x7i;x7q,mise à jour runner qualification 0493x7q
X7I_Q6_LEGACY_SINGLE_BLOCK_CG_LARGE,Runner qualification 0493x7i / Q6 legacy politique CG,profil final x7q/x7i,booléen,0,Contrôle le runner de qualification physique sans ajouter de clé backend propre.,Variable de script x7i; le runner transmet ensuite les paramètres/gates canoniques appropriés par mode. Profil gelé pour éviter le retour à des cas Poiseuille pathologiques.,,scripts/run_0493x7i_q6_g_f_physical_qualification.sh,x7i;x7q,mise à jour runner qualification 0493x7q
X7I_Q6_LEGACY_SINGLE_BLOCK_CG_SMALL,Runner qualification 0493x7i / Q6 legacy politique CG,profil final x7q/x7i,booléen,1,Contrôle le runner de qualification physique sans ajouter de clé backend propre.,Variable de script x7i; le runner transmet ensuite les paramètres/gates canoniques appropriés par mode. Profil gelé pour éviter le retour à des cas Poiseuille pathologiques.,,scripts/run_0493x7i_q6_g_f_physical_qualification.sh,x7i;x7q,mise à jour runner qualification 0493x7q
X7I_Q6_STRICT,Runner qualification 0493x7i / Q6 strict,profil final x7q/x7i,booléen,1,Contrôle le runner de qualification physique sans ajouter de clé backend propre.,Variable de script x7i; le runner transmet ensuite les paramètres/gates canoniques appropriés par mode. Profil gelé pour éviter le retour à des cas Poiseuille pathologiques.,,scripts/run_0493x7i_q6_g_f_physical_qualification.sh,x7i;x7q,mise à jour runner qualification 0493x7q
X7I_TG_DUMP_EVERY,Runner qualification 0493x7i / TG,profil final x7q/x7i,entier >=0,500,Contrôle le runner de qualification physique sans ajouter de clé backend propre.,Variable de script x7i; le runner transmet ensuite les paramètres/gates canoniques appropriés par mode. Profil gelé pour éviter le retour à des cas Poiseuille pathologiques.,,scripts/run_0493x7i_q6_g_f_physical_qualification.sh,x7i;x7q,mise à jour runner qualification 0493x7q
X7I_TG_STEPS,Runner qualification 0493x7i / TG,profil final x7q/x7i,entier >0,10000,Contrôle le runner de qualification physique sans ajouter de clé backend propre.,Variable de script x7i; le runner transmet ensuite les paramètres/gates canoniques appropriés par mode. Profil gelé pour éviter le retour à des cas Poiseuille pathologiques.,,scripts/run_0493x7i_q6_g_f_physical_qualification.sh,x7i;x7q,mise à jour runner qualification 0493x7q
X7I_TG_SUMMARY_EVERY,Runner qualification 0493x7i / TG,profil final x7q/x7i,entier >0,100,Contrôle le runner de qualification physique sans ajouter de clé backend propre.,Variable de script x7i; le runner transmet ensuite les paramètres/gates canoniques appropriés par mode. Profil gelé pour éviter le retour à des cas Poiseuille pathologiques.,,scripts/run_0493x7i_q6_g_f_physical_qualification.sh,x7i;x7q,mise à jour runner qualification 0493x7q
