milestone_id,family,support_type,nature,function,status,milestone_key,canonical_id,domain,name
0414,0414,modification code + runner,CODE,"Généralise les entrées/sorties segmentées aux axes x et y sur le chemin CUDA résident; crossing multi-axes chronologique, x8r quadriface, x8t généralisé, x8s séparable 1-D/2-D, gardes de coins/réservoirs et diagnostic low-face corrigé.",QUALIFIED,20260907-0414-segmented-xy,20260907-0414-segmented-xy,OPEN_BOUNDARY,Extension quadriface des open boundaries segmentées
0490A,0490,infrastructure,INFRA,"Introduit le registre multi-espèces et son échafaudage de diagnostics, base nécessaire aux traitements par espèce ultérieurs.",Jalon historique documenté,history:0490a,history:0490a,MULTISPECIES_RESAMPLING,Registre des espèces
0490B,0490,modification code,CODE,Ajoute le dépôt des populations par cellule et par espèce afin de disposer des grandeurs locales nécessaires au resampling multi-espèces.,Jalon historique documenté,history:0490b,history:0490b,MULTISPECIES_RESAMPLING,Dépôt cellule–espèce
0490C,0490,modification code,CODE,Introduit le resampling multi-espèces avec conservation explicite des bilans associés aux espèces.,Jalon historique documenté,history:0490c,history:0490c,MULTISPECIES_RESAMPLING,Resampling conservatif par espèce
0490D,0490,modification code,CODE,Rend la fermeture de masse du resampling consciente de la phase afin de préserver les bilans dans les cellules multi-espèces.,Jalon historique documenté,history:0490d,history:0490d,MULTISPECIES_RESAMPLING,Fermeture de masse sensible à la phase
0490E,0490,modification code,CODE,Ajoute une garde de population par espèce pour empêcher les états locaux non admissibles lors des opérations de resampling.,Jalon historique documenté,history:0490e,history:0490e,MULTISPECIES_RESAMPLING,Garde de population par espèce
0490F,0490,modification code,CODE,Étend le refill aux cellules contenant plusieurs espèces tout en conservant l'identité des populations.,Jalon historique documenté,history:0490f,history:0490f,MULTISPECIES_RESAMPLING,Refill d'espèces mixtes
0490G,0490,modification code,CODE,Introduit les transferts donneur–receveur spécifiques aux espèces dans la chaîne de resampling.,Jalon historique documenté,history:0490g,history:0490g,MULTISPECIES_RESAMPLING,Transferts donneur–receveur par espèce
0490H,0490,modification code,CODE,Porte sur CUDA le dépôt cellule–espèce requis par la chaîne multi-espèces.,Jalon historique documenté,history:0490h,history:0490h,MULTISPECIES_RESAMPLING,Dépôt cellule–espèce CUDA
0490I,0490,modification code,CODE,Porte sur CUDA la fermeture de masse par espèce de la chaîne de resampling.,Jalon historique documenté,history:0490i,history:0490i,MULTISPECIES_RESAMPLING,Fermeture de masse multi-espèces CUDA
0490J,0490,modification code,CODE,Porte sur CUDA la garde de population par espèce.,Jalon historique documenté,history:0490j,history:0490j,MULTISPECIES_RESAMPLING,Garde de population multi-espèces CUDA
0490K,0490,modification code,CODE,Construit côté CUDA le plan de transferts donneur–receveur utilisé par le resampling multi-espèces.,Jalon historique documenté,history:0490k,history:0490k,MULTISPECIES_RESAMPLING,Plan de transferts multi-espèces CUDA
0490L,0490,qualification,QUALIFICATION,Valide l'enchaînement CUDA résident des opérations de resampling multi-espèces avant activation du chemin rapide.,Qualification historique,history:0490l,history:0490l,MULTISPECIES_RESAMPLING,Validation du resampling résident multi-espèces
0490M,0490,modification code,PERF,Introduit le fast path CUDA résident pour le resampling multi-espèces afin de réduire les passages par le CPU.,Optimisation historique,history:0490m,history:0490m,MULTISPECIES_RESAMPLING,Chemin rapide résident multi-espèces
0490M-fix2,0490,modification code,FIX,"Correctif de fermeture conservative du chemin résident multi-espèces, appliqué après le jalon 0490M.",Correctif historique,history:0490m-fix2,history:0490m-fix2,MULTISPECIES_RESAMPLING,Fermeture conservative multi-espèces
0490N,0490,modification code,CODE,Ajoute les opérations de maintenance résidente nécessaires à la continuité du resampling multi-espèces sur GPU.,Jalon historique documenté,history:0490n,history:0490n,MULTISPECIES_RESAMPLING,Maintenance résidente multi-espèces
0490N-fix1,0490,diagnostic,DIAGNOSTIC,Ajoute la télémétrie de contrôle des populations et bilans par espèce sur le chemin résident.,Diagnostic historique,history:0490n-fix1,history:0490n-fix1,MULTISPECIES_RESAMPLING,Télémétrie résidente par espèce
0490N-fix2,0490,modification code,FIX,Correctif de matérialisation de plusieurs transferts par cellule dans la maintenance résidente multi-espèces.,Correctif historique,history:0490n-fix2,history:0490n-fix2,MULTISPECIES_RESAMPLING,Matérialisation des transferts multiples
0490P,0490,modification code,PERF,Finalise la politique de cellule côté device afin que la chaîne de décision du resampling résident ne dépende plus d'une décision CPU.,Architecture historique,history:0490p,history:0490p,MULTISPECIES_RESAMPLING,Politique cellule sur device / zéro CPU
0491A,0491,infrastructure,INFRA,"Formalise la distribution de correction Q6 par espèce et fournit un référentiel CPU analytique pour vérifier pondérations, conservation barycentrique et modes de repli.",Jalon historique documenté,history:0491a,history:0491a,SPECIES_Q6,Contrat Q6 sensible à l'espèce
0491B,0491,modification code,CODE,"Calcule sur GPU les poids et résidus species-Q6 à partir du dépôt cellule-espèce 0490H, en mode shadow sans application dynamique, afin de comparer le calcul CUDA à la référence CPU 0491A.",Jalon historique attesté par documentation technique,history:0491b,history:0491b,SPECIES_Q6,Dépôt partagé et shadow CUDA species-Q6
0491C,0491,calibrateur + modification code,CODE,"Introduit l'application pondérée par type dans le chemin Q6 CUDA résident, en remplaçant uniquement l'application particulaire de la correction tout en conservant le dépôt barycentrique, le solveur, les conditions limites et les diagnostics historiques.",Jalon historique attesté par documentation technique,history:0491c,history:0491c,SPECIES_Q6,Application CUDA opt-in du Q6 par espèce
0491D,0491,runner,QUALIFICATION,"Qualifie l'activation du Q6 sensible à l'espèce sur les chemins src, src-resampling, src-q6 et src-q6-resampling avec contrôle des résidus et de la configuration résidente.",Qualification historique,history:0491d,history:0491d,SPECIES_Q6,Matrice des chemins species-Q6
0491E,0491,runner,QUALIFICATION,"Vérifie le contrat strictement résident du species-Q6 : exécution device-resident, absence de tableaux cellule-espèce hôte, de transfert de poids H2D, de téléchargement complet d'état et de fallback CPU.",Qualification historique,history:0491e,history:0491e,SPECIES_Q6,Audit strict du Q6 résident par espèce
0491F,0491,runner,QUALIFICATION,"Compare les modes Q6 commun et pondéré avec et sans thermostat, en contrôlant résidu Q6, conservation de masse, dérive de vitesse moyenne et comportement thermique.",Qualification historique,history:0491f,history:0491f,SPECIES_Q6,Validation énergie et thermostat du species-Q6
0491G,0491,runner,QUALIFICATION,Vérifie la compatibilité du chemin Q6 par espèce avec les familles de frontières ouvertes et Darcy-Brinkman tout en maintenant les garanties de résidence GPU et l'absence de fallback CPU.,Qualification historique,history:0491g,history:0491g,SPECIES_Q6,Qualification frontières ouvertes et Darcy du species-Q6
0491H,0491,runner + visualisation,QUALIFICATION,"Consolide les validations de chemins, résidence stricte, énergie, frontières/Darcy, cas personnalisés et runs longs, avec contrôles de masse par espèce, résidu Q6, allocations et coûts par nombre d'espèces.",Qualification historique consolidée,history:0491h,history:0491h,SPECIES_Q6,Campagne consolidée de validation species-Q6
0491H-fix1,0491,runner,FIX,"Consolide le correctif final du chemin Q6 sensible aux espèces par une qualification approfondie : longueurs exactes, équivalence d'état, thermostat, interface, espèce trace, runs fermés longs et politique cellule device issue de 0490P.",Correctif historique qualifié,history:0491h-fix1,history:0491h-fix1,SPECIES_Q6,Correctif final et qualification approfondie species-Q6
0492,0492,runner + vérificateur,INFRA,"Consolide les runners run_ok autour d'une base commune, d'un preflight homogène et du contrat LiveVis, tout en intégrant la chaîne multi-espèces résidente issue de 0490/0491. Les sous-révisions internes 0492a et 0492b portent respectivement la résolution du mode résident et les contrôles sémantiques des injections multi-espèces.",Infrastructure runner historique qualifiée,history:0492,history:0492,RUN_OK_INFRA,Refresh et contrat des run_ok
0493A,0493,vérificateur,INFRA,"Étend la chaîne résidente 0490M/N/P à toutes les familles de frontières supportées, supprime le routage topology-only et garde Q6, Darcy, thermostat et règles de split/merge physiquement inchangés.",Jalon historique documenté,history:0493a,history:0493a,MULTISPECIES_RESAMPLING,Routage universel du resampling multi-espèces résident
0493B,0493,runner + vérificateur,CODE,"Ajoute une politique de mutation par espèce tout en conservant toutes les espèces dans SRC, Q6, Darcy, frontières et dépôts barycentriques; la production reste zéro-CPU pour les décisions cellule/espèce.",Jalon historique documenté,history:0493b,history:0493b,MULTISPECIES_RESAMPLING,Resampling CUDA résident activable par espèce
0493C,0493,runner + analyseur,QUALIFICATION,"Qualifie le chemin résident sur une matrice périodique, frontières segmentées et Darcy/chi, avec activité effective, intégrité du pool, conservation de masse par espèce et absence de mutation des espèces désactivées.",Qualification historique,history:0493c,history:0493c,MULTISPECIES_RESAMPLING,Qualification du resampling multi-espèces résident
0493C-fix3,0493,modification code,FIX,Corrige la qualification medium de 0493C afin que les seuils de population restent cohérents avec gamma et ne créent pas un faux régime de garde.,Correctif historique attesté par Git,history:0493c-fix3,history:0493c-fix3,MULTISPECIES_RESAMPLING,Alignement du population guard medium sur gamma
0493D,0493,modification code,PERF,"Remplace la recherche sérielle plan×particules par une sélection parallèle par groupes indépendants donneur/type, tout en reconstruisant l'ordre global historique des opérations.",Jalon d'optimisation attesté par le code,history:0493d,history:0493d,MULTISPECIES_RESAMPLING,Sélection parallèle déterministe des transferts résidents
0493D-fix1,0493,modification code,FIX,Conserve la sélection parallèle de 0493D mais rejoue mutations et réductions diagnostiques dans l'ordre historique pour préserver exactement l'arithmétique et la déterminisme du chemin 0490M.,Correctif historique attesté par Git,history:0493d-fix1,history:0493d-fix1,MULTISPECIES_RESAMPLING,Rejeu déterministe du state-update après sélection parallèle
0493E,0493,runner + analyseur,QUALIFICATION,"Teste le resampling résident mono-espèce sur un état contrôlé avec conservation masse/impulsion/énergie, activité split/merge et invariants de pool.",Qualification physique historique,history:0493e,history:0493e,MULTISPECIES_RESAMPLING,Qualification physique mono-espèce du resampling
0493F,0493,runner + analyseur,QUALIFICATION,"Étend la qualification physique à deux espèces et aux activations sélectives, afin de contrôler séparément conservation globale et conservation par espèce pendant les mutations résidentes.",Qualification physique historique,history:0493f,history:0493f,MULTISPECIES_RESAMPLING,Qualification physique à deux espèces du resampling
0493F-fix2,0493,modification code,FIX,"Remplace le checkerboard initial par un état où les champs de masse, impulsion et énergie par espèce sont uniformes malgré les variations de population, afin que le smoke mesure la mutation numérique sans forçage physique parasite.",Correctif de qualification historique,history:0493f-fix2,history:0493f-fix2,MULTISPECIES_RESAMPLING,Cas deux-espèces physiquement neutre
0493G,0493,runner + analyseur,CODE,Restaure indépendamment les moments thermodynamiques de chaque espèce mutable autour de son propre barycentre; évite l'échange artificiel de quantité de mouvement et d'énergie créé par la restauration sur barycentre de mélange.,Correction physique historique,history:0493g,history:0493g,MULTISPECIES_RESAMPLING,Restauration locale des moments par espèce
0493H,0493,runner + analyseur,QUALIFICATION,"Compare SRC et SRC+resampling sur une onde de cisaillement périodique. Le jalon vérifie décroissance/viscosité et intégrité mais met aussi en évidence les dérives de masse, impulsion et énergie du chemin resampling avant les fermetures I/J.",Diagnostic physique historique,history:0493h,history:0493h,MULTISPECIES_RESAMPLING,Diagnostic physique par onde de cisaillement périodique
0493I,0493,modification code,FIX,Étend la balance conservative masse/impulsion de 0490I au cas d'une seule espèce enregistrée; supprime la dérive d'impulsion introduite par l'ancien branchement mass-only lorsque speciesCount=1.,Correctif physique attesté par le code,history:0493i,history:0493i,MULTISPECIES_RESAMPLING,Fermeture conservative mono-espèce sur le chemin résident
0493J,0493,modification code,CODE,"Ajoute à la fermeture résidente la conservation de l'énergie cinétique relative par espèce, avec diagnostics de faisabilité et résidu; cette fermeture devient un invariant contrôlé dans les qualifications de transport ultérieures.",Jalon historique documenté,history:0493j,history:0493j,MULTISPECIES_RESAMPLING,Fermeture conservative de l'énergie cinétique par espèce
0493O0,0493,vérificateur + runner,BENCHMARK,Établit deux références SRC-only sans Q6 ni resampling mutant : Taylor--Green périodique et cas segmented inlet/outlet avec obstacle Darcy/chi. Les diagnostics de support restent passifs afin de mesurer le problème avant toute réparation.,Référence historique pré-réparation,history:0493o0,history:0493o0,MULTISPECIES_RESAMPLING,Références SRC seules avant réparation locale du support
0493O1,0493,modification code + runner,CODE,"Introduit le mode résident split-only piloté par Neff=(sum m)^2/sum(m^2) pour chaque paire cellule/espèce active. Une paire pauvre est réparée vers NTarget par scission déterministe des fragments les plus lourds, avec conservation locale masse, impulsion et énergie cinétique.",Jalon historique documenté,history:0493o1,history:0493o1,MULTISPECIES_RESAMPLING,Population effective cible : split local piloté par Neff
0493O1-fix2,0493,vérificateur,FIX,Rend le guard CUDA split-only autoritaire et interdit le repli vers l'ancien population guard CPU. Ce repli pouvait appliquer des merges malgré extraction=false et créer des trous dans l'active prefix avant resynchronisation.,Correctif de sûreté résident attesté par le code,history:0493o1-fix2,history:0493o1-fix2,MULTISPECIES_RESAMPLING,Autorité CUDA du split-only local
0493O2-fix1,0493,vérificateur,FIX,"Étend le runner TG de O1 à un mode dual-espèces contrôlé : seul le tableau des types est réécrit en répartition locale équilibrée, tandis que positions, vitesses, masses et rôles restent identiques à l'état TG de référence. Aucun jalon O2 de base n'est reconstruit.",Sous-jalon historique explicitement attesté,history:0493o2-fix1,history:0493o2-fix1,MULTISPECIES_RESAMPLING,Runner TG mono/dual-espèces pour la réparation de support
0493O3,0493,vérificateur + analyseur,PERF,"Ajoute une détection anticipée des paires pauvres. Si aucune réparation n'est requise, le chemin évite préparation cinétique, collecte de candidats, planification, mutation et contrôles post-mutation, tout en exposant des chronométrages dédiés.",Optimisation résidente historique,history:0493o3,history:0493o3,MULTISPECIES_RESAMPLING,Early-exit résident lorsqu'aucune paire cellule/espèce n'est pauvre
0493O4,0493,vérificateur,QUALIFICATION,"Restaure une comparaison appariée baseline/réparation sur le cas segmented inlet/outlet + Darcy/chi, avec registre d'espèces strict, split-only activable, empty-refill/mass-guard/thermal-renormalization désactivés et paramètres identiques hors réparation.",Qualification historique,history:0493o4,history:0493o4,MULTISPECIES_RESAMPLING,Qualification de la réparation de support en segmented-Darcy
0493W0,0493,runner + analyseur,BENCHMARK,Balaye le régime SRC-only du cas cylindre/Darcy pour déterminer si lip d'entrée et wake appauvri proviennent d'un régime mésoscopique extrême avant d'attribuer ces effets à un défaut de support. Q6 et réparations mutantes restent désactivés.,Diagnostic historique du régime cinétique,history:0493w0,history:0493w0,SRC_CALIBRATION,Audit du régime cinétique du cas segmented-Darcy
0493W1,0493,calibrateur + runner,CALIBRATOR,"Caractérise le fluide SRC homogène par Taylor--Green pour la viscosité, réponse longitudinale pour la célérité acoustique et MSD pour l'autodiffusion; en déduit notamment Sc et, lorsque les échelles sont fournies, Re/Ma/Pe.",Calibrateur historique,history:0493w1,history:0493w1,SRC_CALIBRATION,Calibrateur constitutif du fluide SRC
0493W2,0493,calibrateur + runner,BENCHMARK,"Rejoue le cylindre avec entrée/sortie segmentées et Darcy/chi en conservant la taille de cellule et les propriétés mesurées en W1. Le cas devient une référence physique dimensionnée, avec support repair, resampling, refill et reconditionnement désactivés.",Référence physique calibrée,history:0493w2,history:0493w2,SRC_CALIBRATION,Référence segmented-Darcy sur fluide SRC calibré
0493W3,0493,modification code,FIX,Corrige le traitement des cellules partielles au bord d'une aperture d'entrée segmentée afin que l'injection prescrite reste cohérente avec la fraction effectivement ouverte. Le jalon est conservé par son commit Git explicite.,Correctif historique attesté par Git,history:0493w3,history:0493w3,BOUNDARY,Correction de l'injection sur cellule partielle d'une entrée segmentée
0493W4,0493,runner,RUNNER,"Normalise les runners d'injection autour des familles liquid/gas plutôt que des seuls identifiants de type : forces Q6 et fermeture de masse déclarées, rapport de masses, domaine empty/full, diagnostics species et contrat de post-check deviennent explicites et indépendants du numéro de type.",Jalon de runner attesté par le code et les inventaires,history:0493w4,history:0493w4,MULTISPECIES_RUNNER,Runner d'injection multi-espèces normalisé par famille de phase
0493W5,0493,runner + générateur,CODE,Introduit speciesQ6Mode=independent_masked : chaque espèce de force Q6 positive construit son propre support à partir de l'occupation mass/referenceCellMass et reçoit son propre solveur masqué; une espèce de force nulle ne reçoit structurellement aucune correction Q6 directe. L'étape initiale est périodique.,Jalon historique documenté,history:0493w5,history:0493w5,SPECIES_Q6,Q6 multi-espèces independent_masked — étape périodique
0493W6,0493,runner + vérificateur,DIAGNOSTIC,Distingue la divergence du flux de face auxiliaire projeté de celle du champ cellulaire redéposé après correction particulaire. Ce diagnostic révèle notamment le mismatch face-vers-cellule aux bords internes d'un support partiellement masqué sans modifier l'opérateur.,Diagnostic historique documenté,history:0493w6,history:0493w6,SPECIES_Q6,Diagnostic de divergence après application du Q6 masqué
0493W7,0493,runner + vérificateur,CODE,"Étend le solveur Q6 indépendant par espèce aux topologies déjà acceptées par le backend résident : périodique, canal à parois, entrée/sortie pleine face, apertures segmentées et Darcy-Brinkman, sans réintroduire correction barycentrique ni fallback common.",Jalon historique documenté et qualifié,history:0493w7,history:0493w7,SPECIES_Q6,Q6 independent_masked sur toutes les familles de frontières résidentes
0493W8,0493,runner + analyseur,QUALIFICATION,"Qualifie la neutralité du registre et du découpage en types, la non-régression du solveur independent_masked en support plein face au Q6 mono historique, et le transport TG de deux labels indépendamment projetés représentant le même fluide.",Qualification historique consolidée,history:0493w8,history:0493w8,SPECIES_Q6,Équivalence Taylor--Green mono / dual-identique du Q6 independent_masked
Q6,socle,modification code,CODE,Projection du champ de vitesse/moment pour réduire la divergence. Les variantes récentes opèrent sur GPU résident.,Socle actif selon RUN_MODE,reference:Q6,,CORE,Projection quasi-incompressible
Q6 multi-espèces,socle,infrastructure,INFRA,Registre d'espèces; mode independent_masked pour projeter le liquide sans projeter directement le gaz.,Socle multi-espèces,reference:Q6 multi-espèces,,CORE,Projection sélective par espèce
Q6-g,socle,modification code,CODE,Inclut la force dans la vitesse tentative avant le streaming afin que la projection corrige la vitesse réellement utilisée pour transporter les particules.,"Introduit par x3, base de Q6-g-f",reference:Q6-g,,CORE,Q6 force-aware
Q6-g-f,socle,modification code,CODE,"Chaîne: vitesse tentative forcée, interface physique alpha=0.5, condition de pression, reconstruction face-particule B1/RT0 et relaxation lente de densité dans le même solveur CG.",Chaîne de projection de référence,reference:Q6-g-f,,CORE,Q6 force-aware + interface + face-particule + densité
Q9,socle,modification code,CODE,Ancienne projection complémentaire du flux de masse à grande longueur d'onde.,Historique / séparée du chemin Q6-g-f actuel,reference:Q9,,CORE,Relaxation basse fréquence du flux de masse
Resampling,socle,qualification,QUALIFICATION,Rééchantillonnage local conservatif pour maintenir population et masse cellulaire; distinct de Q6 et opt-in.,"Module séparé, OFF dans les qualifications surface libre récentes",reference:Resampling,,CORE,Contrôle du support particulaire
SRC/MPCD,socle,modification code,CODE,"Streaming des particules, collision stochastique par cellule, rotation SRD, grid shift et thermostat. C'est le fluide mésoscopique de base.",Socle actif,reference:SRC/MPCD,,CORE,Collision particulaire SRC/MPCD
x0,x0,runner + générateur,VISUALIZATION,"Introduit une démonstration qualitative d'une colonne liquide dense entourée d'un gaz compressible, avec speciesQ6Mode=independent_masked, q6Strength liquide=1 et gaz=0. Le cas sert d'intégration/visualisation du Q6 multi-espèces et non de benchmark surface libre calibré.",Démonstration historique d'intégration,0493x0,0493x0,SPECIES_Q6,Démonstration dam-break bi-espèces du Q6 independent_masked
x1,x1,modification code + runner,CODE,"Étend le chemin parois CUDA résident à une boîte rectangulaire statique non périodique sur les quatre faces. Le premier sous-ensemble accepte solid/specular, sans segment ouvert, obstacle immergé, domaine mobile ni resampling; Q6 independent_masked est exécuté de façon résidente avec boundaryFamily=closed_box.",Étape historique qualifiée pour la démonstration dam-break,0493x1,0493x1,BOUNDARY,Chemin de frontières closed-box CUDA résident
x2,x2,runner + générateur,DIAGNOSTIC,"Isole un liquide mono-espèce entièrement rempli dans la boîte fermée sous gravité. Le Q6 common maintient une faible divergence post-collision, mais le kick-and-drift historique déplace les particules avant cette projection; le déplacement déterministe d'ordre g*dt^2 s'accumule au mur inférieur et explique la lente sédimentation observée.",Diagnostic causal; mène directement à x3,0493x2,0493x2,Q6_GF,Diagnostic liquide plein : force appliquée avant une projection Q6 trop tardive
x3,x3,modification code + runner,CODE,"Introduit q6ForceProjectionMode=prestream : la force est appliquée à la vitesse résidente, cette vitesse tentative est projetée par Q6 avant le streaming, puis le solve Q6 post-collision historique est conservé. Le chemin démontre que la vitesse de transport, et non seulement la vitesse post-collision, doit satisfaire la contrainte incompressible.",Preuve de concept validant la cause; supplantée par x4a,0493x3,0493x3,Q6_GF,Q6-g force-aware — preuve de concept prestream à deux solves
x4a,x4,modification code + runner,CODE,"Ajoute q6ForceProjectionMode=prestream_single. Après force -> Q6 -> streaming, collision SRC et thermostat relatif ne déplacent pas les particules; le solve post-collision est donc omis et la vitesse issue de collision est projetée au début du pas suivant avant tout nouveau transport.",Référence mono-solve; supplantée par la fusion x4b,0493x4a,0493x4a,Q6_GF,Q6-g prestream_single — un solve Q6 par pas forcé
x4b,x4,modification code + runner,PERF,"Ajoute q6ForceProjectionMode=prestream_single_fused : le dépôt CUDA construit directement le moment tentative m(v+a dt), le solveur Q6 projette ce champ, puis un même passage particulaire applique la force physique et la correction Q6 avant streaming. Le momentum apporté par la force reste distinct de la correction de momentum Q6.",Séquençage temporel Q6-g de référence pour la suite de 0493x,0493x4b,0493x4b,Q6_GF,Q6-g prestream_single_fused — fusion CUDA force + projection
x5a,x5,modification code + runner,CODE,"Conserve le séquençage prestream_single_fused de x4b et introduit speciesQ6Mode=free_surface_masked pour une unique espèce liquide projetée. Le support de pression est construit à partir du remplissage absolu mass/referenceCellMass; une face active/inactive impose encore une pression de jauge nulle à demi-maille, avec le facteur deux correspondant dans le Laplacien et la correction de vitesse.",Première fermeture liquide-vide; support numérique encore assimilé à l'interface,0493x5a,0493x5a,Q6_GF,Q6-g free_surface_masked — premier liquide partiellement rempli
x5a2,x5,runner + analyseur,QUALIFICATION,"Soumet l'opérateur x5a inchangé à une interface fortement déformable : une colonne liquide est libérée dans une boîte fermée autrement vide. Le générateur ajoute le profil empty-outside-column et les diagnostics suivent géométrie, support et solveur. La campagne est robuste avant impact mais la fragmentation post-impact montre que le bord du support numérique ne peut pas être identifié à l'interface physique.",Qualification discriminante; motive la séparation support/interface de x6,0493x5a2,0493x5a2,Q6_GF,Qualification dam-break liquide-vide du free_surface_masked
x5b,x5,runner + analyseur,QUALIFICATION,"Ajoute la première qualification dynamique bi-espèces au-dessus de x5a/x5a2 sans modifier l'opérateur CUDA. Le liquide seul est projeté par free_surface_masked; le gaz est enregistré avec q6StrengthDeclared=0, reçoit la force et participe aux collisions SRC multi-espèces mais reste compressible et ne reçoit aucune correction Q6 directe. À ce stade la pression gazeuse n'est pas injectée dans la condition de pression Q6.",Première qualification bi-espèces; couplage gaz-liquide encore collisionnel côté pression,0493x5b,0493x5b,Q6_GF,Qualification liquide-gaz : Q6-g liquide et gaz compressible explicite
x6a,x6,modification code + runner,DIAGNOSTIC,"Reconstruit, sans modifier l'opérateur Q6, la pression idéale du gaz p_g=N_g kBT/A_cell et le potentiel phi_g=dt*p_g/rho_l,ref sur les faces liquide/non-liquide du support free_surface_masked. Le champ est audité mais n'est pas consommé par la projection; pGamma reste nul.",Diagnostic EOS préparatoire; aucune rétroaction sur le solveur,0493x6a,0493x6a,Q6_GF,Diagnostic EOS de pression gazeuse interfaciale
x6b,x6,modification code + runner,DIAGNOSTIC,"Reconstruit à cadence sparse un remplissage de phase à partir des masses cellule-espèce et audite support numérique, crossing alpha=0.5, distances sous-maille et normales, sans créer de champ géométrique résident ni modifier l'opérateur. Cette étape formalise la différence entre le carrier Q6 et l'interface physique.",Diagnostic géométrique; prépare la matérialisation résidente x6c,0493x6b,0493x6b,Q6_GF,Diagnostic géométrique support Q6 / interface alpha=0.5
x6c,x6,modification code + runner,INFRA,"Matérialise sur GPU, à chaque solve Q6 free_surface_masked, un champ rawFill issu des masses liquides puis un champ alpha filtré par un stencil cinq points conservatif avec lambda=0.125. À son introduction ces champs sont construits mais non consommés par la projection; ils deviennent ensuite la géométrie commune de x6d/x6e/x6f/x6g.",Infrastructure géométrique résidente; base des stencils d'interface ultérieurs,0493x6c,0493x6c,Q6_GF,Infrastructure résidente du champ de phase alpha
x6d,x6,modification code + runner,CODE,"Premier consommateur actif du champ alpha résident : sur une face active/inactive du carrier qui encadre alpha=0.5, remplace le facteur demi-maille par la distance sous-maille theta et utilise 1/theta dans l'opérateur/correction; les petits theta gardent le facteur 2 de stabilisation. La pression interfaciale reste pGamma=0.",Expérience active historique; architecture abandonnée au profit de x6f,0493x6d,0493x6d,Q6_GF,Expérience cut-face 1/theta sur le bord du carrier
x6e,x6,modification code + runner,DIAGNOSTIC,"Scanne toutes les faces de grille traversant alpha=0.5 indépendamment du carrier Q6 et classe les crossings active-active, active-inactive et inactive-inactive. Le diagnostic démontre que l'interface physique traverse fréquemment des paires de cellules encore toutes deux dans le carrier et invalide l'architecture cut-face x6d.",Diagnostic architectural décisif; motive pressureMask séparé de x6f,0493x6e,0493x6e,Q6_GF,Audit topologique de l'interface physique alpha=0.5
x6f,x6,modification code + runner,CODE,"Sépare le carrier de particules du domaine de pression : pressureMask=carrierMask AND alpha>=0.5. Une passe CUDA prépare une fois par solve les coefficients east/north des faces (1 intérieur, 1/theta crossing physique, 2 small-theta, 0 sans couplage), ensuite réutilisés à chaque itération CG. Le pGamma reste nul dans cette étape.",Architecture d'interface retenue; géométrie bornée par x6f2 avant x6g,0493x6f,0493x6f,Q6_GF,Stencil résident de pression sur l'interface physique alpha=0.5
x6f2,x6,modification code + runner,FIX,"Sépare l'occupation liquide brute, volontairement non bornée, de la géométrie d'interface : le filtre x6c consomme désormais geom0=clamp(rawFill,0,1), puis alpha=geom0+lambda*sum(geom0_nb-geom0). Cette correction empêche une forte sur-occupation voisine de créer artificiellement alpha>0.5 dans une cellule vide.",Correctif géométrique actif de la chaîne x6f/x6g,0493x6f2,0493x6f2,Q6_GF,Correction : géométrie de phase bornée avant filtrage
x6g,x6,modification code + runner,CODE,"Réutilise le stencil x6f/x6f2 pour imposer p_l|Gamma=p_g. Sur chaque face alpha=0.5, construit phiGamma=dt*(p_g-p_ref)/rho_l,ref à partir du gaz côté alpha<0.5 (EOS ou pression constante), l'injecte dans le RHS et la correction de face sans modifier la matrice CG. Cette face deviendra ensuite le point d'insertion de p_g+sigma*kappa.",Couplage pression gaz actif sur interface résidente; base du futur terme capillaire,0493x6g,0493x6g,Q6_GF,Condition de pression gazeuse sur l'interface physique
x6h-A,x6,modification code,FIX,"Corrige l'asymétrie du stockage east/north des corrections Q6 : sur une frontière physique basse non périodique, aucune cellule propriétaire west/south n'existe pour fournir la correction de face. x6h-A reconstruit alors cette correction avec la même convention target-before que les faces hautes, sous contrôle du pressureMask, afin de ne pas injecter de kick dans les seules cellules de carrier.",Correctif de reconstruction des faces basses actif dans Q6-g-f,0493x6h-a,0493x6h-a,Q6_GF,Correctif des corrections de faces physiques basses
x6h-B0,x6,modification code + analyseur,DIAGNOSTIC,"Ajoute, uniquement à cadence d'audit, un redépôt post-application et localise la divergence résiduelle par régions bulk, interface, paroi, paroi-interface, coin et coin-interface. Le diagnostic montre où la correction FV projetée perd sa cohérence lorsqu'elle est convertie en incréments particulaires puis redéposée.",Diagnostic sparse OFF en production; motive la reconstruction B1,0493x6h-b0,0493x6h-b0,Q6_GF,Diagnostic régional de divergence après application aux particules
x6h-B1,x6,modification code,CODE,"Remplace, dans le chemin free_surface_masked force+Q6 fusionné, l'application d'un incrément constant par cellule par une reconstruction affine aux positions particulaires entre les corrections des faces opposées. Les faces west/south sont déduites des moyennes cellulaires et des faces east/north, avec x6h-A pour les frontières basses; la divergence discrète du champ reconstruit est ainsi celle du champ FV projeté.",Reconstruction face-particule active dans le profil Q6-g-f qualifié,0493x6h-b1,0493x6h-b1,Q6_GF,Reconstruction affine RT0/MAC des corrections face-vers-particule
x7a,x7,modification code + analyseur,CODE,"Porte sur le chemin free_surface_masked Q6-g-f le mécanisme historique de restauration de densité sous forme d'un kick explicite post-projection : Pvir/rhoRef=kVirial*(rawFill-1), puis duVir=-betaEOS*dt*grad(Pvir/rhoRef). Le kick est limité au bulk liquide, avec correction uniforme optionnelle du moment net, et est fusionné dans le redépôt final des moments cellule.",Expérience de restauration explicite; abandonnée au profit de la cible de divergence x7c/x7d,0493x7a,0493x7a,Q6_GF,Kick viriel de densité CUDA résident
x7b,x7,modification code + vérificateur,DIAGNOSTIC,Fixe la convention continue du mécanisme x7a sans modifier son update numérique lorsque kVirial et betaEOS sont explicites : kVirial porte des unités de vitesse au carré et ne se redimensionne pas avec dx/dy; la résolution temporelle est suivie séparément par cVir=sqrt(betaEOS*kVirial) et les nombres de Courant viriels. Le candidat K32 qualifié devient le défaut lorsque le viriel est activé.,Consolidation sémantique de l'ablation virielle; stratégie ensuite remplacée par x7c,0493x7b,0493x7b,Q6_GF,Sémantique continue et diagnostic de grille du viriel
x7c,x7,modification code + analyseur,CODE,"Remplace le kick viriel explicite post-projection par une contrainte de divergence directement dans le solve Q6 : dans le bulk liquide, div(u_proj)=beta_rho*(rawFill-1)/dt. Les cellules sur la bande d'interface conservent le traitement de pression x6f/x6g; beta=0 est un no-op exact.",Mécanisme RHS retenu conceptuellement; paramétrage physique raffiné par x7d,0493x7c,0493x7c,Q6_GF,Restauration de densité intégrée au RHS Q6
x7d,x7,modification code + runner,CODE,"Consolide l'opérateur x7c sans en changer le kernel : l'entrée physique préférée devient q6DensityRelaxationTime=tau_rho, avec div(u_proj)=(rawFill-1)/tau_rho et betaParPas=dt/tau_rho. Le beta par pas x7c reste disponible pour compatibilité mais est mutuellement exclusif avec tau_rho positif. Une campagne coarse/fine à temps physique égal vérifie la sémantique de l'opérateur sous raffinement.",Paramétrage physique retenu; tau_rho=0.25 dans la chaîne qualifiée,0493x7d,0493x7d,Q6_GF,Constante de temps physique de restauration de densité
x7d-v2,x7,modification code,CODE,"Remplace, lorsque le gate est activé, la restauration x7d appliquée à chaque fluctuation locale par une admission des défauts positifs cohérents : la cellule et au moins un voisin de face doivent dépasser le même seuil. Après admission, le défaut complet rawFill-1 est conservé dans la cible de divergence; le seuil n'est pas soustrait.",Actif dans le profil Q6-g-f qualifié; gate désactivé = comportement x7d historique,0493x7d-v2,0493x7d-v2,Q6_GF,Gate cohérent de compression pour la restauration de densité
x7d-v2-fix2,x7,modification code,FIX,"Dans le chemin monophase fullDomain avec B1 et direction périodique, accumule la correction Q6 massiquement au niveau cellule puis retire son mode uniforme k=0 lors de l'application B1. Les directions non périodiques et les domaines partiels avec traction interfaciale restent inchangés.",Correctif intermédiaire actif historiquement; fermeture k=0 centrée cellule ensuite rendue exacte au niveau particulaire par x7q,0493x7d-v2-fix2,0493x7d-v2-fix2,Q6_GF,Première fermeture du moment périodique B1 au niveau cellule
x7d-v2-signed1,x7,modification code + runner,CODE,Conserve la branche positive cohérente de x7d-v2 et ajoute une branche négative de traction/déplétion : un défaut négatif n'est admis que si la cellule et au moins un voisin de face franchissent le seuil négatif; le défaut complet est alors multiplié par q6DensityRelaxationTractionGain. Gain nul est un no-op exact.,Actif dans le profil final signé; qualifié avec la chaîne x7q,0493x7d-v2-signed1,0493x7d-v2-signed1,Q6_GF,Restauration de densité signée à gates cohérents
x7e,x7,runner + analyseur,QUALIFICATION,"Valide sans modifier l'opérateur CUDA l'assemblage additif, dans un même RHS et un même solve CG, de la condition de pression interfaciale x6g et de la cible de divergence bulk x7d. La qualification réutilise la suite d'invariants x6g et le raffinement coarse/fine x7d avec tau_rho=0.25 et B1 actif.",Qualification de composition Q6-g-f; kick viriel explicite désactivé,0493x7e,0493x7e,Q6_GF,Qualification combinée pression gaz x6g + restauration de densité x7d
x7f,x7,runner + vérificateur,CODE,"Généralise le chemin free_surface_masked + prestream_single_fused du dam-break aux familles statiques déjà supportées par le backend résident (périodique, canal à parois, boîte fermée, IO plein et segmenté) et rend la projection pré-transport active même à force volumique nulle. Les équations x6f/x6g/x7d/B1 ne changent pas.",Actif sur les familles statiques qualifiées; Darcy encore exclu à cette étape,0493x7f,0493x7f,Q6_GF,Extension Q6-g-f aux familles statiques multi-BC
x7f-fix2,x7,modification code,FIX,Corrige la garde du chemin résident wall-simple afin qu'un canal périodique-x avec faces solides/specular en y soit accepté sans exiger artificiellement wallVP. La règle de collision/réflexion elle-même n'est pas modifiée.,Correctif actif du périmètre x7f,0493x7f-fix2,0493x7f-fix2,Q6_GF,Correctif de garde wall-simple pour canal mixte
x7g,x7,runner + vérificateur,CODE,"Étend x7f au domaine fictif Darcy/chi résident en appliquant la relaxation déterministe de vitesse avant le solve Q6-g-f pré-transport, puis en supprimant l'ancien replay post-collision pour ce chemin afin d'éviter double application et recréation de divergence après projection.",Actif sur le sous-ensemble Darcy/chi qualifié,0493x7g,0493x7g,Q6_GF,Darcy-Brinkman placé avant la projection Q6-g-f
x7h,x7,infrastructure,INFRA,"Introduit le chemin explicite src-q6-g-f dans les helpers/runners historiques et factorise le profil x4b+x6c+x6f+x6g si gaz+B1+x7d sans modifier les équations. Les démonstrations run_ok deviennent des comparateurs reproductibles entre SRC, Q6 historique et Q6-g-f.",Infrastructure de démonstration et régression,0493x7h,0493x7h,Q6_GF,Factorisation des comparaisons run_ok SRC / Q6 / Q6-g-f
x7i,x7,runner + analyseur,BENCHMARK,"Compare les trois chemins sur Taylor-Green forcé, Poiseuille, bend-pipe Darcy et same-face IO à partir de dumps particulaires et d'analyses hors ligne. La campagne mesure compressibilité structurée, profil/transport effectif et propagation de démarrage sans changer le solveur.",Benchmark diagnostique de référence; sans seuil PASS/FAIL arbitraire,0493x7i,0493x7i,Q6_GF,Benchmark physique multi-cas SRC / Q6 / Q6-g-f
x7j,x7,modification code,PERF,"Supprime les réductions et synchronisations GPU-vers-host à chaque itération du CG masqué x6f en remplaçant la boucle hôte par un noyau coopératif résident couvrant la récurrence de Krylov complète; la physique, le RHS, le stencil et B1 restent inchangés.",Optimisation majeure du solve Q6-g-f; fallback hôte conservé,0493x7j,0493x7j,Q6_GF,CG Q6-g-f entièrement CUDA résident
x7k,x7,modification code,PERF,Conserve tous les diagnostics d'échec mais ne calcule les audits/réductions coûteux du chemin Q6-g-f qu'au premier pas et à la cadence summaryEvery. Aucun paramètre physique ni opérateur n'est modifié.,Optimisation de télémétrie active en production,0493x7k,0493x7k,Q6_GF,Stripping des diagnostics Q6-g-f en production
x7l,x7,modification code,PERF,"Supprime des pas de production Q6-g-f les téléchargements et réductions de télémétrie thermostat/espèces, tout en conservant la séquence physique deposit/kinetic/scale/apply et les diagnostics à la cadence x7k.",Optimisation de télémétrie active; thermostat physique inchangé,0493x7l,0493x7l,Q6_GF,Stripping de la télémétrie thermostat/espèces
x7m,x7,modification code,CODE,Évite qu'une fluctuation alpha<0.5 soit interprétée comme interface physique dans un cas explicitement monophase : la présence d'une phase gaz enregistrée devient l'autorité qui active le stencil d'interface x6f. La première version conserve toutefois pressureMask=carrierMask en monophase.,Étape initiale; complétée par x7m-fix1,0493x7m,0493x7m,Q6_GF,Garde topologique monophase par registre de phases
x7m-fix1,x7,modification code,FIX,"Corrige x7m en rendant le pressureMask monophase égal au domaine de calcul complet, indépendamment de l'occupation particulaire instantanée. Une cellule MPCD temporairement vide reste un inconnu de pression mais pas un support de vitesse inventé.",Correctif structurel actif du chemin monophase,0493x7m-fix1,0493x7m-fix1,Q6_GF,Domaine de pression monophase persistant
x7n,x7,calibrateur + runner,DIAGNOSTIC,"Étend le calibrateur 0493w1 sans modifier celui-ci afin de caractériser explicitement src, src-q6 et src-q6-g-f, et ajoute les analyses hors ligne utilisées pour distinguer transport intrinsèque, fluctuations d'occupation et compression cohérente. Cette étape fournit le diagnostic qui motive la réparation ultérieure x7d-v2.",Diagnostic/calibrateur de chemin; précède les corrections x7d-v2 et la qualification x7q,0493x7n,0493x7n,Q6_GF,Calibrateur de fluide sélectionnable par chemin et diagnostic compression/bruit
x7o,x7,modification code + runner,CODE,"Supprime dans le chemin fullDomain le raccourci directionnel qui assimilait la valeur cellule à la face est/nord. Les vitesses de face deviennent des moyennes FV centrées équivariantes par réflexion et la correction cellule est reconstruite à partir des deux faces opposées, comme dans le chemin masqué.",Actif; corrige le biais est/nord du fullDomain independent_masked,0493x7o,0493x7o,Q6_GF,Symétrisation par réflexion du Q6 independent_masked
x7p,x7,modification code + runner,CODE,"Applique au chemin Q6 commun la convention FV centrée validée par x7o : une face intérieure porte la moyenne arithmétique des cellules adjacentes, les corrections sont d'abord construites sur les faces puis la correction cellule réellement appliquée est reconstruite par moyenne des faces opposées.",Actif; enlève l'orientation backward-difference historique du Q6 commun,0493x7p,0493x7p,Q6_GF,Symétrisation par réflexion du Q6 commun
x7q,x7,modification code + runner,CODE,"Mesure la correction RT0 réellement échantillonnée aux positions des particules dans le chemin monophase fullDomain périodique, réduit son moment sur GPU puis retire dans un second passage résident le résidu uniforme k=0 laissé par l'estimation centrée cellule de x7d-v2-fix2.",Actif automatiquement pour B1 + fullDomain + direction périodique; chemin partiel/dam-break historique inchangé,0493x7q,0493x7q,Q6_GF,Fermeture exacte du moment périodique au niveau particulaire B1/RT0
x8a,x8,analyseur,DIAGNOSTIC,Instrumente de façon opt-in le kick Darcy déterministe afin de sommer exactement l'impulsion particulaire appliquée et de fermer le bilan DeltaP = I_body + I_Darcy + I_nonDarcyResidual sur les comparaisons SRC/Q6/Q6-g-f.,Diagnostic opt-in; OFF en production,0493x8a,0493x8a,Q6_GF,Diagnostic exact du moment Darcy
x8b,x8,analyseur,ANALYZER,"Analyse hors ligne les runs x8a à chaque intervalle commun et compare Q6-g-f moins Q6 puis Q6 moins SRC, en séparant excès de perte Darcy exacte et résidu non-Darcy sans attribuer prématurément ce dernier à un opérateur particulier.",Analyseur hors ligne; aucune modification du solveur,0493x8b,0493x8b,Q6_GF,Attribution temporelle Darcy / résidu non-Darcy
x8c,x8,runner + analyseur,DIAGNOSTIC,"Installe temporairement un audit de moment aux huit étapes du pas afin de localiser le résidu x8b entre Q6, stream/parois, boundary, collision, thermostat et Darcy, tout en conservant x8a comme autorité du bilan cumulatif.",Instrumentation temporaire retirée après campagne; preuve historique conservée,0493x8c,0493x8c,Q6_GF,Localisation temporaire du moment par étapes
x8d,x8,runner + analyseur,QUALIFICATION,"Qualifie Q6-g-f sans prendre SRC/Q6 comme référence : canal à parois physiques contre Poiseuille analytique et canal périodique avec slab chi contre la solution de Brinkman résolue, avec viscosité, forme, slip et longueur de pénétration mesurés.",Qualification analytique du chemin Q6-g-f; aucun changement C++/CUDA,0493x8d,0493x8d,Q6_GF,Qualification indépendante Q6-g-f par Poiseuille et Brinkman
x8e,x8,runner + calibrateur,CALIBRATOR,"Recalibre le microfluide Q6-g-f x8d par un ensemble Taylor-Green multi-seeds via le calibrateur x7n, puis utilise la viscosité fraîche pour balayer ell_B/a=4,2,1,0.5 et documenter séparément l'endpoint raide alpha=4000 sous-résolu.",Calibration Q6-g-f et carte de raideur Darcy; aucun changement du solveur,0493x8e,0493x8e,Q6_GF,Recalibration viscosité Q6-g-f et raideur Darcy
x8f,x8,runner,BENCHMARK,"Construit un premier benchmark cylindre confiné avec le microfluide x8e gelé, inlet gauche contrôlé, outlet Neumann passif, parois no-slip et cylindre Brinkman, sans force volumique ni keep-mean-flow, afin d'observer l'établissement d'un sillage antisymétrique.","Premier candidat VK ouvert; runner-only, ensuite prolongé/raffiné",0493x8f,0493x8f,OPEN_BOUNDARY,Premier candidat von Karman Q6-g-f à inlet/outlet ouverts
x8g,x8,runner,QUALIFICATION,Décline le benchmark x8f sur la vraie famille io_fullface avec inlet/outlet plein cadre et balanced_flux afin d'isoler la fermeture de masse du chemin ouvert Q6-g-f avant les corrections segmentées ultérieures.,Qualification full-face/mass-balance du candidat VK; runner-only,0493x8g,0493x8g,OPEN_BOUNDARY,Qualification full-face et bilan de masse du VK
x8h,x8,runner,INFRA,"Génère un runner de continuation à partir du x8f courant, valide état/params/chi/grille/dt, conserve l'origine globale des pas et redémarre depuis un dump sans régénérer les particules.",Infrastructure de continuation hydrodynamique; RNG non bitwise continu,0493x8h,0493x8h,OPEN_BOUNDARY,Restart hydrodynamique pour les longs runs VK
x8i,x8,analyseur,ANALYZER,"Caractérise l'état établi issu des continuations x8h : stationnarité amont, amplitude de brisure de symétrie, paire POD, fréquence/Strouhal par rotation de phase, fit harmonique indépendant aux sondes, progression de phase et champs moyennés en phase.",Analyseur du sillage établi; aucune modification du solveur,0493x8i,0493x8i,OPEN_BOUNDARY,Analyse du sillage VK établi par POD et sondes
x8j,x8,analyseur,ANALYZER,"Convertit les mesures du sillage établi x8i dans les conventions propres à Zovatto-Pedrizzetti et Sahin-Owens, compare période/Strouhal et nombres de Reynolds sans mélanger leurs échelles de référence, et documente le conditionnement amont du cas.",Analyse bibliographique/nondimensionnelle; enrichie plus tard par les diagnostics de flux x8n,0493x8j,0493x8j,OPEN_BOUNDARY,Nondimensionnalisation VK et comparaison bibliographique
x8k,x8,runner,CODE,Définit pour chaque segment une coordonnée tangentielle locale eta=(s-sMin)/(sMax-sMin) et impose u_n=4 Umax eta(1-eta) de façon cohérente dans l'injection particulaire et la cible Q6-g-f; la population hard_cell_density reste uniforme.,Actif; sémantique de profil local retenue dans le benchmark Zovatto,0493x8k,0493x8k,OPEN_BOUNDARY,Inlet segmenté à profil de Poiseuille local
x8l,x8,modification code,CODE,"Pour un outlet droit segmenté en mode neumann sur le chemin Q6-g-f, remplace la cible nominale UOUT par la vitesse normale de la cellule de bord afin d'imposer au prédicteur une extrapolation discrète à gradient normal nul. Cette étape ne fournit pas encore la condition de pression correcte, réparée ensuite par x8r.","Étape intermédiaire conservée : extrapolation de vitesse retenue comme base par x8r, mais sémantique de projection x8l seule supersédée",0493x8l,0493x8l,OPEN_BOUNDARY,Première extrapolation Neumann passive de la vitesse de sortie
x8m,x8,runner,BENCHMARK,"Matérialise le cas cylindre confiné Q6-g-f dimensionné sur Zovatto-Pedrizzetti : profil de Poiseuille local pleine hauteur, H/D=5, Re_H cible 280, enregistrement des champs et restart. La lignée x8m passe du domaine de développement réduit au domaine bibliographique 15D amont + 40D aval; son outlet initial est x8l et sera réaligné sur x8t par x8u.","Benchmark de production/restart Zovatto; première lignée sous x8l, ensuite réalignée sur la fermeture x8t",0493x8m,0493x8m,OPEN_BOUNDARY,Benchmark de production Zovatto-Pedrizzetti Re_H=280
x8n,x8,analyseur,ANALYZER,"Analyse hors ligne les enregistrements rho/ux du benchmark x8m et reconstruit par section Ub, Qv, rhoBar, Mrho, Jrho et Urho afin de distinguer accommodation de l'inlet, variation de densité et véritable dérive du flux massique. Aucun état physique n'est modifié.",Diagnostic hors ligne du conditionnement et de la conservation amont; aucune modification du solveur,0493x8n,0493x8n,OPEN_BOUNDARY,Diagnostic de conservation amont du débit et du flux massique
x8q,x8,modification code + runner,CODE,"Complète la sortie Neumann au niveau particulaire : les sortants sont supprimés et la demi-distribution entrante est reconstruite dans la forme finale x8q-fix4 par un bain maxwellien local issu des moments pré-stream des deux couches intérieures, avec échantillonnage pondéré par le flux normal.",Actif pour outlet Neumann; forme finale local-bath après les sous-révisions x8q-fix1..fix4,0493x8q,0493x8q,OPEN_BOUNDARY,Continuation cinétique locale de l'outlet Neumann
x8r,x8,modification code,CODE,"Conserve u*_out=u*_cell comme extrapolation de vitesse prédicteur, mais cesse de la réimposer comme cible physique : la projection impose phi_out=0 à la face ouverte et laisse la correction normale finale être déterminée par la continuité.",Actif; sémantique pression passive du mode openBoundaryOutletMode=neumann,0493x8r,0493x8r,OPEN_BOUNDARY,Outlet de pression Neumann Q6-g-f
x8r-neumann-species,x8,non déterminé,EXPERIMENT,"Remplace le bain cinétique x8q agrégé par un bain [cellule frontière][espèce] afin d'empêcher le mélange de type, masse, moment et température dans la continuation multiphasique.","Tentative expérimentale post-x14av; construction et checks statiques PASS, mais la famille de reconstruction par bain reste non retenue après échec à l'arrivée de l'interface; supersédée par x8v.",0493x8r-neumann-species,0493x8r-neumann-species,OPEN_BOUNDARY_MULTIPHASE,Variante x8r Neumann cinétique séparée par espèce
x8s,x8,modification code,PERF,"Pour le domaine rectangulaire complet avec condition de correction de pression Neumann côté inlet et outlet droit x8r phi=0, résout analytiquement les trois modes longitudinaux de pression les plus lents à l'initialisation du CG puis démarre sur un résidu orthogonal, sans modifier l'équation ni la tolérance.",Actif uniquement dans la géométrie x8r pleine hauteur applicable; physique inchangée,0493x8s,0493x8s,OPEN_BOUNDARY,Déflation exacte des modes longitudinaux lents du CG
x8t,x8,modification code,CODE,"Lorsque la relaxation de densité x7d signée, le domaine de pression complet et l'outlet de pression x8r sont simultanément actifs, retire seulement la moyenne spatiale de la cible de divergence de densité avant la projection afin d'éviter une source volumique globale non intentionnelle.",Actif dans le couplage fullDomain + x8r + relaxation densité; autres topologies inchangées,0493x8t,0493x8t,OPEN_BOUNDARY,Cible de relaxation de densité sans mode moyen à outlet pression
x8u,x8,infrastructure,INFRA,"Met à jour le runner restartable x8m pour utiliser explicitement la fermeture Neumann cinétique-pression validée x8q-x8t, autoriser RUN_MODES et activer par défaut le bruit thermique de l'inlet. Aucun C++/CUDA ni opérateur physique n'est introduit.",Réintégration production de la fermeture x8t dans la lignée x8m; clôture documentaire du cycle x8,0493x8u,0493x8u,OPEN_BOUNDARY,Réalignement du runner Zovatto sur la fermeture x8t
x8v,x8,non déterminé,EXPERIMENT,"Teste une demi-population entrante construite par miroir géométrique de particules réelles proches de la face, sans fit Maxwellien ni bain agrégé.","Prototype physics-first; checks de packaging PASS mais échec runtime précoce rapporté par x8w; non retenu, supersédé par x8w.",0493x8v,0493x8v,OPEN_BOUNDARY_MULTIPHASE,Réplique microscopique miroir pour Neumann cinétique
x8w,x8,non déterminé,EXPERIMENT,"Génère par cellule de face et espèce des particules virtuelles extérieures à partir de l'état de la cellule physique adjacente, puis matérialise uniquement les trajectoires qui recroisent l'outlet.",Échec expérimental documenté: la copie de l'occupation instantanée de la cellule de bord crée une couche de densité précoce; supersédé par x8x.,0493x8w,0493x8w,OPEN_BOUNDARY_MULTIPHASE,Cellules virtuelles statistiques Neumann
x8x,x8,non déterminé,EXPERIMENT,"Sépare support de phase local à la face et état macroscopique du réservoir: fraction d'espèce depuis la cellule frontière, densité et moments depuis un moyennage normal intérieur, population extérieure Poisson indépendante.","Améliore le défaut x8w et passe les checks analytiques de demi-flux, mais la densité de réservoir suit encore le déficit de densité intérieur; supersédé par x8y.",0493x8x,0493x8x,OPEN_BOUNDARY_MULTIPHASE,Réservoir virtuel Neumann coarse-grained
x8y,x8,non déterminé,EXPERIMENT,"Remplace la densité coarse-grained x8x par une occupation de référence Nref, tout en conservant support de phase de face et moments cinétiques coarse-grained par espèce.",Échec post-contact documenté: un ux liquide intérieur négatif est recopié dans le Maxwellien extérieur et transforme le réservoir en injecteur macroscopique; supersédé par x8z.,0493x8y,0493x8y,OPEN_BOUNDARY_MULTIPHASE,Réservoir de pression Neumann à densité de référence
x8z,x8,modification code,FIX,"Impose u_n,ghost=max(u_n,interior,0) dans le repère de normale sortante afin d'interdire une injection macroscopique normale tout en conservant la variance thermique.","Correction partielle: le mode catastrophique normal est ciblé, mais le run 200x400 montre encore une propagation tangentielle du liquide à l'outlet; supersédé par x9a-neumann.",0493x8z,0493x8z,OPEN_BOUNDARY_MULTIPHASE,Clamp du backflow normal du réservoir Neumann
x9a,x9,runner,DIAGNOSTIC,"Construit à partir du champ physique alpha x6c une normale sortante et une courbure cellulaires résidentes, puis audite la courbure aux crossings alpha=0.5, sans sigma, sans modification de phiGamma/RHS/B1 et sans kick particulaire.","Scaffold passif historique; géométrie seulement, sans tension superficielle active",0493x9a,0493x9a,SURFACE_TENSION,Premier scaffold passif de courbure résident
x9a-neumann,x9,modification code,FIX,"Lorsque le coarse state indique un backflow, annule les deux composantes de vitesse moyenne du réservoir tout en conservant la variance thermique et donc les recroisements microscopiques Maxwelliens.","Correction partielle: supprime le mode backflow/sliding dominant, mais le test 200x400 laisse un obstacle cinétique résiduel à la sortie du liquide; supersédée par x9b-neumann.",0493x9a-neumann,0493x9a-neumann,OPEN_BOUNDARY_MULTIPHASE,Annulation du drift complet du réservoir en backflow
x9b,x9,runner,DIAGNOSTIC,"Ajoute un champ alphaK réservé à la courbure : une passe binomiale 3x3 sur alpha_x6c, gradient Scharr, normale sortante puis divergence Scharr. L'interface physique reste celle de x6c alpha=0.5; le champ est visualisable directement depuis CUDA.",Estimateur passif p1 conservé comme baseline; aucune physique capillaire active,0493x9b,0493x9b,SURFACE_TENSION,Courbure passive binomiale + Scharr et LiveVis résident
x9b-neumann,x9,modification code,FIX,Conserve le réservoir de pression x9a-neumann pour le gaz mais désactive toute génération de candidats virtuels pour le liquide; les particules liquides qui traversent l'outlet restent supprimées par le chemin physique crossing→inactive.,"Amélioration forte du déchargement liquide sur 200x400 et 400x400, mais révèle un artefact topologique de type 'hachoir': perte de support alpha au dernier maillon et création d'un end-cap artificiel; supersédée par x9c-outlet.",0493x9b-neumann,0493x9b-neumann,OPEN_BOUNDARY_MULTIPHASE,Réservoir gaz avec outflow liquide strict
x9c,x9,runner,QUALIFICATION,"Compare passivement, avec le même opérateur Scharr, une, deux et trois passes binomiales 3x3 du champ alphaK sur une matrice gamma/rayon. La production retient ensuite p3, soit trois passes, comme compromis de courbure utilisé par x9d.","Qualification passive; sélectionne p3 pour la courbure de production, sans déplacer l'interface x6c",0493x9c,0493x9c,SURFACE_TENSION,Qualification du support de lissage de courbure
x9c-outlet,x9,modification code,FIX,"Étend d'une cellule le support alpha liquide sur les cellules d'outlet segmenté Neumann par alpha_boundary=max(alpha_boundary,alpha_inward), sur x6c et x10-CIC, sans créer masse, quantité de mouvement ni énergie.","Candidat physics-first retenu après runs applicatifs 200x400 et 400x400: comportement de frontière jugé convaincant et réduction nette du hachage visuel; petites détachements résiduels possibles au 200x400, non évidents au 400x400. Qualification qualitative ciblée seulement; l'analyseur x14av reste DEMONSTRATION_DIAGNOSTIC_ONLY.",0493x9c-outlet,0493x9c-outlet,OPEN_BOUNDARY_MULTIPHASE,Prolongation du support de phase à l'outlet Neumann
x9d,x9,runner + analyseur,CODE,"Ajoute surfaceTensionSigma et utilise la courbure p3 qualifiée par x9c pour imposer aux crossings physiques x6f phiGamma_cap=(dt/rhoA_ref)*sigma*kappaGamma, composé avec la pression extérieure x6g. Aucun terme CSF volumique ni kick capillaire particulaire n'est ajouté.",Coeur actif de la capillarité bulk; sigma=0 est un no-op exact,0493x9d,0493x9d,SURFACE_TENSION,Premier saut de Laplace actif dans Q6-g-f
x9d-fix1-neumann,x9,modification code,PERF,"Optimise l'implémentation x9c-outlet/x9b-neumann sans changer la physique: compteurs et tail-pool persistants, métadonnées espèce mises à jour seulement sur changement, synchronisation pré-candidats supprimée, comptages candidats/inactifs exacts et géométrie de lancement ajustée au compte exact.",Optimisation structurelle attestée et smoke physique court cohérent avec x9c-outlet; gain de performance NON QUALIFIE car le triplet baseline/optimisé/baseline présente une dispersion murale supérieure à l'effet mesuré.,0493x9d-fix1-neumann,0493x9d-fix1-neumann,OPEN_BOUNDARY_MULTIPHASE,Workspace résident et comptages exacts pour la continuation Neumann
x9e,x9,runner + analyseur,DIAGNOSTIC,"Ajoute à cadence de résumé des réductions CUDA strictement observationnelles : aire/Reff, pression Q6 cohérente avec la jauge x6g, saut de pression, sigma/Reff, courbure d'interface, résultante capillaire et vitesses liquides/spurious currents.",Diagnostic/qualification au-dessus de x9d; physique inchangée,0493x9e,0493x9e,SURFACE_TENSION,Qualification diagnostique de goutte statique
x9e-fix1,x9,modification code,FIX,"Corrige uniquement un retour à la ligne source inséré dans le littéral C/C++ du banner runtime x9e-neumann, qui provoquait une erreur nvcc de quote non fermée.",Correctif de compilation historique; aucune loi physique ni logique de performance modifiée.,0493x9e-fix1,0493x9e-fix1,OPEN_BOUNDARY_MULTIPHASE,Correction de compilation du banner x9e-neumann
x9e-fix2,x9,modification code,PERF,Supprime du chemin normal x9e-neumann le scan O(Nactive) de role[] lorsque les comptages insertion/suppression prouvent un pas exactement équilibré; conserve un oracle full-prefix optionnel et le fallback exact 0315c.,Optimisation intermédiaire; l’hypothèse de pas équilibré s’avère trop restrictive pour le hard-reservoir réel et est remplacée par x9e-fix2b puis x9e-fix3.,0493x9e-fix2,0493x9e-fix2,OPEN_BOUNDARY_MULTIPHASE,Fast path par invariant comptable de compacité
x9e-fix2b,x9,modification code,FIX,Remplace le critère dense de x9e-fix2 par une vérification CUDA O(deletedCount) des seuls slots supprimés et réutilisés; le fast path exige encore expectedActive=oldActive et conserve l’oracle full-prefix optionnel ainsi que le fallback 0315c.,Correctif intermédiaire de x9e-fix2; le diagnostic de premier fallback montre qu’un pas hard-reservoir légitime peut avoir un bilan net négatif et motive x9e-fix3.,0493x9e-fix2b,0493x9e-fix2b,OPEN_BOUNDARY_MULTIPHASE,Invariant ciblé sur la liste des slots supprimés
x9e-fix3,x9,modification code,PERF,"Remplace la réparation globale 0315c du chemin normal par une réparation exacte bornée au support muté: trous dérivés de deletedIndices, donneurs bornés par le tail du pool, appariement lowest-hole/highest-donor compatible 0315c, vérification exacte du support et fallback 0315c sur tout cas atypique.",Chemin de production intégré à surf et qualifié au niveau implémentation/non-régression: algorithme pré-cleanup passé sur 3000 pas; cleanup final passé sur smoke surf 400x400 250/250 avec fast path ciblé actif et sans fallback observé. Physique x9c-outlet inchangée; aucune qualification universelle de toutes les sorties Neumann n’est revendiquée.,0493x9e-fix3,0493x9e-fix3,OPEN_BOUNDARY_MULTIPHASE,Réparation ciblée exacte du préfixe actif
x9e-neumann,x9,modification code,PERF,Ajoute à x9d-fix1-neumann un pool résident [slots supprimés du pas | tail inactif compact] réutilisé pour les insertions Neumann/réservoir et un fast path de réparation du préfixe actif; la physique reste explicitement celle de x9c-outlet.,"Optimisation de base intégrée à surf; physique x9c-outlet inchangée. La réparation de préfixe initiale est ensuite raffinée par x9e-fix2, x9e-fix2b puis x9e-fix3.",0493x9e-neumann,0493x9e-neumann,OPEN_BOUNDARY_MULTIPHASE,Pool résident de recyclage des slots supprimés
x9f,x9,runner + analyseur,DIAGNOSTIC,"Remplace la bande diagnostique alpha 0.1-0.9 par le critère discret de crossing alpha=0.5 et suit COM particulaire, tenseur de moments, rayons principaux, ellipticité et rayons des crossings pour qualifier la relaxation capillaire d'une ellipse vers une goutte circulaire.",Diagnostic de forme/relaxation au-dessus de x9e; aucune modification de la capillarité,0493x9f,0493x9f,SURFACE_TENSION,Diagnostic de bande interfaciale vraie et relaxation elliptique
x9g,x9,runner + analyseur,CODE,"Remplace dans la chaîne de production x6c/x6f/x6g/x9d l'hypothèse Liquid/Gas codée en dur par deux sélecteurs A/B. A est le côté alpha-high projeté et fournit masse/référence; B est le côté extérieur et peut sélectionner famille, type explicite ou vacuum. Le chemin historique liquid/gas reste byte-for-byte équivalent dans la qualification.",Actif; abstraction de paire sans prétendre fournir un solveur immiscible symétrique général,0493x9g,0493x9g,SURFACE_TENSION,Généralisation de l'interface aux paires de phases A/B
x9h,x9,runner + analyseur,CODE,"Active B=wall comme troisième objet géométrique indépendant des phases particulaires : combine parois de domaine et, sur opt-in wallVP, géométrie chi avec S=1-chi; fournit fraction solide et normale murale résidentes sans modifier alpha libre ni imposer encore angle de contact ou saut capillaire liquide/solide.",Géométrie-only qualifiée; capillarité/mouillage avec B=wall encore interdits à cette étape,0493x9h,0493x9h,SURFACE_TENSION,Provider géométrique résident de paroi
x9i,x9,modification code,CODE,"Introduit phaseInterfaceContactAngleDegrees, mesuré à travers la phase A, et impose dans la bande de contact nAB.nWall=-cos(theta) en remplaçant localement la normale p3. alpha_x6c et le crossing physique x6f restent inchangés.",Prototype historique : angle local exact mais biais de div(n)/courbure; conservé comme baseline derrière un gate de test,0493x9i,0493x9i,SURFACE_TENSION,Première fermeture d'angle de contact par normale imposée
x9j,x9,modification code,CODE,Remplace la discontinuité de normale x9i par des échantillons alpha virtuels derrière une paroi statique pendant les trois passes p3 et les dérivées Scharr; la condition de Young est portée par le champ réservé à la courbure.,Prototype historique supplanté : améliore certains angles mais ne préserve pas suffisamment la géométrie multi-couche,0493x9j,0493x9j,SURFACE_TENSION,Fermeture d'angle par ghost-alpha de courbure
x9k,x9,modification code,CODE,"Prolonge x9j à toutes les profondeurs ghost par réflexion du point à travers le mur puis décalage tangentiel proportionnel à cot(theta), avant interpolation du vrai champ alphaK. À 90 degrés la loi se réduit exactement au miroir ordinaire.","Prototype historique supplanté : angle robuste mais une transformation affine ne préserve pas un cercle, donc biais de courbure angle-dépendant",0493x9k,0493x9k,SURFACE_TENSION,Ghost-alpha par miroir cisaillé
x9l,x9,modification code,CODE,"Laisse alpha physique et alphaK p3 inchangés, impose la normale de Young au mur physique et reconstruit par rotation les normales du premier centre fluide et du premier ghost à partir d'une normale p3 plus intérieure, avant div(n).",Expérience négative hors voisinage de 90 degrés; gardée comme comparaison et supplantée par x9m,0493x9l,0493x9l,SURFACE_TENSION,Reconstruction de normale au mur-face
x9m,x9,runner + analyseur,CODE,"Impose la normale de Young au mur puis évalue la courbure de contact à partir de la première normale p3 hors du support contaminé par paroi (couche j=4, centre 4.5h) et de la corde jusqu'au crossing physique : kappa=2 sin(DeltaPhi/2)/L. Ni alpha ni le champ normal p3 ne sont écrasés.","Fermeture statique préférée du cycle x9; robuste géométriquement, mais dynamique de ligne triple non universellement fermée",0493x9m,0493x9m,SURFACE_TENSION,Fermeture statique de mouillage par ancre hors support
x9n,x9,runner,QUALIFICATION,"Teste sans changement de solveur la fermeture x9m sur contacts plans kappa=0, scaling circulaire 1/R sur plusieurs rayons et ellipses à courbure locale variable afin d'écarter un simple ajustement au premier cap circulaire.",Qualification scripts-only de la robustesse géométrique statique x9m,0493x9n,0493x9n,SURFACE_TENSION,Qualification géométrique étendue de x9m
x9o,x9,runner,QUALIFICATION,"Translate tangentiellement de 0, 0.25h, 0.5h et 0.75h les deux géométries x9n les plus sensibles afin de mesurer le biais de phase de grille sans déplacer le mur physique.",Qualification scripts-only; quantifie la sensibilité résiduelle de x9m à la phase sous-maille,0493x9o,0493x9o,SURFACE_TENSION,Qualification de phase sous-maille tangentielle de x9m
x9p,x9,runner,QUALIFICATION,"Fait évoluer des calottes 60/90/120 degrés et des transitions 90 vers 60/120; reconstruit l'angle global physique indépendamment par COM et moments afin de vérifier sens de mouillage, conservation et approche de la cible.","Résultat dynamique partiel : sens mouillage/démouillage correct, mais équilibre comprimé vers 90 degrés et courbure de ligne triple encore bruitée",0493x9p,0493x9p,SURFACE_TENSION,Qualification dynamique de goutte sessile x9m
x9q,x9,runner,BENCHMARK,"Runner-only : injecte un jet liquide par un segment supérieur dans gaz ou vide, sous gravité, pour provoquer langue pendante, col/pincement, chute et impact sur la paroi avec la chaîne capillaire x9.",Benchmark exploratoire sans seuil physique dur; démontre des changements de topologie et expose la faiblesse de courbure sous-résolue traitée par x9r,0493x9q,0493x9q,SURFACE_TENSION,Test de potentialité jet gravitaire / pincement / impact
x9r,x9,runner + analyseur,FIX,"Ajoute surfaceTensionMinRadiusCells avec 0 comme no-op exact. Pour N_R>0, borne uniquement la courbure interpolée au crossing utilisée dans sigma*kappa à |kappa|<=1/(N_R min(dx,dy)); alpha, crossing, champ p3 brut et LiveVis restent inchangés.","Correctif actif de courbure sous-résolue; seuil à choisir selon résolution/campagne, non constante physique universelle",0493x9r,0493x9r,SURFACE_TENSION,Cutoff de résolution du saut capillaire
x9s,x9,runner + générateur,BENCHMARK,"Construit une goutte initiale paramétrable impactant soit une paroi sèche soit une flaque, avec la même physique bulk/capillaire, afin d'observer étalement, lamelle, rim, splash et interaction liquide-liquide lors de changements de topologie.",Démonstration/qualification morphologique qualitative; pas une mesure convergée de Weber critique,0493x9s,0493x9s,SURFACE_TENSION,Benchmark paramétrable d'impact et splash
x9t,x9,runner + analyseur,CODE,"Ajoute une fermeture interne pour les particules de phase A traversant l'interface vers le vide : sélection selon phaseInterfaceKineticReflectionFraction, transformation élastique conservative par groupes candidat/receveur et transmission/évaporation optionnelle.",Prototype actif de rétention cinétique; première étape du pont x9 vers la fermeture de surface libre x10,0493x9t,0493x9t,FREE_SURFACE_KINETICS,Première rétention cinétique liquide-vide conservative
x9u,x9,runner + analyseur,CODE,"Étend x9t aux sorties de support en distinguant crossings historiques alpha=0.5 et support-exit, et recherche un bain de recul intérieur jusqu'à deux cellules avec bilan exact de quantité de mouvement et énergie.",Étape active intermédiaire; couverture support-edge améliorée mais le choix de bain sera corrigé par x9w,0493x9u,0493x9u,FREE_SURFACE_KINETICS,Extension de la réflexion aux sorties de support
x9v,x9,runner + analyseur,DIAGNOSTIC,"Exécute exactement la physique x9u et instrumente à cadence de résumé les halos, échecs de recherche de bain, bains non bulk, réflexions non appliquées et particules encore sortantes après réflexion.",Diagnostic passif; aucune nouvelle passe particulaire ni modification de physique,0493x9v,0493x9v,FREE_SURFACE_KINETICS,Diagnostic des voies de fuite de la fermeture x9u
x9w,x9,runner + analyseur,FIX,Corrige x9u après le diagnostic x9v : un bain cinétique receveur doit appartenir au bulk liquide physique alpha>=0.5; un halo occupé n'est plus autorisé à se bootstrapper comme support cohésif.,Correctif actif de sélection du bain; recherche bornée à deux cellules et conservation P/K maintenue,0493x9w,0493x9w,FREE_SURFACE_KINETICS,Bain de recul strictement bulk
x9x,x9,runner + analyseur,CODE,"Remplace le seul critère de cellule/support par la détection du crossing réel entre la position courante et x+v*dt dans alpha, avec gate d'advection relative (v-u_bulk).n>0 et correction de position au temps de crossing.","Étape active intermédiaire : déclenchement géométrique au crossing physique, sans nouvelle passe globale",0493x9x,0493x9x,FREE_SURFACE_KINETICS,Réflexion au crossing physique prédit
x9y,x9,runner + analyseur,FIX,"Corrige x9x en évaluant le côté intérieur/extérieur au point de départ plutôt qu'au centre de cellule, puis localise les vrais crossings avec quatre bissections dans la passe d'application et conserve le dernier point connu intérieur.",Correctif géométrique actif de x9x; supprime l'aliasing centre-cellule sans buffer ou passe globale supplémentaire,0493x9y,0493x9y,FREE_SURFACE_KINETICS,Côté alpha pointwise et crossing par bissection bornée
x9z,x9,runner + analyseur,CODE,Individualise la mécanique x9y : chaque particule traversante utilise sa propre normale et est réfléchie spéculairement relativement au même bain; une correction affine collective des receveurs restaure exactement quantité de mouvement et énergie.,Dernière étape x9 du mécanisme de rétention; loi individuelle explicitement réutilisée ensuite par x10a,0493x9z,0493x9z,FREE_SURFACE_KINETICS,Réflexion individuelle des donneurs et compensation affine du bain
x10a,x10,modification code + analyseur,CODE,"Affine la normale de réflexion au crossing physique alpha=0.5 et scelle géométriquement le endpoint d’une vraie traversée intérieure, sans changer la loi de vitesse/réaction x9z.","Étape géométrique historique; fondation des essais de confinement x10b-x10e, ensuite supplantée par la paroi mobile continue",0493x10a,0493x10a,FREE_SURFACE_KINETICS,Géométrie de crossing et seal du endpoint réfléchi
x10b,x10,modification code + analyseur,CODE,"Étend x10a aux particules déjà côté extérieur mais reliées à un bain bulk direct : le endpoint est ramené par bracket/mirror vers le bulk, position seulement, sans nouvelle passe ni modification de réaction.",Étape historique hard-r1; sur-confinement ensuite corrigé par x10h,0493x10b,0493x10b,FREE_SURFACE_KINETICS,Rétention hard-r1 des particules de shell
x10biq,x10,modification code,CODE,Construit sur un stencil 3x3 un interpolant tensoriel biquadratique de l’alpha cinétique CIC et utilise la même enveloppe Q2 pour crossing et géométrie de recouvrement.,Vrai Q2 actif dans la chaîne x12; x10r/s/t doivent être OFF,0493x10biq,0493x10biq,FREE_SURFACE_KINETICS,Reconstruction Q2 biquadratique tensorielle
x10c,x10,modification code + analyseur,CODE,"Après réflexion donneur, réaction receveur et récupération shell, vérifie le endpoint réellement streamé de toute particule A en r=1 et corrige les endpoints encore dehors sans modifier la vitesse.",Étape historique de confinement universel; retirée par x10h car incompatible avec une interface réellement mobile,0493x10c,0493x10c,FREE_SURFACE_KINETICS,Barrière universelle du endpoint final r=1
x10cic,x10,modification code,CODE,"Dépose un champ alpha CIC réservé à la géométrie cinétique, distinct du x6c utilisé par Q6/pression/capillarité; le dépôt est fusionné dans le passage total-A et n’ajoute pas de nouveau parcours O(Np).",Composant actif de la chaîne x12; orchestration encore appelée depuis le chemin Q6,0493x10cic,0493x10cic,FREE_SURFACE_KINETICS,Alpha cinétique CIC dédié
x10d,x10,modification code + analyseur,CODE,"Remplace en hard-r1 la translation+rescale des receveurs par une racine collective analytique par cellule, conservant exactement quantité de mouvement et énergie cinétique sans lambda ni energy floor.",Branche analytique historique; définition conservée mais orchestration hard-r1 courante la bypass au profit de x10i/x10o,0493x10d,0493x10d,FREE_SURFACE_KINETICS,Réaction analytique locale exactement conservative P/K
x10e,x10,modification code / ablation,ABLATION,"Ablation géométrique remplaçant le clamp x10c par un miroir local tangent du déplacement résiduel, tout en conservant la réaction analytique x10d; aucune vitesse ni passe particulaire supplémentaire.","Expérience de forme/isotropie historique, retirée avec la barrière universelle par x10h",0493x10e,0493x10e,FREE_SURFACE_KINETICS,Miroir tangent du endpoint final
x10f,x10,modification code / ablation + analyseur,ABLATION,Agrège la réaction P/K exacte sur tout le composant phase-A de l’appel afin de tester si le contre-kick cellule-local cause l’accumulation cardinale; explicitement limité à un seul composant liquide.,"Ablation causale; non production multi-gouttes, code conservé sans call-site actif",0493x10f,0493x10f,FREE_SURFACE_KINETICS,Ablation réaction exacte sur réservoir liquide global
x10g,x10,modification code + runner,PERF,"Remplace uniquement les atomiques globaux contendus de x10f par une réduction cellules→partials par bloc→bloc final, en réutilisant exactement le finalizer et les équations x10f.","Optimisation performance-only de x10f; physique identique, code conservé sans call-site actif",0493x10g,0493x10g,FREE_SURFACE_KINETICS,Réduction GPU hiérarchique de la réaction globale
x10h,x10,modification code + analyseur,FIX,Corrige le sur-confinement x10b/c/e : l’interface alpha=0.5 peut advecter; seules les particules réellement sortantes relativement au bain/interface et sélectionnées comme donneurs sont réfléchies/scellées.,"Sémantique legacy intégrée; barrière universelle supprimée, chemin ensuite bypassé par x10o en production x12",0493x10h,0493x10h,FREE_SURFACE_KINETICS,Rétention relative compatible avec interface mobile
x10i,x10,modification code + analyseur,CODE,Remplace le réservoir global x10f/g par une partition déterministe de blocs mésoscopiques décalée à chaque pas; chaque réservoir applique sa propre racine P/K exacte.,Fallback hard-r1 legacy encore actif hors ablations continues; bypassé par x10o dans la chaîne x12,0493x10i,0493x10i,FREE_SURFACE_KINETICS,Réaction exacte par réservoirs mésoscopiques décalés
x10j,x10,runner + analyseur,ABLATION,"Réfléchit simplement la vitesse sur la normale d’interface dans le repère laboratoire, sans contre-réaction collective, pour isoler le rôle de la réaction mésoscopique.",Ablation rejetée : conservation de norme labo mais dripping fortement bloqué; OFF production,0493x10j,0493x10j,FREE_SURFACE_KINETICS,Ablation spéculaire dans le repère laboratoire
x10k,x10,modification code / ablation + runner,ABLATION,"Réfléchit v-u_b sur la normale locale, conservant exactement |v-u_b| et imposant une composante relative normale entrante, sans contre-impulsion de l’interface.",Ablation rejetée; améliore la covariance locale mais ne fournit pas la fermeture de production,0493x10k,0493x10k,FREE_SURFACE_KINETICS,Ablation spéculaire dans le repère liquide local
x10l,x10,runner + analyseur,DIAGNOSTIC,Mesure après Q6/B1 et juste avant la fermeture cinétique les flux/vitesses normaux sortants afin de séparer la dynamique hydrodynamique projetée de l’action de la paroi cinétique.,"Diagnostic observation-only encore activable; ON dans certains runners JFM, aucune modification vitesse/position",0493x10l,0493x10l,FREE_SURFACE_KINETICS,Diagnostic passif pré-paroi cinétique
x10m,x10,modification code / ablation + runner,ABLATION,Introduit une primitive de collision événementielle avec un plan local alpha=0.5 mobile dont la vitesse normale provient du liquide post-Q6/B1; l’impulsion de paroi est auditée sans feedback.,Étape architecturale/ablation OFF production; scratch et primitives seront réutilisés par les étapes continues,0493x10m,0493x10m,FREE_SURFACE_KINETICS,Paroi locale mobile alpha=0.5
x10n,x10,modification code + runner,INFRA,"Reconstruit une polyligne alpha=0.5 continue sur la grille duale, avec endpoints partagés, normales et vitesses de segments, puis collisions événementielles jusqu’à trois impacts.","Architecture continue OFF comme mode autonome; primitives réutilisées par x10o, Q2, x12a et suites",0493x10n,0493x10n,FREE_SURFACE_KINETICS,Interface continue marching-squares mobile
x10o,x10,modification code + runner,CODE,"Fonde la paroi cinétique de production sur l’interface continue : vitesse normale issue de l’hydrodynamique Q6 projetée et enveloppe thermique locale delta=min(deltaMax,C dt sqrt(kBT/m)).",Socle actif de la chaîne liquide qualifiée x12; priorité sur x10j/k/m/n,0493x10o,0493x10o,FREE_SURFACE_KINETICS,Paroi cinétique Q6 hydrodynamique à enveloppe thermique
x10p,x10,modification code + analyseur,FIX,"Avant le sweep, trouve le segment mobile fini le plus proche d’une particule initialement du mauvais côté; dépénètre toujours, et ne réfléchit la vitesse que si le mouvement relatif est sortant.",Actif en production x12; aucune passe particulaire supplémentaire,0493x10p,0493x10p,FREE_SURFACE_KINETICS,Résolution des recouvrements initiaux
x10q,x10,modification code + analyseur,FIX,"Lorsque la recherche normale 3x3 ne trouve aucun segment pour l’événement initial, ajoute uniquement un fallback 7x7; les collisions swept ordinaires restent 3x3 et les overlaps profonds connus ne sont plus refusés.",Actif en production x12; complète x10p sans élargir le hot path normal,0493x10q,0493x10q,FREE_SURFACE_KINETICS,Récupération large des recouvrements initiaux rares
x10r,x10,analyseur,ABLATION,Teste des vitesses vectorielles complètes aux endpoints de segment pour améliorer la covariance galiléenne de la paroi thermique.,Ablation rejetée : dripping dégradé; OFF production,0493x10r,0493x10r,FREE_SURFACE_KINETICS,Ablation vitesses endpoints full-vector
x10s,x10,analyseur,ABLATION,Projette la cinématique de la paroi thermique sur la normale du segment pour isoler la composante normale dans les tests de covariance.,Ablation rejetée/OFF; incompatible avec le vrai Q2 de production,0493x10s,0493x10s,FREE_SURFACE_KINETICS,Ablation cinématique normale au segment
x10t,x10,analyseur,ABLATION,Teste une cinématique tangentielle rigide de l’interface thermique pour mesurer l’effet des composantes tangentielles sur l’impulsion parasite.,Ablation rejetée : impulse parasite aggravée; OFF production,0493x10t,0493x10t,FREE_SURFACE_KINETICS,Ablation cinématique tangentielle rigide
x10u,x10,modification code + runner,CODE,"Après sélection CIC+Q2 du crossing/overlap, conserve exactement le même slot, la même masse et la même vitesse et miroire seulement la position vers le support liquide; contribution directe deltaM/deltaP/deltaK nulle.",Actif dans la chaîne liquide qualifiée; requiert Q2 et x10p,0493x10u,0493x10u,FREE_SURFACE_KINETICS,Relocalisation conservative one-for-one
x10v,x10,modification code + runner,CODE,"Après relocalisation x10u, échange littéralement les vecteurs vitesse entre la particule relocalisée et un candidat local de même masse, de façon pairwise conservative en P et K.",Actif dans la chaîne liquide qualifiée; utilise un byte/particule et deux kernels conditionnels,0493x10v,0493x10v,FREE_SURFACE_KINETICS,Swap local full-vector one-for-one
x10w,x10,modification code + runner,CODE,"Ajoute une redistribution locale pré-stream pour limiter le transport thermique de phase selon la résolution locale (courbure/épaisseur), avec conservation pairwise P/K; remplace un ancien limiter de position virtuelle.",Implémenté mais OFF production; exclusif avec x12a dans le snapshot audité,0493x10w,0493x10w,FREE_SURFACE_KINETICS,Limiter thermique local pairwise
x10x,x10,runner + analyseur,QUALIFICATION,Campagne scripts-only balayant l’épaisseur thermique via le coefficient C/sigmas et des cas de référence afin de caractériser la sensibilité de la paroi x10o sans nouvelle physique C++.,Outil de qualification/campagne; aucun nouveau mode C++,0493x10x,0493x10x,FREE_SURFACE_KINETICS,Qualification de l’enveloppe thermique en C et sigma
x10y,x10,analyseur,QUALIFICATION,"Analyse les campagnes x10x pour tester la dépendance de l’épaisseur/effet thermique avec taille, température et échelle de particule.",Analyse scripts-only; aucun nouveau mode C++,0493x10y,0493x10y,FREE_SURFACE_KINETICS,Analyse loi taille-température de l’enveloppe
x11a,x11,runner + analyseur,QUALIFICATION,Mesure sur gouttes statiques multi-rayons/multi-sigma la loi de Laplace avec la pression Q6 résolue x9e; la lecture finale utilise les baselines sigma=0 appariées consolidées par x11c.,Qualification historique quantitative; base de la calibration mécanique x12yl,0493x11a,0493x11a,SURFACE_TENSION,Qualification Young–Laplace quantitative
x11b,x11,runner + analyseur,QUALIFICATION,"Excite des interfaces sinusoïdales résolues, suit les modes de Fourier et ajuste leur oscillation amortie pour comparer omega_num à la dispersion capillaire théorique.",Qualification dynamique historique; base méthodologique du calibrateur x12cal,0493x11b,0493x11b,SURFACE_TENSION,Qualification de dispersion des ondes capillaires
x11c,x11,modification code + runner,DIAGNOSTIC,"Corrige l’analyse x11 sans nouvelle force: Young–Laplace utilise p(sigma)-p(0), les ondes sont refittées sur la fenêtre précoce haut-SNR, et le support p3/x9e peut être construit à cadence diagnostic pour sigma=0 sans appliquer de potentiel capillaire.",Correction analyse/protocole et support observation-only; aucune nouvelle physique capillaire,0493x11c,0493x11c,SURFACE_TENSION,Correction de protocole capillaire et baseline sigma=0
x12a,x12,runner + modification code,CODE,"Ajoute la seule nouvelle physique runtime x12: fT=min(1,(Lloc/Rc)^2), où Lloc est la demi-distance à l’interface alpha=0.5 opposée le long de la normale Q2 intérieure; fT réduit localement l’enveloppe cinétique x10o et la cible thermostat.",Actif dans la chaîne liquide qualifiée; exclusif avec le limiter x10w,0493x12a,0493x12a,FREE_SURFACE_KINETICS,Refroidissement thermique local des petites structures
x12b,x12,runner,BENCHMARK,"Construit un cas splash 2-D à goutte D=320h et marche obstacle Darcy/chi avec la chaîne x10v+x12a; il fixe une géométrie JFM-scaled mais se déclare encore exploratoire, sans nouvelle physique C++.",Benchmark exploratoire de construction; pas encore une reproduction quantitative JFM 524,0493x12b,0493x12b,FREE_SURFACE_KINETICS,Prototype JFM D=320h sur obstacle Darcy/chi
x12c,x12,runner,BENCHMARK,"Réduit le domaine vertical inutilisé du cas x12b en conservant h et la même chaîne physique, afin de rendre la campagne obstacle/splash plus exploitable sans modifier le solveur.",Étape de production/compaction du benchmark; physique identique à x12b,0493x12c,0493x12c,FREE_SURFACE_KINETICS,Benchmark JFM compact-Y à physique inchangée
x12cal,x12,calibrateur + runner,CALIBRATOR,"Mesure sigma_eff dynamique par dispersion omega^2=(sigma/rho) k^3 tanh(kH) sur plusieurs modes/réalisations, avec politique PASS/REVIEW/INVALID; la propriété dynamique reste distincte de la calibration mécanique x12yl.",Calibrateur dynamique courant; aucune nouvelle physique C++,0493x12cal,0493x12cal,SURFACE_TENSION,Calibrateur dynamique de tension superficielle
x12d,x12,runner,BENCHMARK,"Verrouille le cas de mesure obstacle JFM 524 avec géométrie et We/Fr proches de l’article, sur la chaîne x10o+CIC+Q2+x10p/q+x10u/v+x12a; l’écart de Reynolds du fluide numérique reste explicitement déclaré.",Benchmark applicatif de mesure; géométrie/We/Fr ciblés mais Re numérique ~649 au lieu de Re expérimental 12200,0493x12d,0493x12d,FREE_SURFACE_KINETICS,Cas de mesure JFM 524 à géométrie/We/Fr ciblés
x12yl,x12,calibrateur + runner,CALIBRATOR,"Mesure sigma_eff mécanique par paires sigma/sigma0 sur gouttes résolues: dp_cap=p(sigma)-p(0)=sigma_eff<kappa>_active, en utilisant la courbure active mesurée et une politique explicite PASS/REVIEW/INVALID.",Calibrateur mécanique/statique courant; remplace x11a comme extraction scalaire de sigma_eff,0493x12yl,0493x12yl,SURFACE_TENSION,Calibrateur mécanique/statique de tension superficielle
x13a,x13,runner + analyseur,CALIBRATOR,"Cartographie sans modification solveur la portée de transport SRC-only via H_h=c_s h/nu sur les candidats A0-A6, avant toute application coûteuse.",Pré-balayage constitutif scripts-only; aucune physique solveur nouvelle,0493x13a,0493x13a,TRANSPORT_SURFACE,Pré-balayage intrinsèque SRC haut-Re
x13b,x13,runner + analyseur,DIAGNOSTIC,"Mesure la viscosité transverse pure, la réponse longitudinale c_s/nu_L et l’axe gamma à paramètres microscopiques contrôlés, indépendamment d’une application.",Métrologie constitutive scripts-only; aucune modification src/include,0493x13b,0493x13b,TRANSPORT_SURFACE,Carte constitutive SRC H/C
x13c,x13,runner + analyseur,QUALIFICATION,Enrichit H et C en multi-graines et longues longueurs d’onde; qualifie la localité et conduit au compromis économique gamma=8.,Qualification constitutive multi-graines; gamma=8 retenu comme compromis coût/transport,0493x13c,0493x13c,TRANSPORT_SURFACE,Qualification statistique du transport et choix gamma
x13d,x13,runner + analyseur,CALIBRATOR,Prolonge le cisaillement à Ny=256 et refit directement le mode longitudinal amorti pour extraire nu_L et c_s avec bootstrap.,Calibration constitutive du point G08 de référence,0493x13d,0493x13d,TRANSPORT_SURFACE,Follow-up longue longueur d’onde et amortissement
x13e,x13,runner + analyseur,QUALIFICATION,Teste la convergence en longueur d’onde de la réponse compressible isotherme quand Ma augmente et traduit la plage qualifiée en besoins de résolution pour Re cible.,Qualification compressible scripts-only; aucune modification src/include,0493x13e,0493x13e,TRANSPORT_SURFACE,Qualification de portée Mach du point G08
x13f,x13,runner + analyseur,CALIBRATOR,Balaye angle et lambda/h à gamma=8 puis requalifie les meilleurs candidats à plusieurs longueurs d’onde sans supposer le proxy SRD exact.,"Optimisation/calibration du fluide, pas optimisation de code",0493x13f,0493x13f,TRANSPORT_SURFACE,Optimisation locale du transport G08
x13g,x13,runner + analyseur,QUALIFICATION,Compare répétitions byte-identiques et réalisations indépendantes pour montrer que la trajectoire GPU n’est pas une preuve bit-à-bit et imposer l’analyse en ensemble.,Règle méthodologique de reproductibilité; aucune modification solveur,0493x13g,0493x13g,TRANSPORT_SURFACE,Qualification de reproductibilité statistique GPU
x13h,x13,runner + analyseur,QUALIFICATION,"Consolide gamma=8, angle 120°, lambda/h=0.72 comme fluide économique de référence; ce point est ensuite la base du tag surface-libre qualifié 7655b81.",Référence liquide qualifiée; rollback final vers le tag surf-tension-qualified-x13h-20260831,0493x13h,0493x13h,TRANSPORT_SURFACE,Point liquide de référence G08-120-L072
x13h-A,x13,qualification,QUALIFICATION,"Qualifie le mode longitudinal amorti du point gamma=8, angle 120°, lambda/h=0.72 avec amplitudes multiples et bootstrap.",Sous-qualification constitutive A du fluide final,0493x13h-a,0493x13h-a,TRANSPORT_SURFACE,Acoustique du point final lambda/h=0.72
x13h-B,x13,qualification,QUALIFICATION,Cartographie la viscosité transverse du point lambda/h=0.72 versus gamma et longueur d’onde avec estimateur ensemble.,Sous-qualification constitutive B du fluide final,0493x13h-b,0493x13h-b,TRANSPORT_SURFACE,Viscosité et dépendance en densité du point final
x13h-C,x13,qualification,QUALIFICATION,"Teste Ma=0.2,0.5,0.7,0.9 sur deux longueurs d’onde avec les coefficients A/B du même fluide.",Sous-qualification constitutive C du fluide final,0493x13h-c,0493x13h-c,TRANSPORT_SURFACE,Enveloppe Mach du point final
x13i,x13,runner + analyseur,CALIBRATOR,"À gamma, angle et lambda/h fixes, teste les lois c_s, nu_T et D_self proportionnelles à sqrt(kBT), ainsi que l’invariance de H_h et Sc.",Calibration de similitude thermique du fluide x13h; scripts-only,0493x13i,0493x13i,TRANSPORT_SURFACE,Loi d’échelle en kBT du fluide x13h
x13j,x13,calibrateur + runner,CALIBRATOR,"Le label x13j a deux usages historiques attestés dans le même lignage Git: calibrateur autonome SRC/Q6/Q6-G-F (nu_T,c_s,nu_L,Dself) et runner Young–Laplace du fluide x13h réutilisant x12yl.",Double rôle historique documenté; aucune nouvelle physique C++,0493x13j,0493x13j,TRANSPORT_SURFACE,Calibrateur transport autonome + qualification Young–Laplace x13h
x13k,x13,runner + analyseur,QUALIFICATION,"Qualifie dynamiquement la chaîne surface libre sur le mode azimutal n=2 du fluide x13h, avec observable quadrupolaire robuste.",Qualification dynamique historique du point surface libre,0493x13k,0493x13k,TRANSPORT_SURFACE,Qualification goutte oscillante n=2
x13l,x13,runner + analyseur,QUALIFICATION,Étend la qualification dynamique à n=3 avec observable d’ordre trois reconstruit hors ligne.,Qualification dynamique historique,0493x13l,0493x13l,TRANSPORT_SURFACE,Qualification goutte oscillante n=3
x13m,x13,runner + analyseur,QUALIFICATION,Étend la qualification dynamique à n=4 avec observable d’ordre quatre reconstruit hors ligne.,Qualification dynamique historique,0493x13m,0493x13m,TRANSPORT_SURFACE,Qualification goutte oscillante n=4
x13n,x13,runner + analyseur,BENCHMARK,Mesure la rétraction symétrique d’une nappe résolue; met en évidence G_TC trop faible malgré une résultante capillaire locale du rim proche de 2 sigma.,Limite dynamique connue; référence de rollback G_TC≈0.795 à sigma=10000,0493x13n,0493x13n,TRANSPORT_SURFACE,Benchmark Taylor–Culick 2-D
x13o,x13,modification code / ablation,ABLATION,Ablation de x10v qui échange seulement la composante normale locale entre masses égales et conserve la tangentielle; flag présent au point qualifié mais OFF dans la chaîne de production.,Ablation OFF production; le tag qualifié utilise le swap full-vector x10v,0493x13o,0493x13o,TRANSPORT_SURFACE,Ablation swap normal-only
x13p,x13,modification code / ablation,ABLATION,"Ablation qui désactive l’action position/vitesse one-for-one à l’intérieur d’une zone de quelques cellules de la paroi cinétique Q2, tout en gardant la relocalisation héritée hors zone.",Expérience post-x13n; amélioration TC partielle mais non retenue,0493x13p,0493x13p,TRANSPORT_SURFACE,Zone de crossing libre autour de l’interface
x13q,x13,modification code / ablation,ABLATION,Ablation post-x13p ajoutant un traitement dédié des particules orphelines de la fermeture cinétique via MPCD_X10_KINETIC_INTERFACE_ORPHAN_TURNOVER.,Expérience de confinement post-x13n; absente du commit qualifié 7655b81,0493x13q,0493x13q,TRANSPORT_SURFACE,Turnover des orphelins de fermeture cinétique
x13r,x13,modification code / ablation,ABLATION,Ablation imposant un refroidissement quasi-nul sur les cellules immédiatement identifiées interfaciales afin d’isoler le rôle de l’agitation thermique dans le déficit Taylor–Culick.,Rejetée: fermeture discontinue et dépendante du masque; supersédée par x13t,0493x13r,0493x13r,TRANSPORT_SURFACE,Refroidissement direct des cellules interfaciales
x13s,x13,modification code / ablation,ABLATION,Ablation supprimant surtout l’agitation thermique normale tout en gardant une fraction tangentielle et une profondeur de couche configurable.,Rejetée comme fermeture générale; supersédée par x13t,0493x13s,0493x13s,TRANSPORT_SURFACE,Refroidissement interfacial anisotrope
x13t,x13,modification code / ablation,ABLATION,"Remplace les seuils abrupts x13r/s par fT=min(fGamma,fthin), combinant distance à interface et loi d’épaisseur locale; améliore G_TC mais ne ferme pas la population diffuse.",Expérience causale rejetée comme chemin général après x13zd,0493x13t,0493x13t,TRANSPORT_SURFACE,Refroidissement progressif unifié
x13u,x13,modification code / ablation,ABLATION,Gate expérimental combinant le champ thermique x13t avec la relocalisation x10u sous rétention dure; ses fixes corrigent la portée et la conservation du champ x13t dans l’orchestration.,Expérimental/rejeté; x13u fixe la combinaison mais pas la fermeture générale,0493x13u,0493x13u,TRANSPORT_SURFACE,Combinaison x13t + relocalisation one-for-one
x13v,x13,modification code / ablation,ABLATION,Sépare explicitement la relocalisation spatiale x10u du swap full-vector x10v afin de mesurer leurs contributions respectives sous x13t.,Expérimental/rejeté; outil causal de séparation de x10u et x10v,0493x13v,0493x13v,TRANSPORT_SURFACE,Séparation position one-for-one / swap vitesse
x13w,x13,modification code / ablation,ABLATION,Convertit un crossing sortant confirmé en slot inactif puis recrée une particule de même masse/type côté liquide; le mécanisme ferme les fuites mais transporte artificiellement le support vers l’intérieur.,Rejeté: contraction artificielle du support de phase,0493x13w,0493x13w,TRANSPORT_SURFACE,Escape → inactive → reseed local
x13w-fix3,x13,runner,FIX,Corrige le biais de vitesse de reseed en utilisant une moyenne locale pré-échappement plutôt que la moyenne survivante après sélection des vitesses sortantes.,Correctif utilisé dans x13zd; mécanisme x13w reste invalidé physiquement,0493x13w-fix3,0493x13w-fix3,TRANSPORT_SURFACE,Reseed sur moyenne pré-échappement
x13x,x13,analyseur,ABLATION,"Reconnecte la fraction de rétention r pour interpoler entre hard retention et crossing naturel, puis mesure conjointement G_TC et fuite/diffusion du support.",Aucun compromis robuste vitesse/confinement; non production,0493x13x,0493x13x,TRANSPORT_SURFACE,Sweep de rétention probabiliste
x13z,x13,benchmark / campagne,BENCHMARK,Teste des représentations de grille alternatives qui peuvent augmenter G_TC mais changent aussi bruit/statistique et physique subgrid; aucun cas ne constitue à lui seul une convergence.,Gains séduisants mais non suffisants pour validation,0493x13z,0493x13z,TRANSPORT_SURFACE,Exploration de changements de grille
x13za,x13,runner,DIAGNOSTIC,Compare n=2/3/4 sur grilles 256 et 320 avec la chaîne qualifiée pour isoler l’effet de représentation avant d’attribuer le gain Taylor–Culick à une fermeture.,Diagnostic de dépendance de grille de la dynamique capillaire,0493x13za,0493x13za,TRANSPORT_SURFACE,Comparaison gouttes oscillantes entre grilles
x13zb,x13,runner,DIAGNOSTIC,Tente une comparaison mécanique Young–Laplace entre représentations de grille et révèle une forte sensibilité du protocole de baseline/pression à forte sigma.,Diagnostic; la régression brute forte-sigma n’est pas une mesure physique robuste de sigma_eff,0493x13zb,0493x13zb,TRANSPORT_SURFACE,Comparaison Young–Laplace entre grilles
x13zb2,x13,runner,DIAGNOSTIC,Sous-étape de protocole qui raccourcit la baseline sigma=0 afin de limiter la dérive géométrique de la goutte libre pendant la comparaison Young–Laplace.,Essai de protocole; ne ferme pas le biais de baseline,0493x13zb2,0493x13zb2,TRANSPORT_SURFACE,Baseline sigma=0 courte pour comparaison de grille
x13zb3,x13,analyseur,DIAGNOSTIC,Analyse la stabilité des baselines et relance uniquement les références nécessaires; met en évidence qu’une longue goutte sigma=0 n’est pas un état mécanique apparié stable.,Diagnostic de baseline; motive l’abandon de la référence libre longue sigma=0,0493x13zb3,0493x13zb3,TRANSPORT_SURFACE,Audit de stabilité et rebaseline Young–Laplace
x13zc,x13,analyseur,DIAGNOSTIC,"Analyse rayon effectif, courbure active, clipping et métriques mécaniques sur les deux grilles pour expliquer les décalages de fréquence et séparer géométrie de tension effective.",Diagnostic de représentation; R_eff plus petit sur grille fine explique une part majeure du shift fréquentiel,0493x13zc,0493x13zc,TRANSPORT_SURFACE,Mécanique statique de goutte versus grille
x13zd,x13,qualification,QUALIFICATION,"Teste la meilleure fermeture expérimentale x13t+x13w-fix3 sur gouttes oscillantes n=2/3/4 et deux grilles; montre contraction du support et dégradation modale, puis motive le retour au tag 7655b81.",Invalide x13t+x13w comme chemin général; point de production ramené à surf-tension-qualified-x13h-20260831,0493x13zd,0493x13zd,TRANSPORT_SURFACE,Validation croisée décisive et rollback
x13ze,x13,runner,DEMONSTRATION,"Wrapper commun autour du cas splash historique, figé sur la chaîne surface libre qualifiée x10o+CIC+Q2+x10p/q+x10u+x10v full-vector swap+x12a.",Démonstration historique stabilisée; pas une nouvelle qualification physique,0493x13ze,0493x13ze,FREE_SURFACE_KINETICS,Démonstrations run_ok impact/puddle stabilisées
x13zf,x13,runner,DEMONSTRATION,"Réutilise la géométrie/forçage dripping retenus avec la chaîne surface libre qualifiée; montre croissance, pincement, chute et impact sans prétendre calibrer un robinet ni un Weber critique.",Démonstration qualitative historique stabilisée; non benchmark quantitatif,0493x13zf,0493x13zf,FREE_SURFACE_KINETICS,Démonstration run_ok dripping qualitative
x13zg,x13,runner,TOOLING,Bibliothèque shell commune qui impose aux démonstrations liquides le point de référence taggé x13h et désactive les fallbacks non qualifiés.,Profil run_ok de référence; chaîne x13h explicitement figée,0493x13zg,0493x13zg,FREE_SURFACE_KINETICS,Profil run_ok surface libre qualifié
x13zj,x13,non déterminé,TOOLING,"Harmonise la collection run_ok autour du fluide de référence et des conventions de visualisation, sans introduire de nouvelle physique solveur.",Harmonisation documentaire/outillage historique attestée par README Git,0493x13zj,0493x13zj,RUN_OK,Harmonisation fluide de référence et LiveVis run_ok
x13zk,x13,non déterminé,TOOLING,Fait évoluer le checker vers la présence et la cohérence des paramètres physiques requis sans figer les anciennes valeurs littérales locales.,Contrôle sémantique run_ok; aucune nouvelle physique,0493x13zk,0493x13zk,RUN_OK,Checker run_ok à sémantique physique
x13zl,x13,non déterminé,TOOLING,"Remplacement canonique de la collection run_ok par un ensemble homogène fondé sur le fluide de référence; jalon d’outillage historique, pas qualification solveur nouvelle.",Collection run_ok homogénéisée,0493x13zl,0493x13zl,RUN_OK,Collection run_ok canonique homogène
x13zn,x13,modification code,FIX,Supprime des doublons de configuration et corrige une collision de portée dynamique Bash dans le runner injection; portée outillage seulement.,Correctif runner-only attesté; aucune modification solveur,0493x13zn,0493x13zn,RUN_OK,Nettoyage runner injection
x14a,x14,runner,QUALIFICATION,"Vérifie cibles thermiques par type, conservation du moment par type sans rotation SRC et rapport de vitesses thermiques attendu sur le chemin CUDA résident.",PASS des smokes thermostat deux types,0493x14a,0493x14a,LIQUID_GAS,Smoke thermostat deux types
x14aa,x14,modification code,CODE,Déplace toute la traction sur la géométrie de faces Q6.,Non retenu: dégrade la géométrie locale de forme,0493x14aa,0493x14aa,LIQUID_GAS,Traction thermodynamique absolue sur faces x6g
x14ab,x14,modification code,CODE,Sépare référence et jauge mais garde traction variable sur normales axiales Q6.,Non retenu,0493x14ab,0493x14ab,LIQUID_GAS,p_ref sur x10n + jauge sur faces x6g
x14ac,x14,modification code,CODE,Garde l'ancien échantillonnage local et corrige uniquement la résultante globale.,"Principe conservé, local supplanté par x14ad",0493x14ac,0493x14ac,LIQUID_GAS,Projection globale minimum-L2
x14ad,x14,modification code,CODE,"Échantillonne la pression de jauge des faces représentées qui terminent chaque segment x10n, applique sur normale locale, puis corrige la résultante résiduelle.",Retenu pour interfaces courbes x14,0493x14ad,0493x14ad,LIQUID_GAS,Traction locale cohérente avec faces x6g
x14ae,x14,diagnostic,DIAGNOSTIC,Compte les kicks x14v qui ne trouvent aucun support liquide après CIC/fallback.,Diagnostic; pertes nulles sur cas discriminant,0493x14ae,0493x14ae,LIQUID_GAS,Diagnostic pertes scatter
x14af,x14,runner + analyseur,DIAGNOSTIC,"Mesure J_Q6 applique, J_thermo et x14v; identifie le mismatch Q6/B1 - traction reconstruite comme source de dérive.",Diagnostic causal,0493x14af,0493x14af,LIQUID_GAS,Diagnostic bilan global
x14ag,x14,runner + analyseur,BENCHMARK,Premier benchmark de traînée ouvert; évolution du gaz jusqu'à inversion du courant.,Abandonné,0493x14ag,0493x14ag,LIQUID_GAS,Traînée avec inlet/outlet
x14ah,x14,runner + analyseur,BENCHMARK,Canal périodique avec goutte entraînée par un profil gazeux; vérifie que la fermeture ne supprime pas la vraie traînée.,Benchmark intégré,0493x14ah,0493x14ah,LIQUID_GAS,Traînée périodique-x
x14ai,x14,runner + analyseur,CODE,Utilise la résultante B1/RT0 réellement appliquée comme cible globale de la projection de traction x14ad.,Concept retenu mais version initiale supplantée,0493x14ai,0493x14ai,LIQUID_GAS,Fermeture de résultante Q6 appliquée
x14ai-fix1,x14,modification code,CODE,Corrige la cible x14ai pour inclure la correction uniforme périodique B1; ferme le moment global au roundoff.,Seulement composante liquide fermée et isolée des frontières Q6 externes,0493x14ai-fix1,0493x14ai-fix1,LIQUID_GAS,Fermeture B1 exacte post-correction périodique
x14aj,x14,runner + analyseur,BENCHMARK,Qualification du mode n=3 de la chaîne x14ai-fix1.,REVIEW: fréquence ~12% lente dans campagne actuelle,0493x14aj,0493x14aj,LIQUID_GAS,Goutte oscillante n=3 avec gaz
x14ak,x14,runner + analyseur,BENCHMARK,"TC avec paramètres liquide x14 (gamma=20, dt=0.002, etc.); comparaison historique confondait changement de fluide et effet gaz.",REVIEW; ne pas utiliser pour isoler effet gaz,0493x14ak,0493x14ak,LIQUID_GAS,Taylor-Culick diphasique - fluide x14
x14al,x14,runner + analyseur,BENCHMARK,"Deux runs avec liquide initial identique: liquide seul vs même liquide + gaz, pour isoler le couplage gaz.",Contrôle liquide reproduit; branche gaz à relire car EOS global kBT avait été mal aligné dans le premier runner,0493x14al,0493x14al,LIQUID_GAS,Taylor-Culick apparié au point x13h
x14am,x14,runner + analyseur,DIAGNOSTIC,Screening multi-rayons avec x9e sans baseline sigma=0 longue.,REVIEW/non décisif à sigma=10000: kappa_active et pression sont déjà connus comme métrologie bruyante/non monotone dans ce régime,0493x14am,0493x14am,LIQUID_GAS,Young-Laplace diphasique multi-rayons
x14an,x14,runner,CAMPAIGN,"Premier runner application-scale du chargement normal gaz→liquide avec bain, jet supérieur et sorties latérales; x14ai est forcé OFF car le liquide touche des frontières externes.",Campagne de construction/qualification; aucun PASS physique autonome inféré du runner,0493x14an,0493x14an,LIQUID_GAS,Jet gazeux plan sur bain liquide
x14ao,x14,runner,CAMPAIGN,Insère une buse de longueur finie via le chemin Darcy/Brinkman chi déjà qualifié tout en conservant la chaîne d’interaction x14.,Étape géométrique de campagne; pas de qualification autonome revendiquée,0493x14ao,0493x14ao,LIQUID_GAS,Buse planaire Darcy/chi paramétrable
x14ap,x14,runner,CAMPAIGN,"Fixe les défauts géométriques et adimensionnels de la buse en vue d’une comparaison externe, sans modifier la chaîne solveur.",Point de similitude de campagne; pas de PASS autonome,0493x14ap,0493x14ap,LIQUID_GAS,Buse Darcy/chi aux défauts de similitude expérimentale
x14aq,x14,runner,CAMPAIGN,Teste une segmentation supérieure avec réservoirs hard-density à vitesse moyenne nulle aux extrémités et sorties passives conservées près de la buse.,Expérience de condition limite; non retenue comme validation autonome,0493x14aq,0493x14aq,LIQUID_GAS,Réservoirs gazeux ambiants latéraux
x14ar,x14,runner,CAMPAIGN,Variante de condition limite où la zone supérieure accessible hors parois de buse est reconstruite comme atmosphère; test causal de la pression gazeuse ambiante.,Expérience de condition limite; pas de PASS physique autonome,0493x14ar,0493x14ar,LIQUID_GAS,Atmosphère hard-density sur le dessus hors buse
x14as,x14,runner,CAMPAIGN,Fige la topologie à sorties larges qui fonctionne; la pression gazeuse n’est pas forcée à sa référence initiale mais mesurée comme condition génératrice de la cavité.,Topologie retenue pour x14at; pression gaz traitée comme covariable mesurée,0493x14as,0493x14as,LIQUID_GAS,"Buse à sorties larges, pression gaz comme covariable"
x14at,x14,runner,QUALIFICATION,Compare la profondeur de cavité d’un jet gazeux incident à Sato et al. en similitude partielle géométrie/Bo_D/Fr_m mesuré.,Validation externe ciblée: H/D=0.8 et Fr_m≈0.49–0.59 à 4.8–9.9% de Sato; H/D=1.7 REVIEW; pas de similitude dynamique complète,0493x14at,0493x14at,LIQUID_GAS,Validation externe Sato Stage-A
x14au,x14,analyseur + calibrateur,CALIBRATOR,Réévalue les viscosités liquide et gaz aux échelles primaire et application pour propager Re/Oh dans l’interprétation de x14at.,Liquide primaire INVALID; gaz REVIEW; cohérence d’échelle 2σ diagnostique seulement,0493x14au,0493x14au,LIQUID_GAS,Qualification viscosité associée au cas Sato
x14av,x14,runner,DEMONSTRATION,"Assemble un jet liquide et deux arrivées gazeuses avec diagnostics de pénétration, largeur et composants détachés. Le runner/analyseur se déclare explicitement démonstration diagnostique, sans critère PASS/FAIL d’atomisation physique.",DEMONSTRATION_DIAGNOSTIC_ONLY; aucune qualification physique d’atomisation,0493x14av,0493x14av,LIQUID_GAS,Démonstration atomiseur air-assisté
x14aw,x14,runner,BENCHMARK,"Introduit un jet liquide rectiligne dans gaz stagnant, rhoL/rhoG=27.84, D/h=96, domaine 18D x 18D, avec la chaîne liquide/gaz x14 existante. Le premier point liquide retenu utilise gamma=8, alpha=90 deg, kBTL=0.03125 et nuL=0.0003303602194; l’entrée est d’abord stationnaire.",Benchmark exploratoire 2-D; géométrie et nombres sans revendication d’équivalence 3-D exacte avec Basilisk.,0493x14aw,0493x14aw,LIQUID_GAS,Analogue 2-D Basilisk atomisation ReL=500 / WeG=200
x14ax,x14,diagnostic,DIAGNOSTIC,"Expose phaseAlphaFiltered0493x6c au filtered recorder sous le nom alpha_x6c avec alias phase_alpha, phase_alpha_x6c et liquid_fraction_x6c, via remapping conservatif par aire vers la grille recorder sans téléchargement hôte du champ solveur complet.",Diagnostic intégré et utilisé dans les campagnes d’interface; ne modifie pas la fermeture physique lorsque le champ n’est pas demandé.,0493x14ax,0493x14ax,LIQUID_GAS,Recorder alpha_x6c du champ liquide physique résident
x14ay,x14,runner,EXPERIMENT,"Runner d’ablation qui augmente gamma en diminuant masse et kBT selon m->m/s et kBT->kBT/s afin de préserver gamma*m, gamma*kBT, kBT/m et lambda/h dans les grandes lignes.",Smoke gamma=12 exploitable mais amélioration interfaciale jugée trop faible face au surcoût; gamma=12/16 non retenu pour le benchmark courant.,0493x14ay,0493x14ay,LIQUID_GAS,Raffinement particulaire gamma 12/16 à similitude thermique
x14az,x14,non déterminé,VISUALIZATION,Complète x14ax en rendant alpha_x6c et ses alias visualisables directement par le renderer LiveVis à partir du champ x6c résident; l’ancien champ alpha reste l’alpha Darcy.,Diagnostic LiveVis opérationnel; smoothPasses neutralisé pour alpha_x6c afin de montrer le champ physique x6c sans lissage LiveVis additionnel.,0493x14az,0493x14az,LIQUID_GAS,Affichage LiveVis direct de alpha_x6c
x14b,x14,runner,QUALIFICATION,Qualification dynamique sur grille non décalée afin de reconstruire exactement les cellules du thermostat final.,PASS active-collision exact-grid,0493x14b,0493x14b,LIQUID_GAS,Qualification thermostat avec collision SRC active
x14ba,x14,modification code,CODE,"Ajoute un multiplicateur d’entrée Fosc=1+A sin(2*pi*(t+offset-start)/T+phase), combiné au ramp existant et propagé aux injections particulaires ainsi qu’aux flux Q6 host/CUDA pour conserver le verrouillage de phase.",Chemin désactivé strictement neutre; checker statique/maths PASS et chemin pulsé exercé ensuite par le smoke x14bc. Qualification longue du breakup non encore revendiquée.,0493x14ba,0493x14ba,OPEN_BOUNDARY_MULTIPHASE,Oscillation globale sinusoïdale de vitesse d’entrée
x14bc,x14,runner,RUNNER,"Runner final courant du benchmark ReL=500/WeG=200 à gamma=8 avec liquide froid calibré kBTL=0.0078125, nuL=0.0002122268985, gaz conservé kBTG=0.00575, nuG=0.0003536191886, pulse x14ba à +/-5% et St=5/3.","Calibration liquide TG128 8 graines PASS, CV=2.2%; smoke pulsé 300 pas PASS intégration/visualisation. Production longue 4758 pas planifiée, non encore qualifiée statistiquement.",0493x14bc,0493x14bc,LIQUID_GAS,Benchmark Basilisk froid pulsé ReL=500
x14c,x14,runner,QUALIFICATION,"Probe production-like avec collision SRC, signe aléatoire et grid shift; contrôle exactement les invariants accessibles et rapporte la température apparente globale.",PASS production-like shifted-grid probe,0493x14c,0493x14c,LIQUID_GAS,Probe thermostat en grille décalée
x14d,x14,modification code,CODE,Conserve SRC commun au mélange; seule la remise à température est faite par type.,Actif dans x14,0493x14d,0493x14d,LIQUID_GAS,Collision commune + thermostats séparés
x14e,x14,runner,QUALIFICATION,Vérifie le thermostat séparé par type après collision SRC commune sur l’état particulaire/cellulaire CUDA résident partagé.,PASS chemin SRC production résident,0493x14e,0493x14e,LIQUID_GAS,Qualification thermostat sur chemin SRC de production
x14f,x14,runner,QUALIFICATION,"Audit exact par cellule du thermostat séparé par type sur le chemin liquide/gaz src-q6-g-f, avec grid shift volontairement désactivé pour la métrologie.",PASS x14f-fix1 exact src-q6-g-f,0493x14f,0493x14f,LIQUID_GAS,Qualification exacte thermostat sur src-q6-g-f
x14g,x14,modification code,FIX,Utilise les identifiants de cellule SRC persistants exacts pour thermostat par espèce.,Correctif d'intégration actif,0493x14g,0493x14g,LIQUID_GAS,Cellules exactes post-stream/grid-shift
x14i,x14,runner,QUALIFICATION,Reconstitue les cellules de collision SRC décalées depuis l’audit résident et ferme la qualification production du bridge x14g.,PASS production shifted-grid resident species thermostat,0493x14i,0493x14i,LIQUID_GAS,Qualification finale thermostat src-q6-g-f avec grid shift
x14j,x14,runner + analyseur,BENCHMARK,Cas d'intégration thermostat liquide/gaz avant fermeture cinétique bilatérale.,Benchmark d'intégration,0493x14j,0493x14j,LIQUID_GAS,Goutte deux températures
x14k,x14,runner,CODE,"Autorise le côté gaz à consommer la même géométrie de relocalisation x10 que le liquide, avec sens de phase inversé.",Opt-in; change le modèle d'interface,0493x14k,0493x14k,LIQUID_GAS,Géométrie cinétique bilatérale
x14l,x14,runner,CODE,Réfléchit la composante normale relative du gaz à l'interface mobile; tangentielle inchangée.,Qualifié pour imperméabilité normale dans cas tests,0493x14l,0493x14l,LIQUID_GAS,Réflexion spéculaire du gaz
x14m,x14,runner,CODE,"Combine liquide x10/x12, gaz x14l et thermostat séparé; x12a reste côté liquide uniquement.",Architecture intégrée,0493x14m,0493x14m,LIQUID_GAS,Assemblage bilatéral + compatibilité x12a
x14n,x14,runner,ABLATION,Coupe la fermeture cinétique gazeuse pour séparer pression et imperméabilité.,Ablation,0493x14n,0493x14n,LIQUID_GAS,Ablation fermeture gaz OFF
x14o,x14,runner,ABLATION,Utilise une pression gazeuse constante choisie pour annuler la contribution de jauge.,Ablation,0493x14o,0493x14o,LIQUID_GAS,Ablation pression gaz constante
x14p,x14,analyseur,DIAGNOSTIC,Teste hors solveur si le déficit de comptage gazeux sur cellules de trace est expliqué par la fraction de volume accessible dérivée des champs alpha existants.,Diagnostic offline; aucune loi CUDA proposée à ce stade,0493x14p,0493x14p,LIQUID_GAS,Audit offline alpha/volume gazeux accessible
x14q,x14,analyseur,DIAGNOSTIC,Compare une petite famille de lois identité/shift/scale/affine/power sur les échantillons x14p pour diagnostiquer le biais de pression interfacial.,Diagnostic offline; explicitement pas une proposition CUDA,0493x14q,0493x14q,LIQUID_GAS,Fit offline de fraction de volume accessible
x14r,x14,analyseur,ANALYZER,Analyse offline montrant que p=N kBT/A_cell sous-estime la pression si seule une fraction de cellule est accessible au gaz.,Diagnostic conduisant à x14s,0493x14r,0493x14r,LIQUID_GAS,Analyse volume accessible
x14s,x14,runner + analyseur,CODE,Corrige la pression gazeuse par la fraction de volume accessible dérivée de alpha Q6.,Actif dans x14 récent,0493x14s,0493x14s,LIQUID_GAS,EOS gaz volume accessible
x14t,x14,runner + analyseur,BENCHMARK,Benchmark plan qui qualifie la transmission moyenne de p_g par x6g/x14s sans terme impulsionnel direct.,Qualification composante thermodynamique,0493x14t,0493x14t,LIQUID_GAS,Piston pression thermodynamique
x14u,x14,runner + analyseur,BENCHMARK,Benchmark de flux de moment dirigé; montre que x14l seul rend imperméable mais ne restitue presque pas le moment perdu au liquide.,Diagnostic conduisant à x14v,0493x14u,0493x14u,LIQUID_GAS,Gaz incident normal
x14v,x14,runner + analyseur,CODE,Transfère J_excess = J_raw - J_thermo au liquide afin d'ajouter le flux cinétique hors équilibre sans doubler la pression x6g.,Actif dans chaîne x14 candidate,0493x14v,0493x14v,LIQUID_GAS,Kick cinétique excédentaire
x14w,x14,runner + analyseur,BENCHMARK,Benchmark de transfert tangentiel; teste continuité de contrainte via collisions SRC communes sans frottement interfacial ad hoc.,PASS-like sur contrainte tangentielle,0493x14w,0493x14w,LIQUID_GAS,Couette biphasique
x14x,x14,runner + analyseur,BENCHMARK,"Runner intégré x6g+x9+x14l+x14v+chaîne liquide; banc pour forme, moment et fréquence.",Qualification intégrée/tooling,0493x14x,0493x14x,LIQUID_GAS,Goutte oscillante diphasique n=2
x14y,x14,modification code / ablation,ABLATION,Transfère J_raw directement et supprime la soustraction thermodynamique.,Rejeté: double comptage pression équilibre,0493x14y,0493x14y,LIQUID_GAS,Ablation sans soustraction p_g
x14z,x14,modification code / ablation,ABLATION,Corrige la résultante du seul p_ref uniforme sur la polyligne x10n.,Rejeté comme cause du défaut n=1,0493x14z,0493x14z,LIQUID_GAS,Fermeture géométrique p_ref
