canonical_name,category,status,expected_type,default_value,constraints,effect_role,remarks,kv_keys,cpp_fields,aliases,runner_variables,source_paths,milestones,source_inventory
bcBottom,Conditions limites,existant catalogue 0292 | canonique | alias accepté,enum string,periodic,periodic; solid; specular; bounceback; inlet/input; outlet/output/open,Mode de condition limite sur la face basse.,Les périodiques doivent être appariés bas/haut.,bcBottom;boundaryBottom,bcBottom,boundaryBottom,,include/simulation_params.h;src/params_io_base.cpp,,src_mpcd_params_catalogue_0292_cuda.csv | src_mpcd_params_cles_acceptees_0292_cuda.csv
bcLeft,Conditions limites,existant catalogue 0292 | canonique | alias accepté,enum string,periodic,periodic; solid; specular; bounceback; inlet/input; outlet/output/open,Mode de condition limite sur la face gauche.,Les périodiques doivent être appariés gauche/droite.,bcLeft;boundaryLeft,bcLeft,boundaryLeft,,include/simulation_params.h;src/params_io_base.cpp,,src_mpcd_params_catalogue_0292_cuda.csv | src_mpcd_params_cles_acceptees_0292_cuda.csv
bcRight,Conditions limites,existant catalogue 0292 | canonique | alias accepté,enum string,periodic,periodic; solid; specular; bounceback; inlet/input; outlet/output/open,Mode de condition limite sur la face droite.,Les périodiques doivent être appariés gauche/droite.,bcRight;boundaryRight,bcRight,boundaryRight,,include/simulation_params.h;src/params_io_base.cpp,,src_mpcd_params_catalogue_0292_cuda.csv | src_mpcd_params_cles_acceptees_0292_cuda.csv
bcTop,Conditions limites,existant catalogue 0292 | canonique | alias accepté,enum string,periodic,periodic; solid; specular; bounceback; inlet/input; outlet/output/open,Mode de condition limite sur la face haute.,Les périodiques doivent être appariés bas/haut.,bcTop;boundaryTop,bcTop,boundaryTop,,include/simulation_params.h;src/params_io_base.cpp,,src_mpcd_params_catalogue_0292_cuda.csv | src_mpcd_params_cles_acceptees_0292_cuda.csv
bcX,Conditions limites,existant catalogue 0292 | canonique,enum string,(non stocké),periodic; solid; specular; bounceback; inlet/input; outlet/output/open,Définit simultanément les modes gauche et droit.,"Alias de paire; appliqué à bcLeft et bcRight, puis les clés par face peuvent surcharger.",bcX,bcX,,,include/simulation_params.h;src/params_io_base.cpp,,src_mpcd_params_catalogue_0292_cuda.csv | src_mpcd_params_cles_acceptees_0292_cuda.csv
bcY,Conditions limites,existant catalogue 0292 | canonique,enum string,(non stocké),periodic; solid; specular; bounceback; inlet/input; outlet/output/open,Définit simultanément les modes bas et haut.,"Alias de paire; appliqué à bcBottom et bcTop, puis les clés par face peuvent surcharger.",bcY,bcY,,,include/simulation_params.h;src/params_io_base.cpp,,src_mpcd_params_catalogue_0292_cuda.csv | src_mpcd_params_cles_acceptees_0292_cuda.csv
betaEOS,Projection Q6-g-f / fermeture virielle continuum 0493x7a–x7b,ajout 0493x7a/x7b; omission d’inventaire corrigée 0493x7q,double,0.05,fini >=0,Gain sans dimension de la fermeture EOS virielle continuum.,"Paramètre 0493x7b, désactivé physiquement tant que virialDensityKickEnable=false.",betaEOS,betaEOS,virialBeta,,include/simulation_params.h;src/cuda_q6_resident_0400.cu;src/params_io_base.cpp,x7a;x7b;x7q,complément exhaustif parseur 0493x7q
bodyAccelerationX,Forçage et contrôle d’écoulement,existant catalogue 0292 | canonique | alias accepté,double,0.0,nombre réel fini,Accélération volumique uniforme appliquée en x avant streaming.,,bodyAccelerationX;bodyForceX,bodyAccelerationX,bodyForceX,,include/simulation_params.h;src/params_io_base.cpp,,src_mpcd_params_catalogue_0292_cuda.csv | src_mpcd_params_cles_acceptees_0292_cuda.csv
bodyAccelerationY,Forçage et contrôle d’écoulement,existant catalogue 0292 | canonique | alias accepté,double,0.0,nombre réel fini,Accélération volumique uniforme appliquée en y avant streaming.,,bodyAccelerationY;bodyForceY,bodyAccelerationY,bodyForceY,,include/simulation_params.h;src/params_io_base.cpp,,src_mpcd_params_catalogue_0292_cuda.csv | src_mpcd_params_cles_acceptees_0292_cuda.csv
bottomOpenXMax,Clés supprimées — migration vers segments 0143,supprimé 0143; rejet explicite; recensé 0490p,clé supprimée,(non applicable),Toujours rejetée; utiliser openBoundarySegmentsEnable/openBoundarySegmentCount/openBoundarySegmentK.,Clé params.kv lue par le parseur courant.,Ligne ajoutée par comparaison exhaustive du parseur params.kv au commit 36abd23 avec l’inventaire consolidé 0436b.,bottomOpenXMax,,,,,,delta parseur 0437–0490p / branche surf commit 36abd23
bottomOpenXMin,Clés supprimées — migration vers segments 0143,supprimé 0143; rejet explicite; recensé 0490p,clé supprimée,(non applicable),Toujours rejetée; utiliser openBoundarySegmentsEnable/openBoundarySegmentCount/openBoundarySegmentK.,Clé params.kv lue par le parseur courant.,Ligne ajoutée par comparaison exhaustive du parseur params.kv au commit 36abd23 avec l’inventaire consolidé 0436b.,bottomOpenXMin,,,,,,delta parseur 0437–0490p / branche surf commit 36abd23
closedCapacityInletMassFluxEnable,Réponse capacité fermée / viriel,existant catalogue 0292 | canonique,booléen,false,booléen: true/1/yes/on ou false/0/no/off,Active une loi de flux de masse d’entrée pilotée par capacité.,Si réponse active.,closedCapacityInletMassFluxEnable,closedCapacityInletMassFluxEnable,,,include/simulation_params.h;src/params_io_base.cpp,,src_mpcd_params_catalogue_0292_cuda.csv | src_mpcd_params_cles_acceptees_0292_cuda.csv
closedCapacityInletMassFluxMultiplier,Réponse capacité fermée / viriel,existant catalogue 0292 | canonique,double,1.0,>=0,Multiplicateur du flux de masse inlet piloté par capacité.,Si réponse active.,closedCapacityInletMassFluxMultiplier,closedCapacityInletMassFluxMultiplier,,,include/simulation_params.h;src/params_io_base.cpp,,src_mpcd_params_catalogue_0292_cuda.csv | src_mpcd_params_cles_acceptees_0292_cuda.csv
closedCapacityMassGuardDisableOnOverfill,Réponse capacité fermée / viriel,existant catalogue 0292 | canonique,booléen,true,booléen: true/1/yes/on ou false/0/no/off,Désactive le mass guard lorsque l’overfill est détecté.,Si réponse active.,closedCapacityMassGuardDisableOnOverfill,closedCapacityMassGuardDisableOnOverfill,,,include/simulation_params.h;src/params_io_base.cpp,,src_mpcd_params_catalogue_0292_cuda.csv | src_mpcd_params_cles_acceptees_0292_cuda.csv
closedCapacityMassRemapEta,Réponse capacité fermée / viriel,existant catalogue 0292 | canonique,double,0.005,>0,Paramètre eta d’atténuation du remap de masse en surcapacité.,Si réponse active.,closedCapacityMassRemapEta,closedCapacityMassRemapEta,,,include/simulation_params.h;src/params_io_base.cpp,,src_mpcd_params_catalogue_0292_cuda.csv | src_mpcd_params_cles_acceptees_0292_cuda.csv
closedCapacityMassRemapPower,Réponse capacité fermée / viriel,existant catalogue 0292 | canonique,double,2.0,>0,Puissance de la loi d’atténuation du remap de masse.,Si réponse active.,closedCapacityMassRemapPower,closedCapacityMassRemapPower,,,include/simulation_params.h;src/params_io_base.cpp,,src_mpcd_params_catalogue_0292_cuda.csv | src_mpcd_params_cles_acceptees_0292_cuda.csv
closedCapacityQ6Eta,Réponse capacité fermée / viriel,existant catalogue 0292 | canonique,double,0.005,>0,Paramètre eta de réduction de la projection Q6 en surcapacité.,Si réponse active.,closedCapacityQ6Eta,closedCapacityQ6Eta,,,include/simulation_params.h;src/params_io_base.cpp,,src_mpcd_params_catalogue_0292_cuda.csv | src_mpcd_params_cles_acceptees_0292_cuda.csv
closedCapacityQ6Power,Réponse capacité fermée / viriel,existant catalogue 0292 | canonique,double,2.0,>0,Puissance de la loi de réduction Q6.,Si réponse active.,closedCapacityQ6Power,closedCapacityQ6Power,,,include/simulation_params.h;src/params_io_base.cpp,,src_mpcd_params_catalogue_0292_cuda.csv | src_mpcd_params_cles_acceptees_0292_cuda.csv
closedCapacityReferenceCellMass,Réponse capacité fermée / viriel,existant catalogue 0292 | canonique,double,0.0,>=0; 0 => inférer,Masse de référence par cellule fluide.,"Si réponse active, il faut pouvoir inférer via ce champ, resamplingTargetCellMass ou inletTargetOccupancy.",closedCapacityReferenceCellMass,closedCapacityReferenceCellMass,,,include/simulation_params.h;src/params_io_base.cpp,,src_mpcd_params_catalogue_0292_cuda.csv | src_mpcd_params_cles_acceptees_0292_cuda.csv
closedCapacityReferenceParticleMass,Réponse capacité fermée / viriel,existant catalogue 0292 | canonique,double,1.0,>0,Masse particulaire de référence.,Utilisé pour inférer la masse cellule depuis inletTargetOccupancy.,closedCapacityReferenceParticleMass,closedCapacityReferenceParticleMass,,,include/simulation_params.h;src/params_io_base.cpp,,src_mpcd_params_catalogue_0292_cuda.csv | src_mpcd_params_cles_acceptees_0292_cuda.csv
closedCapacityResponseEnable,Réponse capacité fermée / viriel,existant catalogue 0292 | canonique,booléen,false,booléen: true/1/yes/on ou false/0/no/off,Active la réponse à la surcapacité/overfill en domaine fermé.,,closedCapacityResponseEnable,closedCapacityResponseEnable,,,include/simulation_params.h;src/params_io_base.cpp,,src_mpcd_params_catalogue_0292_cuda.csv | src_mpcd_params_cles_acceptees_0292_cuda.csv
closedCapacityVirialBaseK,Réponse capacité fermée / viriel,existant catalogue 0292 | groupe dynamique,double,0.0,>=0,Raideur virielle de base.,Si réponse active.,closedCapacityVirialBaseK,closedCapacityVirialBaseK,,,include/simulation_params.h;src/params_io_base.cpp,,src_mpcd_params_catalogue_0292_cuda.csv | src_mpcd_params_cles_acceptees_0292_cuda.csv
closedCapacityVirialEta,Réponse capacité fermée / viriel,existant catalogue 0292 | canonique,double,0.005,>0,Paramètre eta de la loi virielle.,Si réponse active.,closedCapacityVirialEta,closedCapacityVirialEta,,,include/simulation_params.h;src/params_io_base.cpp,,src_mpcd_params_catalogue_0292_cuda.csv | src_mpcd_params_cles_acceptees_0292_cuda.csv
closedCapacityVirialGain,Réponse capacité fermée / viriel,existant catalogue 0292 | canonique,double,20.0,>=0,Gain de la composante virielle pilotée par l’overfill.,Si réponse active.,closedCapacityVirialGain,closedCapacityVirialGain,,,include/simulation_params.h;src/params_io_base.cpp,,src_mpcd_params_catalogue_0292_cuda.csv | src_mpcd_params_cles_acceptees_0292_cuda.csv
closedCapacityVirialKickEnable,Réponse capacité fermée / viriel,existant catalogue 0292 | canonique,booléen,false,booléen: true/1/yes/on ou false/0/no/off,Active le kick viriel faible lié à la surcapacité.,Si réponse active.,closedCapacityVirialKickEnable,closedCapacityVirialKickEnable,,,include/simulation_params.h;src/params_io_base.cpp,,src_mpcd_params_catalogue_0292_cuda.csv | src_mpcd_params_cles_acceptees_0292_cuda.csv
closedCapacityVirialKickStrength,Réponse capacité fermée / viriel,existant catalogue 0292 | canonique,double,1.0,>=0,Intensité multiplicative du kick viriel.,Si réponse active et kick viriel actif.,closedCapacityVirialKickStrength,closedCapacityVirialKickStrength,,,include/simulation_params.h;src/params_io_base.cpp,,src_mpcd_params_catalogue_0292_cuda.csv | src_mpcd_params_cles_acceptees_0292_cuda.csv
closedCapacityVirialMomentumCorrectionEnable,Réponse capacité fermée / viriel,existant catalogue 0292 | canonique,booléen,true,booléen: true/1/yes/on ou false/0/no/off,Corrige globalement le moment après kick viriel.,Si réponse active et kick viriel actif.,closedCapacityVirialMomentumCorrectionEnable,closedCapacityVirialMomentumCorrectionEnable,,,include/simulation_params.h;src/params_io_base.cpp,,src_mpcd_params_catalogue_0292_cuda.csv | src_mpcd_params_cles_acceptees_0292_cuda.csv
closedCapacityVirialPower,Réponse capacité fermée / viriel,existant catalogue 0292 | canonique,double,2.0,>0,Puissance de la loi virielle.,Si réponse active.,closedCapacityVirialPower,closedCapacityVirialPower,,,include/simulation_params.h;src/params_io_base.cpp,,src_mpcd_params_catalogue_0292_cuda.csv | src_mpcd_params_cles_acceptees_0292_cuda.csv
cudaResamplingChiFilterEnable,CUDA resampling — filtre Darcy/chi,ajout filtre chi; recensé 0490p,booléen,true,true/1/yes/on ou false/0/no/off.,Exclut les cellules Darcy de chi faible des mutations/reconditionnements/refills. | Alias accepté de cudaResamplingChiFilterEnable.,Ligne ajoutée par comparaison exhaustive du parseur params.kv au commit 36abd23 avec l’inventaire consolidé 0436b. | Champ canonique ajouté/recensé depuis l’inventaire 0436b. Les vecteurs speciesDefinitions/openBoundarySegments sont construits après le premier passage du parseur.,cudaResamplingChiFilterEnable;cudaResamplingDarcyChiFilterEnable,cudaResamplingChiFilterEnable,cudaResamplingChiFilterEnable;cudaResamplingDarcyChiFilterEnable,,include/simulation_params.h;src/cuda_resampling_mass_recondition_0296.cu;src/cuda_resampling_population_guard_0297.cu;src/params_io_base.cpp,,delta parseur 0437–0490p / branche surf commit 36abd23 | delta SimulationParams 0437–0490p / branche surf commit 36abd23
cudaResamplingChiMin,CUDA resampling — filtre Darcy/chi,ajout filtre chi; recensé 0490p,double,0.5,"fini; typiquement dans [0,1].",Seuil minimal de chi pour autoriser le resampling CUDA. | Alias accepté de cudaResamplingChiMin.,Ligne ajoutée par comparaison exhaustive du parseur params.kv au commit 36abd23 avec l’inventaire consolidé 0436b. | Champ canonique ajouté/recensé depuis l’inventaire 0436b. Les vecteurs speciesDefinitions/openBoundarySegments sont construits après le premier passage du parseur.,cudaResamplingChiMin;cudaResamplingDarcyChiMin,cudaResamplingChiMin,cudaResamplingChiMin;cudaResamplingDarcyChiMin,,include/simulation_params.h;src/cuda_resampling_mass_recondition_0296.cu;src/cuda_resampling_population_guard_0297.cu;src/params_io_base.cpp,,delta parseur 0437–0490p / branche surf commit 36abd23 | delta SimulationParams 0437–0490p / branche surf commit 36abd23
cudaResamplingEmptyRefillEnable,CUDA resampling — refill cellules vides 0319,ajout 0319; recensé 0490p,booléen,false,true/1/yes/on ou false/0/no/off.,Active le refill CUDA des cellules humides vides depuis la mémoire cellulaire.,Ligne ajoutée par comparaison exhaustive du parseur params.kv au commit 36abd23 avec l’inventaire consolidé 0436b. | Champ canonique ajouté/recensé depuis l’inventaire 0436b. Les vecteurs speciesDefinitions/openBoundarySegments sont construits après le premier passage du parseur.,cudaResamplingEmptyRefillEnable,cudaResamplingEmptyRefillEnable,,,include/simulation_params.h;src/cuda_resampling_population_guard_0297.cu;src/params_io_base.cpp,,delta parseur 0437–0490p / branche surf commit 36abd23 | delta SimulationParams 0437–0490p / branche surf commit 36abd23
cudaResamplingEmptyRefillGamma,CUDA resampling — refill cellules vides 0319,ajout 0319; recensé 0490p,entier,0,entier; contraintes détaillées vérifiées par validate_simulation_params.,Valeur gamma explicite pour la cible de refill; 0 utilise les fallbacks.,Ligne ajoutée par comparaison exhaustive du parseur params.kv au commit 36abd23 avec l’inventaire consolidé 0436b. | Champ canonique ajouté/recensé depuis l’inventaire 0436b. Les vecteurs speciesDefinitions/openBoundarySegments sont construits après le premier passage du parseur.,cudaResamplingEmptyRefillGamma,cudaResamplingEmptyRefillGamma,,,include/simulation_params.h;src/cuda_resampling_population_guard_0297.cu;src/params_io_base.cpp,,delta parseur 0437–0490p / branche surf commit 36abd23 | delta SimulationParams 0437–0490p / branche surf commit 36abd23
cudaResamplingEmptyRefillMemoryMaxAge,CUDA resampling — refill cellules vides 0319,ajout 0319; recensé 0490p,entier,1000,>=0.,Âge maximal en pas de la mémoire cellulaire utilisée pour le refill.,Ligne ajoutée par comparaison exhaustive du parseur params.kv au commit 36abd23 avec l’inventaire consolidé 0436b. | Champ canonique ajouté/recensé depuis l’inventaire 0436b. Les vecteurs speciesDefinitions/openBoundarySegments sont construits après le premier passage du parseur.,cudaResamplingEmptyRefillMemoryMaxAge,cudaResamplingEmptyRefillMemoryMaxAge,,,include/simulation_params.h;src/cuda_resampling_population_guard_0297.cu;src/params_io_base.cpp,,delta parseur 0437–0490p / branche surf commit 36abd23 | delta SimulationParams 0437–0490p / branche surf commit 36abd23
cudaResamplingEmptyRefillReference,CUDA resampling — refill cellules vides 0319,ajout 0319; recensé 0490p,chaîne,ntarget,ntarget | gamma.,Choisit la référence de refill: ntarget ou gamma.,Ligne ajoutée par comparaison exhaustive du parseur params.kv au commit 36abd23 avec l’inventaire consolidé 0436b. | Champ canonique ajouté/recensé depuis l’inventaire 0436b. Les vecteurs speciesDefinitions/openBoundarySegments sont construits après le premier passage du parseur.,cudaResamplingEmptyRefillReference,cudaResamplingEmptyRefillReference,,,include/simulation_params.h;src/cuda_resampling_population_guard_0297.cu;src/params_io_base.cpp,,delta parseur 0437–0490p / branche surf commit 36abd23 | delta SimulationParams 0437–0490p / branche surf commit 36abd23
cudaResamplingEmptyRefillSpeciesCompositionEnable,Multi-espèces — refill,ajout 0490a–0490p,booléen,false,true/1/yes/on ou false/0/no/off.,Mémorise et restaure la composition multi-espèces des cellules temporairement vides.,Ligne ajoutée par comparaison exhaustive du parseur params.kv au commit 36abd23 avec l’inventaire consolidé 0436b. | Champ canonique ajouté/recensé depuis l’inventaire 0436b. Les vecteurs speciesDefinitions/openBoundarySegments sont construits après le premier passage du parseur.,cudaResamplingEmptyRefillSpeciesCompositionEnable,cudaResamplingEmptyRefillSpeciesCompositionEnable,,,doc/README_0490F_MIXED_SPECIES_REFILL.md;include/simulation_params.h;src/params_io_base.cpp,,delta parseur 0437–0490p / branche surf commit 36abd23 | delta SimulationParams 0437–0490p / branche surf commit 36abd23
cudaResamplingEmptyRefillTargetFraction,CUDA resampling — refill cellules vides 0319,ajout 0319; recensé 0490p,double,0.5,>0.,Fraction de la population de référence utilisée comme cible de refill.,Ligne ajoutée par comparaison exhaustive du parseur params.kv au commit 36abd23 avec l’inventaire consolidé 0436b. | Champ canonique ajouté/recensé depuis l’inventaire 0436b. Les vecteurs speciesDefinitions/openBoundarySegments sont construits après le premier passage du parseur.,cudaResamplingEmptyRefillTargetFraction,cudaResamplingEmptyRefillTargetFraction,,,include/simulation_params.h;src/cuda_resampling_population_guard_0297.cu;src/params_io_base.cpp,,delta parseur 0437–0490p / branche surf commit 36abd23 | delta SimulationParams 0437–0490p / branche surf commit 36abd23
darcyBoxXMax,Darcy/chiVP — géométrie et aliases,ajout 0343/0418–0426; complété inventaire 0490p,double,0.0,nombre réel fini; contraintes détaillées vérifiées par validate_simulation_params.,Borne x maximale de la boîte Darcy analytique.,Ligne ajoutée par comparaison exhaustive du parseur params.kv au commit 36abd23 avec l’inventaire consolidé 0436b. | Champ canonique ajouté/recensé depuis l’inventaire 0436b. Les vecteurs speciesDefinitions/openBoundarySegments sont construits après le premier passage du parseur.,darcyBoxXMax,darcyBoxXMax,,,include/simulation_params.h;src/params_io_base.cpp,,delta parseur 0437–0490p / branche surf commit 36abd23 | delta SimulationParams 0437–0490p / branche surf commit 36abd23
darcyBoxXMin,Darcy/chiVP — géométrie et aliases,ajout 0343/0418–0426; complété inventaire 0490p,double,0.0,nombre réel fini; contraintes détaillées vérifiées par validate_simulation_params.,Borne x minimale de la boîte Darcy analytique.,Ligne ajoutée par comparaison exhaustive du parseur params.kv au commit 36abd23 avec l’inventaire consolidé 0436b. | Champ canonique ajouté/recensé depuis l’inventaire 0436b. Les vecteurs speciesDefinitions/openBoundarySegments sont construits après le premier passage du parseur.,darcyBoxXMin,darcyBoxXMin,,,include/simulation_params.h;src/params_io_base.cpp,,delta parseur 0437–0490p / branche surf commit 36abd23 | delta SimulationParams 0437–0490p / branche surf commit 36abd23
darcyBoxYMax,Darcy/chiVP — géométrie et aliases,ajout 0343/0418–0426; complété inventaire 0490p,double,0.0,nombre réel fini; contraintes détaillées vérifiées par validate_simulation_params.,Borne y maximale de la boîte Darcy analytique.,Ligne ajoutée par comparaison exhaustive du parseur params.kv au commit 36abd23 avec l’inventaire consolidé 0436b. | Champ canonique ajouté/recensé depuis l’inventaire 0436b. Les vecteurs speciesDefinitions/openBoundarySegments sont construits après le premier passage du parseur.,darcyBoxYMax,darcyBoxYMax,,,include/simulation_params.h;src/params_io_base.cpp,,delta parseur 0437–0490p / branche surf commit 36abd23 | delta SimulationParams 0437–0490p / branche surf commit 36abd23
darcyBoxYMin,Darcy/chiVP — géométrie et aliases,ajout 0343/0418–0426; complété inventaire 0490p,double,0.0,nombre réel fini; contraintes détaillées vérifiées par validate_simulation_params.,Borne y minimale de la boîte Darcy analytique.,Ligne ajoutée par comparaison exhaustive du parseur params.kv au commit 36abd23 avec l’inventaire consolidé 0436b. | Champ canonique ajouté/recensé depuis l’inventaire 0436b. Les vecteurs speciesDefinitions/openBoundarySegments sont construits après le premier passage du parseur.,darcyBoxYMin,darcyBoxYMin,,,include/simulation_params.h;src/params_io_base.cpp,,delta parseur 0437–0490p / branche surf commit 36abd23 | delta SimulationParams 0437–0490p / branche surf commit 36abd23
DarcyBrinkmanConfig.alphaMax,Darcy/Brinkman — interpolation alpha,ajout 0343; complété 0425/0426,double,"variable : 80, 8000, 800000 selon script",>=0,Valeur maximale de résistance dans les zones chi≈0.,0425 backward step validé avec alphaMax=8e5 dans mean_outward_bath+chiVP après fastflags.,darcyAlphaMax,,ALPHA;DARCY_ALPHA_MAX,,doc/README_0426_DARCY_FASTFLAGS.md;scripts/run_src_classic_cuda_darcy_chi_backward_step_0425.sh;scripts/run_src_classic_cuda_darcy_chi_lr_segments_0411.sh;scripts/run_src_classic_cuda_darcy_chi_naca_periodic_0414.sh,,src_mpcd_params_inventory_consolidated_0365.csv + compléments Darcy/Brinkman/livevis 0411-0426
DarcyBrinkmanConfig.alphaMin,Darcy/Brinkman — interpolation alpha,ajout 0343,double,0.0,>=0,Valeur minimale de la résistance alpha dans le fluide libre.,Typiquement 0 pour ne pas freiner le fluide chi=1.,darcyAlphaMin,,ALPHA_MIN;DARCY_ALPHA_MIN,,doc/README_0426_DARCY_FASTFLAGS.md;scripts/run_src_classic_cuda_darcy_chi_backward_step_0425.sh;scripts/run_src_classic_cuda_darcy_chi_lr_segments_0411.sh;scripts/run_src_classic_cuda_darcy_chi_naca_periodic_0414.sh,,src_mpcd_params_inventory_consolidated_0365.csv + compléments Darcy/Brinkman/livevis 0411-0426
DarcyBrinkmanConfig.chiFile,Darcy/Brinkman — champ chi,ajout 0345,chemin fichier,,fichier .f32/.png selon script; doit correspondre à darcyChiNx/Ny,Chemin du champ chi externe utilisé par le solveur.,"Convention : chi=1 fluide libre, chi=0 solide/poreux.",darcyChiFile,,CHI_FILE;DARCY_CHI_FILE,,doc/README_0426_DARCY_FASTFLAGS.md;scripts/run_src_classic_cuda_darcy_chi_backward_step_0425.sh;scripts/run_src_classic_cuda_darcy_chi_lr_segments_0411.sh;scripts/run_src_classic_cuda_darcy_chi_naca_periodic_0414.sh,,src_mpcd_params_inventory_consolidated_0365.csv + compléments Darcy/Brinkman/livevis 0411-0426
DarcyBrinkmanConfig.chiFileFormat,Darcy/Brinkman — champ chi,ajout 0345,chaîne,float32,float32; autres formats selon lecteurs disponibles,Format de stockage du champ chi externe.,Les scripts de démonstration utilisent majoritairement float32 row-major.,darcyChiFileFormat,,CHI_FILE_FORMAT;DARCY_CHI_FILE_FORMAT,,doc/README_0426_DARCY_FASTFLAGS.md;scripts/run_src_classic_cuda_darcy_chi_backward_step_0425.sh;scripts/run_src_classic_cuda_darcy_chi_lr_segments_0411.sh;scripts/run_src_classic_cuda_darcy_chi_naca_periodic_0414.sh,,src_mpcd_params_inventory_consolidated_0365.csv + compléments Darcy/Brinkman/livevis 0411-0426
DarcyBrinkmanConfig.chiMode,Darcy/Brinkman — champ chi,ajout 0345,chaîne,analytic,analytic|file,Sélectionne un chi analytique ou un champ chi externe lu depuis fichier.,Le mode file est la voie recommandée pour géométries arbitraires et optimisation externe.,darcyChiMode,,,,doc/README_0426_DARCY_FASTFLAGS.md;scripts/run_src_classic_cuda_darcy_chi_backward_step_0425.sh;scripts/run_src_classic_cuda_darcy_chi_lr_segments_0411.sh;scripts/run_src_classic_cuda_darcy_chi_naca_periodic_0414.sh,,src_mpcd_params_inventory_consolidated_0365.csv + compléments Darcy/Brinkman/livevis 0411-0426
DarcyBrinkmanConfig.costEvery,Darcy/Brinkman — diagnostics,ajout 0343,entier,summaryEvery,>=1; grande valeur pour quasi-désactiver la cadence,Cadence d’écriture du fichier darcy_cost_0343.csv.,L’ablation 0425 a montré que ce n’était pas le poste dominant du ralentissement.,darcyCostEvery,,DARCY_COST_EVERY,,doc/README_0426_DARCY_FASTFLAGS.md;scripts/run_src_classic_cuda_darcy_chi_backward_step_0425.sh;scripts/run_src_classic_cuda_darcy_chi_lr_segments_0411.sh;scripts/run_src_classic_cuda_darcy_chi_naca_periodic_0414.sh,,src_mpcd_params_inventory_consolidated_0365.csv + compléments Darcy/Brinkman/livevis 0411-0426
DarcyBrinkmanConfig.costFilename,Darcy/Brinkman — diagnostics,ajout 0343,nom fichier,darcy_cost_0343.csv,chemin relatif outputDir,"Nom du CSV de diagnostics Darcy : puissance, fuite solide, moyenne chi/alpha, etc.",,darcyCostFilename,,,,doc/README_0426_DARCY_FASTFLAGS.md;scripts/run_src_classic_cuda_darcy_chi_backward_step_0425.sh;scripts/run_src_classic_cuda_darcy_chi_lr_segments_0411.sh;scripts/run_src_classic_cuda_darcy_chi_naca_periodic_0414.sh,,src_mpcd_params_inventory_consolidated_0365.csv + compléments Darcy/Brinkman/livevis 0411-0426
DarcyBrinkmanConfig.darcyChiNx,Darcy/Brinkman — champ chi,ajout 0345,entier,Nx,>0; doit correspondre à la grille,Dimension x du champ chi externe.,Doit rester cohérente avec la grille de simulation.,darcyChiNx,,,,doc/README_0426_DARCY_FASTFLAGS.md;scripts/run_src_classic_cuda_darcy_chi_backward_step_0425.sh;scripts/run_src_classic_cuda_darcy_chi_lr_segments_0411.sh;scripts/run_src_classic_cuda_darcy_chi_naca_periodic_0414.sh,,src_mpcd_params_inventory_consolidated_0365.csv + compléments Darcy/Brinkman/livevis 0411-0426
DarcyBrinkmanConfig.darcyChiNy,Darcy/Brinkman — champ chi,ajout 0345,entier,Ny,>0; doit correspondre à la grille,Dimension y du champ chi externe.,Doit rester cohérente avec la grille de simulation.,darcyChiNy,,,,doc/README_0426_DARCY_FASTFLAGS.md;scripts/run_src_classic_cuda_darcy_chi_backward_step_0425.sh;scripts/run_src_classic_cuda_darcy_chi_lr_segments_0411.sh;scripts/run_src_classic_cuda_darcy_chi_naca_periodic_0414.sh,,src_mpcd_params_inventory_consolidated_0365.csv + compléments Darcy/Brinkman/livevis 0411-0426
DarcyBrinkmanConfig.enabled,Darcy/Brinkman — activation,ajout 0343; complété 0426,booléen,false,true/false,Active le module de pénalisation Darcy--Brinkman piloté par chi.,"Le test darcyOff 0425/0426 a montré que le coût lent observé venait des flags CUDA, pas de ce booléen seul.",darcyBrinkmanEnable,,,,doc/README_0426_DARCY_FASTFLAGS.md;scripts/run_src_classic_cuda_darcy_chi_backward_step_0425.sh;scripts/run_src_classic_cuda_darcy_chi_lr_segments_0411.sh;scripts/run_src_classic_cuda_darcy_chi_naca_periodic_0414.sh,,src_mpcd_params_inventory_consolidated_0365.csv + compléments Darcy/Brinkman/livevis 0411-0426
DarcyBrinkmanConfig.forcingMode,Darcy/Brinkman — mode de forcing,ajout 0418-0420,chaîne,mean ou mean_outward_bath,mean|outward_bath|mean_outward_bath selon build,"Sélectionne le schéma de kick : moyenne cellulaire, bain orienté par grad chi, ou combinaison.",Le mode mean_outward_bath est le candidat solide-aware retenu pour backward step.,darcyBrinkmanForcingMode,,DARCY_BRINKMAN_FORCING_MODE,,doc/README_0426_DARCY_FASTFLAGS.md;scripts/run_src_classic_cuda_darcy_chi_backward_step_0425.sh;scripts/run_src_classic_cuda_darcy_chi_lr_segments_0411.sh;scripts/run_src_classic_cuda_darcy_chi_naca_periodic_0414.sh,,src_mpcd_params_inventory_consolidated_0365.csv + compléments Darcy/Brinkman/livevis 0411-0426
DarcyBrinkmanConfig.initialDeactivateBelowChi,Darcy/Brinkman — état initial chi,ajout 0418,double,-1 ou 0.05 selon script,<0 désactive; sinon seuil chi,Désactive initialement les particules situées dans les cellules de chi inférieur au seuil.,Valeur 0.05 retenue pour backward step afin d’éviter une masse fluide initiale dans le solide.,darcyInitialDeactivateBelowChi,,DARCY_INITIAL_DEACTIVATE_BELOW_CHI,,doc/README_0426_DARCY_FASTFLAGS.md;scripts/run_src_classic_cuda_darcy_chi_backward_step_0425.sh;scripts/run_src_classic_cuda_darcy_chi_lr_segments_0411.sh;scripts/run_src_classic_cuda_darcy_chi_naca_periodic_0414.sh,,src_mpcd_params_inventory_consolidated_0365.csv + compléments Darcy/Brinkman/livevis 0411-0426
DarcyBrinkmanConfig.q,Darcy/Brinkman — interpolation alpha,ajout 0343,double,0.1,>0,Paramètre de raideur de l’interpolation Borrvall--Petersson alpha(chi).,Plus petit q accentue la transition solide/fluide.,darcyQ,,DARCY_Q,,doc/README_0426_DARCY_FASTFLAGS.md;scripts/run_src_classic_cuda_darcy_chi_backward_step_0425.sh;scripts/run_src_classic_cuda_darcy_chi_lr_segments_0411.sh;scripts/run_src_classic_cuda_darcy_chi_naca_periodic_0414.sh,,src_mpcd_params_inventory_consolidated_0365.csv + compléments Darcy/Brinkman/livevis 0411-0426
DarcyBrinkmanConfig.threadsPerBlock,Darcy/Brinkman — CUDA,ajout 0343,entier,256,multiple raisonnable de warp,Taille de bloc CUDA utilisée par les kernels Darcy.,,darcyThreadsPerBlock,,DARCY_THREADS_PER_BLOCK,,doc/README_0426_DARCY_FASTFLAGS.md;scripts/run_src_classic_cuda_darcy_chi_backward_step_0425.sh;scripts/run_src_classic_cuda_darcy_chi_lr_segments_0411.sh;scripts/run_src_classic_cuda_darcy_chi_naca_periodic_0414.sh,,src_mpcd_params_inventory_consolidated_0365.csv + compléments Darcy/Brinkman/livevis 0411-0426
DarcyBrinkmanConfig.uSolidX,Darcy/Brinkman — vitesse solide,ajout 0343,double,0.0,réel,Composante x de la vitesse cible solide vers laquelle le frein Darcy relaxe.,,darcyUSolidX,,DARCY_USOLID_X,,doc/README_0426_DARCY_FASTFLAGS.md;scripts/run_src_classic_cuda_darcy_chi_backward_step_0425.sh;scripts/run_src_classic_cuda_darcy_chi_lr_segments_0411.sh;scripts/run_src_classic_cuda_darcy_chi_naca_periodic_0414.sh,,src_mpcd_params_inventory_consolidated_0365.csv + compléments Darcy/Brinkman/livevis 0411-0426
DarcyBrinkmanConfig.uSolidY,Darcy/Brinkman — vitesse solide,ajout 0343,double,0.0,réel,Composante y de la vitesse cible solide vers laquelle le frein Darcy relaxe.,,darcyUSolidY,,DARCY_USOLID_Y,,doc/README_0426_DARCY_FASTFLAGS.md;scripts/run_src_classic_cuda_darcy_chi_backward_step_0425.sh;scripts/run_src_classic_cuda_darcy_chi_lr_segments_0411.sh;scripts/run_src_classic_cuda_darcy_chi_naca_periodic_0414.sh,,src_mpcd_params_inventory_consolidated_0365.csv + compléments Darcy/Brinkman/livevis 0411-0426
darcyBrinkmanEnable,Darcy/chiVP — géométrie et aliases,ajout 0343/0418–0426; complété inventaire 0490p,booléen,false,true/1/yes/on ou false/0/no/off.,Alias de darcyBrinkmanEnable.,Ligne ajoutée par comparaison exhaustive du parseur params.kv au commit 36abd23 avec l’inventaire consolidé 0436b.,topoDarcyEnable,,darcyBrinkmanEnable,,include/simulation_params.h;src/params_io_base.cpp,,delta parseur 0437–0490p / branche surf commit 36abd23
darcyBrinkmanForcingMode,Darcy/chiVP — géométrie et aliases,ajout 0343/0418–0426; complété inventaire 0490p,chaîne,mean,,Alias de darcyBrinkmanForcingMode.,Ligne ajoutée par comparaison exhaustive du parseur params.kv au commit 36abd23 avec l’inventaire consolidé 0436b.,darcyForcingMode,,darcyBrinkmanForcingMode,DARCY_BRINKMAN_FORCING_MODE,include/simulation_params.h;src/params_io_base.cpp,,delta parseur 0437–0490p / branche surf commit 36abd23
DarcyChiCollisionVpConfig.darcyChiCollisionVpEnable,Darcy/Brinkman — chiVP collision,ajout 0422; complété 0424/0425,booléen,false ou true selon script,true/false,Active les moments virtuels de collision dérivés de chi.,Pas de particules persistantes : contribution effective au centre de masse de collision.,darcyChiCollisionVpEnable,,DARCY_CHI_COLLISION_VP_ENABLE,,doc/README_0426_DARCY_FASTFLAGS.md;scripts/run_src_classic_cuda_darcy_chi_backward_step_0425.sh;scripts/run_src_classic_cuda_darcy_chi_lr_segments_0411.sh;scripts/run_src_classic_cuda_darcy_chi_naca_periodic_0414.sh,,src_mpcd_params_inventory_consolidated_0365.csv + compléments Darcy/Brinkman/livevis 0411-0426
DarcyChiCollisionVpConfig.darcyChiCollisionVpGamma,Darcy/Brinkman — chiVP collision,ajout 0422; complété 0424/0425,entier/double,-1,-1 hérite gamma nominal; sinon valeur explicite,Occupation virtuelle de référence pour chiVP.,-1 utilisé dans les scripts pour rester cohérent avec GAMMA.,darcyChiCollisionVpGamma,,DARCY_CHI_COLLISION_VP_GAMMA,,doc/README_0426_DARCY_FASTFLAGS.md;scripts/run_src_classic_cuda_darcy_chi_backward_step_0425.sh;scripts/run_src_classic_cuda_darcy_chi_lr_segments_0411.sh;scripts/run_src_classic_cuda_darcy_chi_naca_periodic_0414.sh,,src_mpcd_params_inventory_consolidated_0365.csv + compléments Darcy/Brinkman/livevis 0411-0426
DarcyChiCollisionVpConfig.darcyChiCollisionVpLayers,Darcy/Brinkman — chiVP collision,ajout 0422; complété 0424/0425,entier,1,>=1,Nombre de couches d’interface prises en compte.,,darcyChiCollisionVpLayers,,DARCY_CHI_COLLISION_VP_LAYERS,,doc/README_0426_DARCY_FASTFLAGS.md;scripts/run_src_classic_cuda_darcy_chi_backward_step_0425.sh;scripts/run_src_classic_cuda_darcy_chi_lr_segments_0411.sh;scripts/run_src_classic_cuda_darcy_chi_naca_periodic_0414.sh,,src_mpcd_params_inventory_consolidated_0365.csv + compléments Darcy/Brinkman/livevis 0411-0426
DarcyChiCollisionVpConfig.darcyChiCollisionVpMass,Darcy/Brinkman — chiVP collision,ajout 0422; complété 0424/0425,double,1.0,>0,Masse unitaire virtuelle utilisée dans le moment effectif.,,darcyChiCollisionVpMass,,DARCY_CHI_COLLISION_VP_MASS,,doc/README_0426_DARCY_FASTFLAGS.md;scripts/run_src_classic_cuda_darcy_chi_backward_step_0425.sh;scripts/run_src_classic_cuda_darcy_chi_lr_segments_0411.sh;scripts/run_src_classic_cuda_darcy_chi_naca_periodic_0414.sh,,src_mpcd_params_inventory_consolidated_0365.csv + compléments Darcy/Brinkman/livevis 0411-0426
DarcyChiCollisionVpConfig.darcyChiCollisionVpMode,Darcy/Brinkman — chiVP collision,ajout 0422; complété 0424/0425,chaîne,interface_band,interface_band,Sélectionne la zone chi utilisée pour les moments virtuels.,Mode nominal : bande d’interface.,darcyChiCollisionVpMode,,DARCY_CHI_COLLISION_VP_MODE,,doc/README_0426_DARCY_FASTFLAGS.md;scripts/run_src_classic_cuda_darcy_chi_backward_step_0425.sh;scripts/run_src_classic_cuda_darcy_chi_lr_segments_0411.sh;scripts/run_src_classic_cuda_darcy_chi_naca_periodic_0414.sh,,src_mpcd_params_inventory_consolidated_0365.csv + compléments Darcy/Brinkman/livevis 0411-0426
DarcyChiCollisionVpConfig.darcyChiCollisionVpStrength,Darcy/Brinkman — chiVP collision,ajout 0422; complété 0424/0425,double,0.25 ou 1.0 selon script,>=0,Gain relatif de la contribution chiVP.,0.25 retenu après sweep Von Karman filtré et backward step 0425.,darcyChiCollisionVpStrength,,DARCY_CHI_COLLISION_VP_STRENGTH,,doc/README_0426_DARCY_FASTFLAGS.md;scripts/run_src_classic_cuda_darcy_chi_backward_step_0425.sh;scripts/run_src_classic_cuda_darcy_chi_lr_segments_0411.sh;scripts/run_src_classic_cuda_darcy_chi_naca_periodic_0414.sh,,src_mpcd_params_inventory_consolidated_0365.csv + compléments Darcy/Brinkman/livevis 0411-0426
DarcyChiCollisionVpConfig.darcyChiCollisionVpThreshold,Darcy/Brinkman — chiVP collision,ajout 0422; complété 0424/0425,double,0.5,0..1,Seuil chi pour détecter l’interface virtuelle.,,darcyChiCollisionVpThreshold,,DARCY_CHI_COLLISION_VP_THRESHOLD,,doc/README_0426_DARCY_FASTFLAGS.md;scripts/run_src_classic_cuda_darcy_chi_backward_step_0425.sh;scripts/run_src_classic_cuda_darcy_chi_lr_segments_0411.sh;scripts/run_src_classic_cuda_darcy_chi_naca_periodic_0414.sh,,src_mpcd_params_inventory_consolidated_0365.csv + compléments Darcy/Brinkman/livevis 0411-0426
darcyChiCollisionVpEnable,Darcy/chiVP — géométrie et aliases,ajout 0343/0418–0426; complété inventaire 0490p,booléen,false,true/1/yes/on ou false/0/no/off.,Alias accepté de darcyChiCollisionVpEnable.,Ligne ajoutée par comparaison exhaustive du parseur params.kv au commit 36abd23 avec l’inventaire consolidé 0436b.,darcyCollisionVpEnable;topoChiCollisionVpEnable,,darcyChiCollisionVpEnable,DARCY_CHI_COLLISION_VP_ENABLE,include/simulation_params.h;src/params_io_base.cpp,,delta parseur 0437–0490p / branche surf commit 36abd23
darcyChiCollisionVpGamma,Darcy/chiVP — géométrie et aliases,ajout 0343/0418–0426; complété inventaire 0490p,double,-1.0,nombre réel fini; contraintes détaillées vérifiées par validate_simulation_params.,Alias accepté de darcyChiCollisionVpGamma.,Ligne ajoutée par comparaison exhaustive du parseur params.kv au commit 36abd23 avec l’inventaire consolidé 0436b.,darcyCollisionVpGamma;topoChiCollisionVpGamma,,darcyChiCollisionVpGamma,DARCY_CHI_COLLISION_VP_GAMMA,include/simulation_params.h;src/params_io_base.cpp,,delta parseur 0437–0490p / branche surf commit 36abd23
darcyChiCollisionVpLayers,Darcy/chiVP — géométrie et aliases,ajout 0343/0418–0426; complété inventaire 0490p,entier,1,entier; contraintes détaillées vérifiées par validate_simulation_params.,Alias accepté de darcyChiCollisionVpLayers.,Ligne ajoutée par comparaison exhaustive du parseur params.kv au commit 36abd23 avec l’inventaire consolidé 0436b.,darcyCollisionVpLayers;topoChiCollisionVpLayers,,darcyChiCollisionVpLayers,DARCY_CHI_COLLISION_VP_LAYERS,include/simulation_params.h;src/params_io_base.cpp,,delta parseur 0437–0490p / branche surf commit 36abd23
darcyChiCollisionVpMass,Darcy/chiVP — géométrie et aliases,ajout 0343/0418–0426; complété inventaire 0490p,double,1.0,nombre réel fini; contraintes détaillées vérifiées par validate_simulation_params.,Alias accepté de darcyChiCollisionVpMass.,Ligne ajoutée par comparaison exhaustive du parseur params.kv au commit 36abd23 avec l’inventaire consolidé 0436b.,darcyCollisionVpMass;topoChiCollisionVpMass,,darcyChiCollisionVpMass,DARCY_CHI_COLLISION_VP_MASS,include/simulation_params.h;src/params_io_base.cpp,,delta parseur 0437–0490p / branche surf commit 36abd23
darcyChiCollisionVpMode,Darcy/chiVP — géométrie et aliases,ajout 0343/0418–0426; complété inventaire 0490p,chaîne,interface_band,,Alias accepté de darcyChiCollisionVpMode.,Ligne ajoutée par comparaison exhaustive du parseur params.kv au commit 36abd23 avec l’inventaire consolidé 0436b.,darcyCollisionVpMode;topoChiCollisionVpMode,,darcyChiCollisionVpMode,DARCY_CHI_COLLISION_VP_MODE,include/simulation_params.h;src/params_io_base.cpp,,delta parseur 0437–0490p / branche surf commit 36abd23
darcyChiCollisionVpStrength,Darcy/chiVP — géométrie et aliases,ajout 0343/0418–0426; complété inventaire 0490p,double,1.0,nombre réel fini; contraintes détaillées vérifiées par validate_simulation_params.,Alias accepté de darcyChiCollisionVpStrength.,Ligne ajoutée par comparaison exhaustive du parseur params.kv au commit 36abd23 avec l’inventaire consolidé 0436b.,darcyCollisionVpStrength;topoChiCollisionVpStrength,,darcyChiCollisionVpStrength,DARCY_CHI_COLLISION_VP_STRENGTH,include/simulation_params.h;src/params_io_base.cpp,,delta parseur 0437–0490p / branche surf commit 36abd23
darcyChiCollisionVpThreshold,Darcy/chiVP — géométrie et aliases,ajout 0343/0418–0426; complété inventaire 0490p,double,0.5,nombre réel fini; contraintes détaillées vérifiées par validate_simulation_params.,Alias accepté de darcyChiCollisionVpThreshold.,Ligne ajoutée par comparaison exhaustive du parseur params.kv au commit 36abd23 avec l’inventaire consolidé 0436b.,darcyCollisionVpThreshold;topoChiCollisionVpThreshold,,darcyChiCollisionVpThreshold,DARCY_CHI_COLLISION_VP_THRESHOLD,include/simulation_params.h;src/params_io_base.cpp,,delta parseur 0437–0490p / branche surf commit 36abd23
darcyCircleCx,Darcy/chiVP — géométrie et aliases,ajout 0343/0418–0426; complété inventaire 0490p,double,0.5,nombre réel fini; contraintes détaillées vérifiées par validate_simulation_params.,Coordonnée x du centre du cercle/cylindre Darcy analytique.,Ligne ajoutée par comparaison exhaustive du parseur params.kv au commit 36abd23 avec l’inventaire consolidé 0436b. | Champ canonique ajouté/recensé depuis l’inventaire 0436b. Les vecteurs speciesDefinitions/openBoundarySegments sont construits après le premier passage du parseur.,darcyCircleCx,darcyCircleCx,,,include/simulation_params.h;src/params_io_base.cpp,,delta parseur 0437–0490p / branche surf commit 36abd23 | delta SimulationParams 0437–0490p / branche surf commit 36abd23
darcyCircleCy,Darcy/chiVP — géométrie et aliases,ajout 0343/0418–0426; complété inventaire 0490p,double,0.5,nombre réel fini; contraintes détaillées vérifiées par validate_simulation_params.,Coordonnée y du centre du cercle/cylindre Darcy analytique.,Ligne ajoutée par comparaison exhaustive du parseur params.kv au commit 36abd23 avec l’inventaire consolidé 0436b. | Champ canonique ajouté/recensé depuis l’inventaire 0436b. Les vecteurs speciesDefinitions/openBoundarySegments sont construits après le premier passage du parseur.,darcyCircleCy,darcyCircleCy,,,include/simulation_params.h;src/params_io_base.cpp,,delta parseur 0437–0490p / branche surf commit 36abd23 | delta SimulationParams 0437–0490p / branche surf commit 36abd23
darcyCircleR,Darcy/chiVP — géométrie et aliases,ajout 0343/0418–0426; complété inventaire 0490p,double,0.1,>0 pour le mode circle/cylinder.,Rayon du cercle/cylindre Darcy analytique.,Ligne ajoutée par comparaison exhaustive du parseur params.kv au commit 36abd23 avec l’inventaire consolidé 0436b. | Champ canonique ajouté/recensé depuis l’inventaire 0436b. Les vecteurs speciesDefinitions/openBoundarySegments sont construits après le premier passage du parseur.,darcyCircleR,darcyCircleR,,,include/simulation_params.h;src/params_io_base.cpp,,delta parseur 0437–0490p / branche surf commit 36abd23 | delta SimulationParams 0437–0490p / branche surf commit 36abd23
darcyInitialDeactivateBelowChi,Darcy/chiVP — géométrie et aliases,ajout 0343/0418–0426; complété inventaire 0490p,double,-1.0,nombre réel fini; contraintes détaillées vérifiées par validate_simulation_params.,Alias de darcyInitialDeactivateBelowChi.,Ligne ajoutée par comparaison exhaustive du parseur params.kv au commit 36abd23 avec l’inventaire consolidé 0436b.,darcyDeactivateInitialBelowChi,,darcyInitialDeactivateBelowChi,DARCY_INITIAL_DEACTIVATE_BELOW_CHI,include/simulation_params.h;src/params_io_base.cpp,,delta parseur 0437–0490p / branche surf commit 36abd23
darcyInterfaceWidth,Darcy/chiVP — géométrie et aliases,ajout 0343/0418–0426; complété inventaire 0490p,double,0.0,>=0.,Largeur de lissage de l’interface analytique chi.,Ligne ajoutée par comparaison exhaustive du parseur params.kv au commit 36abd23 avec l’inventaire consolidé 0436b. | Champ canonique ajouté/recensé depuis l’inventaire 0436b. Les vecteurs speciesDefinitions/openBoundarySegments sont construits après le premier passage du parseur.,darcyInterfaceWidth,darcyInterfaceWidth,,,include/simulation_params.h;src/params_io_base.cpp,,delta parseur 0437–0490p / branche surf commit 36abd23 | delta SimulationParams 0437–0490p / branche surf commit 36abd23
darcyUniformChi,Darcy/chiVP — géométrie et aliases,ajout 0343/0418–0426; complété inventaire 0490p,double,1.0,nombre réel fini; contraintes détaillées vérifiées par validate_simulation_params.,Valeur uniforme de chi lorsque darcyChiMode=uniform.,Ligne ajoutée par comparaison exhaustive du parseur params.kv au commit 36abd23 avec l’inventaire consolidé 0436b. | Champ canonique ajouté/recensé depuis l’inventaire 0436b. Les vecteurs speciesDefinitions/openBoundarySegments sont construits après le premier passage du parseur.,darcyUniformChi,darcyUniformChi,,,include/simulation_params.h;src/params_io_base.cpp,,delta parseur 0437–0490p / branche surf commit 36abd23 | delta SimulationParams 0437–0490p / branche surf commit 36abd23
dt,Temps et collision SRC,existant catalogue 0292 | canonique,double,1.0e-3,> 0,Pas de temps MPCD/SRD.,,dt,dt,,,include/simulation_params.h;src/params_io_base.cpp,,src_mpcd_params_catalogue_0292_cuda.csv | src_mpcd_params_cles_acceptees_0292_cuda.csv
dumpRoleFilter,Dumps et post-traitement | Sorties compactes — aliases rôle,ajout 0314 | alias accepté; complété inventaire 0490p,all|fluid | chaîne,all dans le cœur; fluid dans scripts visuels | all,,Contrôle si les dumps .smpcd écrivent tous les slots ou seulement les particules Fluid. | Alias de dumpRoleFilter.,fluid accélère visualisation/post-traitement mais ne doit pas être utilisé pour un restart complet. | Ligne ajoutée par comparaison exhaustive du parseur params.kv au commit 36abd23 avec l’inventaire consolidé 0436b.,dumpParticleRoleFilter,,dumpRoleFilter,DUMP_ROLE_FILTER;INACTIVE_SLOTS,include/simulation_params.h;src/params_io_base.cpp,,src_mpcd_cuda_livevis_inventory_0314_to_0339a.csv | src_mpcd_cuda_livevis_inventory_0314_to_0342a.csv | src_mpcd_cuda_resampling_params_delta_0314.csv | src_mpcd_cuda_resampling_params_delta_0314_to_0337_livevis.csv | delta parseur 0437–0490p / branche surf commit 36abd23
dumpStateEvery,I/O et exécution,existant catalogue 0292 | canonique,entier,0,entier >= 0; 0 désactive les dumps périodiques,Cadence d’écriture des états .smpcd pour post-traitement.,,dumpStateEvery,dumpStateEvery,,,include/simulation_params.h;src/params_io_base.cpp,,src_mpcd_params_catalogue_0292_cuda.csv | src_mpcd_params_cles_acceptees_0292_cuda.csv
fluidXMax0,Domaine actif mobile,existant catalogue 0292 | canonique,double,-1.0,-1 hérite de Lx; sinon > fluidXMin0 et <= Lx,Borne x maximale initiale du domaine fluide actif.,"Si une frontière x est périodique, le domaine x doit être complet et statique.",fluidXMax0,fluidXMax0,,,include/simulation_params.h;src/params_io_base.cpp,,src_mpcd_params_catalogue_0292_cuda.csv | src_mpcd_params_cles_acceptees_0292_cuda.csv
fluidXMaxVelocity,Domaine actif mobile,existant catalogue 0292 | canonique,double,0.0,nombre réel fini,Vitesse imposée de la borne x maximale du domaine actif.,Incompatible avec une paire périodique x si non nul.,fluidXMaxVelocity,fluidXMaxVelocity,,,include/simulation_params.h;src/params_io_base.cpp,,src_mpcd_params_catalogue_0292_cuda.csv | src_mpcd_params_cles_acceptees_0292_cuda.csv
fluidXMin0,Domaine actif mobile,existant catalogue 0292 | canonique,double,0.0,">= 0, dans [0,Lx]",Borne x minimale initiale du domaine fluide actif.,Le domaine actif doit rester inclus dans la boîte numérique.,fluidXMin0,fluidXMin0,,,include/simulation_params.h;src/params_io_base.cpp,,src_mpcd_params_catalogue_0292_cuda.csv | src_mpcd_params_cles_acceptees_0292_cuda.csv
fluidXMinVelocity,Domaine actif mobile,existant catalogue 0292 | canonique,double,0.0,nombre réel fini,Vitesse imposée de la borne x minimale du domaine actif.,Incompatible avec une paire périodique x si non nul.,fluidXMinVelocity,fluidXMinVelocity,,,include/simulation_params.h;src/params_io_base.cpp,,src_mpcd_params_catalogue_0292_cuda.csv | src_mpcd_params_cles_acceptees_0292_cuda.csv
fluidYMax0,Domaine actif mobile,existant catalogue 0292 | canonique | alias accepté,double,-1.0,-1 hérite de Ly; sinon > fluidYMin0 et <= Ly,Borne y maximale initiale du domaine fluide actif.,"Si une frontière y est périodique, le domaine y doit être complet et statique.",fluidYMax0;fluidYTop0,fluidYMax0,fluidYTop0,,include/simulation_params.h;src/params_io_base.cpp,,src_mpcd_params_catalogue_0292_cuda.csv | src_mpcd_params_cles_acceptees_0292_cuda.csv
fluidYMaxVelocity,Domaine actif mobile,existant catalogue 0292 | canonique | alias accepté,double,0.0,nombre réel fini,Vitesse imposée de la borne y maximale du domaine actif.,Incompatible avec une paire périodique y si non nul.,fluidYMaxVelocity;fluidYTopVelocity,fluidYMaxVelocity,fluidYTopVelocity,,include/simulation_params.h;src/params_io_base.cpp,,src_mpcd_params_catalogue_0292_cuda.csv | src_mpcd_params_cles_acceptees_0292_cuda.csv
fluidYMin0,Domaine actif mobile,existant catalogue 0292 | canonique,double,0.0,">= 0, dans [0,Ly]",Borne y minimale initiale du domaine fluide actif.,Le domaine actif doit rester inclus dans la boîte numérique.,fluidYMin0,fluidYMin0,,,include/simulation_params.h;src/params_io_base.cpp,,src_mpcd_params_catalogue_0292_cuda.csv | src_mpcd_params_cles_acceptees_0292_cuda.csv
fluidYMinVelocity,Domaine actif mobile,existant catalogue 0292 | canonique,double,0.0,nombre réel fini,Vitesse imposée de la borne y minimale du domaine actif.,Incompatible avec une paire périodique y si non nul.,fluidYMinVelocity,fluidYMinVelocity,,,include/simulation_params.h;src/params_io_base.cpp,,src_mpcd_params_catalogue_0292_cuda.csv | src_mpcd_params_cles_acceptees_0292_cuda.csv
gridShiftEnable,Temps et collision SRC,existant catalogue 0292 | canonique,booléen,true,booléen: true/1/yes/on ou false/0/no/off,Active le décalage aléatoire de grille avant collision.,,gridShiftEnable,gridShiftEnable,,,include/simulation_params.h;src/params_io_base.cpp,,src_mpcd_params_catalogue_0292_cuda.csv | src_mpcd_params_cles_acceptees_0292_cuda.csv
immersedSolidCx,Solide immergé — cercle,existant catalogue 0292 | alias accepté | canonique,double,0.5,nombre réel fini,Abscisse initiale du centre du cercle.,Le cercle doit rester dans le domaine actif au début et à la fin.,immersedSolidCx;immersedCircleCx,immersedSolidCx,immersedCircleCx,,include/simulation_params.h;src/params_io_base.cpp,,src_mpcd_params_catalogue_0292_cuda.csv | src_mpcd_params_cles_acceptees_0292_cuda.csv
immersedSolidCy,Solide immergé — cercle,existant catalogue 0292 | alias accepté | canonique,double,0.5,nombre réel fini,Ordonnée initiale du centre du cercle.,Le cercle doit rester dans le domaine actif au début et à la fin.,immersedSolidCy;immersedCircleCy,immersedSolidCy,immersedCircleCy,,include/simulation_params.h;src/params_io_base.cpp,,src_mpcd_params_catalogue_0292_cuda.csv | src_mpcd_params_cles_acceptees_0292_cuda.csv
immersedSolidEnable,Solide immergé,existant catalogue 0292 | alias accepté | canonique,booléen,false,booléen: true/1/yes/on ou false/0/no/off,Active un solide immergé analytique.,,immersedSolidEnable;immersedCircleEnable,immersedSolidEnable,immersedCircleEnable,,include/simulation_params.h;src/params_io_base.cpp,,src_mpcd_params_catalogue_0292_cuda.csv | src_mpcd_params_cles_acceptees_0292_cuda.csv
immersedSolidFractionSamples,Solide immergé,existant catalogue 0292 | alias accepté | canonique,entier,4,> 0,Nombre d’échantillons pour estimer la fraction fluide/solide des cellules.,,immersedSolidFractionSamples;immersedCircleFractionSamples,immersedSolidFractionSamples,immersedCircleFractionSamples,,include/simulation_params.h;src/params_io_base.cpp,,src_mpcd_params_catalogue_0292_cuda.csv | src_mpcd_params_cles_acceptees_0292_cuda.csv
immersedSolidOmega,Solide immergé — mouvement,existant catalogue 0292 | alias accepté | canonique,double,0.0,nombre réel fini,"Vitesse angulaire du cercle, positive antihoraire.",Implémenté seulement pour le cercle; rectangle exige Omega=0.,immersedSolidOmega;immersedCircleOmega,immersedSolidOmega,immersedCircleOmega,,include/simulation_params.h;src/params_io_base.cpp,,src_mpcd_params_catalogue_0292_cuda.csv | src_mpcd_params_cles_acceptees_0292_cuda.csv
immersedSolidR,Solide immergé — cercle,existant catalogue 0292 | alias accepté | canonique,double,0.1,> 0 si shape=circle/disk/disc,Rayon du cercle immergé.,,immersedSolidR;immersedCircleR,immersedSolidR,immersedCircleR,,include/simulation_params.h;src/params_io_base.cpp,,src_mpcd_params_catalogue_0292_cuda.csv | src_mpcd_params_cles_acceptees_0292_cuda.csv
immersedSolidShape,Solide immergé,existant catalogue 0292 | canonique,enum string,circle,circle; disk; disc; rectangle; rect; box; step,Forme du solide immergé.,immersedCircleEnable sans shape force circle.,immersedSolidShape,immersedSolidShape,,,include/simulation_params.h;src/params_io_base.cpp,,src_mpcd_params_catalogue_0292_cuda.csv | src_mpcd_params_cles_acceptees_0292_cuda.csv
immersedSolidVx,Solide immergé — mouvement,existant catalogue 0292 | alias accepté | canonique,double,0.0,nombre réel fini,Vitesse de translation du solide en x.,Q6 avec masque immergé impose actuellement Vx=Vy=Omega=0.,immersedSolidVx;immersedCircleVx,immersedSolidVx,immersedCircleVx,,include/simulation_params.h;src/params_io_base.cpp,,src_mpcd_params_catalogue_0292_cuda.csv | src_mpcd_params_cles_acceptees_0292_cuda.csv
immersedSolidVy,Solide immergé — mouvement,existant catalogue 0292 | alias accepté | canonique,double,0.0,nombre réel fini,Vitesse de translation du solide en y.,Q6 avec masque immergé impose actuellement Vx=Vy=Omega=0.,immersedSolidVy;immersedCircleVy,immersedSolidVy,immersedCircleVy,,include/simulation_params.h;src/params_io_base.cpp,,src_mpcd_params_catalogue_0292_cuda.csv | src_mpcd_params_cles_acceptees_0292_cuda.csv
immersedSolidWallUx,Solide immergé — mouvement,existant catalogue 0292 | alias accepté | canonique,double,0.0,nombre réel fini,Offset uniforme de vitesse de paroi du solide en x.,,immersedSolidWallUx;immersedCircleWallUx,immersedSolidWallUx,immersedCircleWallUx,,include/simulation_params.h;src/params_io_base.cpp,,src_mpcd_params_catalogue_0292_cuda.csv | src_mpcd_params_cles_acceptees_0292_cuda.csv
immersedSolidWallUy,Solide immergé — mouvement,existant catalogue 0292 | alias accepté | canonique,double,0.0,nombre réel fini,Offset uniforme de vitesse de paroi du solide en y.,,immersedSolidWallUy;immersedCircleWallUy,immersedSolidWallUy,immersedCircleWallUy,,include/simulation_params.h;src/params_io_base.cpp,,src_mpcd_params_catalogue_0292_cuda.csv | src_mpcd_params_cles_acceptees_0292_cuda.csv
immersedSolidXMax,Solide immergé — rectangle,existant catalogue 0292 | canonique,double,0.25,nombre réel fini,Borne x maximale du rectangle.,Rectangle: XMax>XMin; doit rester dans le domaine actif.,immersedSolidXMax,immersedSolidXMax,,,include/simulation_params.h;src/params_io_base.cpp,,src_mpcd_params_catalogue_0292_cuda.csv | src_mpcd_params_cles_acceptees_0292_cuda.csv
immersedSolidXMin,Solide immergé — rectangle,existant catalogue 0292 | canonique,double,0.0,nombre réel fini,Borne x minimale du rectangle.,Rectangle: XMax>XMin; doit rester dans le domaine actif.,immersedSolidXMin,immersedSolidXMin,,,include/simulation_params.h;src/params_io_base.cpp,,src_mpcd_params_catalogue_0292_cuda.csv | src_mpcd_params_cles_acceptees_0292_cuda.csv
immersedSolidYMax,Solide immergé — rectangle,existant catalogue 0292 | canonique,double,0.50,nombre réel fini,Borne y maximale du rectangle.,Rectangle: YMax>YMin; doit rester dans le domaine actif.,immersedSolidYMax,immersedSolidYMax,,,include/simulation_params.h;src/params_io_base.cpp,,src_mpcd_params_catalogue_0292_cuda.csv | src_mpcd_params_cles_acceptees_0292_cuda.csv
immersedSolidYMin,Solide immergé — rectangle,existant catalogue 0292 | canonique,double,0.0,nombre réel fini,Borne y minimale du rectangle.,Rectangle: YMax>YMin; doit rester dans le domaine actif.,immersedSolidYMin,immersedSolidYMin,,,include/simulation_params.h;src/params_io_base.cpp,,src_mpcd_params_catalogue_0292_cuda.csv | src_mpcd_params_cles_acceptees_0292_cuda.csv
inletBottomXMax,Clés supprimées — migration vers segments 0143,supprimé 0143; rejet explicite; recensé 0490p,clé supprimée,(non applicable),Toujours rejetée; utiliser openBoundarySegmentsEnable/openBoundarySegmentCount/openBoundarySegmentK.,Clé params.kv lue par le parseur courant.,Ligne ajoutée par comparaison exhaustive du parseur params.kv au commit 36abd23 avec l’inventaire consolidé 0436b.,inletBottomXMax,,,,,,delta parseur 0437–0490p / branche surf commit 36abd23
inletBottomXMin,Clés supprimées — migration vers segments 0143,supprimé 0143; rejet explicite; recensé 0490p,clé supprimée,(non applicable),Toujours rejetée; utiliser openBoundarySegmentsEnable/openBoundarySegmentCount/openBoundarySegmentK.,Clé params.kv lue par le parseur courant.,Ligne ajoutée par comparaison exhaustive du parseur params.kv au commit 36abd23 avec l’inventaire consolidé 0436b.,inletBottomXMin,,,,,,delta parseur 0437–0490p / branche surf commit 36abd23
inletHardCellThermalRescale,Entrées/sorties — réservoir dur,existant catalogue 0292 | canonique,booléen,true,booléen: true/1/yes/on ou false/0/no/off,Rescale les fluctuations thermiques de la cellule d’entrée.,Mode hard_cell_density.,inletHardCellThermalRescale,inletHardCellThermalRescale,,,include/simulation_params.h;src/params_io_base.cpp,,src_mpcd_params_catalogue_0292_cuda.csv | src_mpcd_params_cles_acceptees_0292_cuda.csv
inletHardCellVelocityMean,Entrées/sorties — réservoir dur,existant catalogue 0292 | canonique,booléen,true,booléen: true/1/yes/on ou false/0/no/off,Recentre les vitesses injectées pour imposer exactement la moyenne de cellule.,Mode hard_cell_density.,inletHardCellVelocityMean,inletHardCellVelocityMean,,,include/simulation_params.h;src/params_io_base.cpp,,src_mpcd_params_catalogue_0292_cuda.csv | src_mpcd_params_cles_acceptees_0292_cuda.csv
inletInjectionMode,Entrées/sorties — injection,existant catalogue 0292 | canonique,enum string,cuda_recycle,cuda_recycle; thin_slab; hard_cell_density; hard_density; hard; cell_density,Mode historique de réinjection/recyclage des particules à l’entrée.,Validé seulement si une frontière inlet/outlet est présente.,inletInjectionMode,inletInjectionMode,,,include/simulation_params.h;src/params_io_base.cpp,,src_mpcd_params_catalogue_0292_cuda.csv | src_mpcd_params_cles_acceptees_0292_cuda.csv
inletKBT,Entrées/sorties — injection,existant catalogue 0292 | canonique,double,-1.0,négatif => hérite de kBT; sinon >0 recommandé,Température cinétique imposée aux particules injectées.,"Si inletThermalNoise>0 et inletKBT<0, kBT doit être >0.",inletKBT,inletKBT,,,include/simulation_params.h;src/params_io_base.cpp,,src_mpcd_params_catalogue_0292_cuda.csv | src_mpcd_params_cles_acceptees_0292_cuda.csv
inletLeftYMax,Clés supprimées — migration vers segments 0143,supprimé 0143; rejet explicite; recensé 0490p,clé supprimée,(non applicable),Toujours rejetée; utiliser openBoundarySegmentsEnable/openBoundarySegmentCount/openBoundarySegmentK.,Clé params.kv lue par le parseur courant.,Ligne ajoutée par comparaison exhaustive du parseur params.kv au commit 36abd23 avec l’inventaire consolidé 0436b.,inletLeftYMax,,,,,,delta parseur 0437–0490p / branche surf commit 36abd23
inletLeftYMin,Clés supprimées — migration vers segments 0143,supprimé 0143; rejet explicite; recensé 0490p,clé supprimée,(non applicable),Toujours rejetée; utiliser openBoundarySegmentsEnable/openBoundarySegmentCount/openBoundarySegmentK.,Clé params.kv lue par le parseur courant.,Ligne ajoutée par comparaison exhaustive du parseur params.kv au commit 36abd23 avec l’inventaire consolidé 0436b.,inletLeftYMin,,,,,,delta parseur 0437–0490p / branche surf commit 36abd23
inletRandomizeTangential,Entrées/sorties — injection,existant catalogue 0292 | alias accepté | canonique,booléen,true,booléen: true/1/yes/on ou false/0/no/off,Randomise la coordonnée tangentielle des particules injectées.,,inletRandomizeTangential;injectRandomY;inletRandomizeTransverse;inletRandomizeY,inletRandomizeTangential,injectRandomY;inletRandomizeTransverse;inletRandomizeY,,include/simulation_params.h;src/params_io_base.cpp,,src_mpcd_params_catalogue_0292_cuda.csv | src_mpcd_params_cles_acceptees_0292_cuda.csv
inletReinjectBackflow,Entrées/sorties — injection,existant catalogue 0292 | canonique | alias accepté,booléen,true,booléen: true/1/yes/on ou false/0/no/off,Réinjecte les particules traversant une entrée dans le mauvais sens au lieu de les laisser sortir.,,inletReinjectBackflow;reinjectBackflow,inletReinjectBackflow,reinjectBackflow,,include/simulation_params.h;src/params_io_base.cpp,,src_mpcd_params_catalogue_0292_cuda.csv | src_mpcd_params_cles_acceptees_0292_cuda.csv
inletReservoirCells,Entrées/sorties — réservoir dur,existant catalogue 0292 | alias accepté | canonique,entier,1,> 0 si hard_cell_density,Épaisseur du réservoir d’entrée en nombre de cellules.,Utilisé par le mode hard_cell_density.,inletReservoirCells;inletDensityCells,inletReservoirCells,inletDensityCells,,include/simulation_params.h;src/params_io_base.cpp,,src_mpcd_params_catalogue_0292_cuda.csv | src_mpcd_params_cles_acceptees_0292_cuda.csv
inletReservoirMode,Entrées/sorties — réservoir dur,existant catalogue 0292 | canonique,enum string,recycle,recycle; cuda_recycle; thin_slab; hard_cell_density; hard_density; hard; cell_density; default,Mode de réservoir d’entrée; les alias cuda_recycle/thin_slab sont normalisés vers recycle.,hard_cell_density exige inletReservoirCells>0 et inletTargetOccupancy>0.,inletReservoirMode,inletReservoirMode,,,include/simulation_params.h;src/params_io_base.cpp,,src_mpcd_params_catalogue_0292_cuda.csv | src_mpcd_params_cles_acceptees_0292_cuda.csv
inletSlabCells,Entrées/sorties — injection,existant catalogue 0292 | alias accepté | canonique,double,1.0,> 0,Épaisseur de la dalle d’injection en nombre de cellules locales.,Utilisé dans les modes de recyclage/injection en slab.,inletSlabCells;inletInjectionSlabCells,inletSlabCells,inletInjectionSlabCells,,include/simulation_params.h;src/params_io_base.cpp,,src_mpcd_params_catalogue_0292_cuda.csv | src_mpcd_params_cles_acceptees_0292_cuda.csv
inletTargetOccupancy,Entrées/sorties — réservoir dur,existant catalogue 0292 | alias accepté | canonique,entier,0,> 0 si hard_cell_density,Nombre cible de particules par cellule de réservoir dur.,Souvent choisi égal à gamma.,inletTargetOccupancy;inletGamma;inletTargetN,inletTargetOccupancy,inletGamma;inletTargetN,,include/simulation_params.h;src/params_io_base.cpp,,src_mpcd_params_catalogue_0292_cuda.csv | src_mpcd_params_cles_acceptees_0292_cuda.csv
inletThermalNoise,Entrées/sorties — injection,existant catalogue 0292 | canonique,double,1.0,>= 0,Amplitude du bruit thermique Maxwellien ajouté à l’inlet; 0 donne une vitesse déterministe.,,inletThermalNoise,inletThermalNoise,,,include/simulation_params.h;src/params_io_base.cpp,,src_mpcd_params_catalogue_0292_cuda.csv | src_mpcd_params_cles_acceptees_0292_cuda.csv
inletUx,Entrées/sorties — vitesse,existant catalogue 0292 | canonique | alias accepté,double,(non stocké),nombre réel fini,Alias global pour la composante x de vitesse d’entrée.,Applique la même valeur à inletUxLeft/Right/Bottom/Top.,inletUx;inletVelocityX,inletUx,inletVelocityX,,include/simulation_params.h;src/params_io_base.cpp,,src_mpcd_params_catalogue_0292_cuda.csv | src_mpcd_params_cles_acceptees_0292_cuda.csv
inletUxBottom,Entrées/sorties — vitesse,existant catalogue 0292 | canonique,double,0.0,nombre réel fini,Composante x de la vitesse prescrite sur l’entrée bottom.,Utilisé par les faces inlet et les segments d’inlet selon le cas.,inletUxBottom,inletUxBottom,,,include/simulation_params.h;src/params_io_base.cpp,,src_mpcd_params_catalogue_0292_cuda.csv | src_mpcd_params_cles_acceptees_0292_cuda.csv
inletUxLeft,Entrées/sorties — vitesse,existant catalogue 0292 | canonique,double,0.0,nombre réel fini,Composante x de la vitesse prescrite sur l’entrée left.,Utilisé par les faces inlet et les segments d’inlet selon le cas.,inletUxLeft,inletUxLeft,,,include/simulation_params.h;src/params_io_base.cpp,,src_mpcd_params_catalogue_0292_cuda.csv | src_mpcd_params_cles_acceptees_0292_cuda.csv
inletUxRight,Entrées/sorties — vitesse,existant catalogue 0292 | canonique,double,0.0,nombre réel fini,Composante x de la vitesse prescrite sur l’entrée right.,Utilisé par les faces inlet et les segments d’inlet selon le cas.,inletUxRight,inletUxRight,,,include/simulation_params.h;src/params_io_base.cpp,,src_mpcd_params_catalogue_0292_cuda.csv | src_mpcd_params_cles_acceptees_0292_cuda.csv
inletUxTop,Entrées/sorties — vitesse,existant catalogue 0292 | canonique,double,0.0,nombre réel fini,Composante x de la vitesse prescrite sur l’entrée top.,Utilisé par les faces inlet et les segments d’inlet selon le cas.,inletUxTop,inletUxTop,,,include/simulation_params.h;src/params_io_base.cpp,,src_mpcd_params_catalogue_0292_cuda.csv | src_mpcd_params_cles_acceptees_0292_cuda.csv
inletUy,Entrées/sorties — vitesse,existant catalogue 0292 | canonique | alias accepté,double,(non stocké),nombre réel fini,Alias global pour la composante y de vitesse d’entrée.,Applique la même valeur à inletUyLeft/Right/Bottom/Top.,inletUy;inletVelocityY,inletUy,inletVelocityY,,include/simulation_params.h;src/params_io_base.cpp,,src_mpcd_params_catalogue_0292_cuda.csv | src_mpcd_params_cles_acceptees_0292_cuda.csv
inletUyBottom,Entrées/sorties — vitesse,existant catalogue 0292 | canonique,double,0.0,nombre réel fini,Composante y de la vitesse prescrite sur l’entrée bottom.,Utilisé par les faces inlet et les segments d’inlet selon le cas.,inletUyBottom,inletUyBottom,,,include/simulation_params.h;src/params_io_base.cpp,,src_mpcd_params_catalogue_0292_cuda.csv | src_mpcd_params_cles_acceptees_0292_cuda.csv
inletUyLeft,Entrées/sorties — vitesse,existant catalogue 0292 | canonique,double,0.0,nombre réel fini,Composante y de la vitesse prescrite sur l’entrée left.,Utilisé par les faces inlet et les segments d’inlet selon le cas.,inletUyLeft,inletUyLeft,,,include/simulation_params.h;src/params_io_base.cpp,,src_mpcd_params_catalogue_0292_cuda.csv | src_mpcd_params_cles_acceptees_0292_cuda.csv
inletUyRight,Entrées/sorties — vitesse,existant catalogue 0292 | canonique,double,0.0,nombre réel fini,Composante y de la vitesse prescrite sur l’entrée right.,Utilisé par les faces inlet et les segments d’inlet selon le cas.,inletUyRight,inletUyRight,,,include/simulation_params.h;src/params_io_base.cpp,,src_mpcd_params_catalogue_0292_cuda.csv | src_mpcd_params_cles_acceptees_0292_cuda.csv
inletUyTop,Entrées/sorties — vitesse,existant catalogue 0292 | canonique,double,0.0,nombre réel fini,Composante y de la vitesse prescrite sur l’entrée top.,Utilisé par les faces inlet et les segments d’inlet selon le cas.,inletUyTop,inletUyTop,,,include/simulation_params.h;src/params_io_base.cpp,,src_mpcd_params_catalogue_0292_cuda.csv | src_mpcd_params_cles_acceptees_0292_cuda.csv
inletVelocityRampEnable,Entrées/sorties — rampe,existant catalogue 0292 | alias accepté | canonique,booléen,false,booléen: true/1/yes/on ou false/0/no/off,Active une rampe temporelle multiplicative sur les vitesses/flux d’entrée.,,inletVelocityRampEnable;inletRampEnable,inletVelocityRampEnable,inletRampEnable,,include/simulation_params.h;src/params_io_base.cpp,,src_mpcd_params_catalogue_0292_cuda.csv | src_mpcd_params_cles_acceptees_0292_cuda.csv
inletVelocityRampEndTime,Entrées/sorties — rampe,existant catalogue 0292 | alias accepté | canonique,double,0.0,nombre réel fini,Temps de fin de la rampe d’entrée.,"Si rampe active, EndTime >= StartTime.",inletVelocityRampEndTime;inletRampEndTime,inletVelocityRampEndTime,inletRampEndTime,,include/simulation_params.h;src/params_io_base.cpp,,src_mpcd_params_catalogue_0292_cuda.csv | src_mpcd_params_cles_acceptees_0292_cuda.csv
inletVelocityRampFinalFactor,Entrées/sorties — rampe,existant catalogue 0292 | alias accepté | canonique,double,1.0,nombre réel fini,Facteur multiplicatif final de vitesse/flux d’entrée.,Si rampe active.,inletVelocityRampFinalFactor;inletRampFinalFactor,inletVelocityRampFinalFactor,inletRampFinalFactor,,include/simulation_params.h;src/params_io_base.cpp,,src_mpcd_params_catalogue_0292_cuda.csv | src_mpcd_params_cles_acceptees_0292_cuda.csv
inletVelocityRampInitialFactor,Entrées/sorties — rampe,existant catalogue 0292 | alias accepté | canonique,double,0.0,nombre réel fini,Facteur multiplicatif initial de vitesse/flux d’entrée.,Si rampe active.,inletVelocityRampInitialFactor;inletRampInitialFactor,inletVelocityRampInitialFactor,inletRampInitialFactor,,include/simulation_params.h;src/params_io_base.cpp,,src_mpcd_params_catalogue_0292_cuda.csv | src_mpcd_params_cles_acceptees_0292_cuda.csv
inletVelocityRampProfile,Entrées/sorties — rampe,existant catalogue 0292 | alias accepté | canonique,enum string,linear,linear; smoothstep,Loi d’interpolation temporelle de la rampe.,Si rampe active.,inletVelocityRampProfile;inletRampProfile,inletVelocityRampProfile,inletRampProfile,,include/simulation_params.h;src/params_io_base.cpp,,src_mpcd_params_catalogue_0292_cuda.csv | src_mpcd_params_cles_acceptees_0292_cuda.csv
inletVelocityRampStartTime,Entrées/sorties — rampe,existant catalogue 0292 | alias accepté | canonique,double,0.0,nombre réel fini,Temps de début de la rampe d’entrée.,"Si rampe active, EndTime >= StartTime.",inletVelocityRampStartTime;inletRampStartTime,inletVelocityRampStartTime,inletRampStartTime,,include/simulation_params.h;src/params_io_base.cpp,,src_mpcd_params_catalogue_0292_cuda.csv | src_mpcd_params_cles_acceptees_0292_cuda.csv
inletVelocitySpatialProfile,Entrées/sorties — profil spatial,existant catalogue 0292 | étendu 0493x8k entrée segmentée locale | alias accepté | canonique,enum string,uniform,uniform; poiseuille_y; poiseuille_y_mean; poiseuille_y_max; flat_taper_y; flat_taper_y_mean,Profil spatial de vitesse/flux imposé sur les entrées.,"Les tirets sont normalisés en underscores. | 0493x8k: pour une ouverture segmentée, poiseuille_y_max/poiseuille_y_mean sont évalués dans la coordonnée locale du segment; la vitesse normale est nulle aux extrémités et le même profil alimente injection particulaire et flux Q6-G-F.",inletVelocitySpatialProfile;inletProfile;inletSpatialProfile;openBoundaryVelocityProfile,inletVelocitySpatialProfile,inletProfile;inletSpatialProfile;openBoundaryVelocityProfile,,include/simulation_params.h;scripts/run_0493x8k_segmented_local_poiseuille.sh;src/cuda_classic_src_io_resident_0263.cu;src/cuda_q6_resident_0400.cu;src/params_io_base.cpp,x8k;x8t;x9d;x9r,src_mpcd_params_catalogue_0292_cuda.csv | cycle_0493x8k_x8t + 0493x9d_x9r_surface_tension_20260819 | src_mpcd_params_cles_acceptees_0292_cuda.csv
inletVelocityWallTaperCells,Entrées/sorties — profil spatial,existant catalogue 0292 | canonique | alias accepté,double,2.0,>= 0,"Largeur du lissage/taper près des murs, exprimée en cellules.",Utilisé par les profils flat_taper_y.,inletVelocityWallTaperCells;inletWallTaperCells;openBoundaryVelocityWallTaperCells,inletVelocityWallTaperCells,inletWallTaperCells;openBoundaryVelocityWallTaperCells,,include/simulation_params.h;src/params_io_base.cpp,,src_mpcd_params_catalogue_0292_cuda.csv | src_mpcd_params_cles_acceptees_0292_cuda.csv
inputState,I/O et exécution,existant catalogue 0292 | canonique,chemin,(obligatoire),chaîne non vide,Fichier d’état initial .smpcd lu par l’exécutable.,Toujours obligatoire.,inputState,inputState,,INPUT_STATE,include/simulation_params.h;src/params_io_base.cpp,,src_mpcd_params_catalogue_0292_cuda.csv | src_mpcd_params_cles_acceptees_0292_cuda.csv
ioApertureEnable,Clés supprimées — migration vers segments 0143,supprimé 0143; rejet explicite; recensé 0490p,clé supprimée,(non applicable),Toujours rejetée; utiliser openBoundarySegmentsEnable/openBoundarySegmentCount/openBoundarySegmentK.,Clé params.kv lue par le parseur courant.,Ligne ajoutée par comparaison exhaustive du parseur params.kv au commit 36abd23 avec l’inventaire consolidé 0436b.,ioApertureEnable,,,,,,delta parseur 0437–0490p / branche surf commit 36abd23
kBT,Thermostat,existant catalogue 0292 | canonique,double,0.0,>=0 usuel; doit être >0 quand hérité par thermostat/paroi/inlet bruité,Température cinétique globale de référence.,Référence thermique globale.,kBT,kBT,,,include/simulation_params.h;src/params_io_base.cpp,,src_mpcd_params_catalogue_0292_cuda.csv | src_mpcd_params_cles_acceptees_0292_cuda.csv
keepMeanFlowEnable,Forçage et contrôle d’écoulement,existant catalogue 0292 | alias accepté | canonique,booléen,false,booléen: true/1/yes/on ou false/0/no/off,Active un correcteur global de vitesse moyenne après SRC/Q6/thermostat.,,keepMeanFlowEnable;keepMeanFlow,keepMeanFlowEnable,keepMeanFlow,,include/simulation_params.h;src/params_io_base.cpp,,src_mpcd_params_catalogue_0292_cuda.csv | src_mpcd_params_cles_acceptees_0292_cuda.csv
kVirial,Projection Q6-g-f / fermeture virielle continuum 0493x7a–x7b,ajout 0493x7a/x7b; omission d’inventaire corrigée 0493x7q,double,0.10666666666666667,fini >=0,Module continuum du terme de pression/accélération virielle associé au défaut de remplissage.,Grandeur physique à ne pas rescaler avec Nx/Ny lors d’un raffinement à domaine physique fixé.,kVirial,kVirial,Kvirial,,include/simulation_params.h;src/cuda_q6_resident_0400.cu;src/params_io_base.cpp,x7a;x7b;x7q,complément exhaustif parseur 0493x7q
leftOpenYMax,Clés supprimées — migration vers segments 0143,supprimé 0143; rejet explicite; recensé 0490p,clé supprimée,(non applicable),Toujours rejetée; utiliser openBoundarySegmentsEnable/openBoundarySegmentCount/openBoundarySegmentK.,Clé params.kv lue par le parseur courant.,Ligne ajoutée par comparaison exhaustive du parseur params.kv au commit 36abd23 avec l’inventaire consolidé 0436b.,leftOpenYMax,,,,,,delta parseur 0437–0490p / branche surf commit 36abd23
leftOpenYMin,Clés supprimées — migration vers segments 0143,supprimé 0143; rejet explicite; recensé 0490p,clé supprimée,(non applicable),Toujours rejetée; utiliser openBoundarySegmentsEnable/openBoundarySegmentCount/openBoundarySegmentK.,Clé params.kv lue par le parseur courant.,Ligne ajoutée par comparaison exhaustive du parseur params.kv au commit 36abd23 avec l’inventaire consolidé 0436b.,leftOpenYMin,,,,,,delta parseur 0437–0490p / branche surf commit 36abd23
Lx,Domaine et grille,existant catalogue 0292 | canonique,double,1.0,> 0,Longueur du domaine numérique en x.,,Lx,Lx,,,include/simulation_params.h;src/params_io_base.cpp,,src_mpcd_params_catalogue_0292_cuda.csv | src_mpcd_params_cles_acceptees_0292_cuda.csv
Ly,Domaine et grille,existant catalogue 0292 | canonique,double,1.0,> 0,Longueur du domaine numérique en y.,,Ly,Ly,,,include/simulation_params.h;src/params_io_base.cpp,,src_mpcd_params_catalogue_0292_cuda.csv | src_mpcd_params_cles_acceptees_0292_cuda.csv
nSteps,Temps et collision SRC,existant catalogue 0292 | canonique,entier,1000,>= 0,Nombre de pas de temps simulés.,,nSteps,nSteps,,,include/simulation_params.h;src/params_io_base.cpp,,src_mpcd_params_catalogue_0292_cuda.csv | src_mpcd_params_cles_acceptees_0292_cuda.csv
numThreads,I/O et exécution,existant catalogue 0292 | canonique,entier,0,entier >= 0; 0 laisse OpenMP décider,Force omp_set_num_threads(numThreads).,Pris en compte seulement si le binaire est compilé avec OpenMP.,numThreads,numThreads,,,include/simulation_params.h;src/params_io_base.cpp,,src_mpcd_params_catalogue_0292_cuda.csv | src_mpcd_params_cles_acceptees_0292_cuda.csv
Nx,Domaine et grille,existant catalogue 0292 | canonique,entier,32,> 0,Nombre de cellules MPCD/projection en x.,,Nx,Nx,,NX,include/simulation_params.h;src/params_io_base.cpp,,src_mpcd_params_catalogue_0292_cuda.csv | src_mpcd_params_cles_acceptees_0292_cuda.csv
Ny,Domaine et grille,existant catalogue 0292 | canonique,entier,32,> 0,Nombre de cellules MPCD/projection en y.,,Ny,Ny,,NY,include/simulation_params.h;src/params_io_base.cpp,,src_mpcd_params_catalogue_0292_cuda.csv | src_mpcd_params_cles_acceptees_0292_cuda.csv
openBoundaryApertureEnable,Clés supprimées — migration vers segments 0143,supprimé 0143; rejet explicite; recensé 0490p,clé supprimée,(non applicable),Toujours rejetée; utiliser openBoundarySegmentsEnable/openBoundarySegmentCount/openBoundarySegmentK.,Clé params.kv lue par le parseur courant.,Ligne ajoutée par comparaison exhaustive du parseur params.kv au commit 36abd23 avec l’inventaire consolidé 0436b.,openBoundaryApertureEnable,,,,,,delta parseur 0437–0490p / branche surf commit 36abd23
openBoundaryOutletFeedbackGain,Entrées/sorties — sortie Q6,existant catalogue 0292 | canonique | alias accepté,double,0.0,"[0,1]",Gain du feedback global outlet-only sur le déséquilibre de flux.,Utilisé uniquement en mode hybrid/neumann_feedback/hybrid_feedback.,openBoundaryOutletFeedbackGain;openBoundaryOutletMassFeedbackGain;openOutletFeedbackGain;outletFeedbackGain,openBoundaryOutletFeedbackGain,openBoundaryOutletMassFeedbackGain;openOutletFeedbackGain;outletFeedbackGain,,include/simulation_params.h;src/params_io_base.cpp,,src_mpcd_params_catalogue_0292_cuda.csv | src_mpcd_params_cles_acceptees_0292_cuda.csv
openBoundaryOutletForcedLayerCells,Entrées/sorties — modes outlet | Entrées/sorties — aliases forced outlet,existant catalogue 0292 | canonique | alias accepté; complété inventaire 0490p,entier,1,>= 1 | entier; contraintes détaillées vérifiées par validate_simulation_params.,"Épaisseur de la zone d’extraction forcée, en nombre de cellules à partir de la face outlet. | Alias accepté de openBoundaryOutletForcedLayerCells.",Utilisé en forced_flux/equilibrium_flux pour sélectionner l’épaisseur de couche outlet où la masse/les particules peuvent être extraites. Les scripts de démo peuvent choisir 3 par défaut. | Ligne ajoutée par comparaison exhaustive du parseur params.kv au commit 36abd23 avec l’inventaire consolidé 0436b.,openBoundaryOutletForcedLayerCells;openOutletForcedLayerCells;outletForcedLayerCells;outletSuctionLayerCells,openBoundaryOutletForcedLayerCells,openBoundaryOutletForcedLayerCells,OUTLET_FORCED_LAYER_CELLS,include/simulation_params.h;src/cuda_classic_src_io_resident_0263.cu;src/params_io_base.cpp,,src_mpcd_params_catalogue_0292_cuda.csv | src_mpcd_params_cles_acceptees_0292_cuda.csv | delta parseur 0437–0490p / branche surf commit 36abd23
openBoundaryOutletForcedMassFlux,Entrées/sorties — modes outlet | Entrées/sorties — aliases forced outlet,existant catalogue 0292 | canonique | alias accepté; complété inventaire 0490p,double,0.0,>= 0; unités masse / temps simulation | nombre réel fini; contraintes détaillées vérifiées par validate_simulation_params.,"Flux de masse sortant imposé par l’utilisateur, découplé du flux inlet. | Alias accepté de openBoundaryOutletForcedMassFlux.",Utilisé si openBoundaryOutletMode=forced_flux et aucun flux particulaire prioritaire n’est donné. Masse extraite par step = flux * dt. | Ligne ajoutée par comparaison exhaustive du parseur params.kv au commit 36abd23 avec l’inventaire consolidé 0436b.,openBoundaryOutletForcedMassFlux;openOutletForcedMassFlux;outletForcedMassFlux;outletSuctionMassFlux,openBoundaryOutletForcedMassFlux,openBoundaryOutletForcedMassFlux,OUTLET_FORCED_MASS_FLUX,include/simulation_params.h;src/cuda_classic_src_io_resident_0263.cu;src/params_io_base.cpp,,src_mpcd_params_catalogue_0292_cuda.csv | src_mpcd_params_cles_acceptees_0292_cuda.csv | delta parseur 0437–0490p / branche surf commit 36abd23
openBoundaryOutletForcedMassPerStep,Entrées/sorties — modes outlet | Entrées/sorties — aliases forced outlet,existant catalogue 0292 | canonique | alias accepté; complété inventaire 0490p,double,0.0,>= 0; masse / step | nombre réel fini; contraintes détaillées vérifiées par validate_simulation_params.,Masse cible à extraire à chaque step dans la couche outlet. | Alias accepté de openBoundaryOutletForcedMassPerStep.,Utilisé si openBoundaryOutletMode=forced_flux et si aucun flux particulaire prioritaire n’est donné. Prioritaire sur openBoundaryOutletForcedMassFlux pour la masse. | Ligne ajoutée par comparaison exhaustive du parseur params.kv au commit 36abd23 avec l’inventaire consolidé 0436b.,openBoundaryOutletForcedMassPerStep;openOutletForcedMassPerStep;outletForcedMassPerStep;outletSuctionMassPerStep,openBoundaryOutletForcedMassPerStep,openBoundaryOutletForcedMassPerStep,OUTLET_FORCED_MASS_PER_STEP,include/simulation_params.h;src/cuda_classic_src_io_resident_0263.cu;src/params_io_base.cpp,,src_mpcd_params_catalogue_0292_cuda.csv | src_mpcd_params_cles_acceptees_0292_cuda.csv | delta parseur 0437–0490p / branche surf commit 36abd23
openBoundaryOutletForcedParticleFlux,Entrées/sorties — modes outlet | Entrées/sorties — aliases forced outlet,existant catalogue 0292 | canonique | alias accepté; complété inventaire 0490p,double,0.0,>= 0; particules / temps simulation | nombre réel fini; contraintes détaillées vérifiées par validate_simulation_params.,"Flux particulaire sortant imposé par l’utilisateur, découplé du flux inlet. | Alias accepté de openBoundaryOutletForcedParticleFlux.","Utilisé si openBoundaryOutletMode=forced_flux. Nombre extrait par step = flux * dt, arrondi selon l’implémentation. Les paramètres particulaires sont prioritaires sur les paramètres massiques. | Ligne ajoutée par comparaison exhaustive du parseur params.kv au commit 36abd23 avec l’inventaire consolidé 0436b.",openBoundaryOutletForcedParticleFlux;openOutletForcedParticleFlux;outletForcedParticleFlux;outletSuctionParticleFlux,openBoundaryOutletForcedParticleFlux,openBoundaryOutletForcedParticleFlux,OUTLET_FORCED_PARTICLE_FLUX,include/simulation_params.h;src/cuda_classic_src_io_resident_0263.cu;src/params_io_base.cpp,,src_mpcd_params_catalogue_0292_cuda.csv | src_mpcd_params_cles_acceptees_0292_cuda.csv | delta parseur 0437–0490p / branche surf commit 36abd23
openBoundaryOutletForcedParticlesPerStep,Entrées/sorties — modes outlet | Entrées/sorties — aliases forced outlet,existant catalogue 0292 | canonique | alias accepté; complété inventaire 0490p,entier,0,>= 0; particules / step | entier; contraintes détaillées vérifiées par validate_simulation_params.,Nombre cible de particules à extraire à chaque step dans la couche outlet. | Alias accepté de openBoundaryOutletForcedParticlesPerStep.,Utilisé si openBoundaryOutletMode=forced_flux. Prioritaire sur openBoundaryOutletForcedParticleFlux et sur les paramètres massiques. 0 désactive l’extraction forcée si aucun autre flux positif n’est donné. | Ligne ajoutée par comparaison exhaustive du parseur params.kv au commit 36abd23 avec l’inventaire consolidé 0436b.,openBoundaryOutletForcedParticlesPerStep;openOutletForcedParticlesPerStep;outletForcedParticlesPerStep;outletSuctionParticlesPerStep,openBoundaryOutletForcedParticlesPerStep,openBoundaryOutletForcedParticlesPerStep,OUTLET_FORCED_PARTICLES_PER_STEP,include/simulation_params.h;src/cuda_classic_src_io_resident_0263.cu;src/params_io_base.cpp,,src_mpcd_params_catalogue_0292_cuda.csv | src_mpcd_params_cles_acceptees_0292_cuda.csv | delta parseur 0437–0490p / branche surf commit 36abd23
openBoundaryOutletHybridBlend,Entrées/sorties — sortie Q6,existant catalogue 0292 | canonique | alias accepté,double,0.0,"[0,1]",Mélange entre profil local Neumann et profil équilibré.,"Utilisé uniquement en mode hybrid; pour sorties segmentées hybrid, doit rester 0.",openBoundaryOutletHybridBlend;openOutletHybridBlend;outletHybridBlend,openBoundaryOutletHybridBlend,openOutletHybridBlend;outletHybridBlend,,include/simulation_params.h;src/params_io_base.cpp,,src_mpcd_params_catalogue_0292_cuda.csv | src_mpcd_params_cles_acceptees_0292_cuda.csv
openBoundaryOutletMode,Entrées/sorties — modes outlet,existant catalogue 0292 | sémantique Neumann mise à jour 0493x8r-x8t | canonique | alias accepté,enum string,balanced_flux historique Q6; utiliser explicitement neumann/equilibrium_flux/forced_flux pour SRC classic 0291+ | balanced_flux historique Q6; expliciter neumann pour SRC classic,SRC classic 0291+: neumann; equilibrium_flux; forced_flux. Q6/open-boundary historique: balanced_flux; prescribed_flux; balanced; prescribed; dirichlet; neumann; free; zero_gradient; zero_normal_gradient; hybrid; neumann_feedback; hybrid_feedback. | SRC classic 0291+: neumann; equilibrium_flux; forced_flux. Q6 historique: balanced_flux; prescribed_flux; balanced; prescribed; dirichlet; free; zero_gradient; zero_normal_gradient; hybrid; neumann_feedback; hybrid_feedback.,"Choisit le régime de sortie: sortie passive, extraction équilibrée ou extraction forcée utilisateur pour SRC classic; conserve aussi les politiques Q6 open-boundary historiques. | Régime outlet: sortie passive, extraction équilibrée ou extraction forcée; conserve les modes Q6 historiques.","SRC classic CUDA 0291+: appliqué aux outlets full-face et segmentés. forced_flux est indépendant de l’inlet et nécessite un paramètre openBoundaryOutletForced* positif. equilibrium_flux tente une extraction équilibrante couplée au gain net du step. neumann laisse sortir passivement. Les modes Q6 historiques restent disponibles pour la projection open-boundary. | 0493x8r-x8t: neumann sur Q6-G-F est une sortie pression passive: vitesse prédicteur extrapolée à gradient normal nul, phi=0 à la face ouverte, correction finale de flux libre; le chemin particulaire reconstruit un bain cinétique local côté sortie.",openBoundaryOutletMode;openOutletBoundaryMode;outletBoundaryMode;q6q9OutletBoundaryMode,openBoundaryOutletMode,openOutletBoundaryMode;outletBoundaryMode;q6q9OutletBoundaryMode,OUTLET_MODE,include/simulation_params.h;src/cuda_classic_src_io_resident_0263.cu;src/cuda_q6_resident_0400.cu;src/params_io_base.cpp,x8k;x8t;x9d;x9r,src_mpcd_params_catalogue_0292_cuda.csv | cycle_0493x8k_x8t + 0493x9d_x9r_surface_tension_20260819 | src_mpcd_params_cles_acceptees_0292_cuda.csv
openBoundarySegmentCount,Entrées/sorties — segments,existant catalogue 0292 | canonique,entier,0,0 si désactivé; 1..16 si activé,Nombre de segments ouverts définis.,Limite codée: 16 segments.,openBoundarySegmentCount,openBoundarySegmentCount,,,include/simulation_params.h;src/params_io_base.cpp,,src_mpcd_params_catalogue_0292_cuda.csv | src_mpcd_params_cles_acceptees_0292_cuda.csv
openBoundarySegmentK,Entrées/sorties — segments,existant catalogue 0292 | groupe dynamique,record,(aucun),"face mode sMin sMax ux uy type mass; face={left,right,bottom,top}; mode=inlet/input/outlet/output/open; 0<=sMin<sMax<=1; mass>0",Déclaration d’un segment relatif sur une face solide/specular/bounceback.,N=openBoundarySegmentCount. Les segments d’une même face ne doivent pas se chevaucher.,openBoundarySegmentK,openBoundarySegmentK,openBoundarySegment0 ... openBoundarySegment{N-1},,include/simulation_params.h;src/params_io_base.cpp,,src_mpcd_params_catalogue_0292_cuda.csv | src_mpcd_params_cles_acceptees_0292_cuda.csv
openBoundarySegments,Paramètres recensés après 0436b,alias accepté; complété inventaire 0490p,vecteur interne,(sans valeur stockée),,Champ canonique interne de SimulationParams utilisé par le parseur et le backend courant.,Champ canonique ajouté/recensé depuis l’inventaire 0436b. Les vecteurs speciesDefinitions/openBoundarySegments sont construits après le premier passage du parseur.,,openBoundarySegments,,,include/simulation_params.h;src/params_io_base.cpp,,delta SimulationParams 0437–0490p / branche surf commit 36abd23
OpenBoundarySegments.segment[0],Inlet/outlet segmenté,ajout 0249b; documenté 0426,chaîne structurée,face mode sMin sMax ux uy type mass,"face in {left,right,top,bottom}; mode inlet/outlet",Définit le premier segment ouvert en coordonnées relatives de face.,Utilisé dans LR segments et backward step Darcy pour éviter l’injection dans chi-solide.,openBoundarySegment0,,,,doc/README_0426_DARCY_FASTFLAGS.md;scripts/run_src_classic_cuda_darcy_chi_backward_step_0425.sh;scripts/run_src_classic_cuda_darcy_chi_lr_segments_0411.sh;scripts/run_src_classic_cuda_darcy_chi_naca_periodic_0414.sh,,src_mpcd_params_inventory_consolidated_0365.csv + compléments Darcy/Brinkman/livevis 0411-0426
OpenBoundarySegments.segment[1],Inlet/outlet segmenté,ajout 0249b; documenté 0426,chaîne structurée,face mode sMin sMax ux uy type mass,"face in {left,right,top,bottom}; mode inlet/outlet",Définit le second segment ouvert en coordonnées relatives de face.,Utilisé dans LR segments et backward step Darcy.,openBoundarySegment1,,,,doc/README_0426_DARCY_FASTFLAGS.md;scripts/run_src_classic_cuda_darcy_chi_backward_step_0425.sh;scripts/run_src_classic_cuda_darcy_chi_lr_segments_0411.sh;scripts/run_src_classic_cuda_darcy_chi_naca_periodic_0414.sh,,src_mpcd_params_inventory_consolidated_0365.csv + compléments Darcy/Brinkman/livevis 0411-0426
openBoundarySegmentsEnable,Entrées/sorties — segments,existant catalogue 0292 | canonique,booléen,false,booléen: true/1/yes/on ou false/0/no/off,Active les segments compacts inlet/outlet sur des faces autrement wall-like.,"Si true, openBoundarySegmentCount>0 et chaque openBoundarySegmentK requis.",openBoundarySegmentsEnable,openBoundarySegmentsEnable,,,include/simulation_params.h;src/params_io_base.cpp,,src_mpcd_params_catalogue_0292_cuda.csv | src_mpcd_params_cles_acceptees_0292_cuda.csv
outletRightYMax,Clés supprimées — migration vers segments 0143,supprimé 0143; rejet explicite; recensé 0490p,clé supprimée,(non applicable),Toujours rejetée; utiliser openBoundarySegmentsEnable/openBoundarySegmentCount/openBoundarySegmentK.,Clé params.kv lue par le parseur courant.,Ligne ajoutée par comparaison exhaustive du parseur params.kv au commit 36abd23 avec l’inventaire consolidé 0436b.,outletRightYMax,,,,,,delta parseur 0437–0490p / branche surf commit 36abd23
outletRightYMin,Clés supprimées — migration vers segments 0143,supprimé 0143; rejet explicite; recensé 0490p,clé supprimée,(non applicable),Toujours rejetée; utiliser openBoundarySegmentsEnable/openBoundarySegmentCount/openBoundarySegmentK.,Clé params.kv lue par le parseur courant.,Ligne ajoutée par comparaison exhaustive du parseur params.kv au commit 36abd23 avec l’inventaire consolidé 0436b.,outletRightYMin,,,,,,delta parseur 0437–0490p / branche surf commit 36abd23
outletTopXMax,Clés supprimées — migration vers segments 0143,supprimé 0143; rejet explicite; recensé 0490p,clé supprimée,(non applicable),Toujours rejetée; utiliser openBoundarySegmentsEnable/openBoundarySegmentCount/openBoundarySegmentK.,Clé params.kv lue par le parseur courant.,Ligne ajoutée par comparaison exhaustive du parseur params.kv au commit 36abd23 avec l’inventaire consolidé 0436b.,outletTopXMax,,,,,,delta parseur 0437–0490p / branche surf commit 36abd23
outletTopXMin,Clés supprimées — migration vers segments 0143,supprimé 0143; rejet explicite; recensé 0490p,clé supprimée,(non applicable),Toujours rejetée; utiliser openBoundarySegmentsEnable/openBoundarySegmentCount/openBoundarySegmentK.,Clé params.kv lue par le parseur courant.,Ligne ajoutée par comparaison exhaustive du parseur params.kv au commit 36abd23 avec l’inventaire consolidé 0436b.,outletTopXMin,,,,,,delta parseur 0437–0490p / branche surf commit 36abd23
outputDir,I/O et exécution,existant catalogue 0292 | canonique,chemin,run_base,chaîne non vide,"Répertoire de sortie du run: summaries, dumps et fichiers associés.",,outputDir,outputDir,,,include/simulation_params.h;src/params_io_base.cpp,,src_mpcd_params_catalogue_0292_cuda.csv | src_mpcd_params_cles_acceptees_0292_cuda.csv
phaseInterfaceASelector,Q6-G-F — sélection de phases,0493x9g actif; x14k autorise paire liquide/gaz bilatérale sous gardes stricts | alias accepté | ajout 0493x9g,string canonique,family:liquid,family:liquid | family:gas | family:dispersed | family:unspecified | type:<uint32> | vacuum | wall; A ne peut pas être vacuum/wall; A/B ne doivent pas se recouvrir; en x14k bilatéral A doit être type:<id> et correspondre exactement à une espèce liquide projetée | wall; A ne peut pas être vacuum/wall; A/B ne doivent pas se recouvrir,"Sélectionne la phase A: côté alpha>=0.5, référence de masse, orientation A->B et espèce(s) projetée(s).","Défaut struct family:liquid. Avec réflexion cinétique >0, la validation exige exactement une espèce A projetée. Les runners x12/JFM écrivent phaseInterfaceASelector=type:$LIQUID_TYPE. | 0493x14k: le mode bilatéral exige des sélecteurs explicites type:<id> pour A et B; A est le liquide projeté unique. | Audit x14ai-fix1 04/09/2026: sémantique params inchangée; aucune nouvelle clé params.kv introduite par x14y--x14ai-fix1. | Alias de phaseInterfaceASelector. 0493x9g: phase A doit sélectionner des espèces enregistrées avec masse de référence positive.",phaseInterfaceASelector;capillaryPhaseASelector,phaseInterfaceASelector,capillaryPhaseASelector,,include/simulation_params.h;scripts/run_0493x12d_jfm524_measurement_case.sh;src/cuda_q6_resident_0400.cu;src/params_io_base.cpp,x10q;x11c;x14ai;x14ai-fix1;x14k;x14y;x8k;x8t;x9d;x9g;x9r,cycle_0493x8k_x8t + 0493x9d_x9r + 0493x10q_x11c_surface_tension_20260822 + snap_260826_code_audit_20260826 | extension_x14_snapshot_030926 | audit_snap_040926_x14ai_fix1_20260904 | cycle_0493x8k_x8t + 0493x9d_x9r_surface_tension_20260819
phaseInterfaceBSelector,Q6-G-F — sélection de phases,0493x9g actif; x14k autorise B=type:gaz lorsque phaseInterfaceKineticBilateralRelocation=true | alias accepté | ajout 0493x9g; wall opérationnel géométriquement x9h,string canonique,family:gas,"family:liquid | family:gas | family:dispersed | family:unspecified | type:<uint32> | vacuum | wall; A/B ne doivent pas se recouvrir; avec réflexion cinétique et bilateral=false B reste vacuum; avec bilateral=true B doit être type:<id>, espèce gaz unique non projetée | wall; A ne peut pas être vacuum/wall; A/B ne doivent pas se recouvrir","Sélectionne le côté extérieur B de l’interface; peut fournir la pression gaz x6g, être vacuum, ou demander le provider géométrique wall.","Défaut struct family:gas. La garde historique x9t B=vacuum reste vraie lorsque la réflexion cinétique est active et phaseInterfaceKineticBilateralRelocation=false. x14k lève explicitement cette restriction pour une espèce gaz B unique non projetée, avec r=1 et sélecteurs type:<id>. | Audit x14ai-fix1 04/09/2026: sémantique params inchangée; aucune nouvelle clé params.kv introduite par x14y--x14ai-fix1. | Alias de phaseInterfaceBSelector. 0493x9g/x9h: B=vacuum est opérationnel sans particules gaz. B=wall est géométrie seule et ne doit pas être utilisé comme paire capillaire de mouillage; le mur est alors un troisième objet.",phaseInterfaceBSelector;capillaryPhaseBSelector,phaseInterfaceBSelector,capillaryPhaseBSelector,,include/simulation_params.h;scripts/run_0493x12d_jfm524_measurement_case.sh;src/cuda_q6_resident_0400.cu;src/params_io_base.cpp,x10q;x11c;x14ai;x14ai-fix1;x14k;x14y;x6g;x8k;x8t;x9d;x9g;x9h;x9r;x9t,cycle_0493x8k_x8t + 0493x9d_x9r + 0493x10q_x11c_surface_tension_20260822 + snap_260826_code_audit_20260826 | extension_x14_snapshot_030926 | audit_snap_040926_x14ai_fix1_20260904 | cycle_0493x8k_x8t + 0493x9d_x9r_surface_tension_20260819
phaseInterfaceContactAngleDegrees,Q6-G-F — mouillage,"0493x9i/x9m actif; x12 splash/JFM=90°, calibrateurs capillaires=-1 | alias accepté | ajout 0493x9i; fermeture statique x9m qualifiée",double fini,-1.0,"-1 désactive; sinon [0,180] degrés; x9m qualifié seulement pour 0<theta<180","Prescrit l’angle de contact mesuré à travers A, avec nAB·nWall=-cos(thetaA).",Défaut struct -1 (désactivé). Les splash/JFM x12 utilisent 90° avec x9m off-support; x12cal et x12yl désactivent le mouillage pour les calibrations capillaires. | Alias de phaseInterfaceContactAngleDegrees. x9i introduit le contrat. x9m est la fermeture statique préférée actuelle via ancre hors support; dynamique de ligne triple non encore quantitativement qualifiée. La garde actuelle exige surfaceTensionSigma>0 lorsqu’un angle est actif.,phaseInterfaceContactAngleDegrees;capillaryContactAngleDegrees;contactAngleDegrees,phaseInterfaceContactAngleDegrees,capillaryContactAngleDegrees;contactAngleDegrees,,include/simulation_params.h;scripts/run_0493x12cal_capillary_calibrator.sh;scripts/run_0493x12d_jfm524_measurement_case.sh;scripts/run_0493x12yl_young_laplace_calibrator.sh;src/cuda_q6_resident_0400.cu;src/params_io_base.cpp,x10q;x11c;x12cal;x12yl;x8k;x8t;x9d;x9i;x9j;x9k;x9l;x9m;x9r,cycle_0493x8k_x8t + 0493x9d_x9r + 0493x10q_x11c_surface_tension_20260822 + snap_260826_code_audit_20260826 | cycle_0493x8k_x8t + 0493x9d_x9r_surface_tension_20260819
phaseInterfaceEvaporationTargetType,Q6-G-F — interface cinétique / évaporation,0493x9t actif; production x12=-1; transfert r<1 non qualifié thermodynamiquement,entier / identifiant de type particulaire,-1 (SimulationParams et runners x12),">=-1; si >=0 avec réflexion active: type enregistré, non projeté et distinct de A; incompatible avec phaseInterfaceKineticBilateralRelocation=true",Type cible optionnel associé aux particules transmises par la loi cinétique lorsque r<1.,"Avec r=1 dans la chaîne x12, ce paramètre n'entraîne aucun changement de phase. Le chemin >=0 appartient au mécanisme historique r<1 et ne constitue pas une loi d'évaporation/condensation thermodynamiquement qualifiée. | Audit commit 7655b81: alias parser présent et couvert; aucune clé canonique supplémentaire requise. | 0493x14k: le couplage bilatéral liquide/gaz courant interdit phaseInterfaceEvaporationTargetType>=0. | Audit commit 7655b81: aliases parser kineticReflectionFraction/evaporationTargetType présents et couverts; aucune clé canonique supplémentaire requise.",phaseInterfaceEvaporationTargetType,phaseInterfaceEvaporationTargetType,EVAPORATION_TARGET_TYPE (alias runner);evaporationTargetType (alias parser),EVAPORATION_TARGET_TYPE,include/simulation_params.h;scripts/run_0493x12d_jfm524_measurement_case.sh;src/params_io_base.cpp,x10q;x11c;x14k;x8k;x8t;x9d;x9r;x9t;x9u;x9v;x9w;x9x;x9y;x9z,cycle_0493x8k_x8t + 0493x9d_x9r + 0493x10q_x11c_surface_tension_20260822 + snap_260826_code_audit_20260826 | audit_commit_7655b81_20260831 | extension_x14_snapshot_030926
phaseInterfaceKineticBilateralRelocation,Q6-G-F — interface cinétique liquide/gaz x14,ajout 0493x14k; actif dans la chaîne liquide/gaz x14 | ajout 0493x14k,booléen,false,si true: r=1; phaseInterfaceEvaporationTargetType<0; A et B explicites type:<id>; A=espèce liquide projetée unique; B=espèce gaz unique non projetée | mêmes gardes que la clé params,Étend la relocalisation positionnelle x10u à une paire liquide/gaz explicite avec sens de phase inversé pour B. | Champ SimulationParams du gate bilatéral x14k.,"Ne modifie à lui seul ni vitesse, ni masse, ni type. false conserve exactement la garde liquide/vide historique. | Audit x14ai-fix1 04/09/2026: sémantique params inchangée; aucune nouvelle clé params.kv introduite par x14y--x14ai-fix1. | Défaut false pour préserver le chemin liquide/vide.",phaseInterfaceKineticBilateralRelocation,phaseInterfaceKineticBilateralRelocation,,MPCD_X14L_GAS_SPECULAR_REFLECTION;PHASE_INTERFACE_KINETIC_BILATERAL_RELOCATION,include/simulation_params.h;src/cuda_q6_resident_0400.cu;src/params_io_base.cpp,x10u;x14ai;x14ai-fix1;x14k;x14y,extension_x14_snapshot_030926 | audit_snap_040926_x14ai_fix1_20260904
phaseInterfaceKineticReflectionFraction,Q6-G-F — interface cinétique / évaporation,0493x9t actif; production x12 r=1; x14k bilatéral liquide/gaz exige r=1,double fini,0.0 (SimulationParams); runners x12 production fixent 1.0,"[0,1]; si >0: speciesQ6Enable, speciesQ6Mode=free_surface_masked, q6ForceProjectionMode=prestream_single_fused, exactement une espèce A projetée; B=vacuum sauf si phaseInterfaceKineticBilateralRelocation=true; en bilatéral r doit valoir 1",Probabilité de réfléchir une tentative de franchissement sortante relative g=(v-uGamma)·n>0; 1-r ouvre la voie de transmission/évaporation.,"Correction importante: le défaut du struct est 0.0, pas 1.0. x10o et la chaîne CIC/Q2/x10u/x10v/x12a ne deviennent actifs que dans le chemin cinétique Q6 free_surface_masked; x10o exige en plus r>=1. La production x12 verrouille r=1. | Audit commit 7655b81: alias parser présent et couvert; aucune clé canonique supplémentaire requise. | 0493x14k: B explicite gaz est autorisé uniquement via le gate bilatéral; ce chemin impose r=1 et interdit une cible d’évaporation active. | Audit x14ai-fix1 04/09/2026: sémantique params inchangée; aucune nouvelle clé params.kv introduite par x14y--x14ai-fix1. | Audit commit 7655b81: aliases parser kineticReflectionFraction/evaporationTargetType présents et couverts; aucune clé canonique supplémentaire requise.",phaseInterfaceKineticReflectionFraction,phaseInterfaceKineticReflectionFraction,KINETIC_REFLECTION_FRACTION (alias runner);kineticReflectionFraction (alias parser),KINETIC_REFLECTION_FRACTION,include/simulation_params.h;scripts/run_0493x12d_jfm524_measurement_case.sh;src/cuda_q6_resident_0400.cu;src/params_io_base.cpp,x10o;x10q;x10u;x10v;x11c;x12a;x14ai;x14ai-fix1;x14k;x14y;x8k;x8t;x9d;x9r;x9t;x9u;x9v;x9w;x9x;x9y;x9z,cycle_0493x8k_x8t + 0493x9d_x9r + 0493x10q_x11c_surface_tension_20260822 + snap_260826_code_audit_20260826 | audit_commit_7655b81_20260831 | extension_x14_snapshot_030926 | audit_snap_040926_x14ai_fix1_20260904
projectionAllowUnmaskedImmersedSolid,Projection Q6 / solide immergé,existant catalogue 0292 | canonique,booléen,false,booléen: true/1/yes/on ou false/0/no/off,Autorise explicitement Q6 avec solide immergé non masqué.,À réserver aux tests/debug.,projectionAllowUnmaskedImmersedSolid,projectionAllowUnmaskedImmersedSolid,,,include/simulation_params.h;src/params_io_base.cpp,,src_mpcd_params_catalogue_0292_cuda.csv | src_mpcd_params_cles_acceptees_0292_cuda.csv
projectionBackend,Projection Q6 — backend,existant catalogue 0292 | alias accepté | canonique,enum string,cpu,cpu; auto; cuda,Sélection expérimentale du backend de projection Q6. | Sélectionne le backend de projection Q6; hors SRC classic full CUDA.,"Concerne seulement projectionEnable=true. Dans le jalon 0286, Q6 CUDA reste un chantier séparé: les cas SRC classic full CUDA doivent garder projectionEnable=false.",projectionBackend;gpuProjectionBackend;q6ProjectionBackend,projectionBackend,gpuProjectionBackend;q6ProjectionBackend,MPCD_CUDA_Q6_RESIDENT_0400,include/simulation_params.h;src/cuda_q6_backend.cu;src/params_io_base.cpp,,src_mpcd_params_catalogue_0292_cuda.csv | src_mpcd_params_cles_acceptees_0292_cuda.csv
projectionEnable,Projection Q6 / elliptique,existant catalogue 0292 | canonique,booléen,false,booléen: true/1/yes/on ou false/0/no/off,Active la projection incompressible Q6.,,projectionEnable,projectionEnable,,MPCD_CUDA_Q6_RESIDENT_0400;SPECIES_Q6_ENABLE,include/simulation_params.h;src/params_io_base.cpp,,src_mpcd_params_catalogue_0292_cuda.csv | src_mpcd_params_cles_acceptees_0292_cuda.csv
projectionImmersedSolidCloseCutFaces,Projection Q6 / solide immergé,existant catalogue 0292 | canonique,booléen,true,booléen: true/1/yes/on ou false/0/no/off,Ferme les faces coupées par le solide immergé dans la projection.,,projectionImmersedSolidCloseCutFaces,projectionImmersedSolidCloseCutFaces,,,include/simulation_params.h;src/params_io_base.cpp,,src_mpcd_params_catalogue_0292_cuda.csv | src_mpcd_params_cles_acceptees_0292_cuda.csv
projectionImmersedSolidFluidFractionThreshold,Projection Q6 / solide immergé,existant catalogue 0292 | canonique,double,0.5,"[0,1]",Seuil de fraction fluide pour classer/masquer les cellules solides.,Si projectionEnable=true.,projectionImmersedSolidFluidFractionThreshold,projectionImmersedSolidFluidFractionThreshold,,,include/simulation_params.h;src/params_io_base.cpp,,src_mpcd_params_catalogue_0292_cuda.csv | src_mpcd_params_cles_acceptees_0292_cuda.csv
projectionImmersedSolidMaskEnable,Projection Q6 / solide immergé,existant catalogue 0292 | canonique,booléen,false,booléen: true/1/yes/on ou false/0/no/off,Active le masque solide immergé dans la projection.,"Q6 + immersedSolidEnable exige true, sauf debug explicite.",projectionImmersedSolidMaskEnable,projectionImmersedSolidMaskEnable,,,include/simulation_params.h;src/params_io_base.cpp,,src_mpcd_params_catalogue_0292_cuda.csv | src_mpcd_params_cles_acceptees_0292_cuda.csv
projectionMaxIterations,Projection Q6 / elliptique,existant catalogue 0292 | canonique,entier,300,>=0,Nombre maximal d’itérations CG.,Si projectionEnable=true.,projectionMaxIterations,projectionMaxIterations,,,include/simulation_params.h;src/params_io_base.cpp,,src_mpcd_params_catalogue_0292_cuda.csv | src_mpcd_params_cles_acceptees_0292_cuda.csv
projectionMomentumCorrectionEnable,Projection Q6 / elliptique,existant catalogue 0292 | canonique,booléen,true,booléen: true/1/yes/on ou false/0/no/off,Active la correction globale de quantité de mouvement après projection.,,projectionMomentumCorrectionEnable,projectionMomentumCorrectionEnable,,PROJECTION_MOMENTUM_CORRECTION_ENABLE,include/simulation_params.h;src/params_io_base.cpp,,src_mpcd_params_catalogue_0292_cuda.csv | src_mpcd_params_cles_acceptees_0292_cuda.csv
projectionOperator,Projection Q6 / elliptique,existant catalogue 0292 | canonique,enum string,periodic_fv_cg,periodic_fv_cg; channel_fv_cg; auto_fv_cg; elliptic_fv_cg,Opérateur elliptique/div-grad utilisé par la projection.,Si projectionEnable=true.,projectionOperator,projectionOperator,,,include/simulation_params.h;src/params_io_base.cpp,,src_mpcd_params_catalogue_0292_cuda.csv | src_mpcd_params_cles_acceptees_0292_cuda.csv
projectionTolerance,Projection Q6 / elliptique,existant catalogue 0292 | canonique,double,1.0e-10,>0,Tolérance relative/numérique du solveur de projection.,Défaut canonique SimulationParams=1.0e-10. La campagne finale x7q/x7i TG/Poiseuille/bend/IO et le dam-break de non-régression utilisent 1.0e-5; le CG x7j respecte ce même critère sans réduction host à chaque itération.,projectionTolerance,projectionTolerance,,PROJECTION_TOLERANCE,doc/README_0493X6G_PHASE_GAS_PRESSURE.md;include/simulation_params.h;scripts/run_0493x5b_liquid_gas_free_surface_dam_break.sh;src/params_io_base.cpp,x7i;x7j;x7q,catalogue 0292 | validation Q6-g-f 0493x7q
q6DensityRelaxationBeta,Projection Q6-g-f / restauration de densité,ajout 0493x7c; entrée legacy conservée; production x7q utilise tau_rho,double,0.0,"fini dans [0,1]; si >0, q6DensityRelaxationTime doit être 0",Coefficient de relaxation de densité par pas; impose div(u_proj)=beta*(rawFill-1)/dt dans le bulk liquide.,Entrée par pas conservée pour ablation/compatibilité. La chaîne signed1/x7q utilise q6DensityRelaxationTime=0.25 et beta=0.,q6DensityRelaxationBeta,q6DensityRelaxationBeta,densityRelaxationBeta,Q6_DENSITY_RELAXATION_BETA,doc/README_0493X7C_Q6_DENSITY_RELAXATION_RHS.md;include/simulation_params.h;scripts/run_0493x5a_partial_liquid_free_surface.sh;scripts/run_0493x5b_liquid_gas_free_surface_dam_break.sh;src/cuda_q6_resident_0400.cu;src/params_io_base.cpp,x7c;x7q,mise à jour 0493x7c–0493x7q / Q6-g-f
q6DensityRelaxationCompressionGateEnable,Projection Q6-g-f / restauration de densité signée,ajout 0493x7d-v2; qualifié signed1/x7q,booléen,false,si true: q6DensityRelaxationCompressionThresholdFill>0 et restauration de densité active,Active l’admission cohérente de la branche positive: cellule et au moins un voisin de face au-dessus du seuil.,Le gate ne soustrait pas le seuil après admission: le défaut complet rawFill-1 alimente la cible. Profil final x7i: true.,q6DensityRelaxationCompressionGateEnable,q6DensityRelaxationCompressionGateEnable,densityRelaxationCompressionGateEnable,,include/simulation_params.h;scripts/src_mpcd_run_common_0434.sh;src/cuda_q6_resident_0400.cu;src/params_io_base.cpp,x7d-v2;x7i;x7q,mise à jour 0493x7d-v2–0493x7q / Q6-g-f
q6DensityRelaxationCompressionThresholdFill,Projection Q6-g-f / restauration de densité signée,ajout 0493x7d-v2; qualifié signed1/x7q,double,0.0,fini >=0; doit être >0 si compression gate actif,Seuil du défaut positif de remplissage utilisé par le gate cohérent de compression.,"Les runners expriment le seuil en particules et écrivent thresholdParticles/gamma. Profil final: 3/gamma, soit 0.15 à gamma=20 et 0.30 à gamma=10.",q6DensityRelaxationCompressionThresholdFill,q6DensityRelaxationCompressionThresholdFill,densityRelaxationCompressionThresholdFill,,include/simulation_params.h;scripts/src_mpcd_run_common_0434.sh;src/cuda_q6_resident_0400.cu;src/params_io_base.cpp,x7d-v2;x7q,mise à jour 0493x7d-v2–0493x7q / Q6-g-f
q6DensityRelaxationTime,Projection Q6-g-f / restauration de densité,ajout 0493x7d; entrée physique recommandée; qualifiée signed1/x7q,double,0.0,"fini >=0; si >0, q6DensityRelaxationBeta doit être 0 et betaEffectif=dt/tau doit rester dans [0,1]",Constante de temps physique tau_rho de restauration de densité; impose div(u_proj)=(rawFill-1)/tau_rho dans le bulk liquide.,"Valeur de production qualifiée tau_rho=0.25. Avec le gate signé, la cible n’est appliquée qu’aux structures de défaut cohérentes; 0 désactive la restauration. Requiert CUDA Q6 actif; incompatible avec q6DensityRelaxationBeta>0.",q6DensityRelaxationTime,q6DensityRelaxationTime,densityRelaxationTau;densityRelaxationTime,Q6_DENSITY_RELAXATION_TIME;Q6_GF_DENSITY_RELAXATION_TIME,include/simulation_params.h;scripts/run_0493x7i_q6_g_f_physical_qualification.sh;scripts/src_mpcd_run_common_0434.sh;src/cuda_q6_resident_0400.cu;src/params_io_base.cpp,x7c;x7d;x7q,mise à jour 0493x7c–0493x7q / Q6-g-f
q6DensityRelaxationTractionGain,Projection Q6-g-f / restauration de densité signée,ajout 0493x7d-v2-signed1; qualifié x7q,double,0.0,"fini >=0; si >0: tractionThresholdFill>0, compression gate actif et restauration de densité active",Multiplie la cible négative admise par le gate de traction; 0 est un no-op exact de cette branche.,Profil signed1/x7q qualifié: 1.0.,q6DensityRelaxationTractionGain,q6DensityRelaxationTractionGain,densityRelaxationTractionGain,Q6_GF_DENSITY_TRACTION_GAIN,include/simulation_params.h;scripts/src_mpcd_run_common_0434.sh;src/cuda_q6_resident_0400.cu;src/params_io_base.cpp,x7d-v2;x7d-v2-signed1;x7q,mise à jour 0493x7d-v2–0493x7q / Q6-g-f
q6DensityRelaxationTractionThresholdFill,Projection Q6-g-f / restauration de densité signée,ajout 0493x7d-v2-signed1; qualifié x7q,double,0.0,fini >=0; doit être >0 si q6DensityRelaxationTractionGain>0,Seuil en valeur absolue du défaut négatif pour la branche cohérente de traction/déplétion.,"Profil final: 6/gamma, soit 0.30 à gamma=20 et 0.60 à gamma=10.",q6DensityRelaxationTractionThresholdFill,q6DensityRelaxationTractionThresholdFill,densityRelaxationTractionThresholdFill,,include/simulation_params.h;scripts/src_mpcd_run_common_0434.sh;src/cuda_q6_resident_0400.cu;src/params_io_base.cpp,x7d-v2;x7d-v2-signed1;x7q,mise à jour 0493x7d-v2–0493x7q / Q6-g-f
q6ForceProjectionMode,Projection Q6 / séquencement du forçage,ajout 0493x3; étendu x4; chemin Q6-g-f qualifié jusqu’à 0493x7q,enum string,legacy,legacy; prestream; prestream_single; prestream_single_fused.,Choisit l’ordre force/Q6/streaming; prestream_single_fused projette la vitesse tentative incluant la force avant transport avec un seul solveur Q6 et fusion CUDA.,"legacy conserve l’ordre historique. prestream_single_fused est le chemin Q6-g-f qualifié sur TG, Poiseuille, bend/IO et dam-break; il inclut les sources déterministes (body/TG et, x7g, Darcy moyen) dans la vitesse tentative avant projection.",q6ForceProjectionMode,q6ForceProjectionMode,,KINETIC_REFLECTION_FRACTION;Q6_FORCE_PROJECTION_MODE,doc/README_0493X3_Q6_FORCE_PRESTREAM_TEST.md;doc/README_0493X4A_Q6_FORCE_SINGLE_SOLVE.md;doc/README_0493X4B_Q6_FORCE_CUDA_FUSION.md;doc/README_0493X5A_PARTIAL_LIQUID_FREE_SURFACE.md;doc/README_0493X7D_DENSITY_RELAXATION_TIME_GRID_REFINEMENT.md;doc/README_0493X7E_X6G_X7D_COMBINATION.md;include/simulation_params.h;src/cuda_q6_resident_0400.cu;src/params_io_base.cpp;src/src_mpcd_base.cpp,x3;x7g;x7q,mise à jour 0493x3–0493x7q / Q6-g-f
q6PressureOutletDeflationEnable,Q6-G-F — pressure outlet conditioning,ajout 0414d; actif par défaut,booléen,true,true/false,"Active/désactive uniquement la déflation exacte x8s des modes lents des pressure outlets compatibles, sans changer x8r/x8t.",Switch d’ablation runtime; géométrie partielle non séparable désactive automatiquement la déflation spécialisée.,q6PressureOutletDeflationEnable,,pressureOutletDeflationEnable,Q6_PRESSURE_OUTLET_DEFLATION_ENABLE,,x8r;x8s;x8t,curated_0414
q6ProjectionStrength,Projection Q6 / elliptique,existant catalogue 0292 | alias accepté | canonique,double,1.0,"[0,1]",Sous-relaxation de la correction fluide-fluide Q6.,Si projectionEnable=true.,q6ProjectionStrength;projectionStrength,q6ProjectionStrength,projectionStrength,,include/simulation_params.h;src/params_io_base.cpp,,src_mpcd_params_catalogue_0292_cuda.csv | src_mpcd_params_cles_acceptees_0292_cuda.csv
randomRotationSign,Temps et collision SRC,existant catalogue 0292 | canonique,booléen,true,booléen: true/1/yes/on ou false/0/no/off,Active le signe aléatoire de la rotation collisionnelle.,,randomRotationSign,randomRotationSign,,,include/simulation_params.h;src/params_io_base.cpp,,src_mpcd_params_catalogue_0292_cuda.csv | src_mpcd_params_cles_acceptees_0292_cuda.csv
resamplingActiveFluidFractionThreshold,Resampling pondéré — masque wet,existant catalogue 0292 | canonique,double,0.5,"[0,1]",Seuil de fraction fluide active pour considérer une cellule éligible.,,resamplingActiveFluidFractionThreshold,resamplingActiveFluidFractionThreshold,,,include/simulation_params.h;src/params_io_base.cpp,,src_mpcd_params_catalogue_0292_cuda.csv | src_mpcd_params_cles_acceptees_0292_cuda.csv
resamplingEnable,Resampling pondéré — switches,existant catalogue 0292 | canonique | alias accepté,booléen,false,booléen: true/1/yes/on ou false/0/no/off,Switch maître de toutes les opérations de rôle/changement de population.,,resamplingEnable;weightedResamplingEnable,resamplingEnable,weightedResamplingEnable,,include/simulation_params.h;src/params_io_base.cpp,,src_mpcd_params_catalogue_0292_cuda.csv | src_mpcd_params_cles_acceptees_0292_cuda.csv
resamplingExtractionEnable,Resampling pondéré — switches,existant catalogue 0292 | canonique,booléen,false,booléen: true/1/yes/on ou false/0/no/off,Active l’extraction Fluid -> Inactive depuis cellules riches.,"Si insertion=true, extraction doit être true.",resamplingExtractionEnable,resamplingExtractionEnable,,,include/simulation_params.h;src/params_io_base.cpp,,src_mpcd_params_catalogue_0292_cuda.csv | src_mpcd_params_cles_acceptees_0292_cuda.csv
resamplingInsertionEnable,Resampling pondéré — switches,existant catalogue 0292 | canonique,booléen,false,booléen: true/1/yes/on ou false/0/no/off,Active l’insertion Inactive -> Fluid vers cellules pauvres.,Exige resamplingExtractionEnable=true.,resamplingInsertionEnable,resamplingInsertionEnable,,,include/simulation_params.h;src/params_io_base.cpp,,src_mpcd_params_catalogue_0292_cuda.csv | src_mpcd_params_cles_acceptees_0292_cuda.csv
resamplingLatentActivationEnable,Resampling pondéré — latent,existant catalogue 0292 | canonique | alias accepté,booléen,false,booléen: true/1/yes/on ou false/0/no/off,Active la conversion Latent -> Fluid pour remplir les cellules pauvres/vides.,,resamplingLatentActivationEnable;resamplingLatentToFluidEnable,resamplingLatentActivationEnable,resamplingLatentToFluidEnable,,include/simulation_params.h;src/params_io_base.cpp,,src_mpcd_params_catalogue_0292_cuda.csv | src_mpcd_params_cles_acceptees_0292_cuda.csv
resamplingLatentActivationMaxPerCell,Resampling pondéré — latent,existant catalogue 0292 | canonique,entier,1,>0 si activation latente active,Nombre maximal d’activations latentes par cellule.,,resamplingLatentActivationMaxPerCell,resamplingLatentActivationMaxPerCell,,,include/simulation_params.h;src/params_io_base.cpp,,src_mpcd_params_catalogue_0292_cuda.csv | src_mpcd_params_cles_acceptees_0292_cuda.csv
resamplingLatentActivationParticleMass,Resampling pondéré — latent,existant catalogue 0292 | canonique | alias accepté,double,0.0,>=0; 0 => targetCellMass/maxPerCell,Masse attribuée aux particules activées depuis latent.,,resamplingLatentActivationParticleMass;resamplingLatentParticleMass,resamplingLatentActivationParticleMass,resamplingLatentParticleMass,,include/simulation_params.h;src/params_io_base.cpp,,src_mpcd_params_catalogue_0292_cuda.csv | src_mpcd_params_cles_acceptees_0292_cuda.csv
resamplingMassGuardEnable,Resampling pondéré — masse,existant catalogue 0292 | canonique | alias accepté,booléen,false,booléen: true/1/yes/on ou false/0/no/off,Active le garde de bornes de masse particulaire.,Exige resamplingRemapEnable=true.,resamplingMassGuardEnable;resamplingMassSafetyEnable,resamplingMassGuardEnable,resamplingMassSafetyEnable,,include/simulation_params.h;src/params_io_base.cpp,,src_mpcd_params_catalogue_0292_cuda.csv | src_mpcd_params_cles_acceptees_0292_cuda.csv
resamplingMassRenormalizationPeriod,Resampling pondéré — masse,existant catalogue 0292 | alias accepté | canonique,entier,1,>=0; 0 désactive remap/guard de masse,Période K de renormalisation/remap de masse.,,resamplingMassRenormalizationPeriod;resamplingMassRemapPeriod;resamplingMassRenormalisationPeriod;resamplingRemapPeriod,resamplingMassRenormalizationPeriod,resamplingMassRemapPeriod;resamplingMassRenormalisationPeriod;resamplingRemapPeriod,,include/simulation_params.h;src/params_io_base.cpp,,src_mpcd_params_catalogue_0292_cuda.csv | src_mpcd_params_cles_acceptees_0292_cuda.csv
resamplingParticleMassMax,Resampling pondéré — masse,existant catalogue 0292 | alias accepté | canonique,double,4.0,> resamplingParticleMassMin,Borne supérieure de masse particulaire.,,resamplingParticleMassMax;resamplingMassMax,resamplingParticleMassMax,resamplingMassMax,,include/simulation_params.h;src/params_io_base.cpp,,src_mpcd_params_catalogue_0292_cuda.csv | src_mpcd_params_cles_acceptees_0292_cuda.csv
resamplingParticleMassMin,Resampling pondéré — masse,existant catalogue 0292 | alias accepté | canonique,double,0.25,>=0,Borne inférieure de masse particulaire.,,resamplingParticleMassMin;resamplingMassMin,resamplingParticleMassMin,resamplingMassMin,,include/simulation_params.h;src/params_io_base.cpp,,src_mpcd_params_catalogue_0292_cuda.csv | src_mpcd_params_cles_acceptees_0292_cuda.csv
resamplingPoorCellMassFraction,Resampling pondéré — seuils pauvre/riche,existant catalogue 0292 | canonique | alias accepté,double,0.5,>=0,Fraction de masse cible sous laquelle une cellule est pauvre.,,resamplingPoorCellMassFraction;resamplingPoorMassFraction,resamplingPoorCellMassFraction,resamplingPoorMassFraction,,include/simulation_params.h;src/params_io_base.cpp,,src_mpcd_params_catalogue_0292_cuda.csv | src_mpcd_params_cles_acceptees_0292_cuda.csv
resamplingPopulationMaxExtractionsPerCell,Resampling pondéré — population,existant catalogue 0292 | alias accepté | canonique,entier,64,>=0,Limite d’extractions par cellule et par step.,Si resamplingEnable=true.,resamplingPopulationMaxExtractionsPerCell;resamplingNMaxExtractionsPerCell,resamplingPopulationMaxExtractionsPerCell,resamplingNMaxExtractionsPerCell,,include/simulation_params.h;src/params_io_base.cpp,,src_mpcd_params_catalogue_0292_cuda.csv | src_mpcd_params_cles_acceptees_0292_cuda.csv
resamplingPopulationMaxExtractionsPerStep,Resampling pondéré — population,existant catalogue 0292 | alias accepté | canonique,entier,200000,>=0,Limite globale d’extractions par step.,Si resamplingEnable=true.,resamplingPopulationMaxExtractionsPerStep;resamplingNMaxExtractionsPerStep,resamplingPopulationMaxExtractionsPerStep,resamplingNMaxExtractionsPerStep,,include/simulation_params.h;src/params_io_base.cpp,,src_mpcd_params_catalogue_0292_cuda.csv | src_mpcd_params_cles_acceptees_0292_cuda.csv
resamplingPopulationMaxSplitsPerCell,Resampling pondéré — population,existant catalogue 0292 | alias accepté | canonique,entier,16,>=0,Limite de splits par cellule et par step.,Si resamplingEnable=true.,resamplingPopulationMaxSplitsPerCell;resamplingNMaxSplitsPerCell,resamplingPopulationMaxSplitsPerCell,resamplingNMaxSplitsPerCell,,include/simulation_params.h;src/params_io_base.cpp,,src_mpcd_params_catalogue_0292_cuda.csv | src_mpcd_params_cles_acceptees_0292_cuda.csv
resamplingPopulationMaxSplitsPerStep,Resampling pondéré — population,existant catalogue 0292 | alias accepté | canonique,entier,200000,>=0,Limite globale de splits par step.,Si resamplingEnable=true.,resamplingPopulationMaxSplitsPerStep;resamplingNMaxSplitsPerStep,resamplingPopulationMaxSplitsPerStep,resamplingNMaxSplitsPerStep,,include/simulation_params.h;src/params_io_base.cpp,,src_mpcd_params_catalogue_0292_cuda.csv | src_mpcd_params_cles_acceptees_0292_cuda.csv
resamplingPopulationNMax,Resampling pondéré — population,existant catalogue 0292 | alias accepté | canonique,entier,0,>=0; 0 avec les deux autres bornes => inférence,Borne haute de population par cellule.,"Si explicite, NMin<NTarget<NMax.",resamplingPopulationNMax;resamplingNMax,resamplingPopulationNMax,resamplingNMax,,include/simulation_params.h;src/params_io_base.cpp,,src_mpcd_params_catalogue_0292_cuda.csv | src_mpcd_params_cles_acceptees_0292_cuda.csv
resamplingPopulationNMaxFraction,Resampling pondéré — population,existant catalogue 0292 | alias accepté | canonique,double,1.30,>=1,Fraction utilisée pour inférer NMax.,Si resamplingEnable=true.,resamplingPopulationNMaxFraction;resamplingNMaxFraction,resamplingPopulationNMaxFraction,resamplingNMaxFraction,,include/simulation_params.h;src/params_io_base.cpp,,src_mpcd_params_catalogue_0292_cuda.csv | src_mpcd_params_cles_acceptees_0292_cuda.csv
resamplingPopulationNMin,Resampling pondéré — population,existant catalogue 0292 | alias accepté | canonique,entier,0,>=0; 0 avec les deux autres bornes => inférence,Borne basse de population par cellule.,"Si explicite, NMin<NTarget<NMax.",resamplingPopulationNMin;resamplingNMin,resamplingPopulationNMin,resamplingNMin,,include/simulation_params.h;src/params_io_base.cpp,,src_mpcd_params_catalogue_0292_cuda.csv | src_mpcd_params_cles_acceptees_0292_cuda.csv
resamplingPopulationNMinFraction,Resampling pondéré — population,existant catalogue 0292 | alias accepté | canonique,double,0.70,"(0,1]",Fraction utilisée pour inférer NMin.,Si resamplingEnable=true.,resamplingPopulationNMinFraction;resamplingNMinFraction,resamplingPopulationNMinFraction,resamplingNMinFraction,,include/simulation_params.h;src/params_io_base.cpp,,src_mpcd_params_catalogue_0292_cuda.csv | src_mpcd_params_cles_acceptees_0292_cuda.csv
resamplingPopulationNTarget,Resampling pondéré — population,existant catalogue 0292 | alias accepté | canonique,entier,0,>=0; 0 avec les deux autres bornes => inférence,Population cible par cellule.,"Si explicite, NMin<NTarget<NMax.",resamplingPopulationNTarget;resamplingNTarget,resamplingPopulationNTarget,resamplingNTarget,,include/simulation_params.h;src/params_io_base.cpp,,src_mpcd_params_catalogue_0292_cuda.csv | src_mpcd_params_cles_acceptees_0292_cuda.csv
resamplingRemapEnable,Resampling pondéré — switches,existant catalogue 0292 | canonique,booléen,false,booléen: true/1/yes/on ou false/0/no/off,Active le remap/renormalisation locale de masse.,,resamplingRemapEnable,resamplingRemapEnable,,,include/simulation_params.h;src/params_io_base.cpp,,src_mpcd_params_catalogue_0292_cuda.csv | src_mpcd_params_cles_acceptees_0292_cuda.csv
resamplingRichCellMassFraction,Resampling pondéré — seuils pauvre/riche,existant catalogue 0292 | canonique | alias accepté,double,1.5,> resamplingPoorCellMassFraction,Fraction de masse cible au-dessus de laquelle une cellule est riche.,,resamplingRichCellMassFraction;resamplingRichMassFraction,resamplingRichCellMassFraction,resamplingRichMassFraction,,include/simulation_params.h;src/params_io_base.cpp,,src_mpcd_params_catalogue_0292_cuda.csv | src_mpcd_params_cles_acceptees_0292_cuda.csv
resamplingTargetCellMass,Resampling pondéré — cible,existant catalogue 0292 | canonique | alias accepté,double,0.0,>=0; 0 => infère la masse moyenne courante,Masse cible par cellule pour diagnostics/remap resampling.,,resamplingTargetCellMass;weightedResamplingTargetCellMass,resamplingTargetCellMass,weightedResamplingTargetCellMass,,include/simulation_params.h;src/params_io_base.cpp,,src_mpcd_params_catalogue_0292_cuda.csv | src_mpcd_params_cles_acceptees_0292_cuda.csv
resamplingThermalRenormalizationEnable,Resampling pondéré — switches,existant catalogue 0292 | alias accepté | canonique,booléen,false,booléen: true/1/yes/on ou false/0/no/off,Active la correction thermique liée au resampling.,,resamplingThermalRenormalizationEnable;resamplingThermalRenormalisationEnable,resamplingThermalRenormalizationEnable,resamplingThermalRenormalisationEnable,,include/simulation_params.h;src/params_io_base.cpp,,src_mpcd_params_catalogue_0292_cuda.csv | src_mpcd_params_cles_acceptees_0292_cuda.csv
resamplingWetCellMassThreshold,Resampling pondéré — masque wet,existant catalogue 0292 | canonique | alias accepté,double,0.0,>=0,Seuil de masse minimale d’une cellule wet.,,resamplingWetCellMassThreshold;resamplingWetMassThreshold,resamplingWetCellMassThreshold,resamplingWetMassThreshold,,include/simulation_params.h;src/params_io_base.cpp,,src_mpcd_params_catalogue_0292_cuda.csv | src_mpcd_params_cles_acceptees_0292_cuda.csv
resamplingWetMaskMode,Resampling pondéré — masque wet,existant catalogue 0292 | canonique,enum string,active_domain,active_domain; occupied,Définition des cellules wet/actives pour le resampling.,Les tirets sont normalisés en underscores.,resamplingWetMaskMode,resamplingWetMaskMode,,,include/simulation_params.h;src/params_io_base.cpp,,src_mpcd_params_catalogue_0292_cuda.csv | src_mpcd_params_cles_acceptees_0292_cuda.csv
rightOpenYMax,Clés supprimées — migration vers segments 0143,supprimé 0143; rejet explicite; recensé 0490p,clé supprimée,(non applicable),Toujours rejetée; utiliser openBoundarySegmentsEnable/openBoundarySegmentCount/openBoundarySegmentK.,Clé params.kv lue par le parseur courant.,Ligne ajoutée par comparaison exhaustive du parseur params.kv au commit 36abd23 avec l’inventaire consolidé 0436b.,rightOpenYMax,,,,,,delta parseur 0437–0490p / branche surf commit 36abd23
rightOpenYMin,Clés supprimées — migration vers segments 0143,supprimé 0143; rejet explicite; recensé 0490p,clé supprimée,(non applicable),Toujours rejetée; utiliser openBoundarySegmentsEnable/openBoundarySegmentCount/openBoundarySegmentK.,Clé params.kv lue par le parseur courant.,Ligne ajoutée par comparaison exhaustive du parseur params.kv au commit 36abd23 avec l’inventaire consolidé 0436b.,rightOpenYMin,,,,,,delta parseur 0437–0490p / branche surf commit 36abd23
rngSeed,Temps et collision SRC,existant catalogue 0292 | canonique,uint64,12345,entier non signé 64 bits,Graine de génération pseudo-aléatoire.,,rngSeed,rngSeed,,,include/simulation_params.h;src/params_io_base.cpp,,src_mpcd_params_catalogue_0292_cuda.csv | src_mpcd_params_cles_acceptees_0292_cuda.csv
rotationAngle,Temps et collision SRC,existant catalogue 0292 | alias accepté | canonique,double,2.0943951023931953 rad,réel non NaN; alphaDeg converti en radians,Angle de rotation SRD/MPCD.,,rotationAngle;alphaDeg,rotationAngle,alphaDeg,,include/simulation_params.h;src/params_io_base.cpp,,src_mpcd_params_catalogue_0292_cuda.csv | src_mpcd_params_cles_acceptees_0292_cuda.csv
speciesCellCudaComparisonFilename,Multi-espèces — dépôt et diagnostics,ajout 0490a–0490p,chaîne,species_cell_cuda_equivalence_0490h.csv,,Nom du CSV d’équivalence dépôt CPU/CUDA 0490h.,Ligne ajoutée par comparaison exhaustive du parseur params.kv au commit 36abd23 avec l’inventaire consolidé 0436b. | Champ canonique ajouté/recensé depuis l’inventaire 0436b. Les vecteurs speciesDefinitions/openBoundarySegments sont construits après le premier passage du parseur.,speciesCellCudaComparisonFilename,speciesCellCudaComparisonFilename,,,doc/README_0490H_CUDA_SPECIES_CELL_DEPOSIT.md;include/simulation_params.h;src/params_io_base.cpp,,delta parseur 0437–0490p / branche surf commit 36abd23 | delta SimulationParams 0437–0490p / branche surf commit 36abd23
speciesCellCudaComparisonTolerance,Multi-espèces — dépôt et diagnostics,ajout 0490a–0490p,double,1.0e-11,fini et >=0.,Tolérance absolue de l’équivalence dépôt CPU/CUDA.,Ligne ajoutée par comparaison exhaustive du parseur params.kv au commit 36abd23 avec l’inventaire consolidé 0436b. | Champ canonique ajouté/recensé depuis l’inventaire 0436b. Les vecteurs speciesDefinitions/openBoundarySegments sont construits après le premier passage du parseur.,speciesCellCudaComparisonTolerance,speciesCellCudaComparisonTolerance,,,doc/README_0490H_CUDA_SPECIES_CELL_DEPOSIT.md;include/simulation_params.h;src/params_io_base.cpp,,delta parseur 0437–0490p / branche surf commit 36abd23 | delta SimulationParams 0437–0490p / branche surf commit 36abd23
speciesCellCudaDepositEnable,Multi-espèces — dépôt et diagnostics,ajout 0490a–0490p,booléen,false,true/1/yes/on ou false/0/no/off.,Active le dépôt CUDA résident N/M/P par cellule et espèce et sa comparaison de référence.,Ligne ajoutée par comparaison exhaustive du parseur params.kv au commit 36abd23 avec l’inventaire consolidé 0436b. | Champ canonique ajouté/recensé depuis l’inventaire 0436b. Les vecteurs speciesDefinitions/openBoundarySegments sont construits après le premier passage du parseur.,speciesCellCudaDepositEnable,speciesCellCudaDepositEnable,,,doc/README_0490H_CUDA_SPECIES_CELL_DEPOSIT.md;include/simulation_params.h;src/params_io_base.cpp,,delta parseur 0437–0490p / branche surf commit 36abd23 | delta SimulationParams 0437–0490p / branche surf commit 36abd23
speciesCellCudaThreadsPerBlock,Multi-espèces — dépôt et diagnostics,ajout 0490a–0490p,entier,256,1…1024.,Nombre de threads par bloc du dépôt CUDA par espèce.,Ligne ajoutée par comparaison exhaustive du parseur params.kv au commit 36abd23 avec l’inventaire consolidé 0436b. | Champ canonique ajouté/recensé depuis l’inventaire 0436b. Les vecteurs speciesDefinitions/openBoundarySegments sont construits après le premier passage du parseur.,speciesCellCudaThreadsPerBlock,speciesCellCudaThreadsPerBlock,,,doc/README_0490H_CUDA_SPECIES_CELL_DEPOSIT.md;include/simulation_params.h;src/params_io_base.cpp,,delta parseur 0437–0490p / branche surf commit 36abd23 | delta SimulationParams 0437–0490p / branche surf commit 36abd23
speciesCellDiagnosticsEnable,Multi-espèces — dépôt et diagnostics,ajout 0490a–0490p,booléen,false,true/1/yes/on ou false/0/no/off.,Active le dépôt CPU de référence par cellule et espèce.,Ligne ajoutée par comparaison exhaustive du parseur params.kv au commit 36abd23 avec l’inventaire consolidé 0436b. | Champ canonique ajouté/recensé depuis l’inventaire 0436b. Les vecteurs speciesDefinitions/openBoundarySegments sont construits après le premier passage du parseur.,speciesCellDiagnosticsEnable,speciesCellDiagnosticsEnable,,REQUIRE_MIXED_CELL_AT_END,doc/README_0490B_SPECIES_CELL_DEPOSIT.md;include/simulation_params.h;src/params_io_base.cpp,,delta parseur 0437–0490p / branche surf commit 36abd23 | delta SimulationParams 0437–0490p / branche surf commit 36abd23
speciesCellDiagnosticsFilename,Multi-espèces — dépôt et diagnostics,ajout 0490a–0490p,chaîne,species_cell_runtime_0490b.csv,,Nom du CSV CPU par cellule et espèce.,Ligne ajoutée par comparaison exhaustive du parseur params.kv au commit 36abd23 avec l’inventaire consolidé 0436b. | Champ canonique ajouté/recensé depuis l’inventaire 0436b. Les vecteurs speciesDefinitions/openBoundarySegments sont construits après le premier passage du parseur.,speciesCellDiagnosticsFilename,speciesCellDiagnosticsFilename,,,doc/README_0490B_SPECIES_CELL_DEPOSIT.md;include/simulation_params.h;src/params_io_base.cpp,,delta parseur 0437–0490p / branche surf commit 36abd23 | delta SimulationParams 0437–0490p / branche surf commit 36abd23
speciesCount,Multi-espèces — registre,ajout 0490a–0490p,entier,0,>0 lorsque le registre est actif; exactement autant de déclarations speciesK.,Nombre exact de déclarations species0…speciesN-1 attendues.,Ligne ajoutée par comparaison exhaustive du parseur params.kv au commit 36abd23 avec l’inventaire consolidé 0436b. | Champ canonique ajouté/recensé depuis l’inventaire 0436b. Les vecteurs speciesDefinitions/openBoundarySegments sont construits après le premier passage du parseur.,speciesCount,speciesCount,,,doc/README_0490A_SPECIES_REGISTRY_SCAFFOLD.md;include/simulation_params.h;src/params_io_base.cpp,,delta parseur 0437–0490p / branche surf commit 36abd23 | delta SimulationParams 0437–0490p / branche surf commit 36abd23
speciesCudaResidentFastPathDiagnosticsFilename,Multi-espèces — dépôt et diagnostics,ajout 0490a–0490p,chaîne,cuda_species_resident_fast_path_0490m.csv,,Nom du CSV du fast path résident multi-espèces.,Ligne ajoutée par comparaison exhaustive du parseur params.kv au commit 36abd23 avec l’inventaire consolidé 0436b. | Champ canonique ajouté/recensé depuis l’inventaire 0436b. Les vecteurs speciesDefinitions/openBoundarySegments sont construits après le premier passage du parseur.,speciesCudaResidentFastPathDiagnosticsFilename,speciesCudaResidentFastPathDiagnosticsFilename,,,doc/README_0490M_CUDA_SPECIES_RESIDENT_FAST_PATH.md;include/simulation_params.h;src/params_io_base.cpp,,delta parseur 0437–0490p / branche surf commit 36abd23 | delta SimulationParams 0437–0490p / branche surf commit 36abd23
speciesCudaResidentMaintenanceDiagnosticsFilename,Multi-espèces — dépôt et diagnostics,ajout 0490a–0490p,chaîne,cuda_species_resident_maintenance_0490n.csv,,Nom du CSV de maintenance résidente 0490n/0490p.,Ligne ajoutée par comparaison exhaustive du parseur params.kv au commit 36abd23 avec l’inventaire consolidé 0436b. | Champ canonique ajouté/recensé depuis l’inventaire 0436b. Les vecteurs speciesDefinitions/openBoundarySegments sont construits après le premier passage du parseur.,speciesCudaResidentMaintenanceDiagnosticsFilename,speciesCudaResidentMaintenanceDiagnosticsFilename,,,doc/README_0490N_CUDA_SPECIES_RESIDENT_MAINTENANCE.md;doc/README_0490P_DEVICE_CELL_POLICY_ZERO_CPU.md;include/simulation_params.h;src/params_io_base.cpp,,delta parseur 0437–0490p / branche surf commit 36abd23 | delta SimulationParams 0437–0490p / branche surf commit 36abd23
speciesDefinitions,Multi-espèces — registre,ajout 0490a–0490p,déclaration structurée | vecteur interne,(aucune) | (sans valeur stockée),"K=0…speciesCount-1; type unique uint32; phaseFamily=liquid|gas; coefficients finis. Pour independent_masked: q6StrengthDeclared dans [0,1] et referenceCellMassDeclared finie >0 pour chaque espèce.","Déclare une espèce: type, nom, famille de phase, coefficients Q6/fermeture et masse cellulaire de référence optionnelle. | Champ canonique interne de SimulationParams utilisé par le parseur et le backend courant.",Ligne ajoutée par comparaison exhaustive du parseur params.kv au commit 36abd23 avec l’inventaire consolidé 0436b. | 0493w5: la masse cellulaire de référence devient obligatoire pour construire le proxy d’occupation de independent_masked. | 0493x14: chaque déclaration peut être complétée par speciesKResamplingEnable et speciesKThermostatTargetKBT; le thermostat séparé conserve la collision SRC commune et agit après collision. | Champ canonique ajouté/recensé depuis l’inventaire 0436b. Les vecteurs speciesDefinitions/openBoundarySegments sont construits après le premier passage du parseur.,speciesK,speciesDefinitions,species0…speciesN-1,,doc/README_0490A_SPECIES_REGISTRY_SCAFFOLD.md;doc/README_0493W5_INDEPENDENT_MASKED_Q6_STAGE1.md;include/simulation_params.h;src/params_io_base.cpp;src/src_collision.cpp;src/thermostat.cpp,,delta parseur 0437–0490p / branche surf commit 36abd23 | mise à jour 0493w5–0493w8 / commit caa5b6b | extension_x14_snapshot_030926 | delta SimulationParams 0437–0490p / branche surf commit 36abd23
speciesDefinitions[K].resamplingEnable,Multi-espèces — registre,"famille dynamique existante, explicitée dans l’inventaire x14",booléen,true pour chaque déclaration,"K entier dans [0,speciesCount-1]",Active/désactive le resampling pour l’espèce K.,Famille dynamique déjà documentée dans le commentaire de SimulationParams mais auparavant seulement implicite dans la ligne speciesK.,speciesKResamplingEnable,,species0ResamplingEnable … speciesN-1ResamplingEnable,,include/simulation_params.h;src/params_io_base.cpp,,extension_x14_snapshot_030926
speciesDefinitions[K].thermostatTargetKBT,Thermostat — multi-espèces x14,ajout 0493x14a; famille dynamique K=0…speciesCount-1,double,négatif => hérite de thermostatTargetKBT puis kBT,"K entier dans [0,speciesCount-1]; valeur résolue finie >0 lorsque speciesThermostatEnable=true; 0 invalide",Cible thermique propre à l’espèce K.,Clé dynamique détectée par parse_species_thermostat_target_key; ne fait pas partie du décompte des clés littérales directes du parseur. | Audit x14ai-fix1 04/09/2026: sémantique params inchangée; aucune nouvelle clé params.kv introduite par x14y--x14ai-fix1.,speciesKThermostatTargetKBT,,species0ThermostatTargetKBT … speciesN-1ThermostatTargetKBT,,include/simulation_params.h;include/species_registry.h;src/params_io_base.cpp,x14ai;x14ai-fix1;x14y,extension_x14_snapshot_030926 | audit_snap_040926_x14ai_fix1_20260904
speciesDiagnosticsEnable,Multi-espèces — dépôt et diagnostics,ajout 0490a–0490p,booléen,false,true/1/yes/on ou false/0/no/off.,Active le bilan global par espèce aux pas de summary.,Ligne ajoutée par comparaison exhaustive du parseur params.kv au commit 36abd23 avec l’inventaire consolidé 0436b. | Champ canonique ajouté/recensé depuis l’inventaire 0436b. Les vecteurs speciesDefinitions/openBoundarySegments sont construits après le premier passage du parseur.,speciesDiagnosticsEnable,speciesDiagnosticsEnable,,POSTCHECK_SPECIES_ENABLE;Q6_GF_SPECIES_DIAGNOSTICS_ENABLE,doc/README_0490A_SPECIES_REGISTRY_SCAFFOLD.md;include/simulation_params.h;src/params_io_base.cpp,,delta parseur 0437–0490p / branche surf commit 36abd23 | delta SimulationParams 0437–0490p / branche surf commit 36abd23
speciesDiagnosticsFilename,Multi-espèces — dépôt et diagnostics,ajout 0490a–0490p,chaîne,species_runtime_0490a.csv,,Nom du CSV global par espèce.,Ligne ajoutée par comparaison exhaustive du parseur params.kv au commit 36abd23 avec l’inventaire consolidé 0436b. | Champ canonique ajouté/recensé depuis l’inventaire 0436b. Les vecteurs speciesDefinitions/openBoundarySegments sont construits après le premier passage du parseur.,speciesDiagnosticsFilename,speciesDiagnosticsFilename,,,doc/README_0490A_SPECIES_REGISTRY_SCAFFOLD.md;include/simulation_params.h;src/params_io_base.cpp,,delta parseur 0437–0490p / branche surf commit 36abd23 | delta SimulationParams 0437–0490p / branche surf commit 36abd23
speciesMassClosureCudaComparisonTolerance,Multi-espèces — fermeture de masse,ajout 0490a–0490p,double,1.0e-11,fini et >=0.,Tolérance des comparaisons de masse cellulaire avant remap.,Ligne ajoutée par comparaison exhaustive du parseur params.kv au commit 36abd23 avec l’inventaire consolidé 0436b. | Champ canonique ajouté/recensé depuis l’inventaire 0436b. Les vecteurs speciesDefinitions/openBoundarySegments sont construits après le premier passage du parseur.,speciesMassClosureCudaComparisonTolerance,speciesMassClosureCudaComparisonTolerance,,,doc/README_0490I_CUDA_SPECIES_MASS_CLOSURE.md;include/simulation_params.h;src/params_io_base.cpp,,delta parseur 0437–0490p / branche surf commit 36abd23 | delta SimulationParams 0437–0490p / branche surf commit 36abd23
speciesMassClosureCudaDiagnosticsFilename,Multi-espèces — dépôt et diagnostics,ajout 0490a–0490p,chaîne,cuda_species_mass_closure_0490i.csv,,Nom du CSV de fermeture de masse CUDA.,Ligne ajoutée par comparaison exhaustive du parseur params.kv au commit 36abd23 avec l’inventaire consolidé 0436b. | Champ canonique ajouté/recensé depuis l’inventaire 0436b. Les vecteurs speciesDefinitions/openBoundarySegments sont construits après le premier passage du parseur.,speciesMassClosureCudaDiagnosticsFilename,speciesMassClosureCudaDiagnosticsFilename,,,doc/README_0490I_CUDA_SPECIES_MASS_CLOSURE.md;include/simulation_params.h;src/params_io_base.cpp,,delta parseur 0437–0490p / branche surf commit 36abd23 | delta SimulationParams 0437–0490p / branche surf commit 36abd23
speciesQ6AlphaEpsilon,Multi-espèces — projection Q6,ajout 0491; étendu 0493w5–0493w8,double,1.0e-14,fini et >0.,Seuil de dégénérescence de la moyenne de force Q6 dans le mode weighted.,Utilisé avec speciesQ6FallbackMode; ne définit pas le support independent_masked.,speciesQ6AlphaEpsilon,speciesQ6AlphaEpsilon,,,doc/README_0493W5_INDEPENDENT_MASKED_Q6_STAGE1.md;doc/README_0493W6_INDEPENDENT_MASKED_POSTAPPLY_DIAGNOSTIC.md;doc/README_0493W7_INDEPENDENT_MASKED_Q6_MULTIBC.md;include/q6_species_distribution_0491a.h;include/simulation_params.h;src/cuda_q6_resident_0400.cu;src/params_io_base.cpp;src/q6_species_distribution_0491a.cpp,,delta params 0491–0493w8 / branche surf commit caa5b6b
speciesQ6ComparisonTolerance,Multi-espèces — projection Q6,ajout 0491; étendu 0493w5–0493w8,double,1.0e-11,fini et >0.,Tolérance des comparaisons CPU/CUDA et des contrats de qualification Q6 par espèce.,Ne modifie pas le solveur physique.,speciesQ6ComparisonTolerance,speciesQ6ComparisonTolerance,,SPECIES_Q6_COMPARISON_TOLERANCE,doc/README_0493W5_INDEPENDENT_MASKED_Q6_STAGE1.md;doc/README_0493W6_INDEPENDENT_MASKED_POSTAPPLY_DIAGNOSTIC.md;doc/README_0493W7_INDEPENDENT_MASKED_Q6_MULTIBC.md;include/q6_species_distribution_0491a.h;include/simulation_params.h;src/cuda_q6_resident_0400.cu;src/params_io_base.cpp;src/q6_species_distribution_0491a.cpp,,delta params 0491–0493w8 / branche surf commit caa5b6b
speciesQ6Enable,Multi-espèces — projection Q6,ajout 0491; étendu 0493w5–0493w8,booléen,false,true/1/yes/on ou false/0/no/off.,Active la distribution ou les solveurs Q6 sensibles aux espèces.,Exige speciesRegistryEnable=true et une projection Q6 active; n’active ni Q6 ni le resampling implicitement.,speciesQ6Enable,speciesQ6Enable,,SPECIES_Q6_ENABLE,doc/README_0493W5_INDEPENDENT_MASKED_Q6_STAGE1.md;doc/README_0493W6_INDEPENDENT_MASKED_POSTAPPLY_DIAGNOSTIC.md;doc/README_0493W7_INDEPENDENT_MASKED_Q6_MULTIBC.md;include/q6_species_distribution_0491a.h;include/simulation_params.h;src/cuda_q6_resident_0400.cu;src/params_io_base.cpp;src/q6_species_distribution_0491a.cpp,,delta params 0491–0493w8 / branche surf commit caa5b6b
speciesQ6FallbackMode,Multi-espèces — projection Q6,ajout 0491; étendu 0493w5–0493w8,enum string,common,common; fatal.,Choisit le repli du mode weighted lorsque la normalisation est dégénérée.,Legacy weighted uniquement; independent_masked n’utilise aucun fallback=common.,speciesQ6FallbackMode,speciesQ6FallbackMode,,SPECIES_Q6_FALLBACK_MODE,doc/README_0493W5_INDEPENDENT_MASKED_Q6_STAGE1.md;doc/README_0493W6_INDEPENDENT_MASKED_POSTAPPLY_DIAGNOSTIC.md;doc/README_0493W7_INDEPENDENT_MASKED_Q6_MULTIBC.md;include/q6_species_distribution_0491a.h;include/simulation_params.h;src/cuda_q6_resident_0400.cu;src/params_io_base.cpp;src/q6_species_distribution_0491a.cpp,,delta params 0491–0493w8 / branche surf commit caa5b6b
speciesQ6MinOccupancyFraction,Multi-espèces — projection Q6,ajout 0491; étendu 0493w5–w8 puis Q6-g-f jusqu’à 0493x7q,double,0.5,"fini dans [0,1].",Seuil de support des modes Q6 masqués; sens dépend du mode.,independent_masked: seuil relatif d’espèce. free_surface_masked: seuil absolu liquide M_liq/M_ref. Le défaut canonique reste 0.5; le profil Q6-g-f final utilise 0.10. x7m distingue explicitement ce support numérique de l’interface alpha=0.5 et supprime l’interface fictive lorsqu’aucun gaz n’est enregistré.,speciesQ6MinOccupancyFraction,speciesQ6MinOccupancyFraction,,Q6_GF_MIN_FILL_FRACTION;SPECIES_Q6_MIN_FILL_FRACTION;SPECIES_Q6_MIN_OCCUPANCY_FRACTION,doc/README_0493W5_INDEPENDENT_MASKED_Q6_STAGE1.md;doc/README_0493W6_INDEPENDENT_MASKED_POSTAPPLY_DIAGNOSTIC.md;doc/README_0493W7_INDEPENDENT_MASKED_Q6_MULTIBC.md;doc/README_0493X5A_PARTIAL_LIQUID_FREE_SURFACE.md;doc/README_0493X6F_PHASE_INTERFACE_STENCIL.md;include/q6_species_distribution_0491a.h;include/simulation_params.h;src/cuda_q6_resident_0400.cu;src/params_io_base.cpp;src/q6_species_distribution_0491a.cpp,x5a;x7m;x7q,mise à jour 0493x5a–0493x7q / Q6-g-f
speciesQ6Mode,Multi-espèces — projection Q6,ajout 0491; étendu 0493w5–0493w8 puis 0493x5a–0493x6g,enum string,common,common; weighted; independent_masked; free_surface_masked.,Sélectionne l’opérateur Q6 multi-espèces / surface libre.,"common/weighted conservent une projection barycentrique unique; independent_masked résout un problème masqué distinct par espèce. free_surface_masked (0493x5a+) projette le liquide sur un support de remplissage absolu; le chemin actuellement qualifié requiert q6ForceProjectionMode=prestream_single_fused, une boîte fermée statique et exactement une espèce projetée. x6f/x6g séparent ensuite interface alpha=0.5, carrier et valeur de pression interfaciale.",speciesQ6Mode,speciesQ6Mode,,KINETIC_REFLECTION_FRACTION;MPCD_CUDA_Q6_RESIDENT_0400;MPCD_CUDA_Q6_RESIDENT_SRC_IO_FULLFACE_0404;MPCD_CUDA_Q6_RESIDENT_SRC_IO_SEGMENTED_0409;MPCD_CUDA_Q6_RESIDENT_SRC_STEP_0401;MPCD_CUDA_Q6_RESIDENT_SRC_WALL_STEP_0402;MPCD_CUDA_Q6_RESIDENT_STRICT_0400;MPCD_CUDA_Q6_RESIDENT_THERMOSTAT_0400;SPECIES_Q6_MODE,doc/README_0493W5_INDEPENDENT_MASKED_Q6_STAGE1.md;doc/README_0493W6_INDEPENDENT_MASKED_POSTAPPLY_DIAGNOSTIC.md;doc/README_0493W7_INDEPENDENT_MASKED_Q6_MULTIBC.md;doc/README_0493X5A_PARTIAL_LIQUID_FREE_SURFACE.md;doc/README_0493X5B_LIQUID_GAS_FREE_SURFACE.md;doc/README_0493X6F_PHASE_INTERFACE_STENCIL.md;doc/README_0493X6G_PHASE_GAS_PRESSURE.md;include/q6_species_distribution_0491a.h;include/simulation_params.h;src/cuda_q6_resident_0400.cu;src/params_io_base.cpp;src/q6_species_distribution_0491a.cpp,x5a;x6f;x6g,delta params 0491–0493w8 / branche surf commit caa5b6b | mise à jour 0493x5a–0493x6g
speciesQ6Sensitivity,Multi-espèces — projection Q6,ajout 0491; étendu 0493w5–0493w8,double,0.0,"fini dans [0,1].",Règle l’intensité de la différenciation des poids du mode weighted.,Sans effet sur independent_masked; eta=0 redonne common.,speciesQ6Sensitivity,speciesQ6Sensitivity,,SPECIES_Q6_SENSITIVITY,doc/README_0493W5_INDEPENDENT_MASKED_Q6_STAGE1.md;doc/README_0493W6_INDEPENDENT_MASKED_POSTAPPLY_DIAGNOSTIC.md;doc/README_0493W7_INDEPENDENT_MASKED_Q6_MULTIBC.md;include/q6_species_distribution_0491a.h;include/simulation_params.h;src/cuda_q6_resident_0400.cu;src/params_io_base.cpp;src/q6_species_distribution_0491a.cpp,,delta params 0491–0493w8 / branche surf commit caa5b6b
speciesRegistryEnable,Multi-espèces — registre,ajout 0490a–0490p,booléen,false,true/1/yes/on ou false/0/no/off.,Active le registre reliant les valeurs de type aux espèces et familles de phase.,Ligne ajoutée par comparaison exhaustive du parseur params.kv au commit 36abd23 avec l’inventaire consolidé 0436b. | Champ canonique ajouté/recensé depuis l’inventaire 0436b. Les vecteurs speciesDefinitions/openBoundarySegments sont construits après le premier passage du parseur.,speciesRegistryEnable,speciesRegistryEnable,,,doc/README_0490A_SPECIES_REGISTRY_SCAFFOLD.md;include/simulation_params.h;src/params_io_base.cpp,,delta parseur 0437–0490p / branche surf commit 36abd23 | delta SimulationParams 0437–0490p / branche surf commit 36abd23
speciesRequireRegisteredTypes,Multi-espèces — registre,ajout 0490a–0490p,booléen,false,true/1/yes/on ou false/0/no/off.,Refuse tout type Fluid/Latent non enregistré; les slots Inactive sont exclus.,Ligne ajoutée par comparaison exhaustive du parseur params.kv au commit 36abd23 avec l’inventaire consolidé 0436b. | Champ canonique ajouté/recensé depuis l’inventaire 0436b. Les vecteurs speciesDefinitions/openBoundarySegments sont construits après le premier passage du parseur.,speciesRequireRegisteredTypes,speciesRequireRegisteredTypes,,,doc/README_0490A_SPECIES_REGISTRY_SCAFFOLD.md;include/simulation_params.h;src/params_io_base.cpp,,delta parseur 0437–0490p / branche surf commit 36abd23 | delta SimulationParams 0437–0490p / branche surf commit 36abd23
speciesResamplingCudaResidentDepositsEnable,Multi-espèces — chemin CUDA résident,ajout 0490a–0490p,booléen,false,true/1/yes/on ou false/0/no/off.,Remplace les dépôts pondérés CPU par les dépôts résidents 0490h/0490n.,Ligne ajoutée par comparaison exhaustive du parseur params.kv au commit 36abd23 avec l’inventaire consolidé 0436b. | Champ canonique ajouté/recensé depuis l’inventaire 0436b. Les vecteurs speciesDefinitions/openBoundarySegments sont construits après le premier passage du parseur.,speciesResamplingCudaResidentDepositsEnable,speciesResamplingCudaResidentDepositsEnable,,,doc/README_0490N_CUDA_SPECIES_RESIDENT_MAINTENANCE.md;doc/README_0490P_DEVICE_CELL_POLICY_ZERO_CPU.md;include/simulation_params.h;src/params_io_base.cpp,,delta parseur 0437–0490p / branche surf commit 36abd23 | delta SimulationParams 0437–0490p / branche surf commit 36abd23
speciesResamplingCudaResidentFastPathEnable,Multi-espèces — chemin CUDA résident,ajout 0490a–0490p,booléen,false,true/1/yes/on ou false/0/no/off.,Active le passage direct plan CUDA vers matérialisation et mutation résidente 0490m.,Ligne ajoutée par comparaison exhaustive du parseur params.kv au commit 36abd23 avec l’inventaire consolidé 0436b. | Champ canonique ajouté/recensé depuis l’inventaire 0436b. Les vecteurs speciesDefinitions/openBoundarySegments sont construits après le premier passage du parseur.,speciesResamplingCudaResidentFastPathEnable,speciesResamplingCudaResidentFastPathEnable,,,doc/README_0490M_CUDA_SPECIES_RESIDENT_FAST_PATH.md;include/simulation_params.h;src/params_io_base.cpp,,delta parseur 0437–0490p / branche surf commit 36abd23 | delta SimulationParams 0437–0490p / branche surf commit 36abd23
speciesResamplingCudaResidentMaintenanceStrict,Multi-espèces — chemin CUDA résident,ajout 0490a–0490p,booléen,false,true/1/yes/on ou false/0/no/off.,Interdit tout fallback CPU de maintenance et impose les composants résidents.,Ligne ajoutée par comparaison exhaustive du parseur params.kv au commit 36abd23 avec l’inventaire consolidé 0436b. | Champ canonique ajouté/recensé depuis l’inventaire 0436b. Les vecteurs speciesDefinitions/openBoundarySegments sont construits après le premier passage du parseur.,speciesResamplingCudaResidentMaintenanceStrict,speciesResamplingCudaResidentMaintenanceStrict,,,doc/README_0490N_CUDA_SPECIES_RESIDENT_MAINTENANCE.md;doc/README_0490P_DEVICE_CELL_POLICY_ZERO_CPU.md;include/simulation_params.h;src/params_io_base.cpp,,delta parseur 0437–0490p / branche surf commit 36abd23 | delta SimulationParams 0437–0490p / branche surf commit 36abd23
speciesResamplingCudaResidentPoolEnable,Multi-espèces — chemin CUDA résident,ajout 0490a–0490p,booléen,false,true/1/yes/on ou false/0/no/off.,Remplace la reconstruction CPU du pool par les listes de rôles CUDA résidentes.,Ligne ajoutée par comparaison exhaustive du parseur params.kv au commit 36abd23 avec l’inventaire consolidé 0436b. | Champ canonique ajouté/recensé depuis l’inventaire 0436b. Les vecteurs speciesDefinitions/openBoundarySegments sont construits après le premier passage du parseur.,speciesResamplingCudaResidentPoolEnable,speciesResamplingCudaResidentPoolEnable,,,doc/README_0490N_CUDA_SPECIES_RESIDENT_MAINTENANCE.md;doc/README_0490P_DEVICE_CELL_POLICY_ZERO_CPU.md;include/simulation_params.h;src/params_io_base.cpp,,delta parseur 0437–0490p / branche surf commit 36abd23 | delta SimulationParams 0437–0490p / branche surf commit 36abd23
speciesResamplingCudaResidentValidationEnable,Multi-espèces — chemin CUDA résident,ajout 0490a–0490p,booléen,false,true/1/yes/on ou false/0/no/off.,Active la porte stricte 0490l sans plan/opérations CPU de secours.,Ligne ajoutée par comparaison exhaustive du parseur params.kv au commit 36abd23 avec l’inventaire consolidé 0436b. | Champ canonique ajouté/recensé depuis l’inventaire 0436b. Les vecteurs speciesDefinitions/openBoundarySegments sont construits après le premier passage du parseur.,speciesResamplingCudaResidentValidationEnable,speciesResamplingCudaResidentValidationEnable,,,doc/README_0490A_SPECIES_REGISTRY_SCAFFOLD.md;include/simulation_params.h;src/params_io_base.cpp,,delta parseur 0437–0490p / branche surf commit 36abd23 | delta SimulationParams 0437–0490p / branche surf commit 36abd23
speciesResamplingMassClosureCudaEnable,Multi-espèces — fermeture de masse,ajout 0490a–0490p,booléen,false,true/1/yes/on ou false/0/no/off.,Exécute la fermeture multi-espèces sur l’état CUDA partagé.,Ligne ajoutée par comparaison exhaustive du parseur params.kv au commit 36abd23 avec l’inventaire consolidé 0436b. | Champ canonique ajouté/recensé depuis l’inventaire 0436b. Les vecteurs speciesDefinitions/openBoundarySegments sont construits après le premier passage du parseur.,speciesResamplingMassClosureCudaEnable,speciesResamplingMassClosureCudaEnable,,,doc/README_0490I_CUDA_SPECIES_MASS_CLOSURE.md;include/simulation_params.h;src/params_io_base.cpp,,delta parseur 0437–0490p / branche surf commit 36abd23 | delta SimulationParams 0437–0490p / branche surf commit 36abd23
speciesResamplingMassClosureEnable,Multi-espèces — fermeture de masse,ajout 0490a–0490p,booléen,false,true/1/yes/on ou false/0/no/off.,Active la fermeture de masse dépendante de la composition.,Ligne ajoutée par comparaison exhaustive du parseur params.kv au commit 36abd23 avec l’inventaire consolidé 0436b. | Champ canonique ajouté/recensé depuis l’inventaire 0436b. Les vecteurs speciesDefinitions/openBoundarySegments sont construits après le premier passage du parseur.,speciesResamplingMassClosureEnable,speciesResamplingMassClosureEnable,,,doc/README_0490I_CUDA_SPECIES_MASS_CLOSURE.md;include/simulation_params.h;src/params_io_base.cpp,,delta parseur 0437–0490p / branche surf commit 36abd23 | delta SimulationParams 0437–0490p / branche surf commit 36abd23
speciesResamplingPopulationGuardCudaEnable,Multi-espèces — garde de population,ajout 0490a–0490p,booléen,false,true/1/yes/on ou false/0/no/off.,Active la sélection d’espèce dans le garde de population CUDA 0297.,Ligne ajoutée par comparaison exhaustive du parseur params.kv au commit 36abd23 avec l’inventaire consolidé 0436b. | Champ canonique ajouté/recensé depuis l’inventaire 0436b. Les vecteurs speciesDefinitions/openBoundarySegments sont construits après le premier passage du parseur.,speciesResamplingPopulationGuardCudaEnable,speciesResamplingPopulationGuardCudaEnable,,,doc/README_0490J_CUDA_SPECIES_POPULATION_GUARD.md;include/simulation_params.h;src/params_io_base.cpp,,delta parseur 0437–0490p / branche surf commit 36abd23 | delta SimulationParams 0437–0490p / branche surf commit 36abd23
speciesResamplingPopulationGuardEnable,Multi-espèces — garde de population,ajout 0490a–0490p,booléen,false,true/1/yes/on ou false/0/no/off.,Active la sélection d’espèce du garde de population CPU.,Ligne ajoutée par comparaison exhaustive du parseur params.kv au commit 36abd23 avec l’inventaire consolidé 0436b. | Champ canonique ajouté/recensé depuis l’inventaire 0436b. Les vecteurs speciesDefinitions/openBoundarySegments sont construits après le premier passage du parseur.,speciesResamplingPopulationGuardEnable,speciesResamplingPopulationGuardEnable,,,doc/README_0490E_SPECIES_POPULATION_GUARD.md;include/simulation_params.h;src/params_io_base.cpp,,delta parseur 0437–0490p / branche surf commit 36abd23 | delta SimulationParams 0437–0490p / branche surf commit 36abd23
speciesResamplingTransferCudaEnable,Multi-espèces — transferts donneur/receveur,ajout 0490a–0490p,booléen,false,true/1/yes/on ou false/0/no/off.,Active le plan natif CUDA de transferts contraints par type.,Ligne ajoutée par comparaison exhaustive du parseur params.kv au commit 36abd23 avec l’inventaire consolidé 0436b. | Champ canonique ajouté/recensé depuis l’inventaire 0436b. Les vecteurs speciesDefinitions/openBoundarySegments sont construits après le premier passage du parseur.,speciesResamplingTransferCudaEnable,speciesResamplingTransferCudaEnable,,,doc/README_0490K_CUDA_SPECIES_TRANSFER_PLAN.md;include/simulation_params.h;src/params_io_base.cpp,,delta parseur 0437–0490p / branche surf commit 36abd23 | delta SimulationParams 0437–0490p / branche surf commit 36abd23
speciesResamplingTransferEnable,Multi-espèces — transferts donneur/receveur,ajout 0490a–0490p,booléen,false,true/1/yes/on ou false/0/no/off.,Active le plan CPU de transferts donneur–receveur contraint par type.,Ligne ajoutée par comparaison exhaustive du parseur params.kv au commit 36abd23 avec l’inventaire consolidé 0436b. | Champ canonique ajouté/recensé depuis l’inventaire 0436b. Les vecteurs speciesDefinitions/openBoundarySegments sont construits après le premier passage du parseur.,speciesResamplingTransferEnable,speciesResamplingTransferEnable,,,doc/README_0490G_SPECIES_DONOR_RECEIVER_TRANSFERS.md;include/simulation_params.h;src/params_io_base.cpp,,delta parseur 0437–0490p / branche surf commit 36abd23 | delta SimulationParams 0437–0490p / branche surf commit 36abd23
speciesThermostatEnable,Thermostat — multi-espèces x14,ajout 0493x14a; actif dans la chaîne liquide/gaz x14,booléen,false,"true requiert thermostatEnable=true, registre d’espèces non vide, speciesRequireRegisteredTypes=true et une cible kBT positive finie résolue pour chaque espèce | mêmes gardes que la clé params",Conserve la collision SRC commune au mélange mais applique ensuite une remise à température séparée par type enregistré. | Champ SimulationParams activant le thermostat séparé par espèce.,"Opt-in; false préserve le chemin thermostat all-fluid historique. En CUDA résident, le workspace cellulaire est réutilisé successivement par espèce. | Audit x14ai-fix1 04/09/2026: sémantique params inchangée; aucune nouvelle clé params.kv introduite par x14y--x14ai-fix1. | Défaut false pour non-régression.",speciesThermostatEnable,speciesThermostatEnable,,SPECIES_THERMOSTAT_ENABLE,include/simulation_params.h;src/cuda_q6_resident_0400.cu;src/params_io_base.cpp;src/src_collision.cpp;src/thermostat.cpp,x14ai;x14ai-fix1;x14y,extension_x14_snapshot_030926 | audit_snap_040926_x14ai_fix1_20260904
speciesTransferCudaComparisonTolerance,Multi-espèces — transferts donneur/receveur,ajout 0490a–0490p,double,1.0e-11,fini et >=0.,Tolérance de comparaison du plan CPU/CUDA.,Ligne ajoutée par comparaison exhaustive du parseur params.kv au commit 36abd23 avec l’inventaire consolidé 0436b. | Champ canonique ajouté/recensé depuis l’inventaire 0436b. Les vecteurs speciesDefinitions/openBoundarySegments sont construits après le premier passage du parseur.,speciesTransferCudaComparisonTolerance,speciesTransferCudaComparisonTolerance,,,doc/README_0490K_CUDA_SPECIES_TRANSFER_PLAN.md;include/simulation_params.h;src/params_io_base.cpp,,delta parseur 0437–0490p / branche surf commit 36abd23 | delta SimulationParams 0437–0490p / branche surf commit 36abd23
speciesTransferCudaDiagnosticsFilename,Multi-espèces — dépôt et diagnostics,ajout 0490a–0490p,chaîne,cuda_species_transfer_plan_0490k.csv,,Nom du CSV de plan de transfert CUDA.,Ligne ajoutée par comparaison exhaustive du parseur params.kv au commit 36abd23 avec l’inventaire consolidé 0436b. | Champ canonique ajouté/recensé depuis l’inventaire 0436b. Les vecteurs speciesDefinitions/openBoundarySegments sont construits après le premier passage du parseur.,speciesTransferCudaDiagnosticsFilename,speciesTransferCudaDiagnosticsFilename,,,doc/README_0490K_CUDA_SPECIES_TRANSFER_PLAN.md;include/simulation_params.h;src/params_io_base.cpp,,delta parseur 0437–0490p / branche surf commit 36abd23 | delta SimulationParams 0437–0490p / branche surf commit 36abd23
srcClassicCudaModeEnable,CUDA — mode SRC classic,existant catalogue 0292 | alias accepté | canonique,booléen,false,booléen: true/1/yes/on ou false/0/no/off,"Sélecteur .kv du chemin SRC/MPCD classic, séparé de la fermeture liquide. | Active le mode SRC classic complet; en CUDA 0286, le chemin classic full CUDA est la voie principale validée.",Force le mode SRC classic complet: advection/streaming + shift + collision/rotation + thermostat. Court-circuite les fermetures Q6/resampling/viriel dans le driver; à utiliser pour les démos/validations classic CUDA 0275–0286.,srcClassicCudaModeEnable;classicSrcCudaMode;classicSrcCudaModeEnable;classicSrcModeEnable,srcClassicCudaModeEnable,classicSrcCudaMode;classicSrcCudaModeEnable;classicSrcModeEnable,,doc/GPU_SRC_CLASSIC_CUDA_STATUS_0286.md;include/simulation_params.h;src/params_io_base.cpp,,src_mpcd_params_catalogue_0292_cuda.csv | src_mpcd_params_cles_acceptees_0292_cuda.csv
StateInit.initialInactiveSlots,État particulaire / pool inactif,documenté 0426,entier,0 ou fonction de gamma*Nx*Ny,>=0,Réserve des slots inactifs dans l’état initial pour injection/remplissage.,Particulièrement utile dans les scripts segmentés Darcy avec reservoir/inlet.,initialInactiveSlots,,INACTIVE_SLOTS,,doc/README_0426_DARCY_FASTFLAGS.md;scripts/run_src_classic_cuda_darcy_chi_backward_step_0425.sh;scripts/run_src_classic_cuda_darcy_chi_lr_segments_0411.sh;scripts/run_src_classic_cuda_darcy_chi_naca_periodic_0414.sh,,src_mpcd_params_inventory_consolidated_0365.csv + compléments Darcy/Brinkman/livevis 0411-0426
summaryEvery,I/O et exécution,existant catalogue 0292 | canonique,entier,10,entier > 0,Cadence d’écriture de summary_runtime.csv et d’affichage de progression.,,summaryEvery,summaryEvery,,MPCD_X10L_PREWALL_INTERFACE_DIAGNOSTICS,include/simulation_params.h;src/params_io_base.cpp,,src_mpcd_params_catalogue_0292_cuda.csv | src_mpcd_params_cles_acceptees_0292_cuda.csv
summaryRoleFilter,Summaries runtime | Sorties compactes — aliases rôle,ajout 0314 | alias accepté; complété inventaire 0490p,all|fluid | chaîne,all dans le cœur; fluid dans scripts visuels | all,,Contrôle si les summaries parcourent tous les slots ou un état compact fluide. | Alias de summaryRoleFilter.,fluid réduit le coût lorsque INACTIVE_SLOTS est grand. | Ligne ajoutée par comparaison exhaustive du parseur params.kv au commit 36abd23 avec l’inventaire consolidé 0436b.,summaryParticleRoleFilter,,summaryRoleFilter,SUMMARY_ROLE_FILTER,include/simulation_params.h;src/params_io_base.cpp,,src_mpcd_cuda_livevis_inventory_0314_to_0339a.csv | src_mpcd_cuda_livevis_inventory_0314_to_0342a.csv | src_mpcd_cuda_resampling_params_delta_0314.csv | src_mpcd_cuda_resampling_params_delta_0314_to_0337_livevis.csv | delta parseur 0437–0490p / branche surf commit 36abd23
surfaceTensionMinRadiusCells,Q6-G-F — tension superficielle / interface,"0493x9r actif; choix de campagne x12 (JFM/x12yl=4, x12cal=3) | alias parser accepté; choix de campagne x12",double fini >= 0,0.0,">=0; 0 = no-op; valeur numérique de résolution, non constante physique universelle | >=0; 0 = no-op; recommandé actuel 3 pour les cas x9r",Rayon minimal résolu en cellules pour la courbure utilisée uniquement dans sigma*kappa.,"0493x9r: kappaLimit=1/(N_R*min(dx,dy)); le clip agit sur la courbure utilisée dans sigma*kappa, pas sur le champ brut. Le défaut struct reste 0.0. Il n'existe plus de 'choix 3' universel: x12b/x12c/x12d JFM et x12yl utilisent 4 par défaut; x12cal dynamique et certains anciens runners splash x12a utilisent 3.",surfaceTensionMinRadiusCells;q6GfSurfaceTensionMinRadiusCells,surfaceTensionMinRadiusCells,q6GfSurfaceTensionMinRadiusCells,SURFACE_TENSION_MIN_RADIUS_CELLS,include/simulation_params.h;scripts/run_0493x12cal_capillary_calibrator.sh;scripts/run_0493x12d_jfm524_measurement_case.sh;scripts/run_0493x12yl_young_laplace_calibrator.sh;src/cuda_q6_resident_0400.cu;src/params_io_base.cpp,x10q;x11c;x12a;x12b;x12c;x12cal;x12d;x12yl;x8k;x8t;x9d;x9r,cycle_0493x8k_x8t + 0493x9d_x9r + 0493x10q_x11c_surface_tension_20260822 + snap_260826_code_audit_20260826 | cycle_0493x8k_x8t + 0493x9d_x9r_surface_tension_20260819 + snap_260826_code_audit_20260826
surfaceTensionSigma,Q6-G-F — tension superficielle / interface,0493x9d actif; calibration mécanique x12yl + calibration dynamique séparée x12cal; utilisé JFM x12d | alias parser accepté de surfaceTensionSigma; actif,double fini >= 0,0.0,>=0; 0 = no-op exact,Coefficient de tension superficielle utilisé dans le saut de Laplace p_A-p_B=sigma*kappa sur l’interface Q6-G-F.,"0493x9d: saut de Laplace via phiGamma_cap=dt*sigma*kappa/rhoARef, sans force CSF/kick particulaire direct. État x12: distinguer strictement la calibration mécanique/statique x12yl (Young-Laplace apparié sigma>0/sigma=0 avec courbure mesurée) de la dispersion dynamique des ondes x12cal. Le script x12yl définit sigma_eff comme propriété mécanique scalaire; la dispersion capillaire n'est pas à replier automatiquement dans une renormalisation unique de sigma. Le benchmark JFM x12d écrit directement surfaceTensionSigma depuis SIGMA_ACTIVE. | Alias parser exact. Même physique et mêmes distinctions x12yl (mécanique/statique) vs x12cal (dynamique) que surfaceTensionSigma.",surfaceTensionSigma;q6GfSurfaceTensionSigma,surfaceTensionSigma,q6GfSurfaceTensionSigma,SIGMA_ACTIVE,include/simulation_params.h;scripts/analyze_0493x12yl_young_laplace_calibrator.py;scripts/run_0493x12cal_capillary_calibrator.sh;scripts/run_0493x12d_jfm524_measurement_case.sh;src/cuda_q6_resident_0400.cu;src/params_io_base.cpp,x10q;x11c;x12cal;x12d;x12yl;x8k;x8t;x9d;x9r,cycle_0493x8k_x8t + 0493x9d_x9r + 0493x10q_x11c_surface_tension_20260822 + snap_260826_code_audit_20260826 | cycle_0493x8k_x8t + 0493x9d_x9r_surface_tension_20260819 + snap_260826_code_audit_20260826
targetMeanUx,Forçage et contrôle d’écoulement,existant catalogue 0292 | alias accepté | canonique,double,0.0,nombre réel fini,Vitesse moyenne cible en x.,Pris en compte si keepMeanFlowEnable=true.,targetMeanUx;U0;meanFlowUx,targetMeanUx,U0;meanFlowUx,,include/simulation_params.h;src/params_io_base.cpp,,src_mpcd_params_catalogue_0292_cuda.csv | src_mpcd_params_cles_acceptees_0292_cuda.csv
targetMeanUy,Forçage et contrôle d’écoulement,existant catalogue 0292 | alias accepté | canonique,double,0.0,nombre réel fini,Vitesse moyenne cible en y.,Pris en compte si keepMeanFlowEnable=true.,targetMeanUy;meanFlowUy,targetMeanUy,meanFlowUy,,include/simulation_params.h;src/params_io_base.cpp,,src_mpcd_params_catalogue_0292_cuda.csv | src_mpcd_params_cles_acceptees_0292_cuda.csv
taylorGreenForcingAmplitude,Forçage Taylor–Green,existant catalogue 0292 | canonique | alias accepté,double,0.0,>= 0,Amplitude A du forçage Taylor–Green.,Utilisé seulement si taylorGreenForcingEnable=true.,taylorGreenForcingAmplitude;tgForceAmplitude;tgForcingAmplitude,taylorGreenForcingAmplitude,tgForceAmplitude;tgForcingAmplitude,,include/simulation_params.h;src/params_io_base.cpp,,src_mpcd_params_catalogue_0292_cuda.csv | src_mpcd_params_cles_acceptees_0292_cuda.csv
taylorGreenForcingEnable,Forçage Taylor–Green,existant catalogue 0292 | canonique | alias accepté,booléen,false,booléen: true/1/yes/on ou false/0/no/off,Active un forçage corporel périodique divergence-free de type Taylor–Green.,Restreint aux domaines périodiques x et y.,taylorGreenForcingEnable;tgForcingEnable,taylorGreenForcingEnable,tgForcingEnable,,include/simulation_params.h;src/params_io_base.cpp,,src_mpcd_params_catalogue_0292_cuda.csv | src_mpcd_params_cles_acceptees_0292_cuda.csv
taylorGreenForcingModeX,Forçage Taylor–Green,existant catalogue 0292 | canonique | alias accepté,entier,1,> 0,Nombre d’onde entier en x du forçage Taylor–Green.,Utilisé seulement si taylorGreenForcingEnable=true.,taylorGreenForcingModeX;tgForcingModeX,taylorGreenForcingModeX,tgForcingModeX,,include/simulation_params.h;src/params_io_base.cpp,,src_mpcd_params_catalogue_0292_cuda.csv | src_mpcd_params_cles_acceptees_0292_cuda.csv
taylorGreenForcingModeY,Forçage Taylor–Green,existant catalogue 0292 | canonique | alias accepté,entier,1,> 0,Nombre d’onde entier en y du forçage Taylor–Green.,Utilisé seulement si taylorGreenForcingEnable=true.,taylorGreenForcingModeY;tgForcingModeY,taylorGreenForcingModeY,tgForcingModeY,,include/simulation_params.h;src/params_io_base.cpp,,src_mpcd_params_catalogue_0292_cuda.csv | src_mpcd_params_cles_acceptees_0292_cuda.csv
thermostatEnable,Thermostat,existant catalogue 0292 | canonique,booléen,false,booléen: true/1/yes/on ou false/0/no/off,Active le thermostat mass-aware par cellule. Pilote effectivement le thermostat quel que soit le backend CPU/GPU. | Active/désactive physiquement le thermostat en CPU et en GPU; 0291b empêche les flags CUDA de forcer le thermostat si false.,"0291b: commutateur physique unique du thermostat. Si false, le thermostat est désactivé en CPU et en GPU; les variables CUDA ne peuvent plus forcer un thermostat fusionné. | 0493x14: speciesThermostatEnable=true requiert thermostatEnable=true; la collision reste commune, seule la remise à température est séparée par espèce.",thermostatEnable,thermostatEnable,,MPCD_CUDA_PERSISTENT_SRC_THERMOSTAT_SHARED_0251_0260;MPCD_CUDA_PERSISTENT_SRC_THERMOSTAT_USE;THERMOSTAT_ENABLE,include/simulation_params.h;src/params_io_base.cpp;src/src_collision.cpp,,src_mpcd_params_catalogue_0292_cuda.csv | extension_x14_snapshot_030926 | src_mpcd_params_cles_acceptees_0292_cuda.csv
thermostatEpsilon,Thermostat,existant catalogue 0292 | canonique,double,1.0e-30,>0 si thermostatEnable=true,Seuil numérique anti-division par zéro du thermostat.,,thermostatEpsilon,thermostatEpsilon,,,include/simulation_params.h;src/params_io_base.cpp,,src_mpcd_params_catalogue_0292_cuda.csv | src_mpcd_params_cles_acceptees_0292_cuda.csv
thermostatEvery,Thermostat,existant catalogue 0292 | canonique,entier,1,>0 si thermostatEnable=true,Cadence du thermostat en pas de temps.,,thermostatEvery,thermostatEvery,,,include/simulation_params.h;src/params_io_base.cpp,,src_mpcd_params_catalogue_0292_cuda.csv | src_mpcd_params_cles_acceptees_0292_cuda.csv
thermostatMinParticles,Thermostat,existant catalogue 0292 | canonique,entier,3,>=2 si thermostatEnable=true,Nombre minimal de particules d’une cellule pour thermostat.,,thermostatMinParticles,thermostatMinParticles,,,include/simulation_params.h;src/params_io_base.cpp,,src_mpcd_params_catalogue_0292_cuda.csv | src_mpcd_params_cles_acceptees_0292_cuda.csv
thermostatMode,Thermostat,existant catalogue 0292 | canonique,enum string,cell_relative_rescale,cell_relative_rescale,Mode de thermostat: rescale des vitesses relatives au centre de masse cellulaire.,Si thermostatEnable=true.,thermostatMode,thermostatMode,,,include/simulation_params.h;src/params_io_base.cpp,,src_mpcd_params_catalogue_0292_cuda.csv | src_mpcd_params_cles_acceptees_0292_cuda.csv
thermostatTargetKBT,Thermostat,existant catalogue 0292 | canonique,double,-1.0,négatif => hérite de kBT; sinon >0; 0 invalide si actif,Température cinétique cible du thermostat.,"Si thermostatEnable=true et valeur négative, kBT doit être >0. | 0493x14: lorsque speciesThermostatEnable=true, les cibles speciesKThermostatTargetKBT résolues prennent le relais par type.",thermostatTargetKBT,thermostatTargetKBT,,,include/simulation_params.h;src/params_io_base.cpp,,src_mpcd_params_catalogue_0292_cuda.csv | extension_x14_snapshot_030926 | src_mpcd_params_cles_acceptees_0292_cuda.csv
TopoBenchmarkConfig.topoBenchmarkDragLiftEnable,Darcy/Brinkman — benchmark topo,ajout 0348a/0348b,booléen,true,true/false,Active les projections drag/lift proxy.,"Observables proxy : à interpréter comme force de pénalisation volumique, pas effort pariétal exact.",topoBenchmarkDragLiftEnable,,TOPO_BENCHMARK_DRAG_LIFT_ENABLE,,doc/README_0426_DARCY_FASTFLAGS.md;scripts/run_src_classic_cuda_darcy_chi_backward_step_0425.sh;scripts/run_src_classic_cuda_darcy_chi_lr_segments_0411.sh;scripts/run_src_classic_cuda_darcy_chi_naca_periodic_0414.sh,,src_mpcd_params_inventory_consolidated_0365.csv + compléments Darcy/Brinkman/livevis 0411-0426
TopoBenchmarkConfig.topoBenchmarkEnable,Darcy/Brinkman — benchmark topo,ajout 0348a/0348b,booléen,true,true/false,Active le benchmark topologique optionnel.,"Observables proxy : à interpréter comme force de pénalisation volumique, pas effort pariétal exact.",topoBenchmarkEnable,,TOPO_BENCHMARK_ENABLE,,doc/README_0426_DARCY_FASTFLAGS.md;scripts/run_src_classic_cuda_darcy_chi_backward_step_0425.sh;scripts/run_src_classic_cuda_darcy_chi_lr_segments_0411.sh;scripts/run_src_classic_cuda_darcy_chi_naca_periodic_0414.sh,,src_mpcd_params_inventory_consolidated_0365.csv + compléments Darcy/Brinkman/livevis 0411-0426
TopoBenchmarkConfig.topoBenchmarkEvery,Darcy/Brinkman — benchmark topo,ajout 0348a/0348b,entier,darcyCostEvery,>=1,Cadence d’écriture des observables topo.,"Observables proxy : à interpréter comme force de pénalisation volumique, pas effort pariétal exact.",topoBenchmarkEvery,,TOPO_BENCHMARK_EVERY,,doc/README_0426_DARCY_FASTFLAGS.md;scripts/run_src_classic_cuda_darcy_chi_backward_step_0425.sh;scripts/run_src_classic_cuda_darcy_chi_lr_segments_0411.sh;scripts/run_src_classic_cuda_darcy_chi_naca_periodic_0414.sh,,src_mpcd_params_inventory_consolidated_0365.csv + compléments Darcy/Brinkman/livevis 0411-0426
TopoBenchmarkConfig.topoBenchmarkFilename,Darcy/Brinkman — benchmark topo,ajout 0348a/0348b,nom fichier,topo_benchmark_0348.csv,chemin relatif outputDir,Nom du CSV benchmark topo.,"Observables proxy : à interpréter comme force de pénalisation volumique, pas effort pariétal exact.",topoBenchmarkFilename,,TOPO_BENCHMARK_FILENAME,,doc/README_0426_DARCY_FASTFLAGS.md;scripts/run_src_classic_cuda_darcy_chi_backward_step_0425.sh;scripts/run_src_classic_cuda_darcy_chi_lr_segments_0411.sh;scripts/run_src_classic_cuda_darcy_chi_naca_periodic_0414.sh,,src_mpcd_params_inventory_consolidated_0365.csv + compléments Darcy/Brinkman/livevis 0411-0426
TopoBenchmarkConfig.topoBenchmarkFlowDirX,Darcy/Brinkman — benchmark topo,ajout 0348a/0348b,double,1.0,vecteur direction,Composante x de la direction drag/écoulement.,"Observables proxy : à interpréter comme force de pénalisation volumique, pas effort pariétal exact.",topoBenchmarkFlowDirX,,TOPO_BENCHMARK_FLOW_DIR_X,,doc/README_0426_DARCY_FASTFLAGS.md;scripts/run_src_classic_cuda_darcy_chi_backward_step_0425.sh;scripts/run_src_classic_cuda_darcy_chi_lr_segments_0411.sh;scripts/run_src_classic_cuda_darcy_chi_naca_periodic_0414.sh,,src_mpcd_params_inventory_consolidated_0365.csv + compléments Darcy/Brinkman/livevis 0411-0426
TopoBenchmarkConfig.topoBenchmarkFlowDirY,Darcy/Brinkman — benchmark topo,ajout 0348a/0348b,double,0.0,vecteur direction,Composante y de la direction drag/écoulement.,"Observables proxy : à interpréter comme force de pénalisation volumique, pas effort pariétal exact.",topoBenchmarkFlowDirY,,TOPO_BENCHMARK_FLOW_DIR_Y,,doc/README_0426_DARCY_FASTFLAGS.md;scripts/run_src_classic_cuda_darcy_chi_backward_step_0425.sh;scripts/run_src_classic_cuda_darcy_chi_lr_segments_0411.sh;scripts/run_src_classic_cuda_darcy_chi_naca_periodic_0414.sh,,src_mpcd_params_inventory_consolidated_0365.csv + compléments Darcy/Brinkman/livevis 0411-0426
TopoBenchmarkConfig.topoBenchmarkForceEnable,Darcy/Brinkman — benchmark topo,ajout 0348a/0348b,booléen,true,true/false,Active les observables de force Darcy cell-based.,"Observables proxy : à interpréter comme force de pénalisation volumique, pas effort pariétal exact.",topoBenchmarkForceEnable,,TOPO_BENCHMARK_FORCE_ENABLE,,doc/README_0426_DARCY_FASTFLAGS.md;scripts/run_src_classic_cuda_darcy_chi_backward_step_0425.sh;scripts/run_src_classic_cuda_darcy_chi_lr_segments_0411.sh;scripts/run_src_classic_cuda_darcy_chi_naca_periodic_0414.sh,,src_mpcd_params_inventory_consolidated_0365.csv + compléments Darcy/Brinkman/livevis 0411-0426
TopoBenchmarkConfig.topoBenchmarkLiftDirX,Darcy/Brinkman — benchmark topo,ajout 0348a/0348b,double,0.0,vecteur direction,Composante x de la direction lift.,"Observables proxy : à interpréter comme force de pénalisation volumique, pas effort pariétal exact.",topoBenchmarkLiftDirX,,TOPO_BENCHMARK_LIFT_DIR_X,,doc/README_0426_DARCY_FASTFLAGS.md;scripts/run_src_classic_cuda_darcy_chi_backward_step_0425.sh;scripts/run_src_classic_cuda_darcy_chi_lr_segments_0411.sh;scripts/run_src_classic_cuda_darcy_chi_naca_periodic_0414.sh,,src_mpcd_params_inventory_consolidated_0365.csv + compléments Darcy/Brinkman/livevis 0411-0426
TopoBenchmarkConfig.topoBenchmarkLiftDirY,Darcy/Brinkman — benchmark topo,ajout 0348a/0348b,double,1.0,vecteur direction,Composante y de la direction lift.,"Observables proxy : à interpréter comme force de pénalisation volumique, pas effort pariétal exact.",topoBenchmarkLiftDirY,,TOPO_BENCHMARK_LIFT_DIR_Y,,doc/README_0426_DARCY_FASTFLAGS.md;scripts/run_src_classic_cuda_darcy_chi_backward_step_0425.sh;scripts/run_src_classic_cuda_darcy_chi_lr_segments_0411.sh;scripts/run_src_classic_cuda_darcy_chi_naca_periodic_0414.sh,,src_mpcd_params_inventory_consolidated_0365.csv + compléments Darcy/Brinkman/livevis 0411-0426
topOpenXMax,Clés supprimées — migration vers segments 0143,supprimé 0143; rejet explicite; recensé 0490p,clé supprimée,(non applicable),Toujours rejetée; utiliser openBoundarySegmentsEnable/openBoundarySegmentCount/openBoundarySegmentK.,Clé params.kv lue par le parseur courant.,Ligne ajoutée par comparaison exhaustive du parseur params.kv au commit 36abd23 avec l’inventaire consolidé 0436b.,topOpenXMax,,,,,,delta parseur 0437–0490p / branche surf commit 36abd23
topOpenXMin,Clés supprimées — migration vers segments 0143,supprimé 0143; rejet explicite; recensé 0490p,clé supprimée,(non applicable),Toujours rejetée; utiliser openBoundarySegmentsEnable/openBoundarySegmentCount/openBoundarySegmentK.,Clé params.kv lue par le parseur courant.,Ligne ajoutée par comparaison exhaustive du parseur params.kv au commit 36abd23 avec l’inventaire consolidé 0436b.,topOpenXMin,,,,,,delta parseur 0437–0490p / branche surf commit 36abd23
virialDensityKickEnable,Projection Q6-g-f / fermeture virielle continuum 0493x7a–x7b,ajout 0493x7a/x7b; omission d’inventaire corrigée 0493x7q,booléen,false,si true: projection Q6 CUDA active; incompatible avec la restauration density-RHS active,Active le kick de densité viriel continuum avant/avec le chemin de projection Q6.,Fermeture opt-in distincte de la restauration signed1. x7q est volontairement inactif lorsque ce kick est demandé.,virialDensityKickEnable,virialDensityKickEnable,virialEnable,,include/simulation_params.h;src/cuda_q6_resident_0400.cu;src/params_io_base.cpp,x7a;x7b;x7q,complément exhaustif parseur 0493x7q
virialMomentumCorrectionEnable,Projection Q6-g-f / fermeture virielle continuum 0493x7a–x7b,ajout 0493x7a/x7b; omission d’inventaire corrigée 0493x7q,booléen,true,booléen,Active la correction globale de moment associée au kick viriel explicite.,Distincte de la fermeture périodique x7q; x7q exclut le chemin virialDensityKickEnable.,virialMomentumCorrectionEnable,virialMomentumCorrectionEnable,,,include/simulation_params.h;src/cuda_q6_resident_0400.cu;src/params_io_base.cpp,x7a;x7b;x7q,complément exhaustif parseur 0493x7q
wallAccommodation,Parois,existant catalogue 0292 | canonique,double,1.0,"[0,1]","Coefficient d’accommodation de paroi: 0 glissant/specular-like, 1 couplage thermique complet.",,wallAccommodation,wallAccommodation,,,include/simulation_params.h;src/params_io_base.cpp,,src_mpcd_params_catalogue_0292_cuda.csv | src_mpcd_params_cles_acceptees_0292_cuda.csv
wallKBT,Parois,existant catalogue 0292 | canonique,double,-1.0,négatif => hérite de kBT; sinon >0 si couplage actif,Température cinétique de paroi.,"Si paroi active et accommodation>0, kBT doit être >0 si wallKBT/wallVpKBT sont négatifs.",wallKBT,wallKBT,,WALL_KBT,include/simulation_params.h;src/params_io_base.cpp,,src_mpcd_params_catalogue_0292_cuda.csv | src_mpcd_params_cles_acceptees_0292_cuda.csv
wallThermalNoise,Parois,existant catalogue 0292 | canonique,double,1.0,>= 0,Amplitude du bruit thermique de paroi; 0 donne un couplage déterministe.,,wallThermalNoise,wallThermalNoise,,,include/simulation_params.h;src/params_io_base.cpp,,src_mpcd_params_catalogue_0292_cuda.csv | src_mpcd_params_cles_acceptees_0292_cuda.csv
wallVpEnable,Parois,existant catalogue 0292 | canonique,booléen,false,booléen: true/1/yes/on ou false/0/no/off,Active explicitement le couplage virtual-particle de paroi legacy.,,wallVpEnable,wallVpEnable,,,include/simulation_params.h;src/params_io_base.cpp,,src_mpcd_params_catalogue_0292_cuda.csv | src_mpcd_params_cles_acceptees_0292_cuda.csv
wallVpGamma,Parois,existant catalogue 0292 | canonique,double,0.0,>= 0; 0 infère l’occupation moyenne réelle,Population virtuelle de paroi dans une cellule de collision entièrement solide.,,wallVpGamma,wallVpGamma,,,include/simulation_params.h;src/params_io_base.cpp,,src_mpcd_params_catalogue_0292_cuda.csv | src_mpcd_params_cles_acceptees_0292_cuda.csv
wallVpKBT,Parois,existant catalogue 0292 | canonique,double,-1.0,alias legacy thermique; négatif => hérite de kBT; 0 invalide si actif,Ancien paramètre de température de paroi VP.,Utilisé comme fallback si wallKBT n’est pas positif.,wallVpKBT,wallVpKBT,,,include/simulation_params.h;src/params_io_base.cpp,,src_mpcd_params_catalogue_0292_cuda.csv | src_mpcd_params_cles_acceptees_0292_cuda.csv
wallVpMass,Parois,existant catalogue 0292 | canonique,double,1.0,> 0,Masse des particules virtuelles/agrégat de paroi.,,wallVpMass,wallVpMass,,,include/simulation_params.h;src/params_io_base.cpp,,src_mpcd_params_catalogue_0292_cuda.csv | src_mpcd_params_cles_acceptees_0292_cuda.csv
wallVpMode,Parois,existant catalogue 0292 | canonique,enum string,thermal,thermal; deterministic_thermal; stochastic_fraction,Mode de couplage thermique de paroi; stochastic_fraction est accepté comme alias legacy.,,wallVpMode,wallVpMode,,,include/simulation_params.h;src/params_io_base.cpp,,src_mpcd_params_catalogue_0292_cuda.csv | src_mpcd_params_cles_acceptees_0292_cuda.csv
wallVpUxBottom,Parois — vitesses,existant catalogue 0292 | alias accepté | canonique,double,0.0,nombre réel fini,Composante x de la vitesse de paroi sur la face bottom.,,wallVpUxBottom;wallUxBottom,wallVpUxBottom,wallUxBottom,,include/simulation_params.h;src/params_io_base.cpp,,src_mpcd_params_catalogue_0292_cuda.csv | src_mpcd_params_cles_acceptees_0292_cuda.csv
wallVpUxLeft,Parois — vitesses,existant catalogue 0292 | alias accepté | canonique,double,0.0,nombre réel fini,Composante x de la vitesse de paroi sur la face left.,,wallVpUxLeft;wallUxLeft,wallVpUxLeft,wallUxLeft,,include/simulation_params.h;src/params_io_base.cpp,,src_mpcd_params_catalogue_0292_cuda.csv | src_mpcd_params_cles_acceptees_0292_cuda.csv
wallVpUxRight,Parois — vitesses,existant catalogue 0292 | alias accepté | canonique,double,0.0,nombre réel fini,Composante x de la vitesse de paroi sur la face right.,,wallVpUxRight;wallUxRight,wallVpUxRight,wallUxRight,,include/simulation_params.h;src/params_io_base.cpp,,src_mpcd_params_catalogue_0292_cuda.csv | src_mpcd_params_cles_acceptees_0292_cuda.csv
wallVpUxTop,Parois — vitesses,existant catalogue 0292 | alias accepté | canonique,double,0.0,nombre réel fini,Composante x de la vitesse de paroi sur la face top.,,wallVpUxTop;wallUxTop,wallVpUxTop,wallUxTop,,include/simulation_params.h;src/params_io_base.cpp,,src_mpcd_params_catalogue_0292_cuda.csv | src_mpcd_params_cles_acceptees_0292_cuda.csv
wallVpUyBottom,Parois — vitesses,existant catalogue 0292 | alias accepté | canonique,double,0.0,nombre réel fini,Composante y de la vitesse de paroi sur la face bottom.,,wallVpUyBottom;wallUyBottom,wallVpUyBottom,wallUyBottom,,include/simulation_params.h;src/params_io_base.cpp,,src_mpcd_params_catalogue_0292_cuda.csv | src_mpcd_params_cles_acceptees_0292_cuda.csv
wallVpUyLeft,Parois — vitesses,existant catalogue 0292 | alias accepté | canonique,double,0.0,nombre réel fini,Composante y de la vitesse de paroi sur la face left.,,wallVpUyLeft;wallUyLeft,wallVpUyLeft,wallUyLeft,,include/simulation_params.h;src/params_io_base.cpp,,src_mpcd_params_catalogue_0292_cuda.csv | src_mpcd_params_cles_acceptees_0292_cuda.csv
wallVpUyRight,Parois — vitesses,existant catalogue 0292 | alias accepté | canonique,double,0.0,nombre réel fini,Composante y de la vitesse de paroi sur la face right.,,wallVpUyRight;wallUyRight,wallVpUyRight,wallUyRight,,include/simulation_params.h;src/params_io_base.cpp,,src_mpcd_params_catalogue_0292_cuda.csv | src_mpcd_params_cles_acceptees_0292_cuda.csv
wallVpUyTop,Parois — vitesses,existant catalogue 0292 | alias accepté | canonique,double,0.0,nombre réel fini,Composante y de la vitesse de paroi sur la face top.,,wallVpUyTop;wallUyTop,wallVpUyTop,wallUyTop,,include/simulation_params.h;src/params_io_base.cpp,,src_mpcd_params_catalogue_0292_cuda.csv | src_mpcd_params_cles_acceptees_0292_cuda.csv
