cell,ix,iy,xc,yc,isFluidCell,isStepSolidCell,nFluid,mass
1,1,1,0.0104166666666667,0.0104166666666667,0,1,0,0
2,2,1,0.03125,0.0104166666666667,0,1,0,0
3,3,1,0.0520833333333333,0.0104166666666667,0,1,0,0
4,4,1,0.0729166666666667,0.0104166666666667,0,1,0,0
5,5,1,0.09375,0.0104166666666667,0,1,0,0
6,6,1,0.114583333333333,0.0104166666666667,0,1,0,0
7,7,1,0.135416666666667,0.0104166666666667,0,1,0,0
8,8,1,0.15625,0.0104166666666667,0,1,0,0
9,9,1,0.177083333333333,0.0104166666666667,0,1,0,0
10,10,1,0.197916666666667,0.0104166666666667,0,1,0,0
11,11,1,0.21875,0.0104166666666667,0,1,0,0
12,12,1,0.239583333333333,0.0104166666666667,0,1,0,0
13,13,1,0.260416666666667,0.0104166666666667,0,1,0,0
14,14,1,0.28125,0.0104166666666667,0,1,0,0
15,15,1,0.302083333333333,0.0104166666666667,0,1,0,0
16,16,1,0.322916666666667,0.0104166666666667,0,1,0,0
17,17,1,0.34375,0.0104166666666667,0,1,0,0
18,18,1,0.364583333333333,0.0104166666666667,0,1,0,0
19,19,1,0.385416666666667,0.0104166666666667,0,1,0,0
20,20,1,0.40625,0.0104166666666667,0,1,0,0
21,21,1,0.427083333333333,0.0104166666666667,0,1,0,0
22,22,1,0.447916666666667,0.0104166666666667,0,1,0,0
23,23,1,0.46875,0.0104166666666667,0,1,0,0
24,24,1,0.489583333333333,0.0104166666666667,0,1,0,0
25,25,1,0.510416666666667,0.0104166666666667,1,0,23,23
26,26,1,0.53125,0.0104166666666667,1,0,22,22
27,27,1,0.552083333333333,0.0104166666666667,1,0,15,15
28,28,1,0.572916666666667,0.0104166666666667,1,0,24,24
29,29,1,0.59375,0.0104166666666667,1,0,9,9
30,30,1,0.614583333333333,0.0104166666666667,1,0,19,19
31,31,1,0.635416666666667,0.0104166666666667,1,0,17,17
32,32,1,0.65625,0.0104166666666667,1,0,20,20
33,33,1,0.677083333333333,0.0104166666666667,1,0,12,12
34,34,1,0.697916666666667,0.0104166666666667,1,0,22,22
35,35,1,0.71875,0.0104166666666667,1,0,13,13
36,36,1,0.739583333333333,0.0104166666666667,1,0,30,30
37,37,1,0.760416666666667,0.0104166666666667,1,0,32,32
38,38,1,0.78125,0.0104166666666667,1,0,17,17
39,39,1,0.802083333333333,0.0104166666666667,1,0,20,20
40,40,1,0.822916666666667,0.0104166666666667,1,0,22,22
41,41,1,0.84375,0.0104166666666667,1,0,23,23
42,42,1,0.864583333333333,0.0104166666666667,1,0,16,16
43,43,1,0.885416666666667,0.0104166666666667,1,0,30,30
44,44,1,0.90625,0.0104166666666667,1,0,28,28
45,45,1,0.927083333333333,0.0104166666666667,1,0,23,23
46,46,1,0.947916666666667,0.0104166666666667,1,0,19,19
47,47,1,0.96875,0.0104166666666667,1,0,10,10
48,48,1,0.989583333333333,0.0104166666666667,1,0,19,19
49,49,1,1.01041666666667,0.0104166666666667,1,0,15,15
50,50,1,1.03125,0.0104166666666667,1,0,28,28
51,51,1,1.05208333333333,0.0104166666666667,1,0,24,24
52,52,1,1.07291666666667,0.0104166666666667,1,0,30,30
53,53,1,1.09375,0.0104166666666667,1,0,27,27
54,54,1,1.11458333333333,0.0104166666666667,1,0,26,26
55,55,1,1.13541666666667,0.0104166666666667,1,0,21,21
56,56,1,1.15625,0.0104166666666667,1,0,29,29
57,57,1,1.17708333333333,0.0104166666666667,1,0,16,16
58,58,1,1.19791666666667,0.0104166666666667,1,0,13,13
59,59,1,1.21875,0.0104166666666667,1,0,25,25
60,60,1,1.23958333333333,0.0104166666666667,1,0,25,25
61,61,1,1.26041666666667,0.0104166666666667,1,0,17,17
62,62,1,1.28125,0.0104166666666667,1,0,19,19
63,63,1,1.30208333333333,0.0104166666666667,1,0,22,22
64,64,1,1.32291666666667,0.0104166666666667,1,0,31,31
65,65,1,1.34375,0.0104166666666667,1,0,12,12
66,66,1,1.36458333333333,0.0104166666666667,1,0,21,21
67,67,1,1.38541666666667,0.0104166666666667,1,0,20,20
68,68,1,1.40625,0.0104166666666667,1,0,24,24
69,69,1,1.42708333333333,0.0104166666666667,1,0,14,14
70,70,1,1.44791666666667,0.0104166666666667,1,0,18,18
71,71,1,1.46875,0.0104166666666667,1,0,20,20
72,72,1,1.48958333333333,0.0104166666666667,1,0,24,24
73,73,1,1.51041666666667,0.0104166666666667,1,0,34,34
74,74,1,1.53125,0.0104166666666667,1,0,15,15
75,75,1,1.55208333333333,0.0104166666666667,1,0,32,32
76,76,1,1.57291666666667,0.0104166666666667,1,0,25,25
77,77,1,1.59375,0.0104166666666667,1,0,25,25
78,78,1,1.61458333333333,0.0104166666666667,1,0,23,23
79,79,1,1.63541666666667,0.0104166666666667,1,0,15,15
80,80,1,1.65625,0.0104166666666667,1,0,15,15
81,81,1,1.67708333333333,0.0104166666666667,1,0,20,20
82,82,1,1.69791666666667,0.0104166666666667,1,0,14,14
83,83,1,1.71875,0.0104166666666667,1,0,22,22
84,84,1,1.73958333333333,0.0104166666666667,1,0,21,21
85,85,1,1.76041666666667,0.0104166666666667,1,0,32,32
86,86,1,1.78125,0.0104166666666667,1,0,34,34
87,87,1,1.80208333333333,0.0104166666666667,1,0,20,20
88,88,1,1.82291666666667,0.0104166666666667,1,0,19,19
89,89,1,1.84375,0.0104166666666667,1,0,25,25
90,90,1,1.86458333333333,0.0104166666666667,1,0,20,20
91,91,1,1.88541666666667,0.0104166666666667,1,0,19,19
92,92,1,1.90625,0.0104166666666667,1,0,30,30
93,93,1,1.92708333333333,0.0104166666666667,1,0,14,14
94,94,1,1.94791666666667,0.0104166666666667,1,0,15,15
95,95,1,1.96875,0.0104166666666667,1,0,22,22
96,96,1,1.98958333333333,0.0104166666666667,1,0,21,21
97,1,2,0.0104166666666667,0.03125,0,1,0,0
98,2,2,0.03125,0.03125,0,1,0,0
99,3,2,0.0520833333333333,0.03125,0,1,0,0
100,4,2,0.0729166666666667,0.03125,0,1,0,0
101,5,2,0.09375,0.03125,0,1,0,0
102,6,2,0.114583333333333,0.03125,0,1,0,0
103,7,2,0.135416666666667,0.03125,0,1,0,0
104,8,2,0.15625,0.03125,0,1,0,0
105,9,2,0.177083333333333,0.03125,0,1,0,0
106,10,2,0.197916666666667,0.03125,0,1,0,0
107,11,2,0.21875,0.03125,0,1,0,0
108,12,2,0.239583333333333,0.03125,0,1,0,0
109,13,2,0.260416666666667,0.03125,0,1,0,0
110,14,2,0.28125,0.03125,0,1,0,0
111,15,2,0.302083333333333,0.03125,0,1,0,0
112,16,2,0.322916666666667,0.03125,0,1,0,0
113,17,2,0.34375,0.03125,0,1,0,0
114,18,2,0.364583333333333,0.03125,0,1,0,0
115,19,2,0.385416666666667,0.03125,0,1,0,0
116,20,2,0.40625,0.03125,0,1,0,0
117,21,2,0.427083333333333,0.03125,0,1,0,0
118,22,2,0.447916666666667,0.03125,0,1,0,0
119,23,2,0.46875,0.03125,0,1,0,0
120,24,2,0.489583333333333,0.03125,0,1,0,0
121,25,2,0.510416666666667,0.03125,1,0,18,18
122,26,2,0.53125,0.03125,1,0,18,18
123,27,2,0.552083333333333,0.03125,1,0,27,27
124,28,2,0.572916666666667,0.03125,1,0,23,23
125,29,2,0.59375,0.03125,1,0,26,26
126,30,2,0.614583333333333,0.03125,1,0,15,15
127,31,2,0.635416666666667,0.03125,1,0,25,25
128,32,2,0.65625,0.03125,1,0,19,19
129,33,2,0.677083333333333,0.03125,1,0,17,17
130,34,2,0.697916666666667,0.03125,1,0,23,23
131,35,2,0.71875,0.03125,1,0,21,21
132,36,2,0.739583333333333,0.03125,1,0,17,17
133,37,2,0.760416666666667,0.03125,1,0,11,11
134,38,2,0.78125,0.03125,1,0,13,13
135,39,2,0.802083333333333,0.03125,1,0,9,9
136,40,2,0.822916666666667,0.03125,1,0,15,15
137,41,2,0.84375,0.03125,1,0,26,26
138,42,2,0.864583333333333,0.03125,1,0,19,19
139,43,2,0.885416666666667,0.03125,1,0,24,24
140,44,2,0.90625,0.03125,1,0,18,18
141,45,2,0.927083333333333,0.03125,1,0,23,23
142,46,2,0.947916666666667,0.03125,1,0,17,17
143,47,2,0.96875,0.03125,1,0,19,19
144,48,2,0.989583333333333,0.03125,1,0,13,13
145,49,2,1.01041666666667,0.03125,1,0,36,36
146,50,2,1.03125,0.03125,1,0,12,12
147,51,2,1.05208333333333,0.03125,1,0,17,17
148,52,2,1.07291666666667,0.03125,1,0,27,27
149,53,2,1.09375,0.03125,1,0,7,7
150,54,2,1.11458333333333,0.03125,1,0,25,25
151,55,2,1.13541666666667,0.03125,1,0,22,22
152,56,2,1.15625,0.03125,1,0,19,19
153,57,2,1.17708333333333,0.03125,1,0,19,19
154,58,2,1.19791666666667,0.03125,1,0,20,20
155,59,2,1.21875,0.03125,1,0,24,24
156,60,2,1.23958333333333,0.03125,1,0,9,9
157,61,2,1.26041666666667,0.03125,1,0,18,18
158,62,2,1.28125,0.03125,1,0,17,17
159,63,2,1.30208333333333,0.03125,1,0,15,15
160,64,2,1.32291666666667,0.03125,1,0,22,22
161,65,2,1.34375,0.03125,1,0,10,10
162,66,2,1.36458333333333,0.03125,1,0,21,21
163,67,2,1.38541666666667,0.03125,1,0,24,24
164,68,2,1.40625,0.03125,1,0,8,8
165,69,2,1.42708333333333,0.03125,1,0,24,24
166,70,2,1.44791666666667,0.03125,1,0,17,17
167,71,2,1.46875,0.03125,1,0,32,32
168,72,2,1.48958333333333,0.03125,1,0,15,15
169,73,2,1.51041666666667,0.03125,1,0,13,13
170,74,2,1.53125,0.03125,1,0,19,19
171,75,2,1.55208333333333,0.03125,1,0,34,34
172,76,2,1.57291666666667,0.03125,1,0,32,32
173,77,2,1.59375,0.03125,1,0,27,27
174,78,2,1.61458333333333,0.03125,1,0,22,22
175,79,2,1.63541666666667,0.03125,1,0,21,21
176,80,2,1.65625,0.03125,1,0,22,22
177,81,2,1.67708333333333,0.03125,1,0,25,25
178,82,2,1.69791666666667,0.03125,1,0,26,26
179,83,2,1.71875,0.03125,1,0,13,13
180,84,2,1.73958333333333,0.03125,1,0,15,15
181,85,2,1.76041666666667,0.03125,1,0,9,9
182,86,2,1.78125,0.03125,1,0,19,19
183,87,2,1.80208333333333,0.03125,1,0,14,14
184,88,2,1.82291666666667,0.03125,1,0,18,18
185,89,2,1.84375,0.03125,1,0,30,30
186,90,2,1.86458333333333,0.03125,1,0,20,20
187,91,2,1.88541666666667,0.03125,1,0,24,24
188,92,2,1.90625,0.03125,1,0,25,25
189,93,2,1.92708333333333,0.03125,1,0,14,14
190,94,2,1.94791666666667,0.03125,1,0,17,17
191,95,2,1.96875,0.03125,1,0,18,18
192,96,2,1.98958333333333,0.03125,1,0,25,25
193,1,3,0.0104166666666667,0.0520833333333333,0,1,0,0
194,2,3,0.03125,0.0520833333333333,0,1,0,0
195,3,3,0.0520833333333333,0.0520833333333333,0,1,0,0
196,4,3,0.0729166666666667,0.0520833333333333,0,1,0,0
197,5,3,0.09375,0.0520833333333333,0,1,0,0
198,6,3,0.114583333333333,0.0520833333333333,0,1,0,0
199,7,3,0.135416666666667,0.0520833333333333,0,1,0,0
200,8,3,0.15625,0.0520833333333333,0,1,0,0
201,9,3,0.177083333333333,0.0520833333333333,0,1,0,0
202,10,3,0.197916666666667,0.0520833333333333,0,1,0,0
203,11,3,0.21875,0.0520833333333333,0,1,0,0
204,12,3,0.239583333333333,0.0520833333333333,0,1,0,0
205,13,3,0.260416666666667,0.0520833333333333,0,1,0,0
206,14,3,0.28125,0.0520833333333333,0,1,0,0
207,15,3,0.302083333333333,0.0520833333333333,0,1,0,0
208,16,3,0.322916666666667,0.0520833333333333,0,1,0,0
209,17,3,0.34375,0.0520833333333333,0,1,0,0
210,18,3,0.364583333333333,0.0520833333333333,0,1,0,0
211,19,3,0.385416666666667,0.0520833333333333,0,1,0,0
212,20,3,0.40625,0.0520833333333333,0,1,0,0
213,21,3,0.427083333333333,0.0520833333333333,0,1,0,0
214,22,3,0.447916666666667,0.0520833333333333,0,1,0,0
215,23,3,0.46875,0.0520833333333333,0,1,0,0
216,24,3,0.489583333333333,0.0520833333333333,0,1,0,0
217,25,3,0.510416666666667,0.0520833333333333,1,0,11,11
218,26,3,0.53125,0.0520833333333333,1,0,25,25
219,27,3,0.552083333333333,0.0520833333333333,1,0,25,25
220,28,3,0.572916666666667,0.0520833333333333,1,0,25,25
221,29,3,0.59375,0.0520833333333333,1,0,25,25
222,30,3,0.614583333333333,0.0520833333333333,1,0,28,28
223,31,3,0.635416666666667,0.0520833333333333,1,0,31,31
224,32,3,0.65625,0.0520833333333333,1,0,24,24
225,33,3,0.677083333333333,0.0520833333333333,1,0,22,22
226,34,3,0.697916666666667,0.0520833333333333,1,0,21,21
227,35,3,0.71875,0.0520833333333333,1,0,11,11
228,36,3,0.739583333333333,0.0520833333333333,1,0,16,16
229,37,3,0.760416666666667,0.0520833333333333,1,0,21,21
230,38,3,0.78125,0.0520833333333333,1,0,27,27
231,39,3,0.802083333333333,0.0520833333333333,1,0,16,16
232,40,3,0.822916666666667,0.0520833333333333,1,0,30,30
233,41,3,0.84375,0.0520833333333333,1,0,23,23
234,42,3,0.864583333333333,0.0520833333333333,1,0,9,9
235,43,3,0.885416666666667,0.0520833333333333,1,0,21,21
236,44,3,0.90625,0.0520833333333333,1,0,10,10
237,45,3,0.927083333333333,0.0520833333333333,1,0,20,20
238,46,3,0.947916666666667,0.0520833333333333,1,0,22,22
239,47,3,0.96875,0.0520833333333333,1,0,22,22
240,48,3,0.989583333333333,0.0520833333333333,1,0,23,23
241,49,3,1.01041666666667,0.0520833333333333,1,0,24,24
242,50,3,1.03125,0.0520833333333333,1,0,17,17
243,51,3,1.05208333333333,0.0520833333333333,1,0,15,15
244,52,3,1.07291666666667,0.0520833333333333,1,0,29,29
245,53,3,1.09375,0.0520833333333333,1,0,20,20
246,54,3,1.11458333333333,0.0520833333333333,1,0,16,16
247,55,3,1.13541666666667,0.0520833333333333,1,0,31,31
248,56,3,1.15625,0.0520833333333333,1,0,24,24
249,57,3,1.17708333333333,0.0520833333333333,1,0,17,17
250,58,3,1.19791666666667,0.0520833333333333,1,0,19,19
251,59,3,1.21875,0.0520833333333333,1,0,28,28
252,60,3,1.23958333333333,0.0520833333333333,1,0,26,26
253,61,3,1.26041666666667,0.0520833333333333,1,0,17,17
254,62,3,1.28125,0.0520833333333333,1,0,23,23
255,63,3,1.30208333333333,0.0520833333333333,1,0,19,19
256,64,3,1.32291666666667,0.0520833333333333,1,0,24,24
257,65,3,1.34375,0.0520833333333333,1,0,19,19
258,66,3,1.36458333333333,0.0520833333333333,1,0,9,9
259,67,3,1.38541666666667,0.0520833333333333,1,0,16,16
260,68,3,1.40625,0.0520833333333333,1,0,13,13
261,69,3,1.42708333333333,0.0520833333333333,1,0,22,22
262,70,3,1.44791666666667,0.0520833333333333,1,0,18,18
263,71,3,1.46875,0.0520833333333333,1,0,30,30
264,72,3,1.48958333333333,0.0520833333333333,1,0,20,20
265,73,3,1.51041666666667,0.0520833333333333,1,0,13,13
266,74,3,1.53125,0.0520833333333333,1,0,26,26
267,75,3,1.55208333333333,0.0520833333333333,1,0,26,26
268,76,3,1.57291666666667,0.0520833333333333,1,0,25,25
269,77,3,1.59375,0.0520833333333333,1,0,20,20
270,78,3,1.61458333333333,0.0520833333333333,1,0,15,15
271,79,3,1.63541666666667,0.0520833333333333,1,0,23,23
272,80,3,1.65625,0.0520833333333333,1,0,23,23
273,81,3,1.67708333333333,0.0520833333333333,1,0,23,23
274,82,3,1.69791666666667,0.0520833333333333,1,0,28,28
275,83,3,1.71875,0.0520833333333333,1,0,17,17
276,84,3,1.73958333333333,0.0520833333333333,1,0,24,24
277,85,3,1.76041666666667,0.0520833333333333,1,0,12,12
278,86,3,1.78125,0.0520833333333333,1,0,19,19
279,87,3,1.80208333333333,0.0520833333333333,1,0,11,11
280,88,3,1.82291666666667,0.0520833333333333,1,0,20,20
281,89,3,1.84375,0.0520833333333333,1,0,21,21
282,90,3,1.86458333333333,0.0520833333333333,1,0,16,16
283,91,3,1.88541666666667,0.0520833333333333,1,0,22,22
284,92,3,1.90625,0.0520833333333333,1,0,8,8
285,93,3,1.92708333333333,0.0520833333333333,1,0,11,11
286,94,3,1.94791666666667,0.0520833333333333,1,0,19,19
287,95,3,1.96875,0.0520833333333333,1,0,28,28
288,96,3,1.98958333333333,0.0520833333333333,1,0,27,27
289,1,4,0.0104166666666667,0.0729166666666667,0,1,0,0
290,2,4,0.03125,0.0729166666666667,0,1,0,0
291,3,4,0.0520833333333333,0.0729166666666667,0,1,0,0
292,4,4,0.0729166666666667,0.0729166666666667,0,1,0,0
293,5,4,0.09375,0.0729166666666667,0,1,0,0
294,6,4,0.114583333333333,0.0729166666666667,0,1,0,0
295,7,4,0.135416666666667,0.0729166666666667,0,1,0,0
296,8,4,0.15625,0.0729166666666667,0,1,0,0
297,9,4,0.177083333333333,0.0729166666666667,0,1,0,0
298,10,4,0.197916666666667,0.0729166666666667,0,1,0,0
299,11,4,0.21875,0.0729166666666667,0,1,0,0
300,12,4,0.239583333333333,0.0729166666666667,0,1,0,0
301,13,4,0.260416666666667,0.0729166666666667,0,1,0,0
302,14,4,0.28125,0.0729166666666667,0,1,0,0
303,15,4,0.302083333333333,0.0729166666666667,0,1,0,0
304,16,4,0.322916666666667,0.0729166666666667,0,1,0,0
305,17,4,0.34375,0.0729166666666667,0,1,0,0
306,18,4,0.364583333333333,0.0729166666666667,0,1,0,0
307,19,4,0.385416666666667,0.0729166666666667,0,1,0,0
308,20,4,0.40625,0.0729166666666667,0,1,0,0
309,21,4,0.427083333333333,0.0729166666666667,0,1,0,0
310,22,4,0.447916666666667,0.0729166666666667,0,1,0,0
311,23,4,0.46875,0.0729166666666667,0,1,0,0
312,24,4,0.489583333333333,0.0729166666666667,0,1,0,0
313,25,4,0.510416666666667,0.0729166666666667,1,0,17,17
314,26,4,0.53125,0.0729166666666667,1,0,28,28
315,27,4,0.552083333333333,0.0729166666666667,1,0,20,20
316,28,4,0.572916666666667,0.0729166666666667,1,0,33,33
317,29,4,0.59375,0.0729166666666667,1,0,17,17
318,30,4,0.614583333333333,0.0729166666666667,1,0,14,14
319,31,4,0.635416666666667,0.0729166666666667,1,0,19,19
320,32,4,0.65625,0.0729166666666667,1,0,11,11
321,33,4,0.677083333333333,0.0729166666666667,1,0,33,33
322,34,4,0.697916666666667,0.0729166666666667,1,0,15,15
323,35,4,0.71875,0.0729166666666667,1,0,29,29
324,36,4,0.739583333333333,0.0729166666666667,1,0,21,21
325,37,4,0.760416666666667,0.0729166666666667,1,0,30,30
326,38,4,0.78125,0.0729166666666667,1,0,28,28
327,39,4,0.802083333333333,0.0729166666666667,1,0,14,14
328,40,4,0.822916666666667,0.0729166666666667,1,0,14,14
329,41,4,0.84375,0.0729166666666667,1,0,25,25
330,42,4,0.864583333333333,0.0729166666666667,1,0,8,8
331,43,4,0.885416666666667,0.0729166666666667,1,0,19,19
332,44,4,0.90625,0.0729166666666667,1,0,21,21
333,45,4,0.927083333333333,0.0729166666666667,1,0,11,11
334,46,4,0.947916666666667,0.0729166666666667,1,0,20,20
335,47,4,0.96875,0.0729166666666667,1,0,24,24
336,48,4,0.989583333333333,0.0729166666666667,1,0,13,13
337,49,4,1.01041666666667,0.0729166666666667,1,0,31,31
338,50,4,1.03125,0.0729166666666667,1,0,36,36
339,51,4,1.05208333333333,0.0729166666666667,1,0,30,30
340,52,4,1.07291666666667,0.0729166666666667,1,0,23,23
341,53,4,1.09375,0.0729166666666667,1,0,16,16
342,54,4,1.11458333333333,0.0729166666666667,1,0,21,21
343,55,4,1.13541666666667,0.0729166666666667,1,0,23,23
344,56,4,1.15625,0.0729166666666667,1,0,18,18
345,57,4,1.17708333333333,0.0729166666666667,1,0,16,16
346,58,4,1.19791666666667,0.0729166666666667,1,0,13,13
347,59,4,1.21875,0.0729166666666667,1,0,22,22
348,60,4,1.23958333333333,0.0729166666666667,1,0,19,19
349,61,4,1.26041666666667,0.0729166666666667,1,0,13,13
350,62,4,1.28125,0.0729166666666667,1,0,13,13
351,63,4,1.30208333333333,0.0729166666666667,1,0,10,10
352,64,4,1.32291666666667,0.0729166666666667,1,0,11,11
353,65,4,1.34375,0.0729166666666667,1,0,22,22
354,66,4,1.36458333333333,0.0729166666666667,1,0,25,25
355,67,4,1.38541666666667,0.0729166666666667,1,0,22,22
356,68,4,1.40625,0.0729166666666667,1,0,20,20
357,69,4,1.42708333333333,0.0729166666666667,1,0,15,15
358,70,4,1.44791666666667,0.0729166666666667,1,0,6,6
359,71,4,1.46875,0.0729166666666667,1,0,19,19
360,72,4,1.48958333333333,0.0729166666666667,1,0,19,19
361,73,4,1.51041666666667,0.0729166666666667,1,0,16,16
362,74,4,1.53125,0.0729166666666667,1,0,27,27
363,75,4,1.55208333333333,0.0729166666666667,1,0,18,18
364,76,4,1.57291666666667,0.0729166666666667,1,0,19,19
365,77,4,1.59375,0.0729166666666667,1,0,20,20
366,78,4,1.61458333333333,0.0729166666666667,1,0,22,22
367,79,4,1.63541666666667,0.0729166666666667,1,0,14,14
368,80,4,1.65625,0.0729166666666667,1,0,32,32
369,81,4,1.67708333333333,0.0729166666666667,1,0,22,22
370,82,4,1.69791666666667,0.0729166666666667,1,0,22,22
371,83,4,1.71875,0.0729166666666667,1,0,21,21
372,84,4,1.73958333333333,0.0729166666666667,1,0,26,26
373,85,4,1.76041666666667,0.0729166666666667,1,0,19,19
374,86,4,1.78125,0.0729166666666667,1,0,12,12
375,87,4,1.80208333333333,0.0729166666666667,1,0,21,21
376,88,4,1.82291666666667,0.0729166666666667,1,0,17,17
377,89,4,1.84375,0.0729166666666667,1,0,18,18
378,90,4,1.86458333333333,0.0729166666666667,1,0,19,19
379,91,4,1.88541666666667,0.0729166666666667,1,0,12,12
380,92,4,1.90625,0.0729166666666667,1,0,25,25
381,93,4,1.92708333333333,0.0729166666666667,1,0,30,30
382,94,4,1.94791666666667,0.0729166666666667,1,0,8,8
383,95,4,1.96875,0.0729166666666667,1,0,11,11
384,96,4,1.98958333333333,0.0729166666666667,1,0,18,18
385,1,5,0.0104166666666667,0.09375,0,1,0,0
386,2,5,0.03125,0.09375,0,1,0,0
387,3,5,0.0520833333333333,0.09375,0,1,0,0
388,4,5,0.0729166666666667,0.09375,0,1,0,0
389,5,5,0.09375,0.09375,0,1,0,0
390,6,5,0.114583333333333,0.09375,0,1,0,0
391,7,5,0.135416666666667,0.09375,0,1,0,0
392,8,5,0.15625,0.09375,0,1,0,0
393,9,5,0.177083333333333,0.09375,0,1,0,0
394,10,5,0.197916666666667,0.09375,0,1,0,0
395,11,5,0.21875,0.09375,0,1,0,0
396,12,5,0.239583333333333,0.09375,0,1,0,0
397,13,5,0.260416666666667,0.09375,0,1,0,0
398,14,5,0.28125,0.09375,0,1,0,0
399,15,5,0.302083333333333,0.09375,0,1,0,0
400,16,5,0.322916666666667,0.09375,0,1,0,0
401,17,5,0.34375,0.09375,0,1,0,0
402,18,5,0.364583333333333,0.09375,0,1,0,0
403,19,5,0.385416666666667,0.09375,0,1,0,0
404,20,5,0.40625,0.09375,0,1,0,0
405,21,5,0.427083333333333,0.09375,0,1,0,0
406,22,5,0.447916666666667,0.09375,0,1,0,0
407,23,5,0.46875,0.09375,0,1,0,0
408,24,5,0.489583333333333,0.09375,0,1,0,0
409,25,5,0.510416666666667,0.09375,1,0,15,15
410,26,5,0.53125,0.09375,1,0,22,22
411,27,5,0.552083333333333,0.09375,1,0,26,26
412,28,5,0.572916666666667,0.09375,1,0,22,22
413,29,5,0.59375,0.09375,1,0,17,17
414,30,5,0.614583333333333,0.09375,1,0,13,13
415,31,5,0.635416666666667,0.09375,1,0,31,31
416,32,5,0.65625,0.09375,1,0,19,19
417,33,5,0.677083333333333,0.09375,1,0,21,21
418,34,5,0.697916666666667,0.09375,1,0,23,23
419,35,5,0.71875,0.09375,1,0,28,28
420,36,5,0.739583333333333,0.09375,1,0,18,18
421,37,5,0.760416666666667,0.09375,1,0,4,4
422,38,5,0.78125,0.09375,1,0,22,22
423,39,5,0.802083333333333,0.09375,1,0,21,21
424,40,5,0.822916666666667,0.09375,1,0,24,24
425,41,5,0.84375,0.09375,1,0,25,25
426,42,5,0.864583333333333,0.09375,1,0,5,5
427,43,5,0.885416666666667,0.09375,1,0,19,19
428,44,5,0.90625,0.09375,1,0,18,18
429,45,5,0.927083333333333,0.09375,1,0,18,18
430,46,5,0.947916666666667,0.09375,1,0,17,17
431,47,5,0.96875,0.09375,1,0,16,16
432,48,5,0.989583333333333,0.09375,1,0,20,20
433,49,5,1.01041666666667,0.09375,1,0,12,12
434,50,5,1.03125,0.09375,1,0,20,20
435,51,5,1.05208333333333,0.09375,1,0,24,24
436,52,5,1.07291666666667,0.09375,1,0,27,27
437,53,5,1.09375,0.09375,1,0,12,12
438,54,5,1.11458333333333,0.09375,1,0,14,14
439,55,5,1.13541666666667,0.09375,1,0,15,15
440,56,5,1.15625,0.09375,1,0,16,16
441,57,5,1.17708333333333,0.09375,1,0,22,22
442,58,5,1.19791666666667,0.09375,1,0,26,26
443,59,5,1.21875,0.09375,1,0,27,27
444,60,5,1.23958333333333,0.09375,1,0,18,18
445,61,5,1.26041666666667,0.09375,1,0,20,20
446,62,5,1.28125,0.09375,1,0,14,14
447,63,5,1.30208333333333,0.09375,1,0,21,21
448,64,5,1.32291666666667,0.09375,1,0,22,22
449,65,5,1.34375,0.09375,1,0,24,24
450,66,5,1.36458333333333,0.09375,1,0,19,19
451,67,5,1.38541666666667,0.09375,1,0,22,22
452,68,5,1.40625,0.09375,1,0,28,28
453,69,5,1.42708333333333,0.09375,1,0,17,17
454,70,5,1.44791666666667,0.09375,1,0,31,31
455,71,5,1.46875,0.09375,1,0,19,19
456,72,5,1.48958333333333,0.09375,1,0,7,7
457,73,5,1.51041666666667,0.09375,1,0,10,10
458,74,5,1.53125,0.09375,1,0,13,13
459,75,5,1.55208333333333,0.09375,1,0,13,13
460,76,5,1.57291666666667,0.09375,1,0,11,11
461,77,5,1.59375,0.09375,1,0,15,15
462,78,5,1.61458333333333,0.09375,1,0,13,13
463,79,5,1.63541666666667,0.09375,1,0,19,19
464,80,5,1.65625,0.09375,1,0,34,34
465,81,5,1.67708333333333,0.09375,1,0,16,16
466,82,5,1.69791666666667,0.09375,1,0,23,23
467,83,5,1.71875,0.09375,1,0,23,23
468,84,5,1.73958333333333,0.09375,1,0,17,17
469,85,5,1.76041666666667,0.09375,1,0,19,19
470,86,5,1.78125,0.09375,1,0,31,31
471,87,5,1.80208333333333,0.09375,1,0,21,21
472,88,5,1.82291666666667,0.09375,1,0,21,21
473,89,5,1.84375,0.09375,1,0,32,32
474,90,5,1.86458333333333,0.09375,1,0,20,20
475,91,5,1.88541666666667,0.09375,1,0,25,25
476,92,5,1.90625,0.09375,1,0,32,32
477,93,5,1.92708333333333,0.09375,1,0,22,22
478,94,5,1.94791666666667,0.09375,1,0,17,17
479,95,5,1.96875,0.09375,1,0,18,18
480,96,5,1.98958333333333,0.09375,1,0,18,18
481,1,6,0.0104166666666667,0.114583333333333,0,1,0,0
482,2,6,0.03125,0.114583333333333,0,1,0,0
483,3,6,0.0520833333333333,0.114583333333333,0,1,0,0
484,4,6,0.0729166666666667,0.114583333333333,0,1,0,0
485,5,6,0.09375,0.114583333333333,0,1,0,0
486,6,6,0.114583333333333,0.114583333333333,0,1,0,0
487,7,6,0.135416666666667,0.114583333333333,0,1,0,0
488,8,6,0.15625,0.114583333333333,0,1,0,0
489,9,6,0.177083333333333,0.114583333333333,0,1,0,0
490,10,6,0.197916666666667,0.114583333333333,0,1,0,0
491,11,6,0.21875,0.114583333333333,0,1,0,0
492,12,6,0.239583333333333,0.114583333333333,0,1,0,0
493,13,6,0.260416666666667,0.114583333333333,0,1,0,0
494,14,6,0.28125,0.114583333333333,0,1,0,0
495,15,6,0.302083333333333,0.114583333333333,0,1,0,0
496,16,6,0.322916666666667,0.114583333333333,0,1,0,0
497,17,6,0.34375,0.114583333333333,0,1,0,0
498,18,6,0.364583333333333,0.114583333333333,0,1,0,0
499,19,6,0.385416666666667,0.114583333333333,0,1,0,0
500,20,6,0.40625,0.114583333333333,0,1,0,0
501,21,6,0.427083333333333,0.114583333333333,0,1,0,0
502,22,6,0.447916666666667,0.114583333333333,0,1,0,0
503,23,6,0.46875,0.114583333333333,0,1,0,0
504,24,6,0.489583333333333,0.114583333333333,0,1,0,0
505,25,6,0.510416666666667,0.114583333333333,1,0,23,23
506,26,6,0.53125,0.114583333333333,1,0,24,24
507,27,6,0.552083333333333,0.114583333333333,1,0,25,25
508,28,6,0.572916666666667,0.114583333333333,1,0,12,12
509,29,6,0.59375,0.114583333333333,1,0,26,26
510,30,6,0.614583333333333,0.114583333333333,1,0,30,30
511,31,6,0.635416666666667,0.114583333333333,1,0,29,29
512,32,6,0.65625,0.114583333333333,1,0,14,14
513,33,6,0.677083333333333,0.114583333333333,1,0,29,29
514,34,6,0.697916666666667,0.114583333333333,1,0,17,17
515,35,6,0.71875,0.114583333333333,1,0,19,19
516,36,6,0.739583333333333,0.114583333333333,1,0,19,19
517,37,6,0.760416666666667,0.114583333333333,1,0,20,20
518,38,6,0.78125,0.114583333333333,1,0,31,31
519,39,6,0.802083333333333,0.114583333333333,1,0,17,17
520,40,6,0.822916666666667,0.114583333333333,1,0,18,18
521,41,6,0.84375,0.114583333333333,1,0,20,20
522,42,6,0.864583333333333,0.114583333333333,1,0,21,21
523,43,6,0.885416666666667,0.114583333333333,1,0,21,21
524,44,6,0.90625,0.114583333333333,1,0,24,24
525,45,6,0.927083333333333,0.114583333333333,1,0,17,17
526,46,6,0.947916666666667,0.114583333333333,1,0,26,26
527,47,6,0.96875,0.114583333333333,1,0,15,15
528,48,6,0.989583333333333,0.114583333333333,1,0,18,18
529,49,6,1.01041666666667,0.114583333333333,1,0,22,22
530,50,6,1.03125,0.114583333333333,1,0,14,14
531,51,6,1.05208333333333,0.114583333333333,1,0,31,31
532,52,6,1.07291666666667,0.114583333333333,1,0,30,30
533,53,6,1.09375,0.114583333333333,1,0,14,14
534,54,6,1.11458333333333,0.114583333333333,1,0,18,18
535,55,6,1.13541666666667,0.114583333333333,1,0,19,19
536,56,6,1.15625,0.114583333333333,1,0,18,18
537,57,6,1.17708333333333,0.114583333333333,1,0,20,20
538,58,6,1.19791666666667,0.114583333333333,1,0,26,26
539,59,6,1.21875,0.114583333333333,1,0,24,24
540,60,6,1.23958333333333,0.114583333333333,1,0,14,14
541,61,6,1.26041666666667,0.114583333333333,1,0,17,17
542,62,6,1.28125,0.114583333333333,1,0,16,16
543,63,6,1.30208333333333,0.114583333333333,1,0,20,20
544,64,6,1.32291666666667,0.114583333333333,1,0,5,5
545,65,6,1.34375,0.114583333333333,1,0,19,19
546,66,6,1.36458333333333,0.114583333333333,1,0,11,11
547,67,6,1.38541666666667,0.114583333333333,1,0,23,23
548,68,6,1.40625,0.114583333333333,1,0,22,22
549,69,6,1.42708333333333,0.114583333333333,1,0,29,29
550,70,6,1.44791666666667,0.114583333333333,1,0,24,24
551,71,6,1.46875,0.114583333333333,1,0,16,16
552,72,6,1.48958333333333,0.114583333333333,1,0,26,26
553,73,6,1.51041666666667,0.114583333333333,1,0,14,14
554,74,6,1.53125,0.114583333333333,1,0,27,27
555,75,6,1.55208333333333,0.114583333333333,1,0,21,21
556,76,6,1.57291666666667,0.114583333333333,1,0,11,11
557,77,6,1.59375,0.114583333333333,1,0,13,13
558,78,6,1.61458333333333,0.114583333333333,1,0,22,22
559,79,6,1.63541666666667,0.114583333333333,1,0,7,7
560,80,6,1.65625,0.114583333333333,1,0,16,16
561,81,6,1.67708333333333,0.114583333333333,1,0,27,27
562,82,6,1.69791666666667,0.114583333333333,1,0,21,21
563,83,6,1.71875,0.114583333333333,1,0,26,26
564,84,6,1.73958333333333,0.114583333333333,1,0,23,23
565,85,6,1.76041666666667,0.114583333333333,1,0,17,17
566,86,6,1.78125,0.114583333333333,1,0,20,20
567,87,6,1.80208333333333,0.114583333333333,1,0,26,26
568,88,6,1.82291666666667,0.114583333333333,1,0,16,16
569,89,6,1.84375,0.114583333333333,1,0,24,24
570,90,6,1.86458333333333,0.114583333333333,1,0,19,19
571,91,6,1.88541666666667,0.114583333333333,1,0,23,23
572,92,6,1.90625,0.114583333333333,1,0,22,22
573,93,6,1.92708333333333,0.114583333333333,1,0,21,21
574,94,6,1.94791666666667,0.114583333333333,1,0,14,14
575,95,6,1.96875,0.114583333333333,1,0,19,19
576,96,6,1.98958333333333,0.114583333333333,1,0,17,17
577,1,7,0.0104166666666667,0.135416666666667,0,1,0,0
578,2,7,0.03125,0.135416666666667,0,1,0,0
579,3,7,0.0520833333333333,0.135416666666667,0,1,0,0
580,4,7,0.0729166666666667,0.135416666666667,0,1,0,0
581,5,7,0.09375,0.135416666666667,0,1,0,0
582,6,7,0.114583333333333,0.135416666666667,0,1,0,0
583,7,7,0.135416666666667,0.135416666666667,0,1,0,0
584,8,7,0.15625,0.135416666666667,0,1,0,0
585,9,7,0.177083333333333,0.135416666666667,0,1,0,0
586,10,7,0.197916666666667,0.135416666666667,0,1,0,0
587,11,7,0.21875,0.135416666666667,0,1,0,0
588,12,7,0.239583333333333,0.135416666666667,0,1,0,0
589,13,7,0.260416666666667,0.135416666666667,0,1,0,0
590,14,7,0.28125,0.135416666666667,0,1,0,0
591,15,7,0.302083333333333,0.135416666666667,0,1,0,0
592,16,7,0.322916666666667,0.135416666666667,0,1,0,0
593,17,7,0.34375,0.135416666666667,0,1,0,0
594,18,7,0.364583333333333,0.135416666666667,0,1,0,0
595,19,7,0.385416666666667,0.135416666666667,0,1,0,0
596,20,7,0.40625,0.135416666666667,0,1,0,0
597,21,7,0.427083333333333,0.135416666666667,0,1,0,0
598,22,7,0.447916666666667,0.135416666666667,0,1,0,0
599,23,7,0.46875,0.135416666666667,0,1,0,0
600,24,7,0.489583333333333,0.135416666666667,0,1,0,0
601,25,7,0.510416666666667,0.135416666666667,1,0,11,11
602,26,7,0.53125,0.135416666666667,1,0,22,22
603,27,7,0.552083333333333,0.135416666666667,1,0,4,4
604,28,7,0.572916666666667,0.135416666666667,1,0,20,20
605,29,7,0.59375,0.135416666666667,1,0,25,25
606,30,7,0.614583333333333,0.135416666666667,1,0,21,21
607,31,7,0.635416666666667,0.135416666666667,1,0,23,23
608,32,7,0.65625,0.135416666666667,1,0,21,21
609,33,7,0.677083333333333,0.135416666666667,1,0,23,23
610,34,7,0.697916666666667,0.135416666666667,1,0,25,25
611,35,7,0.71875,0.135416666666667,1,0,8,8
612,36,7,0.739583333333333,0.135416666666667,1,0,21,21
613,37,7,0.760416666666667,0.135416666666667,1,0,28,28
614,38,7,0.78125,0.135416666666667,1,0,16,16
615,39,7,0.802083333333333,0.135416666666667,1,0,8,8
616,40,7,0.822916666666667,0.135416666666667,1,0,18,18
617,41,7,0.84375,0.135416666666667,1,0,18,18
618,42,7,0.864583333333333,0.135416666666667,1,0,18,18
619,43,7,0.885416666666667,0.135416666666667,1,0,21,21
620,44,7,0.90625,0.135416666666667,1,0,23,23
621,45,7,0.927083333333333,0.135416666666667,1,0,18,18
622,46,7,0.947916666666667,0.135416666666667,1,0,6,6
623,47,7,0.96875,0.135416666666667,1,0,13,13
624,48,7,0.989583333333333,0.135416666666667,1,0,19,19
625,49,7,1.01041666666667,0.135416666666667,1,0,30,30
626,50,7,1.03125,0.135416666666667,1,0,7,7
627,51,7,1.05208333333333,0.135416666666667,1,0,11,11
628,52,7,1.07291666666667,0.135416666666667,1,0,21,21
629,53,7,1.09375,0.135416666666667,1,0,16,16
630,54,7,1.11458333333333,0.135416666666667,1,0,20,20
631,55,7,1.13541666666667,0.135416666666667,1,0,15,15
632,56,7,1.15625,0.135416666666667,1,0,17,17
633,57,7,1.17708333333333,0.135416666666667,1,0,13,13
634,58,7,1.19791666666667,0.135416666666667,1,0,21,21
635,59,7,1.21875,0.135416666666667,1,0,28,28
636,60,7,1.23958333333333,0.135416666666667,1,0,17,17
637,61,7,1.26041666666667,0.135416666666667,1,0,20,20
638,62,7,1.28125,0.135416666666667,1,0,22,22
639,63,7,1.30208333333333,0.135416666666667,1,0,18,18
640,64,7,1.32291666666667,0.135416666666667,1,0,22,22
641,65,7,1.34375,0.135416666666667,1,0,19,19
642,66,7,1.36458333333333,0.135416666666667,1,0,35,35
643,67,7,1.38541666666667,0.135416666666667,1,0,16,16
644,68,7,1.40625,0.135416666666667,1,0,16,16
645,69,7,1.42708333333333,0.135416666666667,1,0,11,11
646,70,7,1.44791666666667,0.135416666666667,1,0,10,10
647,71,7,1.46875,0.135416666666667,1,0,31,31
648,72,7,1.48958333333333,0.135416666666667,1,0,21,21
649,73,7,1.51041666666667,0.135416666666667,1,0,20,20
650,74,7,1.53125,0.135416666666667,1,0,21,21
651,75,7,1.55208333333333,0.135416666666667,1,0,26,26
652,76,7,1.57291666666667,0.135416666666667,1,0,18,18
653,77,7,1.59375,0.135416666666667,1,0,17,17
654,78,7,1.61458333333333,0.135416666666667,1,0,25,25
655,79,7,1.63541666666667,0.135416666666667,1,0,9,9
656,80,7,1.65625,0.135416666666667,1,0,20,20
657,81,7,1.67708333333333,0.135416666666667,1,0,20,20
658,82,7,1.69791666666667,0.135416666666667,1,0,15,15
659,83,7,1.71875,0.135416666666667,1,0,33,33
660,84,7,1.73958333333333,0.135416666666667,1,0,15,15
661,85,7,1.76041666666667,0.135416666666667,1,0,24,24
662,86,7,1.78125,0.135416666666667,1,0,18,18
663,87,7,1.80208333333333,0.135416666666667,1,0,15,15
664,88,7,1.82291666666667,0.135416666666667,1,0,9,9
665,89,7,1.84375,0.135416666666667,1,0,26,26
666,90,7,1.86458333333333,0.135416666666667,1,0,19,19
667,91,7,1.88541666666667,0.135416666666667,1,0,25,25
668,92,7,1.90625,0.135416666666667,1,0,17,17
669,93,7,1.92708333333333,0.135416666666667,1,0,26,26
670,94,7,1.94791666666667,0.135416666666667,1,0,16,16
671,95,7,1.96875,0.135416666666667,1,0,13,13
672,96,7,1.98958333333333,0.135416666666667,1,0,19,19
673,1,8,0.0104166666666667,0.15625,0,1,0,0
674,2,8,0.03125,0.15625,0,1,0,0
675,3,8,0.0520833333333333,0.15625,0,1,0,0
676,4,8,0.0729166666666667,0.15625,0,1,0,0
677,5,8,0.09375,0.15625,0,1,0,0
678,6,8,0.114583333333333,0.15625,0,1,0,0
679,7,8,0.135416666666667,0.15625,0,1,0,0
680,8,8,0.15625,0.15625,0,1,0,0
681,9,8,0.177083333333333,0.15625,0,1,0,0
682,10,8,0.197916666666667,0.15625,0,1,0,0
683,11,8,0.21875,0.15625,0,1,0,0
684,12,8,0.239583333333333,0.15625,0,1,0,0
685,13,8,0.260416666666667,0.15625,0,1,0,0
686,14,8,0.28125,0.15625,0,1,0,0
687,15,8,0.302083333333333,0.15625,0,1,0,0
688,16,8,0.322916666666667,0.15625,0,1,0,0
689,17,8,0.34375,0.15625,0,1,0,0
690,18,8,0.364583333333333,0.15625,0,1,0,0
691,19,8,0.385416666666667,0.15625,0,1,0,0
692,20,8,0.40625,0.15625,0,1,0,0
693,21,8,0.427083333333333,0.15625,0,1,0,0
694,22,8,0.447916666666667,0.15625,0,1,0,0
695,23,8,0.46875,0.15625,0,1,0,0
696,24,8,0.489583333333333,0.15625,0,1,0,0
697,25,8,0.510416666666667,0.15625,1,0,21,21
698,26,8,0.53125,0.15625,1,0,14,14
699,27,8,0.552083333333333,0.15625,1,0,17,17
700,28,8,0.572916666666667,0.15625,1,0,20,20
701,29,8,0.59375,0.15625,1,0,27,27
702,30,8,0.614583333333333,0.15625,1,0,21,21
703,31,8,0.635416666666667,0.15625,1,0,9,9
704,32,8,0.65625,0.15625,1,0,18,18
705,33,8,0.677083333333333,0.15625,1,0,29,29
706,34,8,0.697916666666667,0.15625,1,0,15,15
707,35,8,0.71875,0.15625,1,0,22,22
708,36,8,0.739583333333333,0.15625,1,0,12,12
709,37,8,0.760416666666667,0.15625,1,0,27,27
710,38,8,0.78125,0.15625,1,0,16,16
711,39,8,0.802083333333333,0.15625,1,0,14,14
712,40,8,0.822916666666667,0.15625,1,0,28,28
713,41,8,0.84375,0.15625,1,0,21,21
714,42,8,0.864583333333333,0.15625,1,0,19,19
715,43,8,0.885416666666667,0.15625,1,0,24,24
716,44,8,0.90625,0.15625,1,0,19,19
717,45,8,0.927083333333333,0.15625,1,0,22,22
718,46,8,0.947916666666667,0.15625,1,0,25,25
719,47,8,0.96875,0.15625,1,0,31,31
720,48,8,0.989583333333333,0.15625,1,0,13,13
721,49,8,1.01041666666667,0.15625,1,0,15,15
722,50,8,1.03125,0.15625,1,0,22,22
723,51,8,1.05208333333333,0.15625,1,0,21,21
724,52,8,1.07291666666667,0.15625,1,0,15,15
725,53,8,1.09375,0.15625,1,0,24,24
726,54,8,1.11458333333333,0.15625,1,0,17,17
727,55,8,1.13541666666667,0.15625,1,0,25,25
728,56,8,1.15625,0.15625,1,0,5,5
729,57,8,1.17708333333333,0.15625,1,0,6,6
730,58,8,1.19791666666667,0.15625,1,0,19,19
731,59,8,1.21875,0.15625,1,0,25,25
732,60,8,1.23958333333333,0.15625,1,0,28,28
733,61,8,1.26041666666667,0.15625,1,0,16,16
734,62,8,1.28125,0.15625,1,0,17,17
735,63,8,1.30208333333333,0.15625,1,0,16,16
736,64,8,1.32291666666667,0.15625,1,0,27,27
737,65,8,1.34375,0.15625,1,0,22,22
738,66,8,1.36458333333333,0.15625,1,0,15,15
739,67,8,1.38541666666667,0.15625,1,0,23,23
740,68,8,1.40625,0.15625,1,0,24,24
741,69,8,1.42708333333333,0.15625,1,0,22,22
742,70,8,1.44791666666667,0.15625,1,0,21,21
743,71,8,1.46875,0.15625,1,0,12,12
744,72,8,1.48958333333333,0.15625,1,0,19,19
745,73,8,1.51041666666667,0.15625,1,0,24,24
746,74,8,1.53125,0.15625,1,0,24,24
747,75,8,1.55208333333333,0.15625,1,0,13,13
748,76,8,1.57291666666667,0.15625,1,0,18,18
749,77,8,1.59375,0.15625,1,0,32,32
750,78,8,1.61458333333333,0.15625,1,0,26,26
751,79,8,1.63541666666667,0.15625,1,0,18,18
752,80,8,1.65625,0.15625,1,0,17,17
753,81,8,1.67708333333333,0.15625,1,0,21,21
754,82,8,1.69791666666667,0.15625,1,0,8,8
755,83,8,1.71875,0.15625,1,0,18,18
756,84,8,1.73958333333333,0.15625,1,0,12,12
757,85,8,1.76041666666667,0.15625,1,0,6,6
758,86,8,1.78125,0.15625,1,0,12,12
759,87,8,1.80208333333333,0.15625,1,0,13,13
760,88,8,1.82291666666667,0.15625,1,0,23,23
761,89,8,1.84375,0.15625,1,0,20,20
762,90,8,1.86458333333333,0.15625,1,0,27,27
763,91,8,1.88541666666667,0.15625,1,0,26,26
764,92,8,1.90625,0.15625,1,0,24,24
765,93,8,1.92708333333333,0.15625,1,0,11,11
766,94,8,1.94791666666667,0.15625,1,0,28,28
767,95,8,1.96875,0.15625,1,0,23,23
768,96,8,1.98958333333333,0.15625,1,0,19,19
769,1,9,0.0104166666666667,0.177083333333333,0,1,0,0
770,2,9,0.03125,0.177083333333333,0,1,0,0
771,3,9,0.0520833333333333,0.177083333333333,0,1,0,0
772,4,9,0.0729166666666667,0.177083333333333,0,1,0,0
773,5,9,0.09375,0.177083333333333,0,1,0,0
774,6,9,0.114583333333333,0.177083333333333,0,1,0,0
775,7,9,0.135416666666667,0.177083333333333,0,1,0,0
776,8,9,0.15625,0.177083333333333,0,1,0,0
777,9,9,0.177083333333333,0.177083333333333,0,1,0,0
778,10,9,0.197916666666667,0.177083333333333,0,1,0,0
779,11,9,0.21875,0.177083333333333,0,1,0,0
780,12,9,0.239583333333333,0.177083333333333,0,1,0,0
781,13,9,0.260416666666667,0.177083333333333,0,1,0,0
782,14,9,0.28125,0.177083333333333,0,1,0,0
783,15,9,0.302083333333333,0.177083333333333,0,1,0,0
784,16,9,0.322916666666667,0.177083333333333,0,1,0,0
785,17,9,0.34375,0.177083333333333,0,1,0,0
786,18,9,0.364583333333333,0.177083333333333,0,1,0,0
787,19,9,0.385416666666667,0.177083333333333,0,1,0,0
788,20,9,0.40625,0.177083333333333,0,1,0,0
789,21,9,0.427083333333333,0.177083333333333,0,1,0,0
790,22,9,0.447916666666667,0.177083333333333,0,1,0,0
791,23,9,0.46875,0.177083333333333,0,1,0,0
792,24,9,0.489583333333333,0.177083333333333,0,1,0,0
793,25,9,0.510416666666667,0.177083333333333,1,0,16,16
794,26,9,0.53125,0.177083333333333,1,0,24,24
795,27,9,0.552083333333333,0.177083333333333,1,0,15,15
796,28,9,0.572916666666667,0.177083333333333,1,0,17,17
797,29,9,0.59375,0.177083333333333,1,0,19,19
798,30,9,0.614583333333333,0.177083333333333,1,0,22,22
799,31,9,0.635416666666667,0.177083333333333,1,0,19,19
800,32,9,0.65625,0.177083333333333,1,0,30,30
801,33,9,0.677083333333333,0.177083333333333,1,0,13,13
802,34,9,0.697916666666667,0.177083333333333,1,0,14,14
803,35,9,0.71875,0.177083333333333,1,0,4,4
804,36,9,0.739583333333333,0.177083333333333,1,0,15,15
805,37,9,0.760416666666667,0.177083333333333,1,0,9,9
806,38,9,0.78125,0.177083333333333,1,0,22,22
807,39,9,0.802083333333333,0.177083333333333,1,0,25,25
808,40,9,0.822916666666667,0.177083333333333,1,0,30,30
809,41,9,0.84375,0.177083333333333,1,0,29,29
810,42,9,0.864583333333333,0.177083333333333,1,0,24,24
811,43,9,0.885416666666667,0.177083333333333,1,0,22,22
812,44,9,0.90625,0.177083333333333,1,0,14,14
813,45,9,0.927083333333333,0.177083333333333,1,0,23,23
814,46,9,0.947916666666667,0.177083333333333,1,0,25,25
815,47,9,0.96875,0.177083333333333,1,0,24,24
816,48,9,0.989583333333333,0.177083333333333,1,0,22,22
817,49,9,1.01041666666667,0.177083333333333,1,0,23,23
818,50,9,1.03125,0.177083333333333,1,0,25,25
819,51,9,1.05208333333333,0.177083333333333,1,0,17,17
820,52,9,1.07291666666667,0.177083333333333,1,0,21,21
821,53,9,1.09375,0.177083333333333,1,0,20,20
822,54,9,1.11458333333333,0.177083333333333,1,0,24,24
823,55,9,1.13541666666667,0.177083333333333,1,0,15,15
824,56,9,1.15625,0.177083333333333,1,0,20,20
825,57,9,1.17708333333333,0.177083333333333,1,0,25,25
826,58,9,1.19791666666667,0.177083333333333,1,0,7,7
827,59,9,1.21875,0.177083333333333,1,0,20,20
828,60,9,1.23958333333333,0.177083333333333,1,0,14,14
829,61,9,1.26041666666667,0.177083333333333,1,0,19,19
830,62,9,1.28125,0.177083333333333,1,0,34,34
831,63,9,1.30208333333333,0.177083333333333,1,0,19,19
832,64,9,1.32291666666667,0.177083333333333,1,0,21,21
833,65,9,1.34375,0.177083333333333,1,0,24,24
834,66,9,1.36458333333333,0.177083333333333,1,0,19,19
835,67,9,1.38541666666667,0.177083333333333,1,0,19,19
836,68,9,1.40625,0.177083333333333,1,0,13,13
837,69,9,1.42708333333333,0.177083333333333,1,0,28,28
838,70,9,1.44791666666667,0.177083333333333,1,0,11,11
839,71,9,1.46875,0.177083333333333,1,0,15,15
840,72,9,1.48958333333333,0.177083333333333,1,0,20,20
841,73,9,1.51041666666667,0.177083333333333,1,0,20,20
842,74,9,1.53125,0.177083333333333,1,0,18,18
843,75,9,1.55208333333333,0.177083333333333,1,0,19,19
844,76,9,1.57291666666667,0.177083333333333,1,0,24,24
845,77,9,1.59375,0.177083333333333,1,0,15,15
846,78,9,1.61458333333333,0.177083333333333,1,0,16,16
847,79,9,1.63541666666667,0.177083333333333,1,0,23,23
848,80,9,1.65625,0.177083333333333,1,0,20,20
849,81,9,1.67708333333333,0.177083333333333,1,0,30,30
850,82,9,1.69791666666667,0.177083333333333,1,0,18,18
851,83,9,1.71875,0.177083333333333,1,0,18,18
852,84,9,1.73958333333333,0.177083333333333,1,0,27,27
853,85,9,1.76041666666667,0.177083333333333,1,0,25,25
854,86,9,1.78125,0.177083333333333,1,0,24,24
855,87,9,1.80208333333333,0.177083333333333,1,0,15,15
856,88,9,1.82291666666667,0.177083333333333,1,0,14,14
857,89,9,1.84375,0.177083333333333,1,0,23,23
858,90,9,1.86458333333333,0.177083333333333,1,0,28,28
859,91,9,1.88541666666667,0.177083333333333,1,0,17,17
860,92,9,1.90625,0.177083333333333,1,0,20,20
861,93,9,1.92708333333333,0.177083333333333,1,0,12,12
862,94,9,1.94791666666667,0.177083333333333,1,0,24,24
863,95,9,1.96875,0.177083333333333,1,0,22,22
864,96,9,1.98958333333333,0.177083333333333,1,0,19,19
865,1,10,0.0104166666666667,0.197916666666667,0,1,0,0
866,2,10,0.03125,0.197916666666667,0,1,0,0
867,3,10,0.0520833333333333,0.197916666666667,0,1,0,0
868,4,10,0.0729166666666667,0.197916666666667,0,1,0,0
869,5,10,0.09375,0.197916666666667,0,1,0,0
870,6,10,0.114583333333333,0.197916666666667,0,1,0,0
871,7,10,0.135416666666667,0.197916666666667,0,1,0,0
872,8,10,0.15625,0.197916666666667,0,1,0,0
873,9,10,0.177083333333333,0.197916666666667,0,1,0,0
874,10,10,0.197916666666667,0.197916666666667,0,1,0,0
875,11,10,0.21875,0.197916666666667,0,1,0,0
876,12,10,0.239583333333333,0.197916666666667,0,1,0,0
877,13,10,0.260416666666667,0.197916666666667,0,1,0,0
878,14,10,0.28125,0.197916666666667,0,1,0,0
879,15,10,0.302083333333333,0.197916666666667,0,1,0,0
880,16,10,0.322916666666667,0.197916666666667,0,1,0,0
881,17,10,0.34375,0.197916666666667,0,1,0,0
882,18,10,0.364583333333333,0.197916666666667,0,1,0,0
883,19,10,0.385416666666667,0.197916666666667,0,1,0,0
884,20,10,0.40625,0.197916666666667,0,1,0,0
885,21,10,0.427083333333333,0.197916666666667,0,1,0,0
886,22,10,0.447916666666667,0.197916666666667,0,1,0,0
887,23,10,0.46875,0.197916666666667,0,1,0,0
888,24,10,0.489583333333333,0.197916666666667,0,1,0,0
889,25,10,0.510416666666667,0.197916666666667,1,0,18,18
890,26,10,0.53125,0.197916666666667,1,0,16,16
891,27,10,0.552083333333333,0.197916666666667,1,0,25,25
892,28,10,0.572916666666667,0.197916666666667,1,0,20,20
893,29,10,0.59375,0.197916666666667,1,0,20,20
894,30,10,0.614583333333333,0.197916666666667,1,0,20,20
895,31,10,0.635416666666667,0.197916666666667,1,0,16,16
896,32,10,0.65625,0.197916666666667,1,0,20,20
897,33,10,0.677083333333333,0.197916666666667,1,0,20,20
898,34,10,0.697916666666667,0.197916666666667,1,0,8,8
899,35,10,0.71875,0.197916666666667,1,0,21,21
900,36,10,0.739583333333333,0.197916666666667,1,0,19,19
901,37,10,0.760416666666667,0.197916666666667,1,0,23,23
902,38,10,0.78125,0.197916666666667,1,0,17,17
903,39,10,0.802083333333333,0.197916666666667,1,0,16,16
904,40,10,0.822916666666667,0.197916666666667,1,0,27,27
905,41,10,0.84375,0.197916666666667,1,0,23,23
906,42,10,0.864583333333333,0.197916666666667,1,0,13,13
907,43,10,0.885416666666667,0.197916666666667,1,0,18,18
908,44,10,0.90625,0.197916666666667,1,0,21,21
909,45,10,0.927083333333333,0.197916666666667,1,0,12,12
910,46,10,0.947916666666667,0.197916666666667,1,0,18,18
911,47,10,0.96875,0.197916666666667,1,0,24,24
912,48,10,0.989583333333333,0.197916666666667,1,0,28,28
913,49,10,1.01041666666667,0.197916666666667,1,0,26,26
914,50,10,1.03125,0.197916666666667,1,0,20,20
915,51,10,1.05208333333333,0.197916666666667,1,0,33,33
916,52,10,1.07291666666667,0.197916666666667,1,0,21,21
917,53,10,1.09375,0.197916666666667,1,0,19,19
918,54,10,1.11458333333333,0.197916666666667,1,0,20,20
919,55,10,1.13541666666667,0.197916666666667,1,0,15,15
920,56,10,1.15625,0.197916666666667,1,0,17,17
921,57,10,1.17708333333333,0.197916666666667,1,0,23,23
922,58,10,1.19791666666667,0.197916666666667,1,0,15,15
923,59,10,1.21875,0.197916666666667,1,0,15,15
924,60,10,1.23958333333333,0.197916666666667,1,0,18,18
925,61,10,1.26041666666667,0.197916666666667,1,0,22,22
926,62,10,1.28125,0.197916666666667,1,0,21,21
927,63,10,1.30208333333333,0.197916666666667,1,0,18,18
928,64,10,1.32291666666667,0.197916666666667,1,0,8,8
929,65,10,1.34375,0.197916666666667,1,0,26,26
930,66,10,1.36458333333333,0.197916666666667,1,0,13,13
931,67,10,1.38541666666667,0.197916666666667,1,0,14,14
932,68,10,1.40625,0.197916666666667,1,0,15,15
933,69,10,1.42708333333333,0.197916666666667,1,0,17,17
934,70,10,1.44791666666667,0.197916666666667,1,0,22,22
935,71,10,1.46875,0.197916666666667,1,0,30,30
936,72,10,1.48958333333333,0.197916666666667,1,0,20,20
937,73,10,1.51041666666667,0.197916666666667,1,0,23,23
938,74,10,1.53125,0.197916666666667,1,0,21,21
939,75,10,1.55208333333333,0.197916666666667,1,0,19,19
940,76,10,1.57291666666667,0.197916666666667,1,0,15,15
941,77,10,1.59375,0.197916666666667,1,0,24,24
942,78,10,1.61458333333333,0.197916666666667,1,0,16,16
943,79,10,1.63541666666667,0.197916666666667,1,0,23,23
944,80,10,1.65625,0.197916666666667,1,0,16,16
945,81,10,1.67708333333333,0.197916666666667,1,0,24,24
946,82,10,1.69791666666667,0.197916666666667,1,0,17,17
947,83,10,1.71875,0.197916666666667,1,0,11,11
948,84,10,1.73958333333333,0.197916666666667,1,0,29,29
949,85,10,1.76041666666667,0.197916666666667,1,0,22,22
950,86,10,1.78125,0.197916666666667,1,0,13,13
951,87,10,1.80208333333333,0.197916666666667,1,0,32,32
952,88,10,1.82291666666667,0.197916666666667,1,0,27,27
953,89,10,1.84375,0.197916666666667,1,0,29,29
954,90,10,1.86458333333333,0.197916666666667,1,0,16,16
955,91,10,1.88541666666667,0.197916666666667,1,0,25,25
956,92,10,1.90625,0.197916666666667,1,0,21,21
957,93,10,1.92708333333333,0.197916666666667,1,0,19,19
958,94,10,1.94791666666667,0.197916666666667,1,0,26,26
959,95,10,1.96875,0.197916666666667,1,0,19,19
960,96,10,1.98958333333333,0.197916666666667,1,0,23,23
961,1,11,0.0104166666666667,0.21875,0,1,0,0
962,2,11,0.03125,0.21875,0,1,0,0
963,3,11,0.0520833333333333,0.21875,0,1,0,0
964,4,11,0.0729166666666667,0.21875,0,1,0,0
965,5,11,0.09375,0.21875,0,1,0,0
966,6,11,0.114583333333333,0.21875,0,1,0,0
967,7,11,0.135416666666667,0.21875,0,1,0,0
968,8,11,0.15625,0.21875,0,1,0,0
969,9,11,0.177083333333333,0.21875,0,1,0,0
970,10,11,0.197916666666667,0.21875,0,1,0,0
971,11,11,0.21875,0.21875,0,1,0,0
972,12,11,0.239583333333333,0.21875,0,1,0,0
973,13,11,0.260416666666667,0.21875,0,1,0,0
974,14,11,0.28125,0.21875,0,1,0,0
975,15,11,0.302083333333333,0.21875,0,1,0,0
976,16,11,0.322916666666667,0.21875,0,1,0,0
977,17,11,0.34375,0.21875,0,1,0,0
978,18,11,0.364583333333333,0.21875,0,1,0,0
979,19,11,0.385416666666667,0.21875,0,1,0,0
980,20,11,0.40625,0.21875,0,1,0,0
981,21,11,0.427083333333333,0.21875,0,1,0,0
982,22,11,0.447916666666667,0.21875,0,1,0,0
983,23,11,0.46875,0.21875,0,1,0,0
984,24,11,0.489583333333333,0.21875,0,1,0,0
985,25,11,0.510416666666667,0.21875,1,0,9,9
986,26,11,0.53125,0.21875,1,0,18,18
987,27,11,0.552083333333333,0.21875,1,0,24,24
988,28,11,0.572916666666667,0.21875,1,0,16,16
989,29,11,0.59375,0.21875,1,0,22,22
990,30,11,0.614583333333333,0.21875,1,0,21,21
991,31,11,0.635416666666667,0.21875,1,0,21,21
992,32,11,0.65625,0.21875,1,0,12,12
993,33,11,0.677083333333333,0.21875,1,0,23,23
994,34,11,0.697916666666667,0.21875,1,0,21,21
995,35,11,0.71875,0.21875,1,0,16,16
996,36,11,0.739583333333333,0.21875,1,0,12,12
997,37,11,0.760416666666667,0.21875,1,0,28,28
998,38,11,0.78125,0.21875,1,0,12,12
999,39,11,0.802083333333333,0.21875,1,0,20,20
1000,40,11,0.822916666666667,0.21875,1,0,20,20
1001,41,11,0.84375,0.21875,1,0,15,15
1002,42,11,0.864583333333333,0.21875,1,0,17,17
1003,43,11,0.885416666666667,0.21875,1,0,22,22
1004,44,11,0.90625,0.21875,1,0,22,22
1005,45,11,0.927083333333333,0.21875,1,0,27,27
1006,46,11,0.947916666666667,0.21875,1,0,19,19
1007,47,11,0.96875,0.21875,1,0,22,22
1008,48,11,0.989583333333333,0.21875,1,0,27,27
1009,49,11,1.01041666666667,0.21875,1,0,26,26
1010,50,11,1.03125,0.21875,1,0,28,28
1011,51,11,1.05208333333333,0.21875,1,0,19,19
1012,52,11,1.07291666666667,0.21875,1,0,20,20
1013,53,11,1.09375,0.21875,1,0,17,17
1014,54,11,1.11458333333333,0.21875,1,0,20,20
1015,55,11,1.13541666666667,0.21875,1,0,28,28
1016,56,11,1.15625,0.21875,1,0,20,20
1017,57,11,1.17708333333333,0.21875,1,0,12,12
1018,58,11,1.19791666666667,0.21875,1,0,19,19
1019,59,11,1.21875,0.21875,1,0,16,16
1020,60,11,1.23958333333333,0.21875,1,0,23,23
1021,61,11,1.26041666666667,0.21875,1,0,20,20
1022,62,11,1.28125,0.21875,1,0,23,23
1023,63,11,1.30208333333333,0.21875,1,0,19,19
1024,64,11,1.32291666666667,0.21875,1,0,13,13
1025,65,11,1.34375,0.21875,1,0,4,4
1026,66,11,1.36458333333333,0.21875,1,0,19,19
1027,67,11,1.38541666666667,0.21875,1,0,13,13
1028,68,11,1.40625,0.21875,1,0,13,13
1029,69,11,1.42708333333333,0.21875,1,0,10,10
1030,70,11,1.44791666666667,0.21875,1,0,18,18
1031,71,11,1.46875,0.21875,1,0,26,26
1032,72,11,1.48958333333333,0.21875,1,0,32,32
1033,73,11,1.51041666666667,0.21875,1,0,19,19
1034,74,11,1.53125,0.21875,1,0,21,21
1035,75,11,1.55208333333333,0.21875,1,0,11,11
1036,76,11,1.57291666666667,0.21875,1,0,21,21
1037,77,11,1.59375,0.21875,1,0,21,21
1038,78,11,1.61458333333333,0.21875,1,0,24,24
1039,79,11,1.63541666666667,0.21875,1,0,14,14
1040,80,11,1.65625,0.21875,1,0,18,18
1041,81,11,1.67708333333333,0.21875,1,0,23,23
1042,82,11,1.69791666666667,0.21875,1,0,11,11
1043,83,11,1.71875,0.21875,1,0,19,19
1044,84,11,1.73958333333333,0.21875,1,0,29,29
1045,85,11,1.76041666666667,0.21875,1,0,18,18
1046,86,11,1.78125,0.21875,1,0,31,31
1047,87,11,1.80208333333333,0.21875,1,0,33,33
1048,88,11,1.82291666666667,0.21875,1,0,12,12
1049,89,11,1.84375,0.21875,1,0,19,19
1050,90,11,1.86458333333333,0.21875,1,0,21,21
1051,91,11,1.88541666666667,0.21875,1,0,17,17
1052,92,11,1.90625,0.21875,1,0,25,25
1053,93,11,1.92708333333333,0.21875,1,0,29,29
1054,94,11,1.94791666666667,0.21875,1,0,31,31
1055,95,11,1.96875,0.21875,1,0,30,30
1056,96,11,1.98958333333333,0.21875,1,0,29,29
1057,1,12,0.0104166666666667,0.239583333333333,0,1,0,0
1058,2,12,0.03125,0.239583333333333,0,1,0,0
1059,3,12,0.0520833333333333,0.239583333333333,0,1,0,0
1060,4,12,0.0729166666666667,0.239583333333333,0,1,0,0
1061,5,12,0.09375,0.239583333333333,0,1,0,0
1062,6,12,0.114583333333333,0.239583333333333,0,1,0,0
1063,7,12,0.135416666666667,0.239583333333333,0,1,0,0
1064,8,12,0.15625,0.239583333333333,0,1,0,0
1065,9,12,0.177083333333333,0.239583333333333,0,1,0,0
1066,10,12,0.197916666666667,0.239583333333333,0,1,0,0
1067,11,12,0.21875,0.239583333333333,0,1,0,0
1068,12,12,0.239583333333333,0.239583333333333,0,1,0,0
1069,13,12,0.260416666666667,0.239583333333333,0,1,0,0
1070,14,12,0.28125,0.239583333333333,0,1,0,0
1071,15,12,0.302083333333333,0.239583333333333,0,1,0,0
1072,16,12,0.322916666666667,0.239583333333333,0,1,0,0
1073,17,12,0.34375,0.239583333333333,0,1,0,0
1074,18,12,0.364583333333333,0.239583333333333,0,1,0,0
1075,19,12,0.385416666666667,0.239583333333333,0,1,0,0
1076,20,12,0.40625,0.239583333333333,0,1,0,0
1077,21,12,0.427083333333333,0.239583333333333,0,1,0,0
1078,22,12,0.447916666666667,0.239583333333333,0,1,0,0
1079,23,12,0.46875,0.239583333333333,0,1,0,0
1080,24,12,0.489583333333333,0.239583333333333,0,1,0,0
1081,25,12,0.510416666666667,0.239583333333333,1,0,18,18
1082,26,12,0.53125,0.239583333333333,1,0,27,27
1083,27,12,0.552083333333333,0.239583333333333,1,0,11,11
1084,28,12,0.572916666666667,0.239583333333333,1,0,19,19
1085,29,12,0.59375,0.239583333333333,1,0,17,17
1086,30,12,0.614583333333333,0.239583333333333,1,0,25,25
1087,31,12,0.635416666666667,0.239583333333333,1,0,24,24
1088,32,12,0.65625,0.239583333333333,1,0,9,9
1089,33,12,0.677083333333333,0.239583333333333,1,0,20,20
1090,34,12,0.697916666666667,0.239583333333333,1,0,17,17
1091,35,12,0.71875,0.239583333333333,1,0,17,17
1092,36,12,0.739583333333333,0.239583333333333,1,0,18,18
1093,37,12,0.760416666666667,0.239583333333333,1,0,22,22
1094,38,12,0.78125,0.239583333333333,1,0,14,14
1095,39,12,0.802083333333333,0.239583333333333,1,0,11,11
1096,40,12,0.822916666666667,0.239583333333333,1,0,22,22
1097,41,12,0.84375,0.239583333333333,1,0,22,22
1098,42,12,0.864583333333333,0.239583333333333,1,0,20,20
1099,43,12,0.885416666666667,0.239583333333333,1,0,12,12
1100,44,12,0.90625,0.239583333333333,1,0,12,12
1101,45,12,0.927083333333333,0.239583333333333,1,0,13,13
1102,46,12,0.947916666666667,0.239583333333333,1,0,15,15
1103,47,12,0.96875,0.239583333333333,1,0,25,25
1104,48,12,0.989583333333333,0.239583333333333,1,0,23,23
1105,49,12,1.01041666666667,0.239583333333333,1,0,26,26
1106,50,12,1.03125,0.239583333333333,1,0,14,14
1107,51,12,1.05208333333333,0.239583333333333,1,0,12,12
1108,52,12,1.07291666666667,0.239583333333333,1,0,30,30
1109,53,12,1.09375,0.239583333333333,1,0,19,19
1110,54,12,1.11458333333333,0.239583333333333,1,0,11,11
1111,55,12,1.13541666666667,0.239583333333333,1,0,18,18
1112,56,12,1.15625,0.239583333333333,1,0,20,20
1113,57,12,1.17708333333333,0.239583333333333,1,0,26,26
1114,58,12,1.19791666666667,0.239583333333333,1,0,24,24
1115,59,12,1.21875,0.239583333333333,1,0,23,23
1116,60,12,1.23958333333333,0.239583333333333,1,0,25,25
1117,61,12,1.26041666666667,0.239583333333333,1,0,19,19
1118,62,12,1.28125,0.239583333333333,1,0,23,23
1119,63,12,1.30208333333333,0.239583333333333,1,0,28,28
1120,64,12,1.32291666666667,0.239583333333333,1,0,8,8
1121,65,12,1.34375,0.239583333333333,1,0,18,18
1122,66,12,1.36458333333333,0.239583333333333,1,0,24,24
1123,67,12,1.38541666666667,0.239583333333333,1,0,17,17
1124,68,12,1.40625,0.239583333333333,1,0,21,21
1125,69,12,1.42708333333333,0.239583333333333,1,0,18,18
1126,70,12,1.44791666666667,0.239583333333333,1,0,10,10
1127,71,12,1.46875,0.239583333333333,1,0,12,12
1128,72,12,1.48958333333333,0.239583333333333,1,0,19,19
1129,73,12,1.51041666666667,0.239583333333333,1,0,30,30
1130,74,12,1.53125,0.239583333333333,1,0,28,28
1131,75,12,1.55208333333333,0.239583333333333,1,0,27,27
1132,76,12,1.57291666666667,0.239583333333333,1,0,34,34
1133,77,12,1.59375,0.239583333333333,1,0,20,20
1134,78,12,1.61458333333333,0.239583333333333,1,0,9,9
1135,79,12,1.63541666666667,0.239583333333333,1,0,13,13
1136,80,12,1.65625,0.239583333333333,1,0,25,25
1137,81,12,1.67708333333333,0.239583333333333,1,0,20,20
1138,82,12,1.69791666666667,0.239583333333333,1,0,10,10
1139,83,12,1.71875,0.239583333333333,1,0,27,27
1140,84,12,1.73958333333333,0.239583333333333,1,0,21,21
1141,85,12,1.76041666666667,0.239583333333333,1,0,16,16
1142,86,12,1.78125,0.239583333333333,1,0,32,32
1143,87,12,1.80208333333333,0.239583333333333,1,0,25,25
1144,88,12,1.82291666666667,0.239583333333333,1,0,19,19
1145,89,12,1.84375,0.239583333333333,1,0,19,19
1146,90,12,1.86458333333333,0.239583333333333,1,0,22,22
1147,91,12,1.88541666666667,0.239583333333333,1,0,23,23
1148,92,12,1.90625,0.239583333333333,1,0,27,27
1149,93,12,1.92708333333333,0.239583333333333,1,0,18,18
1150,94,12,1.94791666666667,0.239583333333333,1,0,25,25
1151,95,12,1.96875,0.239583333333333,1,0,21,21
1152,96,12,1.98958333333333,0.239583333333333,1,0,14,14
1153,1,13,0.0104166666666667,0.260416666666667,0,1,0,0
1154,2,13,0.03125,0.260416666666667,0,1,0,0
1155,3,13,0.0520833333333333,0.260416666666667,0,1,0,0
1156,4,13,0.0729166666666667,0.260416666666667,0,1,0,0
1157,5,13,0.09375,0.260416666666667,0,1,0,0
1158,6,13,0.114583333333333,0.260416666666667,0,1,0,0
1159,7,13,0.135416666666667,0.260416666666667,0,1,0,0
1160,8,13,0.15625,0.260416666666667,0,1,0,0
1161,9,13,0.177083333333333,0.260416666666667,0,1,0,0
1162,10,13,0.197916666666667,0.260416666666667,0,1,0,0
1163,11,13,0.21875,0.260416666666667,0,1,0,0
1164,12,13,0.239583333333333,0.260416666666667,0,1,0,0
1165,13,13,0.260416666666667,0.260416666666667,0,1,0,0
1166,14,13,0.28125,0.260416666666667,0,1,0,0
1167,15,13,0.302083333333333,0.260416666666667,0,1,0,0
1168,16,13,0.322916666666667,0.260416666666667,0,1,0,0
1169,17,13,0.34375,0.260416666666667,0,1,0,0
1170,18,13,0.364583333333333,0.260416666666667,0,1,0,0
1171,19,13,0.385416666666667,0.260416666666667,0,1,0,0
1172,20,13,0.40625,0.260416666666667,0,1,0,0
1173,21,13,0.427083333333333,0.260416666666667,0,1,0,0
1174,22,13,0.447916666666667,0.260416666666667,0,1,0,0
1175,23,13,0.46875,0.260416666666667,0,1,0,0
1176,24,13,0.489583333333333,0.260416666666667,0,1,0,0
1177,25,13,0.510416666666667,0.260416666666667,1,0,22,22
1178,26,13,0.53125,0.260416666666667,1,0,24,24
1179,27,13,0.552083333333333,0.260416666666667,1,0,32,32
1180,28,13,0.572916666666667,0.260416666666667,1,0,25,25
1181,29,13,0.59375,0.260416666666667,1,0,24,24
1182,30,13,0.614583333333333,0.260416666666667,1,0,10,10
1183,31,13,0.635416666666667,0.260416666666667,1,0,16,16
1184,32,13,0.65625,0.260416666666667,1,0,28,28
1185,33,13,0.677083333333333,0.260416666666667,1,0,6,6
1186,34,13,0.697916666666667,0.260416666666667,1,0,18,18
1187,35,13,0.71875,0.260416666666667,1,0,16,16
1188,36,13,0.739583333333333,0.260416666666667,1,0,21,21
1189,37,13,0.760416666666667,0.260416666666667,1,0,14,14
1190,38,13,0.78125,0.260416666666667,1,0,33,33
1191,39,13,0.802083333333333,0.260416666666667,1,0,8,8
1192,40,13,0.822916666666667,0.260416666666667,1,0,12,12
1193,41,13,0.84375,0.260416666666667,1,0,17,17
1194,42,13,0.864583333333333,0.260416666666667,1,0,15,15
1195,43,13,0.885416666666667,0.260416666666667,1,0,20,20
1196,44,13,0.90625,0.260416666666667,1,0,17,17
1197,45,13,0.927083333333333,0.260416666666667,1,0,24,24
1198,46,13,0.947916666666667,0.260416666666667,1,0,25,25
1199,47,13,0.96875,0.260416666666667,1,0,16,16
1200,48,13,0.989583333333333,0.260416666666667,1,0,19,19
1201,49,13,1.01041666666667,0.260416666666667,1,0,24,24
1202,50,13,1.03125,0.260416666666667,1,0,29,29
1203,51,13,1.05208333333333,0.260416666666667,1,0,26,26
1204,52,13,1.07291666666667,0.260416666666667,1,0,13,13
1205,53,13,1.09375,0.260416666666667,1,0,15,15
1206,54,13,1.11458333333333,0.260416666666667,1,0,6,6
1207,55,13,1.13541666666667,0.260416666666667,1,0,20,20
1208,56,13,1.15625,0.260416666666667,1,0,15,15
1209,57,13,1.17708333333333,0.260416666666667,1,0,17,17
1210,58,13,1.19791666666667,0.260416666666667,1,0,20,20
1211,59,13,1.21875,0.260416666666667,1,0,26,26
1212,60,13,1.23958333333333,0.260416666666667,1,0,12,12
1213,61,13,1.26041666666667,0.260416666666667,1,0,26,26
1214,62,13,1.28125,0.260416666666667,1,0,28,28
1215,63,13,1.30208333333333,0.260416666666667,1,0,22,22
1216,64,13,1.32291666666667,0.260416666666667,1,0,17,17
1217,65,13,1.34375,0.260416666666667,1,0,15,15
1218,66,13,1.36458333333333,0.260416666666667,1,0,21,21
1219,67,13,1.38541666666667,0.260416666666667,1,0,25,25
1220,68,13,1.40625,0.260416666666667,1,0,15,15
1221,69,13,1.42708333333333,0.260416666666667,1,0,19,19
1222,70,13,1.44791666666667,0.260416666666667,1,0,23,23
1223,71,13,1.46875,0.260416666666667,1,0,35,35
1224,72,13,1.48958333333333,0.260416666666667,1,0,27,27
1225,73,13,1.51041666666667,0.260416666666667,1,0,8,8
1226,74,13,1.53125,0.260416666666667,1,0,9,9
1227,75,13,1.55208333333333,0.260416666666667,1,0,19,19
1228,76,13,1.57291666666667,0.260416666666667,1,0,14,14
1229,77,13,1.59375,0.260416666666667,1,0,18,18
1230,78,13,1.61458333333333,0.260416666666667,1,0,19,19
1231,79,13,1.63541666666667,0.260416666666667,1,0,17,17
1232,80,13,1.65625,0.260416666666667,1,0,24,24
1233,81,13,1.67708333333333,0.260416666666667,1,0,28,28
1234,82,13,1.69791666666667,0.260416666666667,1,0,15,15
1235,83,13,1.71875,0.260416666666667,1,0,23,23
1236,84,13,1.73958333333333,0.260416666666667,1,0,27,27
1237,85,13,1.76041666666667,0.260416666666667,1,0,25,25
1238,86,13,1.78125,0.260416666666667,1,0,23,23
1239,87,13,1.80208333333333,0.260416666666667,1,0,17,17
1240,88,13,1.82291666666667,0.260416666666667,1,0,14,14
1241,89,13,1.84375,0.260416666666667,1,0,20,20
1242,90,13,1.86458333333333,0.260416666666667,1,0,10,10
1243,91,13,1.88541666666667,0.260416666666667,1,0,13,13
1244,92,13,1.90625,0.260416666666667,1,0,33,33
1245,93,13,1.92708333333333,0.260416666666667,1,0,23,23
1246,94,13,1.94791666666667,0.260416666666667,1,0,24,24
1247,95,13,1.96875,0.260416666666667,1,0,31,31
1248,96,13,1.98958333333333,0.260416666666667,1,0,29,29
1249,1,14,0.0104166666666667,0.28125,0,1,0,0
1250,2,14,0.03125,0.28125,0,1,0,0
1251,3,14,0.0520833333333333,0.28125,0,1,0,0
1252,4,14,0.0729166666666667,0.28125,0,1,0,0
1253,5,14,0.09375,0.28125,0,1,0,0
1254,6,14,0.114583333333333,0.28125,0,1,0,0
1255,7,14,0.135416666666667,0.28125,0,1,0,0
1256,8,14,0.15625,0.28125,0,1,0,0
1257,9,14,0.177083333333333,0.28125,0,1,0,0
1258,10,14,0.197916666666667,0.28125,0,1,0,0
1259,11,14,0.21875,0.28125,0,1,0,0
1260,12,14,0.239583333333333,0.28125,0,1,0,0
1261,13,14,0.260416666666667,0.28125,0,1,0,0
1262,14,14,0.28125,0.28125,0,1,0,0
1263,15,14,0.302083333333333,0.28125,0,1,0,0
1264,16,14,0.322916666666667,0.28125,0,1,0,0
1265,17,14,0.34375,0.28125,0,1,0,0
1266,18,14,0.364583333333333,0.28125,0,1,0,0
1267,19,14,0.385416666666667,0.28125,0,1,0,0
1268,20,14,0.40625,0.28125,0,1,0,0
1269,21,14,0.427083333333333,0.28125,0,1,0,0
1270,22,14,0.447916666666667,0.28125,0,1,0,0
1271,23,14,0.46875,0.28125,0,1,0,0
1272,24,14,0.489583333333333,0.28125,0,1,0,0
1273,25,14,0.510416666666667,0.28125,1,0,28,28
1274,26,14,0.53125,0.28125,1,0,4,4
1275,27,14,0.552083333333333,0.28125,1,0,22,22
1276,28,14,0.572916666666667,0.28125,1,0,23,23
1277,29,14,0.59375,0.28125,1,0,9,9
1278,30,14,0.614583333333333,0.28125,1,0,29,29
1279,31,14,0.635416666666667,0.28125,1,0,29,29
1280,32,14,0.65625,0.28125,1,0,23,23
1281,33,14,0.677083333333333,0.28125,1,0,36,36
1282,34,14,0.697916666666667,0.28125,1,0,7,7
1283,35,14,0.71875,0.28125,1,0,30,30
1284,36,14,0.739583333333333,0.28125,1,0,26,26
1285,37,14,0.760416666666667,0.28125,1,0,21,21
1286,38,14,0.78125,0.28125,1,0,18,18
1287,39,14,0.802083333333333,0.28125,1,0,14,14
1288,40,14,0.822916666666667,0.28125,1,0,20,20
1289,41,14,0.84375,0.28125,1,0,20,20
1290,42,14,0.864583333333333,0.28125,1,0,23,23
1291,43,14,0.885416666666667,0.28125,1,0,20,20
1292,44,14,0.90625,0.28125,1,0,14,14
1293,45,14,0.927083333333333,0.28125,1,0,21,21
1294,46,14,0.947916666666667,0.28125,1,0,21,21
1295,47,14,0.96875,0.28125,1,0,4,4
1296,48,14,0.989583333333333,0.28125,1,0,21,21
1297,49,14,1.01041666666667,0.28125,1,0,36,36
1298,50,14,1.03125,0.28125,1,0,26,26
1299,51,14,1.05208333333333,0.28125,1,0,22,22
1300,52,14,1.07291666666667,0.28125,1,0,11,11
1301,53,14,1.09375,0.28125,1,0,15,15
1302,54,14,1.11458333333333,0.28125,1,0,15,15
1303,55,14,1.13541666666667,0.28125,1,0,8,8
1304,56,14,1.15625,0.28125,1,0,23,23
1305,57,14,1.17708333333333,0.28125,1,0,22,22
1306,58,14,1.19791666666667,0.28125,1,0,19,19
1307,59,14,1.21875,0.28125,1,0,25,25
1308,60,14,1.23958333333333,0.28125,1,0,20,20
1309,61,14,1.26041666666667,0.28125,1,0,22,22
1310,62,14,1.28125,0.28125,1,0,19,19
1311,63,14,1.30208333333333,0.28125,1,0,13,13
1312,64,14,1.32291666666667,0.28125,1,0,14,14
1313,65,14,1.34375,0.28125,1,0,15,15
1314,66,14,1.36458333333333,0.28125,1,0,17,17
1315,67,14,1.38541666666667,0.28125,1,0,26,26
1316,68,14,1.40625,0.28125,1,0,23,23
1317,69,14,1.42708333333333,0.28125,1,0,22,22
1318,70,14,1.44791666666667,0.28125,1,0,27,27
1319,71,14,1.46875,0.28125,1,0,15,15
1320,72,14,1.48958333333333,0.28125,1,0,18,18
1321,73,14,1.51041666666667,0.28125,1,0,6,6
1322,74,14,1.53125,0.28125,1,0,17,17
1323,75,14,1.55208333333333,0.28125,1,0,28,28
1324,76,14,1.57291666666667,0.28125,1,0,13,13
1325,77,14,1.59375,0.28125,1,0,23,23
1326,78,14,1.61458333333333,0.28125,1,0,27,27
1327,79,14,1.63541666666667,0.28125,1,0,15,15
1328,80,14,1.65625,0.28125,1,0,16,16
1329,81,14,1.67708333333333,0.28125,1,0,31,31
1330,82,14,1.69791666666667,0.28125,1,0,15,15
1331,83,14,1.71875,0.28125,1,0,25,25
1332,84,14,1.73958333333333,0.28125,1,0,27,27
1333,85,14,1.76041666666667,0.28125,1,0,12,12
1334,86,14,1.78125,0.28125,1,0,21,21
1335,87,14,1.80208333333333,0.28125,1,0,26,26
1336,88,14,1.82291666666667,0.28125,1,0,23,23
1337,89,14,1.84375,0.28125,1,0,27,27
1338,90,14,1.86458333333333,0.28125,1,0,30,30
1339,91,14,1.88541666666667,0.28125,1,0,19,19
1340,92,14,1.90625,0.28125,1,0,10,10
1341,93,14,1.92708333333333,0.28125,1,0,11,11
1342,94,14,1.94791666666667,0.28125,1,0,17,17
1343,95,14,1.96875,0.28125,1,0,27,27
1344,96,14,1.98958333333333,0.28125,1,0,18,18
1345,1,15,0.0104166666666667,0.302083333333333,0,1,0,0
1346,2,15,0.03125,0.302083333333333,0,1,0,0
1347,3,15,0.0520833333333333,0.302083333333333,0,1,0,0
1348,4,15,0.0729166666666667,0.302083333333333,0,1,0,0
1349,5,15,0.09375,0.302083333333333,0,1,0,0
1350,6,15,0.114583333333333,0.302083333333333,0,1,0,0
1351,7,15,0.135416666666667,0.302083333333333,0,1,0,0
1352,8,15,0.15625,0.302083333333333,0,1,0,0
1353,9,15,0.177083333333333,0.302083333333333,0,1,0,0
1354,10,15,0.197916666666667,0.302083333333333,0,1,0,0
1355,11,15,0.21875,0.302083333333333,0,1,0,0
1356,12,15,0.239583333333333,0.302083333333333,0,1,0,0
1357,13,15,0.260416666666667,0.302083333333333,0,1,0,0
1358,14,15,0.28125,0.302083333333333,0,1,0,0
1359,15,15,0.302083333333333,0.302083333333333,0,1,0,0
1360,16,15,0.322916666666667,0.302083333333333,0,1,0,0
1361,17,15,0.34375,0.302083333333333,0,1,0,0
1362,18,15,0.364583333333333,0.302083333333333,0,1,0,0
1363,19,15,0.385416666666667,0.302083333333333,0,1,0,0
1364,20,15,0.40625,0.302083333333333,0,1,0,0
1365,21,15,0.427083333333333,0.302083333333333,0,1,0,0
1366,22,15,0.447916666666667,0.302083333333333,0,1,0,0
1367,23,15,0.46875,0.302083333333333,0,1,0,0
1368,24,15,0.489583333333333,0.302083333333333,0,1,0,0
1369,25,15,0.510416666666667,0.302083333333333,1,0,13,13
1370,26,15,0.53125,0.302083333333333,1,0,24,24
1371,27,15,0.552083333333333,0.302083333333333,1,0,11,11
1372,28,15,0.572916666666667,0.302083333333333,1,0,26,26
1373,29,15,0.59375,0.302083333333333,1,0,22,22
1374,30,15,0.614583333333333,0.302083333333333,1,0,27,27
1375,31,15,0.635416666666667,0.302083333333333,1,0,19,19
1376,32,15,0.65625,0.302083333333333,1,0,15,15
1377,33,15,0.677083333333333,0.302083333333333,1,0,16,16
1378,34,15,0.697916666666667,0.302083333333333,1,0,24,24
1379,35,15,0.71875,0.302083333333333,1,0,27,27
1380,36,15,0.739583333333333,0.302083333333333,1,0,14,14
1381,37,15,0.760416666666667,0.302083333333333,1,0,23,23
1382,38,15,0.78125,0.302083333333333,1,0,26,26
1383,39,15,0.802083333333333,0.302083333333333,1,0,16,16
1384,40,15,0.822916666666667,0.302083333333333,1,0,22,22
1385,41,15,0.84375,0.302083333333333,1,0,25,25
1386,42,15,0.864583333333333,0.302083333333333,1,0,34,34
1387,43,15,0.885416666666667,0.302083333333333,1,0,19,19
1388,44,15,0.90625,0.302083333333333,1,0,23,23
1389,45,15,0.927083333333333,0.302083333333333,1,0,21,21
1390,46,15,0.947916666666667,0.302083333333333,1,0,18,18
1391,47,15,0.96875,0.302083333333333,1,0,19,19
1392,48,15,0.989583333333333,0.302083333333333,1,0,22,22
1393,49,15,1.01041666666667,0.302083333333333,1,0,25,25
1394,50,15,1.03125,0.302083333333333,1,0,26,26
1395,51,15,1.05208333333333,0.302083333333333,1,0,23,23
1396,52,15,1.07291666666667,0.302083333333333,1,0,17,17
1397,53,15,1.09375,0.302083333333333,1,0,17,17
1398,54,15,1.11458333333333,0.302083333333333,1,0,18,18
1399,55,15,1.13541666666667,0.302083333333333,1,0,20,20
1400,56,15,1.15625,0.302083333333333,1,0,15,15
1401,57,15,1.17708333333333,0.302083333333333,1,0,28,28
1402,58,15,1.19791666666667,0.302083333333333,1,0,18,18
1403,59,15,1.21875,0.302083333333333,1,0,18,18
1404,60,15,1.23958333333333,0.302083333333333,1,0,6,6
1405,61,15,1.26041666666667,0.302083333333333,1,0,30,30
1406,62,15,1.28125,0.302083333333333,1,0,27,27
1407,63,15,1.30208333333333,0.302083333333333,1,0,19,19
1408,64,15,1.32291666666667,0.302083333333333,1,0,20,20
1409,65,15,1.34375,0.302083333333333,1,0,22,22
1410,66,15,1.36458333333333,0.302083333333333,1,0,19,19
1411,67,15,1.38541666666667,0.302083333333333,1,0,8,8
1412,68,15,1.40625,0.302083333333333,1,0,18,18
1413,69,15,1.42708333333333,0.302083333333333,1,0,17,17
1414,70,15,1.44791666666667,0.302083333333333,1,0,12,12
1415,71,15,1.46875,0.302083333333333,1,0,19,19
1416,72,15,1.48958333333333,0.302083333333333,1,0,12,12
1417,73,15,1.51041666666667,0.302083333333333,1,0,17,17
1418,74,15,1.53125,0.302083333333333,1,0,30,30
1419,75,15,1.55208333333333,0.302083333333333,1,0,16,16
1420,76,15,1.57291666666667,0.302083333333333,1,0,19,19
1421,77,15,1.59375,0.302083333333333,1,0,24,24
1422,78,15,1.61458333333333,0.302083333333333,1,0,15,15
1423,79,15,1.63541666666667,0.302083333333333,1,0,10,10
1424,80,15,1.65625,0.302083333333333,1,0,8,8
1425,81,15,1.67708333333333,0.302083333333333,1,0,21,21
1426,82,15,1.69791666666667,0.302083333333333,1,0,25,25
1427,83,15,1.71875,0.302083333333333,1,0,13,13
1428,84,15,1.73958333333333,0.302083333333333,1,0,23,23
1429,85,15,1.76041666666667,0.302083333333333,1,0,10,10
1430,86,15,1.78125,0.302083333333333,1,0,18,18
1431,87,15,1.80208333333333,0.302083333333333,1,0,14,14
1432,88,15,1.82291666666667,0.302083333333333,1,0,28,28
1433,89,15,1.84375,0.302083333333333,1,0,18,18
1434,90,15,1.86458333333333,0.302083333333333,1,0,33,33
1435,91,15,1.88541666666667,0.302083333333333,1,0,26,26
1436,92,15,1.90625,0.302083333333333,1,0,17,17
1437,93,15,1.92708333333333,0.302083333333333,1,0,19,19
1438,94,15,1.94791666666667,0.302083333333333,1,0,16,16
1439,95,15,1.96875,0.302083333333333,1,0,23,23
1440,96,15,1.98958333333333,0.302083333333333,1,0,11,11
1441,1,16,0.0104166666666667,0.322916666666667,0,1,0,0
1442,2,16,0.03125,0.322916666666667,0,1,0,0
1443,3,16,0.0520833333333333,0.322916666666667,0,1,0,0
1444,4,16,0.0729166666666667,0.322916666666667,0,1,0,0
1445,5,16,0.09375,0.322916666666667,0,1,0,0
1446,6,16,0.114583333333333,0.322916666666667,0,1,0,0
1447,7,16,0.135416666666667,0.322916666666667,0,1,0,0
1448,8,16,0.15625,0.322916666666667,0,1,0,0
1449,9,16,0.177083333333333,0.322916666666667,0,1,0,0
1450,10,16,0.197916666666667,0.322916666666667,0,1,0,0
1451,11,16,0.21875,0.322916666666667,0,1,0,0
1452,12,16,0.239583333333333,0.322916666666667,0,1,0,0
1453,13,16,0.260416666666667,0.322916666666667,0,1,0,0
1454,14,16,0.28125,0.322916666666667,0,1,0,0
1455,15,16,0.302083333333333,0.322916666666667,0,1,0,0
1456,16,16,0.322916666666667,0.322916666666667,0,1,0,0
1457,17,16,0.34375,0.322916666666667,0,1,0,0
1458,18,16,0.364583333333333,0.322916666666667,0,1,0,0
1459,19,16,0.385416666666667,0.322916666666667,0,1,0,0
1460,20,16,0.40625,0.322916666666667,0,1,0,0
1461,21,16,0.427083333333333,0.322916666666667,0,1,0,0
1462,22,16,0.447916666666667,0.322916666666667,0,1,0,0
1463,23,16,0.46875,0.322916666666667,0,1,0,0
1464,24,16,0.489583333333333,0.322916666666667,0,1,0,0
1465,25,16,0.510416666666667,0.322916666666667,1,0,23,23
1466,26,16,0.53125,0.322916666666667,1,0,21,21
1467,27,16,0.552083333333333,0.322916666666667,1,0,18,18
1468,28,16,0.572916666666667,0.322916666666667,1,0,16,16
1469,29,16,0.59375,0.322916666666667,1,0,18,18
1470,30,16,0.614583333333333,0.322916666666667,1,0,4,4
1471,31,16,0.635416666666667,0.322916666666667,1,0,21,21
1472,32,16,0.65625,0.322916666666667,1,0,28,28
1473,33,16,0.677083333333333,0.322916666666667,1,0,26,26
1474,34,16,0.697916666666667,0.322916666666667,1,0,23,23
1475,35,16,0.71875,0.322916666666667,1,0,21,21
1476,36,16,0.739583333333333,0.322916666666667,1,0,17,17
1477,37,16,0.760416666666667,0.322916666666667,1,0,15,15
1478,38,16,0.78125,0.322916666666667,1,0,21,21
1479,39,16,0.802083333333333,0.322916666666667,1,0,25,25
1480,40,16,0.822916666666667,0.322916666666667,1,0,24,24
1481,41,16,0.84375,0.322916666666667,1,0,19,19
1482,42,16,0.864583333333333,0.322916666666667,1,0,20,20
1483,43,16,0.885416666666667,0.322916666666667,1,0,22,22
1484,44,16,0.90625,0.322916666666667,1,0,17,17
1485,45,16,0.927083333333333,0.322916666666667,1,0,16,16
1486,46,16,0.947916666666667,0.322916666666667,1,0,19,19
1487,47,16,0.96875,0.322916666666667,1,0,25,25
1488,48,16,0.989583333333333,0.322916666666667,1,0,23,23
1489,49,16,1.01041666666667,0.322916666666667,1,0,17,17
1490,50,16,1.03125,0.322916666666667,1,0,16,16
1491,51,16,1.05208333333333,0.322916666666667,1,0,20,20
1492,52,16,1.07291666666667,0.322916666666667,1,0,19,19
1493,53,16,1.09375,0.322916666666667,1,0,22,22
1494,54,16,1.11458333333333,0.322916666666667,1,0,29,29
1495,55,16,1.13541666666667,0.322916666666667,1,0,12,12
1496,56,16,1.15625,0.322916666666667,1,0,14,14
1497,57,16,1.17708333333333,0.322916666666667,1,0,4,4
1498,58,16,1.19791666666667,0.322916666666667,1,0,22,22
1499,59,16,1.21875,0.322916666666667,1,0,22,22
1500,60,16,1.23958333333333,0.322916666666667,1,0,26,26
1501,61,16,1.26041666666667,0.322916666666667,1,0,27,27
1502,62,16,1.28125,0.322916666666667,1,0,11,11
1503,63,16,1.30208333333333,0.322916666666667,1,0,21,21
1504,64,16,1.32291666666667,0.322916666666667,1,0,21,21
1505,65,16,1.34375,0.322916666666667,1,0,29,29
1506,66,16,1.36458333333333,0.322916666666667,1,0,20,20
1507,67,16,1.38541666666667,0.322916666666667,1,0,15,15
1508,68,16,1.40625,0.322916666666667,1,0,23,23
1509,69,16,1.42708333333333,0.322916666666667,1,0,27,27
1510,70,16,1.44791666666667,0.322916666666667,1,0,25,25
1511,71,16,1.46875,0.322916666666667,1,0,21,21
1512,72,16,1.48958333333333,0.322916666666667,1,0,25,25
1513,73,16,1.51041666666667,0.322916666666667,1,0,27,27
1514,74,16,1.53125,0.322916666666667,1,0,16,16
1515,75,16,1.55208333333333,0.322916666666667,1,0,25,25
1516,76,16,1.57291666666667,0.322916666666667,1,0,15,15
1517,77,16,1.59375,0.322916666666667,1,0,28,28
1518,78,16,1.61458333333333,0.322916666666667,1,0,11,11
1519,79,16,1.63541666666667,0.322916666666667,1,0,23,23
1520,80,16,1.65625,0.322916666666667,1,0,22,22
1521,81,16,1.67708333333333,0.322916666666667,1,0,21,21
1522,82,16,1.69791666666667,0.322916666666667,1,0,16,16
1523,83,16,1.71875,0.322916666666667,1,0,4,4
1524,84,16,1.73958333333333,0.322916666666667,1,0,31,31
1525,85,16,1.76041666666667,0.322916666666667,1,0,15,15
1526,86,16,1.78125,0.322916666666667,1,0,23,23
1527,87,16,1.80208333333333,0.322916666666667,1,0,24,24
1528,88,16,1.82291666666667,0.322916666666667,1,0,24,24
1529,89,16,1.84375,0.322916666666667,1,0,26,26
1530,90,16,1.86458333333333,0.322916666666667,1,0,18,18
1531,91,16,1.88541666666667,0.322916666666667,1,0,24,24
1532,92,16,1.90625,0.322916666666667,1,0,16,16
1533,93,16,1.92708333333333,0.322916666666667,1,0,21,21
1534,94,16,1.94791666666667,0.322916666666667,1,0,25,25
1535,95,16,1.96875,0.322916666666667,1,0,15,15
1536,96,16,1.98958333333333,0.322916666666667,1,0,22,22
1537,1,17,0.0104166666666667,0.34375,0,1,0,0
1538,2,17,0.03125,0.34375,0,1,0,0
1539,3,17,0.0520833333333333,0.34375,0,1,0,0
1540,4,17,0.0729166666666667,0.34375,0,1,0,0
1541,5,17,0.09375,0.34375,0,1,0,0
1542,6,17,0.114583333333333,0.34375,0,1,0,0
1543,7,17,0.135416666666667,0.34375,0,1,0,0
1544,8,17,0.15625,0.34375,0,1,0,0
1545,9,17,0.177083333333333,0.34375,0,1,0,0
1546,10,17,0.197916666666667,0.34375,0,1,0,0
1547,11,17,0.21875,0.34375,0,1,0,0
1548,12,17,0.239583333333333,0.34375,0,1,0,0
1549,13,17,0.260416666666667,0.34375,0,1,0,0
1550,14,17,0.28125,0.34375,0,1,0,0
1551,15,17,0.302083333333333,0.34375,0,1,0,0
1552,16,17,0.322916666666667,0.34375,0,1,0,0
1553,17,17,0.34375,0.34375,0,1,0,0
1554,18,17,0.364583333333333,0.34375,0,1,0,0
1555,19,17,0.385416666666667,0.34375,0,1,0,0
1556,20,17,0.40625,0.34375,0,1,0,0
1557,21,17,0.427083333333333,0.34375,0,1,0,0
1558,22,17,0.447916666666667,0.34375,0,1,0,0
1559,23,17,0.46875,0.34375,0,1,0,0
1560,24,17,0.489583333333333,0.34375,0,1,0,0
1561,25,17,0.510416666666667,0.34375,1,0,24,24
1562,26,17,0.53125,0.34375,1,0,15,15
1563,27,17,0.552083333333333,0.34375,1,0,21,21
1564,28,17,0.572916666666667,0.34375,1,0,12,12
1565,29,17,0.59375,0.34375,1,0,10,10
1566,30,17,0.614583333333333,0.34375,1,0,22,22
1567,31,17,0.635416666666667,0.34375,1,0,15,15
1568,32,17,0.65625,0.34375,1,0,9,9
1569,33,17,0.677083333333333,0.34375,1,0,18,18
1570,34,17,0.697916666666667,0.34375,1,0,8,8
1571,35,17,0.71875,0.34375,1,0,22,22
1572,36,17,0.739583333333333,0.34375,1,0,19,19
1573,37,17,0.760416666666667,0.34375,1,0,17,17
1574,38,17,0.78125,0.34375,1,0,19,19
1575,39,17,0.802083333333333,0.34375,1,0,30,30
1576,40,17,0.822916666666667,0.34375,1,0,8,8
1577,41,17,0.84375,0.34375,1,0,20,20
1578,42,17,0.864583333333333,0.34375,1,0,15,15
1579,43,17,0.885416666666667,0.34375,1,0,35,35
1580,44,17,0.90625,0.34375,1,0,12,12
1581,45,17,0.927083333333333,0.34375,1,0,30,30
1582,46,17,0.947916666666667,0.34375,1,0,16,16
1583,47,17,0.96875,0.34375,1,0,20,20
1584,48,17,0.989583333333333,0.34375,1,0,24,24
1585,49,17,1.01041666666667,0.34375,1,0,23,23
1586,50,17,1.03125,0.34375,1,0,14,14
1587,51,17,1.05208333333333,0.34375,1,0,19,19
1588,52,17,1.07291666666667,0.34375,1,0,16,16
1589,53,17,1.09375,0.34375,1,0,23,23
1590,54,17,1.11458333333333,0.34375,1,0,16,16
1591,55,17,1.13541666666667,0.34375,1,0,18,18
1592,56,17,1.15625,0.34375,1,0,21,21
1593,57,17,1.17708333333333,0.34375,1,0,20,20
1594,58,17,1.19791666666667,0.34375,1,0,20,20
1595,59,17,1.21875,0.34375,1,0,27,27
1596,60,17,1.23958333333333,0.34375,1,0,20,20
1597,61,17,1.26041666666667,0.34375,1,0,21,21
1598,62,17,1.28125,0.34375,1,0,19,19
1599,63,17,1.30208333333333,0.34375,1,0,20,20
1600,64,17,1.32291666666667,0.34375,1,0,27,27
1601,65,17,1.34375,0.34375,1,0,26,26
1602,66,17,1.36458333333333,0.34375,1,0,34,34
1603,67,17,1.38541666666667,0.34375,1,0,33,33
1604,68,17,1.40625,0.34375,1,0,27,27
1605,69,17,1.42708333333333,0.34375,1,0,18,18
1606,70,17,1.44791666666667,0.34375,1,0,23,23
1607,71,17,1.46875,0.34375,1,0,27,27
1608,72,17,1.48958333333333,0.34375,1,0,17,17
1609,73,17,1.51041666666667,0.34375,1,0,23,23
1610,74,17,1.53125,0.34375,1,0,32,32
1611,75,17,1.55208333333333,0.34375,1,0,15,15
1612,76,17,1.57291666666667,0.34375,1,0,20,20
1613,77,17,1.59375,0.34375,1,0,16,16
1614,78,17,1.61458333333333,0.34375,1,0,21,21
1615,79,17,1.63541666666667,0.34375,1,0,19,19
1616,80,17,1.65625,0.34375,1,0,33,33
1617,81,17,1.67708333333333,0.34375,1,0,29,29
1618,82,17,1.69791666666667,0.34375,1,0,25,25
1619,83,17,1.71875,0.34375,1,0,32,32
1620,84,17,1.73958333333333,0.34375,1,0,19,19
1621,85,17,1.76041666666667,0.34375,1,0,16,16
1622,86,17,1.78125,0.34375,1,0,26,26
1623,87,17,1.80208333333333,0.34375,1,0,21,21
1624,88,17,1.82291666666667,0.34375,1,0,30,30
1625,89,17,1.84375,0.34375,1,0,22,22
1626,90,17,1.86458333333333,0.34375,1,0,4,4
1627,91,17,1.88541666666667,0.34375,1,0,25,25
1628,92,17,1.90625,0.34375,1,0,13,13
1629,93,17,1.92708333333333,0.34375,1,0,15,15
1630,94,17,1.94791666666667,0.34375,1,0,35,35
1631,95,17,1.96875,0.34375,1,0,28,28
1632,96,17,1.98958333333333,0.34375,1,0,4,4
1633,1,18,0.0104166666666667,0.364583333333333,0,1,0,0
1634,2,18,0.03125,0.364583333333333,0,1,0,0
1635,3,18,0.0520833333333333,0.364583333333333,0,1,0,0
1636,4,18,0.0729166666666667,0.364583333333333,0,1,0,0
1637,5,18,0.09375,0.364583333333333,0,1,0,0
1638,6,18,0.114583333333333,0.364583333333333,0,1,0,0
1639,7,18,0.135416666666667,0.364583333333333,0,1,0,0
1640,8,18,0.15625,0.364583333333333,0,1,0,0
1641,9,18,0.177083333333333,0.364583333333333,0,1,0,0
1642,10,18,0.197916666666667,0.364583333333333,0,1,0,0
1643,11,18,0.21875,0.364583333333333,0,1,0,0
1644,12,18,0.239583333333333,0.364583333333333,0,1,0,0
1645,13,18,0.260416666666667,0.364583333333333,0,1,0,0
1646,14,18,0.28125,0.364583333333333,0,1,0,0
1647,15,18,0.302083333333333,0.364583333333333,0,1,0,0
1648,16,18,0.322916666666667,0.364583333333333,0,1,0,0
1649,17,18,0.34375,0.364583333333333,0,1,0,0
1650,18,18,0.364583333333333,0.364583333333333,0,1,0,0
1651,19,18,0.385416666666667,0.364583333333333,0,1,0,0
1652,20,18,0.40625,0.364583333333333,0,1,0,0
1653,21,18,0.427083333333333,0.364583333333333,0,1,0,0
1654,22,18,0.447916666666667,0.364583333333333,0,1,0,0
1655,23,18,0.46875,0.364583333333333,0,1,0,0
1656,24,18,0.489583333333333,0.364583333333333,0,1,0,0
1657,25,18,0.510416666666667,0.364583333333333,1,0,26,26
1658,26,18,0.53125,0.364583333333333,1,0,14,14
1659,27,18,0.552083333333333,0.364583333333333,1,0,18,18
1660,28,18,0.572916666666667,0.364583333333333,1,0,6,6
1661,29,18,0.59375,0.364583333333333,1,0,12,12
1662,30,18,0.614583333333333,0.364583333333333,1,0,22,22
1663,31,18,0.635416666666667,0.364583333333333,1,0,13,13
1664,32,18,0.65625,0.364583333333333,1,0,24,24
1665,33,18,0.677083333333333,0.364583333333333,1,0,23,23
1666,34,18,0.697916666666667,0.364583333333333,1,0,27,27
1667,35,18,0.71875,0.364583333333333,1,0,27,27
1668,36,18,0.739583333333333,0.364583333333333,1,0,24,24
1669,37,18,0.760416666666667,0.364583333333333,1,0,16,16
1670,38,18,0.78125,0.364583333333333,1,0,10,10
1671,39,18,0.802083333333333,0.364583333333333,1,0,21,21
1672,40,18,0.822916666666667,0.364583333333333,1,0,28,28
1673,41,18,0.84375,0.364583333333333,1,0,23,23
1674,42,18,0.864583333333333,0.364583333333333,1,0,20,20
1675,43,18,0.885416666666667,0.364583333333333,1,0,4,4
1676,44,18,0.90625,0.364583333333333,1,0,19,19
1677,45,18,0.927083333333333,0.364583333333333,1,0,31,31
1678,46,18,0.947916666666667,0.364583333333333,1,0,23,23
1679,47,18,0.96875,0.364583333333333,1,0,15,15
1680,48,18,0.989583333333333,0.364583333333333,1,0,25,25
1681,49,18,1.01041666666667,0.364583333333333,1,0,21,21
1682,50,18,1.03125,0.364583333333333,1,0,21,21
1683,51,18,1.05208333333333,0.364583333333333,1,0,18,18
1684,52,18,1.07291666666667,0.364583333333333,1,0,12,12
1685,53,18,1.09375,0.364583333333333,1,0,28,28
1686,54,18,1.11458333333333,0.364583333333333,1,0,23,23
1687,55,18,1.13541666666667,0.364583333333333,1,0,22,22
1688,56,18,1.15625,0.364583333333333,1,0,26,26
1689,57,18,1.17708333333333,0.364583333333333,1,0,15,15
1690,58,18,1.19791666666667,0.364583333333333,1,0,19,19
1691,59,18,1.21875,0.364583333333333,1,0,10,10
1692,60,18,1.23958333333333,0.364583333333333,1,0,17,17
1693,61,18,1.26041666666667,0.364583333333333,1,0,22,22
1694,62,18,1.28125,0.364583333333333,1,0,32,32
1695,63,18,1.30208333333333,0.364583333333333,1,0,17,17
1696,64,18,1.32291666666667,0.364583333333333,1,0,13,13
1697,65,18,1.34375,0.364583333333333,1,0,19,19
1698,66,18,1.36458333333333,0.364583333333333,1,0,14,14
1699,67,18,1.38541666666667,0.364583333333333,1,0,27,27
1700,68,18,1.40625,0.364583333333333,1,0,20,20
1701,69,18,1.42708333333333,0.364583333333333,1,0,14,14
1702,70,18,1.44791666666667,0.364583333333333,1,0,26,26
1703,71,18,1.46875,0.364583333333333,1,0,19,19
1704,72,18,1.48958333333333,0.364583333333333,1,0,13,13
1705,73,18,1.51041666666667,0.364583333333333,1,0,23,23
1706,74,18,1.53125,0.364583333333333,1,0,8,8
1707,75,18,1.55208333333333,0.364583333333333,1,0,16,16
1708,76,18,1.57291666666667,0.364583333333333,1,0,25,25
1709,77,18,1.59375,0.364583333333333,1,0,26,26
1710,78,18,1.61458333333333,0.364583333333333,1,0,18,18
1711,79,18,1.63541666666667,0.364583333333333,1,0,19,19
1712,80,18,1.65625,0.364583333333333,1,0,22,22
1713,81,18,1.67708333333333,0.364583333333333,1,0,14,14
1714,82,18,1.69791666666667,0.364583333333333,1,0,9,9
1715,83,18,1.71875,0.364583333333333,1,0,21,21
1716,84,18,1.73958333333333,0.364583333333333,1,0,19,19
1717,85,18,1.76041666666667,0.364583333333333,1,0,14,14
1718,86,18,1.78125,0.364583333333333,1,0,20,20
1719,87,18,1.80208333333333,0.364583333333333,1,0,26,26
1720,88,18,1.82291666666667,0.364583333333333,1,0,20,20
1721,89,18,1.84375,0.364583333333333,1,0,17,17
1722,90,18,1.86458333333333,0.364583333333333,1,0,6,6
1723,91,18,1.88541666666667,0.364583333333333,1,0,24,24
1724,92,18,1.90625,0.364583333333333,1,0,21,21
1725,93,18,1.92708333333333,0.364583333333333,1,0,25,25
1726,94,18,1.94791666666667,0.364583333333333,1,0,8,8
1727,95,18,1.96875,0.364583333333333,1,0,13,13
1728,96,18,1.98958333333333,0.364583333333333,1,0,15,15
1729,1,19,0.0104166666666667,0.385416666666667,0,1,0,0
1730,2,19,0.03125,0.385416666666667,0,1,0,0
1731,3,19,0.0520833333333333,0.385416666666667,0,1,0,0
1732,4,19,0.0729166666666667,0.385416666666667,0,1,0,0
1733,5,19,0.09375,0.385416666666667,0,1,0,0
1734,6,19,0.114583333333333,0.385416666666667,0,1,0,0
1735,7,19,0.135416666666667,0.385416666666667,0,1,0,0
1736,8,19,0.15625,0.385416666666667,0,1,0,0
1737,9,19,0.177083333333333,0.385416666666667,0,1,0,0
1738,10,19,0.197916666666667,0.385416666666667,0,1,0,0
1739,11,19,0.21875,0.385416666666667,0,1,0,0
1740,12,19,0.239583333333333,0.385416666666667,0,1,0,0
1741,13,19,0.260416666666667,0.385416666666667,0,1,0,0
1742,14,19,0.28125,0.385416666666667,0,1,0,0
1743,15,19,0.302083333333333,0.385416666666667,0,1,0,0
1744,16,19,0.322916666666667,0.385416666666667,0,1,0,0
1745,17,19,0.34375,0.385416666666667,0,1,0,0
1746,18,19,0.364583333333333,0.385416666666667,0,1,0,0
1747,19,19,0.385416666666667,0.385416666666667,0,1,0,0
1748,20,19,0.40625,0.385416666666667,0,1,0,0
1749,21,19,0.427083333333333,0.385416666666667,0,1,0,0
1750,22,19,0.447916666666667,0.385416666666667,0,1,0,0
1751,23,19,0.46875,0.385416666666667,0,1,0,0
1752,24,19,0.489583333333333,0.385416666666667,0,1,0,0
1753,25,19,0.510416666666667,0.385416666666667,1,0,27,27
1754,26,19,0.53125,0.385416666666667,1,0,34,34
1755,27,19,0.552083333333333,0.385416666666667,1,0,13,13
1756,28,19,0.572916666666667,0.385416666666667,1,0,11,11
1757,29,19,0.59375,0.385416666666667,1,0,34,34
1758,30,19,0.614583333333333,0.385416666666667,1,0,27,27
1759,31,19,0.635416666666667,0.385416666666667,1,0,18,18
1760,32,19,0.65625,0.385416666666667,1,0,19,19
1761,33,19,0.677083333333333,0.385416666666667,1,0,28,28
1762,34,19,0.697916666666667,0.385416666666667,1,0,22,22
1763,35,19,0.71875,0.385416666666667,1,0,20,20
1764,36,19,0.739583333333333,0.385416666666667,1,0,19,19
1765,37,19,0.760416666666667,0.385416666666667,1,0,15,15
1766,38,19,0.78125,0.385416666666667,1,0,17,17
1767,39,19,0.802083333333333,0.385416666666667,1,0,19,19
1768,40,19,0.822916666666667,0.385416666666667,1,0,20,20
1769,41,19,0.84375,0.385416666666667,1,0,19,19
1770,42,19,0.864583333333333,0.385416666666667,1,0,20,20
1771,43,19,0.885416666666667,0.385416666666667,1,0,17,17
1772,44,19,0.90625,0.385416666666667,1,0,21,21
1773,45,19,0.927083333333333,0.385416666666667,1,0,31,31
1774,46,19,0.947916666666667,0.385416666666667,1,0,27,27
1775,47,19,0.96875,0.385416666666667,1,0,21,21
1776,48,19,0.989583333333333,0.385416666666667,1,0,31,31
1777,49,19,1.01041666666667,0.385416666666667,1,0,15,15
1778,50,19,1.03125,0.385416666666667,1,0,17,17
1779,51,19,1.05208333333333,0.385416666666667,1,0,28,28
1780,52,19,1.07291666666667,0.385416666666667,1,0,14,14
1781,53,19,1.09375,0.385416666666667,1,0,17,17
1782,54,19,1.11458333333333,0.385416666666667,1,0,15,15
1783,55,19,1.13541666666667,0.385416666666667,1,0,18,18
1784,56,19,1.15625,0.385416666666667,1,0,28,28
1785,57,19,1.17708333333333,0.385416666666667,1,0,27,27
1786,58,19,1.19791666666667,0.385416666666667,1,0,26,26
1787,59,19,1.21875,0.385416666666667,1,0,24,24
1788,60,19,1.23958333333333,0.385416666666667,1,0,11,11
1789,61,19,1.26041666666667,0.385416666666667,1,0,17,17
1790,62,19,1.28125,0.385416666666667,1,0,12,12
1791,63,19,1.30208333333333,0.385416666666667,1,0,18,18
1792,64,19,1.32291666666667,0.385416666666667,1,0,22,22
1793,65,19,1.34375,0.385416666666667,1,0,21,21
1794,66,19,1.36458333333333,0.385416666666667,1,0,31,31
1795,67,19,1.38541666666667,0.385416666666667,1,0,17,17
1796,68,19,1.40625,0.385416666666667,1,0,23,23
1797,69,19,1.42708333333333,0.385416666666667,1,0,20,20
1798,70,19,1.44791666666667,0.385416666666667,1,0,27,27
1799,71,19,1.46875,0.385416666666667,1,0,14,14
1800,72,19,1.48958333333333,0.385416666666667,1,0,19,19
1801,73,19,1.51041666666667,0.385416666666667,1,0,14,14
1802,74,19,1.53125,0.385416666666667,1,0,25,25
1803,75,19,1.55208333333333,0.385416666666667,1,0,16,16
1804,76,19,1.57291666666667,0.385416666666667,1,0,21,21
1805,77,19,1.59375,0.385416666666667,1,0,19,19
1806,78,19,1.61458333333333,0.385416666666667,1,0,9,9
1807,79,19,1.63541666666667,0.385416666666667,1,0,19,19
1808,80,19,1.65625,0.385416666666667,1,0,21,21
1809,81,19,1.67708333333333,0.385416666666667,1,0,19,19
1810,82,19,1.69791666666667,0.385416666666667,1,0,22,22
1811,83,19,1.71875,0.385416666666667,1,0,23,23
1812,84,19,1.73958333333333,0.385416666666667,1,0,19,19
1813,85,19,1.76041666666667,0.385416666666667,1,0,10,10
1814,86,19,1.78125,0.385416666666667,1,0,21,21
1815,87,19,1.80208333333333,0.385416666666667,1,0,31,31
1816,88,19,1.82291666666667,0.385416666666667,1,0,27,27
1817,89,19,1.84375,0.385416666666667,1,0,15,15
1818,90,19,1.86458333333333,0.385416666666667,1,0,18,18
1819,91,19,1.88541666666667,0.385416666666667,1,0,19,19
1820,92,19,1.90625,0.385416666666667,1,0,14,14
1821,93,19,1.92708333333333,0.385416666666667,1,0,22,22
1822,94,19,1.94791666666667,0.385416666666667,1,0,25,25
1823,95,19,1.96875,0.385416666666667,1,0,29,29
1824,96,19,1.98958333333333,0.385416666666667,1,0,20,20
1825,1,20,0.0104166666666667,0.40625,0,1,0,0
1826,2,20,0.03125,0.40625,0,1,0,0
1827,3,20,0.0520833333333333,0.40625,0,1,0,0
1828,4,20,0.0729166666666667,0.40625,0,1,0,0
1829,5,20,0.09375,0.40625,0,1,0,0
1830,6,20,0.114583333333333,0.40625,0,1,0,0
1831,7,20,0.135416666666667,0.40625,0,1,0,0
1832,8,20,0.15625,0.40625,0,1,0,0
1833,9,20,0.177083333333333,0.40625,0,1,0,0
1834,10,20,0.197916666666667,0.40625,0,1,0,0
1835,11,20,0.21875,0.40625,0,1,0,0
1836,12,20,0.239583333333333,0.40625,0,1,0,0
1837,13,20,0.260416666666667,0.40625,0,1,0,0
1838,14,20,0.28125,0.40625,0,1,0,0
1839,15,20,0.302083333333333,0.40625,0,1,0,0
1840,16,20,0.322916666666667,0.40625,0,1,0,0
1841,17,20,0.34375,0.40625,0,1,0,0
1842,18,20,0.364583333333333,0.40625,0,1,0,0
1843,19,20,0.385416666666667,0.40625,0,1,0,0
1844,20,20,0.40625,0.40625,0,1,0,0
1845,21,20,0.427083333333333,0.40625,0,1,0,0
1846,22,20,0.447916666666667,0.40625,0,1,0,0
1847,23,20,0.46875,0.40625,0,1,0,0
1848,24,20,0.489583333333333,0.40625,0,1,0,0
1849,25,20,0.510416666666667,0.40625,1,0,11,11
1850,26,20,0.53125,0.40625,1,0,14,14
1851,27,20,0.552083333333333,0.40625,1,0,19,19
1852,28,20,0.572916666666667,0.40625,1,0,23,23
1853,29,20,0.59375,0.40625,1,0,19,19
1854,30,20,0.614583333333333,0.40625,1,0,24,24
1855,31,20,0.635416666666667,0.40625,1,0,18,18
1856,32,20,0.65625,0.40625,1,0,9,9
1857,33,20,0.677083333333333,0.40625,1,0,22,22
1858,34,20,0.697916666666667,0.40625,1,0,11,11
1859,35,20,0.71875,0.40625,1,0,19,19
1860,36,20,0.739583333333333,0.40625,1,0,20,20
1861,37,20,0.760416666666667,0.40625,1,0,9,9
1862,38,20,0.78125,0.40625,1,0,20,20
1863,39,20,0.802083333333333,0.40625,1,0,17,17
1864,40,20,0.822916666666667,0.40625,1,0,23,23
1865,41,20,0.84375,0.40625,1,0,18,18
1866,42,20,0.864583333333333,0.40625,1,0,18,18
1867,43,20,0.885416666666667,0.40625,1,0,8,8
1868,44,20,0.90625,0.40625,1,0,18,18
1869,45,20,0.927083333333333,0.40625,1,0,18,18
1870,46,20,0.947916666666667,0.40625,1,0,21,21
1871,47,20,0.96875,0.40625,1,0,31,31
1872,48,20,0.989583333333333,0.40625,1,0,21,21
1873,49,20,1.01041666666667,0.40625,1,0,25,25
1874,50,20,1.03125,0.40625,1,0,17,17
1875,51,20,1.05208333333333,0.40625,1,0,20,20
1876,52,20,1.07291666666667,0.40625,1,0,11,11
1877,53,20,1.09375,0.40625,1,0,30,30
1878,54,20,1.11458333333333,0.40625,1,0,9,9
1879,55,20,1.13541666666667,0.40625,1,0,27,27
1880,56,20,1.15625,0.40625,1,0,23,23
1881,57,20,1.17708333333333,0.40625,1,0,25,25
1882,58,20,1.19791666666667,0.40625,1,0,16,16
1883,59,20,1.21875,0.40625,1,0,25,25
1884,60,20,1.23958333333333,0.40625,1,0,16,16
1885,61,20,1.26041666666667,0.40625,1,0,22,22
1886,62,20,1.28125,0.40625,1,0,16,16
1887,63,20,1.30208333333333,0.40625,1,0,25,25
1888,64,20,1.32291666666667,0.40625,1,0,28,28
1889,65,20,1.34375,0.40625,1,0,11,11
1890,66,20,1.36458333333333,0.40625,1,0,24,24
1891,67,20,1.38541666666667,0.40625,1,0,16,16
1892,68,20,1.40625,0.40625,1,0,20,20
1893,69,20,1.42708333333333,0.40625,1,0,16,16
1894,70,20,1.44791666666667,0.40625,1,0,24,24
1895,71,20,1.46875,0.40625,1,0,19,19
1896,72,20,1.48958333333333,0.40625,1,0,27,27
1897,73,20,1.51041666666667,0.40625,1,0,16,16
1898,74,20,1.53125,0.40625,1,0,19,19
1899,75,20,1.55208333333333,0.40625,1,0,15,15
1900,76,20,1.57291666666667,0.40625,1,0,25,25
1901,77,20,1.59375,0.40625,1,0,26,26
1902,78,20,1.61458333333333,0.40625,1,0,11,11
1903,79,20,1.63541666666667,0.40625,1,0,18,18
1904,80,20,1.65625,0.40625,1,0,26,26
1905,81,20,1.67708333333333,0.40625,1,0,18,18
1906,82,20,1.69791666666667,0.40625,1,0,18,18
1907,83,20,1.71875,0.40625,1,0,16,16
1908,84,20,1.73958333333333,0.40625,1,0,20,20
1909,85,20,1.76041666666667,0.40625,1,0,24,24
1910,86,20,1.78125,0.40625,1,0,22,22
1911,87,20,1.80208333333333,0.40625,1,0,14,14
1912,88,20,1.82291666666667,0.40625,1,0,20,20
1913,89,20,1.84375,0.40625,1,0,32,32
1914,90,20,1.86458333333333,0.40625,1,0,19,19
1915,91,20,1.88541666666667,0.40625,1,0,22,22
1916,92,20,1.90625,0.40625,1,0,22,22
1917,93,20,1.92708333333333,0.40625,1,0,32,32
1918,94,20,1.94791666666667,0.40625,1,0,23,23
1919,95,20,1.96875,0.40625,1,0,16,16
1920,96,20,1.98958333333333,0.40625,1,0,10,10
1921,1,21,0.0104166666666667,0.427083333333333,0,1,0,0
1922,2,21,0.03125,0.427083333333333,0,1,0,0
1923,3,21,0.0520833333333333,0.427083333333333,0,1,0,0
1924,4,21,0.0729166666666667,0.427083333333333,0,1,0,0
1925,5,21,0.09375,0.427083333333333,0,1,0,0
1926,6,21,0.114583333333333,0.427083333333333,0,1,0,0
1927,7,21,0.135416666666667,0.427083333333333,0,1,0,0
1928,8,21,0.15625,0.427083333333333,0,1,0,0
1929,9,21,0.177083333333333,0.427083333333333,0,1,0,0
1930,10,21,0.197916666666667,0.427083333333333,0,1,0,0
1931,11,21,0.21875,0.427083333333333,0,1,0,0
1932,12,21,0.239583333333333,0.427083333333333,0,1,0,0
1933,13,21,0.260416666666667,0.427083333333333,0,1,0,0
1934,14,21,0.28125,0.427083333333333,0,1,0,0
1935,15,21,0.302083333333333,0.427083333333333,0,1,0,0
1936,16,21,0.322916666666667,0.427083333333333,0,1,0,0
1937,17,21,0.34375,0.427083333333333,0,1,0,0
1938,18,21,0.364583333333333,0.427083333333333,0,1,0,0
1939,19,21,0.385416666666667,0.427083333333333,0,1,0,0
1940,20,21,0.40625,0.427083333333333,0,1,0,0
1941,21,21,0.427083333333333,0.427083333333333,0,1,0,0
1942,22,21,0.447916666666667,0.427083333333333,0,1,0,0
1943,23,21,0.46875,0.427083333333333,0,1,0,0
1944,24,21,0.489583333333333,0.427083333333333,0,1,0,0
1945,25,21,0.510416666666667,0.427083333333333,1,0,11,11
1946,26,21,0.53125,0.427083333333333,1,0,21,21
1947,27,21,0.552083333333333,0.427083333333333,1,0,28,28
1948,28,21,0.572916666666667,0.427083333333333,1,0,15,15
1949,29,21,0.59375,0.427083333333333,1,0,16,16
1950,30,21,0.614583333333333,0.427083333333333,1,0,17,17
1951,31,21,0.635416666666667,0.427083333333333,1,0,27,27
1952,32,21,0.65625,0.427083333333333,1,0,11,11
1953,33,21,0.677083333333333,0.427083333333333,1,0,31,31
1954,34,21,0.697916666666667,0.427083333333333,1,0,20,20
1955,35,21,0.71875,0.427083333333333,1,0,21,21
1956,36,21,0.739583333333333,0.427083333333333,1,0,13,13
1957,37,21,0.760416666666667,0.427083333333333,1,0,6,6
1958,38,21,0.78125,0.427083333333333,1,0,19,19
1959,39,21,0.802083333333333,0.427083333333333,1,0,12,12
1960,40,21,0.822916666666667,0.427083333333333,1,0,16,16
1961,41,21,0.84375,0.427083333333333,1,0,29,29
1962,42,21,0.864583333333333,0.427083333333333,1,0,26,26
1963,43,21,0.885416666666667,0.427083333333333,1,0,25,25
1964,44,21,0.90625,0.427083333333333,1,0,22,22
1965,45,21,0.927083333333333,0.427083333333333,1,0,13,13
1966,46,21,0.947916666666667,0.427083333333333,1,0,21,21
1967,47,21,0.96875,0.427083333333333,1,0,20,20
1968,48,21,0.989583333333333,0.427083333333333,1,0,26,26
1969,49,21,1.01041666666667,0.427083333333333,1,0,31,31
1970,50,21,1.03125,0.427083333333333,1,0,14,14
1971,51,21,1.05208333333333,0.427083333333333,1,0,22,22
1972,52,21,1.07291666666667,0.427083333333333,1,0,23,23
1973,53,21,1.09375,0.427083333333333,1,0,6,6
1974,54,21,1.11458333333333,0.427083333333333,1,0,23,23
1975,55,21,1.13541666666667,0.427083333333333,1,0,11,11
1976,56,21,1.15625,0.427083333333333,1,0,18,18
1977,57,21,1.17708333333333,0.427083333333333,1,0,12,12
1978,58,21,1.19791666666667,0.427083333333333,1,0,28,28
1979,59,21,1.21875,0.427083333333333,1,0,6,6
1980,60,21,1.23958333333333,0.427083333333333,1,0,9,9
1981,61,21,1.26041666666667,0.427083333333333,1,0,23,23
1982,62,21,1.28125,0.427083333333333,1,0,29,29
1983,63,21,1.30208333333333,0.427083333333333,1,0,18,18
1984,64,21,1.32291666666667,0.427083333333333,1,0,27,27
1985,65,21,1.34375,0.427083333333333,1,0,11,11
1986,66,21,1.36458333333333,0.427083333333333,1,0,19,19
1987,67,21,1.38541666666667,0.427083333333333,1,0,28,28
1988,68,21,1.40625,0.427083333333333,1,0,25,25
1989,69,21,1.42708333333333,0.427083333333333,1,0,23,23
1990,70,21,1.44791666666667,0.427083333333333,1,0,15,15
1991,71,21,1.46875,0.427083333333333,1,0,22,22
1992,72,21,1.48958333333333,0.427083333333333,1,0,17,17
1993,73,21,1.51041666666667,0.427083333333333,1,0,17,17
1994,74,21,1.53125,0.427083333333333,1,0,21,21
1995,75,21,1.55208333333333,0.427083333333333,1,0,21,21
1996,76,21,1.57291666666667,0.427083333333333,1,0,25,25
1997,77,21,1.59375,0.427083333333333,1,0,30,30
1998,78,21,1.61458333333333,0.427083333333333,1,0,22,22
1999,79,21,1.63541666666667,0.427083333333333,1,0,22,22
2000,80,21,1.65625,0.427083333333333,1,0,32,32
2001,81,21,1.67708333333333,0.427083333333333,1,0,20,20
2002,82,21,1.69791666666667,0.427083333333333,1,0,19,19
2003,83,21,1.71875,0.427083333333333,1,0,21,21
2004,84,21,1.73958333333333,0.427083333333333,1,0,16,16
2005,85,21,1.76041666666667,0.427083333333333,1,0,21,21
2006,86,21,1.78125,0.427083333333333,1,0,17,17
2007,87,21,1.80208333333333,0.427083333333333,1,0,19,19
2008,88,21,1.82291666666667,0.427083333333333,1,0,17,17
2009,89,21,1.84375,0.427083333333333,1,0,17,17
2010,90,21,1.86458333333333,0.427083333333333,1,0,17,17
2011,91,21,1.88541666666667,0.427083333333333,1,0,16,16
2012,92,21,1.90625,0.427083333333333,1,0,32,32
2013,93,21,1.92708333333333,0.427083333333333,1,0,13,13
2014,94,21,1.94791666666667,0.427083333333333,1,0,19,19
2015,95,21,1.96875,0.427083333333333,1,0,20,20
2016,96,21,1.98958333333333,0.427083333333333,1,0,18,18
2017,1,22,0.0104166666666667,0.447916666666667,0,1,0,0
2018,2,22,0.03125,0.447916666666667,0,1,0,0
2019,3,22,0.0520833333333333,0.447916666666667,0,1,0,0
2020,4,22,0.0729166666666667,0.447916666666667,0,1,0,0
2021,5,22,0.09375,0.447916666666667,0,1,0,0
2022,6,22,0.114583333333333,0.447916666666667,0,1,0,0
2023,7,22,0.135416666666667,0.447916666666667,0,1,0,0
2024,8,22,0.15625,0.447916666666667,0,1,0,0
2025,9,22,0.177083333333333,0.447916666666667,0,1,0,0
2026,10,22,0.197916666666667,0.447916666666667,0,1,0,0
2027,11,22,0.21875,0.447916666666667,0,1,0,0
2028,12,22,0.239583333333333,0.447916666666667,0,1,0,0
2029,13,22,0.260416666666667,0.447916666666667,0,1,0,0
2030,14,22,0.28125,0.447916666666667,0,1,0,0
2031,15,22,0.302083333333333,0.447916666666667,0,1,0,0
2032,16,22,0.322916666666667,0.447916666666667,0,1,0,0
2033,17,22,0.34375,0.447916666666667,0,1,0,0
2034,18,22,0.364583333333333,0.447916666666667,0,1,0,0
2035,19,22,0.385416666666667,0.447916666666667,0,1,0,0
2036,20,22,0.40625,0.447916666666667,0,1,0,0
2037,21,22,0.427083333333333,0.447916666666667,0,1,0,0
2038,22,22,0.447916666666667,0.447916666666667,0,1,0,0
2039,23,22,0.46875,0.447916666666667,0,1,0,0
2040,24,22,0.489583333333333,0.447916666666667,0,1,0,0
2041,25,22,0.510416666666667,0.447916666666667,1,0,6,6
2042,26,22,0.53125,0.447916666666667,1,0,19,19
2043,27,22,0.552083333333333,0.447916666666667,1,0,21,21
2044,28,22,0.572916666666667,0.447916666666667,1,0,18,18
2045,29,22,0.59375,0.447916666666667,1,0,12,12
2046,30,22,0.614583333333333,0.447916666666667,1,0,21,21
2047,31,22,0.635416666666667,0.447916666666667,1,0,18,18
2048,32,22,0.65625,0.447916666666667,1,0,17,17
2049,33,22,0.677083333333333,0.447916666666667,1,0,28,28
2050,34,22,0.697916666666667,0.447916666666667,1,0,21,21
2051,35,22,0.71875,0.447916666666667,1,0,27,27
2052,36,22,0.739583333333333,0.447916666666667,1,0,30,30
2053,37,22,0.760416666666667,0.447916666666667,1,0,11,11
2054,38,22,0.78125,0.447916666666667,1,0,23,23
2055,39,22,0.802083333333333,0.447916666666667,1,0,13,13
2056,40,22,0.822916666666667,0.447916666666667,1,0,21,21
2057,41,22,0.84375,0.447916666666667,1,0,29,29
2058,42,22,0.864583333333333,0.447916666666667,1,0,13,13
2059,43,22,0.885416666666667,0.447916666666667,1,0,22,22
2060,44,22,0.90625,0.447916666666667,1,0,20,20
2061,45,22,0.927083333333333,0.447916666666667,1,0,27,27
2062,46,22,0.947916666666667,0.447916666666667,1,0,15,15
2063,47,22,0.96875,0.447916666666667,1,0,16,16
2064,48,22,0.989583333333333,0.447916666666667,1,0,20,20
2065,49,22,1.01041666666667,0.447916666666667,1,0,28,28
2066,50,22,1.03125,0.447916666666667,1,0,25,25
2067,51,22,1.05208333333333,0.447916666666667,1,0,20,20
2068,52,22,1.07291666666667,0.447916666666667,1,0,13,13
2069,53,22,1.09375,0.447916666666667,1,0,19,19
2070,54,22,1.11458333333333,0.447916666666667,1,0,18,18
2071,55,22,1.13541666666667,0.447916666666667,1,0,34,34
2072,56,22,1.15625,0.447916666666667,1,0,12,12
2073,57,22,1.17708333333333,0.447916666666667,1,0,16,16
2074,58,22,1.19791666666667,0.447916666666667,1,0,24,24
2075,59,22,1.21875,0.447916666666667,1,0,22,22
2076,60,22,1.23958333333333,0.447916666666667,1,0,28,28
2077,61,22,1.26041666666667,0.447916666666667,1,0,24,24
2078,62,22,1.28125,0.447916666666667,1,0,25,25
2079,63,22,1.30208333333333,0.447916666666667,1,0,16,16
2080,64,22,1.32291666666667,0.447916666666667,1,0,34,34
2081,65,22,1.34375,0.447916666666667,1,0,20,20
2082,66,22,1.36458333333333,0.447916666666667,1,0,24,24
2083,67,22,1.38541666666667,0.447916666666667,1,0,21,21
2084,68,22,1.40625,0.447916666666667,1,0,22,22
2085,69,22,1.42708333333333,0.447916666666667,1,0,20,20
2086,70,22,1.44791666666667,0.447916666666667,1,0,14,14
2087,71,22,1.46875,0.447916666666667,1,0,18,18
2088,72,22,1.48958333333333,0.447916666666667,1,0,12,12
2089,73,22,1.51041666666667,0.447916666666667,1,0,24,24
2090,74,22,1.53125,0.447916666666667,1,0,16,16
2091,75,22,1.55208333333333,0.447916666666667,1,0,21,21
2092,76,22,1.57291666666667,0.447916666666667,1,0,21,21
2093,77,22,1.59375,0.447916666666667,1,0,22,22
2094,78,22,1.61458333333333,0.447916666666667,1,0,18,18
2095,79,22,1.63541666666667,0.447916666666667,1,0,8,8
2096,80,22,1.65625,0.447916666666667,1,0,20,20
2097,81,22,1.67708333333333,0.447916666666667,1,0,23,23
2098,82,22,1.69791666666667,0.447916666666667,1,0,11,11
2099,83,22,1.71875,0.447916666666667,1,0,14,14
2100,84,22,1.73958333333333,0.447916666666667,1,0,20,20
2101,85,22,1.76041666666667,0.447916666666667,1,0,24,24
2102,86,22,1.78125,0.447916666666667,1,0,16,16
2103,87,22,1.80208333333333,0.447916666666667,1,0,20,20
2104,88,22,1.82291666666667,0.447916666666667,1,0,22,22
2105,89,22,1.84375,0.447916666666667,1,0,10,10
2106,90,22,1.86458333333333,0.447916666666667,1,0,16,16
2107,91,22,1.88541666666667,0.447916666666667,1,0,20,20
2108,92,22,1.90625,0.447916666666667,1,0,9,9
2109,93,22,1.92708333333333,0.447916666666667,1,0,17,17
2110,94,22,1.94791666666667,0.447916666666667,1,0,18,18
2111,95,22,1.96875,0.447916666666667,1,0,27,27
2112,96,22,1.98958333333333,0.447916666666667,1,0,20,20
2113,1,23,0.0104166666666667,0.46875,0,1,0,0
2114,2,23,0.03125,0.46875,0,1,0,0
2115,3,23,0.0520833333333333,0.46875,0,1,0,0
2116,4,23,0.0729166666666667,0.46875,0,1,0,0
2117,5,23,0.09375,0.46875,0,1,0,0
2118,6,23,0.114583333333333,0.46875,0,1,0,0
2119,7,23,0.135416666666667,0.46875,0,1,0,0
2120,8,23,0.15625,0.46875,0,1,0,0
2121,9,23,0.177083333333333,0.46875,0,1,0,0
2122,10,23,0.197916666666667,0.46875,0,1,0,0
2123,11,23,0.21875,0.46875,0,1,0,0
2124,12,23,0.239583333333333,0.46875,0,1,0,0
2125,13,23,0.260416666666667,0.46875,0,1,0,0
2126,14,23,0.28125,0.46875,0,1,0,0
2127,15,23,0.302083333333333,0.46875,0,1,0,0
2128,16,23,0.322916666666667,0.46875,0,1,0,0
2129,17,23,0.34375,0.46875,0,1,0,0
2130,18,23,0.364583333333333,0.46875,0,1,0,0
2131,19,23,0.385416666666667,0.46875,0,1,0,0
2132,20,23,0.40625,0.46875,0,1,0,0
2133,21,23,0.427083333333333,0.46875,0,1,0,0
2134,22,23,0.447916666666667,0.46875,0,1,0,0
2135,23,23,0.46875,0.46875,0,1,0,0
2136,24,23,0.489583333333333,0.46875,0,1,0,0
2137,25,23,0.510416666666667,0.46875,1,0,19,19
2138,26,23,0.53125,0.46875,1,0,16,16
2139,27,23,0.552083333333333,0.46875,1,0,28,28
2140,28,23,0.572916666666667,0.46875,1,0,20,20
2141,29,23,0.59375,0.46875,1,0,18,18
2142,30,23,0.614583333333333,0.46875,1,0,14,14
2143,31,23,0.635416666666667,0.46875,1,0,18,18
2144,32,23,0.65625,0.46875,1,0,21,21
2145,33,23,0.677083333333333,0.46875,1,0,12,12
2146,34,23,0.697916666666667,0.46875,1,0,17,17
2147,35,23,0.71875,0.46875,1,0,25,25
2148,36,23,0.739583333333333,0.46875,1,0,21,21
2149,37,23,0.760416666666667,0.46875,1,0,27,27
2150,38,23,0.78125,0.46875,1,0,19,19
2151,39,23,0.802083333333333,0.46875,1,0,21,21
2152,40,23,0.822916666666667,0.46875,1,0,27,27
2153,41,23,0.84375,0.46875,1,0,24,24
2154,42,23,0.864583333333333,0.46875,1,0,14,14
2155,43,23,0.885416666666667,0.46875,1,0,31,31
2156,44,23,0.90625,0.46875,1,0,22,22
2157,45,23,0.927083333333333,0.46875,1,0,23,23
2158,46,23,0.947916666666667,0.46875,1,0,12,12
2159,47,23,0.96875,0.46875,1,0,26,26
2160,48,23,0.989583333333333,0.46875,1,0,9,9
2161,49,23,1.01041666666667,0.46875,1,0,15,15
2162,50,23,1.03125,0.46875,1,0,18,18
2163,51,23,1.05208333333333,0.46875,1,0,11,11
2164,52,23,1.07291666666667,0.46875,1,0,27,27
2165,53,23,1.09375,0.46875,1,0,31,31
2166,54,23,1.11458333333333,0.46875,1,0,22,22
2167,55,23,1.13541666666667,0.46875,1,0,34,34
2168,56,23,1.15625,0.46875,1,0,30,30
2169,57,23,1.17708333333333,0.46875,1,0,17,17
2170,58,23,1.19791666666667,0.46875,1,0,15,15
2171,59,23,1.21875,0.46875,1,0,24,24
2172,60,23,1.23958333333333,0.46875,1,0,22,22
2173,61,23,1.26041666666667,0.46875,1,0,24,24
2174,62,23,1.28125,0.46875,1,0,32,32
2175,63,23,1.30208333333333,0.46875,1,0,19,19
2176,64,23,1.32291666666667,0.46875,1,0,25,25
2177,65,23,1.34375,0.46875,1,0,12,12
2178,66,23,1.36458333333333,0.46875,1,0,21,21
2179,67,23,1.38541666666667,0.46875,1,0,13,13
2180,68,23,1.40625,0.46875,1,0,28,28
2181,69,23,1.42708333333333,0.46875,1,0,18,18
2182,70,23,1.44791666666667,0.46875,1,0,7,7
2183,71,23,1.46875,0.46875,1,0,27,27
2184,72,23,1.48958333333333,0.46875,1,0,16,16
2185,73,23,1.51041666666667,0.46875,1,0,21,21
2186,74,23,1.53125,0.46875,1,0,7,7
2187,75,23,1.55208333333333,0.46875,1,0,7,7
2188,76,23,1.57291666666667,0.46875,1,0,23,23
2189,77,23,1.59375,0.46875,1,0,14,14
2190,78,23,1.61458333333333,0.46875,1,0,22,22
2191,79,23,1.63541666666667,0.46875,1,0,23,23
2192,80,23,1.65625,0.46875,1,0,11,11
2193,81,23,1.67708333333333,0.46875,1,0,21,21
2194,82,23,1.69791666666667,0.46875,1,0,17,17
2195,83,23,1.71875,0.46875,1,0,12,12
2196,84,23,1.73958333333333,0.46875,1,0,25,25
2197,85,23,1.76041666666667,0.46875,1,0,18,18
2198,86,23,1.78125,0.46875,1,0,22,22
2199,87,23,1.80208333333333,0.46875,1,0,13,13
2200,88,23,1.82291666666667,0.46875,1,0,20,20
2201,89,23,1.84375,0.46875,1,0,14,14
2202,90,23,1.86458333333333,0.46875,1,0,18,18
2203,91,23,1.88541666666667,0.46875,1,0,26,26
2204,92,23,1.90625,0.46875,1,0,19,19
2205,93,23,1.92708333333333,0.46875,1,0,12,12
2206,94,23,1.94791666666667,0.46875,1,0,23,23
2207,95,23,1.96875,0.46875,1,0,17,17
2208,96,23,1.98958333333333,0.46875,1,0,18,18
2209,1,24,0.0104166666666667,0.489583333333333,0,1,0,0
2210,2,24,0.03125,0.489583333333333,0,1,0,0
2211,3,24,0.0520833333333333,0.489583333333333,0,1,0,0
2212,4,24,0.0729166666666667,0.489583333333333,0,1,0,0
2213,5,24,0.09375,0.489583333333333,0,1,0,0
2214,6,24,0.114583333333333,0.489583333333333,0,1,0,0
2215,7,24,0.135416666666667,0.489583333333333,0,1,0,0
2216,8,24,0.15625,0.489583333333333,0,1,0,0
2217,9,24,0.177083333333333,0.489583333333333,0,1,0,0
2218,10,24,0.197916666666667,0.489583333333333,0,1,0,0
2219,11,24,0.21875,0.489583333333333,0,1,0,0
2220,12,24,0.239583333333333,0.489583333333333,0,1,0,0
2221,13,24,0.260416666666667,0.489583333333333,0,1,0,0
2222,14,24,0.28125,0.489583333333333,0,1,0,0
2223,15,24,0.302083333333333,0.489583333333333,0,1,0,0
2224,16,24,0.322916666666667,0.489583333333333,0,1,0,0
2225,17,24,0.34375,0.489583333333333,0,1,0,0
2226,18,24,0.364583333333333,0.489583333333333,0,1,0,0
2227,19,24,0.385416666666667,0.489583333333333,0,1,0,0
2228,20,24,0.40625,0.489583333333333,0,1,0,0
2229,21,24,0.427083333333333,0.489583333333333,0,1,0,0
2230,22,24,0.447916666666667,0.489583333333333,0,1,0,0
2231,23,24,0.46875,0.489583333333333,0,1,0,0
2232,24,24,0.489583333333333,0.489583333333333,0,1,0,0
2233,25,24,0.510416666666667,0.489583333333333,1,0,19,19
2234,26,24,0.53125,0.489583333333333,1,0,21,21
2235,27,24,0.552083333333333,0.489583333333333,1,0,22,22
2236,28,24,0.572916666666667,0.489583333333333,1,0,22,22
2237,29,24,0.59375,0.489583333333333,1,0,18,18
2238,30,24,0.614583333333333,0.489583333333333,1,0,20,20
2239,31,24,0.635416666666667,0.489583333333333,1,0,33,33
2240,32,24,0.65625,0.489583333333333,1,0,11,11
2241,33,24,0.677083333333333,0.489583333333333,1,0,20,20
2242,34,24,0.697916666666667,0.489583333333333,1,0,13,13
2243,35,24,0.71875,0.489583333333333,1,0,29,29
2244,36,24,0.739583333333333,0.489583333333333,1,0,31,31
2245,37,24,0.760416666666667,0.489583333333333,1,0,24,24
2246,38,24,0.78125,0.489583333333333,1,0,27,27
2247,39,24,0.802083333333333,0.489583333333333,1,0,17,17
2248,40,24,0.822916666666667,0.489583333333333,1,0,12,12
2249,41,24,0.84375,0.489583333333333,1,0,14,14
2250,42,24,0.864583333333333,0.489583333333333,1,0,21,21
2251,43,24,0.885416666666667,0.489583333333333,1,0,21,21
2252,44,24,0.90625,0.489583333333333,1,0,18,18
2253,45,24,0.927083333333333,0.489583333333333,1,0,16,16
2254,46,24,0.947916666666667,0.489583333333333,1,0,18,18
2255,47,24,0.96875,0.489583333333333,1,0,13,13
2256,48,24,0.989583333333333,0.489583333333333,1,0,22,22
2257,49,24,1.01041666666667,0.489583333333333,1,0,18,18
2258,50,24,1.03125,0.489583333333333,1,0,4,4
2259,51,24,1.05208333333333,0.489583333333333,1,0,12,12
2260,52,24,1.07291666666667,0.489583333333333,1,0,19,19
2261,53,24,1.09375,0.489583333333333,1,0,31,31
2262,54,24,1.11458333333333,0.489583333333333,1,0,24,24
2263,55,24,1.13541666666667,0.489583333333333,1,0,30,30
2264,56,24,1.15625,0.489583333333333,1,0,9,9
2265,57,24,1.17708333333333,0.489583333333333,1,0,10,10
2266,58,24,1.19791666666667,0.489583333333333,1,0,12,12
2267,59,24,1.21875,0.489583333333333,1,0,8,8
2268,60,24,1.23958333333333,0.489583333333333,1,0,20,20
2269,61,24,1.26041666666667,0.489583333333333,1,0,11,11
2270,62,24,1.28125,0.489583333333333,1,0,20,20
2271,63,24,1.30208333333333,0.489583333333333,1,0,14,14
2272,64,24,1.32291666666667,0.489583333333333,1,0,25,25
2273,65,24,1.34375,0.489583333333333,1,0,16,16
2274,66,24,1.36458333333333,0.489583333333333,1,0,22,22
2275,67,24,1.38541666666667,0.489583333333333,1,0,16,16
2276,68,24,1.40625,0.489583333333333,1,0,27,27
2277,69,24,1.42708333333333,0.489583333333333,1,0,17,17
2278,70,24,1.44791666666667,0.489583333333333,1,0,16,16
2279,71,24,1.46875,0.489583333333333,1,0,14,14
2280,72,24,1.48958333333333,0.489583333333333,1,0,6,6
2281,73,24,1.51041666666667,0.489583333333333,1,0,25,25
2282,74,24,1.53125,0.489583333333333,1,0,18,18
2283,75,24,1.55208333333333,0.489583333333333,1,0,27,27
2284,76,24,1.57291666666667,0.489583333333333,1,0,17,17
2285,77,24,1.59375,0.489583333333333,1,0,29,29
2286,78,24,1.61458333333333,0.489583333333333,1,0,19,19
2287,79,24,1.63541666666667,0.489583333333333,1,0,18,18
2288,80,24,1.65625,0.489583333333333,1,0,28,28
2289,81,24,1.67708333333333,0.489583333333333,1,0,4,4
2290,82,24,1.69791666666667,0.489583333333333,1,0,15,15
2291,83,24,1.71875,0.489583333333333,1,0,18,18
2292,84,24,1.73958333333333,0.489583333333333,1,0,15,15
2293,85,24,1.76041666666667,0.489583333333333,1,0,19,19
2294,86,24,1.78125,0.489583333333333,1,0,22,22
2295,87,24,1.80208333333333,0.489583333333333,1,0,11,11
2296,88,24,1.82291666666667,0.489583333333333,1,0,15,15
2297,89,24,1.84375,0.489583333333333,1,0,21,21
2298,90,24,1.86458333333333,0.489583333333333,1,0,25,25
2299,91,24,1.88541666666667,0.489583333333333,1,0,11,11
2300,92,24,1.90625,0.489583333333333,1,0,24,24
2301,93,24,1.92708333333333,0.489583333333333,1,0,14,14
2302,94,24,1.94791666666667,0.489583333333333,1,0,19,19
2303,95,24,1.96875,0.489583333333333,1,0,21,21
2304,96,24,1.98958333333333,0.489583333333333,1,0,29,29
2305,1,25,0.0104166666666667,0.510416666666667,1,0,29,29
2306,2,25,0.03125,0.510416666666667,1,0,11,11
2307,3,25,0.0520833333333333,0.510416666666667,1,0,20,20
2308,4,25,0.0729166666666667,0.510416666666667,1,0,15,15
2309,5,25,0.09375,0.510416666666667,1,0,33,33
2310,6,25,0.114583333333333,0.510416666666667,1,0,27,27
2311,7,25,0.135416666666667,0.510416666666667,1,0,25,25
2312,8,25,0.15625,0.510416666666667,1,0,18,18
2313,9,25,0.177083333333333,0.510416666666667,1,0,10,10
2314,10,25,0.197916666666667,0.510416666666667,1,0,24,24
2315,11,25,0.21875,0.510416666666667,1,0,19,19
2316,12,25,0.239583333333333,0.510416666666667,1,0,20,20
2317,13,25,0.260416666666667,0.510416666666667,1,0,17,17
2318,14,25,0.28125,0.510416666666667,1,0,9,9
2319,15,25,0.302083333333333,0.510416666666667,1,0,25,25
2320,16,25,0.322916666666667,0.510416666666667,1,0,24,24
2321,17,25,0.34375,0.510416666666667,1,0,27,27
2322,18,25,0.364583333333333,0.510416666666667,1,0,21,21
2323,19,25,0.385416666666667,0.510416666666667,1,0,23,23
2324,20,25,0.40625,0.510416666666667,1,0,17,17
2325,21,25,0.427083333333333,0.510416666666667,1,0,24,24
2326,22,25,0.447916666666667,0.510416666666667,1,0,6,6
2327,23,25,0.46875,0.510416666666667,1,0,21,21
2328,24,25,0.489583333333333,0.510416666666667,1,0,30,30
2329,25,25,0.510416666666667,0.510416666666667,1,0,20,20
2330,26,25,0.53125,0.510416666666667,1,0,13,13
2331,27,25,0.552083333333333,0.510416666666667,1,0,21,21
2332,28,25,0.572916666666667,0.510416666666667,1,0,25,25
2333,29,25,0.59375,0.510416666666667,1,0,18,18
2334,30,25,0.614583333333333,0.510416666666667,1,0,13,13
2335,31,25,0.635416666666667,0.510416666666667,1,0,24,24
2336,32,25,0.65625,0.510416666666667,1,0,15,15
2337,33,25,0.677083333333333,0.510416666666667,1,0,25,25
2338,34,25,0.697916666666667,0.510416666666667,1,0,18,18
2339,35,25,0.71875,0.510416666666667,1,0,20,20
2340,36,25,0.739583333333333,0.510416666666667,1,0,20,20
2341,37,25,0.760416666666667,0.510416666666667,1,0,24,24
2342,38,25,0.78125,0.510416666666667,1,0,19,19
2343,39,25,0.802083333333333,0.510416666666667,1,0,16,16
2344,40,25,0.822916666666667,0.510416666666667,1,0,19,19
2345,41,25,0.84375,0.510416666666667,1,0,8,8
2346,42,25,0.864583333333333,0.510416666666667,1,0,20,20
2347,43,25,0.885416666666667,0.510416666666667,1,0,21,21
2348,44,25,0.90625,0.510416666666667,1,0,11,11
2349,45,25,0.927083333333333,0.510416666666667,1,0,12,12
2350,46,25,0.947916666666667,0.510416666666667,1,0,20,20
2351,47,25,0.96875,0.510416666666667,1,0,28,28
2352,48,25,0.989583333333333,0.510416666666667,1,0,14,14
2353,49,25,1.01041666666667,0.510416666666667,1,0,18,18
2354,50,25,1.03125,0.510416666666667,1,0,26,26
2355,51,25,1.05208333333333,0.510416666666667,1,0,15,15
2356,52,25,1.07291666666667,0.510416666666667,1,0,16,16
2357,53,25,1.09375,0.510416666666667,1,0,20,20
2358,54,25,1.11458333333333,0.510416666666667,1,0,19,19
2359,55,25,1.13541666666667,0.510416666666667,1,0,21,21
2360,56,25,1.15625,0.510416666666667,1,0,16,16
2361,57,25,1.17708333333333,0.510416666666667,1,0,21,21
2362,58,25,1.19791666666667,0.510416666666667,1,0,25,25
2363,59,25,1.21875,0.510416666666667,1,0,27,27
2364,60,25,1.23958333333333,0.510416666666667,1,0,18,18
2365,61,25,1.26041666666667,0.510416666666667,1,0,16,16
2366,62,25,1.28125,0.510416666666667,1,0,25,25
2367,63,25,1.30208333333333,0.510416666666667,1,0,18,18
2368,64,25,1.32291666666667,0.510416666666667,1,0,27,27
2369,65,25,1.34375,0.510416666666667,1,0,27,27
2370,66,25,1.36458333333333,0.510416666666667,1,0,24,24
2371,67,25,1.38541666666667,0.510416666666667,1,0,14,14
2372,68,25,1.40625,0.510416666666667,1,0,14,14
2373,69,25,1.42708333333333,0.510416666666667,1,0,20,20
2374,70,25,1.44791666666667,0.510416666666667,1,0,22,22
2375,71,25,1.46875,0.510416666666667,1,0,23,23
2376,72,25,1.48958333333333,0.510416666666667,1,0,19,19
2377,73,25,1.51041666666667,0.510416666666667,1,0,18,18
2378,74,25,1.53125,0.510416666666667,1,0,36,36
2379,75,25,1.55208333333333,0.510416666666667,1,0,21,21
2380,76,25,1.57291666666667,0.510416666666667,1,0,20,20
2381,77,25,1.59375,0.510416666666667,1,0,10,10
2382,78,25,1.61458333333333,0.510416666666667,1,0,18,18
2383,79,25,1.63541666666667,0.510416666666667,1,0,17,17
2384,80,25,1.65625,0.510416666666667,1,0,21,21
2385,81,25,1.67708333333333,0.510416666666667,1,0,18,18
2386,82,25,1.69791666666667,0.510416666666667,1,0,16,16
2387,83,25,1.71875,0.510416666666667,1,0,27,27
2388,84,25,1.73958333333333,0.510416666666667,1,0,19,19
2389,85,25,1.76041666666667,0.510416666666667,1,0,24,24
2390,86,25,1.78125,0.510416666666667,1,0,9,9
2391,87,25,1.80208333333333,0.510416666666667,1,0,30,30
2392,88,25,1.82291666666667,0.510416666666667,1,0,30,30
2393,89,25,1.84375,0.510416666666667,1,0,20,20
2394,90,25,1.86458333333333,0.510416666666667,1,0,16,16
2395,91,25,1.88541666666667,0.510416666666667,1,0,27,27
2396,92,25,1.90625,0.510416666666667,1,0,22,22
2397,93,25,1.92708333333333,0.510416666666667,1,0,18,18
2398,94,25,1.94791666666667,0.510416666666667,1,0,24,24
2399,95,25,1.96875,0.510416666666667,1,0,28,28
2400,96,25,1.98958333333333,0.510416666666667,1,0,18,18
2401,1,26,0.0104166666666667,0.53125,1,0,14,14
2402,2,26,0.03125,0.53125,1,0,11,11
2403,3,26,0.0520833333333333,0.53125,1,0,26,26
2404,4,26,0.0729166666666667,0.53125,1,0,28,28
2405,5,26,0.09375,0.53125,1,0,19,19
2406,6,26,0.114583333333333,0.53125,1,0,17,17
2407,7,26,0.135416666666667,0.53125,1,0,20,20
2408,8,26,0.15625,0.53125,1,0,21,21
2409,9,26,0.177083333333333,0.53125,1,0,22,22
2410,10,26,0.197916666666667,0.53125,1,0,12,12
2411,11,26,0.21875,0.53125,1,0,21,21
2412,12,26,0.239583333333333,0.53125,1,0,18,18
2413,13,26,0.260416666666667,0.53125,1,0,27,27
2414,14,26,0.28125,0.53125,1,0,19,19
2415,15,26,0.302083333333333,0.53125,1,0,19,19
2416,16,26,0.322916666666667,0.53125,1,0,29,29
2417,17,26,0.34375,0.53125,1,0,36,36
2418,18,26,0.364583333333333,0.53125,1,0,15,15
2419,19,26,0.385416666666667,0.53125,1,0,23,23
2420,20,26,0.40625,0.53125,1,0,27,27
2421,21,26,0.427083333333333,0.53125,1,0,21,21
2422,22,26,0.447916666666667,0.53125,1,0,19,19
2423,23,26,0.46875,0.53125,1,0,27,27
2424,24,26,0.489583333333333,0.53125,1,0,12,12
2425,25,26,0.510416666666667,0.53125,1,0,14,14
2426,26,26,0.53125,0.53125,1,0,25,25
2427,27,26,0.552083333333333,0.53125,1,0,16,16
2428,28,26,0.572916666666667,0.53125,1,0,27,27
2429,29,26,0.59375,0.53125,1,0,21,21
2430,30,26,0.614583333333333,0.53125,1,0,24,24
2431,31,26,0.635416666666667,0.53125,1,0,24,24
2432,32,26,0.65625,0.53125,1,0,30,30
2433,33,26,0.677083333333333,0.53125,1,0,13,13
2434,34,26,0.697916666666667,0.53125,1,0,15,15
2435,35,26,0.71875,0.53125,1,0,10,10
2436,36,26,0.739583333333333,0.53125,1,0,23,23
2437,37,26,0.760416666666667,0.53125,1,0,16,16
2438,38,26,0.78125,0.53125,1,0,31,31
2439,39,26,0.802083333333333,0.53125,1,0,18,18
2440,40,26,0.822916666666667,0.53125,1,0,16,16
2441,41,26,0.84375,0.53125,1,0,13,13
2442,42,26,0.864583333333333,0.53125,1,0,19,19
2443,43,26,0.885416666666667,0.53125,1,0,25,25
2444,44,26,0.90625,0.53125,1,0,18,18
2445,45,26,0.927083333333333,0.53125,1,0,25,25
2446,46,26,0.947916666666667,0.53125,1,0,23,23
2447,47,26,0.96875,0.53125,1,0,21,21
2448,48,26,0.989583333333333,0.53125,1,0,18,18
2449,49,26,1.01041666666667,0.53125,1,0,20,20
2450,50,26,1.03125,0.53125,1,0,24,24
2451,51,26,1.05208333333333,0.53125,1,0,11,11
2452,52,26,1.07291666666667,0.53125,1,0,11,11
2453,53,26,1.09375,0.53125,1,0,18,18
2454,54,26,1.11458333333333,0.53125,1,0,23,23
2455,55,26,1.13541666666667,0.53125,1,0,16,16
2456,56,26,1.15625,0.53125,1,0,32,32
2457,57,26,1.17708333333333,0.53125,1,0,13,13
2458,58,26,1.19791666666667,0.53125,1,0,23,23
2459,59,26,1.21875,0.53125,1,0,18,18
2460,60,26,1.23958333333333,0.53125,1,0,34,34
2461,61,26,1.26041666666667,0.53125,1,0,20,20
2462,62,26,1.28125,0.53125,1,0,28,28
2463,63,26,1.30208333333333,0.53125,1,0,19,19
2464,64,26,1.32291666666667,0.53125,1,0,15,15
2465,65,26,1.34375,0.53125,1,0,13,13
2466,66,26,1.36458333333333,0.53125,1,0,17,17
2467,67,26,1.38541666666667,0.53125,1,0,19,19
2468,68,26,1.40625,0.53125,1,0,20,20
2469,69,26,1.42708333333333,0.53125,1,0,16,16
2470,70,26,1.44791666666667,0.53125,1,0,34,34
2471,71,26,1.46875,0.53125,1,0,18,18
2472,72,26,1.48958333333333,0.53125,1,0,16,16
2473,73,26,1.51041666666667,0.53125,1,0,21,21
2474,74,26,1.53125,0.53125,1,0,17,17
2475,75,26,1.55208333333333,0.53125,1,0,18,18
2476,76,26,1.57291666666667,0.53125,1,0,27,27
2477,77,26,1.59375,0.53125,1,0,26,26
2478,78,26,1.61458333333333,0.53125,1,0,16,16
2479,79,26,1.63541666666667,0.53125,1,0,17,17
2480,80,26,1.65625,0.53125,1,0,16,16
2481,81,26,1.67708333333333,0.53125,1,0,15,15
2482,82,26,1.69791666666667,0.53125,1,0,17,17
2483,83,26,1.71875,0.53125,1,0,16,16
2484,84,26,1.73958333333333,0.53125,1,0,25,25
2485,85,26,1.76041666666667,0.53125,1,0,27,27
2486,86,26,1.78125,0.53125,1,0,33,33
2487,87,26,1.80208333333333,0.53125,1,0,13,13
2488,88,26,1.82291666666667,0.53125,1,0,36,36
2489,89,26,1.84375,0.53125,1,0,24,24
2490,90,26,1.86458333333333,0.53125,1,0,18,18
2491,91,26,1.88541666666667,0.53125,1,0,14,14
2492,92,26,1.90625,0.53125,1,0,30,30
2493,93,26,1.92708333333333,0.53125,1,0,12,12
2494,94,26,1.94791666666667,0.53125,1,0,31,31
2495,95,26,1.96875,0.53125,1,0,21,21
2496,96,26,1.98958333333333,0.53125,1,0,27,27
2497,1,27,0.0104166666666667,0.552083333333333,1,0,12,12
2498,2,27,0.03125,0.552083333333333,1,0,9,9
2499,3,27,0.0520833333333333,0.552083333333333,1,0,26,26
2500,4,27,0.0729166666666667,0.552083333333333,1,0,22,22
2501,5,27,0.09375,0.552083333333333,1,0,9,9
2502,6,27,0.114583333333333,0.552083333333333,1,0,18,18
2503,7,27,0.135416666666667,0.552083333333333,1,0,21,21
2504,8,27,0.15625,0.552083333333333,1,0,28,28
2505,9,27,0.177083333333333,0.552083333333333,1,0,11,11
2506,10,27,0.197916666666667,0.552083333333333,1,0,27,27
2507,11,27,0.21875,0.552083333333333,1,0,21,21
2508,12,27,0.239583333333333,0.552083333333333,1,0,22,22
2509,13,27,0.260416666666667,0.552083333333333,1,0,15,15
2510,14,27,0.28125,0.552083333333333,1,0,25,25
2511,15,27,0.302083333333333,0.552083333333333,1,0,17,17
2512,16,27,0.322916666666667,0.552083333333333,1,0,19,19
2513,17,27,0.34375,0.552083333333333,1,0,24,24
2514,18,27,0.364583333333333,0.552083333333333,1,0,24,24
2515,19,27,0.385416666666667,0.552083333333333,1,0,16,16
2516,20,27,0.40625,0.552083333333333,1,0,23,23
2517,21,27,0.427083333333333,0.552083333333333,1,0,22,22
2518,22,27,0.447916666666667,0.552083333333333,1,0,14,14
2519,23,27,0.46875,0.552083333333333,1,0,21,21
2520,24,27,0.489583333333333,0.552083333333333,1,0,6,6
2521,25,27,0.510416666666667,0.552083333333333,1,0,30,30
2522,26,27,0.53125,0.552083333333333,1,0,25,25
2523,27,27,0.552083333333333,0.552083333333333,1,0,25,25
2524,28,27,0.572916666666667,0.552083333333333,1,0,14,14
2525,29,27,0.59375,0.552083333333333,1,0,12,12
2526,30,27,0.614583333333333,0.552083333333333,1,0,17,17
2527,31,27,0.635416666666667,0.552083333333333,1,0,23,23
2528,32,27,0.65625,0.552083333333333,1,0,27,27
2529,33,27,0.677083333333333,0.552083333333333,1,0,25,25
2530,34,27,0.697916666666667,0.552083333333333,1,0,27,27
2531,35,27,0.71875,0.552083333333333,1,0,18,18
2532,36,27,0.739583333333333,0.552083333333333,1,0,18,18
2533,37,27,0.760416666666667,0.552083333333333,1,0,14,14
2534,38,27,0.78125,0.552083333333333,1,0,10,10
2535,39,27,0.802083333333333,0.552083333333333,1,0,19,19
2536,40,27,0.822916666666667,0.552083333333333,1,0,26,26
2537,41,27,0.84375,0.552083333333333,1,0,28,28
2538,42,27,0.864583333333333,0.552083333333333,1,0,11,11
2539,43,27,0.885416666666667,0.552083333333333,1,0,23,23
2540,44,27,0.90625,0.552083333333333,1,0,19,19
2541,45,27,0.927083333333333,0.552083333333333,1,0,31,31
2542,46,27,0.947916666666667,0.552083333333333,1,0,14,14
2543,47,27,0.96875,0.552083333333333,1,0,28,28
2544,48,27,0.989583333333333,0.552083333333333,1,0,12,12
2545,49,27,1.01041666666667,0.552083333333333,1,0,19,19
2546,50,27,1.03125,0.552083333333333,1,0,25,25
2547,51,27,1.05208333333333,0.552083333333333,1,0,18,18
2548,52,27,1.07291666666667,0.552083333333333,1,0,18,18
2549,53,27,1.09375,0.552083333333333,1,0,17,17
2550,54,27,1.11458333333333,0.552083333333333,1,0,15,15
2551,55,27,1.13541666666667,0.552083333333333,1,0,26,26
2552,56,27,1.15625,0.552083333333333,1,0,29,29
2553,57,27,1.17708333333333,0.552083333333333,1,0,25,25
2554,58,27,1.19791666666667,0.552083333333333,1,0,25,25
2555,59,27,1.21875,0.552083333333333,1,0,27,27
2556,60,27,1.23958333333333,0.552083333333333,1,0,19,19
2557,61,27,1.26041666666667,0.552083333333333,1,0,26,26
2558,62,27,1.28125,0.552083333333333,1,0,16,16
2559,63,27,1.30208333333333,0.552083333333333,1,0,31,31
2560,64,27,1.32291666666667,0.552083333333333,1,0,26,26
2561,65,27,1.34375,0.552083333333333,1,0,17,17
2562,66,27,1.36458333333333,0.552083333333333,1,0,22,22
2563,67,27,1.38541666666667,0.552083333333333,1,0,23,23
2564,68,27,1.40625,0.552083333333333,1,0,16,16
2565,69,27,1.42708333333333,0.552083333333333,1,0,19,19
2566,70,27,1.44791666666667,0.552083333333333,1,0,28,28
2567,71,27,1.46875,0.552083333333333,1,0,17,17
2568,72,27,1.48958333333333,0.552083333333333,1,0,22,22
2569,73,27,1.51041666666667,0.552083333333333,1,0,8,8
2570,74,27,1.53125,0.552083333333333,1,0,19,19
2571,75,27,1.55208333333333,0.552083333333333,1,0,24,24
2572,76,27,1.57291666666667,0.552083333333333,1,0,21,21
2573,77,27,1.59375,0.552083333333333,1,0,19,19
2574,78,27,1.61458333333333,0.552083333333333,1,0,19,19
2575,79,27,1.63541666666667,0.552083333333333,1,0,22,22
2576,80,27,1.65625,0.552083333333333,1,0,29,29
2577,81,27,1.67708333333333,0.552083333333333,1,0,17,17
2578,82,27,1.69791666666667,0.552083333333333,1,0,23,23
2579,83,27,1.71875,0.552083333333333,1,0,22,22
2580,84,27,1.73958333333333,0.552083333333333,1,0,23,23
2581,85,27,1.76041666666667,0.552083333333333,1,0,27,27
2582,86,27,1.78125,0.552083333333333,1,0,22,22
2583,87,27,1.80208333333333,0.552083333333333,1,0,24,24
2584,88,27,1.82291666666667,0.552083333333333,1,0,9,9
2585,89,27,1.84375,0.552083333333333,1,0,15,15
2586,90,27,1.86458333333333,0.552083333333333,1,0,20,20
2587,91,27,1.88541666666667,0.552083333333333,1,0,19,19
2588,92,27,1.90625,0.552083333333333,1,0,29,29
2589,93,27,1.92708333333333,0.552083333333333,1,0,35,35
2590,94,27,1.94791666666667,0.552083333333333,1,0,28,28
2591,95,27,1.96875,0.552083333333333,1,0,26,26
2592,96,27,1.98958333333333,0.552083333333333,1,0,17,17
2593,1,28,0.0104166666666667,0.572916666666667,1,0,19,19
2594,2,28,0.03125,0.572916666666667,1,0,15,15
2595,3,28,0.0520833333333333,0.572916666666667,1,0,19,19
2596,4,28,0.0729166666666667,0.572916666666667,1,0,14,14
2597,5,28,0.09375,0.572916666666667,1,0,22,22
2598,6,28,0.114583333333333,0.572916666666667,1,0,28,28
2599,7,28,0.135416666666667,0.572916666666667,1,0,17,17
2600,8,28,0.15625,0.572916666666667,1,0,13,13
2601,9,28,0.177083333333333,0.572916666666667,1,0,18,18
2602,10,28,0.197916666666667,0.572916666666667,1,0,24,24
2603,11,28,0.21875,0.572916666666667,1,0,14,14
2604,12,28,0.239583333333333,0.572916666666667,1,0,20,20
2605,13,28,0.260416666666667,0.572916666666667,1,0,20,20
2606,14,28,0.28125,0.572916666666667,1,0,17,17
2607,15,28,0.302083333333333,0.572916666666667,1,0,22,22
2608,16,28,0.322916666666667,0.572916666666667,1,0,20,20
2609,17,28,0.34375,0.572916666666667,1,0,23,23
2610,18,28,0.364583333333333,0.572916666666667,1,0,17,17
2611,19,28,0.385416666666667,0.572916666666667,1,0,20,20
2612,20,28,0.40625,0.572916666666667,1,0,17,17
2613,21,28,0.427083333333333,0.572916666666667,1,0,17,17
2614,22,28,0.447916666666667,0.572916666666667,1,0,18,18
2615,23,28,0.46875,0.572916666666667,1,0,19,19
2616,24,28,0.489583333333333,0.572916666666667,1,0,18,18
2617,25,28,0.510416666666667,0.572916666666667,1,0,24,24
2618,26,28,0.53125,0.572916666666667,1,0,21,21
2619,27,28,0.552083333333333,0.572916666666667,1,0,12,12
2620,28,28,0.572916666666667,0.572916666666667,1,0,23,23
2621,29,28,0.59375,0.572916666666667,1,0,22,22
2622,30,28,0.614583333333333,0.572916666666667,1,0,11,11
2623,31,28,0.635416666666667,0.572916666666667,1,0,14,14
2624,32,28,0.65625,0.572916666666667,1,0,15,15
2625,33,28,0.677083333333333,0.572916666666667,1,0,15,15
2626,34,28,0.697916666666667,0.572916666666667,1,0,26,26
2627,35,28,0.71875,0.572916666666667,1,0,22,22
2628,36,28,0.739583333333333,0.572916666666667,1,0,19,19
2629,37,28,0.760416666666667,0.572916666666667,1,0,24,24
2630,38,28,0.78125,0.572916666666667,1,0,27,27
2631,39,28,0.802083333333333,0.572916666666667,1,0,23,23
2632,40,28,0.822916666666667,0.572916666666667,1,0,19,19
2633,41,28,0.84375,0.572916666666667,1,0,17,17
2634,42,28,0.864583333333333,0.572916666666667,1,0,19,19
2635,43,28,0.885416666666667,0.572916666666667,1,0,23,23
2636,44,28,0.90625,0.572916666666667,1,0,21,21
2637,45,28,0.927083333333333,0.572916666666667,1,0,18,18
2638,46,28,0.947916666666667,0.572916666666667,1,0,23,23
2639,47,28,0.96875,0.572916666666667,1,0,17,17
2640,48,28,0.989583333333333,0.572916666666667,1,0,26,26
2641,49,28,1.01041666666667,0.572916666666667,1,0,15,15
2642,50,28,1.03125,0.572916666666667,1,0,21,21
2643,51,28,1.05208333333333,0.572916666666667,1,0,19,19
2644,52,28,1.07291666666667,0.572916666666667,1,0,29,29
2645,53,28,1.09375,0.572916666666667,1,0,20,20
2646,54,28,1.11458333333333,0.572916666666667,1,0,22,22
2647,55,28,1.13541666666667,0.572916666666667,1,0,24,24
2648,56,28,1.15625,0.572916666666667,1,0,21,21
2649,57,28,1.17708333333333,0.572916666666667,1,0,21,21
2650,58,28,1.19791666666667,0.572916666666667,1,0,24,24
2651,59,28,1.21875,0.572916666666667,1,0,16,16
2652,60,28,1.23958333333333,0.572916666666667,1,0,19,19
2653,61,28,1.26041666666667,0.572916666666667,1,0,21,21
2654,62,28,1.28125,0.572916666666667,1,0,26,26
2655,63,28,1.30208333333333,0.572916666666667,1,0,25,25
2656,64,28,1.32291666666667,0.572916666666667,1,0,27,27
2657,65,28,1.34375,0.572916666666667,1,0,23,23
2658,66,28,1.36458333333333,0.572916666666667,1,0,14,14
2659,67,28,1.38541666666667,0.572916666666667,1,0,15,15
2660,68,28,1.40625,0.572916666666667,1,0,10,10
2661,69,28,1.42708333333333,0.572916666666667,1,0,24,24
2662,70,28,1.44791666666667,0.572916666666667,1,0,27,27
2663,71,28,1.46875,0.572916666666667,1,0,6,6
2664,72,28,1.48958333333333,0.572916666666667,1,0,33,33
2665,73,28,1.51041666666667,0.572916666666667,1,0,31,31
2666,74,28,1.53125,0.572916666666667,1,0,20,20
2667,75,28,1.55208333333333,0.572916666666667,1,0,25,25
2668,76,28,1.57291666666667,0.572916666666667,1,0,14,14
2669,77,28,1.59375,0.572916666666667,1,0,16,16
2670,78,28,1.61458333333333,0.572916666666667,1,0,20,20
2671,79,28,1.63541666666667,0.572916666666667,1,0,21,21
2672,80,28,1.65625,0.572916666666667,1,0,23,23
2673,81,28,1.67708333333333,0.572916666666667,1,0,11,11
2674,82,28,1.69791666666667,0.572916666666667,1,0,12,12
2675,83,28,1.71875,0.572916666666667,1,0,20,20
2676,84,28,1.73958333333333,0.572916666666667,1,0,18,18
2677,85,28,1.76041666666667,0.572916666666667,1,0,20,20
2678,86,28,1.78125,0.572916666666667,1,0,21,21
2679,87,28,1.80208333333333,0.572916666666667,1,0,18,18
2680,88,28,1.82291666666667,0.572916666666667,1,0,21,21
2681,89,28,1.84375,0.572916666666667,1,0,20,20
2682,90,28,1.86458333333333,0.572916666666667,1,0,19,19
2683,91,28,1.88541666666667,0.572916666666667,1,0,19,19
2684,92,28,1.90625,0.572916666666667,1,0,24,24
2685,93,28,1.92708333333333,0.572916666666667,1,0,17,17
2686,94,28,1.94791666666667,0.572916666666667,1,0,19,19
2687,95,28,1.96875,0.572916666666667,1,0,24,24
2688,96,28,1.98958333333333,0.572916666666667,1,0,26,26
2689,1,29,0.0104166666666667,0.59375,1,0,20,20
2690,2,29,0.03125,0.59375,1,0,25,25
2691,3,29,0.0520833333333333,0.59375,1,0,18,18
2692,4,29,0.0729166666666667,0.59375,1,0,24,24
2693,5,29,0.09375,0.59375,1,0,22,22
2694,6,29,0.114583333333333,0.59375,1,0,24,24
2695,7,29,0.135416666666667,0.59375,1,0,20,20
2696,8,29,0.15625,0.59375,1,0,27,27
2697,9,29,0.177083333333333,0.59375,1,0,23,23
2698,10,29,0.197916666666667,0.59375,1,0,20,20
2699,11,29,0.21875,0.59375,1,0,23,23
2700,12,29,0.239583333333333,0.59375,1,0,25,25
2701,13,29,0.260416666666667,0.59375,1,0,26,26
2702,14,29,0.28125,0.59375,1,0,27,27
2703,15,29,0.302083333333333,0.59375,1,0,15,15
2704,16,29,0.322916666666667,0.59375,1,0,24,24
2705,17,29,0.34375,0.59375,1,0,17,17
2706,18,29,0.364583333333333,0.59375,1,0,11,11
2707,19,29,0.385416666666667,0.59375,1,0,24,24
2708,20,29,0.40625,0.59375,1,0,10,10
2709,21,29,0.427083333333333,0.59375,1,0,10,10
2710,22,29,0.447916666666667,0.59375,1,0,24,24
2711,23,29,0.46875,0.59375,1,0,18,18
2712,24,29,0.489583333333333,0.59375,1,0,18,18
2713,25,29,0.510416666666667,0.59375,1,0,33,33
2714,26,29,0.53125,0.59375,1,0,28,28
2715,27,29,0.552083333333333,0.59375,1,0,13,13
2716,28,29,0.572916666666667,0.59375,1,0,16,16
2717,29,29,0.59375,0.59375,1,0,17,17
2718,30,29,0.614583333333333,0.59375,1,0,32,32
2719,31,29,0.635416666666667,0.59375,1,0,23,23
2720,32,29,0.65625,0.59375,1,0,24,24
2721,33,29,0.677083333333333,0.59375,1,0,25,25
2722,34,29,0.697916666666667,0.59375,1,0,22,22
2723,35,29,0.71875,0.59375,1,0,21,21
2724,36,29,0.739583333333333,0.59375,1,0,20,20
2725,37,29,0.760416666666667,0.59375,1,0,18,18
2726,38,29,0.78125,0.59375,1,0,15,15
2727,39,29,0.802083333333333,0.59375,1,0,17,17
2728,40,29,0.822916666666667,0.59375,1,0,14,14
2729,41,29,0.84375,0.59375,1,0,17,17
2730,42,29,0.864583333333333,0.59375,1,0,19,19
2731,43,29,0.885416666666667,0.59375,1,0,19,19
2732,44,29,0.90625,0.59375,1,0,22,22
2733,45,29,0.927083333333333,0.59375,1,0,27,27
2734,46,29,0.947916666666667,0.59375,1,0,25,25
2735,47,29,0.96875,0.59375,1,0,27,27
2736,48,29,0.989583333333333,0.59375,1,0,20,20
2737,49,29,1.01041666666667,0.59375,1,0,24,24
2738,50,29,1.03125,0.59375,1,0,23,23
2739,51,29,1.05208333333333,0.59375,1,0,23,23
2740,52,29,1.07291666666667,0.59375,1,0,16,16
2741,53,29,1.09375,0.59375,1,0,8,8
2742,54,29,1.11458333333333,0.59375,1,0,10,10
2743,55,29,1.13541666666667,0.59375,1,0,17,17
2744,56,29,1.15625,0.59375,1,0,22,22
2745,57,29,1.17708333333333,0.59375,1,0,26,26
2746,58,29,1.19791666666667,0.59375,1,0,25,25
2747,59,29,1.21875,0.59375,1,0,22,22
2748,60,29,1.23958333333333,0.59375,1,0,23,23
2749,61,29,1.26041666666667,0.59375,1,0,28,28
2750,62,29,1.28125,0.59375,1,0,12,12
2751,63,29,1.30208333333333,0.59375,1,0,17,17
2752,64,29,1.32291666666667,0.59375,1,0,14,14
2753,65,29,1.34375,0.59375,1,0,23,23
2754,66,29,1.36458333333333,0.59375,1,0,17,17
2755,67,29,1.38541666666667,0.59375,1,0,16,16
2756,68,29,1.40625,0.59375,1,0,13,13
2757,69,29,1.42708333333333,0.59375,1,0,11,11
2758,70,29,1.44791666666667,0.59375,1,0,27,27
2759,71,29,1.46875,0.59375,1,0,14,14
2760,72,29,1.48958333333333,0.59375,1,0,17,17
2761,73,29,1.51041666666667,0.59375,1,0,15,15
2762,74,29,1.53125,0.59375,1,0,16,16
2763,75,29,1.55208333333333,0.59375,1,0,17,17
2764,76,29,1.57291666666667,0.59375,1,0,22,22
2765,77,29,1.59375,0.59375,1,0,22,22
2766,78,29,1.61458333333333,0.59375,1,0,16,16
2767,79,29,1.63541666666667,0.59375,1,0,21,21
2768,80,29,1.65625,0.59375,1,0,14,14
2769,81,29,1.67708333333333,0.59375,1,0,17,17
2770,82,29,1.69791666666667,0.59375,1,0,16,16
2771,83,29,1.71875,0.59375,1,0,27,27
2772,84,29,1.73958333333333,0.59375,1,0,17,17
2773,85,29,1.76041666666667,0.59375,1,0,26,26
2774,86,29,1.78125,0.59375,1,0,19,19
2775,87,29,1.80208333333333,0.59375,1,0,27,27
2776,88,29,1.82291666666667,0.59375,1,0,16,16
2777,89,29,1.84375,0.59375,1,0,20,20
2778,90,29,1.86458333333333,0.59375,1,0,28,28
2779,91,29,1.88541666666667,0.59375,1,0,14,14
2780,92,29,1.90625,0.59375,1,0,20,20
2781,93,29,1.92708333333333,0.59375,1,0,16,16
2782,94,29,1.94791666666667,0.59375,1,0,18,18
2783,95,29,1.96875,0.59375,1,0,18,18
2784,96,29,1.98958333333333,0.59375,1,0,24,24
2785,1,30,0.0104166666666667,0.614583333333333,1,0,28,28
2786,2,30,0.03125,0.614583333333333,1,0,25,25
2787,3,30,0.0520833333333333,0.614583333333333,1,0,18,18
2788,4,30,0.0729166666666667,0.614583333333333,1,0,21,21
2789,5,30,0.09375,0.614583333333333,1,0,21,21
2790,6,30,0.114583333333333,0.614583333333333,1,0,20,20
2791,7,30,0.135416666666667,0.614583333333333,1,0,20,20
2792,8,30,0.15625,0.614583333333333,1,0,22,22
2793,9,30,0.177083333333333,0.614583333333333,1,0,20,20
2794,10,30,0.197916666666667,0.614583333333333,1,0,6,6
2795,11,30,0.21875,0.614583333333333,1,0,19,19
2796,12,30,0.239583333333333,0.614583333333333,1,0,9,9
2797,13,30,0.260416666666667,0.614583333333333,1,0,16,16
2798,14,30,0.28125,0.614583333333333,1,0,15,15
2799,15,30,0.302083333333333,0.614583333333333,1,0,25,25
2800,16,30,0.322916666666667,0.614583333333333,1,0,20,20
2801,17,30,0.34375,0.614583333333333,1,0,18,18
2802,18,30,0.364583333333333,0.614583333333333,1,0,27,27
2803,19,30,0.385416666666667,0.614583333333333,1,0,23,23
2804,20,30,0.40625,0.614583333333333,1,0,20,20
2805,21,30,0.427083333333333,0.614583333333333,1,0,21,21
2806,22,30,0.447916666666667,0.614583333333333,1,0,20,20
2807,23,30,0.46875,0.614583333333333,1,0,18,18
2808,24,30,0.489583333333333,0.614583333333333,1,0,20,20
2809,25,30,0.510416666666667,0.614583333333333,1,0,15,15
2810,26,30,0.53125,0.614583333333333,1,0,22,22
2811,27,30,0.552083333333333,0.614583333333333,1,0,16,16
2812,28,30,0.572916666666667,0.614583333333333,1,0,29,29
2813,29,30,0.59375,0.614583333333333,1,0,14,14
2814,30,30,0.614583333333333,0.614583333333333,1,0,26,26
2815,31,30,0.635416666666667,0.614583333333333,1,0,27,27
2816,32,30,0.65625,0.614583333333333,1,0,17,17
2817,33,30,0.677083333333333,0.614583333333333,1,0,22,22
2818,34,30,0.697916666666667,0.614583333333333,1,0,19,19
2819,35,30,0.71875,0.614583333333333,1,0,24,24
2820,36,30,0.739583333333333,0.614583333333333,1,0,14,14
2821,37,30,0.760416666666667,0.614583333333333,1,0,19,19
2822,38,30,0.78125,0.614583333333333,1,0,15,15
2823,39,30,0.802083333333333,0.614583333333333,1,0,16,16
2824,40,30,0.822916666666667,0.614583333333333,1,0,10,10
2825,41,30,0.84375,0.614583333333333,1,0,29,29
2826,42,30,0.864583333333333,0.614583333333333,1,0,28,28
2827,43,30,0.885416666666667,0.614583333333333,1,0,28,28
2828,44,30,0.90625,0.614583333333333,1,0,19,19
2829,45,30,0.927083333333333,0.614583333333333,1,0,29,29
2830,46,30,0.947916666666667,0.614583333333333,1,0,31,31
2831,47,30,0.96875,0.614583333333333,1,0,25,25
2832,48,30,0.989583333333333,0.614583333333333,1,0,23,23
2833,49,30,1.01041666666667,0.614583333333333,1,0,14,14
2834,50,30,1.03125,0.614583333333333,1,0,22,22
2835,51,30,1.05208333333333,0.614583333333333,1,0,18,18
2836,52,30,1.07291666666667,0.614583333333333,1,0,23,23
2837,53,30,1.09375,0.614583333333333,1,0,16,16
2838,54,30,1.11458333333333,0.614583333333333,1,0,27,27
2839,55,30,1.13541666666667,0.614583333333333,1,0,23,23
2840,56,30,1.15625,0.614583333333333,1,0,19,19
2841,57,30,1.17708333333333,0.614583333333333,1,0,10,10
2842,58,30,1.19791666666667,0.614583333333333,1,0,13,13
2843,59,30,1.21875,0.614583333333333,1,0,17,17
2844,60,30,1.23958333333333,0.614583333333333,1,0,21,21
2845,61,30,1.26041666666667,0.614583333333333,1,0,15,15
2846,62,30,1.28125,0.614583333333333,1,0,9,9
2847,63,30,1.30208333333333,0.614583333333333,1,0,19,19
2848,64,30,1.32291666666667,0.614583333333333,1,0,28,28
2849,65,30,1.34375,0.614583333333333,1,0,18,18
2850,66,30,1.36458333333333,0.614583333333333,1,0,19,19
2851,67,30,1.38541666666667,0.614583333333333,1,0,25,25
2852,68,30,1.40625,0.614583333333333,1,0,23,23
2853,69,30,1.42708333333333,0.614583333333333,1,0,25,25
2854,70,30,1.44791666666667,0.614583333333333,1,0,20,20
2855,71,30,1.46875,0.614583333333333,1,0,26,26
2856,72,30,1.48958333333333,0.614583333333333,1,0,14,14
2857,73,30,1.51041666666667,0.614583333333333,1,0,12,12
2858,74,30,1.53125,0.614583333333333,1,0,17,17
2859,75,30,1.55208333333333,0.614583333333333,1,0,22,22
2860,76,30,1.57291666666667,0.614583333333333,1,0,24,24
2861,77,30,1.59375,0.614583333333333,1,0,25,25
2862,78,30,1.61458333333333,0.614583333333333,1,0,11,11
2863,79,30,1.63541666666667,0.614583333333333,1,0,28,28
2864,80,30,1.65625,0.614583333333333,1,0,22,22
2865,81,30,1.67708333333333,0.614583333333333,1,0,18,18
2866,82,30,1.69791666666667,0.614583333333333,1,0,29,29
2867,83,30,1.71875,0.614583333333333,1,0,23,23
2868,84,30,1.73958333333333,0.614583333333333,1,0,6,6
2869,85,30,1.76041666666667,0.614583333333333,1,0,19,19
2870,86,30,1.78125,0.614583333333333,1,0,18,18
2871,87,30,1.80208333333333,0.614583333333333,1,0,11,11
2872,88,30,1.82291666666667,0.614583333333333,1,0,15,15
2873,89,30,1.84375,0.614583333333333,1,0,36,36
2874,90,30,1.86458333333333,0.614583333333333,1,0,12,12
2875,91,30,1.88541666666667,0.614583333333333,1,0,27,27
2876,92,30,1.90625,0.614583333333333,1,0,11,11
2877,93,30,1.92708333333333,0.614583333333333,1,0,29,29
2878,94,30,1.94791666666667,0.614583333333333,1,0,31,31
2879,95,30,1.96875,0.614583333333333,1,0,18,18
2880,96,30,1.98958333333333,0.614583333333333,1,0,17,17
2881,1,31,0.0104166666666667,0.635416666666667,1,0,25,25
2882,2,31,0.03125,0.635416666666667,1,0,14,14
2883,3,31,0.0520833333333333,0.635416666666667,1,0,19,19
2884,4,31,0.0729166666666667,0.635416666666667,1,0,19,19
2885,5,31,0.09375,0.635416666666667,1,0,22,22
2886,6,31,0.114583333333333,0.635416666666667,1,0,22,22
2887,7,31,0.135416666666667,0.635416666666667,1,0,18,18
2888,8,31,0.15625,0.635416666666667,1,0,24,24
2889,9,31,0.177083333333333,0.635416666666667,1,0,19,19
2890,10,31,0.197916666666667,0.635416666666667,1,0,15,15
2891,11,31,0.21875,0.635416666666667,1,0,26,26
2892,12,31,0.239583333333333,0.635416666666667,1,0,12,12
2893,13,31,0.260416666666667,0.635416666666667,1,0,16,16
2894,14,31,0.28125,0.635416666666667,1,0,21,21
2895,15,31,0.302083333333333,0.635416666666667,1,0,23,23
2896,16,31,0.322916666666667,0.635416666666667,1,0,22,22
2897,17,31,0.34375,0.635416666666667,1,0,9,9
2898,18,31,0.364583333333333,0.635416666666667,1,0,25,25
2899,19,31,0.385416666666667,0.635416666666667,1,0,25,25
2900,20,31,0.40625,0.635416666666667,1,0,28,28
2901,21,31,0.427083333333333,0.635416666666667,1,0,25,25
2902,22,31,0.447916666666667,0.635416666666667,1,0,22,22
2903,23,31,0.46875,0.635416666666667,1,0,15,15
2904,24,31,0.489583333333333,0.635416666666667,1,0,24,24
2905,25,31,0.510416666666667,0.635416666666667,1,0,16,16
2906,26,31,0.53125,0.635416666666667,1,0,25,25
2907,27,31,0.552083333333333,0.635416666666667,1,0,18,18
2908,28,31,0.572916666666667,0.635416666666667,1,0,22,22
2909,29,31,0.59375,0.635416666666667,1,0,21,21
2910,30,31,0.614583333333333,0.635416666666667,1,0,22,22
2911,31,31,0.635416666666667,0.635416666666667,1,0,26,26
2912,32,31,0.65625,0.635416666666667,1,0,24,24
2913,33,31,0.677083333333333,0.635416666666667,1,0,19,19
2914,34,31,0.697916666666667,0.635416666666667,1,0,6,6
2915,35,31,0.71875,0.635416666666667,1,0,6,6
2916,36,31,0.739583333333333,0.635416666666667,1,0,17,17
2917,37,31,0.760416666666667,0.635416666666667,1,0,27,27
2918,38,31,0.78125,0.635416666666667,1,0,11,11
2919,39,31,0.802083333333333,0.635416666666667,1,0,20,20
2920,40,31,0.822916666666667,0.635416666666667,1,0,22,22
2921,41,31,0.84375,0.635416666666667,1,0,15,15
2922,42,31,0.864583333333333,0.635416666666667,1,0,14,14
2923,43,31,0.885416666666667,0.635416666666667,1,0,16,16
2924,44,31,0.90625,0.635416666666667,1,0,13,13
2925,45,31,0.927083333333333,0.635416666666667,1,0,20,20
2926,46,31,0.947916666666667,0.635416666666667,1,0,21,21
2927,47,31,0.96875,0.635416666666667,1,0,20,20
2928,48,31,0.989583333333333,0.635416666666667,1,0,33,33
2929,49,31,1.01041666666667,0.635416666666667,1,0,13,13
2930,50,31,1.03125,0.635416666666667,1,0,22,22
2931,51,31,1.05208333333333,0.635416666666667,1,0,21,21
2932,52,31,1.07291666666667,0.635416666666667,1,0,20,20
2933,53,31,1.09375,0.635416666666667,1,0,24,24
2934,54,31,1.11458333333333,0.635416666666667,1,0,29,29
2935,55,31,1.13541666666667,0.635416666666667,1,0,14,14
2936,56,31,1.15625,0.635416666666667,1,0,12,12
2937,57,31,1.17708333333333,0.635416666666667,1,0,24,24
2938,58,31,1.19791666666667,0.635416666666667,1,0,20,20
2939,59,31,1.21875,0.635416666666667,1,0,22,22
2940,60,31,1.23958333333333,0.635416666666667,1,0,12,12
2941,61,31,1.26041666666667,0.635416666666667,1,0,26,26
2942,62,31,1.28125,0.635416666666667,1,0,11,11
2943,63,31,1.30208333333333,0.635416666666667,1,0,25,25
2944,64,31,1.32291666666667,0.635416666666667,1,0,33,33
2945,65,31,1.34375,0.635416666666667,1,0,8,8
2946,66,31,1.36458333333333,0.635416666666667,1,0,19,19
2947,67,31,1.38541666666667,0.635416666666667,1,0,25,25
2948,68,31,1.40625,0.635416666666667,1,0,15,15
2949,69,31,1.42708333333333,0.635416666666667,1,0,19,19
2950,70,31,1.44791666666667,0.635416666666667,1,0,16,16
2951,71,31,1.46875,0.635416666666667,1,0,26,26
2952,72,31,1.48958333333333,0.635416666666667,1,0,21,21
2953,73,31,1.51041666666667,0.635416666666667,1,0,21,21
2954,74,31,1.53125,0.635416666666667,1,0,6,6
2955,75,31,1.55208333333333,0.635416666666667,1,0,27,27
2956,76,31,1.57291666666667,0.635416666666667,1,0,32,32
2957,77,31,1.59375,0.635416666666667,1,0,31,31
2958,78,31,1.61458333333333,0.635416666666667,1,0,27,27
2959,79,31,1.63541666666667,0.635416666666667,1,0,19,19
2960,80,31,1.65625,0.635416666666667,1,0,18,18
2961,81,31,1.67708333333333,0.635416666666667,1,0,26,26
2962,82,31,1.69791666666667,0.635416666666667,1,0,15,15
2963,83,31,1.71875,0.635416666666667,1,0,20,20
2964,84,31,1.73958333333333,0.635416666666667,1,0,30,30
2965,85,31,1.76041666666667,0.635416666666667,1,0,19,19
2966,86,31,1.78125,0.635416666666667,1,0,21,21
2967,87,31,1.80208333333333,0.635416666666667,1,0,27,27
2968,88,31,1.82291666666667,0.635416666666667,1,0,28,28
2969,89,31,1.84375,0.635416666666667,1,0,29,29
2970,90,31,1.86458333333333,0.635416666666667,1,0,19,19
2971,91,31,1.88541666666667,0.635416666666667,1,0,16,16
2972,92,31,1.90625,0.635416666666667,1,0,24,24
2973,93,31,1.92708333333333,0.635416666666667,1,0,32,32
2974,94,31,1.94791666666667,0.635416666666667,1,0,16,16
2975,95,31,1.96875,0.635416666666667,1,0,15,15
2976,96,31,1.98958333333333,0.635416666666667,1,0,22,22
2977,1,32,0.0104166666666667,0.65625,1,0,23,23
2978,2,32,0.03125,0.65625,1,0,17,17
2979,3,32,0.0520833333333333,0.65625,1,0,24,24
2980,4,32,0.0729166666666667,0.65625,1,0,18,18
2981,5,32,0.09375,0.65625,1,0,26,26
2982,6,32,0.114583333333333,0.65625,1,0,20,20
2983,7,32,0.135416666666667,0.65625,1,0,18,18
2984,8,32,0.15625,0.65625,1,0,19,19
2985,9,32,0.177083333333333,0.65625,1,0,8,8
2986,10,32,0.197916666666667,0.65625,1,0,26,26
2987,11,32,0.21875,0.65625,1,0,19,19
2988,12,32,0.239583333333333,0.65625,1,0,21,21
2989,13,32,0.260416666666667,0.65625,1,0,17,17
2990,14,32,0.28125,0.65625,1,0,12,12
2991,15,32,0.302083333333333,0.65625,1,0,10,10
2992,16,32,0.322916666666667,0.65625,1,0,28,28
2993,17,32,0.34375,0.65625,1,0,17,17
2994,18,32,0.364583333333333,0.65625,1,0,21,21
2995,19,32,0.385416666666667,0.65625,1,0,26,26
2996,20,32,0.40625,0.65625,1,0,25,25
2997,21,32,0.427083333333333,0.65625,1,0,21,21
2998,22,32,0.447916666666667,0.65625,1,0,22,22
2999,23,32,0.46875,0.65625,1,0,24,24
3000,24,32,0.489583333333333,0.65625,1,0,27,27
3001,25,32,0.510416666666667,0.65625,1,0,11,11
3002,26,32,0.53125,0.65625,1,0,19,19
3003,27,32,0.552083333333333,0.65625,1,0,31,31
3004,28,32,0.572916666666667,0.65625,1,0,17,17
3005,29,32,0.59375,0.65625,1,0,24,24
3006,30,32,0.614583333333333,0.65625,1,0,17,17
3007,31,32,0.635416666666667,0.65625,1,0,30,30
3008,32,32,0.65625,0.65625,1,0,29,29
3009,33,32,0.677083333333333,0.65625,1,0,12,12
3010,34,32,0.697916666666667,0.65625,1,0,17,17
3011,35,32,0.71875,0.65625,1,0,20,20
3012,36,32,0.739583333333333,0.65625,1,0,23,23
3013,37,32,0.760416666666667,0.65625,1,0,25,25
3014,38,32,0.78125,0.65625,1,0,32,32
3015,39,32,0.802083333333333,0.65625,1,0,25,25
3016,40,32,0.822916666666667,0.65625,1,0,20,20
3017,41,32,0.84375,0.65625,1,0,4,4
3018,42,32,0.864583333333333,0.65625,1,0,26,26
3019,43,32,0.885416666666667,0.65625,1,0,28,28
3020,44,32,0.90625,0.65625,1,0,19,19
3021,45,32,0.927083333333333,0.65625,1,0,9,9
3022,46,32,0.947916666666667,0.65625,1,0,28,28
3023,47,32,0.96875,0.65625,1,0,18,18
3024,48,32,0.989583333333333,0.65625,1,0,27,27
3025,49,32,1.01041666666667,0.65625,1,0,19,19
3026,50,32,1.03125,0.65625,1,0,11,11
3027,51,32,1.05208333333333,0.65625,1,0,25,25
3028,52,32,1.07291666666667,0.65625,1,0,15,15
3029,53,32,1.09375,0.65625,1,0,20,20
3030,54,32,1.11458333333333,0.65625,1,0,19,19
3031,55,32,1.13541666666667,0.65625,1,0,24,24
3032,56,32,1.15625,0.65625,1,0,22,22
3033,57,32,1.17708333333333,0.65625,1,0,21,21
3034,58,32,1.19791666666667,0.65625,1,0,24,24
3035,59,32,1.21875,0.65625,1,0,26,26
3036,60,32,1.23958333333333,0.65625,1,0,8,8
3037,61,32,1.26041666666667,0.65625,1,0,24,24
3038,62,32,1.28125,0.65625,1,0,27,27
3039,63,32,1.30208333333333,0.65625,1,0,24,24
3040,64,32,1.32291666666667,0.65625,1,0,20,20
3041,65,32,1.34375,0.65625,1,0,23,23
3042,66,32,1.36458333333333,0.65625,1,0,24,24
3043,67,32,1.38541666666667,0.65625,1,0,14,14
3044,68,32,1.40625,0.65625,1,0,12,12
3045,69,32,1.42708333333333,0.65625,1,0,5,5
3046,70,32,1.44791666666667,0.65625,1,0,13,13
3047,71,32,1.46875,0.65625,1,0,13,13
3048,72,32,1.48958333333333,0.65625,1,0,20,20
3049,73,32,1.51041666666667,0.65625,1,0,18,18
3050,74,32,1.53125,0.65625,1,0,23,23
3051,75,32,1.55208333333333,0.65625,1,0,17,17
3052,76,32,1.57291666666667,0.65625,1,0,20,20
3053,77,32,1.59375,0.65625,1,0,30,30
3054,78,32,1.61458333333333,0.65625,1,0,18,18
3055,79,32,1.63541666666667,0.65625,1,0,25,25
3056,80,32,1.65625,0.65625,1,0,23,23
3057,81,32,1.67708333333333,0.65625,1,0,16,16
3058,82,32,1.69791666666667,0.65625,1,0,19,19
3059,83,32,1.71875,0.65625,1,0,18,18
3060,84,32,1.73958333333333,0.65625,1,0,23,23
3061,85,32,1.76041666666667,0.65625,1,0,25,25
3062,86,32,1.78125,0.65625,1,0,27,27
3063,87,32,1.80208333333333,0.65625,1,0,25,25
3064,88,32,1.82291666666667,0.65625,1,0,21,21
3065,89,32,1.84375,0.65625,1,0,19,19
3066,90,32,1.86458333333333,0.65625,1,0,14,14
3067,91,32,1.88541666666667,0.65625,1,0,25,25
3068,92,32,1.90625,0.65625,1,0,23,23
3069,93,32,1.92708333333333,0.65625,1,0,23,23
3070,94,32,1.94791666666667,0.65625,1,0,15,15
3071,95,32,1.96875,0.65625,1,0,10,10
3072,96,32,1.98958333333333,0.65625,1,0,22,22
3073,1,33,0.0104166666666667,0.677083333333333,1,0,23,23
3074,2,33,0.03125,0.677083333333333,1,0,20,20
3075,3,33,0.0520833333333333,0.677083333333333,1,0,4,4
3076,4,33,0.0729166666666667,0.677083333333333,1,0,15,15
3077,5,33,0.09375,0.677083333333333,1,0,16,16
3078,6,33,0.114583333333333,0.677083333333333,1,0,20,20
3079,7,33,0.135416666666667,0.677083333333333,1,0,16,16
3080,8,33,0.15625,0.677083333333333,1,0,27,27
3081,9,33,0.177083333333333,0.677083333333333,1,0,25,25
3082,10,33,0.197916666666667,0.677083333333333,1,0,16,16
3083,11,33,0.21875,0.677083333333333,1,0,31,31
3084,12,33,0.239583333333333,0.677083333333333,1,0,22,22
3085,13,33,0.260416666666667,0.677083333333333,1,0,15,15
3086,14,33,0.28125,0.677083333333333,1,0,23,23
3087,15,33,0.302083333333333,0.677083333333333,1,0,14,14
3088,16,33,0.322916666666667,0.677083333333333,1,0,29,29
3089,17,33,0.34375,0.677083333333333,1,0,19,19
3090,18,33,0.364583333333333,0.677083333333333,1,0,16,16
3091,19,33,0.385416666666667,0.677083333333333,1,0,17,17
3092,20,33,0.40625,0.677083333333333,1,0,21,21
3093,21,33,0.427083333333333,0.677083333333333,1,0,25,25
3094,22,33,0.447916666666667,0.677083333333333,1,0,20,20
3095,23,33,0.46875,0.677083333333333,1,0,20,20
3096,24,33,0.489583333333333,0.677083333333333,1,0,32,32
3097,25,33,0.510416666666667,0.677083333333333,1,0,22,22
3098,26,33,0.53125,0.677083333333333,1,0,22,22
3099,27,33,0.552083333333333,0.677083333333333,1,0,18,18
3100,28,33,0.572916666666667,0.677083333333333,1,0,22,22
3101,29,33,0.59375,0.677083333333333,1,0,14,14
3102,30,33,0.614583333333333,0.677083333333333,1,0,26,26
3103,31,33,0.635416666666667,0.677083333333333,1,0,20,20
3104,32,33,0.65625,0.677083333333333,1,0,13,13
3105,33,33,0.677083333333333,0.677083333333333,1,0,16,16
3106,34,33,0.697916666666667,0.677083333333333,1,0,13,13
3107,35,33,0.71875,0.677083333333333,1,0,15,15
3108,36,33,0.739583333333333,0.677083333333333,1,0,17,17
3109,37,33,0.760416666666667,0.677083333333333,1,0,19,19
3110,38,33,0.78125,0.677083333333333,1,0,28,28
3111,39,33,0.802083333333333,0.677083333333333,1,0,25,25
3112,40,33,0.822916666666667,0.677083333333333,1,0,26,26
3113,41,33,0.84375,0.677083333333333,1,0,22,22
3114,42,33,0.864583333333333,0.677083333333333,1,0,11,11
3115,43,33,0.885416666666667,0.677083333333333,1,0,24,24
3116,44,33,0.90625,0.677083333333333,1,0,12,12
3117,45,33,0.927083333333333,0.677083333333333,1,0,29,29
3118,46,33,0.947916666666667,0.677083333333333,1,0,17,17
3119,47,33,0.96875,0.677083333333333,1,0,19,19
3120,48,33,0.989583333333333,0.677083333333333,1,0,23,23
3121,49,33,1.01041666666667,0.677083333333333,1,0,26,26
3122,50,33,1.03125,0.677083333333333,1,0,11,11
3123,51,33,1.05208333333333,0.677083333333333,1,0,32,32
3124,52,33,1.07291666666667,0.677083333333333,1,0,21,21
3125,53,33,1.09375,0.677083333333333,1,0,25,25
3126,54,33,1.11458333333333,0.677083333333333,1,0,11,11
3127,55,33,1.13541666666667,0.677083333333333,1,0,18,18
3128,56,33,1.15625,0.677083333333333,1,0,14,14
3129,57,33,1.17708333333333,0.677083333333333,1,0,15,15
3130,58,33,1.19791666666667,0.677083333333333,1,0,10,10
3131,59,33,1.21875,0.677083333333333,1,0,19,19
3132,60,33,1.23958333333333,0.677083333333333,1,0,20,20
3133,61,33,1.26041666666667,0.677083333333333,1,0,32,32
3134,62,33,1.28125,0.677083333333333,1,0,21,21
3135,63,33,1.30208333333333,0.677083333333333,1,0,15,15
3136,64,33,1.32291666666667,0.677083333333333,1,0,27,27
3137,65,33,1.34375,0.677083333333333,1,0,24,24
3138,66,33,1.36458333333333,0.677083333333333,1,0,19,19
3139,67,33,1.38541666666667,0.677083333333333,1,0,22,22
3140,68,33,1.40625,0.677083333333333,1,0,31,31
3141,69,33,1.42708333333333,0.677083333333333,1,0,23,23
3142,70,33,1.44791666666667,0.677083333333333,1,0,25,25
3143,71,33,1.46875,0.677083333333333,1,0,21,21
3144,72,33,1.48958333333333,0.677083333333333,1,0,13,13
3145,73,33,1.51041666666667,0.677083333333333,1,0,6,6
3146,74,33,1.53125,0.677083333333333,1,0,23,23
3147,75,33,1.55208333333333,0.677083333333333,1,0,9,9
3148,76,33,1.57291666666667,0.677083333333333,1,0,18,18
3149,77,33,1.59375,0.677083333333333,1,0,16,16
3150,78,33,1.61458333333333,0.677083333333333,1,0,24,24
3151,79,33,1.63541666666667,0.677083333333333,1,0,11,11
3152,80,33,1.65625,0.677083333333333,1,0,5,5
3153,81,33,1.67708333333333,0.677083333333333,1,0,17,17
3154,82,33,1.69791666666667,0.677083333333333,1,0,32,32
3155,83,33,1.71875,0.677083333333333,1,0,30,30
3156,84,33,1.73958333333333,0.677083333333333,1,0,19,19
3157,85,33,1.76041666666667,0.677083333333333,1,0,29,29
3158,86,33,1.78125,0.677083333333333,1,0,21,21
3159,87,33,1.80208333333333,0.677083333333333,1,0,22,22
3160,88,33,1.82291666666667,0.677083333333333,1,0,17,17
3161,89,33,1.84375,0.677083333333333,1,0,24,24
3162,90,33,1.86458333333333,0.677083333333333,1,0,14,14
3163,91,33,1.88541666666667,0.677083333333333,1,0,19,19
3164,92,33,1.90625,0.677083333333333,1,0,26,26
3165,93,33,1.92708333333333,0.677083333333333,1,0,22,22
3166,94,33,1.94791666666667,0.677083333333333,1,0,16,16
3167,95,33,1.96875,0.677083333333333,1,0,24,24
3168,96,33,1.98958333333333,0.677083333333333,1,0,14,14
3169,1,34,0.0104166666666667,0.697916666666667,1,0,15,15
3170,2,34,0.03125,0.697916666666667,1,0,20,20
3171,3,34,0.0520833333333333,0.697916666666667,1,0,12,12
3172,4,34,0.0729166666666667,0.697916666666667,1,0,20,20
3173,5,34,0.09375,0.697916666666667,1,0,16,16
3174,6,34,0.114583333333333,0.697916666666667,1,0,20,20
3175,7,34,0.135416666666667,0.697916666666667,1,0,17,17
3176,8,34,0.15625,0.697916666666667,1,0,16,16
3177,9,34,0.177083333333333,0.697916666666667,1,0,32,32
3178,10,34,0.197916666666667,0.697916666666667,1,0,25,25
3179,11,34,0.21875,0.697916666666667,1,0,18,18
3180,12,34,0.239583333333333,0.697916666666667,1,0,25,25
3181,13,34,0.260416666666667,0.697916666666667,1,0,24,24
3182,14,34,0.28125,0.697916666666667,1,0,21,21
3183,15,34,0.302083333333333,0.697916666666667,1,0,17,17
3184,16,34,0.322916666666667,0.697916666666667,1,0,15,15
3185,17,34,0.34375,0.697916666666667,1,0,24,24
3186,18,34,0.364583333333333,0.697916666666667,1,0,20,20
3187,19,34,0.385416666666667,0.697916666666667,1,0,11,11
3188,20,34,0.40625,0.697916666666667,1,0,21,21
3189,21,34,0.427083333333333,0.697916666666667,1,0,22,22
3190,22,34,0.447916666666667,0.697916666666667,1,0,21,21
3191,23,34,0.46875,0.697916666666667,1,0,23,23
3192,24,34,0.489583333333333,0.697916666666667,1,0,13,13
3193,25,34,0.510416666666667,0.697916666666667,1,0,8,8
3194,26,34,0.53125,0.697916666666667,1,0,24,24
3195,27,34,0.552083333333333,0.697916666666667,1,0,18,18
3196,28,34,0.572916666666667,0.697916666666667,1,0,18,18
3197,29,34,0.59375,0.697916666666667,1,0,23,23
3198,30,34,0.614583333333333,0.697916666666667,1,0,22,22
3199,31,34,0.635416666666667,0.697916666666667,1,0,23,23
3200,32,34,0.65625,0.697916666666667,1,0,24,24
3201,33,34,0.677083333333333,0.697916666666667,1,0,16,16
3202,34,34,0.697916666666667,0.697916666666667,1,0,16,16
3203,35,34,0.71875,0.697916666666667,1,0,4,4
3204,36,34,0.739583333333333,0.697916666666667,1,0,21,21
3205,37,34,0.760416666666667,0.697916666666667,1,0,10,10
3206,38,34,0.78125,0.697916666666667,1,0,20,20
3207,39,34,0.802083333333333,0.697916666666667,1,0,15,15
3208,40,34,0.822916666666667,0.697916666666667,1,0,30,30
3209,41,34,0.84375,0.697916666666667,1,0,6,6
3210,42,34,0.864583333333333,0.697916666666667,1,0,26,26
3211,43,34,0.885416666666667,0.697916666666667,1,0,22,22
3212,44,34,0.90625,0.697916666666667,1,0,17,17
3213,45,34,0.927083333333333,0.697916666666667,1,0,27,27
3214,46,34,0.947916666666667,0.697916666666667,1,0,18,18
3215,47,34,0.96875,0.697916666666667,1,0,15,15
3216,48,34,0.989583333333333,0.697916666666667,1,0,19,19
3217,49,34,1.01041666666667,0.697916666666667,1,0,35,35
3218,50,34,1.03125,0.697916666666667,1,0,23,23
3219,51,34,1.05208333333333,0.697916666666667,1,0,27,27
3220,52,34,1.07291666666667,0.697916666666667,1,0,19,19
3221,53,34,1.09375,0.697916666666667,1,0,23,23
3222,54,34,1.11458333333333,0.697916666666667,1,0,29,29
3223,55,34,1.13541666666667,0.697916666666667,1,0,16,16
3224,56,34,1.15625,0.697916666666667,1,0,16,16
3225,57,34,1.17708333333333,0.697916666666667,1,0,22,22
3226,58,34,1.19791666666667,0.697916666666667,1,0,23,23
3227,59,34,1.21875,0.697916666666667,1,0,25,25
3228,60,34,1.23958333333333,0.697916666666667,1,0,27,27
3229,61,34,1.26041666666667,0.697916666666667,1,0,30,30
3230,62,34,1.28125,0.697916666666667,1,0,15,15
3231,63,34,1.30208333333333,0.697916666666667,1,0,20,20
3232,64,34,1.32291666666667,0.697916666666667,1,0,12,12
3233,65,34,1.34375,0.697916666666667,1,0,26,26
3234,66,34,1.36458333333333,0.697916666666667,1,0,24,24
3235,67,34,1.38541666666667,0.697916666666667,1,0,28,28
3236,68,34,1.40625,0.697916666666667,1,0,18,18
3237,69,34,1.42708333333333,0.697916666666667,1,0,23,23
3238,70,34,1.44791666666667,0.697916666666667,1,0,13,13
3239,71,34,1.46875,0.697916666666667,1,0,16,16
3240,72,34,1.48958333333333,0.697916666666667,1,0,19,19
3241,73,34,1.51041666666667,0.697916666666667,1,0,18,18
3242,74,34,1.53125,0.697916666666667,1,0,19,19
3243,75,34,1.55208333333333,0.697916666666667,1,0,23,23
3244,76,34,1.57291666666667,0.697916666666667,1,0,13,13
3245,77,34,1.59375,0.697916666666667,1,0,24,24
3246,78,34,1.61458333333333,0.697916666666667,1,0,27,27
3247,79,34,1.63541666666667,0.697916666666667,1,0,18,18
3248,80,34,1.65625,0.697916666666667,1,0,24,24
3249,81,34,1.67708333333333,0.697916666666667,1,0,15,15
3250,82,34,1.69791666666667,0.697916666666667,1,0,10,10
3251,83,34,1.71875,0.697916666666667,1,0,18,18
3252,84,34,1.73958333333333,0.697916666666667,1,0,16,16
3253,85,34,1.76041666666667,0.697916666666667,1,0,28,28
3254,86,34,1.78125,0.697916666666667,1,0,9,9
3255,87,34,1.80208333333333,0.697916666666667,1,0,17,17
3256,88,34,1.82291666666667,0.697916666666667,1,0,19,19
3257,89,34,1.84375,0.697916666666667,1,0,19,19
3258,90,34,1.86458333333333,0.697916666666667,1,0,20,20
3259,91,34,1.88541666666667,0.697916666666667,1,0,18,18
3260,92,34,1.90625,0.697916666666667,1,0,16,16
3261,93,34,1.92708333333333,0.697916666666667,1,0,26,26
3262,94,34,1.94791666666667,0.697916666666667,1,0,24,24
3263,95,34,1.96875,0.697916666666667,1,0,17,17
3264,96,34,1.98958333333333,0.697916666666667,1,0,30,30
3265,1,35,0.0104166666666667,0.71875,1,0,13,13
3266,2,35,0.03125,0.71875,1,0,15,15
3267,3,35,0.0520833333333333,0.71875,1,0,25,25
3268,4,35,0.0729166666666667,0.71875,1,0,14,14
3269,5,35,0.09375,0.71875,1,0,21,21
3270,6,35,0.114583333333333,0.71875,1,0,24,24
3271,7,35,0.135416666666667,0.71875,1,0,19,19
3272,8,35,0.15625,0.71875,1,0,30,30
3273,9,35,0.177083333333333,0.71875,1,0,25,25
3274,10,35,0.197916666666667,0.71875,1,0,11,11
3275,11,35,0.21875,0.71875,1,0,20,20
3276,12,35,0.239583333333333,0.71875,1,0,21,21
3277,13,35,0.260416666666667,0.71875,1,0,13,13
3278,14,35,0.28125,0.71875,1,0,36,36
3279,15,35,0.302083333333333,0.71875,1,0,13,13
3280,16,35,0.322916666666667,0.71875,1,0,28,28
3281,17,35,0.34375,0.71875,1,0,14,14
3282,18,35,0.364583333333333,0.71875,1,0,23,23
3283,19,35,0.385416666666667,0.71875,1,0,9,9
3284,20,35,0.40625,0.71875,1,0,8,8
3285,21,35,0.427083333333333,0.71875,1,0,20,20
3286,22,35,0.447916666666667,0.71875,1,0,22,22
3287,23,35,0.46875,0.71875,1,0,25,25
3288,24,35,0.489583333333333,0.71875,1,0,10,10
3289,25,35,0.510416666666667,0.71875,1,0,17,17
3290,26,35,0.53125,0.71875,1,0,23,23
3291,27,35,0.552083333333333,0.71875,1,0,10,10
3292,28,35,0.572916666666667,0.71875,1,0,26,26
3293,29,35,0.59375,0.71875,1,0,16,16
3294,30,35,0.614583333333333,0.71875,1,0,18,18
3295,31,35,0.635416666666667,0.71875,1,0,19,19
3296,32,35,0.65625,0.71875,1,0,14,14
3297,33,35,0.677083333333333,0.71875,1,0,20,20
3298,34,35,0.697916666666667,0.71875,1,0,27,27
3299,35,35,0.71875,0.71875,1,0,20,20
3300,36,35,0.739583333333333,0.71875,1,0,13,13
3301,37,35,0.760416666666667,0.71875,1,0,31,31
3302,38,35,0.78125,0.71875,1,0,26,26
3303,39,35,0.802083333333333,0.71875,1,0,25,25
3304,40,35,0.822916666666667,0.71875,1,0,22,22
3305,41,35,0.84375,0.71875,1,0,17,17
3306,42,35,0.864583333333333,0.71875,1,0,19,19
3307,43,35,0.885416666666667,0.71875,1,0,24,24
3308,44,35,0.90625,0.71875,1,0,18,18
3309,45,35,0.927083333333333,0.71875,1,0,25,25
3310,46,35,0.947916666666667,0.71875,1,0,18,18
3311,47,35,0.96875,0.71875,1,0,19,19
3312,48,35,0.989583333333333,0.71875,1,0,13,13
3313,49,35,1.01041666666667,0.71875,1,0,23,23
3314,50,35,1.03125,0.71875,1,0,18,18
3315,51,35,1.05208333333333,0.71875,1,0,22,22
3316,52,35,1.07291666666667,0.71875,1,0,29,29
3317,53,35,1.09375,0.71875,1,0,9,9
3318,54,35,1.11458333333333,0.71875,1,0,28,28
3319,55,35,1.13541666666667,0.71875,1,0,20,20
3320,56,35,1.15625,0.71875,1,0,20,20
3321,57,35,1.17708333333333,0.71875,1,0,24,24
3322,58,35,1.19791666666667,0.71875,1,0,24,24
3323,59,35,1.21875,0.71875,1,0,23,23
3324,60,35,1.23958333333333,0.71875,1,0,18,18
3325,61,35,1.26041666666667,0.71875,1,0,13,13
3326,62,35,1.28125,0.71875,1,0,14,14
3327,63,35,1.30208333333333,0.71875,1,0,28,28
3328,64,35,1.32291666666667,0.71875,1,0,30,30
3329,65,35,1.34375,0.71875,1,0,14,14
3330,66,35,1.36458333333333,0.71875,1,0,23,23
3331,67,35,1.38541666666667,0.71875,1,0,23,23
3332,68,35,1.40625,0.71875,1,0,26,26
3333,69,35,1.42708333333333,0.71875,1,0,13,13
3334,70,35,1.44791666666667,0.71875,1,0,15,15
3335,71,35,1.46875,0.71875,1,0,25,25
3336,72,35,1.48958333333333,0.71875,1,0,16,16
3337,73,35,1.51041666666667,0.71875,1,0,15,15
3338,74,35,1.53125,0.71875,1,0,15,15
3339,75,35,1.55208333333333,0.71875,1,0,22,22
3340,76,35,1.57291666666667,0.71875,1,0,16,16
3341,77,35,1.59375,0.71875,1,0,28,28
3342,78,35,1.61458333333333,0.71875,1,0,9,9
3343,79,35,1.63541666666667,0.71875,1,0,15,15
3344,80,35,1.65625,0.71875,1,0,26,26
3345,81,35,1.67708333333333,0.71875,1,0,24,24
3346,82,35,1.69791666666667,0.71875,1,0,16,16
3347,83,35,1.71875,0.71875,1,0,19,19
3348,84,35,1.73958333333333,0.71875,1,0,19,19
3349,85,35,1.76041666666667,0.71875,1,0,18,18
3350,86,35,1.78125,0.71875,1,0,21,21
3351,87,35,1.80208333333333,0.71875,1,0,18,18
3352,88,35,1.82291666666667,0.71875,1,0,20,20
3353,89,35,1.84375,0.71875,1,0,31,31
3354,90,35,1.86458333333333,0.71875,1,0,16,16
3355,91,35,1.88541666666667,0.71875,1,0,12,12
3356,92,35,1.90625,0.71875,1,0,19,19
3357,93,35,1.92708333333333,0.71875,1,0,11,11
3358,94,35,1.94791666666667,0.71875,1,0,18,18
3359,95,35,1.96875,0.71875,1,0,28,28
3360,96,35,1.98958333333333,0.71875,1,0,20,20
3361,1,36,0.0104166666666667,0.739583333333333,1,0,20,20
3362,2,36,0.03125,0.739583333333333,1,0,30,30
3363,3,36,0.0520833333333333,0.739583333333333,1,0,22,22
3364,4,36,0.0729166666666667,0.739583333333333,1,0,14,14
3365,5,36,0.09375,0.739583333333333,1,0,25,25
3366,6,36,0.114583333333333,0.739583333333333,1,0,24,24
3367,7,36,0.135416666666667,0.739583333333333,1,0,10,10
3368,8,36,0.15625,0.739583333333333,1,0,12,12
3369,9,36,0.177083333333333,0.739583333333333,1,0,13,13
3370,10,36,0.197916666666667,0.739583333333333,1,0,10,10
3371,11,36,0.21875,0.739583333333333,1,0,19,19
3372,12,36,0.239583333333333,0.739583333333333,1,0,21,21
3373,13,36,0.260416666666667,0.739583333333333,1,0,12,12
3374,14,36,0.28125,0.739583333333333,1,0,18,18
3375,15,36,0.302083333333333,0.739583333333333,1,0,18,18
3376,16,36,0.322916666666667,0.739583333333333,1,0,14,14
3377,17,36,0.34375,0.739583333333333,1,0,24,24
3378,18,36,0.364583333333333,0.739583333333333,1,0,20,20
3379,19,36,0.385416666666667,0.739583333333333,1,0,16,16
3380,20,36,0.40625,0.739583333333333,1,0,24,24
3381,21,36,0.427083333333333,0.739583333333333,1,0,24,24
3382,22,36,0.447916666666667,0.739583333333333,1,0,28,28
3383,23,36,0.46875,0.739583333333333,1,0,30,30
3384,24,36,0.489583333333333,0.739583333333333,1,0,14,14
3385,25,36,0.510416666666667,0.739583333333333,1,0,13,13
3386,26,36,0.53125,0.739583333333333,1,0,20,20
3387,27,36,0.552083333333333,0.739583333333333,1,0,20,20
3388,28,36,0.572916666666667,0.739583333333333,1,0,23,23
3389,29,36,0.59375,0.739583333333333,1,0,21,21
3390,30,36,0.614583333333333,0.739583333333333,1,0,19,19
3391,31,36,0.635416666666667,0.739583333333333,1,0,23,23
3392,32,36,0.65625,0.739583333333333,1,0,17,17
3393,33,36,0.677083333333333,0.739583333333333,1,0,12,12
3394,34,36,0.697916666666667,0.739583333333333,1,0,32,32
3395,35,36,0.71875,0.739583333333333,1,0,18,18
3396,36,36,0.739583333333333,0.739583333333333,1,0,21,21
3397,37,36,0.760416666666667,0.739583333333333,1,0,19,19
3398,38,36,0.78125,0.739583333333333,1,0,20,20
3399,39,36,0.802083333333333,0.739583333333333,1,0,26,26
3400,40,36,0.822916666666667,0.739583333333333,1,0,17,17
3401,41,36,0.84375,0.739583333333333,1,0,22,22
3402,42,36,0.864583333333333,0.739583333333333,1,0,16,16
3403,43,36,0.885416666666667,0.739583333333333,1,0,11,11
3404,44,36,0.90625,0.739583333333333,1,0,14,14
3405,45,36,0.927083333333333,0.739583333333333,1,0,18,18
3406,46,36,0.947916666666667,0.739583333333333,1,0,25,25
3407,47,36,0.96875,0.739583333333333,1,0,13,13
3408,48,36,0.989583333333333,0.739583333333333,1,0,14,14
3409,49,36,1.01041666666667,0.739583333333333,1,0,22,22
3410,50,36,1.03125,0.739583333333333,1,0,21,21
3411,51,36,1.05208333333333,0.739583333333333,1,0,12,12
3412,52,36,1.07291666666667,0.739583333333333,1,0,13,13
3413,53,36,1.09375,0.739583333333333,1,0,11,11
3414,54,36,1.11458333333333,0.739583333333333,1,0,30,30
3415,55,36,1.13541666666667,0.739583333333333,1,0,24,24
3416,56,36,1.15625,0.739583333333333,1,0,26,26
3417,57,36,1.17708333333333,0.739583333333333,1,0,20,20
3418,58,36,1.19791666666667,0.739583333333333,1,0,10,10
3419,59,36,1.21875,0.739583333333333,1,0,26,26
3420,60,36,1.23958333333333,0.739583333333333,1,0,36,36
3421,61,36,1.26041666666667,0.739583333333333,1,0,27,27
3422,62,36,1.28125,0.739583333333333,1,0,22,22
3423,63,36,1.30208333333333,0.739583333333333,1,0,16,16
3424,64,36,1.32291666666667,0.739583333333333,1,0,36,36
3425,65,36,1.34375,0.739583333333333,1,0,21,21
3426,66,36,1.36458333333333,0.739583333333333,1,0,20,20
3427,67,36,1.38541666666667,0.739583333333333,1,0,23,23
3428,68,36,1.40625,0.739583333333333,1,0,17,17
3429,69,36,1.42708333333333,0.739583333333333,1,0,11,11
3430,70,36,1.44791666666667,0.739583333333333,1,0,22,22
3431,71,36,1.46875,0.739583333333333,1,0,22,22
3432,72,36,1.48958333333333,0.739583333333333,1,0,22,22
3433,73,36,1.51041666666667,0.739583333333333,1,0,24,24
3434,74,36,1.53125,0.739583333333333,1,0,17,17
3435,75,36,1.55208333333333,0.739583333333333,1,0,16,16
3436,76,36,1.57291666666667,0.739583333333333,1,0,27,27
3437,77,36,1.59375,0.739583333333333,1,0,30,30
3438,78,36,1.61458333333333,0.739583333333333,1,0,19,19
3439,79,36,1.63541666666667,0.739583333333333,1,0,22,22
3440,80,36,1.65625,0.739583333333333,1,0,23,23
3441,81,36,1.67708333333333,0.739583333333333,1,0,18,18
3442,82,36,1.69791666666667,0.739583333333333,1,0,25,25
3443,83,36,1.71875,0.739583333333333,1,0,29,29
3444,84,36,1.73958333333333,0.739583333333333,1,0,17,17
3445,85,36,1.76041666666667,0.739583333333333,1,0,23,23
3446,86,36,1.78125,0.739583333333333,1,0,18,18
3447,87,36,1.80208333333333,0.739583333333333,1,0,16,16
3448,88,36,1.82291666666667,0.739583333333333,1,0,13,13
3449,89,36,1.84375,0.739583333333333,1,0,21,21
3450,90,36,1.86458333333333,0.739583333333333,1,0,22,22
3451,91,36,1.88541666666667,0.739583333333333,1,0,14,14
3452,92,36,1.90625,0.739583333333333,1,0,24,24
3453,93,36,1.92708333333333,0.739583333333333,1,0,19,19
3454,94,36,1.94791666666667,0.739583333333333,1,0,22,22
3455,95,36,1.96875,0.739583333333333,1,0,24,24
3456,96,36,1.98958333333333,0.739583333333333,1,0,17,17
3457,1,37,0.0104166666666667,0.760416666666667,1,0,21,21
3458,2,37,0.03125,0.760416666666667,1,0,25,25
3459,3,37,0.0520833333333333,0.760416666666667,1,0,20,20
3460,4,37,0.0729166666666667,0.760416666666667,1,0,16,16
3461,5,37,0.09375,0.760416666666667,1,0,21,21
3462,6,37,0.114583333333333,0.760416666666667,1,0,19,19
3463,7,37,0.135416666666667,0.760416666666667,1,0,25,25
3464,8,37,0.15625,0.760416666666667,1,0,25,25
3465,9,37,0.177083333333333,0.760416666666667,1,0,11,11
3466,10,37,0.197916666666667,0.760416666666667,1,0,21,21
3467,11,37,0.21875,0.760416666666667,1,0,19,19
3468,12,37,0.239583333333333,0.760416666666667,1,0,21,21
3469,13,37,0.260416666666667,0.760416666666667,1,0,22,22
3470,14,37,0.28125,0.760416666666667,1,0,13,13
3471,15,37,0.302083333333333,0.760416666666667,1,0,36,36
3472,16,37,0.322916666666667,0.760416666666667,1,0,24,24
3473,17,37,0.34375,0.760416666666667,1,0,16,16
3474,18,37,0.364583333333333,0.760416666666667,1,0,29,29
3475,19,37,0.385416666666667,0.760416666666667,1,0,27,27
3476,20,37,0.40625,0.760416666666667,1,0,29,29
3477,21,37,0.427083333333333,0.760416666666667,1,0,34,34
3478,22,37,0.447916666666667,0.760416666666667,1,0,9,9
3479,23,37,0.46875,0.760416666666667,1,0,22,22
3480,24,37,0.489583333333333,0.760416666666667,1,0,19,19
3481,25,37,0.510416666666667,0.760416666666667,1,0,28,28
3482,26,37,0.53125,0.760416666666667,1,0,16,16
3483,27,37,0.552083333333333,0.760416666666667,1,0,24,24
3484,28,37,0.572916666666667,0.760416666666667,1,0,26,26
3485,29,37,0.59375,0.760416666666667,1,0,14,14
3486,30,37,0.614583333333333,0.760416666666667,1,0,22,22
3487,31,37,0.635416666666667,0.760416666666667,1,0,20,20
3488,32,37,0.65625,0.760416666666667,1,0,20,20
3489,33,37,0.677083333333333,0.760416666666667,1,0,16,16
3490,34,37,0.697916666666667,0.760416666666667,1,0,13,13
3491,35,37,0.71875,0.760416666666667,1,0,22,22
3492,36,37,0.739583333333333,0.760416666666667,1,0,28,28
3493,37,37,0.760416666666667,0.760416666666667,1,0,22,22
3494,38,37,0.78125,0.760416666666667,1,0,15,15
3495,39,37,0.802083333333333,0.760416666666667,1,0,16,16
3496,40,37,0.822916666666667,0.760416666666667,1,0,13,13
3497,41,37,0.84375,0.760416666666667,1,0,21,21
3498,42,37,0.864583333333333,0.760416666666667,1,0,15,15
3499,43,37,0.885416666666667,0.760416666666667,1,0,25,25
3500,44,37,0.90625,0.760416666666667,1,0,15,15
3501,45,37,0.927083333333333,0.760416666666667,1,0,19,19
3502,46,37,0.947916666666667,0.760416666666667,1,0,14,14
3503,47,37,0.96875,0.760416666666667,1,0,28,28
3504,48,37,0.989583333333333,0.760416666666667,1,0,18,18
3505,49,37,1.01041666666667,0.760416666666667,1,0,8,8
3506,50,37,1.03125,0.760416666666667,1,0,21,21
3507,51,37,1.05208333333333,0.760416666666667,1,0,22,22
3508,52,37,1.07291666666667,0.760416666666667,1,0,7,7
3509,53,37,1.09375,0.760416666666667,1,0,18,18
3510,54,37,1.11458333333333,0.760416666666667,1,0,9,9
3511,55,37,1.13541666666667,0.760416666666667,1,0,32,32
3512,56,37,1.15625,0.760416666666667,1,0,13,13
3513,57,37,1.17708333333333,0.760416666666667,1,0,11,11
3514,58,37,1.19791666666667,0.760416666666667,1,0,20,20
3515,59,37,1.21875,0.760416666666667,1,0,8,8
3516,60,37,1.23958333333333,0.760416666666667,1,0,22,22
3517,61,37,1.26041666666667,0.760416666666667,1,0,21,21
3518,62,37,1.28125,0.760416666666667,1,0,18,18
3519,63,37,1.30208333333333,0.760416666666667,1,0,21,21
3520,64,37,1.32291666666667,0.760416666666667,1,0,16,16
3521,65,37,1.34375,0.760416666666667,1,0,23,23
3522,66,37,1.36458333333333,0.760416666666667,1,0,29,29
3523,67,37,1.38541666666667,0.760416666666667,1,0,22,22
3524,68,37,1.40625,0.760416666666667,1,0,28,28
3525,69,37,1.42708333333333,0.760416666666667,1,0,23,23
3526,70,37,1.44791666666667,0.760416666666667,1,0,11,11
3527,71,37,1.46875,0.760416666666667,1,0,29,29
3528,72,37,1.48958333333333,0.760416666666667,1,0,14,14
3529,73,37,1.51041666666667,0.760416666666667,1,0,28,28
3530,74,37,1.53125,0.760416666666667,1,0,33,33
3531,75,37,1.55208333333333,0.760416666666667,1,0,34,34
3532,76,37,1.57291666666667,0.760416666666667,1,0,26,26
3533,77,37,1.59375,0.760416666666667,1,0,22,22
3534,78,37,1.61458333333333,0.760416666666667,1,0,19,19
3535,79,37,1.63541666666667,0.760416666666667,1,0,15,15
3536,80,37,1.65625,0.760416666666667,1,0,8,8
3537,81,37,1.67708333333333,0.760416666666667,1,0,15,15
3538,82,37,1.69791666666667,0.760416666666667,1,0,19,19
3539,83,37,1.71875,0.760416666666667,1,0,25,25
3540,84,37,1.73958333333333,0.760416666666667,1,0,23,23
3541,85,37,1.76041666666667,0.760416666666667,1,0,21,21
3542,86,37,1.78125,0.760416666666667,1,0,22,22
3543,87,37,1.80208333333333,0.760416666666667,1,0,14,14
3544,88,37,1.82291666666667,0.760416666666667,1,0,22,22
3545,89,37,1.84375,0.760416666666667,1,0,20,20
3546,90,37,1.86458333333333,0.760416666666667,1,0,18,18
3547,91,37,1.88541666666667,0.760416666666667,1,0,22,22
3548,92,37,1.90625,0.760416666666667,1,0,29,29
3549,93,37,1.92708333333333,0.760416666666667,1,0,15,15
3550,94,37,1.94791666666667,0.760416666666667,1,0,15,15
3551,95,37,1.96875,0.760416666666667,1,0,26,26
3552,96,37,1.98958333333333,0.760416666666667,1,0,17,17
3553,1,38,0.0104166666666667,0.78125,1,0,20,20
3554,2,38,0.03125,0.78125,1,0,9,9
3555,3,38,0.0520833333333333,0.78125,1,0,19,19
3556,4,38,0.0729166666666667,0.78125,1,0,21,21
3557,5,38,0.09375,0.78125,1,0,19,19
3558,6,38,0.114583333333333,0.78125,1,0,13,13
3559,7,38,0.135416666666667,0.78125,1,0,21,21
3560,8,38,0.15625,0.78125,1,0,29,29
3561,9,38,0.177083333333333,0.78125,1,0,31,31
3562,10,38,0.197916666666667,0.78125,1,0,27,27
3563,11,38,0.21875,0.78125,1,0,19,19
3564,12,38,0.239583333333333,0.78125,1,0,21,21
3565,13,38,0.260416666666667,0.78125,1,0,12,12
3566,14,38,0.28125,0.78125,1,0,25,25
3567,15,38,0.302083333333333,0.78125,1,0,18,18
3568,16,38,0.322916666666667,0.78125,1,0,17,17
3569,17,38,0.34375,0.78125,1,0,21,21
3570,18,38,0.364583333333333,0.78125,1,0,19,19
3571,19,38,0.385416666666667,0.78125,1,0,31,31
3572,20,38,0.40625,0.78125,1,0,14,14
3573,21,38,0.427083333333333,0.78125,1,0,16,16
3574,22,38,0.447916666666667,0.78125,1,0,20,20
3575,23,38,0.46875,0.78125,1,0,22,22
3576,24,38,0.489583333333333,0.78125,1,0,9,9
3577,25,38,0.510416666666667,0.78125,1,0,10,10
3578,26,38,0.53125,0.78125,1,0,4,4
3579,27,38,0.552083333333333,0.78125,1,0,18,18
3580,28,38,0.572916666666667,0.78125,1,0,20,20
3581,29,38,0.59375,0.78125,1,0,36,36
3582,30,38,0.614583333333333,0.78125,1,0,17,17
3583,31,38,0.635416666666667,0.78125,1,0,24,24
3584,32,38,0.65625,0.78125,1,0,20,20
3585,33,38,0.677083333333333,0.78125,1,0,15,15
3586,34,38,0.697916666666667,0.78125,1,0,8,8
3587,35,38,0.71875,0.78125,1,0,14,14
3588,36,38,0.739583333333333,0.78125,1,0,17,17
3589,37,38,0.760416666666667,0.78125,1,0,15,15
3590,38,38,0.78125,0.78125,1,0,17,17
3591,39,38,0.802083333333333,0.78125,1,0,13,13
3592,40,38,0.822916666666667,0.78125,1,0,11,11
3593,41,38,0.84375,0.78125,1,0,18,18
3594,42,38,0.864583333333333,0.78125,1,0,14,14
3595,43,38,0.885416666666667,0.78125,1,0,10,10
3596,44,38,0.90625,0.78125,1,0,27,27
3597,45,38,0.927083333333333,0.78125,1,0,19,19
3598,46,38,0.947916666666667,0.78125,1,0,14,14
3599,47,38,0.96875,0.78125,1,0,17,17
3600,48,38,0.989583333333333,0.78125,1,0,23,23
3601,49,38,1.01041666666667,0.78125,1,0,16,16
3602,50,38,1.03125,0.78125,1,0,20,20
3603,51,38,1.05208333333333,0.78125,1,0,24,24
3604,52,38,1.07291666666667,0.78125,1,0,18,18
3605,53,38,1.09375,0.78125,1,0,8,8
3606,54,38,1.11458333333333,0.78125,1,0,13,13
3607,55,38,1.13541666666667,0.78125,1,0,20,20
3608,56,38,1.15625,0.78125,1,0,19,19
3609,57,38,1.17708333333333,0.78125,1,0,17,17
3610,58,38,1.19791666666667,0.78125,1,0,28,28
3611,59,38,1.21875,0.78125,1,0,20,20
3612,60,38,1.23958333333333,0.78125,1,0,19,19
3613,61,38,1.26041666666667,0.78125,1,0,13,13
3614,62,38,1.28125,0.78125,1,0,28,28
3615,63,38,1.30208333333333,0.78125,1,0,28,28
3616,64,38,1.32291666666667,0.78125,1,0,11,11
3617,65,38,1.34375,0.78125,1,0,36,36
3618,66,38,1.36458333333333,0.78125,1,0,27,27
3619,67,38,1.38541666666667,0.78125,1,0,18,18
3620,68,38,1.40625,0.78125,1,0,21,21
3621,69,38,1.42708333333333,0.78125,1,0,15,15
3622,70,38,1.44791666666667,0.78125,1,0,27,27
3623,71,38,1.46875,0.78125,1,0,11,11
3624,72,38,1.48958333333333,0.78125,1,0,24,24
3625,73,38,1.51041666666667,0.78125,1,0,25,25
3626,74,38,1.53125,0.78125,1,0,26,26
3627,75,38,1.55208333333333,0.78125,1,0,21,21
3628,76,38,1.57291666666667,0.78125,1,0,4,4
3629,77,38,1.59375,0.78125,1,0,23,23
3630,78,38,1.61458333333333,0.78125,1,0,20,20
3631,79,38,1.63541666666667,0.78125,1,0,14,14
3632,80,38,1.65625,0.78125,1,0,12,12
3633,81,38,1.67708333333333,0.78125,1,0,25,25
3634,82,38,1.69791666666667,0.78125,1,0,23,23
3635,83,38,1.71875,0.78125,1,0,36,36
3636,84,38,1.73958333333333,0.78125,1,0,18,18
3637,85,38,1.76041666666667,0.78125,1,0,20,20
3638,86,38,1.78125,0.78125,1,0,18,18
3639,87,38,1.80208333333333,0.78125,1,0,25,25
3640,88,38,1.82291666666667,0.78125,1,0,12,12
3641,89,38,1.84375,0.78125,1,0,17,17
3642,90,38,1.86458333333333,0.78125,1,0,24,24
3643,91,38,1.88541666666667,0.78125,1,0,31,31
3644,92,38,1.90625,0.78125,1,0,21,21
3645,93,38,1.92708333333333,0.78125,1,0,25,25
3646,94,38,1.94791666666667,0.78125,1,0,18,18
3647,95,38,1.96875,0.78125,1,0,11,11
3648,96,38,1.98958333333333,0.78125,1,0,29,29
3649,1,39,0.0104166666666667,0.802083333333333,1,0,15,15
3650,2,39,0.03125,0.802083333333333,1,0,28,28
3651,3,39,0.0520833333333333,0.802083333333333,1,0,19,19
3652,4,39,0.0729166666666667,0.802083333333333,1,0,17,17
3653,5,39,0.09375,0.802083333333333,1,0,23,23
3654,6,39,0.114583333333333,0.802083333333333,1,0,27,27
3655,7,39,0.135416666666667,0.802083333333333,1,0,22,22
3656,8,39,0.15625,0.802083333333333,1,0,24,24
3657,9,39,0.177083333333333,0.802083333333333,1,0,16,16
3658,10,39,0.197916666666667,0.802083333333333,1,0,25,25
3659,11,39,0.21875,0.802083333333333,1,0,23,23
3660,12,39,0.239583333333333,0.802083333333333,1,0,34,34
3661,13,39,0.260416666666667,0.802083333333333,1,0,29,29
3662,14,39,0.28125,0.802083333333333,1,0,21,21
3663,15,39,0.302083333333333,0.802083333333333,1,0,26,26
3664,16,39,0.322916666666667,0.802083333333333,1,0,25,25
3665,17,39,0.34375,0.802083333333333,1,0,31,31
3666,18,39,0.364583333333333,0.802083333333333,1,0,12,12
3667,19,39,0.385416666666667,0.802083333333333,1,0,33,33
3668,20,39,0.40625,0.802083333333333,1,0,29,29
3669,21,39,0.427083333333333,0.802083333333333,1,0,31,31
3670,22,39,0.447916666666667,0.802083333333333,1,0,10,10
3671,23,39,0.46875,0.802083333333333,1,0,30,30
3672,24,39,0.489583333333333,0.802083333333333,1,0,29,29
3673,25,39,0.510416666666667,0.802083333333333,1,0,15,15
3674,26,39,0.53125,0.802083333333333,1,0,23,23
3675,27,39,0.552083333333333,0.802083333333333,1,0,16,16
3676,28,39,0.572916666666667,0.802083333333333,1,0,8,8
3677,29,39,0.59375,0.802083333333333,1,0,27,27
3678,30,39,0.614583333333333,0.802083333333333,1,0,17,17
3679,31,39,0.635416666666667,0.802083333333333,1,0,16,16
3680,32,39,0.65625,0.802083333333333,1,0,17,17
3681,33,39,0.677083333333333,0.802083333333333,1,0,24,24
3682,34,39,0.697916666666667,0.802083333333333,1,0,8,8
3683,35,39,0.71875,0.802083333333333,1,0,19,19
3684,36,39,0.739583333333333,0.802083333333333,1,0,10,10
3685,37,39,0.760416666666667,0.802083333333333,1,0,20,20
3686,38,39,0.78125,0.802083333333333,1,0,24,24
3687,39,39,0.802083333333333,0.802083333333333,1,0,29,29
3688,40,39,0.822916666666667,0.802083333333333,1,0,18,18
3689,41,39,0.84375,0.802083333333333,1,0,24,24
3690,42,39,0.864583333333333,0.802083333333333,1,0,24,24
3691,43,39,0.885416666666667,0.802083333333333,1,0,21,21
3692,44,39,0.90625,0.802083333333333,1,0,19,19
3693,45,39,0.927083333333333,0.802083333333333,1,0,21,21
3694,46,39,0.947916666666667,0.802083333333333,1,0,16,16
3695,47,39,0.96875,0.802083333333333,1,0,21,21
3696,48,39,0.989583333333333,0.802083333333333,1,0,14,14
3697,49,39,1.01041666666667,0.802083333333333,1,0,30,30
3698,50,39,1.03125,0.802083333333333,1,0,21,21
3699,51,39,1.05208333333333,0.802083333333333,1,0,33,33
3700,52,39,1.07291666666667,0.802083333333333,1,0,18,18
3701,53,39,1.09375,0.802083333333333,1,0,22,22
3702,54,39,1.11458333333333,0.802083333333333,1,0,23,23
3703,55,39,1.13541666666667,0.802083333333333,1,0,11,11
3704,56,39,1.15625,0.802083333333333,1,0,16,16
3705,57,39,1.17708333333333,0.802083333333333,1,0,21,21
3706,58,39,1.19791666666667,0.802083333333333,1,0,26,26
3707,59,39,1.21875,0.802083333333333,1,0,18,18
3708,60,39,1.23958333333333,0.802083333333333,1,0,33,33
3709,61,39,1.26041666666667,0.802083333333333,1,0,19,19
3710,62,39,1.28125,0.802083333333333,1,0,22,22
3711,63,39,1.30208333333333,0.802083333333333,1,0,24,24
3712,64,39,1.32291666666667,0.802083333333333,1,0,13,13
3713,65,39,1.34375,0.802083333333333,1,0,21,21
3714,66,39,1.36458333333333,0.802083333333333,1,0,29,29
3715,67,39,1.38541666666667,0.802083333333333,1,0,21,21
3716,68,39,1.40625,0.802083333333333,1,0,15,15
3717,69,39,1.42708333333333,0.802083333333333,1,0,17,17
3718,70,39,1.44791666666667,0.802083333333333,1,0,12,12
3719,71,39,1.46875,0.802083333333333,1,0,27,27
3720,72,39,1.48958333333333,0.802083333333333,1,0,35,35
3721,73,39,1.51041666666667,0.802083333333333,1,0,21,21
3722,74,39,1.53125,0.802083333333333,1,0,26,26
3723,75,39,1.55208333333333,0.802083333333333,1,0,28,28
3724,76,39,1.57291666666667,0.802083333333333,1,0,22,22
3725,77,39,1.59375,0.802083333333333,1,0,11,11
3726,78,39,1.61458333333333,0.802083333333333,1,0,25,25
3727,79,39,1.63541666666667,0.802083333333333,1,0,14,14
3728,80,39,1.65625,0.802083333333333,1,0,30,30
3729,81,39,1.67708333333333,0.802083333333333,1,0,15,15
3730,82,39,1.69791666666667,0.802083333333333,1,0,21,21
3731,83,39,1.71875,0.802083333333333,1,0,18,18
3732,84,39,1.73958333333333,0.802083333333333,1,0,16,16
3733,85,39,1.76041666666667,0.802083333333333,1,0,12,12
3734,86,39,1.78125,0.802083333333333,1,0,27,27
3735,87,39,1.80208333333333,0.802083333333333,1,0,27,27
3736,88,39,1.82291666666667,0.802083333333333,1,0,14,14
3737,89,39,1.84375,0.802083333333333,1,0,14,14
3738,90,39,1.86458333333333,0.802083333333333,1,0,21,21
3739,91,39,1.88541666666667,0.802083333333333,1,0,26,26
3740,92,39,1.90625,0.802083333333333,1,0,23,23
3741,93,39,1.92708333333333,0.802083333333333,1,0,27,27
3742,94,39,1.94791666666667,0.802083333333333,1,0,32,32
3743,95,39,1.96875,0.802083333333333,1,0,28,28
3744,96,39,1.98958333333333,0.802083333333333,1,0,16,16
3745,1,40,0.0104166666666667,0.822916666666667,1,0,10,10
3746,2,40,0.03125,0.822916666666667,1,0,26,26
3747,3,40,0.0520833333333333,0.822916666666667,1,0,12,12
3748,4,40,0.0729166666666667,0.822916666666667,1,0,20,20
3749,5,40,0.09375,0.822916666666667,1,0,13,13
3750,6,40,0.114583333333333,0.822916666666667,1,0,25,25
3751,7,40,0.135416666666667,0.822916666666667,1,0,24,24
3752,8,40,0.15625,0.822916666666667,1,0,19,19
3753,9,40,0.177083333333333,0.822916666666667,1,0,28,28
3754,10,40,0.197916666666667,0.822916666666667,1,0,14,14
3755,11,40,0.21875,0.822916666666667,1,0,15,15
3756,12,40,0.239583333333333,0.822916666666667,1,0,16,16
3757,13,40,0.260416666666667,0.822916666666667,1,0,21,21
3758,14,40,0.28125,0.822916666666667,1,0,15,15
3759,15,40,0.302083333333333,0.822916666666667,1,0,10,10
3760,16,40,0.322916666666667,0.822916666666667,1,0,22,22
3761,17,40,0.34375,0.822916666666667,1,0,9,9
3762,18,40,0.364583333333333,0.822916666666667,1,0,36,36
3763,19,40,0.385416666666667,0.822916666666667,1,0,12,12
3764,20,40,0.40625,0.822916666666667,1,0,12,12
3765,21,40,0.427083333333333,0.822916666666667,1,0,15,15
3766,22,40,0.447916666666667,0.822916666666667,1,0,24,24
3767,23,40,0.46875,0.822916666666667,1,0,16,16
3768,24,40,0.489583333333333,0.822916666666667,1,0,17,17
3769,25,40,0.510416666666667,0.822916666666667,1,0,17,17
3770,26,40,0.53125,0.822916666666667,1,0,18,18
3771,27,40,0.552083333333333,0.822916666666667,1,0,5,5
3772,28,40,0.572916666666667,0.822916666666667,1,0,26,26
3773,29,40,0.59375,0.822916666666667,1,0,25,25
3774,30,40,0.614583333333333,0.822916666666667,1,0,22,22
3775,31,40,0.635416666666667,0.822916666666667,1,0,12,12
3776,32,40,0.65625,0.822916666666667,1,0,27,27
3777,33,40,0.677083333333333,0.822916666666667,1,0,25,25
3778,34,40,0.697916666666667,0.822916666666667,1,0,20,20
3779,35,40,0.71875,0.822916666666667,1,0,20,20
3780,36,40,0.739583333333333,0.822916666666667,1,0,14,14
3781,37,40,0.760416666666667,0.822916666666667,1,0,17,17
3782,38,40,0.78125,0.822916666666667,1,0,20,20
3783,39,40,0.802083333333333,0.822916666666667,1,0,7,7
3784,40,40,0.822916666666667,0.822916666666667,1,0,32,32
3785,41,40,0.84375,0.822916666666667,1,0,17,17
3786,42,40,0.864583333333333,0.822916666666667,1,0,31,31
3787,43,40,0.885416666666667,0.822916666666667,1,0,11,11
3788,44,40,0.90625,0.822916666666667,1,0,21,21
3789,45,40,0.927083333333333,0.822916666666667,1,0,29,29
3790,46,40,0.947916666666667,0.822916666666667,1,0,23,23
3791,47,40,0.96875,0.822916666666667,1,0,20,20
3792,48,40,0.989583333333333,0.822916666666667,1,0,15,15
3793,49,40,1.01041666666667,0.822916666666667,1,0,19,19
3794,50,40,1.03125,0.822916666666667,1,0,28,28
3795,51,40,1.05208333333333,0.822916666666667,1,0,16,16
3796,52,40,1.07291666666667,0.822916666666667,1,0,18,18
3797,53,40,1.09375,0.822916666666667,1,0,30,30
3798,54,40,1.11458333333333,0.822916666666667,1,0,10,10
3799,55,40,1.13541666666667,0.822916666666667,1,0,20,20
3800,56,40,1.15625,0.822916666666667,1,0,21,21
3801,57,40,1.17708333333333,0.822916666666667,1,0,26,26
3802,58,40,1.19791666666667,0.822916666666667,1,0,19,19
3803,59,40,1.21875,0.822916666666667,1,0,17,17
3804,60,40,1.23958333333333,0.822916666666667,1,0,16,16
3805,61,40,1.26041666666667,0.822916666666667,1,0,27,27
3806,62,40,1.28125,0.822916666666667,1,0,23,23
3807,63,40,1.30208333333333,0.822916666666667,1,0,15,15
3808,64,40,1.32291666666667,0.822916666666667,1,0,19,19
3809,65,40,1.34375,0.822916666666667,1,0,18,18
3810,66,40,1.36458333333333,0.822916666666667,1,0,14,14
3811,67,40,1.38541666666667,0.822916666666667,1,0,18,18
3812,68,40,1.40625,0.822916666666667,1,0,11,11
3813,69,40,1.42708333333333,0.822916666666667,1,0,16,16
3814,70,40,1.44791666666667,0.822916666666667,1,0,31,31
3815,71,40,1.46875,0.822916666666667,1,0,18,18
3816,72,40,1.48958333333333,0.822916666666667,1,0,18,18
3817,73,40,1.51041666666667,0.822916666666667,1,0,14,14
3818,74,40,1.53125,0.822916666666667,1,0,17,17
3819,75,40,1.55208333333333,0.822916666666667,1,0,9,9
3820,76,40,1.57291666666667,0.822916666666667,1,0,18,18
3821,77,40,1.59375,0.822916666666667,1,0,28,28
3822,78,40,1.61458333333333,0.822916666666667,1,0,22,22
3823,79,40,1.63541666666667,0.822916666666667,1,0,28,28
3824,80,40,1.65625,0.822916666666667,1,0,14,14
3825,81,40,1.67708333333333,0.822916666666667,1,0,21,21
3826,82,40,1.69791666666667,0.822916666666667,1,0,18,18
3827,83,40,1.71875,0.822916666666667,1,0,30,30
3828,84,40,1.73958333333333,0.822916666666667,1,0,16,16
3829,85,40,1.76041666666667,0.822916666666667,1,0,21,21
3830,86,40,1.78125,0.822916666666667,1,0,24,24
3831,87,40,1.80208333333333,0.822916666666667,1,0,17,17
3832,88,40,1.82291666666667,0.822916666666667,1,0,18,18
3833,89,40,1.84375,0.822916666666667,1,0,31,31
3834,90,40,1.86458333333333,0.822916666666667,1,0,16,16
3835,91,40,1.88541666666667,0.822916666666667,1,0,23,23
3836,92,40,1.90625,0.822916666666667,1,0,15,15
3837,93,40,1.92708333333333,0.822916666666667,1,0,14,14
3838,94,40,1.94791666666667,0.822916666666667,1,0,17,17
3839,95,40,1.96875,0.822916666666667,1,0,27,27
3840,96,40,1.98958333333333,0.822916666666667,1,0,18,18
3841,1,41,0.0104166666666667,0.84375,1,0,21,21
3842,2,41,0.03125,0.84375,1,0,19,19
3843,3,41,0.0520833333333333,0.84375,1,0,24,24
3844,4,41,0.0729166666666667,0.84375,1,0,22,22
3845,5,41,0.09375,0.84375,1,0,21,21
3846,6,41,0.114583333333333,0.84375,1,0,21,21
3847,7,41,0.135416666666667,0.84375,1,0,16,16
3848,8,41,0.15625,0.84375,1,0,15,15
3849,9,41,0.177083333333333,0.84375,1,0,7,7
3850,10,41,0.197916666666667,0.84375,1,0,24,24
3851,11,41,0.21875,0.84375,1,0,24,24
3852,12,41,0.239583333333333,0.84375,1,0,12,12
3853,13,41,0.260416666666667,0.84375,1,0,16,16
3854,14,41,0.28125,0.84375,1,0,11,11
3855,15,41,0.302083333333333,0.84375,1,0,19,19
3856,16,41,0.322916666666667,0.84375,1,0,18,18
3857,17,41,0.34375,0.84375,1,0,14,14
3858,18,41,0.364583333333333,0.84375,1,0,13,13
3859,19,41,0.385416666666667,0.84375,1,0,24,24
3860,20,41,0.40625,0.84375,1,0,15,15
3861,21,41,0.427083333333333,0.84375,1,0,24,24
3862,22,41,0.447916666666667,0.84375,1,0,27,27
3863,23,41,0.46875,0.84375,1,0,17,17
3864,24,41,0.489583333333333,0.84375,1,0,22,22
3865,25,41,0.510416666666667,0.84375,1,0,19,19
3866,26,41,0.53125,0.84375,1,0,15,15
3867,27,41,0.552083333333333,0.84375,1,0,25,25
3868,28,41,0.572916666666667,0.84375,1,0,11,11
3869,29,41,0.59375,0.84375,1,0,17,17
3870,30,41,0.614583333333333,0.84375,1,0,25,25
3871,31,41,0.635416666666667,0.84375,1,0,15,15
3872,32,41,0.65625,0.84375,1,0,12,12
3873,33,41,0.677083333333333,0.84375,1,0,18,18
3874,34,41,0.697916666666667,0.84375,1,0,26,26
3875,35,41,0.71875,0.84375,1,0,19,19
3876,36,41,0.739583333333333,0.84375,1,0,4,4
3877,37,41,0.760416666666667,0.84375,1,0,20,20
3878,38,41,0.78125,0.84375,1,0,19,19
3879,39,41,0.802083333333333,0.84375,1,0,20,20
3880,40,41,0.822916666666667,0.84375,1,0,19,19
3881,41,41,0.84375,0.84375,1,0,18,18
3882,42,41,0.864583333333333,0.84375,1,0,30,30
3883,43,41,0.885416666666667,0.84375,1,0,20,20
3884,44,41,0.90625,0.84375,1,0,21,21
3885,45,41,0.927083333333333,0.84375,1,0,13,13
3886,46,41,0.947916666666667,0.84375,1,0,28,28
3887,47,41,0.96875,0.84375,1,0,18,18
3888,48,41,0.989583333333333,0.84375,1,0,20,20
3889,49,41,1.01041666666667,0.84375,1,0,11,11
3890,50,41,1.03125,0.84375,1,0,11,11
3891,51,41,1.05208333333333,0.84375,1,0,14,14
3892,52,41,1.07291666666667,0.84375,1,0,23,23
3893,53,41,1.09375,0.84375,1,0,21,21
3894,54,41,1.11458333333333,0.84375,1,0,24,24
3895,55,41,1.13541666666667,0.84375,1,0,20,20
3896,56,41,1.15625,0.84375,1,0,24,24
3897,57,41,1.17708333333333,0.84375,1,0,17,17
3898,58,41,1.19791666666667,0.84375,1,0,23,23
3899,59,41,1.21875,0.84375,1,0,35,35
3900,60,41,1.23958333333333,0.84375,1,0,19,19
3901,61,41,1.26041666666667,0.84375,1,0,22,22
3902,62,41,1.28125,0.84375,1,0,24,24
3903,63,41,1.30208333333333,0.84375,1,0,19,19
3904,64,41,1.32291666666667,0.84375,1,0,12,12
3905,65,41,1.34375,0.84375,1,0,23,23
3906,66,41,1.36458333333333,0.84375,1,0,10,10
3907,67,41,1.38541666666667,0.84375,1,0,15,15
3908,68,41,1.40625,0.84375,1,0,17,17
3909,69,41,1.42708333333333,0.84375,1,0,28,28
3910,70,41,1.44791666666667,0.84375,1,0,15,15
3911,71,41,1.46875,0.84375,1,0,30,30
3912,72,41,1.48958333333333,0.84375,1,0,19,19
3913,73,41,1.51041666666667,0.84375,1,0,36,36
3914,74,41,1.53125,0.84375,1,0,26,26
3915,75,41,1.55208333333333,0.84375,1,0,18,18
3916,76,41,1.57291666666667,0.84375,1,0,26,26
3917,77,41,1.59375,0.84375,1,0,25,25
3918,78,41,1.61458333333333,0.84375,1,0,34,34
3919,79,41,1.63541666666667,0.84375,1,0,20,20
3920,80,41,1.65625,0.84375,1,0,18,18
3921,81,41,1.67708333333333,0.84375,1,0,10,10
3922,82,41,1.69791666666667,0.84375,1,0,19,19
3923,83,41,1.71875,0.84375,1,0,20,20
3924,84,41,1.73958333333333,0.84375,1,0,24,24
3925,85,41,1.76041666666667,0.84375,1,0,15,15
3926,86,41,1.78125,0.84375,1,0,18,18
3927,87,41,1.80208333333333,0.84375,1,0,16,16
3928,88,41,1.82291666666667,0.84375,1,0,19,19
3929,89,41,1.84375,0.84375,1,0,19,19
3930,90,41,1.86458333333333,0.84375,1,0,25,25
3931,91,41,1.88541666666667,0.84375,1,0,12,12
3932,92,41,1.90625,0.84375,1,0,15,15
3933,93,41,1.92708333333333,0.84375,1,0,15,15
3934,94,41,1.94791666666667,0.84375,1,0,19,19
3935,95,41,1.96875,0.84375,1,0,15,15
3936,96,41,1.98958333333333,0.84375,1,0,23,23
3937,1,42,0.0104166666666667,0.864583333333333,1,0,19,19
3938,2,42,0.03125,0.864583333333333,1,0,22,22
3939,3,42,0.0520833333333333,0.864583333333333,1,0,14,14
3940,4,42,0.0729166666666667,0.864583333333333,1,0,13,13
3941,5,42,0.09375,0.864583333333333,1,0,17,17
3942,6,42,0.114583333333333,0.864583333333333,1,0,21,21
3943,7,42,0.135416666666667,0.864583333333333,1,0,22,22
3944,8,42,0.15625,0.864583333333333,1,0,27,27
3945,9,42,0.177083333333333,0.864583333333333,1,0,20,20
3946,10,42,0.197916666666667,0.864583333333333,1,0,17,17
3947,11,42,0.21875,0.864583333333333,1,0,26,26
3948,12,42,0.239583333333333,0.864583333333333,1,0,17,17
3949,13,42,0.260416666666667,0.864583333333333,1,0,18,18
3950,14,42,0.28125,0.864583333333333,1,0,15,15
3951,15,42,0.302083333333333,0.864583333333333,1,0,26,26
3952,16,42,0.322916666666667,0.864583333333333,1,0,29,29
3953,17,42,0.34375,0.864583333333333,1,0,19,19
3954,18,42,0.364583333333333,0.864583333333333,1,0,29,29
3955,19,42,0.385416666666667,0.864583333333333,1,0,20,20
3956,20,42,0.40625,0.864583333333333,1,0,24,24
3957,21,42,0.427083333333333,0.864583333333333,1,0,26,26
3958,22,42,0.447916666666667,0.864583333333333,1,0,16,16
3959,23,42,0.46875,0.864583333333333,1,0,26,26
3960,24,42,0.489583333333333,0.864583333333333,1,0,19,19
3961,25,42,0.510416666666667,0.864583333333333,1,0,21,21
3962,26,42,0.53125,0.864583333333333,1,0,19,19
3963,27,42,0.552083333333333,0.864583333333333,1,0,12,12
3964,28,42,0.572916666666667,0.864583333333333,1,0,28,28
3965,29,42,0.59375,0.864583333333333,1,0,29,29
3966,30,42,0.614583333333333,0.864583333333333,1,0,26,26
3967,31,42,0.635416666666667,0.864583333333333,1,0,5,5
3968,32,42,0.65625,0.864583333333333,1,0,22,22
3969,33,42,0.677083333333333,0.864583333333333,1,0,16,16
3970,34,42,0.697916666666667,0.864583333333333,1,0,26,26
3971,35,42,0.71875,0.864583333333333,1,0,11,11
3972,36,42,0.739583333333333,0.864583333333333,1,0,21,21
3973,37,42,0.760416666666667,0.864583333333333,1,0,20,20
3974,38,42,0.78125,0.864583333333333,1,0,24,24
3975,39,42,0.802083333333333,0.864583333333333,1,0,9,9
3976,40,42,0.822916666666667,0.864583333333333,1,0,27,27
3977,41,42,0.84375,0.864583333333333,1,0,19,19
3978,42,42,0.864583333333333,0.864583333333333,1,0,15,15
3979,43,42,0.885416666666667,0.864583333333333,1,0,18,18
3980,44,42,0.90625,0.864583333333333,1,0,19,19
3981,45,42,0.927083333333333,0.864583333333333,1,0,16,16
3982,46,42,0.947916666666667,0.864583333333333,1,0,18,18
3983,47,42,0.96875,0.864583333333333,1,0,21,21
3984,48,42,0.989583333333333,0.864583333333333,1,0,21,21
3985,49,42,1.01041666666667,0.864583333333333,1,0,24,24
3986,50,42,1.03125,0.864583333333333,1,0,23,23
3987,51,42,1.05208333333333,0.864583333333333,1,0,20,20
3988,52,42,1.07291666666667,0.864583333333333,1,0,24,24
3989,53,42,1.09375,0.864583333333333,1,0,19,19
3990,54,42,1.11458333333333,0.864583333333333,1,0,28,28
3991,55,42,1.13541666666667,0.864583333333333,1,0,25,25
3992,56,42,1.15625,0.864583333333333,1,0,29,29
3993,57,42,1.17708333333333,0.864583333333333,1,0,17,17
3994,58,42,1.19791666666667,0.864583333333333,1,0,23,23
3995,59,42,1.21875,0.864583333333333,1,0,12,12
3996,60,42,1.23958333333333,0.864583333333333,1,0,26,26
3997,61,42,1.26041666666667,0.864583333333333,1,0,17,17
3998,62,42,1.28125,0.864583333333333,1,0,23,23
3999,63,42,1.30208333333333,0.864583333333333,1,0,29,29
4000,64,42,1.32291666666667,0.864583333333333,1,0,22,22
4001,65,42,1.34375,0.864583333333333,1,0,14,14
4002,66,42,1.36458333333333,0.864583333333333,1,0,14,14
4003,67,42,1.38541666666667,0.864583333333333,1,0,10,10
4004,68,42,1.40625,0.864583333333333,1,0,27,27
4005,69,42,1.42708333333333,0.864583333333333,1,0,17,17
4006,70,42,1.44791666666667,0.864583333333333,1,0,24,24
4007,71,42,1.46875,0.864583333333333,1,0,28,28
4008,72,42,1.48958333333333,0.864583333333333,1,0,15,15
4009,73,42,1.51041666666667,0.864583333333333,1,0,18,18
4010,74,42,1.53125,0.864583333333333,1,0,20,20
4011,75,42,1.55208333333333,0.864583333333333,1,0,30,30
4012,76,42,1.57291666666667,0.864583333333333,1,0,16,16
4013,77,42,1.59375,0.864583333333333,1,0,24,24
4014,78,42,1.61458333333333,0.864583333333333,1,0,19,19
4015,79,42,1.63541666666667,0.864583333333333,1,0,21,21
4016,80,42,1.65625,0.864583333333333,1,0,15,15
4017,81,42,1.67708333333333,0.864583333333333,1,0,12,12
4018,82,42,1.69791666666667,0.864583333333333,1,0,19,19
4019,83,42,1.71875,0.864583333333333,1,0,6,6
4020,84,42,1.73958333333333,0.864583333333333,1,0,21,21
4021,85,42,1.76041666666667,0.864583333333333,1,0,24,24
4022,86,42,1.78125,0.864583333333333,1,0,22,22
4023,87,42,1.80208333333333,0.864583333333333,1,0,17,17
4024,88,42,1.82291666666667,0.864583333333333,1,0,14,14
4025,89,42,1.84375,0.864583333333333,1,0,4,4
4026,90,42,1.86458333333333,0.864583333333333,1,0,15,15
4027,91,42,1.88541666666667,0.864583333333333,1,0,29,29
4028,92,42,1.90625,0.864583333333333,1,0,25,25
4029,93,42,1.92708333333333,0.864583333333333,1,0,16,16
4030,94,42,1.94791666666667,0.864583333333333,1,0,12,12
4031,95,42,1.96875,0.864583333333333,1,0,23,23
4032,96,42,1.98958333333333,0.864583333333333,1,0,25,25
4033,1,43,0.0104166666666667,0.885416666666667,1,0,22,22
4034,2,43,0.03125,0.885416666666667,1,0,27,27
4035,3,43,0.0520833333333333,0.885416666666667,1,0,6,6
4036,4,43,0.0729166666666667,0.885416666666667,1,0,11,11
4037,5,43,0.09375,0.885416666666667,1,0,15,15
4038,6,43,0.114583333333333,0.885416666666667,1,0,33,33
4039,7,43,0.135416666666667,0.885416666666667,1,0,22,22
4040,8,43,0.15625,0.885416666666667,1,0,28,28
4041,9,43,0.177083333333333,0.885416666666667,1,0,27,27
4042,10,43,0.197916666666667,0.885416666666667,1,0,21,21
4043,11,43,0.21875,0.885416666666667,1,0,27,27
4044,12,43,0.239583333333333,0.885416666666667,1,0,21,21
4045,13,43,0.260416666666667,0.885416666666667,1,0,17,17
4046,14,43,0.28125,0.885416666666667,1,0,11,11
4047,15,43,0.302083333333333,0.885416666666667,1,0,22,22
4048,16,43,0.322916666666667,0.885416666666667,1,0,12,12
4049,17,43,0.34375,0.885416666666667,1,0,14,14
4050,18,43,0.364583333333333,0.885416666666667,1,0,16,16
4051,19,43,0.385416666666667,0.885416666666667,1,0,21,21
4052,20,43,0.40625,0.885416666666667,1,0,33,33
4053,21,43,0.427083333333333,0.885416666666667,1,0,17,17
4054,22,43,0.447916666666667,0.885416666666667,1,0,21,21
4055,23,43,0.46875,0.885416666666667,1,0,22,22
4056,24,43,0.489583333333333,0.885416666666667,1,0,14,14
4057,25,43,0.510416666666667,0.885416666666667,1,0,19,19
4058,26,43,0.53125,0.885416666666667,1,0,21,21
4059,27,43,0.552083333333333,0.885416666666667,1,0,17,17
4060,28,43,0.572916666666667,0.885416666666667,1,0,29,29
4061,29,43,0.59375,0.885416666666667,1,0,20,20
4062,30,43,0.614583333333333,0.885416666666667,1,0,26,26
4063,31,43,0.635416666666667,0.885416666666667,1,0,15,15
4064,32,43,0.65625,0.885416666666667,1,0,19,19
4065,33,43,0.677083333333333,0.885416666666667,1,0,28,28
4066,34,43,0.697916666666667,0.885416666666667,1,0,20,20
4067,35,43,0.71875,0.885416666666667,1,0,26,26
4068,36,43,0.739583333333333,0.885416666666667,1,0,16,16
4069,37,43,0.760416666666667,0.885416666666667,1,0,25,25
4070,38,43,0.78125,0.885416666666667,1,0,22,22
4071,39,43,0.802083333333333,0.885416666666667,1,0,13,13
4072,40,43,0.822916666666667,0.885416666666667,1,0,23,23
4073,41,43,0.84375,0.885416666666667,1,0,21,21
4074,42,43,0.864583333333333,0.885416666666667,1,0,13,13
4075,43,43,0.885416666666667,0.885416666666667,1,0,23,23
4076,44,43,0.90625,0.885416666666667,1,0,15,15
4077,45,43,0.927083333333333,0.885416666666667,1,0,16,16
4078,46,43,0.947916666666667,0.885416666666667,1,0,23,23
4079,47,43,0.96875,0.885416666666667,1,0,28,28
4080,48,43,0.989583333333333,0.885416666666667,1,0,25,25
4081,49,43,1.01041666666667,0.885416666666667,1,0,23,23
4082,50,43,1.03125,0.885416666666667,1,0,22,22
4083,51,43,1.05208333333333,0.885416666666667,1,0,16,16
4084,52,43,1.07291666666667,0.885416666666667,1,0,18,18
4085,53,43,1.09375,0.885416666666667,1,0,19,19
4086,54,43,1.11458333333333,0.885416666666667,1,0,25,25
4087,55,43,1.13541666666667,0.885416666666667,1,0,23,23
4088,56,43,1.15625,0.885416666666667,1,0,23,23
4089,57,43,1.17708333333333,0.885416666666667,1,0,16,16
4090,58,43,1.19791666666667,0.885416666666667,1,0,27,27
4091,59,43,1.21875,0.885416666666667,1,0,14,14
4092,60,43,1.23958333333333,0.885416666666667,1,0,16,16
4093,61,43,1.26041666666667,0.885416666666667,1,0,28,28
4094,62,43,1.28125,0.885416666666667,1,0,16,16
4095,63,43,1.30208333333333,0.885416666666667,1,0,25,25
4096,64,43,1.32291666666667,0.885416666666667,1,0,18,18
4097,65,43,1.34375,0.885416666666667,1,0,13,13
4098,66,43,1.36458333333333,0.885416666666667,1,0,19,19
4099,67,43,1.38541666666667,0.885416666666667,1,0,14,14
4100,68,43,1.40625,0.885416666666667,1,0,11,11
4101,69,43,1.42708333333333,0.885416666666667,1,0,25,25
4102,70,43,1.44791666666667,0.885416666666667,1,0,19,19
4103,71,43,1.46875,0.885416666666667,1,0,16,16
4104,72,43,1.48958333333333,0.885416666666667,1,0,23,23
4105,73,43,1.51041666666667,0.885416666666667,1,0,28,28
4106,74,43,1.53125,0.885416666666667,1,0,11,11
4107,75,43,1.55208333333333,0.885416666666667,1,0,15,15
4108,76,43,1.57291666666667,0.885416666666667,1,0,26,26
4109,77,43,1.59375,0.885416666666667,1,0,14,14
4110,78,43,1.61458333333333,0.885416666666667,1,0,26,26
4111,79,43,1.63541666666667,0.885416666666667,1,0,16,16
4112,80,43,1.65625,0.885416666666667,1,0,26,26
4113,81,43,1.67708333333333,0.885416666666667,1,0,10,10
4114,82,43,1.69791666666667,0.885416666666667,1,0,10,10
4115,83,43,1.71875,0.885416666666667,1,0,25,25
4116,84,43,1.73958333333333,0.885416666666667,1,0,11,11
4117,85,43,1.76041666666667,0.885416666666667,1,0,29,29
4118,86,43,1.78125,0.885416666666667,1,0,12,12
4119,87,43,1.80208333333333,0.885416666666667,1,0,30,30
4120,88,43,1.82291666666667,0.885416666666667,1,0,21,21
4121,89,43,1.84375,0.885416666666667,1,0,16,16
4122,90,43,1.86458333333333,0.885416666666667,1,0,18,18
4123,91,43,1.88541666666667,0.885416666666667,1,0,28,28
4124,92,43,1.90625,0.885416666666667,1,0,16,16
4125,93,43,1.92708333333333,0.885416666666667,1,0,24,24
4126,94,43,1.94791666666667,0.885416666666667,1,0,14,14
4127,95,43,1.96875,0.885416666666667,1,0,19,19
4128,96,43,1.98958333333333,0.885416666666667,1,0,12,12
4129,1,44,0.0104166666666667,0.90625,1,0,29,29
4130,2,44,0.03125,0.90625,1,0,23,23
4131,3,44,0.0520833333333333,0.90625,1,0,17,17
4132,4,44,0.0729166666666667,0.90625,1,0,26,26
4133,5,44,0.09375,0.90625,1,0,17,17
4134,6,44,0.114583333333333,0.90625,1,0,16,16
4135,7,44,0.135416666666667,0.90625,1,0,7,7
4136,8,44,0.15625,0.90625,1,0,20,20
4137,9,44,0.177083333333333,0.90625,1,0,20,20
4138,10,44,0.197916666666667,0.90625,1,0,10,10
4139,11,44,0.21875,0.90625,1,0,23,23
4140,12,44,0.239583333333333,0.90625,1,0,23,23
4141,13,44,0.260416666666667,0.90625,1,0,20,20
4142,14,44,0.28125,0.90625,1,0,23,23
4143,15,44,0.302083333333333,0.90625,1,0,14,14
4144,16,44,0.322916666666667,0.90625,1,0,11,11
4145,17,44,0.34375,0.90625,1,0,26,26
4146,18,44,0.364583333333333,0.90625,1,0,23,23
4147,19,44,0.385416666666667,0.90625,1,0,14,14
4148,20,44,0.40625,0.90625,1,0,32,32
4149,21,44,0.427083333333333,0.90625,1,0,15,15
4150,22,44,0.447916666666667,0.90625,1,0,23,23
4151,23,44,0.46875,0.90625,1,0,16,16
4152,24,44,0.489583333333333,0.90625,1,0,16,16
4153,25,44,0.510416666666667,0.90625,1,0,27,27
4154,26,44,0.53125,0.90625,1,0,16,16
4155,27,44,0.552083333333333,0.90625,1,0,19,19
4156,28,44,0.572916666666667,0.90625,1,0,22,22
4157,29,44,0.59375,0.90625,1,0,21,21
4158,30,44,0.614583333333333,0.90625,1,0,20,20
4159,31,44,0.635416666666667,0.90625,1,0,18,18
4160,32,44,0.65625,0.90625,1,0,16,16
4161,33,44,0.677083333333333,0.90625,1,0,28,28
4162,34,44,0.697916666666667,0.90625,1,0,17,17
4163,35,44,0.71875,0.90625,1,0,26,26
4164,36,44,0.739583333333333,0.90625,1,0,28,28
4165,37,44,0.760416666666667,0.90625,1,0,16,16
4166,38,44,0.78125,0.90625,1,0,21,21
4167,39,44,0.802083333333333,0.90625,1,0,16,16
4168,40,44,0.822916666666667,0.90625,1,0,24,24
4169,41,44,0.84375,0.90625,1,0,20,20
4170,42,44,0.864583333333333,0.90625,1,0,26,26
4171,43,44,0.885416666666667,0.90625,1,0,28,28
4172,44,44,0.90625,0.90625,1,0,11,11
4173,45,44,0.927083333333333,0.90625,1,0,25,25
4174,46,44,0.947916666666667,0.90625,1,0,15,15
4175,47,44,0.96875,0.90625,1,0,15,15
4176,48,44,0.989583333333333,0.90625,1,0,32,32
4177,49,44,1.01041666666667,0.90625,1,0,21,21
4178,50,44,1.03125,0.90625,1,0,14,14
4179,51,44,1.05208333333333,0.90625,1,0,28,28
4180,52,44,1.07291666666667,0.90625,1,0,15,15
4181,53,44,1.09375,0.90625,1,0,13,13
4182,54,44,1.11458333333333,0.90625,1,0,8,8
4183,55,44,1.13541666666667,0.90625,1,0,12,12
4184,56,44,1.15625,0.90625,1,0,12,12
4185,57,44,1.17708333333333,0.90625,1,0,20,20
4186,58,44,1.19791666666667,0.90625,1,0,14,14
4187,59,44,1.21875,0.90625,1,0,18,18
4188,60,44,1.23958333333333,0.90625,1,0,25,25
4189,61,44,1.26041666666667,0.90625,1,0,8,8
4190,62,44,1.28125,0.90625,1,0,26,26
4191,63,44,1.30208333333333,0.90625,1,0,22,22
4192,64,44,1.32291666666667,0.90625,1,0,25,25
4193,65,44,1.34375,0.90625,1,0,21,21
4194,66,44,1.36458333333333,0.90625,1,0,19,19
4195,67,44,1.38541666666667,0.90625,1,0,15,15
4196,68,44,1.40625,0.90625,1,0,25,25
4197,69,44,1.42708333333333,0.90625,1,0,20,20
4198,70,44,1.44791666666667,0.90625,1,0,21,21
4199,71,44,1.46875,0.90625,1,0,20,20
4200,72,44,1.48958333333333,0.90625,1,0,20,20
4201,73,44,1.51041666666667,0.90625,1,0,26,26
4202,74,44,1.53125,0.90625,1,0,24,24
4203,75,44,1.55208333333333,0.90625,1,0,22,22
4204,76,44,1.57291666666667,0.90625,1,0,20,20
4205,77,44,1.59375,0.90625,1,0,18,18
4206,78,44,1.61458333333333,0.90625,1,0,31,31
4207,79,44,1.63541666666667,0.90625,1,0,25,25
4208,80,44,1.65625,0.90625,1,0,19,19
4209,81,44,1.67708333333333,0.90625,1,0,22,22
4210,82,44,1.69791666666667,0.90625,1,0,26,26
4211,83,44,1.71875,0.90625,1,0,12,12
4212,84,44,1.73958333333333,0.90625,1,0,28,28
4213,85,44,1.76041666666667,0.90625,1,0,25,25
4214,86,44,1.78125,0.90625,1,0,28,28
4215,87,44,1.80208333333333,0.90625,1,0,31,31
4216,88,44,1.82291666666667,0.90625,1,0,19,19
4217,89,44,1.84375,0.90625,1,0,15,15
4218,90,44,1.86458333333333,0.90625,1,0,29,29
4219,91,44,1.88541666666667,0.90625,1,0,22,22
4220,92,44,1.90625,0.90625,1,0,19,19
4221,93,44,1.92708333333333,0.90625,1,0,10,10
4222,94,44,1.94791666666667,0.90625,1,0,16,16
4223,95,44,1.96875,0.90625,1,0,15,15
4224,96,44,1.98958333333333,0.90625,1,0,27,27
4225,1,45,0.0104166666666667,0.927083333333333,1,0,14,14
4226,2,45,0.03125,0.927083333333333,1,0,13,13
4227,3,45,0.0520833333333333,0.927083333333333,1,0,16,16
4228,4,45,0.0729166666666667,0.927083333333333,1,0,15,15
4229,5,45,0.09375,0.927083333333333,1,0,13,13
4230,6,45,0.114583333333333,0.927083333333333,1,0,19,19
4231,7,45,0.135416666666667,0.927083333333333,1,0,10,10
4232,8,45,0.15625,0.927083333333333,1,0,33,33
4233,9,45,0.177083333333333,0.927083333333333,1,0,13,13
4234,10,45,0.197916666666667,0.927083333333333,1,0,16,16
4235,11,45,0.21875,0.927083333333333,1,0,19,19
4236,12,45,0.239583333333333,0.927083333333333,1,0,27,27
4237,13,45,0.260416666666667,0.927083333333333,1,0,22,22
4238,14,45,0.28125,0.927083333333333,1,0,25,25
4239,15,45,0.302083333333333,0.927083333333333,1,0,16,16
4240,16,45,0.322916666666667,0.927083333333333,1,0,25,25
4241,17,45,0.34375,0.927083333333333,1,0,22,22
4242,18,45,0.364583333333333,0.927083333333333,1,0,19,19
4243,19,45,0.385416666666667,0.927083333333333,1,0,21,21
4244,20,45,0.40625,0.927083333333333,1,0,24,24
4245,21,45,0.427083333333333,0.927083333333333,1,0,31,31
4246,22,45,0.447916666666667,0.927083333333333,1,0,12,12
4247,23,45,0.46875,0.927083333333333,1,0,34,34
4248,24,45,0.489583333333333,0.927083333333333,1,0,17,17
4249,25,45,0.510416666666667,0.927083333333333,1,0,17,17
4250,26,45,0.53125,0.927083333333333,1,0,19,19
4251,27,45,0.552083333333333,0.927083333333333,1,0,25,25
4252,28,45,0.572916666666667,0.927083333333333,1,0,8,8
4253,29,45,0.59375,0.927083333333333,1,0,13,13
4254,30,45,0.614583333333333,0.927083333333333,1,0,21,21
4255,31,45,0.635416666666667,0.927083333333333,1,0,8,8
4256,32,45,0.65625,0.927083333333333,1,0,22,22
4257,33,45,0.677083333333333,0.927083333333333,1,0,20,20
4258,34,45,0.697916666666667,0.927083333333333,1,0,20,20
4259,35,45,0.71875,0.927083333333333,1,0,14,14
4260,36,45,0.739583333333333,0.927083333333333,1,0,20,20
4261,37,45,0.760416666666667,0.927083333333333,1,0,22,22
4262,38,45,0.78125,0.927083333333333,1,0,23,23
4263,39,45,0.802083333333333,0.927083333333333,1,0,20,20
4264,40,45,0.822916666666667,0.927083333333333,1,0,22,22
4265,41,45,0.84375,0.927083333333333,1,0,14,14
4266,42,45,0.864583333333333,0.927083333333333,1,0,27,27
4267,43,45,0.885416666666667,0.927083333333333,1,0,28,28
4268,44,45,0.90625,0.927083333333333,1,0,20,20
4269,45,45,0.927083333333333,0.927083333333333,1,0,30,30
4270,46,45,0.947916666666667,0.927083333333333,1,0,30,30
4271,47,45,0.96875,0.927083333333333,1,0,14,14
4272,48,45,0.989583333333333,0.927083333333333,1,0,29,29
4273,49,45,1.01041666666667,0.927083333333333,1,0,17,17
4274,50,45,1.03125,0.927083333333333,1,0,16,16
4275,51,45,1.05208333333333,0.927083333333333,1,0,20,20
4276,52,45,1.07291666666667,0.927083333333333,1,0,19,19
4277,53,45,1.09375,0.927083333333333,1,0,23,23
4278,54,45,1.11458333333333,0.927083333333333,1,0,18,18
4279,55,45,1.13541666666667,0.927083333333333,1,0,22,22
4280,56,45,1.15625,0.927083333333333,1,0,23,23
4281,57,45,1.17708333333333,0.927083333333333,1,0,26,26
4282,58,45,1.19791666666667,0.927083333333333,1,0,24,24
4283,59,45,1.21875,0.927083333333333,1,0,17,17
4284,60,45,1.23958333333333,0.927083333333333,1,0,23,23
4285,61,45,1.26041666666667,0.927083333333333,1,0,13,13
4286,62,45,1.28125,0.927083333333333,1,0,18,18
4287,63,45,1.30208333333333,0.927083333333333,1,0,17,17
4288,64,45,1.32291666666667,0.927083333333333,1,0,24,24
4289,65,45,1.34375,0.927083333333333,1,0,14,14
4290,66,45,1.36458333333333,0.927083333333333,1,0,13,13
4291,67,45,1.38541666666667,0.927083333333333,1,0,13,13
4292,68,45,1.40625,0.927083333333333,1,0,30,30
4293,69,45,1.42708333333333,0.927083333333333,1,0,12,12
4294,70,45,1.44791666666667,0.927083333333333,1,0,22,22
4295,71,45,1.46875,0.927083333333333,1,0,25,25
4296,72,45,1.48958333333333,0.927083333333333,1,0,20,20
4297,73,45,1.51041666666667,0.927083333333333,1,0,10,10
4298,74,45,1.53125,0.927083333333333,1,0,19,19
4299,75,45,1.55208333333333,0.927083333333333,1,0,16,16
4300,76,45,1.57291666666667,0.927083333333333,1,0,25,25
4301,77,45,1.59375,0.927083333333333,1,0,18,18
4302,78,45,1.61458333333333,0.927083333333333,1,0,23,23
4303,79,45,1.63541666666667,0.927083333333333,1,0,15,15
4304,80,45,1.65625,0.927083333333333,1,0,21,21
4305,81,45,1.67708333333333,0.927083333333333,1,0,24,24
4306,82,45,1.69791666666667,0.927083333333333,1,0,19,19
4307,83,45,1.71875,0.927083333333333,1,0,14,14
4308,84,45,1.73958333333333,0.927083333333333,1,0,20,20
4309,85,45,1.76041666666667,0.927083333333333,1,0,16,16
4310,86,45,1.78125,0.927083333333333,1,0,26,26
4311,87,45,1.80208333333333,0.927083333333333,1,0,23,23
4312,88,45,1.82291666666667,0.927083333333333,1,0,32,32
4313,89,45,1.84375,0.927083333333333,1,0,20,20
4314,90,45,1.86458333333333,0.927083333333333,1,0,18,18
4315,91,45,1.88541666666667,0.927083333333333,1,0,27,27
4316,92,45,1.90625,0.927083333333333,1,0,25,25
4317,93,45,1.92708333333333,0.927083333333333,1,0,18,18
4318,94,45,1.94791666666667,0.927083333333333,1,0,22,22
4319,95,45,1.96875,0.927083333333333,1,0,18,18
4320,96,45,1.98958333333333,0.927083333333333,1,0,13,13
4321,1,46,0.0104166666666667,0.947916666666667,1,0,22,22
4322,2,46,0.03125,0.947916666666667,1,0,23,23
4323,3,46,0.0520833333333333,0.947916666666667,1,0,18,18
4324,4,46,0.0729166666666667,0.947916666666667,1,0,7,7
4325,5,46,0.09375,0.947916666666667,1,0,13,13
4326,6,46,0.114583333333333,0.947916666666667,1,0,6,6
4327,7,46,0.135416666666667,0.947916666666667,1,0,26,26
4328,8,46,0.15625,0.947916666666667,1,0,15,15
4329,9,46,0.177083333333333,0.947916666666667,1,0,26,26
4330,10,46,0.197916666666667,0.947916666666667,1,0,18,18
4331,11,46,0.21875,0.947916666666667,1,0,27,27
4332,12,46,0.239583333333333,0.947916666666667,1,0,22,22
4333,13,46,0.260416666666667,0.947916666666667,1,0,22,22
4334,14,46,0.28125,0.947916666666667,1,0,26,26
4335,15,46,0.302083333333333,0.947916666666667,1,0,33,33
4336,16,46,0.322916666666667,0.947916666666667,1,0,24,24
4337,17,46,0.34375,0.947916666666667,1,0,12,12
4338,18,46,0.364583333333333,0.947916666666667,1,0,23,23
4339,19,46,0.385416666666667,0.947916666666667,1,0,16,16
4340,20,46,0.40625,0.947916666666667,1,0,25,25
4341,21,46,0.427083333333333,0.947916666666667,1,0,20,20
4342,22,46,0.447916666666667,0.947916666666667,1,0,22,22
4343,23,46,0.46875,0.947916666666667,1,0,23,23
4344,24,46,0.489583333333333,0.947916666666667,1,0,23,23
4345,25,46,0.510416666666667,0.947916666666667,1,0,23,23
4346,26,46,0.53125,0.947916666666667,1,0,23,23
4347,27,46,0.552083333333333,0.947916666666667,1,0,21,21
4348,28,46,0.572916666666667,0.947916666666667,1,0,22,22
4349,29,46,0.59375,0.947916666666667,1,0,16,16
4350,30,46,0.614583333333333,0.947916666666667,1,0,9,9
4351,31,46,0.635416666666667,0.947916666666667,1,0,19,19
4352,32,46,0.65625,0.947916666666667,1,0,33,33
4353,33,46,0.677083333333333,0.947916666666667,1,0,33,33
4354,34,46,0.697916666666667,0.947916666666667,1,0,18,18
4355,35,46,0.71875,0.947916666666667,1,0,15,15
4356,36,46,0.739583333333333,0.947916666666667,1,0,13,13
4357,37,46,0.760416666666667,0.947916666666667,1,0,13,13
4358,38,46,0.78125,0.947916666666667,1,0,17,17
4359,39,46,0.802083333333333,0.947916666666667,1,0,23,23
4360,40,46,0.822916666666667,0.947916666666667,1,0,20,20
4361,41,46,0.84375,0.947916666666667,1,0,22,22
4362,42,46,0.864583333333333,0.947916666666667,1,0,30,30
4363,43,46,0.885416666666667,0.947916666666667,1,0,19,19
4364,44,46,0.90625,0.947916666666667,1,0,16,16
4365,45,46,0.927083333333333,0.947916666666667,1,0,35,35
4366,46,46,0.947916666666667,0.947916666666667,1,0,16,16
4367,47,46,0.96875,0.947916666666667,1,0,13,13
4368,48,46,0.989583333333333,0.947916666666667,1,0,15,15
4369,49,46,1.01041666666667,0.947916666666667,1,0,8,8
4370,50,46,1.03125,0.947916666666667,1,0,21,21
4371,51,46,1.05208333333333,0.947916666666667,1,0,29,29
4372,52,46,1.07291666666667,0.947916666666667,1,0,27,27
4373,53,46,1.09375,0.947916666666667,1,0,17,17
4374,54,46,1.11458333333333,0.947916666666667,1,0,21,21
4375,55,46,1.13541666666667,0.947916666666667,1,0,22,22
4376,56,46,1.15625,0.947916666666667,1,0,25,25
4377,57,46,1.17708333333333,0.947916666666667,1,0,19,19
4378,58,46,1.19791666666667,0.947916666666667,1,0,22,22
4379,59,46,1.21875,0.947916666666667,1,0,11,11
4380,60,46,1.23958333333333,0.947916666666667,1,0,29,29
4381,61,46,1.26041666666667,0.947916666666667,1,0,20,20
4382,62,46,1.28125,0.947916666666667,1,0,18,18
4383,63,46,1.30208333333333,0.947916666666667,1,0,26,26
4384,64,46,1.32291666666667,0.947916666666667,1,0,30,30
4385,65,46,1.34375,0.947916666666667,1,0,9,9
4386,66,46,1.36458333333333,0.947916666666667,1,0,20,20
4387,67,46,1.38541666666667,0.947916666666667,1,0,12,12
4388,68,46,1.40625,0.947916666666667,1,0,23,23
4389,69,46,1.42708333333333,0.947916666666667,1,0,21,21
4390,70,46,1.44791666666667,0.947916666666667,1,0,14,14
4391,71,46,1.46875,0.947916666666667,1,0,16,16
4392,72,46,1.48958333333333,0.947916666666667,1,0,14,14
4393,73,46,1.51041666666667,0.947916666666667,1,0,24,24
4394,74,46,1.53125,0.947916666666667,1,0,24,24
4395,75,46,1.55208333333333,0.947916666666667,1,0,18,18
4396,76,46,1.57291666666667,0.947916666666667,1,0,17,17
4397,77,46,1.59375,0.947916666666667,1,0,11,11
4398,78,46,1.61458333333333,0.947916666666667,1,0,18,18
4399,79,46,1.63541666666667,0.947916666666667,1,0,20,20
4400,80,46,1.65625,0.947916666666667,1,0,22,22
4401,81,46,1.67708333333333,0.947916666666667,1,0,15,15
4402,82,46,1.69791666666667,0.947916666666667,1,0,26,26
4403,83,46,1.71875,0.947916666666667,1,0,22,22
4404,84,46,1.73958333333333,0.947916666666667,1,0,8,8
4405,85,46,1.76041666666667,0.947916666666667,1,0,15,15
4406,86,46,1.78125,0.947916666666667,1,0,14,14
4407,87,46,1.80208333333333,0.947916666666667,1,0,31,31
4408,88,46,1.82291666666667,0.947916666666667,1,0,25,25
4409,89,46,1.84375,0.947916666666667,1,0,29,29
4410,90,46,1.86458333333333,0.947916666666667,1,0,21,21
4411,91,46,1.88541666666667,0.947916666666667,1,0,27,27
4412,92,46,1.90625,0.947916666666667,1,0,16,16
4413,93,46,1.92708333333333,0.947916666666667,1,0,20,20
4414,94,46,1.94791666666667,0.947916666666667,1,0,14,14
4415,95,46,1.96875,0.947916666666667,1,0,21,21
4416,96,46,1.98958333333333,0.947916666666667,1,0,17,17
4417,1,47,0.0104166666666667,0.96875,1,0,20,20
4418,2,47,0.03125,0.96875,1,0,15,15
4419,3,47,0.0520833333333333,0.96875,1,0,20,20
4420,4,47,0.0729166666666667,0.96875,1,0,16,16
4421,5,47,0.09375,0.96875,1,0,36,36
4422,6,47,0.114583333333333,0.96875,1,0,27,27
4423,7,47,0.135416666666667,0.96875,1,0,29,29
4424,8,47,0.15625,0.96875,1,0,16,16
4425,9,47,0.177083333333333,0.96875,1,0,33,33
4426,10,47,0.197916666666667,0.96875,1,0,22,22
4427,11,47,0.21875,0.96875,1,0,25,25
4428,12,47,0.239583333333333,0.96875,1,0,29,29
4429,13,47,0.260416666666667,0.96875,1,0,11,11
4430,14,47,0.28125,0.96875,1,0,32,32
4431,15,47,0.302083333333333,0.96875,1,0,25,25
4432,16,47,0.322916666666667,0.96875,1,0,28,28
4433,17,47,0.34375,0.96875,1,0,24,24
4434,18,47,0.364583333333333,0.96875,1,0,17,17
4435,19,47,0.385416666666667,0.96875,1,0,18,18
4436,20,47,0.40625,0.96875,1,0,12,12
4437,21,47,0.427083333333333,0.96875,1,0,27,27
4438,22,47,0.447916666666667,0.96875,1,0,18,18
4439,23,47,0.46875,0.96875,1,0,21,21
4440,24,47,0.489583333333333,0.96875,1,0,20,20
4441,25,47,0.510416666666667,0.96875,1,0,14,14
4442,26,47,0.53125,0.96875,1,0,15,15
4443,27,47,0.552083333333333,0.96875,1,0,16,16
4444,28,47,0.572916666666667,0.96875,1,0,26,26
4445,29,47,0.59375,0.96875,1,0,24,24
4446,30,47,0.614583333333333,0.96875,1,0,14,14
4447,31,47,0.635416666666667,0.96875,1,0,21,21
4448,32,47,0.65625,0.96875,1,0,13,13
4449,33,47,0.677083333333333,0.96875,1,0,32,32
4450,34,47,0.697916666666667,0.96875,1,0,12,12
4451,35,47,0.71875,0.96875,1,0,16,16
4452,36,47,0.739583333333333,0.96875,1,0,24,24
4453,37,47,0.760416666666667,0.96875,1,0,18,18
4454,38,47,0.78125,0.96875,1,0,30,30
4455,39,47,0.802083333333333,0.96875,1,0,19,19
4456,40,47,0.822916666666667,0.96875,1,0,26,26
4457,41,47,0.84375,0.96875,1,0,14,14
4458,42,47,0.864583333333333,0.96875,1,0,12,12
4459,43,47,0.885416666666667,0.96875,1,0,24,24
4460,44,47,0.90625,0.96875,1,0,21,21
4461,45,47,0.927083333333333,0.96875,1,0,26,26
4462,46,47,0.947916666666667,0.96875,1,0,29,29
4463,47,47,0.96875,0.96875,1,0,26,26
4464,48,47,0.989583333333333,0.96875,1,0,26,26
4465,49,47,1.01041666666667,0.96875,1,0,31,31
4466,50,47,1.03125,0.96875,1,0,16,16
4467,51,47,1.05208333333333,0.96875,1,0,26,26
4468,52,47,1.07291666666667,0.96875,1,0,15,15
4469,53,47,1.09375,0.96875,1,0,22,22
4470,54,47,1.11458333333333,0.96875,1,0,17,17
4471,55,47,1.13541666666667,0.96875,1,0,24,24
4472,56,47,1.15625,0.96875,1,0,22,22
4473,57,47,1.17708333333333,0.96875,1,0,18,18
4474,58,47,1.19791666666667,0.96875,1,0,25,25
4475,59,47,1.21875,0.96875,1,0,26,26
4476,60,47,1.23958333333333,0.96875,1,0,24,24
4477,61,47,1.26041666666667,0.96875,1,0,24,24
4478,62,47,1.28125,0.96875,1,0,22,22
4479,63,47,1.30208333333333,0.96875,1,0,22,22
4480,64,47,1.32291666666667,0.96875,1,0,24,24
4481,65,47,1.34375,0.96875,1,0,12,12
4482,66,47,1.36458333333333,0.96875,1,0,26,26
4483,67,47,1.38541666666667,0.96875,1,0,22,22
4484,68,47,1.40625,0.96875,1,0,21,21
4485,69,47,1.42708333333333,0.96875,1,0,22,22
4486,70,47,1.44791666666667,0.96875,1,0,12,12
4487,71,47,1.46875,0.96875,1,0,22,22
4488,72,47,1.48958333333333,0.96875,1,0,26,26
4489,73,47,1.51041666666667,0.96875,1,0,16,16
4490,74,47,1.53125,0.96875,1,0,26,26
4491,75,47,1.55208333333333,0.96875,1,0,24,24
4492,76,47,1.57291666666667,0.96875,1,0,27,27
4493,77,47,1.59375,0.96875,1,0,23,23
4494,78,47,1.61458333333333,0.96875,1,0,18,18
4495,79,47,1.63541666666667,0.96875,1,0,23,23
4496,80,47,1.65625,0.96875,1,0,24,24
4497,81,47,1.67708333333333,0.96875,1,0,20,20
4498,82,47,1.69791666666667,0.96875,1,0,24,24
4499,83,47,1.71875,0.96875,1,0,18,18
4500,84,47,1.73958333333333,0.96875,1,0,23,23
4501,85,47,1.76041666666667,0.96875,1,0,12,12
4502,86,47,1.78125,0.96875,1,0,20,20
4503,87,47,1.80208333333333,0.96875,1,0,23,23
4504,88,47,1.82291666666667,0.96875,1,0,24,24
4505,89,47,1.84375,0.96875,1,0,27,27
4506,90,47,1.86458333333333,0.96875,1,0,18,18
4507,91,47,1.88541666666667,0.96875,1,0,33,33
4508,92,47,1.90625,0.96875,1,0,19,19
4509,93,47,1.92708333333333,0.96875,1,0,15,15
4510,94,47,1.94791666666667,0.96875,1,0,18,18
4511,95,47,1.96875,0.96875,1,0,20,20
4512,96,47,1.98958333333333,0.96875,1,0,17,17
4513,1,48,0.0104166666666667,0.989583333333333,1,0,22,22
4514,2,48,0.03125,0.989583333333333,1,0,16,16
4515,3,48,0.0520833333333333,0.989583333333333,1,0,25,25
4516,4,48,0.0729166666666667,0.989583333333333,1,0,17,17
4517,5,48,0.09375,0.989583333333333,1,0,24,24
4518,6,48,0.114583333333333,0.989583333333333,1,0,28,28
4519,7,48,0.135416666666667,0.989583333333333,1,0,31,31
4520,8,48,0.15625,0.989583333333333,1,0,32,32
4521,9,48,0.177083333333333,0.989583333333333,1,0,14,14
4522,10,48,0.197916666666667,0.989583333333333,1,0,28,28
4523,11,48,0.21875,0.989583333333333,1,0,20,20
4524,12,48,0.239583333333333,0.989583333333333,1,0,21,21
4525,13,48,0.260416666666667,0.989583333333333,1,0,25,25
4526,14,48,0.28125,0.989583333333333,1,0,27,27
4527,15,48,0.302083333333333,0.989583333333333,1,0,18,18
4528,16,48,0.322916666666667,0.989583333333333,1,0,17,17
4529,17,48,0.34375,0.989583333333333,1,0,16,16
4530,18,48,0.364583333333333,0.989583333333333,1,0,10,10
4531,19,48,0.385416666666667,0.989583333333333,1,0,19,19
4532,20,48,0.40625,0.989583333333333,1,0,23,23
4533,21,48,0.427083333333333,0.989583333333333,1,0,19,19
4534,22,48,0.447916666666667,0.989583333333333,1,0,11,11
4535,23,48,0.46875,0.989583333333333,1,0,13,13
4536,24,48,0.489583333333333,0.989583333333333,1,0,20,20
4537,25,48,0.510416666666667,0.989583333333333,1,0,18,18
4538,26,48,0.53125,0.989583333333333,1,0,18,18
4539,27,48,0.552083333333333,0.989583333333333,1,0,13,13
4540,28,48,0.572916666666667,0.989583333333333,1,0,17,17
4541,29,48,0.59375,0.989583333333333,1,0,19,19
4542,30,48,0.614583333333333,0.989583333333333,1,0,10,10
4543,31,48,0.635416666666667,0.989583333333333,1,0,22,22
4544,32,48,0.65625,0.989583333333333,1,0,7,7
4545,33,48,0.677083333333333,0.989583333333333,1,0,25,25
4546,34,48,0.697916666666667,0.989583333333333,1,0,26,26
4547,35,48,0.71875,0.989583333333333,1,0,28,28
4548,36,48,0.739583333333333,0.989583333333333,1,0,12,12
4549,37,48,0.760416666666667,0.989583333333333,1,0,14,14
4550,38,48,0.78125,0.989583333333333,1,0,20,20
4551,39,48,0.802083333333333,0.989583333333333,1,0,30,30
4552,40,48,0.822916666666667,0.989583333333333,1,0,19,19
4553,41,48,0.84375,0.989583333333333,1,0,16,16
4554,42,48,0.864583333333333,0.989583333333333,1,0,19,19
4555,43,48,0.885416666666667,0.989583333333333,1,0,21,21
4556,44,48,0.90625,0.989583333333333,1,0,13,13
4557,45,48,0.927083333333333,0.989583333333333,1,0,24,24
4558,46,48,0.947916666666667,0.989583333333333,1,0,26,26
4559,47,48,0.96875,0.989583333333333,1,0,23,23
4560,48,48,0.989583333333333,0.989583333333333,1,0,11,11
4561,49,48,1.01041666666667,0.989583333333333,1,0,20,20
4562,50,48,1.03125,0.989583333333333,1,0,21,21
4563,51,48,1.05208333333333,0.989583333333333,1,0,25,25
4564,52,48,1.07291666666667,0.989583333333333,1,0,16,16
4565,53,48,1.09375,0.989583333333333,1,0,5,5
4566,54,48,1.11458333333333,0.989583333333333,1,0,24,24
4567,55,48,1.13541666666667,0.989583333333333,1,0,15,15
4568,56,48,1.15625,0.989583333333333,1,0,8,8
4569,57,48,1.17708333333333,0.989583333333333,1,0,8,8
4570,58,48,1.19791666666667,0.989583333333333,1,0,24,24
4571,59,48,1.21875,0.989583333333333,1,0,25,25
4572,60,48,1.23958333333333,0.989583333333333,1,0,13,13
4573,61,48,1.26041666666667,0.989583333333333,1,0,13,13
4574,62,48,1.28125,0.989583333333333,1,0,11,11
4575,63,48,1.30208333333333,0.989583333333333,1,0,13,13
4576,64,48,1.32291666666667,0.989583333333333,1,0,24,24
4577,65,48,1.34375,0.989583333333333,1,0,9,9
4578,66,48,1.36458333333333,0.989583333333333,1,0,23,23
4579,67,48,1.38541666666667,0.989583333333333,1,0,16,16
4580,68,48,1.40625,0.989583333333333,1,0,24,24
4581,69,48,1.42708333333333,0.989583333333333,1,0,23,23
4582,70,48,1.44791666666667,0.989583333333333,1,0,26,26
4583,71,48,1.46875,0.989583333333333,1,0,22,22
4584,72,48,1.48958333333333,0.989583333333333,1,0,14,14
4585,73,48,1.51041666666667,0.989583333333333,1,0,24,24
4586,74,48,1.53125,0.989583333333333,1,0,31,31
4587,75,48,1.55208333333333,0.989583333333333,1,0,13,13
4588,76,48,1.57291666666667,0.989583333333333,1,0,21,21
4589,77,48,1.59375,0.989583333333333,1,0,11,11
4590,78,48,1.61458333333333,0.989583333333333,1,0,27,27
4591,79,48,1.63541666666667,0.989583333333333,1,0,13,13
4592,80,48,1.65625,0.989583333333333,1,0,23,23
4593,81,48,1.67708333333333,0.989583333333333,1,0,8,8
4594,82,48,1.69791666666667,0.989583333333333,1,0,20,20
4595,83,48,1.71875,0.989583333333333,1,0,8,8
4596,84,48,1.73958333333333,0.989583333333333,1,0,14,14
4597,85,48,1.76041666666667,0.989583333333333,1,0,24,24
4598,86,48,1.78125,0.989583333333333,1,0,24,24
4599,87,48,1.80208333333333,0.989583333333333,1,0,17,17
4600,88,48,1.82291666666667,0.989583333333333,1,0,16,16
4601,89,48,1.84375,0.989583333333333,1,0,15,15
4602,90,48,1.86458333333333,0.989583333333333,1,0,21,21
4603,91,48,1.88541666666667,0.989583333333333,1,0,16,16
4604,92,48,1.90625,0.989583333333333,1,0,15,15
4605,93,48,1.92708333333333,0.989583333333333,1,0,16,16
4606,94,48,1.94791666666667,0.989583333333333,1,0,16,16
4607,95,48,1.96875,0.989583333333333,1,0,9,9
4608,96,48,1.98958333333333,0.989583333333333,1,0,17,17
